# Blender 4.4.1
# www.blender.org
mtllib base.mtl
o 円柱.004
v -4.614412 11.404196 8.671527
v -4.614412 11.404190 -8.671533
v -4.614412 12.313541 8.671527
v -3.615631 11.404196 8.671527
v -4.614412 11.404196 9.641994
v -4.614412 12.313541 9.641994
v -3.615631 11.404196 9.641994
v -3.615631 12.313541 9.641994
v 3.731287 11.404195 9.641994
v 3.731287 12.313541 9.641994
v 3.731287 11.404195 8.671527
v 4.730420 11.404196 9.641994
v 4.730420 12.313541 9.641994
v 4.730420 11.404196 8.671527
v 4.730420 12.313541 8.671527
v 3.731287 12.313541 8.671527
v -3.615631 12.313541 8.671527
v -3.615631 12.313535 -8.671533
v -4.614412 12.313535 -8.671533
v -3.615631 11.404190 -8.671533
v -3.615631 12.313535 -9.626317
v 3.722669 12.313535 -8.671533
v 3.722669 11.404189 -8.671533
v 3.722669 12.313535 -9.626317
v 4.743211 12.313535 -8.671533
v 3.722669 12.313541 8.674948
v 3.722669 11.404195 8.674948
v 4.743211 12.313541 8.674948
v 4.743211 11.404196 8.674948
v 4.743211 11.404190 -8.671533
v 4.743211 11.404190 -9.626317
v 4.743211 12.313535 -9.626317
v 3.722669 11.404189 -9.626317
v -3.615631 11.404190 -9.626317
v -4.614412 11.404190 -9.626317
v -4.614412 12.313535 -9.626317
v -3.754681 11.620347 8.657882
v -3.754681 11.620341 -8.657888
v -3.754681 11.698226 8.657882
v 3.754683 11.620346 8.657882
v 3.754683 11.620340 -8.657888
v 3.754683 11.698226 8.657882
v 3.754683 11.698220 -8.657888
v -3.754681 11.698220 -8.657888
v -10.177397 -11.462893 10.177398
v -11.462893 -10.177392 10.177398
v -10.177395 -10.177392 11.462898
v -10.177397 -11.462899 -10.177392
v 10.177395 -11.462892 10.177398
v 10.177395 -10.177392 11.462898
v 11.462896 -10.177392 10.177398
v 10.177395 -11.462898 -10.177392
v 11.462896 -10.177398 -10.177392
v 10.177395 -10.177398 -11.462892
v -10.177395 -10.177398 -11.462892
v 10.177395 10.177392 -11.462898
v 10.177395 11.462892 -10.177398
v 11.462895 10.177392 -10.177398
v -10.177395 10.177392 -11.462898
v -10.177393 11.462892 -10.177398
v -11.462898 10.177392 -10.177398
v -11.462898 10.177398 10.177392
v -11.462893 -10.177398 -10.177392
v -10.177395 10.177398 11.462892
v -10.177393 11.462898 10.177392
v 10.177395 11.462898 10.177392
v 11.462895 10.177398 10.177392
v 10.177395 10.177398 11.462892
v 18.341087 0.003431 -1.827221
v 18.341087 0.359904 -1.792112
v 18.341087 -0.353046 -1.792112
v 18.341087 0.003431 -2.145512
v 18.341087 0.003431 -1.827221
v 18.341087 0.359904 -1.792112
v 18.341087 -0.353046 -1.792112
v 13.483309 0.003427 -2.944013
v 11.885221 0.003427 -3.048670
v 13.483309 0.577772 -2.887444
v 13.483309 -0.570918 -2.887444
v 13.483309 -1.123202 -2.719913
v 11.885221 -0.591342 -2.990091
v 11.885221 -1.163244 -2.816600
v 11.046595 -0.452700 -2.293144
v 11.046595 -0.891319 -2.160090
v 10.486223 -0.245230 -1.250090
v 11.046595 0.003427 -2.338069
v 11.046595 0.459564 -2.293144
v 10.486223 0.003427 -1.274580
v 10.486223 0.252094 -1.250089
v 10.289480 0.003427 -0.020109
v 10.289480 0.007356 -0.019723
v 10.289480 -0.000497 -0.019723
v 10.289480 -0.004279 -0.018574
v 10.486223 -0.484338 -1.177552
v 10.289480 -0.007727 -0.016733
v 10.486223 -0.704682 -1.059786
v 10.289480 -0.010789 -0.014216
v 10.486223 -0.897834 -0.901262
v 10.289480 -0.013297 -0.011160
v 10.486223 -1.056336 -0.708108
v 10.289480 -0.015154 -0.007699
v 10.486223 -1.174118 -0.487759
v 10.289480 -0.016282 -0.003932
v 10.486223 -1.246651 -0.248664
v 10.289480 -0.016676 0.000000
v 10.486223 -1.271141 0.000000
v 10.289480 -0.016282 0.003932
v 10.486223 -1.246651 0.248663
v 10.289480 -0.015154 0.007699
v 10.486223 -1.174118 0.487759
v 10.289480 -0.013297 0.011159
v 10.486223 -1.056350 0.708107
v 10.289480 -0.010789 0.014215
v 10.486223 -0.897834 0.901262
v 10.289480 -0.007727 0.016732
v 10.486223 -0.704682 1.059785
v 10.289480 -0.004279 0.018573
v 10.486223 -0.484338 1.177552
v 10.289480 -0.000497 0.019722
v 10.486223 -0.245230 1.250089
v 10.289480 0.003427 0.020109
v 10.486223 0.003427 1.274580
v 10.289480 0.007356 0.019722
v 10.486223 0.252094 1.250088
v 10.289480 0.011125 0.018579
v 10.486223 0.491193 1.177559
v 10.289480 0.014609 0.016721
v 10.486223 0.711550 1.059774
v 10.289480 0.017649 0.014217
v 10.486223 0.904693 0.901263
v 10.289480 0.020152 0.011174
v 10.486223 1.063196 0.708115
v 10.289480 0.022013 0.007679
v 10.486223 1.180996 0.487751
v 10.289480 0.023155 0.003932
v 10.486223 1.253519 0.248663
v 10.289480 0.023540 -0.000000
v 10.486223 1.278005 -0.000000
v 10.289480 0.023155 -0.003933
v 10.486223 1.253519 -0.248664
v 10.289480 0.022013 -0.007680
v 10.486223 1.180996 -0.487751
v 10.289480 0.020152 -0.011175
v 10.486223 1.063196 -0.708116
v 10.289480 0.017649 -0.014218
v 10.486223 0.904693 -0.901264
v 10.289480 0.014609 -0.016721
v 10.486223 0.711550 -1.059775
v 10.289480 0.011125 -0.018579
v 10.486223 0.491193 -1.177560
v 11.046595 0.898179 -2.160094
v 11.885221 1.170103 -2.816603
v 11.046595 1.302386 -1.944034
v 11.885221 1.697181 -2.534876
v 11.046595 1.656700 -1.653264
v 11.885221 2.159168 -2.155735
v 11.046595 1.947462 -1.298959
v 11.885221 2.538298 -1.693747
v 11.046595 2.163532 -0.894736
v 11.885221 2.820037 -1.166674
v 11.046595 2.296572 -0.456137
v 11.885221 2.993517 -0.594767
v 11.046595 2.341496 -0.000000
v 11.885221 3.052090 -0.000000
v 11.046595 2.296572 0.456137
v 11.885221 2.993517 0.594766
v 11.046595 2.163532 0.894736
v 11.885221 2.820037 1.166674
v 11.046595 1.947462 1.298958
v 11.885221 2.538298 1.693746
v 11.046595 1.656700 1.653263
v 11.885221 2.159168 2.155734
v 11.046595 1.302386 1.944033
v 11.885221 1.697181 2.534875
v 11.046595 0.898179 2.160093
v 11.885221 1.170103 2.816603
v 11.046595 0.459564 2.293143
v 11.885221 0.598201 2.990089
v 11.046595 0.003427 2.338068
v 11.885221 0.003427 3.048669
v 11.046595 -0.452700 2.293143
v 11.885221 -0.591342 2.990090
v 11.046595 -0.891319 2.160090
v 11.885221 -1.163244 2.816600
v 11.046595 -1.295531 1.944041
v 11.885221 -1.690322 2.534879
v 11.046595 -1.649840 1.653263
v 11.885221 -2.152304 2.155734
v 11.046595 -1.940612 1.298955
v 11.885221 -2.531443 1.693745
v 11.046595 -2.156651 0.894738
v 11.885221 -2.813160 1.166673
v 11.046595 -2.289708 0.456137
v 11.885221 -2.986659 0.594766
v 11.046595 -2.334637 0.000000
v 11.885221 -3.045235 0.000000
v 11.046595 -2.289708 -0.456137
v 11.885221 -2.986659 -0.594767
v 11.046595 -2.156651 -0.894739
v 11.885221 -2.813160 -1.166673
v 11.046595 -1.940612 -1.298956
v 11.885221 -2.531443 -1.693745
v 11.046595 -1.649840 -1.653264
v 11.885221 -2.152304 -2.155735
v 11.046595 -1.295531 -1.944041
v 11.885221 -1.690322 -2.534880
v 13.483309 -1.632176 -2.447857
v 13.483309 -2.078300 -2.081731
v 18.341087 -1.011720 -1.519279
v 18.341087 -1.288609 -1.292041
v 18.341087 -0.695820 -1.688132
v 18.341087 -1.011720 -1.519279
v 18.341087 -1.288609 -1.292041
v 18.341087 -0.695820 -1.688132
v 18.341087 -1.188551 -1.783928
v 18.341087 -1.513675 -1.517106
v 19.009819 -1.188551 -1.783928
v 18.341087 -0.817619 -1.982194
v 19.009819 -0.817619 -1.982194
v 18.341087 -0.415140 -2.104286
v 19.009819 -0.415140 -2.104286
v 19.009819 0.003431 -2.145512
v 19.009819 -0.314706 -1.599385
v 19.009819 -0.620615 -1.506588
v 19.009819 0.003431 -1.630718
v 14.276357 -0.314705 -1.599378
v 14.276357 -0.620615 -1.506581
v 14.276357 0.003432 -1.630712
v 14.276357 0.321568 -1.599378
v 14.276357 0.627478 -1.506581
v 19.009819 0.321568 -1.599385
v 19.009819 0.627478 -1.506588
v 19.009819 0.422002 -2.104286
v 18.341087 0.422002 -2.104286
v 19.009819 0.824481 -1.982194
v 18.341087 0.824481 -1.982194
v 19.009819 1.195414 -1.783928
v 18.341087 1.195414 -1.783928
v 19.009819 1.520537 -1.517106
v 19.009819 0.909410 -1.355893
v 19.009819 1.156523 -1.153092
v 14.276357 0.909411 -1.355886
v 14.276357 1.156523 -1.153086
v 14.276357 1.359321 -0.905974
v 14.276357 1.510016 -0.624044
v 19.009819 1.359321 -0.905980
v 19.009819 1.510016 -0.624051
v 19.009819 1.787359 -1.191983
v 18.341087 1.787359 -1.191983
v 19.009819 1.985623 -0.821052
v 18.341087 1.985623 -0.821052
v 19.009819 2.107715 -0.418569
v 18.341087 2.107715 -0.418569
v 19.009819 2.148944 -0.000000
v 19.009819 1.602812 -0.318136
v 19.009819 1.634152 -0.000000
v 14.276357 1.602812 -0.318130
v 14.276357 1.634152 0.000006
v 14.276357 1.602812 0.318141
v 14.276357 1.510016 0.624056
v 19.009819 1.602812 0.318135
v 19.009819 1.510016 0.624050
v 19.009819 2.107715 0.418568
v 18.341087 2.107715 0.418568
v 19.009819 1.985623 0.821051
v 18.341087 1.985623 0.821051
v 19.009819 1.787359 1.191982
v 18.341087 1.787359 1.191982
v 19.009819 1.520537 1.517105
v 19.009819 1.359321 0.905979
v 19.009819 1.156523 1.153092
v 14.276357 1.359321 0.905986
v 14.276357 1.156523 1.153098
v 14.276357 0.909411 1.355898
v 14.276357 0.627478 1.506593
v 19.009819 0.909410 1.355892
v 19.009819 0.627478 1.506587
v 19.009819 1.195414 1.783927
v 18.341087 1.195414 1.783927
v 19.009819 0.824481 1.982194
v 18.341087 0.824481 1.982194
v 19.009819 0.422002 2.104285
v 18.341087 0.422002 2.104285
v 19.009819 0.003431 2.145511
v 19.009819 0.321568 1.599384
v 19.009819 0.003431 1.630718
v 14.276357 0.321568 1.599390
v 14.276357 0.003432 1.630724
v 14.276357 -0.314705 1.599390
v 14.276357 -0.620615 1.506593
v 19.009819 -0.314706 1.599384
v 19.009819 -0.620615 1.506587
v 19.009819 -0.415140 2.104285
v 18.341087 -0.415140 2.104285
v 19.009819 -0.817619 1.982194
v 18.341087 -0.817619 1.982194
v 19.009819 -1.188551 1.783927
v 18.341087 -1.188551 1.783927
v 19.009819 -1.513675 1.517105
v 19.009819 -0.902548 1.355892
v 19.009819 -1.149660 1.153092
v 14.276357 -0.902547 1.355898
v 14.276357 -1.149660 1.153098
v 14.276357 -1.352463 0.905984
v 14.276357 -1.503157 0.624054
v 19.009819 -1.352463 0.905977
v 19.009819 -1.503158 0.624048
v 19.009819 -1.780496 1.191982
v 18.341087 -1.780496 1.191982
v 19.009819 -1.978765 0.821051
v 18.341087 -1.978765 0.821051
v 19.009819 -2.100857 0.418568
v 18.341087 -2.100857 0.418568
v 19.009819 -2.142081 0.000000
v 19.009819 -1.595954 0.318138
v 19.009819 -1.627290 0.000000
v 14.276357 -1.595954 0.318144
v 14.276357 -1.627289 0.000006
v 14.276357 -1.595954 -0.318132
v 14.276357 -1.503157 -0.624042
v 19.009819 -1.595954 -0.318138
v 19.009819 -1.503158 -0.624048
v 19.009819 -2.100857 -0.418569
v 18.341087 -2.100857 -0.418569
v 19.009819 -1.978765 -0.821052
v 18.341087 -1.978765 -0.821052
v 19.009819 -1.780496 -1.191983
v 18.341087 -1.780496 -1.191983
v 19.009819 -1.513675 -1.517106
v 19.009819 -1.352463 -0.905978
v 19.009819 -1.149660 -1.153092
v 14.276357 -1.352463 -0.905972
v 14.276357 -1.149660 -1.153086
v 14.276357 -0.902547 -1.355886
v 19.009819 -0.902548 -1.355892
v 18.341087 -1.515848 -1.015150
v 18.341087 -1.684702 -0.699248
v 18.341087 -1.515848 -1.015150
v 18.341087 -1.684702 -0.699248
v 13.483309 -2.444428 -1.635606
v 13.483309 -2.716476 -1.126625
v 13.483309 -2.884015 -0.574349
v 13.483309 -2.940584 0.000000
v 18.341087 -1.788680 -0.356474
v 18.341087 -1.823788 0.000000
v 18.341087 -1.788680 -0.356474
v 18.341087 -1.823788 0.000000
v 18.341087 -1.788680 0.356473
v 18.341087 -2.142081 0.000000
v 18.341087 -1.684702 0.699247
v 18.341087 -1.788680 0.356473
v 18.341087 -1.684702 0.699247
v 13.483309 -2.884015 0.574348
v 13.483309 -2.716476 1.126624
v 13.483309 -2.444428 1.635605
v 13.483309 -2.078300 2.081730
v 18.341087 -1.515848 1.015149
v 18.341087 -1.288609 1.292040
v 18.341087 -1.515848 1.015149
v 18.341087 -1.288609 1.292040
v 18.341087 -1.011720 1.519278
v 18.341087 -1.513675 1.517105
v 18.341087 -0.695820 1.688132
v 18.341087 -1.011720 1.519278
v 18.341087 -0.695820 1.688132
v 13.483309 -1.632176 2.447856
v 13.483309 -1.123202 2.719912
v 13.483309 -0.570918 2.887444
v 13.483309 0.003427 2.944012
v 18.341087 -0.353046 1.792111
v 18.341087 0.003431 1.827221
v 18.341087 -0.353046 1.792111
v 18.341087 0.003431 1.827221
v 18.341087 0.359904 1.792111
v 18.341087 0.003431 2.145511
v 18.341087 0.702678 1.688132
v 18.341087 0.359904 1.792111
v 18.341087 0.702678 1.688132
v 13.483309 0.577772 2.887444
v 13.483310 1.130057 2.719912
v 13.483310 1.639030 2.447856
v 13.483310 2.085159 2.081730
v 18.341087 1.018578 1.519278
v 18.341087 1.295467 1.292040
v 18.341087 1.018578 1.519278
v 18.341087 1.295467 1.292040
v 18.341087 1.522711 1.015149
v 18.341087 1.520537 1.517105
v 18.341087 1.691565 0.699247
v 18.341087 1.522711 1.015149
v 18.341087 1.691565 0.699247
v 13.483310 2.451283 1.635605
v 13.483310 2.723340 1.126624
v 13.483310 2.890874 0.574348
v 13.483310 2.947443 -0.000000
v 18.341087 1.795543 0.356473
v 18.341087 1.830651 -0.000000
v 18.341087 1.795543 0.356473
v 18.341087 1.830651 -0.000000
v 18.341087 1.795543 -0.356474
v 18.341087 2.148944 -0.000000
v 18.341087 1.691565 -0.699248
v 18.341087 1.795543 -0.356474
v 18.341087 1.691565 -0.699248
v 13.483310 2.890874 -0.574349
v 13.483310 2.723340 -1.126625
v 13.483310 2.451283 -1.635606
v 13.483310 2.085159 -2.081731
v 18.341087 1.522711 -1.015150
v 18.341087 1.295467 -1.292041
v 18.341087 1.522711 -1.015150
v 18.341087 1.295467 -1.292041
v 18.341087 1.018578 -1.519279
v 18.341087 1.520537 -1.517106
v 18.341087 0.702678 -1.688132
v 18.341087 1.018578 -1.519279
v 18.341087 0.702678 -1.688132
v 13.483310 1.639030 -2.447857
v 13.483310 1.130057 -2.719913
v 11.885221 0.598201 -2.990090
v 2.434749 11.897492 -0.120581
v 2.457087 11.897492 -0.118264
v 2.434749 12.268219 -0.120581
v 2.412410 11.897492 -0.118264
v 2.390929 11.897492 -0.111403
v 2.412410 12.268219 -0.118264
v 2.390929 12.268219 -0.111403
v 2.371133 12.268219 -0.100260
v 2.353782 12.268219 -0.085264
v 2.371133 11.897492 -0.100260
v 2.353782 11.897492 -0.085264
v 2.339541 11.897492 -0.066993
v 2.328960 11.897492 -0.046146
v 2.339541 12.268219 -0.066993
v 2.328960 12.268219 -0.046146
v 2.322445 12.268219 -0.023527
v 2.320244 12.268219 -0.000003
v 2.322445 11.897492 -0.023527
v 2.320244 11.897492 -0.000003
v 2.322445 11.897492 0.023521
v 2.328960 11.897492 0.046140
v 2.322445 12.268219 0.023521
v 2.328960 12.268219 0.046140
v 2.339541 12.268219 0.066987
v 2.353782 12.268219 0.085258
v 2.339541 11.897492 0.066987
v 2.353782 11.897492 0.085258
v 2.371133 11.897492 0.100254
v 2.390929 11.897492 0.111397
v 2.371133 12.268219 0.100254
v 2.390929 12.268219 0.111397
v 2.412410 12.268219 0.118258
v 2.434749 12.268219 0.120575
v 2.412410 11.897492 0.118258
v 2.434749 11.897492 0.120575
v 2.457087 11.897492 0.118258
v 2.478567 11.897492 0.111397
v 2.457087 12.268219 0.118258
v 2.478567 12.268219 0.111397
v 2.498363 12.268219 0.100254
v 2.515715 12.268219 0.085258
v 2.498363 11.897492 0.100254
v 2.515715 11.897492 0.085258
v 2.529955 11.897492 0.066987
v 2.540536 11.897492 0.046140
v 2.529955 12.268219 0.066987
v 2.540536 12.268219 0.046140
v 2.547051 12.268219 0.023521
v 2.549253 12.268219 -0.000003
v 2.547051 11.897492 0.023521
v 2.549253 11.897492 -0.000003
v 2.547051 11.897492 -0.023527
v 2.540536 11.897492 -0.046146
v 2.547051 12.268219 -0.023527
v 2.540536 12.268219 -0.046146
v 2.529955 12.268219 -0.066993
v 2.515715 12.268219 -0.085264
v 2.529955 11.897492 -0.066993
v 2.515715 11.897492 -0.085264
v 2.498363 11.897492 -0.100260
v 2.478567 11.897492 -0.111403
v 2.498363 12.268219 -0.100260
v 2.478567 12.268219 -0.111403
v 2.457087 12.268219 -0.118264
v 2.434749 12.741108 -0.165132
v 2.466963 12.741108 -0.161959
v 2.434749 12.768574 -0.113745
v 2.434749 12.704144 -0.210172
v 2.402534 12.741108 -0.161958
v 2.412558 12.768574 -0.111560
v 2.393746 12.704144 -0.206133
v 2.371557 12.741108 -0.152562
v 2.391221 12.768574 -0.105087
v 2.354320 12.704144 -0.194174
v 2.343008 12.741108 -0.137302
v 2.371555 12.768574 -0.094576
v 2.317986 12.704144 -0.174752
v 2.317986 12.741108 -0.116766
v 2.354320 12.768574 -0.080431
v 2.286136 12.704144 -0.148615
v 2.297448 12.741108 -0.091743
v 2.340175 12.768574 -0.063195
v 2.259999 12.704144 -0.116766
v 2.282190 12.741108 -0.063195
v 2.329664 12.768574 -0.043530
v 2.240578 12.704144 -0.080431
v 2.272793 12.741108 -0.032218
v 2.323191 12.768574 -0.022193
v 2.228618 12.704144 -0.041005
v 2.269620 12.741108 -0.000003
v 2.321005 12.768574 -0.000003
v 2.224579 12.704144 -0.000003
v 2.272793 12.741108 0.032212
v 2.323191 12.768574 0.022187
v 2.228618 12.704144 0.040999
v 2.282190 12.741108 0.063189
v 2.329664 12.768574 0.043524
v 2.240578 12.704144 0.080425
v 2.297448 12.741108 0.091737
v 2.340175 12.768574 0.063189
v 2.259999 12.704144 0.116760
v 2.317986 12.741108 0.116760
v 2.354320 12.768574 0.080425
v 2.286136 12.704144 0.148609
v 2.343008 12.741108 0.137296
v 2.371555 12.768574 0.094570
v 2.317986 12.704144 0.174746
v 2.371555 12.741108 0.152556
v 2.391221 12.768574 0.105081
v 2.354320 12.704144 0.194168
v 2.402534 12.741108 0.161953
v 2.412558 12.768574 0.111554
v 2.393746 12.704144 0.206127
v 2.434749 12.741108 0.165125
v 2.434749 12.768574 0.113739
v 2.434749 12.704144 0.210166
v 2.466963 12.741108 0.161953
v 2.456939 12.768574 0.111554
v 2.475750 12.704144 0.206127
v 2.497939 12.741108 0.152556
v 2.478275 12.768574 0.105081
v 2.515177 12.704144 0.194168
v 2.526489 12.741108 0.137296
v 2.497939 12.768574 0.094570
v 2.551512 12.704144 0.174746
v 2.551512 12.741108 0.116760
v 2.515177 12.768574 0.080425
v 2.583361 12.704144 0.148609
v 2.572048 12.741108 0.091737
v 2.529322 12.768574 0.063189
v 2.609497 12.704144 0.116760
v 2.587307 12.741108 0.063189
v 2.539832 12.768574 0.043524
v 2.628919 12.704144 0.080425
v 2.596704 12.741108 0.032212
v 2.546306 12.768574 0.022187
v 2.640879 12.704144 0.040999
v 2.599876 12.741108 -0.000003
v 2.548491 12.768574 -0.000003
v 2.644917 12.704144 -0.000003
v 2.596704 12.741108 -0.032218
v 2.546306 12.768574 -0.022193
v 2.640879 12.704144 -0.041005
v 2.587307 12.741108 -0.063195
v 2.539832 12.768574 -0.043530
v 2.628919 12.704144 -0.080431
v 2.572048 12.741108 -0.091743
v 2.529322 12.768574 -0.063195
v 2.609497 12.704144 -0.116767
v 2.551512 12.741108 -0.116766
v 2.515177 12.768574 -0.080431
v 2.583361 12.704144 -0.148615
v 2.526489 12.741108 -0.137302
v 2.497939 12.768574 -0.094576
v 2.551512 12.704144 -0.174752
v 2.497939 12.741108 -0.152562
v 2.478275 12.768574 -0.105087
v 2.515177 12.704144 -0.194174
v 2.529322 12.659103 -0.228323
v 2.475750 12.704144 -0.206133
v 2.482962 12.659103 -0.242387
v 2.488320 12.607718 -0.269325
v 2.434749 12.659103 -0.247135
v 2.434749 12.607718 -0.274602
v 2.386535 12.659103 -0.242387
v 2.381176 12.607718 -0.269325
v 2.340175 12.659103 -0.228323
v 2.329664 12.607718 -0.253699
v 2.297448 12.659103 -0.205486
v 2.282190 12.607718 -0.228323
v 2.259999 12.659103 -0.174752
v 2.240578 12.607718 -0.194174
v 2.229266 12.659103 -0.137302
v 2.206428 12.607718 -0.152562
v 2.206428 12.659103 -0.094576
v 2.181052 12.607718 -0.105087
v 2.192365 12.659103 -0.048216
v 2.165425 12.607718 -0.053575
v 2.187616 12.659103 -0.000003
v 2.160150 12.607718 -0.000003
v 2.192365 12.659103 0.048210
v 2.165425 12.607718 0.053569
v 2.206428 12.659103 0.094570
v 2.181052 12.607718 0.105081
v 2.229266 12.659103 0.137296
v 2.206428 12.607718 0.152556
v 2.259999 12.659103 0.174746
v 2.240578 12.607718 0.194168
v 2.297448 12.659103 0.205480
v 2.282190 12.607718 0.228317
v 2.340175 12.659103 0.228317
v 2.329664 12.607718 0.253693
v 2.386535 12.659103 0.242381
v 2.381176 12.607718 0.269319
v 2.434749 12.659103 0.247129
v 2.434749 12.607718 0.274596
v 2.482962 12.659103 0.242381
v 2.488320 12.607718 0.269319
v 2.529322 12.659103 0.228317
v 2.539832 12.607718 0.253693
v 2.572048 12.659103 0.205480
v 2.587307 12.607718 0.228317
v 2.609497 12.659103 0.174746
v 2.628919 12.607718 0.194168
v 2.640231 12.659103 0.137296
v 2.663069 12.607718 0.152556
v 2.663069 12.659103 0.094570
v 2.688444 12.607718 0.105081
v 2.677132 12.659103 0.048210
v 2.704071 12.607718 0.053569
v 2.681880 12.659103 -0.000003
v 2.709347 12.607718 -0.000003
v 2.677132 12.659103 -0.048216
v 2.704071 12.607718 -0.053575
v 2.663069 12.659103 -0.094576
v 2.688444 12.607718 -0.105087
v 2.640231 12.659103 -0.137302
v 2.663069 12.607718 -0.152562
v 2.609497 12.659103 -0.174752
v 2.628919 12.607718 -0.194174
v 2.572048 12.659103 -0.205486
v 2.587307 12.607718 -0.228323
v 2.596704 12.551960 -0.242387
v 2.539832 12.607718 -0.253699
v 2.546306 12.551960 -0.269325
v 2.548491 12.493976 -0.274602
v 2.491620 12.551960 -0.285914
v 2.492734 12.493976 -0.291515
v 2.434749 12.551960 -0.291515
v 2.434749 12.493976 -0.297227
v 2.377876 12.551960 -0.285914
v 2.376762 12.493976 -0.291515
v 2.323191 12.551960 -0.269325
v 2.321006 12.493976 -0.274601
v 2.272793 12.551960 -0.242387
v 2.269620 12.493976 -0.247135
v 2.228618 12.551960 -0.206133
v 2.224580 12.493976 -0.210172
v 2.192365 12.551960 -0.161959
v 2.187616 12.493976 -0.165131
v 2.165425 12.551960 -0.111560
v 2.160150 12.493976 -0.113746
v 2.148837 12.551960 -0.056874
v 2.143236 12.493976 -0.057989
v 2.143236 12.551960 -0.000003
v 2.137526 12.493976 -0.000003
v 2.148837 12.551960 0.056868
v 2.143236 12.493976 0.057982
v 2.165425 12.551960 0.111554
v 2.160150 12.493976 0.113739
v 2.192365 12.551960 0.161953
v 2.187616 12.493976 0.165125
v 2.228618 12.551960 0.206127
v 2.224579 12.493976 0.210166
v 2.272793 12.551960 0.242381
v 2.269620 12.493976 0.247129
v 2.323191 12.551960 0.269319
v 2.321005 12.493976 0.274595
v 2.377876 12.551960 0.285908
v 2.376762 12.493976 0.291509
v 2.434749 12.551960 0.291509
v 2.434749 12.493976 0.297220
v 2.491620 12.551960 0.285908
v 2.492734 12.493976 0.291509
v 2.546306 12.551960 0.269319
v 2.548491 12.493976 0.274596
v 2.596704 12.551960 0.242381
v 2.599876 12.493976 0.247129
v 2.640879 12.551961 0.206127
v 2.644917 12.493976 0.210166
v 2.677132 12.551961 0.161953
v 2.681880 12.493976 0.165126
v 2.704071 12.551961 0.111554
v 2.709347 12.493976 0.113740
v 2.720659 12.551961 0.056868
v 2.726260 12.493976 0.057982
v 2.726260 12.551961 -0.000003
v 2.731972 12.493976 -0.000003
v 2.720659 12.551961 -0.056874
v 2.726260 12.493976 -0.057988
v 2.704071 12.551961 -0.111560
v 2.709347 12.493976 -0.113745
v 2.677132 12.551961 -0.161959
v 2.681880 12.493976 -0.165131
v 2.640879 12.551961 -0.206133
v 2.644917 12.493976 -0.210172
v 2.640879 12.435990 -0.206133
v 2.599876 12.493976 -0.247135
v 2.596704 12.435990 -0.242387
v 2.587307 12.380233 -0.228323
v 2.546306 12.435990 -0.269325
v 2.539832 12.380233 -0.253699
v 2.491620 12.435990 -0.285914
v 2.488320 12.380233 -0.269325
v 2.434749 12.435990 -0.291515
v 2.434749 12.380233 -0.274602
v 2.377876 12.435990 -0.285914
v 2.381176 12.380233 -0.269325
v 2.323191 12.435990 -0.269325
v 2.329664 12.380233 -0.253699
v 2.272793 12.435990 -0.242387
v 2.282190 12.380233 -0.228323
v 2.228618 12.435990 -0.206133
v 2.240578 12.380233 -0.194174
v 2.192365 12.435990 -0.161959
v 2.206428 12.380233 -0.152562
v 2.165425 12.435990 -0.111560
v 2.181052 12.380233 -0.105087
v 2.148837 12.435990 -0.056874
v 2.165425 12.380233 -0.053575
v 2.143236 12.435990 -0.000003
v 2.160150 12.380233 -0.000003
v 2.148837 12.435990 0.056868
v 2.165425 12.380233 0.053569
v 2.165425 12.435990 0.111554
v 2.181052 12.380233 0.105081
v 2.192365 12.435990 0.161953
v 2.206428 12.380233 0.152556
v 2.228618 12.435990 0.206127
v 2.240578 12.380233 0.194168
v 2.272793 12.435990 0.242381
v 2.282190 12.380233 0.228317
v 2.323191 12.435990 0.269319
v 2.329664 12.380233 0.253693
v 2.377876 12.435990 0.285908
v 2.381176 12.380233 0.269319
v 2.434749 12.435990 0.291509
v 2.434749 12.380233 0.274596
v 2.491620 12.435990 0.285908
v 2.488320 12.380233 0.269319
v 2.546306 12.435990 0.269319
v 2.539832 12.380233 0.253693
v 2.596704 12.435990 0.242381
v 2.587307 12.380233 0.228317
v 2.640879 12.435990 0.206127
v 2.628919 12.380233 0.194168
v 2.677132 12.435990 0.161953
v 2.663069 12.380233 0.152556
v 2.704071 12.435990 0.111554
v 2.688444 12.380233 0.105081
v 2.720659 12.435990 0.056868
v 2.704071 12.380233 0.053569
v 2.726260 12.435990 -0.000003
v 2.709347 12.380233 -0.000003
v 2.720659 12.435990 -0.056874
v 2.704071 12.380233 -0.053575
v 2.704071 12.435990 -0.111560
v 2.688444 12.380233 -0.105087
v 2.677132 12.435990 -0.161959
v 2.663069 12.380233 -0.152562
v 2.640231 12.328846 -0.137302
v 2.628919 12.380233 -0.194174
v 2.609497 12.328846 -0.174752
v 2.583361 12.283807 -0.148615
v 2.572048 12.328846 -0.205486
v 2.551512 12.283807 -0.174752
v 2.529322 12.328846 -0.228323
v 2.515177 12.283807 -0.194174
v 2.482962 12.328846 -0.242387
v 2.475750 12.283807 -0.206133
v 2.434749 12.328846 -0.247135
v 2.434749 12.283807 -0.210172
v 2.386535 12.328846 -0.242387
v 2.393746 12.283807 -0.206133
v 2.340175 12.328846 -0.228323
v 2.354320 12.283807 -0.194174
v 2.297448 12.328846 -0.205486
v 2.317986 12.283807 -0.174752
v 2.259999 12.328846 -0.174752
v 2.286136 12.283807 -0.148615
v 2.229266 12.328846 -0.137302
v 2.259999 12.283807 -0.116766
v 2.206428 12.328846 -0.094576
v 2.240578 12.283807 -0.080431
v 2.192365 12.328846 -0.048216
v 2.228618 12.283807 -0.041005
v 2.187616 12.328846 -0.000003
v 2.224579 12.283807 -0.000003
v 2.192365 12.328846 0.048210
v 2.228618 12.283807 0.040999
v 2.206428 12.328846 0.094570
v 2.240578 12.283807 0.080425
v 2.229266 12.328846 0.137296
v 2.259999 12.283807 0.116760
v 2.259999 12.328846 0.174746
v 2.286136 12.283807 0.148609
v 2.297448 12.328846 0.205480
v 2.317986 12.283807 0.174746
v 2.340175 12.328846 0.228317
v 2.354320 12.283807 0.194168
v 2.386535 12.328846 0.242381
v 2.393746 12.283807 0.206127
v 2.434749 12.328846 0.247129
v 2.434749 12.283807 0.210166
v 2.482962 12.328846 0.242381
v 2.475750 12.283807 0.206127
v 2.529322 12.328846 0.228317
v 2.515177 12.283807 0.194168
v 2.572048 12.328846 0.205480
v 2.551512 12.283807 0.174746
v 2.609497 12.328846 0.174746
v 2.583361 12.283807 0.148609
v 2.640231 12.328846 0.137296
v 2.609497 12.283807 0.116760
v 2.663069 12.328846 0.094570
v 2.628919 12.283807 0.080425
v 2.677132 12.328846 0.048210
v 2.640879 12.283807 0.040999
v 2.681880 12.328846 -0.000003
v 2.644917 12.283807 -0.000003
v 2.677132 12.328846 -0.048216
v 2.640879 12.283807 -0.041005
v 2.663069 12.328846 -0.094576
v 2.628919 12.283807 -0.080431
v 2.587307 12.246842 -0.063195
v 2.609497 12.283807 -0.116767
v 2.572048 12.246842 -0.091743
v 2.529322 12.219377 -0.063195
v 2.551512 12.246842 -0.116766
v 2.515177 12.219377 -0.080431
v 2.526489 12.246842 -0.137302
v 2.497941 12.219377 -0.094576
v 2.497941 12.246842 -0.152562
v 2.478275 12.219377 -0.105087
v 2.466963 12.246842 -0.161959
v 2.456939 12.219377 -0.111560
v 2.434749 12.246842 -0.165131
v 2.434749 12.219377 -0.113745
v 2.402534 12.246842 -0.161958
v 2.412558 12.219377 -0.111560
v 2.371557 12.246842 -0.152562
v 2.391221 12.219377 -0.105087
v 2.343008 12.246842 -0.137302
v 2.371557 12.219377 -0.094576
v 2.317986 12.246842 -0.116766
v 2.354320 12.219377 -0.080431
v 2.297448 12.246842 -0.091743
v 2.340175 12.219377 -0.063195
v 2.282190 12.246842 -0.063195
v 2.329664 12.219377 -0.043530
v 2.272793 12.246842 -0.032218
v 2.323191 12.219377 -0.022193
v 2.269620 12.246842 -0.000003
v 2.321006 12.219377 -0.000003
v 2.272793 12.246842 0.032212
v 2.323191 12.219377 0.022187
v 2.282190 12.246842 0.063189
v 2.329664 12.219377 0.043524
v 2.297448 12.246842 0.091737
v 2.340175 12.219377 0.063189
v 2.317986 12.246842 0.116760
v 2.354320 12.219377 0.080425
v 2.343008 12.246842 0.137296
v 2.371555 12.219377 0.094570
v 2.371555 12.246842 0.152556
v 2.391221 12.219377 0.105081
v 2.402534 12.246842 0.161953
v 2.412558 12.219377 0.111554
v 2.434749 12.246842 0.165125
v 2.434749 12.219377 0.113739
v 2.466963 12.246842 0.161953
v 2.456939 12.219377 0.111554
v 2.497939 12.246842 0.152556
v 2.478275 12.219377 0.105081
v 2.526489 12.246842 0.137296
v 2.497939 12.219377 0.094570
v 2.551512 12.246842 0.116760
v 2.515177 12.219377 0.080425
v 2.572048 12.246842 0.091737
v 2.529322 12.219377 0.063189
v 2.587307 12.246842 0.063189
v 2.539832 12.219377 0.043524
v 2.596704 12.246842 0.032212
v 2.546306 12.219377 0.022187
v 2.599876 12.246842 -0.000003
v 2.548491 12.219377 -0.000003
v 2.596704 12.246842 -0.032218
v 2.546306 12.219377 -0.022193
v 2.491620 12.202462 -0.011315
v 2.539832 12.219377 -0.043530
v 2.488320 12.202462 -0.022193
v 2.482962 12.202462 -0.032218
v 2.434749 12.196752 -0.000003
v 2.393746 12.202462 0.040999
v 2.434749 12.202462 -0.057988
v 2.446060 12.202462 -0.056874
v 2.456939 12.202462 -0.053575
v 2.466963 12.202462 -0.048216
v 2.475750 12.202462 -0.041005
v 2.492734 12.202462 -0.000003
v 2.491620 12.202462 0.011309
v 2.488320 12.202462 0.022187
v 2.482962 12.202462 0.032212
v 2.475750 12.202462 0.040999
v 2.466963 12.202462 0.048210
v 2.456939 12.202462 0.053569
v 2.446060 12.202462 0.056868
v 2.434749 12.202462 0.057982
v 2.423436 12.202462 0.056868
v 2.412558 12.202462 0.053569
v 2.402534 12.202462 0.048210
v 2.386535 12.202462 0.032212
v 2.381176 12.202462 0.022187
v 2.377876 12.202462 0.011309
v 2.376762 12.202462 -0.000003
v 2.377876 12.202462 -0.011315
v 2.381176 12.202462 -0.022193
v 2.386535 12.202462 -0.032218
v 2.393746 12.202462 -0.041005
v 2.402534 12.202462 -0.048216
v 2.412558 12.202462 -0.053574
v 2.423436 12.202462 -0.056874
v 2.456939 12.785487 -0.053575
v 2.456939 12.768574 -0.111560
v 2.446060 12.785487 -0.056874
v 2.434749 12.791199 -0.000003
v 2.434749 12.785487 -0.057988
v 2.423436 12.785487 -0.056874
v 2.412558 12.785487 -0.053574
v 2.402534 12.785487 -0.048216
v 2.393746 12.785487 -0.041005
v 2.386535 12.785487 -0.032218
v 2.381176 12.785487 -0.022193
v 2.377876 12.785487 -0.011315
v 2.376762 12.785487 -0.000003
v 2.377876 12.785487 0.011309
v 2.381176 12.785487 0.022187
v 2.386535 12.785487 0.032212
v 2.393746 12.785487 0.040999
v 2.402534 12.785487 0.048210
v 2.412558 12.785487 0.053569
v 2.423436 12.785487 0.056868
v 2.434749 12.785487 0.057982
v 2.446060 12.785487 0.056868
v 2.456939 12.785487 0.053569
v 2.466963 12.785487 0.048210
v 2.475750 12.785487 0.040999
v 2.482962 12.785487 0.032212
v 2.488320 12.785487 0.022187
v 2.491620 12.785487 0.011309
v 2.492734 12.785487 -0.000003
v 2.491620 12.785487 -0.011315
v 2.488320 12.785487 -0.022193
v 2.482962 12.785487 -0.032218
v 2.475750 12.785487 -0.041005
v 2.466963 12.785487 -0.048216
v -10.921503 9.170881 -10.182487
v -10.816961 9.158628 -10.301926
v -13.875038 14.895469 -13.354973
v -11.004400 9.201499 -10.050066
v -11.062462 9.249306 -9.909747
v -13.957933 14.926086 -13.222548
v -14.015995 14.973892 -13.082233
v -14.046991 15.037050 -12.939410
v -14.049732 15.113132 -12.799574
v -11.093456 9.312463 -9.766927
v -11.096199 9.388544 -9.627091
v -11.070578 9.474625 -9.495613
v -11.017580 9.567399 -9.377547
v -14.024111 15.199213 -12.668097
v -13.971113 15.291986 -12.550031
v -13.892775 15.387888 -12.449914
v -13.792109 15.483230 -12.371593
v -10.939241 9.663301 -9.277430
v -10.838575 9.758643 -9.199109
v -10.719448 9.849763 -9.145595
v -10.586437 9.933158 -9.118942
v -13.672979 15.574349 -12.318078
v -13.539970 15.657745 -12.291426
v -13.398188 15.730212 -12.292660
v -13.253080 15.788966 -12.321735
v -10.444654 10.005625 -9.120176
v -10.299547 10.064379 -9.149250
v -10.156698 10.107162 -9.205047
v -10.021587 10.132325 -9.285421
v -13.110228 15.831747 -12.377531
v -12.975121 15.856915 -12.457904
v -12.852947 15.863495 -12.559767
v -12.748405 15.851243 -12.679205
v -9.899414 10.138907 -9.387283
v -9.794872 10.126655 -9.506721
v -9.711977 10.096037 -9.639143
v -9.653915 10.048232 -9.779461
v -12.665510 15.820624 -12.811625
v -12.607449 15.772820 -12.951945
v -12.576452 15.709660 -13.094767
v -12.573711 15.633580 -13.234603
v -9.622919 9.985074 -9.922282
v -9.620178 9.908993 -10.062119
v -9.645798 9.822910 -10.193596
v -9.698795 9.730138 -10.311663
v -12.599331 15.547498 -13.366081
v -12.652328 15.454724 -13.484146
v -12.730667 15.358824 -13.584264
v -12.831333 15.263481 -13.662584
v -9.777134 9.634236 -10.411777
v -9.877800 9.538894 -10.490101
v -9.996929 9.447774 -10.543612
v -10.129940 9.364379 -10.570268
v -12.950460 15.172361 -13.716099
v -13.083473 15.088965 -13.742751
v -13.225256 15.016500 -13.741517
v -13.370361 14.957747 -13.712440
v -10.271723 9.291911 -10.569033
v -10.416828 9.233158 -10.539959
v -10.559681 9.190377 -10.484162
v -10.694788 9.165212 -10.403790
v -13.513212 14.914965 -13.656646
v -13.648321 14.889798 -13.576273
v -13.770494 14.883216 -13.474410
v -14.525637 14.649743 -13.102283
v -14.427902 14.563293 -13.356730
v -15.728174 16.991423 -14.359836
v -14.574383 14.763215 -12.844379
v -14.572262 14.899344 -12.592916
v -15.776917 17.104897 -14.101929
v -15.774799 17.241026 -13.850469
v -15.721893 17.394583 -13.615119
v -15.620237 17.559668 -13.404922
v -14.519356 15.052902 -12.357569
v -14.417700 15.217987 -12.147374
v -14.271200 15.388253 -11.970413
v -14.085487 15.557158 -11.833485
v -15.473734 17.729935 -13.227962
v -15.288021 17.898840 -13.091036
v -15.070229 18.059893 -12.999404
v -14.828728 18.206903 -12.956588
v -13.867693 15.718212 -11.741852
v -13.626192 15.865223 -11.699037
v -13.370266 15.992546 -11.706684
v -13.109745 16.095285 -11.764499
v -14.572800 18.334227 -12.964231
v -14.312279 18.436964 -13.022051
v -14.057180 18.511169 -13.127810
v -13.817301 18.553993 -13.277455
v -12.854643 16.169491 -11.870261
v -12.614765 16.212315 -12.019905
v -12.399330 16.222107 -12.207681
v -12.216614 16.198494 -12.426372
v -13.601866 18.563786 -13.465232
v -13.419149 18.540173 -13.683922
v -13.276176 18.484062 -13.925124
v -13.178438 18.397610 -14.179568
v -12.073641 16.142378 -12.667573
v -11.975904 16.055927 -12.922016
v -11.927158 15.942456 -13.179925
v -11.929279 15.806327 -13.431385
v -13.129692 18.284138 -14.437475
v -13.131813 18.148008 -14.688935
v -13.184719 17.994452 -14.924286
v -13.286375 17.829365 -15.134480
v -11.982185 15.652769 -13.666735
v -12.083841 15.487684 -13.876929
v -12.230341 15.317417 -14.053889
v -12.416054 15.148514 -14.190818
v -13.432875 17.659100 -15.311441
v -13.618591 17.490194 -15.448369
v -13.836382 17.329142 -15.540002
v -14.077883 17.182129 -15.582817
v -12.633848 14.987460 -14.282451
v -12.875349 14.840448 -14.325266
v -13.131277 14.713126 -14.317619
v -13.391796 14.610390 -14.259803
v -14.333813 17.054808 -15.575170
v -14.594332 16.952070 -15.517354
v -14.849432 16.877863 -15.411592
v -15.089310 16.835041 -15.261949
v -13.646898 14.536183 -14.154041
v -13.886774 14.493361 -14.004395
v -14.102211 14.483568 -13.816623
v -14.284927 14.507181 -13.597932
v -15.304745 16.825249 -15.074173
v -15.487461 16.848862 -14.855482
v -15.630436 16.904972 -14.614281
v 0.000000 -4.781424 11.783004
v 0.000000 -4.653306 12.261147
v 0.624102 -4.740518 11.783004
v 0.000000 -4.653306 11.304861
v -0.624101 -4.740518 11.783004
v -1.237522 -4.618501 11.783004
v -0.607378 -4.613497 12.261147
v -0.607378 -4.613497 11.304861
v -0.561690 -4.266466 10.954836
v -1.204365 -4.494749 11.304861
v -1.113771 -4.156650 10.954836
v -1.780746 -4.299094 11.304861
v -1.646797 -3.975713 10.954836
v -2.326654 -4.029880 11.304861
v -1.829775 -4.417459 11.783004
v -2.390713 -4.140834 11.783004
v -1.780746 -4.299094 12.261147
v -2.326654 -4.029880 12.261147
v -1.646797 -3.975713 12.611171
v -1.204365 -4.494749 12.261147
v -1.113771 -4.156650 12.611171
v -0.990018 -3.694800 12.739289
v -0.561690 -4.266466 12.611171
v -0.499281 -3.792414 12.739289
v 0.000000 -4.303281 12.611171
v 0.561692 -4.266466 12.611171
v 0.000000 -3.825139 12.739289
v 0.499281 -3.792414 12.739289
v 0.000000 -3.346996 12.611171
v 0.436872 -3.318362 12.611171
v 0.000000 -2.996971 12.261147
v -0.436871 -3.318362 12.611171
v -0.866266 -3.232950 12.611171
v -0.391184 -2.971331 12.261147
v -0.775673 -2.894852 12.261147
v -0.374460 -2.844310 11.783004
v -0.742514 -2.771099 11.783004
v -0.391184 -2.971331 11.304861
v 0.000000 -2.868854 11.783004
v 0.374461 -2.844310 11.783004
v 0.000000 -2.996971 11.304861
v 0.391184 -2.971332 11.304861
v 0.000000 -3.346996 10.954836
v 0.436872 -3.318362 10.954836
v 0.000000 -3.825139 10.826718
v -0.436871 -3.318362 10.954836
v -0.866266 -3.232950 10.954836
v -0.499281 -3.792414 10.826718
v -0.990018 -3.694800 10.826718
v -1.463820 -3.533967 10.826718
v -1.280842 -3.092220 10.954836
v -1.912571 -3.312667 10.826718
v -1.673498 -2.898583 10.954836
v -2.328598 -3.034686 10.826718
v -2.151642 -3.726750 10.954836
v -2.619673 -3.414023 10.954836
v -3.042883 -3.042877 10.954836
v -2.832754 -3.691716 11.304861
v -3.290388 -3.290382 11.304861
v -2.910748 -3.793358 11.783004
v -3.380980 -3.380975 11.783004
v -2.832754 -3.691716 12.261147
v -3.290388 -3.290382 12.261147
v -2.619673 -3.414023 12.611171
v -3.042883 -3.042877 12.611171
v -2.328598 -3.034686 12.739289
v -2.151642 -3.726750 12.611171
v -1.912571 -3.312667 12.739289
v -1.673498 -2.898583 12.611171
v -1.463820 -3.533967 12.739289
v -1.280842 -3.092220 12.611171
v -1.146893 -2.768840 12.261147
v -1.498487 -2.595452 12.261147
v -1.097864 -2.650474 11.783004
v -1.434427 -2.484499 11.783004
v -1.146893 -2.768840 11.304861
v -1.498487 -2.595452 11.304861
v -0.775673 -2.894852 11.304861
v -1.824442 -2.377657 11.304861
v -1.746449 -2.276014 11.783004
v -2.119183 -2.119176 11.304861
v -2.037523 -2.655350 10.954836
v -2.366686 -2.366681 10.954836
v -2.655354 -2.037520 10.954836
v -2.704784 -2.704779 10.826718
v -3.034689 -2.328595 10.826718
v -3.312670 -1.912567 10.826718
v -3.414026 -2.619670 10.954836
v -3.726753 -2.151639 10.954836
v -3.691719 -2.832751 11.304861
v -4.029884 -2.326651 11.304861
v -3.793362 -2.910745 11.783004
v -4.140837 -2.390710 11.783004
v -3.691719 -2.832751 12.261147
v -4.029884 -2.326651 12.261147
v -3.414026 -2.619670 12.611171
v -3.726753 -2.151639 12.611171
v -3.034689 -2.328595 12.739289
v -3.312670 -1.912567 12.739289
v -2.655354 -2.037520 12.611171
v -2.704784 -2.704779 12.739289
v -2.366686 -2.366681 12.611171
v -2.119183 -2.119176 12.261147
v -2.037523 -2.655350 12.611171
v -1.824442 -2.377657 12.261147
v -2.377659 -1.824438 12.261147
v -2.028589 -2.028584 11.783004
v -2.276016 -1.746445 11.783004
v -2.484501 -1.434425 11.783004
v -2.377659 -1.824438 11.304861
v -2.595457 -1.498484 11.304861
v -2.768843 -1.146890 11.304861
v -2.898586 -1.673496 10.954836
v -3.092224 -1.280839 10.954836
v -3.232952 -0.866262 10.954836
v -3.533970 -1.463816 10.826718
v -3.694803 -0.990015 10.826718
v -3.975716 -1.646793 10.954836
v -4.156654 -1.113767 10.954836
v -4.299097 -1.780742 11.304861
v -4.494753 -1.204360 11.304861
v -4.417461 -1.829771 11.783004
v -4.618504 -1.237519 11.783004
v -4.299097 -1.780742 12.261147
v -4.494753 -1.204360 12.261147
v -3.975716 -1.646793 12.611171
v -4.156654 -1.113767 12.611171
v -3.533970 -1.463816 12.739289
v -3.694803 -0.990015 12.739289
v -3.092224 -1.280839 12.611171
v -3.232952 -0.866262 12.611171
v -2.768843 -1.146890 12.261147
v -2.898586 -1.673496 12.611171
v -2.595457 -1.498484 12.261147
v -2.894855 -0.775670 12.261147
v -2.650476 -1.097861 11.783004
v -2.771103 -0.742510 11.783004
v -2.844313 -0.374457 11.783004
v -2.894855 -0.775670 11.304861
v -2.971334 -0.391180 11.304861
v -2.996973 0.000003 11.304861
v -3.318365 -0.436867 10.954836
v -3.346998 0.000003 10.954836
v -3.792416 -0.499277 10.826718
v -3.825142 0.000003 10.826718
v -4.266468 -0.561687 10.954836
v -4.303286 0.000003 10.954836
v -4.613499 -0.607375 11.304861
v -4.653309 0.000003 11.304861
v -4.740522 -0.624097 11.783004
v -4.781427 0.000003 11.783004
v -4.613499 -0.607375 12.261147
v -4.653309 0.000003 12.261147
v -4.266468 -0.561687 12.611171
v -4.303286 0.000003 12.611171
v -3.792416 -0.499277 12.739289
v -3.825142 0.000003 12.739289
v -3.318365 -0.436867 12.611171
v -3.346998 0.000003 12.611171
v -2.971334 -0.391180 12.261147
v -2.996973 0.000003 12.261147
v -2.971333 0.391189 12.261147
v -2.868856 0.000003 11.783004
v -2.844313 0.374466 11.783004
v -2.771103 0.742519 11.783004
v -2.971333 0.391189 11.304861
v -2.894854 0.775678 11.304861
v -3.318365 0.436876 10.954836
v -3.232952 0.866271 10.954836
v -3.792416 0.499287 10.826718
v -3.694803 0.990024 10.826718
v -4.266468 0.561697 10.954836
v -4.156652 1.113776 10.954836
v -4.613499 0.607385 11.304861
v -4.494751 1.204370 11.304861
v -4.740522 0.624107 11.783004
v -4.618504 1.237529 11.783004
v -4.613499 0.607385 12.261147
v -4.494751 1.204370 12.261147
v -4.266468 0.561697 12.611171
v -4.156652 1.113776 12.611171
v -3.792416 0.499287 12.739289
v -3.694803 0.990024 12.739289
v -3.318365 0.436876 12.611171
v -3.232952 0.866271 12.611171
v -3.092224 1.280844 12.611171
v -2.894854 0.775678 12.261147
v -2.768843 1.146896 12.261147
v -2.595457 1.498490 12.261147
v -2.650476 1.097867 11.783004
v -2.484503 1.434431 11.783004
v -2.768843 1.146896 11.304861
v -2.595457 1.498490 11.304861
v -3.092224 1.280844 10.954836
v -2.898586 1.673502 10.954836
v -3.533970 1.463822 10.826718
v -3.312670 1.912573 10.826718
v -3.975716 1.646799 10.954836
v -3.726753 2.151645 10.954836
v -4.299097 1.780748 11.304861
v -4.029884 2.326657 11.304861
v -4.417461 1.829777 11.783004
v -4.140837 2.390716 11.783004
v -4.299097 1.780748 12.261147
v -4.029884 2.326657 12.261147
v -3.975716 1.646799 12.611171
v -3.726753 2.151645 12.611171
v -3.533970 1.463822 12.739289
v -3.312670 1.912573 12.739289
v -3.034687 2.328603 12.739289
v -2.898586 1.673502 12.611171
v -2.655352 2.037528 12.611171
v -2.366686 2.366689 12.611171
v -2.377659 1.824447 12.261147
v -2.119179 2.119184 12.261147
v -2.276014 1.746453 11.783004
v -2.028587 2.028591 11.783004
v -2.377659 1.824447 11.304861
v -2.119179 2.119184 11.304861
v -2.655352 2.037528 10.954836
v -2.366686 2.366689 10.954836
v -3.034687 2.328603 10.826718
v -2.704782 2.704787 10.826718
v -3.414024 2.619678 10.954836
v -3.042879 3.042886 10.954836
v -3.691717 2.832760 11.304861
v -3.290386 3.290390 11.304861
v -3.793360 2.910753 11.783004
v -3.380978 3.380983 11.783004
v -3.691717 2.832760 12.261147
v -3.290386 3.290390 12.261147
v -3.414024 2.619678 12.611171
v -3.042879 3.042886 12.611171
v -2.619673 3.414028 12.611171
v -2.704782 2.704787 12.739289
v -2.328598 3.034692 12.739289
v -1.912571 3.312673 12.739289
v -2.037523 2.655356 12.611171
v -1.673498 2.898589 12.611171
v -1.824442 2.377662 12.261147
v -1.498487 2.595459 12.261147
v -1.746449 2.276019 11.783004
v -1.434427 2.484506 11.783004
v -1.824442 2.377662 11.304861
v -1.498487 2.595459 11.304861
v -2.037523 2.655356 10.954836
v -1.673498 2.898589 10.954836
v -2.328598 3.034692 10.826718
v -1.912571 3.312673 10.826718
v -2.619673 3.414028 10.954836
v -2.151642 3.726757 10.954836
v -2.832756 3.691721 11.304861
v -2.326654 4.029887 11.304861
v -2.910748 3.793364 11.783004
v -2.390713 4.140841 11.783004
v -2.832756 3.691721 12.261147
v -2.326654 4.029887 12.261147
v -1.780743 4.299101 12.261147
v -2.151642 3.726757 12.611171
v -1.646793 3.975720 12.611171
v -1.113771 4.156656 12.611171
v -1.463818 3.533974 12.739289
v -0.990020 3.694806 12.739289
v -1.280840 3.092227 12.611171
v -0.866267 3.232956 12.611171
v -1.146891 2.768846 12.261147
v -0.775674 2.894858 12.261147
v -1.097862 2.650481 11.783004
v -0.742514 2.771105 11.783004
v -1.146891 2.768846 11.304861
v -0.775674 2.894858 11.304861
v -1.280840 3.092227 10.954836
v -0.866266 3.232956 10.954836
v -1.463818 3.533974 10.826718
v -0.990020 3.694806 10.826718
v -1.646793 3.975720 10.954836
v -1.113771 4.156656 10.954836
v -1.780743 4.299101 11.304861
v -1.204365 4.494755 11.304861
v -1.829771 4.417466 11.783004
v -1.237524 4.618507 11.783004
v -0.624103 4.740524 11.783004
v -1.204365 4.494755 12.261147
v -0.607379 4.613502 12.261147
v 0.000000 4.653312 12.261147
v -0.561691 4.266472 12.611171
v 0.000000 4.303287 12.611171
v -0.499282 3.792420 12.739289
v 0.000000 3.825144 12.739289
v -0.436871 3.318368 12.611171
v 0.000000 3.347002 12.611171
v -0.391184 2.971337 12.261147
v 0.000000 2.996977 12.261147
v -0.374461 2.844315 11.783004
v 0.000000 2.868859 11.783004
v -0.391184 2.971337 11.304861
v 0.000000 2.996977 11.304861
v -0.436871 3.318368 10.954836
v 0.000000 3.347002 10.954836
v -0.499282 3.792420 10.826718
v 0.000000 3.825144 10.826718
v -0.561691 4.266472 10.954836
v 0.000000 4.303287 10.954836
v -0.607379 4.613502 11.304861
v 0.000000 4.653312 11.304861
v 0.607380 4.613502 11.304861
v 0.000000 4.781430 11.783004
v 0.624102 4.740524 11.783004
v 1.237523 4.618507 11.783004
v 0.607380 4.613502 12.261147
v 1.204365 4.494755 12.261147
v 0.561692 4.266472 12.611171
v 1.113771 4.156656 12.611171
v 0.499281 3.792420 12.739289
v 0.990019 3.694806 12.739289
v 0.436872 3.318368 12.611171
v 0.866266 3.232956 12.611171
v 0.391184 2.971337 12.261147
v 0.775673 2.894858 12.261147
v 0.374462 2.844315 11.783004
v 0.742515 2.771105 11.783004
v 0.391184 2.971337 11.304861
v 0.775673 2.894858 11.304861
v 0.436872 3.318368 10.954836
v 0.866266 3.232956 10.954836
v 0.499281 3.792420 10.826718
v 0.990019 3.694806 10.826718
v 0.561692 4.266472 10.954836
v 1.113771 4.156656 10.954836
v 1.646795 3.975719 10.954836
v 1.204365 4.494755 11.304861
v 1.780746 4.299099 11.304861
v 2.326655 4.029885 11.304861
v 1.829774 4.417465 11.783004
v 2.390715 4.140839 11.783004
v 1.780746 4.299099 12.261147
v 2.326655 4.029885 12.261147
v 1.646795 3.975719 12.611171
v 2.151644 3.726756 12.611171
v 1.463819 3.533973 12.739289
v 1.912572 3.312672 12.739289
v 1.280842 3.092226 12.611171
v 1.673501 2.898588 12.611171
v 1.146893 2.768845 12.261147
v 1.498487 2.595458 12.261147
v 1.097864 2.650480 11.783004
v 1.434429 2.484505 11.783004
v 1.146893 2.768845 11.304861
v 1.498487 2.595458 11.304861
v 1.280842 3.092226 10.954836
v 1.673501 2.898588 10.954836
v 1.463819 3.533973 10.826718
v 1.912572 3.312672 10.826718
v 2.328599 3.034692 10.826718
v 2.151644 3.726756 10.954836
v 2.619674 3.414027 10.954836
v 3.042881 3.042885 10.954836
v 2.832755 3.691721 11.304861
v 3.290385 3.290390 11.304861
v 2.910748 3.793364 11.783004
v 3.380979 3.380983 11.783004
v 2.832755 3.691721 12.261147
v 3.290385 3.290390 12.261147
v 2.619674 3.414027 12.611171
v 3.042881 3.042885 12.611171
v 2.328599 3.034692 12.739289
v 2.704782 2.704787 12.739289
v 2.037524 2.655356 12.611171
v 2.366685 2.366689 12.611171
v 1.824443 2.377662 12.261147
v 2.119180 2.119184 12.261147
v 1.746449 2.276019 11.783004
v 2.028586 2.028591 11.783004
v 1.824443 2.377662 11.304861
v 2.119180 2.119184 11.304861
v 2.037524 2.655356 10.954836
v 2.366685 2.366689 10.954836
v 2.655354 2.037527 10.954836
v 2.704782 2.704787 10.826718
v 3.034689 2.328601 10.826718
v 3.312671 1.912573 10.826718
v 3.414025 2.619676 10.954836
v 3.726754 2.151644 10.954836
v 3.691718 2.832758 11.304861
v 4.029885 2.326657 11.304861
v 3.793362 2.910751 11.783004
v 4.140839 2.390715 11.783004
v 3.691718 2.832758 12.261147
v 4.029885 2.326657 12.261147
v 3.414025 2.619676 12.611171
v 3.726754 2.151644 12.611171
v 3.034689 2.328601 12.739289
v 3.312671 1.912573 12.739289
v 2.655354 2.037527 12.611171
v 2.898586 1.673502 12.611171
v 2.377659 1.824445 12.261147
v 2.595457 1.498490 12.261147
v 2.276017 1.746452 11.783004
v 2.484504 1.434431 11.783004
v 2.377659 1.824445 11.304861
v 2.595457 1.498490 11.304861
v 2.768843 1.146896 11.304861
v 2.898586 1.673502 10.954836
v 3.092224 1.280844 10.954836
v 3.232953 0.866269 10.954836
v 3.533970 1.463822 10.826718
v 3.694803 0.990022 10.826718
v 3.975716 1.646799 10.954836
v 4.156653 1.113774 10.954836
v 4.299097 1.780748 11.304861
v 4.494752 1.204367 11.304861
v 4.417463 1.829776 11.783004
v 4.618505 1.237527 11.783004
v 4.299097 1.780748 12.261147
v 4.494752 1.204367 12.261147
v 3.975716 1.646799 12.611171
v 4.156653 1.113774 12.611171
v 3.533970 1.463822 12.739289
v 3.694803 0.990022 12.739289
v 3.092224 1.280844 12.611171
v 3.232953 0.866269 12.611171
v 2.768843 1.146896 12.261147
v 2.894855 0.775676 12.261147
v 2.650477 1.097867 11.783004
v 2.771103 0.742517 11.783004
v 2.844313 0.374464 11.783004
v 2.894855 0.775676 11.304861
v 2.971335 0.391187 11.304861
v 2.996974 0.000003 11.304861
v 3.318365 0.436874 10.954836
v 3.346999 0.000003 10.954836
v 3.792417 0.499285 10.826718
v 3.825142 0.000003 10.826718
v 4.266469 0.561695 10.954836
v 4.303285 0.000002 10.954836
v 4.613500 0.607382 11.304861
v 4.653309 0.000002 11.304861
v 4.740521 0.624105 11.783004
v 4.781427 0.000002 11.783004
v 4.613500 0.607382 12.261147
v 4.653309 0.000002 12.261147
v 4.266469 0.561695 12.611171
v 4.303285 0.000002 12.611171
v 3.792417 0.499285 12.739289
v 3.825142 0.000003 12.739289
v 3.318365 0.436874 12.611171
v 3.346999 0.000003 12.611171
v 2.971335 0.391187 12.261147
v 2.996974 0.000003 12.261147
v 2.971335 -0.391180 12.261147
v 2.868856 0.000003 11.783004
v 2.844313 -0.374457 11.783004
v 2.771103 -0.742512 11.783004
v 2.971335 -0.391180 11.304861
v 2.894855 -0.775671 11.304861
v 3.318365 -0.436868 10.954836
v 3.232953 -0.866264 10.954836
v 3.792417 -0.499278 10.826718
v 3.694803 -0.990017 10.826718
v 4.266469 -0.561688 10.954836
v 4.156653 -1.113769 10.954836
v 4.613500 -0.607375 11.304861
v 4.494752 -1.204362 11.304861
v 4.740522 -0.624098 11.783004
v 4.618505 -1.237522 11.783004
v 4.613500 -0.607375 12.261147
v 4.494752 -1.204362 12.261147
v 4.266469 -0.561688 12.611171
v 4.156653 -1.113769 12.611171
v 3.792417 -0.499278 12.739289
v 3.694803 -0.990017 12.739289
v 3.318365 -0.436868 12.611171
v 3.232953 -0.866264 12.611171
v 3.092224 -1.280839 12.611171
v 2.894855 -0.775671 12.261147
v 2.768843 -1.146890 12.261147
v 2.595457 -1.498484 12.261147
v 2.650477 -1.097862 11.783004
v 2.484503 -1.434425 11.783004
v 2.768843 -1.146890 11.304861
v 2.595457 -1.498484 11.304861
v 3.092224 -1.280839 10.954836
v 2.898586 -1.673496 10.954836
v 3.533970 -1.463816 10.826718
v 3.312671 -1.912568 10.826718
v 3.975716 -1.646794 10.954836
v 3.726753 -2.151639 10.954836
v 4.299097 -1.780743 11.304861
v 4.029885 -2.326652 11.304861
v 4.417461 -1.829771 11.783004
v 4.140839 -2.390710 11.783004
v 4.299097 -1.780743 12.261147
v 4.029885 -2.326652 12.261147
v 3.975716 -1.646794 12.611171
v 3.726753 -2.151639 12.611171
v 3.533970 -1.463816 12.739289
v 3.312671 -1.912568 12.739289
v 3.034688 -2.328596 12.739289
v 2.898586 -1.673496 12.611171
v 2.655354 -2.037521 12.611171
v 2.366686 -2.366682 12.611171
v 2.377659 -1.824440 12.261147
v 2.119182 -2.119177 12.261147
v 2.276017 -1.746446 11.783004
v 2.028588 -2.028585 11.783004
v 2.377659 -1.824440 11.304861
v 2.119182 -2.119177 11.304861
v 2.655354 -2.037521 10.954836
v 2.366686 -2.366682 10.954836
v 3.034688 -2.328596 10.826718
v 2.704783 -2.704781 10.826718
v 3.414024 -2.619671 10.954836
v 3.042882 -3.042879 10.954836
v 3.691718 -2.832753 11.304861
v 3.290388 -3.290383 11.304861
v 3.793361 -2.910746 11.783004
v 3.380980 -3.380976 11.783004
v 3.691718 -2.832753 12.261147
v 3.290388 -3.290383 12.261147
v 3.414024 -2.619671 12.611171
v 3.042882 -3.042879 12.611171
v 2.619674 -3.414023 12.611171
v 2.704783 -2.704781 12.739289
v 2.328599 -3.034686 12.739289
v 1.912572 -3.312667 12.739289
v 2.037524 -2.655350 12.611171
v 1.673501 -2.898583 12.611171
v 1.824442 -2.377657 12.261147
v 1.498487 -2.595453 12.261147
v 1.746449 -2.276014 11.783004
v 1.434429 -2.484499 11.783004
v 1.824442 -2.377657 11.304861
v 1.498487 -2.595453 11.304861
v 2.037524 -2.655350 10.954836
v 1.673501 -2.898583 10.954836
v 2.328599 -3.034686 10.826718
v 1.912572 -3.312667 10.826718
v 2.619674 -3.414023 10.954836
v 2.151644 -3.726751 10.954836
v 2.832755 -3.691716 11.304861
v 2.326655 -4.029881 11.304861
v 2.910748 -3.793359 11.783004
v 2.390715 -4.140835 11.783004
v 2.832755 -3.691716 12.261147
v 2.326655 -4.029881 12.261147
v 1.780745 -4.299095 12.261147
v 2.151644 -3.726751 12.611171
v 1.646795 -3.975714 12.611171
v 1.113772 -4.156650 12.611171
v 1.463819 -3.533967 12.739289
v 0.990020 -3.694800 12.739289
v 1.280842 -3.092221 12.611171
v 0.866268 -3.232950 12.611171
v 1.146893 -2.768840 12.261147
v 0.775675 -2.894852 12.261147
v 1.097864 -2.650475 11.783004
v 0.742516 -2.771100 11.783004
v 1.146893 -2.768840 11.304861
v 0.775675 -2.894852 11.304861
v 1.280842 -3.092221 10.954836
v 0.866268 -3.232950 10.954836
v 1.463819 -3.533967 10.826718
v 0.990020 -3.694800 10.826718
v 1.646795 -3.975714 10.954836
v 1.113772 -4.156650 10.954836
v 1.780745 -4.299095 11.304861
v 1.204366 -4.494748 11.304861
v 1.829773 -4.417460 11.783004
v 1.237525 -4.618501 11.783004
v 1.204366 -4.494748 12.261147
v 0.607380 -4.613497 12.261147
v 0.607380 -4.613497 11.304861
v 0.561692 -4.266466 10.954836
v 0.499281 -3.792414 10.826718
v 0.000000 -4.303281 10.954836
v 0.391184 -2.971332 12.261147
v 12.262297 -4.781427 0.010881
v 12.740440 -4.653309 0.010881
v 12.262297 -4.740522 -0.613221
v 11.784155 -4.653309 0.010881
v 12.262297 -4.740522 0.634982
v 12.262297 -4.618505 1.248404
v 12.740440 -4.613500 0.618259
v 11.784155 -4.613499 0.618259
v 11.434130 -4.266469 0.572572
v 11.784154 -4.494751 1.215245
v 11.434130 -4.156653 1.124652
v 11.784154 -4.299097 1.791627
v 11.434130 -3.975716 1.657678
v 11.784155 -4.029883 2.337536
v 12.262297 -4.417462 1.840656
v 12.262297 -4.140837 2.401595
v 12.740440 -4.299097 1.791627
v 12.740440 -4.029884 2.337536
v 13.090465 -3.975716 1.657678
v 12.740440 -4.494752 1.215245
v 13.090465 -4.156654 1.124652
v 13.218582 -3.694803 1.000899
v 13.090465 -4.266469 0.572572
v 13.218582 -3.792417 0.510162
v 13.090465 -4.303285 0.010881
v 13.090465 -4.266469 -0.550810
v 13.218582 -3.825142 0.010881
v 13.218582 -3.792417 -0.488400
v 13.090465 -3.346999 0.010881
v 13.090465 -3.318365 -0.425990
v 12.740440 -2.996974 0.010881
v 13.090465 -3.318365 0.447752
v 13.090465 -3.232953 0.877147
v 12.740440 -2.971335 0.402064
v 12.740440 -2.894855 0.786554
v 12.262297 -2.844313 0.385342
v 12.262297 -2.771103 0.753395
v 11.784155 -2.971335 0.402064
v 12.262297 -2.868856 0.010881
v 12.262297 -2.844313 -0.363580
v 11.784155 -2.996974 0.010881
v 11.784155 -2.971335 -0.380303
v 11.434130 -3.346999 0.010881
v 11.434130 -3.318365 -0.425990
v 11.306011 -3.825142 0.010881
v 11.434130 -3.318365 0.447752
v 11.434130 -3.232953 0.877147
v 11.306011 -3.792417 0.510162
v 11.306011 -3.694803 1.000899
v 11.306011 -3.533970 1.474701
v 11.434130 -3.092223 1.291723
v 11.306011 -3.312670 1.923452
v 11.434130 -2.898586 1.684381
v 11.306011 -3.034689 2.339479
v 11.434130 -3.726753 2.162524
v 11.434130 -3.414026 2.630554
v 11.434130 -3.042880 3.053764
v 11.784155 -3.691719 2.843635
v 11.784155 -3.290385 3.301269
v 12.262298 -3.793362 2.921629
v 12.262298 -3.380978 3.391862
v 12.740440 -3.691719 2.843635
v 12.740440 -3.290385 3.301269
v 13.090465 -3.414026 2.630554
v 13.090465 -3.042880 3.053764
v 13.218583 -3.034689 2.339479
v 13.090465 -3.726753 2.162524
v 13.218583 -3.312670 1.923452
v 13.090465 -2.898586 1.684381
v 13.218582 -3.533970 1.474701
v 13.090465 -3.092223 1.291723
v 12.740440 -2.768843 1.157774
v 12.740440 -2.595456 1.509368
v 12.262297 -2.650477 1.108746
v 12.262297 -2.484502 1.445309
v 11.784155 -2.768843 1.157774
v 11.784155 -2.595456 1.509368
v 11.784155 -2.894855 0.786554
v 11.784155 -2.377660 1.835323
v 12.262297 -2.276017 1.757329
v 11.784155 -2.119180 2.130063
v 11.434130 -2.655353 2.048404
v 11.434130 -2.366684 2.377568
v 11.434130 -2.037523 2.666234
v 11.306011 -2.704782 2.715666
v 11.306011 -2.328598 3.045570
v 11.306011 -1.912570 3.323551
v 11.434130 -2.619673 3.424906
v 11.434130 -2.151642 3.737635
v 11.784155 -2.832754 3.702600
v 11.784155 -2.326654 4.040765
v 12.262297 -2.910748 3.804243
v 12.262297 -2.390713 4.151719
v 12.740440 -2.832754 3.702600
v 12.740440 -2.326654 4.040765
v 13.090465 -2.619673 3.424906
v 13.090465 -2.151642 3.737635
v 13.218582 -2.328598 3.045570
v 13.218583 -1.912571 3.323551
v 13.090465 -2.037523 2.666234
v 13.218583 -2.704782 2.715666
v 13.090465 -2.366684 2.377568
v 12.740440 -2.119180 2.130063
v 13.090465 -2.655353 2.048404
v 12.740440 -2.377660 1.835323
v 12.740440 -1.824442 2.388541
v 12.262297 -2.028587 2.039470
v 12.262297 -1.746448 2.286898
v 12.262297 -1.434428 2.495383
v 11.784155 -1.824442 2.388541
v 11.784155 -1.498487 2.606337
v 11.784155 -1.146893 2.779724
v 11.434130 -1.673499 2.909467
v 11.434130 -1.280842 3.103104
v 11.434130 -0.866266 3.243834
v 11.306011 -1.463819 3.544851
v 11.306012 -0.990018 3.705684
v 11.434130 -1.646797 3.986597
v 11.434130 -1.113770 4.167535
v 11.784155 -1.780745 4.309978
v 11.784155 -1.204363 4.505633
v 12.262297 -1.829774 4.428343
v 12.262298 -1.237522 4.629386
v 12.740440 -1.780745 4.309978
v 12.740440 -1.204363 4.505633
v 13.090465 -1.646797 3.986597
v 13.090465 -1.113770 4.167535
v 13.218583 -1.463819 3.544851
v 13.218583 -0.990018 3.705684
v 13.090465 -1.280842 3.103104
v 13.090465 -0.866266 3.243834
v 12.740440 -1.146893 2.779724
v 13.090465 -1.673499 2.909467
v 12.740440 -1.498487 2.606337
v 12.740440 -0.775673 2.905736
v 12.262298 -1.097864 2.661358
v 12.262298 -0.742513 2.781984
v 12.262298 -0.374460 2.855194
v 11.784155 -0.775673 2.905736
v 11.784155 -0.391183 2.982215
v 11.784155 0.000000 3.007855
v 11.434130 -0.436870 3.329246
v 11.434130 0.000000 3.357880
v 11.306012 -0.499280 3.803298
v 11.306012 0.000000 3.836022
v 11.434130 -0.561691 4.277350
v 11.434130 0.000000 4.314166
v 11.784155 -0.607378 4.624381
v 11.784155 0.000000 4.664190
v 12.262298 -0.624101 4.751402
v 12.262298 0.000000 4.792308
v 12.740440 -0.607378 4.624381
v 12.740440 0.000000 4.664190
v 13.090465 -0.561691 4.277350
v 13.090465 0.000000 4.314166
v 13.218583 -0.499280 3.803298
v 13.218583 0.000000 3.836022
v 13.090465 -0.436870 3.329246
v 13.090465 0.000000 3.357880
v 12.740440 -0.391183 2.982215
v 12.740440 0.000000 3.007855
v 12.740440 0.391185 2.982215
v 12.262298 0.000000 2.879737
v 12.262298 0.374463 2.855193
v 12.262298 0.742516 2.781983
v 11.784155 0.391185 2.982215
v 11.784155 0.775675 2.905735
v 11.434130 0.436873 3.329246
v 11.434130 0.866268 3.243833
v 11.306012 0.499284 3.803298
v 11.306012 0.990021 3.705683
v 11.434130 0.561694 4.277350
v 11.434130 1.113773 4.167534
v 11.784155 0.607382 4.624380
v 11.784155 1.204367 4.505632
v 12.262298 0.624104 4.751402
v 12.262298 1.237526 4.629385
v 12.740440 0.607381 4.624380
v 12.740440 1.204367 4.505632
v 13.090465 0.561694 4.277350
v 13.090465 1.113773 4.167534
v 13.218583 0.499283 3.803298
v 13.218583 0.990021 3.705683
v 13.090465 0.436873 3.329246
v 13.090465 0.866268 3.243833
v 13.090465 1.280841 3.103105
v 12.740440 0.775675 2.905735
v 12.740440 1.146893 2.779724
v 12.740440 1.498487 2.606337
v 12.262298 1.097864 2.661358
v 12.262298 1.434428 2.495384
v 11.784155 1.146893 2.779724
v 11.784155 1.498487 2.606337
v 11.434130 1.280841 3.103105
v 11.434130 1.673499 2.909467
v 11.306012 1.463819 3.544851
v 11.306012 1.912570 3.323551
v 11.434130 1.646796 3.986597
v 11.434130 2.151641 3.737635
v 11.784155 1.780745 4.309978
v 11.784155 2.326654 4.040766
v 12.262298 1.829773 4.428344
v 12.262298 2.390713 4.151719
v 12.740440 1.780745 4.309978
v 12.740440 2.326654 4.040766
v 13.090465 1.646796 3.986597
v 13.090465 2.151641 3.737635
v 13.218583 1.463819 3.544851
v 13.218583 1.912570 3.323551
v 13.218583 2.328600 3.045569
v 13.090465 1.673499 2.909467
v 13.090465 2.037525 2.666233
v 13.090465 2.366686 2.377566
v 12.740440 1.824444 2.388539
v 12.740440 2.119181 2.130061
v 12.262298 1.746450 2.286896
v 12.262298 2.028588 2.039468
v 11.784155 1.824444 2.388539
v 11.784155 2.119181 2.130061
v 11.434130 2.037525 2.666233
v 11.434130 2.366686 2.377566
v 11.306012 2.328600 3.045569
v 11.306012 2.704784 2.715664
v 11.434130 2.619675 3.424904
v 11.434130 3.042882 3.053761
v 11.784155 2.832757 3.702598
v 11.784155 3.290387 3.301266
v 12.262298 2.910750 3.804240
v 12.262298 3.380980 3.391860
v 12.740440 2.832757 3.702598
v 12.740440 3.290387 3.301266
v 13.090465 2.619675 3.424904
v 13.090465 3.042882 3.053761
v 13.090466 3.414025 2.630554
v 13.218583 2.704784 2.715664
v 13.218583 3.034689 2.339479
v 13.218583 3.312670 1.923451
v 13.090465 2.655353 2.048405
v 13.090465 2.898586 1.684380
v 12.740440 2.377659 1.835323
v 12.740440 2.595456 1.509367
v 12.262298 2.276016 1.757330
v 12.262298 2.484503 1.445309
v 11.784155 2.377659 1.835323
v 11.784155 2.595456 1.509367
v 11.434130 2.655353 2.048405
v 11.434130 2.898586 1.684380
v 11.306012 3.034689 2.339479
v 11.306012 3.312670 1.923451
v 11.434130 3.414025 2.630554
v 11.434130 3.726754 2.162522
v 11.784155 3.691718 2.843636
v 11.784155 4.029885 2.337534
v 12.262298 3.793361 2.921629
v 12.262298 4.140838 2.401593
v 12.740440 3.691718 2.843636
v 12.740440 4.029884 2.337534
v 12.740440 4.299098 1.791623
v 13.090466 3.726754 2.162522
v 13.090466 3.975717 1.657675
v 13.090465 4.156653 1.124652
v 13.218583 3.533971 1.474698
v 13.218583 3.694803 1.000900
v 13.090465 3.092224 1.291721
v 13.090465 3.232953 0.877147
v 12.740440 2.768843 1.157772
v 12.740440 2.894855 0.786554
v 12.262298 2.650478 1.108744
v 12.262298 2.771102 0.753395
v 11.784155 2.768843 1.157772
v 11.784155 2.894855 0.786554
v 11.434130 3.092224 1.291721
v 11.434130 3.232953 0.877147
v 11.306012 3.533971 1.474698
v 11.306012 3.694803 1.000900
v 11.434130 3.975717 1.657675
v 11.434130 4.156654 1.124652
v 11.784155 4.299098 1.791623
v 11.784155 4.494752 1.215245
v 12.262298 4.417463 1.840652
v 12.262298 4.618504 1.248405
v 12.262298 4.740520 0.634983
v 12.740440 4.494751 1.215245
v 12.740440 4.613499 0.618260
v 12.740440 4.653309 0.010880
v 13.090465 4.266469 0.572573
v 13.090465 4.303284 0.010881
v 13.218583 3.792417 0.510163
v 13.218583 3.825141 0.010881
v 13.090465 3.318365 0.447752
v 13.090465 3.346999 0.010881
v 12.740440 2.971334 0.402065
v 12.740440 2.996974 0.010881
v 12.262298 2.844312 0.385342
v 12.262298 2.868856 0.010881
v 11.784155 2.971334 0.402065
v 11.784155 2.996974 0.010881
v 11.434130 3.318365 0.447752
v 11.434130 3.346999 0.010881
v 11.306012 3.792417 0.510163
v 11.306012 3.825141 0.010881
v 11.434130 4.266469 0.572573
v 11.434130 4.303285 0.010881
v 11.784155 4.613499 0.618260
v 11.784155 4.653309 0.010880
v 11.784155 4.613499 -0.596498
v 12.262298 4.781426 0.010880
v 12.262298 4.740520 -0.613221
v 12.262298 4.618504 -1.226643
v 12.740440 4.613499 -0.596498
v 12.740440 4.494751 -1.193484
v 13.090465 4.266469 -0.550811
v 13.090465 4.156653 -1.102890
v 13.218583 3.792417 -0.488401
v 13.218583 3.694803 -0.979138
v 13.090465 3.318365 -0.425991
v 13.090465 3.232953 -0.855386
v 12.740440 2.971334 -0.380303
v 12.740440 2.894855 -0.764793
v 12.262298 2.844312 -0.363580
v 12.262298 2.771102 -0.731633
v 11.784155 2.971334 -0.380303
v 11.784155 2.894855 -0.764793
v 11.434130 3.318365 -0.425991
v 11.434130 3.232953 -0.855386
v 11.306012 3.792417 -0.488401
v 11.306012 3.694803 -0.979138
v 11.434130 4.266469 -0.550811
v 11.434130 4.156654 -1.102890
v 11.434130 3.975716 -1.635915
v 11.784155 4.494752 -1.193484
v 11.784155 4.299097 -1.769864
v 11.784155 4.029883 -2.315775
v 12.262298 4.417462 -1.818892
v 12.262298 4.140836 -2.379834
v 12.740440 4.299097 -1.769864
v 12.740440 4.029883 -2.315775
v 13.090466 3.975716 -1.635915
v 13.090466 3.726753 -2.140762
v 13.218583 3.533970 -1.452938
v 13.218583 3.312669 -1.901691
v 13.090465 3.092224 -1.269960
v 13.090465 2.898585 -1.662619
v 12.740440 2.768843 -1.136012
v 12.740440 2.595455 -1.487607
v 12.262298 2.650477 -1.086983
v 12.262298 2.484502 -1.423548
v 11.784155 2.768843 -1.136012
v 11.784155 2.595455 -1.487607
v 11.434130 3.092224 -1.269960
v 11.434130 2.898585 -1.662619
v 11.306012 3.533970 -1.452938
v 11.306012 3.312669 -1.901691
v 11.306012 3.034689 -2.317718
v 11.434130 3.726753 -2.140762
v 11.434130 3.414025 -2.608793
v 11.434130 3.042882 -3.032000
v 11.784155 3.691718 -2.821874
v 11.784155 3.290387 -3.279505
v 12.262298 3.793361 -2.899868
v 12.262298 3.380980 -3.370098
v 12.740440 3.691718 -2.821874
v 12.740440 3.290387 -3.279505
v 13.090466 3.414025 -2.608793
v 13.090465 3.042882 -3.032000
v 13.218583 3.034689 -2.317718
v 13.218583 2.704784 -2.693902
v 13.090465 2.655353 -2.026643
v 13.090465 2.366686 -2.355804
v 12.740440 2.377659 -1.813561
v 12.740440 2.119181 -2.108299
v 12.262298 2.276016 -1.735568
v 12.262298 2.028588 -2.017706
v 11.784155 2.377659 -1.813561
v 11.784155 2.119181 -2.108299
v 11.434130 2.655353 -2.026643
v 11.434130 2.366686 -2.355804
v 11.434130 2.037524 -2.644472
v 11.306012 2.704784 -2.693902
v 11.306012 2.328598 -3.023808
v 11.306012 1.912570 -3.301790
v 11.434130 2.619673 -3.403144
v 11.434130 2.151641 -3.715873
v 11.784155 2.832755 -3.680837
v 11.784155 2.326654 -4.019003
v 12.262298 2.910748 -3.782480
v 12.262298 2.390713 -4.129957
v 12.740440 2.832755 -3.680837
v 12.740440 2.326654 -4.019003
v 13.090465 2.619673 -3.403144
v 13.090465 2.151641 -3.715873
v 13.218583 2.328598 -3.023808
v 13.218583 1.912570 -3.301790
v 13.090465 2.037524 -2.644472
v 13.090465 1.673499 -2.887706
v 12.740440 1.824442 -2.366779
v 12.740440 1.498487 -2.584575
v 12.262298 1.746449 -2.265136
v 12.262298 1.434428 -2.473622
v 11.784155 1.824442 -2.366779
v 11.784155 1.498487 -2.584575
v 11.784155 1.146893 -2.757962
v 11.434130 1.673499 -2.887706
v 11.434130 1.280841 -3.081343
v 11.434130 0.866267 -3.222072
v 11.306012 1.463819 -3.523089
v 11.306012 0.990019 -3.683923
v 11.434130 1.646796 -3.964835
v 11.434130 1.113771 -4.145772
v 11.784155 1.780745 -4.288216
v 11.784155 1.204365 -4.483871
v 12.262298 1.829773 -4.406581
v 12.262298 1.237524 -4.607623
v 12.740440 1.780745 -4.288216
v 12.740440 1.204365 -4.483871
v 13.090465 1.646796 -3.964835
v 13.090465 1.113771 -4.145772
v 13.218583 1.463819 -3.523089
v 13.218583 0.990019 -3.683923
v 13.090465 1.280841 -3.081343
v 13.090465 0.866267 -3.222072
v 12.740440 1.146893 -2.757962
v 12.740440 0.775674 -2.883974
v 12.262298 1.097864 -2.639596
v 12.262298 0.742514 -2.760222
v 12.262298 0.374461 -2.833432
v 11.784155 0.775674 -2.883974
v 11.784155 0.391184 -2.960454
v 11.784155 -0.000000 -2.986094
v 11.434130 0.436872 -3.307484
v 11.434130 -0.000000 -3.336118
v 11.306012 0.499282 -3.781536
v 11.306012 -0.000000 -3.814261
v 11.434130 0.561692 -4.255588
v 11.434130 -0.000000 -4.292403
v 11.784155 0.607379 -4.602618
v 11.784155 -0.000000 -4.642428
v 12.262298 0.624102 -4.729640
v 12.262298 -0.000000 -4.770546
v 12.740440 0.607379 -4.602618
v 12.740440 -0.000000 -4.642428
v 13.090465 0.561692 -4.255588
v 13.090465 -0.000000 -4.292403
v 13.218583 0.499282 -3.781536
v 13.218583 -0.000000 -3.814261
v 13.090465 0.436871 -3.307484
v 13.090465 -0.000000 -3.336118
v 12.740440 0.391184 -2.960454
v 12.740440 -0.000000 -2.986094
v 12.740440 -0.391183 -2.960454
v 12.262298 -0.000000 -2.857975
v 12.262298 -0.374460 -2.833432
v 12.262298 -0.742515 -2.760222
v 11.784155 -0.391183 -2.960454
v 11.784155 -0.775674 -2.883974
v 11.434130 -0.436870 -3.307484
v 11.434130 -0.866267 -3.222072
v 11.306012 -0.499280 -3.781536
v 11.306012 -0.990020 -3.683922
v 11.434130 -0.561691 -4.255588
v 11.434130 -1.113772 -4.145772
v 11.784155 -0.607378 -4.602618
v 11.784155 -1.204365 -4.483871
v 12.262298 -0.624101 -4.729640
v 12.262298 -1.237525 -4.607623
v 12.740440 -0.607378 -4.602618
v 12.740440 -1.204365 -4.483871
v 13.090465 -0.561691 -4.255588
v 13.090465 -1.113772 -4.145772
v 13.218583 -0.499280 -3.781536
v 13.218583 -0.990020 -3.683922
v 13.090465 -0.436870 -3.307484
v 13.090465 -0.866267 -3.222072
v 13.090465 -1.280842 -3.081343
v 12.740440 -0.775674 -2.883974
v 12.740440 -1.146893 -2.757962
v 12.740440 -1.498487 -2.584575
v 12.262298 -1.097864 -2.639596
v 12.262297 -1.434428 -2.473622
v 11.784155 -1.146893 -2.757962
v 11.784155 -1.498487 -2.584575
v 11.434130 -1.280842 -3.081343
v 11.434130 -1.673499 -2.887706
v 11.306011 -1.463819 -3.523089
v 11.306011 -1.912570 -3.301789
v 11.434130 -1.646797 -3.964835
v 11.434130 -2.151642 -3.715873
v 11.784155 -1.780745 -4.288216
v 11.784155 -2.326654 -4.019003
v 12.262297 -1.829774 -4.406581
v 12.262297 -2.390713 -4.129956
v 12.740440 -1.780745 -4.288216
v 12.740440 -2.326654 -4.019003
v 13.090465 -1.646797 -3.964835
v 13.090465 -2.151642 -3.715873
v 13.218583 -1.463819 -3.523089
v 13.218583 -1.912571 -3.301789
v 13.218582 -2.328599 -3.023808
v 13.090465 -1.673499 -2.887706
v 13.090465 -2.037524 -2.644472
v 13.090465 -2.366686 -2.355805
v 12.740440 -1.824443 -2.366778
v 12.740440 -2.119181 -2.108300
v 12.262297 -1.746449 -2.265136
v 12.262297 -2.028588 -2.017707
v 11.784155 -1.824443 -2.366778
v 11.784155 -2.119181 -2.108300
v 11.434130 -2.037524 -2.644472
v 11.434130 -2.366686 -2.355805
v 11.306011 -2.328599 -3.023808
v 11.306011 -2.704783 -2.693903
v 11.434130 -2.619674 -3.403144
v 11.434130 -3.042881 -3.032001
v 11.784155 -2.832756 -3.680837
v 11.784155 -3.290386 -3.279505
v 12.262297 -2.910749 -3.782480
v 12.262298 -3.380979 -3.370099
v 12.740440 -2.832756 -3.680837
v 12.740440 -3.290386 -3.279505
v 13.090465 -2.619674 -3.403144
v 13.090465 -3.042881 -3.032001
v 13.090465 -3.414026 -2.608792
v 13.218583 -2.704783 -2.693903
v 13.218583 -3.034689 -2.317717
v 13.218583 -3.312670 -1.901690
v 13.090465 -2.655353 -2.026643
v 13.090465 -2.898586 -1.662619
v 12.740440 -2.377660 -1.813561
v 12.740440 -2.595456 -1.487607
v 12.262297 -2.276017 -1.735568
v 12.262297 -2.484502 -1.423548
v 11.784155 -2.377660 -1.813561
v 11.784155 -2.595456 -1.487607
v 11.434130 -2.655353 -2.026643
v 11.434130 -2.898586 -1.662619
v 11.306011 -3.034689 -2.317717
v 11.306011 -3.312670 -1.901690
v 11.434130 -3.414026 -2.608792
v 11.434130 -3.726753 -2.140762
v 11.784155 -3.691719 -2.821874
v 11.784155 -4.029883 -2.315774
v 12.262298 -3.793362 -2.899867
v 12.262297 -4.140837 -2.379833
v 12.740440 -3.691719 -2.821874
v 12.740440 -4.029884 -2.315774
v 12.740440 -4.299098 -1.769863
v 13.090465 -3.726753 -2.140762
v 13.090465 -3.975716 -1.635914
v 13.090465 -4.156654 -1.102891
v 13.218582 -3.533970 -1.452937
v 13.218582 -3.694803 -0.979138
v 13.090465 -3.092224 -1.269960
v 13.090465 -3.232953 -0.855386
v 12.740440 -2.768843 -1.136011
v 12.740440 -2.894855 -0.764793
v 12.262297 -2.650478 -1.086983
v 12.262297 -2.771103 -0.731634
v 11.784155 -2.768843 -1.136011
v 11.784155 -2.894855 -0.764793
v 11.434130 -3.092224 -1.269960
v 11.434130 -3.232953 -0.855386
v 11.306011 -3.533970 -1.452937
v 11.306011 -3.694803 -0.979138
v 11.434130 -3.975716 -1.635914
v 11.434130 -4.156653 -1.102891
v 11.784154 -4.299097 -1.769863
v 11.784154 -4.494751 -1.193484
v 12.262297 -4.417463 -1.818892
v 12.262297 -4.618504 -1.226643
v 12.740440 -4.494752 -1.193484
v 12.740440 -4.613500 -0.596498
v 11.784155 -4.613499 -0.596498
v 11.434130 -4.266469 -0.550810
v 11.306011 -3.792417 -0.488400
v 11.434130 -4.303284 0.010881
v 12.740440 -2.971335 -0.380303
v -0.004707 -4.781430 -11.808326
v -0.004707 -4.653312 -11.330183
v 0.619394 -4.740524 -11.808326
v -0.004707 -4.653312 -12.286468
v -0.628808 -4.740524 -11.808326
v -1.242229 -4.618507 -11.808326
v -0.612085 -4.613503 -11.330183
v -0.612085 -4.613503 -12.286468
v -0.566398 -4.266472 -12.636493
v -1.209070 -4.494755 -12.286468
v -1.118477 -4.156656 -12.636493
v -1.785454 -4.299100 -12.286468
v -1.651503 -3.975719 -12.636493
v -2.331362 -4.029886 -12.286468
v -1.834482 -4.417465 -11.808326
v -2.395420 -4.140840 -11.808326
v -1.785454 -4.299100 -11.330183
v -2.331362 -4.029886 -11.330183
v -1.651503 -3.975719 -10.980158
v -1.209070 -4.494755 -11.330183
v -1.118477 -4.156656 -10.980158
v -0.994725 -3.694806 -10.852040
v -0.566398 -4.266472 -10.980158
v -0.503988 -3.792420 -10.852040
v -0.004707 -4.303287 -10.980158
v 0.556985 -4.266472 -10.980158
v -0.004707 -3.825145 -10.852040
v 0.494575 -3.792420 -10.852040
v -0.004707 -3.347002 -10.980158
v 0.432164 -3.318368 -10.980158
v -0.004707 -2.996977 -11.330183
v -0.441578 -3.318368 -10.980158
v -0.870974 -3.232956 -10.980158
v -0.395890 -2.971337 -11.330183
v -0.780380 -2.894858 -11.330183
v -0.379168 -2.844316 -11.808326
v -0.747221 -2.771105 -11.808326
v -0.395890 -2.971337 -12.286468
v -0.004707 -2.868860 -11.808326
v 0.369754 -2.844316 -11.808326
v -0.004707 -2.996977 -12.286468
v 0.386477 -2.971338 -12.286468
v -0.004707 -3.347002 -12.636493
v 0.432164 -3.318368 -12.636493
v -0.004707 -3.825145 -12.764610
v -0.441578 -3.318368 -12.636493
v -0.870974 -3.232956 -12.636493
v -0.503988 -3.792420 -12.764610
v -0.994725 -3.694806 -12.764610
v -1.468527 -3.533973 -12.764610
v -1.285549 -3.092226 -12.636493
v -1.917278 -3.312673 -12.764610
v -1.678205 -2.898589 -12.636493
v -2.333305 -3.034692 -12.764610
v -2.156349 -3.726756 -12.636493
v -2.624380 -3.414029 -12.636493
v -3.047590 -3.042883 -12.636493
v -2.837461 -3.691722 -12.286468
v -3.295095 -3.290388 -12.286468
v -2.915455 -3.793364 -11.808326
v -3.385687 -3.380981 -11.808326
v -2.837461 -3.691722 -11.330183
v -3.295095 -3.290388 -11.330183
v -2.624380 -3.414029 -10.980158
v -3.047590 -3.042883 -10.980158
v -2.333305 -3.034692 -10.852040
v -2.156349 -3.726756 -10.980158
v -1.917278 -3.312673 -10.852040
v -1.678205 -2.898589 -10.980158
v -1.468527 -3.533973 -10.852040
v -1.285549 -3.092226 -10.980158
v -1.151600 -2.768846 -11.330183
v -1.503195 -2.595458 -11.330183
v -1.102571 -2.650480 -11.808326
v -1.439135 -2.484505 -11.808326
v -1.151600 -2.768846 -12.286468
v -1.503195 -2.595458 -12.286468
v -0.780380 -2.894858 -12.286468
v -1.829149 -2.377663 -12.286468
v -1.751156 -2.276020 -11.808326
v -2.123890 -2.119182 -12.286468
v -2.042231 -2.655356 -12.636493
v -2.371393 -2.366687 -12.636493
v -2.660059 -2.037526 -12.636493
v -2.709492 -2.704785 -12.764610
v -3.039396 -2.328601 -12.764610
v -3.317377 -1.912573 -12.764610
v -3.418732 -2.619676 -12.636493
v -3.731461 -2.151645 -12.636493
v -3.696426 -2.832757 -12.286468
v -4.034590 -2.326657 -12.286468
v -3.798069 -2.910751 -11.808326
v -4.145544 -2.390716 -11.808326
v -3.696426 -2.832757 -11.330183
v -4.034590 -2.326657 -11.330183
v -3.418732 -2.619676 -10.980158
v -3.731461 -2.151645 -10.980158
v -3.039396 -2.328601 -10.852040
v -3.317377 -1.912573 -10.852040
v -2.660059 -2.037526 -10.980158
v -2.709492 -2.704785 -10.852040
v -2.371393 -2.366687 -10.980158
v -2.123890 -2.119182 -11.330183
v -2.042231 -2.655356 -10.980158
v -1.829149 -2.377663 -11.330183
v -2.382366 -1.824444 -11.330183
v -2.033297 -2.028590 -11.808326
v -2.280724 -1.746451 -11.808326
v -2.489208 -1.434431 -11.808326
v -2.382366 -1.824444 -12.286468
v -2.600163 -1.498490 -12.286468
v -2.773550 -1.146896 -12.286468
v -2.903294 -1.673502 -12.636493
v -3.096930 -1.280845 -12.636493
v -3.237659 -0.866268 -12.636493
v -3.538677 -1.463822 -12.764610
v -3.699511 -0.990021 -12.764610
v -3.980423 -1.646799 -12.636493
v -4.161360 -1.113773 -12.636493
v -4.303802 -1.780748 -12.286468
v -4.499458 -1.204366 -12.286468
v -4.422169 -1.829777 -11.808326
v -4.623211 -1.237525 -11.808326
v -4.303802 -1.780748 -11.330183
v -4.499458 -1.204366 -11.330183
v -3.980423 -1.646799 -10.980158
v -4.161360 -1.113773 -10.980158
v -3.538677 -1.463822 -10.852040
v -3.699511 -0.990021 -10.852040
v -3.096930 -1.280845 -10.980158
v -3.237659 -0.866268 -10.980158
v -2.773550 -1.146896 -11.330183
v -2.903294 -1.673502 -10.980158
v -2.600163 -1.498490 -11.330183
v -2.899563 -0.775676 -11.330183
v -2.655184 -1.097867 -11.808326
v -2.775810 -0.742516 -11.808326
v -2.849020 -0.374463 -11.808326
v -2.899563 -0.775676 -12.286468
v -2.976042 -0.391186 -12.286468
v -3.001680 -0.000003 -12.286468
v -3.323072 -0.436873 -12.636493
v -3.351706 -0.000003 -12.636493
v -3.797123 -0.499283 -12.764610
v -3.829847 -0.000003 -12.764610
v -4.271177 -0.561693 -12.636493
v -4.307991 -0.000003 -12.636493
v -4.618206 -0.607381 -12.286468
v -4.658016 -0.000003 -12.286468
v -4.745228 -0.624103 -11.808326
v -4.786133 -0.000003 -11.808326
v -4.618206 -0.607381 -11.330183
v -4.658016 -0.000003 -11.330183
v -4.271177 -0.561693 -10.980158
v -4.307991 -0.000003 -10.980158
v -3.797123 -0.499283 -10.852040
v -3.829847 -0.000003 -10.852040
v -3.323072 -0.436873 -10.980158
v -3.351706 -0.000003 -10.980158
v -2.976042 -0.391186 -11.330183
v -3.001680 -0.000003 -11.330183
v -2.976042 0.391183 -11.330183
v -2.873564 -0.000003 -11.808326
v -2.849020 0.374460 -11.808326
v -2.775808 0.742513 -11.808326
v -2.976042 0.391183 -12.286468
v -2.899563 0.775672 -12.286468
v -3.323072 0.436870 -12.636493
v -3.237659 0.866265 -12.636493
v -3.797123 0.499281 -12.764610
v -3.699509 0.990018 -12.764610
v -4.271175 0.561691 -12.636493
v -4.161360 1.113770 -12.636493
v -4.618206 0.607379 -12.286468
v -4.499458 1.204364 -12.286468
v -4.745228 0.624101 -11.808326
v -4.623209 1.237523 -11.808326
v -4.618206 0.607379 -11.330183
v -4.499458 1.204364 -11.330183
v -4.271175 0.561691 -10.980158
v -4.161360 1.113770 -10.980158
v -3.797123 0.499281 -10.852040
v -3.699509 0.990018 -10.852040
v -3.323072 0.436870 -10.980158
v -3.237659 0.866265 -10.980158
v -3.096931 1.280838 -10.980158
v -2.899563 0.775672 -11.330183
v -2.773550 1.146890 -11.330183
v -2.600163 1.498484 -11.330183
v -2.655184 1.097861 -11.808326
v -2.489208 1.434425 -11.808326
v -2.773550 1.146890 -12.286468
v -2.600163 1.498484 -12.286468
v -3.096931 1.280838 -12.636493
v -2.903294 1.673496 -12.636493
v -3.538677 1.463816 -12.764610
v -3.317377 1.912567 -12.764610
v -3.980423 1.646793 -12.636493
v -3.731461 2.151639 -12.636493
v -4.303802 1.780742 -12.286468
v -4.034592 2.326651 -12.286468
v -4.422169 1.829771 -11.808326
v -4.145544 2.390710 -11.808326
v -4.303802 1.780742 -11.330183
v -4.034592 2.326651 -11.330183
v -3.980423 1.646793 -10.980158
v -3.731461 2.151639 -10.980158
v -3.538677 1.463816 -10.852040
v -3.317377 1.912567 -10.852040
v -3.039394 2.328597 -10.852040
v -2.903294 1.673496 -10.980158
v -2.660059 2.037522 -10.980158
v -2.371393 2.366683 -10.980158
v -2.382366 1.824441 -11.330183
v -2.123886 2.119178 -11.330183
v -2.280722 1.746447 -11.808326
v -2.033295 2.028585 -11.808326
v -2.382366 1.824441 -12.286468
v -2.123886 2.119178 -12.286468
v -2.660059 2.037522 -12.636493
v -2.371393 2.366683 -12.636493
v -3.039394 2.328597 -12.764610
v -2.709490 2.704781 -12.764610
v -3.418732 2.619672 -12.636493
v -3.047586 3.042880 -12.636493
v -3.696424 2.832754 -12.286468
v -3.295094 3.290384 -12.286468
v -3.798067 2.910747 -11.808326
v -3.385687 3.380977 -11.808326
v -3.696424 2.832754 -11.330183
v -3.295094 3.290384 -11.330183
v -3.418732 2.619672 -10.980158
v -3.047586 3.042880 -10.980158
v -2.624380 3.414022 -10.980158
v -2.709490 2.704781 -10.852040
v -2.333305 3.034686 -10.852040
v -1.917278 3.312667 -10.852040
v -2.042231 2.655350 -10.980158
v -1.678205 2.898583 -10.980158
v -1.829149 2.377656 -11.330183
v -1.503195 2.595453 -11.330183
v -1.751156 2.276013 -11.808326
v -1.439135 2.484500 -11.808326
v -1.829149 2.377656 -12.286468
v -1.503195 2.595453 -12.286468
v -2.042231 2.655350 -12.636493
v -1.678205 2.898583 -12.636493
v -2.333305 3.034686 -12.764610
v -1.917278 3.312667 -12.764610
v -2.624380 3.414022 -12.636493
v -2.156349 3.726751 -12.636493
v -2.837461 3.691715 -12.286468
v -2.331360 4.029881 -12.286468
v -2.915455 3.793358 -11.808326
v -2.395420 4.140835 -11.808326
v -2.837461 3.691715 -11.330183
v -2.331360 4.029881 -11.330183
v -1.785450 4.299095 -11.330183
v -2.156349 3.726751 -10.980158
v -1.651501 3.975714 -10.980158
v -1.118479 4.156650 -10.980158
v -1.468525 3.533968 -10.852040
v -0.994726 3.694800 -10.852040
v -1.285547 3.092221 -10.980158
v -0.870975 3.232950 -10.980158
v -1.151598 2.768840 -11.330183
v -0.780381 2.894852 -11.330183
v -1.102570 2.650475 -11.808326
v -0.747221 2.771099 -11.808326
v -1.151598 2.768840 -12.286468
v -0.780381 2.894852 -12.286468
v -1.285547 3.092221 -12.636493
v -0.870974 3.232950 -12.636493
v -1.468525 3.533968 -12.764610
v -0.994725 3.694800 -12.764610
v -1.651501 3.975714 -12.636493
v -1.118479 4.156650 -12.636493
v -1.785450 4.299095 -12.286468
v -1.209070 4.494749 -12.286468
v -1.834478 4.417460 -11.808326
v -1.242231 4.618501 -11.808326
v -0.628810 4.740518 -11.808326
v -1.209070 4.494749 -11.330183
v -0.612086 4.613496 -11.330183
v -0.004707 4.653306 -11.330183
v -0.566399 4.266466 -10.980158
v -0.004707 4.303281 -10.980158
v -0.503989 3.792414 -10.852040
v -0.004707 3.825138 -10.852040
v -0.441578 3.318362 -10.980158
v -0.004707 3.346996 -10.980158
v -0.395890 2.971331 -11.330183
v -0.004707 2.996971 -11.330183
v -0.379169 2.844309 -11.808326
v -0.004707 2.868853 -11.808326
v -0.395890 2.971331 -12.286468
v -0.004707 2.996971 -12.286468
v -0.441578 3.318362 -12.636493
v -0.004707 3.346996 -12.636493
v -0.503989 3.792414 -12.764610
v -0.004707 3.825138 -12.764610
v -0.566399 4.266466 -12.636493
v -0.004707 4.303281 -12.636493
v -0.612086 4.613496 -12.286468
v -0.004707 4.653306 -12.286468
v 0.602673 4.613496 -12.286468
v -0.004707 4.781424 -11.808326
v 0.619394 4.740518 -11.808326
v 1.232817 4.618501 -11.808326
v 0.602673 4.613496 -11.330183
v 1.199657 4.494749 -11.330183
v 0.556985 4.266466 -10.980158
v 1.109064 4.156650 -10.980158
v 0.494575 3.792414 -10.852040
v 0.985312 3.694800 -10.852040
v 0.432164 3.318362 -10.980158
v 0.861559 3.232950 -10.980158
v 0.386477 2.971331 -11.330183
v 0.770967 2.894852 -11.330183
v 0.369755 2.844309 -11.808326
v 0.737807 2.771099 -11.808326
v 0.386477 2.971331 -12.286468
v 0.770967 2.894852 -12.286468
v 0.432164 3.318362 -12.636493
v 0.861559 3.232950 -12.636493
v 0.494576 3.792414 -12.764610
v 0.985312 3.694800 -12.764610
v 0.556985 4.266466 -12.636493
v 1.109064 4.156650 -12.636493
v 1.642089 3.975713 -12.636493
v 1.199657 4.494749 -12.286468
v 1.776037 4.299093 -12.286468
v 2.321949 4.029879 -12.286468
v 1.825067 4.417459 -11.808326
v 2.386007 4.140833 -11.808326
v 1.776037 4.299093 -11.330183
v 2.321949 4.029879 -11.330183
v 1.642089 3.975713 -10.980158
v 2.146936 3.726750 -10.980158
v 1.459111 3.533967 -10.852040
v 1.907865 3.312666 -10.852040
v 1.276134 3.092220 -10.980158
v 1.668794 2.898582 -10.980158
v 1.142185 2.768839 -11.330183
v 1.493781 2.595452 -11.330183
v 1.093157 2.650474 -11.808326
v 1.429722 2.484499 -11.808326
v 1.142185 2.768839 -12.286468
v 1.493781 2.595452 -12.286468
v 1.276134 3.092220 -12.636493
v 1.668794 2.898582 -12.636493
v 1.459111 3.533967 -12.764610
v 1.907865 3.312666 -12.764610
v 2.323892 3.034686 -12.764610
v 2.146936 3.726750 -12.636493
v 2.614966 3.414021 -12.636493
v 3.038174 3.042879 -12.636493
v 2.828048 3.691715 -12.286468
v 3.285678 3.290384 -12.286468
v 2.906040 3.793358 -11.808326
v 3.376271 3.380977 -11.808326
v 2.828048 3.691715 -11.330183
v 3.285678 3.290384 -11.330183
v 2.614966 3.414021 -10.980158
v 3.038174 3.042879 -10.980158
v 2.323892 3.034686 -10.852040
v 2.700075 2.704781 -10.852040
v 2.032817 2.655350 -10.980158
v 2.361978 2.366683 -10.980158
v 1.819735 2.377656 -11.330183
v 2.114473 2.119178 -11.330183
v 1.741742 2.276013 -11.808326
v 2.023880 2.028585 -11.808326
v 1.819735 2.377656 -12.286468
v 2.114473 2.119178 -12.286468
v 2.032817 2.655350 -12.636493
v 2.361978 2.366683 -12.636493
v 2.650646 2.037521 -12.636493
v 2.700075 2.704781 -12.764610
v 3.029982 2.328595 -12.764610
v 3.307963 1.912567 -12.764610
v 3.409318 2.619670 -12.636493
v 3.722048 2.151638 -12.636493
v 3.687011 2.832752 -12.286468
v 4.025178 2.326651 -12.286468
v 3.788654 2.910745 -11.808326
v 4.136131 2.390709 -11.808326
v 3.687011 2.832752 -11.330183
v 4.025178 2.326651 -11.330183
v 3.409318 2.619670 -10.980158
v 3.722048 2.151638 -10.980158
v 3.029982 2.328595 -10.852040
v 3.307963 1.912567 -10.852040
v 2.650646 2.037521 -10.980158
v 2.893880 1.673496 -10.980158
v 2.372952 1.824439 -11.330183
v 2.590749 1.498484 -11.330183
v 2.271310 1.746446 -11.808326
v 2.479795 1.434425 -11.808326
v 2.372952 1.824439 -12.286468
v 2.590749 1.498484 -12.286468
v 2.764135 1.146890 -12.286468
v 2.893880 1.673496 -12.636493
v 3.087517 1.280838 -12.636493
v 3.228246 0.866263 -12.636493
v 3.529263 1.463816 -12.764610
v 3.690097 0.990016 -12.764610
v 3.971010 1.646793 -12.636493
v 4.151947 1.113768 -12.636493
v 4.294391 1.780742 -12.286468
v 4.490045 1.204361 -12.286468
v 4.412756 1.829770 -11.808326
v 4.613797 1.237521 -11.808326
v 4.294391 1.780742 -11.330183
v 4.490045 1.204361 -11.330183
v 3.971010 1.646793 -10.980158
v 4.151947 1.113768 -10.980158
v 3.529263 1.463816 -10.852040
v 3.690097 0.990016 -10.852040
v 3.087517 1.280838 -10.980158
v 3.228246 0.866263 -10.980158
v 2.764135 1.146890 -11.330183
v 2.890148 0.775670 -11.330183
v 2.645770 1.097861 -11.808326
v 2.766396 0.742511 -11.808326
v 2.839605 0.374458 -11.808326
v 2.890148 0.775670 -12.286468
v 2.966628 0.391181 -12.286468
v 2.992267 -0.000003 -12.286468
v 3.313658 0.436868 -12.636493
v 3.342292 -0.000003 -12.636493
v 3.787710 0.499279 -12.764610
v 3.820435 -0.000003 -12.764610
v 4.261762 0.561689 -12.636493
v 4.298577 -0.000004 -12.636493
v 4.608791 0.607376 -12.286468
v 4.648602 -0.000004 -12.286468
v 4.735814 0.624099 -11.808326
v 4.776720 -0.000004 -11.808326
v 4.608791 0.607376 -11.330183
v 4.648602 -0.000004 -11.330183
v 4.261762 0.561689 -10.980158
v 4.298577 -0.000004 -10.980158
v 3.787710 0.499279 -10.852040
v 3.820435 -0.000003 -10.852040
v 3.313658 0.436868 -10.980158
v 3.342292 -0.000003 -10.980158
v 2.966628 0.391181 -11.330183
v 2.992267 -0.000003 -11.330183
v 2.966628 -0.391186 -11.330183
v 2.864149 -0.000003 -11.808326
v 2.839605 -0.374463 -11.808326
v 2.766396 -0.742518 -11.808326
v 2.966628 -0.391186 -12.286468
v 2.890148 -0.775677 -12.286468
v 3.313658 -0.436874 -12.636493
v 3.228246 -0.866270 -12.636493
v 3.787710 -0.499284 -12.764610
v 3.690097 -0.990023 -12.764610
v 4.261763 -0.561694 -12.636493
v 4.151947 -1.113775 -12.636493
v 4.608793 -0.607381 -12.286468
v 4.490045 -1.204368 -12.286468
v 4.735814 -0.624104 -11.808326
v 4.613797 -1.237528 -11.808326
v 4.608793 -0.607381 -11.330183
v 4.490045 -1.204368 -11.330183
v 4.261763 -0.561694 -10.980158
v 4.151947 -1.113775 -10.980158
v 3.787710 -0.499284 -10.852040
v 3.690097 -0.990023 -10.852040
v 3.313658 -0.436874 -10.980158
v 3.228246 -0.866270 -10.980158
v 3.087516 -1.280845 -10.980158
v 2.890148 -0.775677 -11.330183
v 2.764135 -1.146896 -11.330183
v 2.590749 -1.498490 -11.330183
v 2.645770 -1.097868 -11.808326
v 2.479795 -1.434431 -11.808326
v 2.764135 -1.146896 -12.286468
v 2.590749 -1.498490 -12.286468
v 3.087516 -1.280845 -12.636493
v 2.893880 -1.673502 -12.636493
v 3.529263 -1.463822 -12.764610
v 3.307962 -1.912574 -12.764610
v 3.971008 -1.646800 -12.636493
v 3.722048 -2.151645 -12.636493
v 4.294389 -1.780749 -12.286468
v 4.025177 -2.326658 -12.286468
v 4.412756 -1.829777 -11.808326
v 4.136130 -2.390716 -11.808326
v 4.294389 -1.780749 -11.330183
v 4.025177 -2.326658 -11.330183
v 3.971008 -1.646800 -10.980158
v 3.722048 -2.151645 -10.980158
v 3.529263 -1.463822 -10.852040
v 3.307962 -1.912574 -10.852040
v 3.029982 -2.328602 -10.852040
v 2.893880 -1.673502 -10.980158
v 2.650646 -2.037527 -10.980158
v 2.361979 -2.366688 -10.980158
v 2.372952 -1.824446 -11.330183
v 2.114474 -2.119183 -11.330183
v 2.271310 -1.746452 -11.808326
v 2.023881 -2.028591 -11.808326
v 2.372952 -1.824446 -12.286468
v 2.114474 -2.119183 -12.286468
v 2.650646 -2.037527 -12.636493
v 2.361979 -2.366688 -12.636493
v 3.029982 -2.328602 -12.764610
v 2.700077 -2.704787 -12.764610
v 3.409318 -2.619677 -12.636493
v 3.038175 -3.042885 -12.636493
v 3.687011 -2.832759 -12.286468
v 3.285679 -3.290389 -12.286468
v 3.788653 -2.910752 -11.808326
v 3.376272 -3.380982 -11.808326
v 3.687011 -2.832759 -11.330183
v 3.285679 -3.290389 -11.330183
v 3.409318 -2.619677 -10.980158
v 3.038175 -3.042885 -10.980158
v 2.614966 -3.414029 -10.980158
v 2.700077 -2.704787 -10.852040
v 2.323892 -3.034692 -10.852040
v 1.907865 -3.312673 -10.852040
v 2.032816 -2.655356 -10.980158
v 1.668794 -2.898589 -10.980158
v 1.819735 -2.377663 -11.330183
v 1.493781 -2.595459 -11.330183
v 1.741742 -2.276020 -11.808326
v 1.429721 -2.484505 -11.808326
v 1.819735 -2.377663 -12.286468
v 1.493781 -2.595459 -12.286468
v 2.032816 -2.655356 -12.636493
v 1.668794 -2.898589 -12.636493
v 2.323892 -3.034692 -12.764610
v 1.907865 -3.312673 -12.764610
v 2.614966 -3.414029 -12.636493
v 2.146936 -3.726757 -12.636493
v 2.828048 -3.691722 -12.286468
v 2.321949 -4.029887 -12.286468
v 2.906040 -3.793365 -11.808326
v 2.386007 -4.140841 -11.808326
v 2.828048 -3.691722 -11.330183
v 2.321949 -4.029887 -11.330183
v 1.776037 -4.299101 -11.330183
v 2.146936 -3.726757 -10.980158
v 1.642089 -3.975720 -10.980158
v 1.109065 -4.156656 -10.980158
v 1.459111 -3.533973 -10.852040
v 0.985312 -3.694806 -10.852040
v 1.276134 -3.092227 -10.980158
v 0.861561 -3.232956 -10.980158
v 1.142185 -2.768846 -11.330183
v 0.770967 -2.894858 -11.330183
v 1.093157 -2.650481 -11.808326
v 0.737808 -2.771106 -11.808326
v 1.142185 -2.768846 -12.286468
v 0.770967 -2.894858 -12.286468
v 1.276134 -3.092227 -12.636493
v 0.861561 -3.232956 -12.636493
v 1.459111 -3.533973 -12.764610
v 0.985312 -3.694806 -12.764610
v 1.642089 -3.975720 -12.636493
v 1.109065 -4.156656 -12.636493
v 1.776037 -4.299101 -12.286468
v 1.199658 -4.494754 -12.286468
v 1.825066 -4.417466 -11.808326
v 1.232818 -4.618507 -11.808326
v 1.199658 -4.494754 -11.330183
v 0.602673 -4.613503 -11.330183
v 0.602673 -4.613503 -12.286468
v 0.556985 -4.266472 -12.636493
v 0.494575 -3.792420 -12.764610
v -0.004707 -4.303287 -12.636493
v 0.386477 -2.971338 -11.330183
v -15.914261 16.326284 -14.636400
v -15.693235 16.224737 -14.975620
v -15.435831 19.449692 -15.516500
v -16.072927 16.478460 -14.281573
v -16.163137 16.675419 -13.924774
v -16.181421 16.909592 -13.579716
v -16.127077 17.171976 -13.259659
v -16.002195 17.452488 -12.976901
v -15.811571 17.740353 -12.742310
v -15.562536 18.024509 -12.564898
v -15.264654 18.294027 -12.451488
v -14.929377 18.538559 -12.406438
v -14.569588 18.748699 -12.431475
v -14.199110 18.916380 -12.525639
v -13.832188 19.035149 -12.685314
v -13.482914 19.100452 -12.904357
v -13.164719 19.109774 -13.174356
v -12.889824 19.062757 -13.484933
v -12.668797 18.961210 -13.824153
v -12.510130 18.809032 -14.178977
v -12.419920 18.612074 -14.535777
v -12.401636 18.377903 -14.880836
v -12.455978 18.115520 -15.200891
v -12.580862 17.835007 -15.483650
v -12.771484 17.547142 -15.718241
v -13.020523 17.262991 -15.895651
v -13.318401 16.993471 -16.009064
v -13.653681 16.748943 -16.054115
v -14.013470 16.538799 -16.029078
v -14.383947 16.371120 -15.934912
v -14.750870 16.252346 -15.775240
v -15.100142 16.187042 -15.556195
v -15.418339 16.177721 -15.286198
v -11.429165 -4.781427 0.007654
v -10.951021 -4.653309 0.007654
v -11.429165 -4.740521 -0.616447
v -11.907307 -4.653309 0.007654
v -11.429165 -4.740521 0.631755
v -11.429165 -4.618504 1.245177
v -10.951021 -4.613500 0.615032
v -11.907307 -4.613500 0.615032
v -12.257332 -4.266469 0.569345
v -11.907307 -4.494752 1.212018
v -12.257332 -4.156653 1.121425
v -11.907307 -4.299097 1.788400
v -12.257332 -3.975716 1.654451
v -11.907307 -4.029883 2.334309
v -11.429165 -4.417462 1.837429
v -11.429165 -4.140837 2.398368
v -10.951021 -4.299097 1.788400
v -10.951021 -4.029883 2.334309
v -10.600996 -3.975716 1.654451
v -10.951021 -4.494752 1.212018
v -10.600996 -4.156653 1.121425
v -10.472879 -3.694803 0.997672
v -10.600996 -4.266469 0.569345
v -10.472879 -3.792417 0.506935
v -10.600996 -4.303284 0.007654
v -10.600996 -4.266469 -0.554037
v -10.472879 -3.825142 0.007654
v -10.472879 -3.792417 -0.491627
v -10.600996 -3.346999 0.007654
v -10.600996 -3.318365 -0.429217
v -10.951021 -2.996974 0.007654
v -10.600996 -3.318365 0.444525
v -10.600996 -3.232953 0.873920
v -10.951021 -2.971335 0.398838
v -10.951021 -2.894855 0.783327
v -11.429165 -2.844313 0.382115
v -11.429165 -2.771102 0.750168
v -11.907307 -2.971334 0.398838
v -11.429165 -2.868856 0.007654
v -11.429165 -2.844313 -0.366807
v -11.907307 -2.996974 0.007654
v -11.907307 -2.971334 -0.383530
v -12.257332 -3.346999 0.007654
v -12.257332 -3.318365 -0.429217
v -12.385450 -3.825142 0.007654
v -12.257332 -3.318365 0.444525
v -12.257332 -3.232953 0.873920
v -12.385450 -3.792417 0.506935
v -12.385450 -3.694803 0.997672
v -12.385450 -3.533969 1.471474
v -12.257332 -3.092223 1.288496
v -12.385450 -3.312669 1.920225
v -12.257332 -2.898586 1.681154
v -12.385450 -3.034689 2.336252
v -12.257332 -3.726753 2.159297
v -12.257332 -3.414026 2.627327
v -12.257332 -3.042880 3.050537
v -11.907307 -3.691719 2.840408
v -11.907307 -3.290385 3.298042
v -11.429165 -3.793362 2.918402
v -11.429165 -3.380978 3.388635
v -10.951021 -3.691719 2.840408
v -10.951021 -3.290385 3.298042
v -10.600996 -3.414026 2.627327
v -10.600996 -3.042880 3.050537
v -10.472879 -3.034689 2.336252
v -10.600996 -3.726754 2.159297
v -10.472879 -3.312670 1.920225
v -10.600996 -2.898586 1.681154
v -10.472879 -3.533970 1.471474
v -10.600996 -3.092223 1.288496
v -10.951021 -2.768843 1.154547
v -10.951021 -2.595456 1.506141
v -11.429165 -2.650477 1.105519
v -11.429165 -2.484502 1.442082
v -11.907307 -2.768843 1.154547
v -11.907307 -2.595455 1.506141
v -11.907307 -2.894855 0.783327
v -11.907307 -2.377660 1.832096
v -11.429165 -2.276017 1.754103
v -11.907307 -2.119179 2.126836
v -12.257332 -2.655353 2.045177
v -12.257332 -2.366684 2.374341
v -12.257332 -2.037523 2.663007
v -12.385450 -2.704782 2.712439
v -12.385450 -2.328598 3.042343
v -12.385450 -1.912570 3.320324
v -12.257332 -2.619673 3.421679
v -12.257332 -2.151642 3.734408
v -11.907307 -2.832754 3.699373
v -11.907307 -2.326654 4.037538
v -11.429165 -2.910748 3.801016
v -11.429165 -2.390713 4.148491
v -10.951021 -2.832754 3.699373
v -10.951021 -2.326654 4.037538
v -10.600996 -2.619673 3.421679
v -10.600996 -2.151642 3.734408
v -10.472879 -2.328598 3.042343
v -10.472879 -1.912571 3.320324
v -10.600996 -2.037523 2.663007
v -10.472879 -2.704782 2.712439
v -10.600996 -2.366684 2.374341
v -10.951021 -2.119180 2.126836
v -10.600996 -2.655353 2.045177
v -10.951021 -2.377660 1.832096
v -10.951021 -1.824442 2.385314
v -11.429165 -2.028587 2.036243
v -11.429165 -1.746448 2.283671
v -11.429165 -1.434428 2.492156
v -11.907307 -1.824441 2.385314
v -11.907307 -1.498487 2.603110
v -11.907307 -1.146893 2.776497
v -12.257332 -1.673499 2.906240
v -12.257332 -1.280842 3.099877
v -12.257332 -0.866266 3.240607
v -12.385450 -1.463819 3.541624
v -12.385450 -0.990018 3.702457
v -12.257332 -1.646796 3.983370
v -12.257332 -1.113770 4.164308
v -11.907307 -1.780745 4.306751
v -11.907307 -1.204363 4.502406
v -11.429165 -1.829774 4.425116
v -11.429165 -1.237522 4.626159
v -10.951021 -1.780745 4.306751
v -10.951021 -1.204363 4.502406
v -10.600996 -1.646797 3.983370
v -10.600996 -1.113770 4.164308
v -10.472879 -1.463819 3.541624
v -10.472879 -0.990018 3.702457
v -10.600996 -1.280842 3.099877
v -10.600996 -0.866266 3.240607
v -10.951021 -1.146893 2.776497
v -10.600996 -1.673499 2.906240
v -10.951021 -1.498487 2.603110
v -10.951021 -0.775673 2.902509
v -11.429165 -1.097865 2.658131
v -11.429165 -0.742513 2.778757
v -11.429165 -0.374460 2.851967
v -11.907307 -0.775673 2.902509
v -11.907307 -0.391183 2.978988
v -11.907307 0.000000 3.004628
v -12.257332 -0.436870 3.326019
v -12.257332 0.000000 3.354653
v -12.385450 -0.499280 3.800071
v -12.385450 0.000000 3.832796
v -12.257332 -0.561691 4.274124
v -12.257332 0.000000 4.310938
v -11.907307 -0.607378 4.621154
v -11.907307 0.000000 4.660963
v -11.429165 -0.624101 4.748176
v -11.429165 0.000000 4.789081
v -10.951021 -0.607378 4.621154
v -10.951021 0.000000 4.660963
v -10.600996 -0.561691 4.274124
v -10.600996 0.000000 4.310938
v -10.472879 -0.499281 3.800071
v -10.472879 0.000000 3.832796
v -10.600996 -0.436870 3.326019
v -10.600996 0.000000 3.354653
v -10.951021 -0.391183 2.978988
v -10.951021 0.000000 3.004628
v -10.951021 0.391185 2.978988
v -11.429165 0.000000 2.876510
v -11.429165 0.374463 2.851966
v -11.429165 0.742516 2.778756
v -11.907307 0.391185 2.978988
v -11.907307 0.775675 2.902508
v -12.257332 0.436873 3.326019
v -12.257332 0.866268 3.240606
v -12.385450 0.499284 3.800071
v -12.385450 0.990021 3.702457
v -12.257332 0.561694 4.274123
v -12.257332 1.113773 4.164307
v -11.907307 0.607382 4.621153
v -11.907307 1.204367 4.502405
v -11.429165 0.624104 4.748175
v -11.429165 1.237526 4.626158
v -10.951021 0.607381 4.621153
v -10.951021 1.204367 4.502405
v -10.600996 0.561694 4.274123
v -10.600996 1.113773 4.164307
v -10.472879 0.499283 3.800071
v -10.472879 0.990021 3.702457
v -10.600996 0.436873 3.326019
v -10.600996 0.866268 3.240606
v -10.600996 1.280841 3.099878
v -10.951021 0.775675 2.902508
v -10.951021 1.146893 2.776497
v -10.951021 1.498487 2.603110
v -11.429165 1.097864 2.658131
v -11.429165 1.434428 2.492157
v -11.907307 1.146893 2.776497
v -11.907307 1.498487 2.603110
v -12.257332 1.280841 3.099878
v -12.257332 1.673499 2.906240
v -12.385450 1.463819 3.541624
v -12.385450 1.912570 3.320324
v -12.257332 1.646796 3.983370
v -12.257332 2.151641 3.734408
v -11.907307 1.780745 4.306751
v -11.907307 2.326654 4.037539
v -11.429165 1.829773 4.425117
v -11.429165 2.390713 4.148492
v -10.951021 1.780745 4.306751
v -10.951021 2.326654 4.037539
v -10.600996 1.646796 3.983370
v -10.600996 2.151641 3.734408
v -10.472879 1.463819 3.541624
v -10.472879 1.912570 3.320324
v -10.472879 2.328600 3.042342
v -10.600996 1.673499 2.906240
v -10.600996 2.037525 2.663006
v -10.600996 2.366686 2.374339
v -10.951021 1.824444 2.385312
v -10.951021 2.119181 2.126834
v -11.429165 1.746450 2.283669
v -11.429165 2.028588 2.036241
v -11.907307 1.824444 2.385312
v -11.907307 2.119181 2.126834
v -12.257332 2.037525 2.663006
v -12.257332 2.366686 2.374339
v -12.385450 2.328600 3.042342
v -12.385450 2.704784 2.712437
v -12.257332 2.619675 3.421677
v -12.257332 3.042882 3.050534
v -11.907307 2.832757 3.699371
v -11.907307 3.290387 3.298039
v -11.429165 2.910750 3.801013
v -11.429165 3.380980 3.388633
v -10.951021 2.832757 3.699371
v -10.951021 3.290387 3.298039
v -10.600996 2.619675 3.421677
v -10.600996 3.042882 3.050534
v -10.600996 3.414025 2.627327
v -10.472879 2.704784 2.712437
v -10.472879 3.034689 2.336252
v -10.472879 3.312670 1.920224
v -10.600996 2.655353 2.045178
v -10.600996 2.898586 1.681153
v -10.951021 2.377659 1.832096
v -10.951021 2.595456 1.506140
v -11.429165 2.276016 1.754103
v -11.429165 2.484503 1.442082
v -11.907307 2.377659 1.832096
v -11.907307 2.595456 1.506140
v -12.257332 2.655353 2.045178
v -12.257332 2.898586 1.681153
v -12.385450 3.034689 2.336252
v -12.385450 3.312670 1.920224
v -12.257332 3.414025 2.627327
v -12.257332 3.726754 2.159295
v -11.907307 3.691718 2.840409
v -11.907307 4.029885 2.334307
v -11.429165 3.793361 2.918402
v -11.429165 4.140838 2.398366
v -10.951021 3.691718 2.840409
v -10.951021 4.029885 2.334307
v -10.951021 4.299098 1.788396
v -10.600996 3.726754 2.159295
v -10.600996 3.975717 1.654448
v -10.600996 4.156653 1.121425
v -10.472879 3.533971 1.471471
v -10.472879 3.694803 0.997673
v -10.600996 3.092224 1.288494
v -10.600996 3.232953 0.873921
v -10.951021 2.768843 1.154545
v -10.951021 2.894855 0.783328
v -11.429165 2.650478 1.105517
v -11.429165 2.771102 0.750168
v -11.907307 2.768843 1.154545
v -11.907307 2.894855 0.783328
v -12.257332 3.092224 1.288494
v -12.257332 3.232953 0.873921
v -12.385450 3.533971 1.471471
v -12.385450 3.694803 0.997673
v -12.257332 3.975717 1.654448
v -12.257332 4.156653 1.121425
v -11.907307 4.299098 1.788396
v -11.907307 4.494752 1.212018
v -11.429165 4.417463 1.837425
v -11.429165 4.618504 1.245178
v -11.429165 4.740521 0.631756
v -10.951021 4.494752 1.212018
v -10.951021 4.613499 0.615033
v -10.951021 4.653309 0.007654
v -10.600996 4.266469 0.569346
v -10.600996 4.303284 0.007654
v -10.472879 3.792417 0.506936
v -10.472879 3.825141 0.007654
v -10.600996 3.318365 0.444525
v -10.600996 3.346999 0.007654
v -10.951021 2.971334 0.398838
v -10.951021 2.996974 0.007654
v -11.429165 2.844313 0.382115
v -11.429165 2.868856 0.007654
v -11.907307 2.971334 0.398838
v -11.907307 2.996974 0.007654
v -12.257332 3.318365 0.444525
v -12.257332 3.346999 0.007654
v -12.385450 3.792417 0.506936
v -12.385450 3.825142 0.007654
v -12.257332 4.266469 0.569346
v -12.257332 4.303284 0.007654
v -11.907307 4.613499 0.615033
v -11.907307 4.653309 0.007654
v -11.907307 4.613499 -0.599725
v -11.429165 4.781427 0.007654
v -11.429165 4.740521 -0.616448
v -11.429165 4.618504 -1.229870
v -10.951021 4.613499 -0.599725
v -10.951021 4.494752 -1.196710
v -10.600996 4.266469 -0.554038
v -10.600996 4.156653 -1.106117
v -10.472879 3.792417 -0.491628
v -10.472879 3.694803 -0.982365
v -10.600996 3.318365 -0.429217
v -10.600996 3.232953 -0.858613
v -10.951021 2.971334 -0.383530
v -10.951021 2.894855 -0.768020
v -11.429165 2.844313 -0.366807
v -11.429165 2.771102 -0.734860
v -11.907307 2.971334 -0.383530
v -11.907307 2.894855 -0.768020
v -12.257332 3.318365 -0.429217
v -12.257332 3.232953 -0.858613
v -12.385450 3.792417 -0.491628
v -12.385450 3.694803 -0.982365
v -12.257332 4.266469 -0.554038
v -12.257332 4.156653 -1.106117
v -12.257332 3.975716 -1.639142
v -11.907307 4.494752 -1.196710
v -11.907307 4.299097 -1.773091
v -11.907307 4.029883 -2.319002
v -11.429165 4.417463 -1.822119
v -11.429165 4.140837 -2.383061
v -10.951021 4.299097 -1.773091
v -10.951021 4.029883 -2.319002
v -10.600996 3.975716 -1.639142
v -10.600996 3.726753 -2.143989
v -10.472879 3.533970 -1.456165
v -10.472879 3.312669 -1.904918
v -10.600996 3.092224 -1.273187
v -10.600996 2.898585 -1.665846
v -10.951021 2.768843 -1.139239
v -10.951021 2.595455 -1.490834
v -11.429165 2.650477 -1.090210
v -11.429165 2.484502 -1.426775
v -11.907307 2.768843 -1.139239
v -11.907307 2.595455 -1.490834
v -12.257332 3.092224 -1.273187
v -12.257332 2.898586 -1.665846
v -12.385450 3.533970 -1.456165
v -12.385450 3.312670 -1.904918
v -12.385450 3.034689 -2.320945
v -12.257332 3.726753 -2.143989
v -12.257332 3.414025 -2.612020
v -12.257332 3.042882 -3.035227
v -11.907307 3.691718 -2.825101
v -11.907307 3.290387 -3.282732
v -11.429165 3.793361 -2.903095
v -11.429165 3.380980 -3.373325
v -10.951021 3.691718 -2.825101
v -10.951021 3.290387 -3.282732
v -10.600996 3.414025 -2.612020
v -10.600996 3.042882 -3.035227
v -10.472879 3.034689 -2.320945
v -10.472879 2.704784 -2.697129
v -10.600996 2.655353 -2.029870
v -10.600996 2.366686 -2.359031
v -10.951021 2.377659 -1.816788
v -10.951021 2.119181 -2.111526
v -11.429165 2.276016 -1.738795
v -11.429165 2.028588 -2.020933
v -11.907307 2.377659 -1.816788
v -11.907307 2.119181 -2.111526
v -12.257332 2.655353 -2.029870
v -12.257332 2.366686 -2.359031
v -12.257332 2.037524 -2.647699
v -12.385450 2.704784 -2.697129
v -12.385450 2.328599 -3.027035
v -12.385450 1.912570 -3.305017
v -12.257332 2.619673 -3.406371
v -12.257332 2.151641 -3.719100
v -11.907307 2.832755 -3.684064
v -11.907307 2.326654 -4.022231
v -11.429165 2.910748 -3.785707
v -11.429165 2.390713 -4.133184
v -10.951021 2.832755 -3.684064
v -10.951021 2.326654 -4.022231
v -10.600996 2.619673 -3.406371
v -10.600996 2.151641 -3.719100
v -10.472879 2.328598 -3.027035
v -10.472879 1.912570 -3.305017
v -10.600996 2.037524 -2.647699
v -10.600996 1.673499 -2.890933
v -10.951021 1.824442 -2.370005
v -10.951021 1.498487 -2.587802
v -11.429165 1.746449 -2.268363
v -11.429165 1.434428 -2.476849
v -11.907307 1.824443 -2.370005
v -11.907307 1.498487 -2.587802
v -11.907307 1.146893 -2.761189
v -12.257332 1.673499 -2.890933
v -12.257332 1.280841 -3.084570
v -12.257332 0.866267 -3.225299
v -12.385450 1.463819 -3.526316
v -12.385450 0.990019 -3.687149
v -12.257332 1.646796 -3.968062
v -12.257332 1.113771 -4.148999
v -11.907307 1.780745 -4.291443
v -11.907307 1.204365 -4.487098
v -11.429165 1.829773 -4.409809
v -11.429165 1.237524 -4.610850
v -10.951021 1.780745 -4.291443
v -10.951021 1.204364 -4.487098
v -10.600996 1.646796 -3.968062
v -10.600996 1.113771 -4.148999
v -10.472879 1.463819 -3.526316
v -10.472879 0.990019 -3.687149
v -10.600996 1.280841 -3.084570
v -10.600996 0.866267 -3.225299
v -10.951021 1.146893 -2.761189
v -10.951021 0.775674 -2.887201
v -11.429165 1.097864 -2.642823
v -11.429165 0.742514 -2.763448
v -11.429165 0.374461 -2.836659
v -11.907307 0.775674 -2.887201
v -11.907307 0.391184 -2.963681
v -11.907307 -0.000000 -2.989320
v -12.257332 0.436872 -3.310711
v -12.257332 -0.000000 -3.339345
v -12.385450 0.499282 -3.784763
v -12.385450 -0.000000 -3.817488
v -12.257332 0.561692 -4.258815
v -12.257332 -0.000000 -4.295630
v -11.907307 0.607379 -4.605845
v -11.907307 -0.000000 -4.645655
v -11.429165 0.624102 -4.732867
v -11.429165 -0.000000 -4.773773
v -10.951021 0.607379 -4.605845
v -10.951021 -0.000000 -4.645655
v -10.600996 0.561692 -4.258815
v -10.600996 -0.000000 -4.295630
v -10.472879 0.499282 -3.784763
v -10.472879 -0.000000 -3.817488
v -10.600996 0.436871 -3.310711
v -10.600996 -0.000000 -3.339345
v -10.951021 0.391184 -2.963681
v -10.951021 -0.000000 -2.989320
v -10.951021 -0.391183 -2.963681
v -11.429165 -0.000000 -2.861202
v -11.429165 -0.374460 -2.836659
v -11.429165 -0.742515 -2.763448
v -11.907307 -0.391183 -2.963681
v -11.907307 -0.775674 -2.887201
v -12.257332 -0.436870 -3.310711
v -12.257332 -0.866267 -3.225299
v -12.385450 -0.499280 -3.784763
v -12.385450 -0.990020 -3.687149
v -12.257332 -0.561691 -4.258815
v -12.257332 -1.113772 -4.148999
v -11.907307 -0.607378 -4.605845
v -11.907307 -1.204365 -4.487097
v -11.429165 -0.624101 -4.732867
v -11.429165 -1.237524 -4.610849
v -10.951021 -0.607378 -4.605845
v -10.951021 -1.204365 -4.487097
v -10.600996 -0.561691 -4.258815
v -10.600996 -1.113772 -4.148999
v -10.472879 -0.499281 -3.784763
v -10.472879 -0.990020 -3.687149
v -10.600996 -0.436870 -3.310711
v -10.600996 -0.866267 -3.225299
v -10.600996 -1.280842 -3.084570
v -10.951021 -0.775674 -2.887201
v -10.951021 -1.146893 -2.761189
v -10.951021 -1.498487 -2.587802
v -11.429165 -1.097865 -2.642823
v -11.429165 -1.434428 -2.476849
v -11.907307 -1.146893 -2.761189
v -11.907307 -1.498487 -2.587802
v -12.257332 -1.280842 -3.084570
v -12.257332 -1.673499 -2.890933
v -12.385450 -1.463819 -3.526316
v -12.385450 -1.912570 -3.305016
v -12.257332 -1.646796 -3.968062
v -12.257332 -2.151642 -3.719100
v -11.907307 -1.780745 -4.291442
v -11.907307 -2.326654 -4.022230
v -11.429165 -1.829774 -4.409808
v -11.429165 -2.390713 -4.133183
v -10.951021 -1.780745 -4.291442
v -10.951021 -2.326654 -4.022230
v -10.600996 -1.646797 -3.968062
v -10.600996 -2.151642 -3.719100
v -10.472879 -1.463819 -3.526316
v -10.472879 -1.912571 -3.305016
v -10.472879 -2.328599 -3.027035
v -10.600996 -1.673499 -2.890933
v -10.600996 -2.037524 -2.647699
v -10.600996 -2.366686 -2.359032
v -10.951021 -1.824443 -2.370005
v -10.951021 -2.119181 -2.111527
v -11.429165 -1.746449 -2.268363
v -11.429165 -2.028588 -2.020934
v -11.907307 -1.824442 -2.370005
v -11.907307 -2.119180 -2.111527
v -12.257332 -2.037524 -2.647699
v -12.257332 -2.366685 -2.359032
v -12.385450 -2.328599 -3.027035
v -12.385450 -2.704783 -2.697130
v -12.257332 -2.619674 -3.406371
v -12.257332 -3.042881 -3.035228
v -11.907307 -2.832756 -3.684064
v -11.907307 -3.290386 -3.282732
v -11.429165 -2.910749 -3.785706
v -11.429165 -3.380979 -3.373326
v -10.951021 -2.832756 -3.684064
v -10.951021 -3.290386 -3.282732
v -10.600996 -2.619674 -3.406371
v -10.600996 -3.042881 -3.035228
v -10.600996 -3.414026 -2.612019
v -10.472879 -2.704783 -2.697130
v -10.472879 -3.034689 -2.320944
v -10.472879 -3.312670 -1.904917
v -10.600996 -2.655353 -2.029870
v -10.600996 -2.898586 -1.665846
v -10.951021 -2.377660 -1.816788
v -10.951021 -2.595456 -1.490834
v -11.429165 -2.276017 -1.738795
v -11.429165 -2.484502 -1.426775
v -11.907307 -2.377660 -1.816788
v -11.907307 -2.595455 -1.490834
v -12.257332 -2.655353 -2.029870
v -12.257332 -2.898586 -1.665846
v -12.385450 -3.034689 -2.320944
v -12.385450 -3.312669 -1.904917
v -12.257332 -3.414026 -2.612019
v -12.257332 -3.726753 -2.143989
v -11.907307 -3.691719 -2.825101
v -11.907307 -4.029883 -2.319001
v -11.429165 -3.793362 -2.903094
v -11.429165 -4.140837 -2.383060
v -10.951021 -3.691719 -2.825101
v -10.951021 -4.029883 -2.319001
v -10.951021 -4.299098 -1.773090
v -10.600996 -3.726754 -2.143989
v -10.600996 -3.975716 -1.639141
v -10.600996 -4.156653 -1.106118
v -10.472879 -3.533970 -1.456164
v -10.472879 -3.694803 -0.982365
v -10.600996 -3.092224 -1.273187
v -10.600996 -3.232953 -0.858613
v -10.951021 -2.768843 -1.139238
v -10.951021 -2.894855 -0.768020
v -11.429165 -2.650478 -1.090210
v -11.429165 -2.771102 -0.734860
v -11.907307 -2.768843 -1.139238
v -11.907307 -2.894855 -0.768020
v -12.257332 -3.092224 -1.273187
v -12.257332 -3.232953 -0.858613
v -12.385450 -3.533970 -1.456164
v -12.385450 -3.694803 -0.982365
v -12.257332 -3.975716 -1.639141
v -12.257332 -4.156653 -1.106118
v -11.907307 -4.299098 -1.773090
v -11.907307 -4.494751 -1.196711
v -11.429165 -4.417462 -1.822119
v -11.429165 -4.618504 -1.229870
v -10.951021 -4.494751 -1.196711
v -10.951021 -4.613500 -0.599725
v -11.907307 -4.613500 -0.599725
v -12.257332 -4.266469 -0.554037
v -12.385450 -3.792417 -0.491627
v -12.257332 -4.303284 0.007654
v -10.951021 -2.971335 -0.383530
v -18.102833 1.815741 0.000005
v -18.102833 1.780631 -0.356468
v -18.102833 1.780631 0.356482
v -18.102833 2.134031 0.000005
v -18.102833 1.815741 0.000005
v -18.102833 1.780631 -0.356468
v -18.102833 1.780631 0.356482
v -13.245054 2.932532 0.000010
v -11.646965 3.037189 0.000010
v -13.245054 2.875963 -0.574336
v -13.245054 2.875963 0.574355
v -13.245054 2.708432 1.126639
v -11.646965 2.978610 0.594779
v -11.646965 2.805120 1.166681
v -10.808338 2.281663 0.456137
v -10.808338 2.148610 0.894756
v -10.247967 1.238609 0.248667
v -10.808338 2.326588 0.000010
v -10.808338 2.281663 -0.456127
v -10.247967 1.263099 0.000009
v -10.247967 1.238608 -0.248657
v -10.051226 0.008629 0.000009
v -10.051226 0.008242 -0.003920
v -10.051226 0.008243 0.003934
v -10.051226 0.007093 0.007716
v -10.247967 1.166072 0.487775
v -10.051226 0.005253 0.011164
v -10.247967 1.048305 0.708119
v -10.051226 0.002735 0.014226
v -10.247967 0.889781 0.901271
v -10.051226 -0.000321 0.016734
v -10.247967 0.696628 1.059773
v -10.051226 -0.003781 0.018591
v -10.247967 0.476279 1.177555
v -10.051226 -0.007548 0.019718
v -10.247967 0.237183 1.250087
v -10.051226 -0.011480 0.020113
v -10.247967 -0.011480 1.274578
v -10.051226 -0.015412 0.019718
v -10.247967 -0.260144 1.250087
v -10.051226 -0.019179 0.018591
v -10.247967 -0.499239 1.177555
v -10.051226 -0.022640 0.016734
v -10.247967 -0.719588 1.059787
v -10.051226 -0.025696 0.014226
v -10.247967 -0.912742 0.901271
v -10.051226 -0.028213 0.011164
v -10.247967 -1.071266 0.708118
v -10.051226 -0.030054 0.007716
v -10.247967 -1.189032 0.487775
v -10.051226 -0.031203 0.003934
v -10.247967 -1.261569 0.248667
v -10.051226 -0.031589 0.000009
v -10.247967 -1.286060 0.000009
v -10.051226 -0.031202 -0.003920
v -10.247967 -1.261569 -0.248657
v -10.051226 -0.030059 -0.007688
v -10.247967 -1.189040 -0.487756
v -10.051226 -0.028201 -0.011172
v -10.247967 -1.071255 -0.708113
v -10.051226 -0.025698 -0.014212
v -10.247967 -0.912744 -0.901257
v -10.051226 -0.022655 -0.016715
v -10.247967 -0.719596 -1.059759
v -10.051226 -0.019160 -0.018576
v -10.247967 -0.499231 -1.177559
v -10.051226 -0.015412 -0.019718
v -10.247967 -0.260144 -1.250082
v -10.051226 -0.011480 -0.020103
v -10.247967 -0.011480 -1.274569
v -10.051226 -0.007548 -0.019718
v -10.247967 0.237183 -1.250082
v -10.051226 -0.003800 -0.018576
v -10.247967 0.476271 -1.177559
v -10.051226 -0.000306 -0.016715
v -10.247967 0.696636 -1.059759
v -10.051226 0.002737 -0.014212
v -10.247967 0.889783 -0.901257
v -10.051226 0.005241 -0.011172
v -10.247967 1.048295 -0.708113
v -10.051226 0.007099 -0.007688
v -10.247967 1.166079 -0.487756
v -10.808338 2.148613 -0.894742
v -11.646965 2.805123 -1.166666
v -10.808338 1.932553 -1.298949
v -11.646965 2.523395 -1.693744
v -10.808338 1.641783 -1.653263
v -11.646965 2.144255 -2.155731
v -10.808338 1.287478 -1.944025
v -11.646965 1.682267 -2.534861
v -10.808338 0.883256 -2.160096
v -11.646965 1.155194 -2.816601
v -10.808338 0.444657 -2.293135
v -11.646965 0.583286 -2.990081
v -10.808338 -0.011480 -2.338059
v -11.646965 -0.011480 -3.048653
v -10.808338 -0.467617 -2.293135
v -11.646965 -0.606246 -2.990081
v -10.808338 -0.906216 -2.160096
v -11.646965 -1.178154 -2.816601
v -10.808338 -1.310439 -1.944025
v -11.646965 -1.705227 -2.534861
v -10.808338 -1.664743 -1.653263
v -11.646965 -2.167215 -2.155731
v -10.808338 -1.955514 -1.298949
v -11.646965 -2.546355 -1.693745
v -10.808338 -2.171574 -0.894742
v -11.646965 -2.828084 -1.166666
v -10.808338 -2.304624 -0.456127
v -11.646965 -3.001570 -0.594765
v -10.808338 -2.349549 0.000009
v -11.646965 -3.060149 0.000009
v -10.808338 -2.304624 0.456137
v -11.646965 -3.001571 0.594779
v -10.808338 -2.171571 0.894756
v -11.646965 -2.828080 1.166680
v -10.808338 -1.955521 1.298968
v -11.646965 -2.546360 1.693759
v -10.808338 -1.664743 1.653277
v -11.646965 -2.167215 2.155741
v -10.808338 -1.310436 1.944049
v -11.646965 -1.705225 2.534880
v -10.808338 -0.906218 2.160087
v -11.646965 -1.178153 2.816597
v -10.808338 -0.467617 2.293145
v -11.646965 -0.606246 2.990095
v -10.808338 -0.011480 2.338073
v -11.646965 -0.011480 3.048672
v -10.808338 0.444657 2.293145
v -11.646965 0.583286 2.990095
v -10.808338 0.883258 2.160087
v -11.646965 1.155193 2.816597
v -10.808338 1.287475 1.944049
v -11.646965 1.682265 2.534880
v -10.808338 1.641783 1.653277
v -11.646965 2.144254 2.155741
v -10.808338 1.932561 1.298968
v -11.646965 2.523399 1.693759
v -13.245054 2.436376 1.635613
v -13.245054 2.070250 2.081737
v -18.102833 1.507799 1.015156
v -18.102833 1.280560 1.292045
v -18.102833 1.676652 0.699257
v -18.102833 1.507799 1.015156
v -18.102833 1.280560 1.292045
v -18.102833 1.676652 0.699257
v -18.102833 1.772447 1.191987
v -18.102833 1.505625 1.517111
v -18.771564 1.772447 1.191987
v -18.102833 1.970714 0.821055
v -18.771564 1.970714 0.821055
v -18.102833 2.092806 0.418576
v -18.771564 2.092806 0.418576
v -18.771564 2.134031 0.000005
v -18.771564 1.587904 0.318142
v -18.771564 1.495107 0.624051
v -18.771564 1.619238 0.000005
v -14.038101 1.587898 0.318142
v -14.038101 1.495101 0.624051
v -14.038101 1.619232 0.000005
v -14.038101 1.587898 -0.318132
v -14.038101 1.495101 -0.624042
v -18.771564 1.587904 -0.318132
v -18.771564 1.495107 -0.624042
v -18.771564 2.092806 -0.418566
v -18.102833 2.092806 -0.418566
v -18.771564 1.970714 -0.821045
v -18.102833 1.970714 -0.821045
v -18.771564 1.772447 -1.191978
v -18.102833 1.772447 -1.191978
v -18.771564 1.505626 -1.517101
v -18.771564 1.344412 -0.905974
v -18.771564 1.141612 -1.153087
v -14.038101 1.344406 -0.905974
v -14.038101 1.141605 -1.153087
v -14.038101 0.894493 -1.355885
v -14.038101 0.612564 -1.506580
v -18.771564 0.894499 -1.355885
v -18.771564 0.612570 -1.506580
v -18.771564 1.180502 -1.783923
v -18.102833 1.180502 -1.783923
v -18.771564 0.809572 -1.982187
v -18.102833 0.809572 -1.982187
v -18.771564 0.407088 -2.104279
v -18.102833 0.407088 -2.104279
v -18.771564 -0.011480 -2.145508
v -18.771564 0.306655 -1.599376
v -18.771564 -0.011480 -1.630716
v -14.038101 0.306649 -1.599376
v -14.038101 -0.011486 -1.630716
v -14.038101 -0.329622 -1.599376
v -14.038101 -0.635537 -1.506580
v -18.771564 -0.329616 -1.599376
v -18.771564 -0.635530 -1.506580
v -18.771564 -0.430049 -2.104279
v -18.102833 -0.430049 -2.104279
v -18.771564 -0.832532 -1.982187
v -18.102833 -0.832532 -1.982187
v -18.771564 -1.203462 -1.783923
v -18.102833 -1.203462 -1.783923
v -18.771564 -1.528586 -1.517101
v -18.771564 -0.917460 -1.355885
v -18.771564 -1.164572 -1.153087
v -14.038101 -0.917466 -1.355885
v -14.038101 -1.164578 -1.153087
v -14.038101 -1.367379 -0.905974
v -14.038101 -1.518074 -0.624042
v -18.771564 -1.367372 -0.905974
v -18.771564 -1.518067 -0.624042
v -18.771564 -1.795407 -1.191978
v -18.102833 -1.795408 -1.191978
v -18.771564 -1.993674 -0.821045
v -18.102833 -1.993674 -0.821045
v -18.771564 -2.115766 -0.418566
v -18.102833 -2.115766 -0.418566
v -18.771564 -2.156991 0.000005
v -18.771564 -1.610864 -0.318132
v -18.771564 -1.642198 0.000005
v -14.038101 -1.610871 -0.318132
v -14.038101 -1.642205 0.000005
v -14.038101 -1.610871 0.318141
v -14.038101 -1.518074 0.624051
v -18.771564 -1.610864 0.318141
v -18.771564 -1.518067 0.624051
v -18.771564 -2.115766 0.418576
v -18.102833 -2.115766 0.418576
v -18.771564 -1.993674 0.821055
v -18.102833 -1.993674 0.821055
v -18.771564 -1.795407 1.191987
v -18.102833 -1.795408 1.191987
v -18.771564 -1.528586 1.517111
v -18.771564 -1.367372 0.905984
v -18.771564 -1.164572 1.153096
v -14.038101 -1.367379 0.905984
v -14.038101 -1.164578 1.153096
v -14.038101 -0.917464 1.355899
v -14.038101 -0.635534 1.506594
v -18.771564 -0.917458 1.355899
v -18.771564 -0.635528 1.506594
v -18.771564 -1.203462 1.783933
v -18.102833 -1.203462 1.783933
v -18.771564 -0.832532 1.982201
v -18.102833 -0.832532 1.982201
v -18.771564 -0.430049 2.104293
v -18.102833 -0.430049 2.104293
v -18.771564 -0.011480 2.145517
v -18.771564 -0.329618 1.599390
v -18.771564 -0.011480 1.630726
v -14.038101 -0.329625 1.599390
v -14.038101 -0.011487 1.630726
v -14.038101 0.306652 1.599390
v -14.038101 0.612561 1.506594
v -18.771564 0.306658 1.599390
v -18.771564 0.612568 1.506594
v -18.771564 0.407088 2.104293
v -18.102833 0.407088 2.104293
v -18.771564 0.809571 1.982201
v -18.102833 0.809571 1.982201
v -18.771564 1.180502 1.783933
v -18.102833 1.180502 1.783933
v -18.771564 1.505626 1.517111
v -18.771564 0.894497 1.355899
v -18.771564 1.141612 1.153096
v -14.038101 0.894491 1.355899
v -14.038101 1.141605 1.153096
v -14.038101 1.344406 0.905984
v -18.771564 1.344412 0.905984
v -18.102833 1.003669 1.519284
v -18.102833 0.687767 1.688138
v -18.102833 1.003669 1.519284
v -18.102833 0.687767 1.688138
v -13.245054 1.624125 2.447865
v -13.245054 1.115144 2.719913
v -13.245054 0.562868 2.887451
v -13.245054 -0.011480 2.944020
v -18.102833 0.344993 1.792116
v -18.102833 -0.011480 1.827225
v -18.102833 0.344993 1.792116
v -18.102833 -0.011480 1.827225
v -18.102833 -0.367953 1.792116
v -18.102833 -0.011480 2.145517
v -18.102833 -0.710728 1.688138
v -18.102833 -0.367953 1.792116
v -18.102833 -0.710728 1.688138
v -13.245054 -0.585829 2.887451
v -13.245054 -1.138105 2.719913
v -13.245054 -1.647086 2.447865
v -13.245054 -2.093211 2.081737
v -18.102833 -1.026630 1.519284
v -18.102833 -1.303520 1.292045
v -18.102833 -1.026630 1.519284
v -18.102833 -1.303520 1.292045
v -18.102833 -1.530759 1.015156
v -18.102833 -1.528586 1.517111
v -18.102833 -1.699612 0.699256
v -18.102833 -1.530759 1.015156
v -18.102833 -1.699612 0.699256
v -13.245054 -2.459337 1.635613
v -13.245054 -2.731393 1.126639
v -13.245054 -2.898924 0.574354
v -13.245054 -2.955493 0.000009
v -18.102833 -1.803592 0.356482
v -18.102833 -1.838701 0.000005
v -18.102833 -1.803592 0.356482
v -18.102833 -1.838701 0.000005
v -18.102833 -1.803592 -0.356468
v -18.102833 -2.156991 0.000005
v -18.102833 -1.699612 -0.699242
v -18.102833 -1.803592 -0.356468
v -18.102833 -1.699612 -0.699242
v -13.245054 -2.898924 -0.574336
v -13.245054 -2.731393 -1.126620
v -13.245054 -2.459337 -1.635594
v -13.245054 -2.093211 -2.081723
v -18.102833 -1.530759 -1.015142
v -18.102833 -1.303520 -1.292031
v -18.102833 -1.530759 -1.015142
v -18.102833 -1.303520 -1.292031
v -18.102833 -1.026630 -1.519274
v -18.102833 -1.528586 -1.517101
v -18.102833 -0.710727 -1.688128
v -18.102833 -1.026630 -1.519274
v -18.102833 -0.710727 -1.688128
v -13.245054 -1.647085 -2.447846
v -13.245054 -1.138105 -2.719903
v -13.245054 -0.585828 -2.887437
v -13.245054 -0.011480 -2.944006
v -18.102833 -0.367953 -1.792106
v -18.102833 -0.011480 -1.827215
v -18.102833 -0.367953 -1.792106
v -18.102833 -0.011480 -1.827215
v -18.102833 0.344993 -1.792106
v -18.102833 -0.011480 -2.145508
v -18.102833 0.687767 -1.688128
v -18.102833 0.344993 -1.792106
v -18.102833 0.687767 -1.688128
v -13.245054 0.562868 -2.887437
v -13.245054 1.115145 -2.719903
v -13.245054 1.624126 -2.447846
v -13.245054 2.070251 -2.081722
v -18.102833 1.003670 -1.519274
v -18.102833 1.280560 -1.292031
v -18.102833 1.003670 -1.519274
v -18.102833 1.280560 -1.292031
v -18.102833 1.507799 -1.015142
v -18.102833 1.505625 -1.517101
v -18.102833 1.676652 -0.699242
v -18.102833 1.507799 -1.015142
v -18.102833 1.676652 -0.699242
v -13.245054 2.436376 -1.635594
v -13.245054 2.708432 -1.126620
v -11.646965 2.978609 -0.594764
v 1.838795 0.012750 -18.241831
v 1.803686 -0.343723 -18.241831
v 1.803686 0.369228 -18.241831
v 2.157085 0.012750 -18.241831
v 1.838795 0.012750 -18.241831
v 1.803686 -0.343723 -18.241831
v 1.803686 0.369228 -18.241831
v 2.955587 0.012755 -13.384052
v 3.060244 0.012755 -11.785964
v 2.899018 -0.561590 -13.384052
v 2.899018 0.587100 -13.384052
v 2.731486 1.139384 -13.384052
v 3.001665 0.607524 -11.785964
v 2.828174 1.179426 -11.785964
v 2.304717 0.468882 -10.947337
v 2.171664 0.907501 -10.947337
v 1.261663 0.261412 -10.386966
v 2.349644 0.012755 -10.947337
v 2.304717 -0.443382 -10.947337
v 1.286155 0.012755 -10.386966
v 1.261662 -0.235912 -10.386966
v 0.031683 0.012755 -10.190224
v 0.031297 0.008826 -10.190224
v 0.031298 0.016679 -10.190224
v 0.030149 0.020461 -10.190224
v 1.189127 0.500520 -10.386966
v 0.028308 0.023909 -10.190224
v 1.071361 0.720864 -10.386966
v 0.025791 0.026971 -10.190224
v 0.912837 0.914016 -10.386966
v 0.022734 0.029479 -10.190224
v 0.719682 1.072518 -10.386966
v 0.019274 0.031336 -10.190224
v 0.499334 1.190300 -10.386966
v 0.015507 0.032464 -10.190224
v 0.260238 1.262833 -10.386966
v 0.011575 0.032858 -10.190224
v 0.011574 1.287324 -10.386966
v 0.007643 0.032464 -10.190224
v -0.237089 1.262833 -10.386966
v 0.003876 0.031336 -10.190224
v -0.476185 1.190300 -10.386966
v 0.000415 0.029479 -10.190224
v -0.696532 1.072532 -10.386966
v -0.002642 0.026971 -10.190224
v -0.889688 0.914016 -10.386966
v -0.005158 0.023909 -10.190224
v -1.048212 0.720864 -10.386966
v -0.006999 0.020461 -10.190224
v -1.165977 0.500520 -10.386966
v -0.008147 0.016679 -10.190224
v -1.238514 0.261412 -10.386966
v -0.008533 0.012755 -10.190224
v -1.263004 0.012755 -10.386966
v -0.008147 0.008826 -10.190224
v -1.238514 -0.235912 -10.386966
v -0.007005 0.005057 -10.190224
v -1.165985 -0.475011 -10.386966
v -0.005147 0.001573 -10.190224
v -1.048201 -0.695368 -10.386966
v -0.002643 -0.001467 -10.190224
v -0.889688 -0.888511 -10.386966
v 0.000401 -0.003970 -10.190224
v -0.696541 -1.047013 -10.386966
v 0.003895 -0.005831 -10.190224
v -0.476175 -1.164814 -10.386966
v 0.007643 -0.006973 -10.190224
v -0.237088 -1.237337 -10.386966
v 0.011575 -0.007358 -10.190224
v 0.011575 -1.261823 -10.386966
v 0.015507 -0.006973 -10.190224
v 0.260239 -1.237337 -10.386966
v 0.019255 -0.005831 -10.190224
v 0.499326 -1.164814 -10.386966
v 0.022749 -0.003970 -10.190224
v 0.719690 -1.047013 -10.386966
v 0.025792 -0.001467 -10.190224
v 0.912838 -0.888511 -10.386966
v 0.028296 0.001573 -10.190224
v 1.071349 -0.695368 -10.386966
v 0.030154 0.005057 -10.190224
v 1.189135 -0.475011 -10.386966
v 2.171668 -0.881997 -10.947337
v 2.828177 -1.153921 -11.785964
v 1.955608 -1.286204 -10.947337
v 2.546451 -1.680999 -11.785964
v 1.664838 -1.640517 -10.947337
v 2.167309 -2.142986 -11.785964
v 1.310533 -1.931280 -10.947337
v 1.705322 -2.522116 -11.785964
v 0.906310 -2.147350 -10.947337
v 1.178248 -2.803856 -11.785964
v 0.467712 -2.280390 -10.947337
v 0.606341 -2.977336 -11.785964
v 0.011575 -2.325314 -10.947337
v 0.011575 -3.035908 -11.785964
v -0.444562 -2.280390 -10.947337
v -0.583191 -2.977336 -11.785964
v -0.883162 -2.147350 -10.947337
v -1.155100 -2.803856 -11.785964
v -1.287384 -1.931280 -10.947337
v -1.682173 -2.522116 -11.785964
v -1.641689 -1.640517 -10.947337
v -2.144159 -2.142986 -11.785964
v -1.932459 -1.286204 -10.947337
v -2.523300 -1.680999 -11.785964
v -2.148518 -0.881997 -10.947337
v -2.805029 -1.153921 -11.785964
v -2.281569 -0.443382 -10.947337
v -2.978516 -0.582019 -11.785964
v -2.326494 0.012755 -10.947337
v -3.037094 0.012755 -11.785964
v -2.281569 0.468882 -10.947337
v -2.978516 0.607524 -11.785964
v -2.148516 0.907501 -10.947337
v -2.805025 1.179426 -11.785964
v -1.932467 1.311713 -10.947337
v -2.523306 1.706504 -11.785964
v -1.641689 1.666022 -10.947337
v -2.144161 2.168486 -11.785964
v -1.287382 1.956794 -10.947337
v -1.682171 2.547625 -11.785964
v -0.883163 2.172832 -10.947337
v -1.155098 2.829342 -11.785964
v -0.444563 2.305890 -10.947337
v -0.583192 3.002840 -11.785964
v 0.011574 2.350819 -10.947337
v 0.011574 3.061417 -11.785964
v 0.467712 2.305890 -10.947337
v 0.606341 3.002840 -11.785964
v 0.906313 2.172832 -10.947337
v 1.178247 2.829342 -11.785964
v 1.310530 1.956794 -10.947337
v 1.705320 2.547625 -11.785964
v 1.664838 1.666023 -10.947337
v 2.167309 2.168486 -11.785964
v 1.955615 1.311714 -10.947337
v 2.546453 1.706504 -11.785964
v 2.459431 1.648358 -13.384052
v 2.093305 2.094482 -13.384052
v 1.530853 1.027901 -18.241831
v 1.303615 1.304791 -18.241831
v 1.699706 0.712002 -18.241831
v 1.530853 1.027901 -18.241831
v 1.303615 1.304791 -18.241831
v 1.699706 0.712002 -18.241831
v 1.795502 1.204733 -18.241831
v 1.528680 1.529856 -18.241831
v 1.795502 1.204733 -18.910563
v 1.993769 0.833800 -18.241831
v 1.993769 0.833800 -18.910563
v 2.115861 0.431321 -18.241831
v 2.115861 0.431321 -18.910563
v 2.157085 0.012750 -18.910563
v 1.610959 0.330887 -18.910563
v 1.518162 0.636797 -18.910563
v 1.642293 0.012750 -18.910563
v 1.610952 0.330887 -14.177099
v 1.518155 0.636797 -14.177099
v 1.642287 0.012750 -14.177099
v 1.610952 -0.305387 -14.177099
v 1.518155 -0.611296 -14.177099
v 1.610959 -0.305387 -18.910563
v 1.518162 -0.611296 -18.910563
v 2.115861 -0.405821 -18.910563
v 2.115861 -0.405821 -18.241831
v 1.993769 -0.808300 -18.910563
v 1.993769 -0.808300 -18.241831
v 1.795502 -1.179232 -18.910563
v 1.795502 -1.179232 -18.241831
v 1.528680 -1.504356 -18.910563
v 1.367467 -0.893229 -18.910563
v 1.164667 -1.140341 -18.910563
v 1.367460 -0.893229 -14.177099
v 1.164660 -1.140341 -14.177099
v 0.917548 -1.343140 -14.177099
v 0.635619 -1.493834 -14.177099
v 0.917554 -1.343140 -18.910563
v 0.635625 -1.493834 -18.910563
v 1.203556 -1.771178 -18.910563
v 1.203556 -1.771178 -18.241831
v 0.832626 -1.969442 -18.910563
v 0.832626 -1.969442 -18.241831
v 0.430143 -2.091534 -18.910563
v 0.430143 -2.091534 -18.241831
v 0.011575 -2.132763 -18.910563
v 0.329710 -1.586630 -18.910563
v 0.011575 -1.617970 -18.910563
v 0.329704 -1.586630 -14.177099
v 0.011568 -1.617970 -14.177099
v -0.306567 -1.586630 -14.177099
v -0.612481 -1.493834 -14.177099
v -0.306561 -1.586630 -18.910563
v -0.612475 -1.493834 -18.910563
v -0.406993 -2.091534 -18.910563
v -0.406993 -2.091534 -18.241831
v -0.809477 -1.969442 -18.910563
v -0.809477 -1.969442 -18.241831
v -1.180407 -1.771178 -18.910563
v -1.180407 -1.771178 -18.241831
v -1.505531 -1.504356 -18.910563
v -0.894404 -1.343140 -18.910563
v -1.141518 -1.140341 -18.910563
v -0.894410 -1.343140 -14.177099
v -1.141523 -1.140341 -14.177099
v -1.344324 -0.893229 -14.177099
v -1.495018 -0.611296 -14.177099
v -1.344316 -0.893229 -18.910563
v -1.495012 -0.611296 -18.910563
v -1.772352 -1.179232 -18.910563
v -1.772352 -1.179232 -18.241831
v -1.970619 -0.808300 -18.910563
v -1.970619 -0.808300 -18.241831
v -2.092712 -0.405821 -18.910563
v -2.092712 -0.405821 -18.241831
v -2.133938 0.012750 -18.910563
v -1.587811 -0.305387 -18.910563
v -1.619143 0.012750 -18.910563
v -1.587816 -0.305387 -14.177099
v -1.619150 0.012750 -14.177099
v -1.587816 0.330887 -14.177099
v -1.495018 0.636797 -14.177099
v -1.587811 0.330887 -18.910563
v -1.495012 0.636797 -18.910563
v -2.092712 0.431321 -18.910563
v -2.092712 0.431321 -18.241831
v -1.970619 0.833800 -18.910563
v -1.970619 0.833800 -18.241831
v -1.772352 1.204733 -18.910563
v -1.772352 1.204733 -18.241831
v -1.505531 1.529856 -18.910563
v -1.344318 0.918729 -18.910563
v -1.141518 1.165842 -18.910563
v -1.344324 0.918729 -14.177099
v -1.141523 1.165842 -14.177099
v -0.894409 1.368645 -14.177099
v -0.612479 1.519339 -14.177099
v -0.894403 1.368645 -18.910563
v -0.612473 1.519339 -18.910563
v -1.180407 1.796678 -18.910563
v -1.180407 1.796678 -18.241831
v -0.809477 1.994947 -18.910563
v -0.809477 1.994947 -18.241831
v -0.406995 2.117037 -18.910563
v -0.406995 2.117037 -18.241831
v 0.011574 2.158261 -18.910563
v -0.306563 1.612136 -18.910563
v 0.011574 1.643471 -18.910563
v -0.306569 1.612136 -14.177099
v 0.011568 1.643471 -14.177099
v 0.329706 1.612136 -14.177099
v 0.635616 1.519339 -14.177099
v 0.329713 1.612136 -18.910563
v 0.635623 1.519339 -18.910563
v 0.430142 2.117037 -18.910563
v 0.430142 2.117037 -18.241831
v 0.832626 1.994947 -18.910563
v 0.832626 1.994947 -18.241831
v 1.203556 1.796678 -18.910563
v 1.203556 1.796678 -18.241831
v 1.528680 1.529856 -18.910563
v 0.917552 1.368645 -18.910563
v 1.164667 1.165842 -18.910563
v 0.917546 1.368645 -14.177099
v 1.164660 1.165842 -14.177099
v 1.367460 0.918729 -14.177099
v 1.367466 0.918729 -18.910563
v 1.026724 1.532029 -18.241831
v 0.710822 1.700883 -18.241831
v 1.026724 1.532029 -18.241831
v 0.710822 1.700883 -18.241831
v 1.647180 2.460610 -13.384052
v 1.138199 2.732658 -13.384052
v 0.585922 2.900196 -13.384052
v 0.011574 2.956765 -13.384052
v 0.368048 1.804861 -18.241831
v 0.011574 1.839970 -18.241831
v 0.368048 1.804861 -18.241831
v 0.011574 1.839970 -18.241831
v -0.344899 1.804861 -18.241831
v 0.011574 2.158261 -18.241831
v -0.687673 1.700883 -18.241831
v -0.344899 1.804861 -18.241831
v -0.687673 1.700883 -18.241831
v -0.562774 2.900196 -13.384052
v -1.115051 2.732658 -13.384052
v -1.624031 2.460610 -13.384052
v -2.070156 2.094482 -13.384052
v -1.003574 1.532029 -18.241831
v -1.280466 1.304791 -18.241831
v -1.003574 1.532029 -18.241831
v -1.280466 1.304791 -18.241831
v -1.507704 1.027901 -18.241831
v -1.505531 1.529856 -18.241831
v -1.676558 0.712002 -18.241831
v -1.507704 1.027901 -18.241831
v -1.676558 0.712002 -18.241831
v -2.436283 1.648358 -13.384052
v -2.708338 1.139384 -13.384052
v -2.875870 0.587100 -13.384052
v -2.932438 0.012755 -13.384052
v -1.780537 0.369228 -18.241831
v -1.815647 0.012750 -18.241831
v -1.780537 0.369228 -18.241831
v -1.815647 0.012750 -18.241831
v -1.780537 -0.343723 -18.241831
v -2.133938 0.012750 -18.241831
v -1.676558 -0.686497 -18.241831
v -1.780537 -0.343723 -18.241831
v -1.676558 -0.686497 -18.241831
v -2.875870 -0.561590 -13.384052
v -2.708338 -1.113875 -13.384052
v -2.436283 -1.622848 -13.384052
v -2.070156 -2.068977 -13.384052
v -1.507704 -1.002396 -18.241831
v -1.280466 -1.279286 -18.241831
v -1.507704 -1.002396 -18.241831
v -1.280466 -1.279286 -18.241831
v -1.003574 -1.506529 -18.241831
v -1.505531 -1.504356 -18.241831
v -0.687673 -1.675383 -18.241831
v -1.003574 -1.506529 -18.241831
v -0.687673 -1.675383 -18.241831
v -1.624031 -2.435101 -13.384052
v -1.115049 -2.707158 -13.384052
v -0.562774 -2.874692 -13.384052
v 0.011575 -2.931261 -13.384052
v -0.344899 -1.779361 -18.241831
v 0.011575 -1.814470 -18.241831
v -0.344899 -1.779361 -18.241831
v 0.011575 -1.814470 -18.241831
v 0.368048 -1.779361 -18.241831
v 0.011575 -2.132763 -18.241831
v 0.710822 -1.675383 -18.241831
v 0.368048 -1.779361 -18.241831
v 0.710822 -1.675383 -18.241831
v 0.585922 -2.874692 -13.384052
v 1.138200 -2.707158 -13.384052
v 1.647181 -2.435101 -13.384052
v 2.093305 -2.068977 -13.384052
v 1.026724 -1.506529 -18.241831
v 1.303615 -1.279286 -18.241831
v 1.026724 -1.506529 -18.241831
v 1.303615 -1.279286 -18.241831
v 1.530853 -1.002396 -18.241831
v 1.528680 -1.504356 -18.241831
v 1.699706 -0.686497 -18.241831
v 1.530853 -1.002396 -18.241831
v 1.699706 -0.686497 -18.241831
v 2.459431 -1.622849 -13.384052
v 2.731486 -1.113875 -13.384052
v 3.001664 -0.582019 -11.785964
v 1.838795 0.012747 18.367109
v 1.803686 0.369220 18.367109
v 1.803686 -0.343731 18.367109
v 2.157085 0.012747 18.367109
v 1.838795 0.012747 18.367109
v 1.803686 0.369220 18.367109
v 1.803686 -0.343731 18.367109
v 2.955587 0.012743 13.509332
v 3.060244 0.012743 11.911244
v 2.899018 0.587088 13.509332
v 2.899018 -0.561603 13.509332
v 2.731486 -1.113887 13.509332
v 3.001665 -0.582027 11.911244
v 2.828174 -1.153928 11.911244
v 2.304717 -0.443385 11.072618
v 2.171664 -0.882004 11.072618
v 1.261663 -0.235915 10.512246
v 2.349644 0.012743 11.072618
v 2.304717 0.468879 11.072618
v 1.286155 0.012743 10.512246
v 1.261662 0.261410 10.512246
v 0.031683 0.012743 10.315504
v 0.031297 0.016672 10.315504
v 0.031297 0.008818 10.315504
v 0.030149 0.005036 10.315504
v 1.189127 -0.475023 10.512246
v 0.028308 0.001589 10.315504
v 1.071361 -0.695366 10.512246
v 0.025791 -0.001474 10.315504
v 0.912837 -0.888519 10.512246
v 0.022734 -0.003982 10.315504
v 0.719682 -1.047021 10.512246
v 0.019274 -0.005838 10.315504
v 0.499334 -1.164803 10.512246
v 0.015507 -0.006966 10.315504
v 0.260239 -1.237335 10.512246
v 0.011574 -0.007361 10.315504
v 0.011575 -1.261826 10.512246
v 0.007643 -0.006966 10.315504
v -0.237088 -1.237335 10.512246
v 0.003876 -0.005838 10.315504
v -0.476185 -1.164803 10.512246
v 0.000415 -0.003982 10.315504
v -0.696532 -1.047034 10.512246
v -0.002642 -0.001474 10.315504
v -0.889688 -0.888519 10.512246
v -0.005158 0.001589 10.315504
v -1.048212 -0.695366 10.512246
v -0.006999 0.005036 10.315504
v -1.165977 -0.475023 10.512246
v -0.008149 0.008818 10.315504
v -1.238514 -0.235915 10.512246
v -0.008533 0.012743 10.315504
v -1.263004 0.012743 10.512246
v -0.008147 0.016672 10.315504
v -1.238514 0.261410 10.512246
v -0.007005 0.020440 10.315504
v -1.165985 0.500508 10.512246
v -0.005147 0.023925 10.315504
v -1.048201 0.720866 10.512246
v -0.002643 0.026964 10.315504
v -0.889688 0.914009 10.512246
v 0.000401 0.029467 10.315504
v -0.696541 1.072511 10.512246
v 0.003895 0.031329 10.315504
v -0.476176 1.190311 10.512246
v 0.007643 0.032470 10.315504
v -0.237089 1.262835 10.512246
v 0.011574 0.032855 10.315504
v 0.011574 1.287321 10.512246
v 0.015507 0.032470 10.315504
v 0.260238 1.262835 10.512246
v 0.019255 0.031329 10.315504
v 0.499325 1.190311 10.512246
v 0.022749 0.029467 10.315504
v 0.719690 1.072511 10.512246
v 0.025792 0.026964 10.315504
v 0.912838 0.914009 10.512246
v 0.028296 0.023925 10.315504
v 1.071349 0.720866 10.512246
v 0.030154 0.020440 10.315504
v 1.189135 0.500508 10.512246
v 2.171668 0.907494 11.072618
v 2.828177 1.179418 11.911244
v 1.955607 1.311702 11.072618
v 2.546451 1.706497 11.911244
v 1.664838 1.666015 11.072618
v 2.167309 2.168483 11.911244
v 1.310533 1.956777 11.072618
v 1.705321 2.547613 11.911244
v 0.906310 2.172848 11.072618
v 1.178248 2.829353 11.911244
v 0.467712 2.305887 11.072618
v 0.606340 3.002833 11.911244
v 0.011574 2.350811 11.072618
v 0.011574 3.061405 11.911244
v -0.444563 2.305887 11.072618
v -0.583192 3.002833 11.911244
v -0.883162 2.172848 11.072618
v -1.155100 2.829353 11.911244
v -1.287384 1.956777 11.072618
v -1.682173 2.547613 11.911244
v -1.641689 1.666015 11.072618
v -2.144161 2.168483 11.911244
v -1.932459 1.311701 11.072618
v -2.523300 1.706497 11.911244
v -2.148518 0.907494 11.072618
v -2.805029 1.179418 11.911244
v -2.281569 0.468880 11.072618
v -2.978516 0.607517 11.911244
v -2.326494 0.012743 11.072618
v -3.037094 0.012743 11.911244
v -2.281569 -0.443385 11.072618
v -2.978516 -0.582027 11.911244
v -2.148516 -0.882004 11.072618
v -2.805025 -1.153928 11.911244
v -1.932467 -1.286216 11.072618
v -2.523304 -1.681007 11.911244
v -1.641687 -1.640525 11.072618
v -2.144159 -2.142989 11.911244
v -1.287380 -1.931296 11.072618
v -1.682171 -2.522128 11.911244
v -0.883163 -2.147335 11.072618
v -1.155098 -2.803845 11.911244
v -0.444563 -2.280393 11.072618
v -0.583191 -2.977343 11.911244
v 0.011575 -2.325322 11.072618
v 0.011575 -3.035920 11.911244
v 0.467712 -2.280393 11.072618
v 0.606341 -2.977343 11.911244
v 0.906313 -2.147335 11.072618
v 1.178247 -2.803845 11.911244
v 1.310531 -1.931296 11.072618
v 1.705320 -2.522128 11.911244
v 1.664838 -1.640525 11.072618
v 2.167309 -2.142989 11.911244
v 1.955615 -1.286216 11.072618
v 2.546454 -1.681007 11.911244
v 2.459431 -1.622861 13.509332
v 2.093305 -2.068985 13.509332
v 1.530853 -1.002404 18.367109
v 1.303615 -1.279294 18.367109
v 1.699706 -0.686505 18.367109
v 1.530853 -1.002404 18.367109
v 1.303615 -1.279294 18.367109
v 1.699706 -0.686505 18.367109
v 1.795502 -1.179236 18.367109
v 1.528680 -1.504359 18.367109
v 1.795502 -1.179236 19.035843
v 1.993769 -0.808303 18.367109
v 1.993769 -0.808303 19.035843
v 2.115861 -0.405824 18.367109
v 2.115861 -0.405824 19.035843
v 2.157085 0.012747 19.035843
v 1.610959 -0.305390 19.035843
v 1.518162 -0.611300 19.035843
v 1.642293 0.012747 19.035843
v 1.610952 -0.305390 14.302380
v 1.518155 -0.611299 14.302380
v 1.642287 0.012747 14.302380
v 1.610952 0.330884 14.302380
v 1.518155 0.636794 14.302380
v 1.610959 0.330883 19.035843
v 1.518162 0.636793 19.035843
v 2.115861 0.431317 19.035843
v 2.115861 0.431318 18.367109
v 1.993769 0.833796 19.035843
v 1.993769 0.833796 18.367109
v 1.795502 1.204729 19.035843
v 1.795502 1.204729 18.367109
v 1.528680 1.529853 19.035843
v 1.367467 0.918726 19.035843
v 1.164667 1.165838 19.035843
v 1.367460 0.918726 14.302380
v 1.164660 1.165839 14.302380
v 0.917547 1.368637 14.302380
v 0.635618 1.519332 14.302380
v 0.917554 1.368636 19.035843
v 0.635625 1.519331 19.035843
v 1.203556 1.796674 19.035843
v 1.203556 1.796675 18.367109
v 0.832626 1.994939 19.035843
v 0.832626 1.994939 18.367109
v 0.430142 2.117030 19.035843
v 0.430142 2.117030 18.367109
v 0.011574 2.158259 19.035843
v 0.329710 1.612127 19.035843
v 0.011574 1.643468 19.035843
v 0.329704 1.612128 14.302380
v 0.011568 1.643468 14.302380
v -0.306567 1.612128 14.302380
v -0.612483 1.519331 14.302380
v -0.306561 1.612127 19.035843
v -0.612475 1.519331 19.035843
v -0.406995 2.117030 19.035843
v -0.406995 2.117030 18.367109
v -0.809477 1.994939 19.035843
v -0.809477 1.994939 18.367109
v -1.180407 1.796675 19.035843
v -1.180407 1.796675 18.367109
v -1.505531 1.529853 19.035843
v -0.894404 1.368637 19.035843
v -1.141518 1.165838 19.035843
v -0.894412 1.368637 14.302380
v -1.141523 1.165839 14.302380
v -1.344324 0.918726 14.302380
v -1.495018 0.636794 14.302380
v -1.344318 0.918726 19.035843
v -1.495012 0.636793 19.035843
v -1.772352 1.204729 19.035843
v -1.772352 1.204729 18.367109
v -1.970619 0.833796 19.035843
v -1.970619 0.833796 18.367109
v -2.092712 0.431317 19.035843
v -2.092712 0.431318 18.367109
v -2.133938 0.012747 19.035843
v -1.587811 0.330883 19.035843
v -1.619143 0.012747 19.035843
v -1.587816 0.330884 14.302380
v -1.619150 0.012747 14.302380
v -1.587816 -0.305390 14.302380
v -1.495018 -0.611299 14.302380
v -1.587811 -0.305390 19.035843
v -1.495012 -0.611300 19.035843
v -2.092712 -0.405824 19.035843
v -2.092712 -0.405824 18.367109
v -1.970619 -0.808303 19.035843
v -1.970619 -0.808303 18.367109
v -1.772352 -1.179236 19.035843
v -1.772352 -1.179236 18.367109
v -1.505531 -1.504359 19.035843
v -1.344316 -0.893232 19.035843
v -1.141518 -1.140345 19.035843
v -1.344324 -0.893232 14.302380
v -1.141523 -1.140344 14.302380
v -0.894409 -1.343147 14.302380
v -0.612479 -1.493842 14.302380
v -0.894403 -1.343148 19.035843
v -0.612473 -1.493842 19.035843
v -1.180407 -1.771181 19.035843
v -1.180407 -1.771181 18.367109
v -0.809477 -1.969450 19.035843
v -0.809477 -1.969450 18.367109
v -0.406993 -2.091540 19.035843
v -0.406993 -2.091540 18.367109
v 0.011575 -2.132765 19.035843
v -0.306563 -1.586639 19.035843
v 0.011575 -1.617974 19.035843
v -0.306569 -1.586638 14.302380
v 0.011568 -1.617974 14.302380
v 0.329706 -1.586638 14.302380
v 0.635616 -1.493842 14.302380
v 0.329713 -1.586639 19.035843
v 0.635623 -1.493842 19.035843
v 0.430143 -2.091540 19.035843
v 0.430143 -2.091540 18.367109
v 0.832626 -1.969450 19.035843
v 0.832626 -1.969450 18.367109
v 1.203558 -1.771181 19.035843
v 1.203558 -1.771181 18.367109
v 1.528680 -1.504359 19.035843
v 0.917553 -1.343148 19.035843
v 1.164667 -1.140345 19.035843
v 0.917546 -1.343147 14.302380
v 1.164660 -1.140344 14.302380
v 1.367460 -0.893232 14.302380
v 1.367467 -0.893232 19.035843
v 1.026724 -1.506532 18.367109
v 0.710822 -1.675387 18.367109
v 1.026724 -1.506532 18.367109
v 0.710822 -1.675387 18.367109
v 1.647181 -2.435113 13.509332
v 1.138200 -2.707161 13.509332
v 0.585922 -2.874699 13.509332
v 0.011575 -2.931269 13.509332
v 0.368048 -1.779364 18.367109
v 0.011575 -1.814473 18.367109
v 0.368048 -1.779364 18.367109
v 0.011575 -1.814473 18.367109
v -0.344899 -1.779364 18.367109
v 0.011575 -2.132765 18.367109
v -0.687672 -1.675387 18.367109
v -0.344899 -1.779364 18.367109
v -0.687672 -1.675387 18.367109
v -0.562774 -2.874699 13.509332
v -1.115049 -2.707161 13.509332
v -1.624031 -2.435113 13.509332
v -2.070156 -2.068985 13.509332
v -1.003574 -1.506532 18.367109
v -1.280466 -1.279294 18.367109
v -1.003574 -1.506532 18.367109
v -1.280466 -1.279294 18.367109
v -1.507704 -1.002404 18.367109
v -1.505531 -1.504359 18.367109
v -1.676558 -0.686505 18.367109
v -1.507704 -1.002404 18.367109
v -1.676558 -0.686505 18.367109
v -2.436283 -1.622861 13.509332
v -2.708338 -1.113887 13.509332
v -2.875870 -0.561603 13.509332
v -2.932438 0.012743 13.509332
v -1.780537 -0.343731 18.367109
v -1.815647 0.012747 18.367109
v -1.780537 -0.343731 18.367109
v -1.815647 0.012747 18.367109
v -1.780537 0.369220 18.367109
v -2.133938 0.012747 18.367109
v -1.676558 0.711994 18.367109
v -1.780537 0.369220 18.367109
v -1.676558 0.711994 18.367109
v -2.875870 0.587088 13.509332
v -2.708338 1.139372 13.509332
v -2.436283 1.648346 13.509332
v -2.070156 2.094474 13.509332
v -1.507704 1.027893 18.367109
v -1.280466 1.304783 18.367109
v -1.507704 1.027893 18.367109
v -1.280466 1.304783 18.367109
v -1.003574 1.532026 18.367109
v -1.505531 1.529853 18.367109
v -0.687673 1.700880 18.367109
v -1.003574 1.532026 18.367109
v -0.687673 1.700880 18.367109
v -1.624031 2.460598 13.509332
v -1.115051 2.732655 13.509332
v -0.562774 2.900189 13.509332
v 0.011574 2.956757 13.509332
v -0.344899 1.804858 18.367109
v 0.011574 1.839967 18.367109
v -0.344899 1.804858 18.367109
v 0.011574 1.839967 18.367109
v 0.368048 1.804858 18.367109
v 0.011574 2.158259 18.367109
v 0.710822 1.700880 18.367109
v 0.368048 1.804858 18.367109
v 0.710822 1.700880 18.367109
v 0.585922 2.900189 13.509332
v 1.138199 2.732655 13.509332
v 1.647180 2.460598 13.509332
v 2.093305 2.094474 13.509332
v 1.026724 1.532026 18.367109
v 1.303615 1.304783 18.367109
v 1.026724 1.532026 18.367109
v 1.303615 1.304783 18.367109
v 1.530853 1.027893 18.367109
v 1.528680 1.529853 18.367109
v 1.699706 0.711994 18.367109
v 1.530853 1.027893 18.367109
v 1.699706 0.711994 18.367109
v 2.459431 1.648346 13.509332
v 2.731486 1.139372 13.509332
v 3.001664 0.607517 11.911244
vn -0.0000 -1.0000 -0.0000
vn -1.0000 -0.0000 -0.0000
vn -0.0000 -0.0000 1.0000
vn 1.0000 -0.0000 -0.0000
vn -0.0000 -0.0000 -1.0000
vn -0.0000 1.0000 -0.0000
vn -0.0000 -0.9989 -0.0475
vn -0.0000 1.0000 -0.0001
vn -0.0000 -0.9988 0.0485
vn -0.2230 -0.0955 0.9701
vn -0.2230 -0.0956 0.9701
vn -0.2230 0.0955 0.9701
vn -0.0650 -0.0978 0.9931
vn -0.0650 0.0978 0.9931
vn -0.2230 0.2830 0.9328
vn -0.0650 0.2897 0.9549
vn 0.6447 0.2219 0.7316
vn 0.6447 0.0749 0.7608
vn 0.8838 0.1358 0.4478
vn 0.8838 0.0459 0.4657
vn 0.6447 -0.0749 0.7608
vn 0.8838 -0.0459 0.4657
vn 0.9878 -0.0153 0.1549
vn 0.9878 -0.0151 0.1549
vn 0.9878 -0.0150 0.1549
vn 0.9878 0.0153 0.1549
vn 0.9878 0.0151 0.1549
vn 0.9878 0.0452 0.1490
vn 0.9878 0.0454 0.1489
vn 0.9878 0.0455 0.1489
vn 0.9878 0.0734 0.1373
vn 0.9878 0.0733 0.1373
vn 0.9878 0.0988 0.1203
vn 0.9878 0.0987 0.1203
vn 0.9878 0.0987 0.1202
vn 0.9878 0.1203 0.0988
vn 0.9878 0.1202 0.0988
vn 0.9878 0.1373 0.0734
vn 0.9878 0.1372 0.0736
vn 0.9878 0.1490 0.0452
vn 0.9878 0.1491 0.0447
vn 0.9878 0.1491 0.0446
vn 0.9878 0.1549 0.0153
vn 0.9878 0.1548 0.0155
vn 0.9878 0.1549 -0.0153
vn 0.9878 0.1549 -0.0155
vn 0.9878 0.1490 -0.0452
vn 0.9878 0.1490 -0.0447
vn 0.9878 0.1373 -0.0734
vn 0.9878 0.1372 -0.0736
vn 0.9878 0.1203 -0.0988
vn 0.9878 0.1202 -0.0988
vn 0.9878 0.0988 -0.1203
vn 0.9878 0.0987 -0.1203
vn 0.9878 0.0734 -0.1373
vn 0.9878 0.0737 -0.1373
vn 0.9878 0.0452 -0.1490
vn 0.9878 0.0448 -0.1489
vn 0.9878 0.0153 -0.1549
vn 0.9878 0.0155 -0.1549
vn 0.9878 -0.0153 -0.1549
vn 0.9878 -0.0158 -0.1549
vn 0.9878 -0.0159 -0.1549
vn 0.9878 -0.0452 -0.1490
vn 0.9878 -0.0448 -0.1490
vn 0.9878 -0.0734 -0.1373
vn 0.9878 -0.0732 -0.1373
vn 0.9878 -0.0988 -0.1203
vn 0.9878 -0.0990 -0.1202
vn 0.9878 -0.0991 -0.1201
vn 0.9878 -0.1203 -0.0988
vn 0.9878 -0.1202 -0.0989
vn 0.9878 -0.1373 -0.0734
vn 0.9878 -0.1375 -0.0732
vn 0.9878 -0.1490 -0.0452
vn 0.9878 -0.1489 -0.0454
vn 0.9878 -0.1549 -0.0153
vn 0.9878 -0.1549 -0.0152
vn 0.9878 -0.1549 0.0153
vn 0.9878 -0.1549 0.0152
vn 0.9878 -0.1490 0.0452
vn 0.9878 -0.1489 0.0454
vn 0.9878 -0.1373 0.0734
vn 0.9878 -0.1374 0.0732
vn 0.9878 -0.1203 0.0988
vn 0.9878 -0.1202 0.0989
vn 0.9878 -0.0988 0.1203
vn 0.9878 -0.0990 0.1202
vn 0.9878 -0.0734 0.1373
vn 0.9878 -0.0732 0.1373
vn 0.9878 -0.0452 0.1490
vn 0.8838 -0.1358 0.4478
vn 0.8838 -0.2206 0.4127
vn 0.6447 -0.2219 0.7316
vn 0.6447 -0.3604 0.6742
vn 0.6446 -0.3604 0.6742
vn 0.6447 -0.4850 0.5910
vn 0.8838 -0.2968 0.3617
vn 0.8838 -0.2969 0.3617
vn 0.6446 -0.5910 0.4850
vn 0.6447 -0.5910 0.4850
vn 0.8838 -0.3617 0.2968
vn 0.6446 -0.6742 0.3604
vn 0.8838 -0.4127 0.2206
vn 0.6447 -0.7316 0.2219
vn 0.8838 -0.4478 0.1358
vn 0.6446 -0.7608 0.0749
vn 0.6447 -0.7608 0.0749
vn 0.8838 -0.4657 0.0459
vn 0.6446 -0.7608 -0.0749
vn 0.8838 -0.4657 -0.0459
vn 0.6447 -0.7316 -0.2219
vn 0.8838 -0.4478 -0.1358
vn 0.6446 -0.6742 -0.3604
vn 0.8838 -0.4127 -0.2206
vn 0.6447 -0.5910 -0.4850
vn 0.6446 -0.5910 -0.4850
vn 0.8838 -0.3617 -0.2968
vn 0.6447 -0.4850 -0.5910
vn 0.8838 -0.2968 -0.3617
vn 0.6447 -0.3604 -0.6742
vn 0.8838 -0.2206 -0.4127
vn 0.6447 -0.2219 -0.7316
vn 0.6446 -0.2219 -0.7316
vn 0.8838 -0.1358 -0.4478
vn 0.6447 -0.0749 -0.7608
vn 0.8838 -0.0459 -0.4657
vn 0.6447 0.0749 -0.7608
vn 0.8838 0.0459 -0.4657
vn 0.6447 0.2219 -0.7316
vn 0.8838 0.1358 -0.4478
vn 0.6446 0.3604 -0.6742
vn 0.8838 0.2206 -0.4127
vn 0.6447 0.4850 -0.5909
vn 0.8838 0.2969 -0.3617
vn 0.6446 0.5910 -0.4850
vn 0.8838 0.3617 -0.2968
vn 0.6446 0.6742 -0.3604
vn 0.6447 0.6742 -0.3604
vn 0.8838 0.4127 -0.2206
vn 0.6447 0.7316 -0.2219
vn 0.8838 0.4478 -0.1358
vn 0.6447 0.7608 -0.0749
vn 0.8838 0.4657 -0.0459
vn 0.6447 0.7608 0.0749
vn 0.8838 0.4657 0.0459
vn 0.6447 0.7316 0.2219
vn 0.8838 0.4478 0.1358
vn 0.6446 0.6742 0.3604
vn 0.6447 0.6742 0.3603
vn 0.8838 0.4127 0.2206
vn 0.6446 0.5910 0.4850
vn 0.8838 0.3617 0.2968
vn 0.6447 0.4850 0.5909
vn 0.8838 0.2969 0.3617
vn 0.6447 0.3604 0.6742
vn 0.6446 0.3604 0.6742
vn 0.8838 0.2206 0.4127
vn -0.0650 0.6331 0.7714
vn -0.0650 0.4704 0.8801
vn -0.2230 0.6184 0.7535
vn -0.2230 0.4595 0.8597
vn -0.0000 -0.9492 0.3148
vn -0.0000 -0.9729 0.2312
vn -0.0000 0.6344 0.7730
vn -0.0000 0.4714 0.8819
vn -0.0000 0.2903 0.9569
vn -0.0000 0.0980 0.9952
vn -0.0000 -0.2903 -0.9569
vn -0.0000 -0.0980 -0.9952
vn -0.0000 0.0980 -0.9952
vn -0.0000 0.2903 -0.9569
vn -0.0000 -0.0980 0.9952
vn -0.0000 -0.2903 0.9569
vn -0.0000 -0.4714 0.8819
vn -0.0000 -0.6344 0.7730
vn -0.0000 0.4714 -0.8819
vn -0.0000 0.6344 -0.7730
vn -0.0000 0.7730 -0.6344
vn -0.0000 0.8819 -0.4714
vn -0.0000 -0.7730 0.6344
vn -0.0000 -0.8819 0.4714
vn -0.0000 -0.9569 0.2903
vn -0.0000 -0.9952 0.0980
vn -0.0000 0.9569 -0.2903
vn -0.0000 0.9952 -0.0980
vn -0.0000 0.9952 0.0980
vn -0.0000 0.9569 0.2903
vn -0.0000 -0.9952 -0.0980
vn -0.0000 -0.9569 -0.2903
vn -0.0000 -0.8819 -0.4714
vn -0.0000 -0.7730 -0.6344
vn -0.0000 0.8819 0.4714
vn -0.0000 0.7730 0.6344
vn -0.0000 -0.6344 -0.7730
vn -0.0000 -0.4714 -0.8819
vn -0.0000 -0.8850 0.4657
vn -0.0000 -0.9195 0.3931
vn -0.2230 0.8597 0.4595
vn -0.2230 0.7535 0.6184
vn -0.0650 0.8801 0.4704
vn -0.0650 0.7714 0.6331
vn -0.0650 0.7714 0.6330
vn -0.2230 0.9328 0.2830
vn -0.0650 0.9549 0.2897
vn -0.2230 0.9701 0.0955
vn -0.0650 0.9931 0.0978
vn -0.0000 -0.8040 0.5947
vn -0.0000 -0.8462 0.5329
vn -0.0000 0.8040 0.5946
vn -0.0000 0.8462 0.5329
vn -0.2230 0.9328 -0.2830
vn -0.2230 0.9701 -0.0955
vn -0.0650 0.9549 -0.2897
vn -0.0650 0.9931 -0.0978
vn -0.2230 0.8597 -0.4595
vn -0.0650 0.8801 -0.4704
vn -0.2230 0.7535 -0.6184
vn -0.0650 0.7714 -0.6331
vn -0.0650 0.7714 -0.6330
vn -0.0000 0.9195 0.3931
vn -0.0000 0.8850 0.4657
vn -0.0000 0.9492 0.3148
vn -0.0000 0.9729 0.2312
vn -0.2230 0.4595 -0.8597
vn -0.2230 0.6184 -0.7535
vn -0.0650 0.4704 -0.8801
vn -0.0650 0.6331 -0.7714
vn -0.2230 0.2830 -0.9328
vn -0.0650 0.2897 -0.9549
vn -0.2230 0.0955 -0.9701
vn -0.0650 0.0978 -0.9931
vn -0.0000 0.9988 0.0485
vn -0.0000 0.9898 0.1423
vn -0.0000 0.9989 -0.0474
vn -0.0000 0.9910 -0.1342
vn -0.2230 -0.2830 -0.9328
vn -0.2230 -0.0955 -0.9701
vn -0.0650 -0.2897 -0.9549
vn -0.0650 -0.0978 -0.9931
vn -0.2230 -0.4595 -0.8597
vn -0.0650 -0.4704 -0.8801
vn -0.2230 -0.6184 -0.7535
vn -0.0650 -0.6330 -0.7714
vn -0.0000 0.9605 -0.2782
vn -0.0000 0.9775 -0.2107
vn -0.0000 0.9411 -0.3380
vn -0.0000 1.0000 0.0001
vn -0.0000 0.9203 -0.3911
vn -0.2230 -0.8597 -0.4595
vn -0.2230 -0.7535 -0.6184
vn -0.0650 -0.8801 -0.4704
vn -0.0650 -0.8800 -0.4704
vn -0.0650 -0.7714 -0.6330
vn -0.2230 -0.9328 -0.2830
vn -0.0650 -0.9549 -0.2897
vn -0.2230 -0.9701 -0.0955
vn -0.0650 -0.9931 -0.0978
vn -0.0000 0.8770 -0.4806
vn -0.0000 0.8988 -0.4384
vn -0.0000 -0.8770 -0.4806
vn -0.0000 -0.8988 -0.4384
vn -0.2230 -0.9328 0.2830
vn -0.2230 -0.9701 0.0955
vn -0.0650 -0.9549 0.2897
vn -0.0650 -0.9931 0.0978
vn -0.2230 -0.8597 0.4595
vn -0.0650 -0.8801 0.4704
vn -0.0650 -0.8800 0.4704
vn -0.2230 -0.7535 0.6184
vn -0.0650 -0.7714 0.6330
vn -0.0000 -0.9411 -0.3380
vn -0.0000 -0.9203 -0.3911
vn -0.0000 -0.9605 -0.2782
vn -0.0000 -0.9776 -0.2107
vn -0.2230 -0.4595 0.8597
vn -0.2230 -0.6184 0.7535
vn -0.0650 -0.4704 0.8801
vn -0.0650 -0.6330 0.7714
vn -0.2230 -0.2830 0.9328
vn -0.0650 -0.2897 0.9549
vn -0.0000 -0.9910 -0.1342
vn -0.0000 -0.9898 0.1423
vn -0.0000 -1.0000 -0.0001
vn -0.0000 -1.0000 0.0001
vn 0.1032 -0.0000 -0.9947
vn -0.1032 -0.0000 -0.9947
vn -0.3043 -0.0000 -0.9526
vn -0.4905 -0.0000 -0.8714
vn -0.6539 -0.0000 -0.7566
vn -0.7887 -0.0000 -0.6148
vn -0.8917 -0.0000 -0.4526
vn -0.9609 -0.0000 -0.2768
vn -0.9957 -0.0000 -0.0932
vn -0.9957 -0.0000 0.0932
vn -0.9609 -0.0000 0.2768
vn -0.8917 -0.0000 0.4526
vn -0.7887 -0.0000 0.6148
vn -0.6539 -0.0000 0.7566
vn -0.4905 -0.0000 0.8714
vn -0.3043 -0.0000 0.9526
vn -0.1032 -0.0000 0.9947
vn 0.1032 -0.0000 0.9947
vn 0.3043 -0.0000 0.9526
vn 0.4905 -0.0000 0.8714
vn 0.6539 -0.0000 0.7566
vn 0.7887 -0.0000 0.6147
vn 0.8917 -0.0000 0.4526
vn 0.9609 -0.0000 0.2768
vn 0.9956 -0.0000 0.0932
vn 0.9956 -0.0000 -0.0932
vn 0.9609 -0.0000 -0.2768
vn 0.8917 -0.0000 -0.4526
vn 0.7887 -0.0000 -0.6147
vn 0.6539 -0.0000 -0.7566
vn 0.4905 -0.0000 -0.8714
vn 0.3043 -0.0000 -0.9526
vn 0.0624 0.7715 -0.6332
vn 0.0464 0.8810 -0.4709
vn -0.0464 0.8810 -0.4709
vn -0.0624 0.7715 -0.6332
vn -0.1373 0.8810 -0.4528
vn -0.1374 0.8810 -0.4528
vn -0.1847 0.7715 -0.6088
vn -0.2230 0.8810 -0.4173
vn -0.2999 0.7715 -0.5611
vn -0.3002 0.8810 -0.3658
vn -0.4036 0.7715 -0.4918
vn -0.3658 0.8810 -0.3002
vn -0.3657 0.8810 -0.3002
vn -0.4918 0.7715 -0.4036
vn -0.4173 0.8810 -0.2230
vn -0.4173 0.8810 -0.2231
vn -0.5611 0.7715 -0.2999
vn -0.4528 0.8810 -0.1373
vn -0.6088 0.7715 -0.1847
vn -0.4709 0.8810 -0.0464
vn -0.4709 0.8810 -0.0463
vn -0.6332 0.7715 -0.0624
vn -0.4709 0.8810 0.0463
vn -0.4709 0.8810 0.0464
vn -0.6332 0.7715 0.0623
vn -0.6332 0.7715 0.0624
vn -0.4528 0.8810 0.1373
vn -0.4528 0.8810 0.1374
vn -0.6088 0.7715 0.1847
vn -0.4173 0.8810 0.2231
vn -0.4173 0.8810 0.2230
vn -0.5611 0.7715 0.2999
vn -0.3657 0.8810 0.3002
vn -0.3658 0.8810 0.3002
vn -0.4918 0.7715 0.4036
vn -0.3002 0.8810 0.3658
vn -0.4036 0.7715 0.4918
vn -0.2230 0.8810 0.4173
vn -0.2231 0.8810 0.4173
vn -0.2999 0.7715 0.5611
vn -0.1374 0.8810 0.4528
vn -0.1373 0.8810 0.4528
vn -0.1847 0.7715 0.6088
vn -0.0464 0.8810 0.4709
vn -0.0624 0.7715 0.6332
vn 0.0464 0.8810 0.4709
vn 0.0624 0.7715 0.6332
vn 0.1374 0.8810 0.4528
vn 0.1847 0.7715 0.6088
vn 0.2230 0.8810 0.4173
vn 0.2999 0.7715 0.5611
vn 0.3002 0.8810 0.3658
vn 0.3002 0.8810 0.3657
vn 0.4036 0.7715 0.4918
vn 0.3658 0.8810 0.3002
vn 0.4918 0.7715 0.4036
vn 0.4173 0.8810 0.2231
vn 0.5611 0.7715 0.2999
vn 0.4528 0.8810 0.1373
vn 0.6088 0.7715 0.1847
vn 0.4709 0.8810 0.0464
vn 0.4709 0.8810 0.0463
vn 0.6332 0.7715 0.0624
vn 0.6332 0.7715 0.0623
vn 0.4709 0.8810 -0.0463
vn 0.4709 0.8810 -0.0464
vn 0.6332 0.7715 -0.0623
vn 0.6332 0.7715 -0.0624
vn 0.4528 0.8810 -0.1374
vn 0.6088 0.7715 -0.1847
vn 0.4173 0.8810 -0.2231
vn 0.4173 0.8810 -0.2230
vn 0.5611 0.7715 -0.2999
vn 0.3658 0.8810 -0.3002
vn 0.4918 0.7715 -0.4036
vn 0.3002 0.8810 -0.3658
vn 0.3002 0.8810 -0.3657
vn 0.4036 0.7715 -0.4918
vn 0.2230 0.8810 -0.4173
vn 0.2231 0.8810 -0.4173
vn 0.2999 0.7715 -0.5611
vn 0.1374 0.8810 -0.4528
vn 0.1847 0.7715 -0.6088
vn 0.3651 0.6326 -0.6831
vn 0.2248 0.6326 -0.7412
vn 0.2248 0.6325 -0.7412
vn 0.0759 0.6326 -0.7708
vn 0.2563 0.4696 -0.8448
vn 0.2563 0.4696 -0.8449
vn 0.0865 0.4696 -0.8786
vn -0.0759 0.6326 -0.7708
vn -0.0865 0.4696 -0.8786
vn -0.2248 0.6326 -0.7412
vn -0.2563 0.4696 -0.8448
vn -0.2563 0.4696 -0.8449
vn -0.3651 0.6326 -0.6830
vn -0.4162 0.4696 -0.7786
vn -0.4913 0.6326 -0.5987
vn -0.4914 0.6326 -0.5987
vn -0.5601 0.4696 -0.6825
vn -0.5987 0.6326 -0.4913
vn -0.6825 0.4696 -0.5601
vn -0.6831 0.6326 -0.3651
vn -0.7786 0.4696 -0.4162
vn -0.7412 0.6326 -0.2248
vn -0.8448 0.4696 -0.2563
vn -0.8448 0.4697 -0.2563
vn -0.7708 0.6326 -0.0759
vn -0.8786 0.4696 -0.0865
vn -0.8786 0.4697 -0.0865
vn -0.7708 0.6326 0.0759
vn -0.8786 0.4696 0.0865
vn -0.8786 0.4697 0.0865
vn -0.7412 0.6326 0.2248
vn -0.8448 0.4696 0.2563
vn -0.8448 0.4697 0.2563
vn -0.6831 0.6326 0.3651
vn -0.7786 0.4696 0.4162
vn -0.5987 0.6326 0.4913
vn -0.6825 0.4696 0.5601
vn -0.4913 0.6326 0.5987
vn -0.4914 0.6326 0.5987
vn -0.5601 0.4696 0.6825
vn -0.3651 0.6326 0.6830
vn -0.4162 0.4696 0.7786
vn -0.2248 0.6326 0.7412
vn -0.2248 0.6326 0.7411
vn -0.2563 0.4696 0.8448
vn -0.2563 0.4696 0.8449
vn -0.0759 0.6326 0.7708
vn -0.0865 0.4696 0.8786
vn 0.0759 0.6326 0.7708
vn 0.0865 0.4696 0.8786
vn 0.2248 0.6326 0.7412
vn 0.2248 0.6325 0.7412
vn 0.2563 0.4696 0.8448
vn 0.2563 0.4696 0.8449
vn 0.3651 0.6326 0.6831
vn 0.4162 0.4696 0.7786
vn 0.4913 0.6326 0.5987
vn 0.4914 0.6326 0.5987
vn 0.5601 0.4696 0.6825
vn 0.5987 0.6326 0.4913
vn 0.5987 0.6326 0.4914
vn 0.6825 0.4696 0.5601
vn 0.6824 0.4696 0.5601
vn 0.6831 0.6326 0.3651
vn 0.7786 0.4696 0.4162
vn 0.7412 0.6326 0.2248
vn 0.8448 0.4696 0.2563
vn 0.7708 0.6326 0.0759
vn 0.8786 0.4696 0.0865
vn 0.7708 0.6326 -0.0759
vn 0.8786 0.4696 -0.0865
vn 0.7412 0.6326 -0.2248
vn 0.8448 0.4696 -0.2563
vn 0.6831 0.6326 -0.3651
vn 0.7786 0.4696 -0.4162
vn 0.5987 0.6326 -0.4913
vn 0.5987 0.6325 -0.4914
vn 0.6825 0.4696 -0.5601
vn 0.6824 0.4696 -0.5601
vn 0.4913 0.6326 -0.5987
vn 0.4914 0.6326 -0.5987
vn 0.5601 0.4696 -0.6825
vn 0.4162 0.4696 -0.7786
vn 0.6073 0.2890 -0.7400
vn 0.4513 0.2890 -0.8443
vn 0.2779 0.2890 -0.9161
vn 0.4692 0.0975 -0.8777
vn 0.4692 0.0976 -0.8777
vn 0.2889 0.0976 -0.9524
vn 0.2889 0.0975 -0.9524
vn 0.0938 0.2890 -0.9527
vn 0.0976 0.0976 -0.9904
vn -0.0976 0.0976 -0.9904
vn -0.0938 0.2890 -0.9527
vn -0.2779 0.2890 -0.9161
vn -0.2889 0.0975 -0.9524
vn -0.4513 0.2890 -0.8443
vn -0.4691 0.0975 -0.8777
vn -0.6073 0.2890 -0.7400
vn -0.6314 0.0976 -0.7693
vn -0.6314 0.0975 -0.7693
vn -0.7400 0.2890 -0.6073
vn -0.7693 0.0975 -0.6314
vn -0.8443 0.2890 -0.4513
vn -0.8777 0.0975 -0.4692
vn -0.8777 0.0976 -0.4692
vn -0.9161 0.2890 -0.2779
vn -0.9524 0.0975 -0.2889
vn -0.9527 0.2890 -0.0938
vn -0.9904 0.0975 -0.0975
vn -0.9904 0.0976 -0.0975
vn -0.9527 0.2890 0.0938
vn -0.9904 0.0975 0.0975
vn -0.9904 0.0976 0.0975
vn -0.9161 0.2890 0.2779
vn -0.9524 0.0975 0.2889
vn -0.9524 0.0976 0.2889
vn -0.8443 0.2890 0.4513
vn -0.8777 0.0975 0.4692
vn -0.8777 0.0975 0.4691
vn -0.7400 0.2890 0.6073
vn -0.7693 0.0976 0.6314
vn -0.7693 0.0975 0.6314
vn -0.6073 0.2890 0.7400
vn -0.6314 0.0976 0.7693
vn -0.4513 0.2890 0.8443
vn -0.4691 0.0975 0.8777
vn -0.2779 0.2890 0.9161
vn -0.2889 0.0975 0.9524
vn -0.0938 0.2890 0.9527
vn -0.0975 0.0975 0.9904
vn 0.0938 0.2890 0.9527
vn 0.0975 0.0975 0.9904
vn 0.2779 0.2890 0.9161
vn 0.2889 0.0976 0.9524
vn 0.2889 0.0975 0.9524
vn 0.4513 0.2890 0.8443
vn 0.4692 0.0975 0.8777
vn 0.4692 0.0976 0.8777
vn 0.6073 0.2890 0.7400
vn 0.6314 0.0975 0.7693
vn 0.6313 0.0975 0.7693
vn 0.7400 0.2890 0.6073
vn 0.7693 0.0975 0.6314
vn 0.7693 0.0976 0.6314
vn 0.8443 0.2890 0.4513
vn 0.8777 0.0975 0.4692
vn 0.9161 0.2890 0.2779
vn 0.9524 0.0975 0.2889
vn 0.9527 0.2890 0.0938
vn 0.9904 0.0976 0.0976
vn 0.9527 0.2890 -0.0938
vn 0.9904 0.0975 -0.0976
vn 0.9904 0.0976 -0.0976
vn 0.9161 0.2890 -0.2779
vn 0.9524 0.0975 -0.2889
vn 0.8443 0.2890 -0.4513
vn 0.8777 0.0975 -0.4692
vn 0.8777 0.0975 -0.4691
vn 0.7400 0.2890 -0.6073
vn 0.7693 0.0975 -0.6314
vn 0.7693 0.0976 -0.6314
vn 0.6314 0.0975 -0.7693
vn 0.6313 0.0975 -0.7693
vn 0.7693 -0.0975 -0.6314
vn 0.6314 -0.0975 -0.7693
vn 0.6314 -0.0976 -0.7693
vn 0.4692 -0.0975 -0.8777
vn 0.4691 -0.0975 -0.8777
vn 0.6073 -0.2890 -0.7400
vn 0.4513 -0.2890 -0.8443
vn 0.2889 -0.0976 -0.9524
vn 0.2779 -0.2890 -0.9161
vn 0.0976 -0.0976 -0.9904
vn 0.0975 -0.0975 -0.9904
vn 0.0938 -0.2890 -0.9527
vn -0.0976 -0.0976 -0.9904
vn -0.0975 -0.0975 -0.9904
vn -0.0938 -0.2890 -0.9527
vn -0.2889 -0.0975 -0.9524
vn -0.2779 -0.2890 -0.9161
vn -0.4692 -0.0975 -0.8777
vn -0.4513 -0.2890 -0.8443
vn -0.6314 -0.0975 -0.7693
vn -0.6314 -0.0976 -0.7693
vn -0.6073 -0.2890 -0.7400
vn -0.7693 -0.0975 -0.6314
vn -0.7693 -0.0976 -0.6314
vn -0.7400 -0.2890 -0.6073
vn -0.8777 -0.0975 -0.4692
vn -0.8443 -0.2890 -0.4513
vn -0.9524 -0.0975 -0.2889
vn -0.9524 -0.0976 -0.2889
vn -0.9161 -0.2890 -0.2779
vn -0.9904 -0.0975 -0.0975
vn -0.9904 -0.0975 -0.0976
vn -0.9527 -0.2890 -0.0938
vn -0.9904 -0.0975 0.0975
vn -0.9904 -0.0975 0.0976
vn -0.9527 -0.2890 0.0938
vn -0.9524 -0.0975 0.2889
vn -0.9161 -0.2890 0.2779
vn -0.8777 -0.0975 0.4692
vn -0.8443 -0.2890 0.4513
vn -0.7693 -0.0976 0.6314
vn -0.7400 -0.2890 0.6073
vn -0.6314 -0.0976 0.7693
vn -0.6314 -0.0975 0.7693
vn -0.6073 -0.2890 0.7400
vn -0.4692 -0.0975 0.8777
vn -0.4691 -0.0975 0.8777
vn -0.4513 -0.2890 0.8443
vn -0.2889 -0.0975 0.9524
vn -0.2779 -0.2890 0.9161
vn -0.0975 -0.0975 0.9904
vn -0.0938 -0.2890 0.9527
vn 0.0975 -0.0975 0.9904
vn 0.0938 -0.2890 0.9527
vn 0.2889 -0.0976 0.9524
vn 0.2779 -0.2890 0.9161
vn 0.4692 -0.0975 0.8777
vn 0.4513 -0.2890 0.8443
vn 0.6314 -0.0975 0.7693
vn 0.6314 -0.0976 0.7693
vn 0.6073 -0.2890 0.7400
vn 0.7693 -0.0975 0.6314
vn 0.7400 -0.2890 0.6073
vn 0.8777 -0.0975 0.4692
vn 0.8777 -0.0976 0.4691
vn 0.8443 -0.2890 0.4513
vn 0.9524 -0.0975 0.2889
vn 0.9161 -0.2890 0.2779
vn 0.9904 -0.0976 0.0976
vn 0.9904 -0.0975 0.0975
vn 0.9527 -0.2890 0.0938
vn 0.9904 -0.0975 -0.0976
vn 0.9904 -0.0975 -0.0975
vn 0.9527 -0.2890 -0.0938
vn 0.9524 -0.0975 -0.2889
vn 0.9161 -0.2890 -0.2779
vn 0.8777 -0.0975 -0.4692
vn 0.8777 -0.0975 -0.4691
vn 0.8443 -0.2890 -0.4513
vn 0.7400 -0.2890 -0.6073
vn 0.7786 -0.4696 -0.4162
vn 0.6825 -0.4696 -0.5601
vn 0.5601 -0.4696 -0.6825
vn 0.5987 -0.6326 -0.4913
vn 0.4913 -0.6326 -0.5987
vn 0.4162 -0.4696 -0.7786
vn 0.3651 -0.6326 -0.6831
vn 0.3651 -0.6326 -0.6830
vn 0.2563 -0.4696 -0.8449
vn 0.2563 -0.4696 -0.8448
vn 0.2248 -0.6326 -0.7412
vn 0.2248 -0.6326 -0.7411
vn 0.0865 -0.4696 -0.8786
vn 0.0759 -0.6326 -0.7708
vn -0.0865 -0.4696 -0.8786
vn -0.0759 -0.6326 -0.7708
vn -0.2563 -0.4696 -0.8448
vn -0.2563 -0.4696 -0.8449
vn -0.2248 -0.6326 -0.7412
vn -0.4162 -0.4696 -0.7786
vn -0.3651 -0.6326 -0.6830
vn -0.5601 -0.4696 -0.6825
vn -0.4913 -0.6326 -0.5987
vn -0.6825 -0.4696 -0.5601
vn -0.5987 -0.6326 -0.4913
vn -0.7786 -0.4696 -0.4162
vn -0.6831 -0.6326 -0.3651
vn -0.8448 -0.4696 -0.2563
vn -0.7412 -0.6326 -0.2248
vn -0.8786 -0.4696 -0.0865
vn -0.7708 -0.6326 -0.0759
vn -0.8786 -0.4696 0.0865
vn -0.7708 -0.6326 0.0759
vn -0.8448 -0.4696 0.2563
vn -0.7412 -0.6326 0.2248
vn -0.7786 -0.4696 0.4162
vn -0.6831 -0.6326 0.3651
vn -0.6825 -0.4696 0.5601
vn -0.5987 -0.6326 0.4913
vn -0.5601 -0.4696 0.6825
vn -0.4913 -0.6326 0.5987
vn -0.4162 -0.4696 0.7786
vn -0.3651 -0.6326 0.6830
vn -0.2563 -0.4696 0.8449
vn -0.2563 -0.4696 0.8448
vn -0.2248 -0.6326 0.7412
vn -0.0865 -0.4696 0.8786
vn -0.0759 -0.6326 0.7708
vn 0.0865 -0.4696 0.8786
vn 0.0759 -0.6326 0.7708
vn 0.2563 -0.4696 0.8448
vn 0.2248 -0.6326 0.7412
vn 0.2248 -0.6326 0.7411
vn 0.4162 -0.4696 0.7786
vn 0.3651 -0.6326 0.6831
vn 0.3651 -0.6326 0.6830
vn 0.5601 -0.4696 0.6825
vn 0.4913 -0.6326 0.5987
vn 0.6825 -0.4696 0.5601
vn 0.5987 -0.6326 0.4913
vn 0.7786 -0.4696 0.4162
vn 0.6831 -0.6326 0.3651
vn 0.6830 -0.6326 0.3651
vn 0.8448 -0.4696 0.2563
vn 0.7412 -0.6326 0.2248
vn 0.8786 -0.4696 0.0865
vn 0.7708 -0.6326 0.0759
vn 0.8786 -0.4696 -0.0865
vn 0.7708 -0.6326 -0.0759
vn 0.8448 -0.4696 -0.2563
vn 0.8449 -0.4696 -0.2563
vn 0.7412 -0.6326 -0.2248
vn 0.6831 -0.6326 -0.3651
vn 0.6088 -0.7715 -0.1847
vn 0.5611 -0.7715 -0.2999
vn 0.4918 -0.7715 -0.4036
vn 0.4173 -0.8810 -0.2230
vn 0.3658 -0.8810 -0.3002
vn 0.3658 -0.8810 -0.3001
vn 0.4036 -0.7715 -0.4918
vn 0.3002 -0.8810 -0.3658
vn 0.3002 -0.8810 -0.3657
vn 0.2999 -0.7715 -0.5611
vn 0.2230 -0.8810 -0.4173
vn 0.1847 -0.7715 -0.6088
vn 0.1374 -0.8810 -0.4528
vn 0.0624 -0.7715 -0.6332
vn 0.0623 -0.7715 -0.6332
vn 0.0464 -0.8810 -0.4709
vn -0.0624 -0.7715 -0.6332
vn -0.0464 -0.8810 -0.4709
vn -0.1847 -0.7715 -0.6088
vn -0.1373 -0.8810 -0.4528
vn -0.1374 -0.8810 -0.4528
vn -0.1374 -0.8810 -0.4527
vn -0.2999 -0.7715 -0.5611
vn -0.2231 -0.8810 -0.4173
vn -0.2230 -0.8810 -0.4173
vn -0.4036 -0.7715 -0.4918
vn -0.3002 -0.8810 -0.3658
vn -0.3002 -0.8810 -0.3657
vn -0.4918 -0.7715 -0.4036
vn -0.4918 -0.7715 -0.4037
vn -0.3658 -0.8810 -0.3002
vn -0.3657 -0.8810 -0.3002
vn -0.5611 -0.7715 -0.2999
vn -0.4173 -0.8810 -0.2230
vn -0.6088 -0.7715 -0.1847
vn -0.4528 -0.8810 -0.1374
vn -0.6332 -0.7715 -0.0624
vn -0.4709 -0.8810 -0.0464
vn -0.6332 -0.7715 0.0624
vn -0.4709 -0.8810 0.0464
vn -0.6088 -0.7715 0.1847
vn -0.4528 -0.8810 0.1374
vn -0.5611 -0.7715 0.2999
vn -0.4173 -0.8810 0.2230
vn -0.4918 -0.7715 0.4036
vn -0.4918 -0.7715 0.4037
vn -0.3657 -0.8810 0.3002
vn -0.3658 -0.8810 0.3002
vn -0.4036 -0.7715 0.4918
vn -0.3002 -0.8810 0.3658
vn -0.2999 -0.7715 0.5611
vn -0.2230 -0.8810 0.4173
vn -0.2231 -0.8810 0.4173
vn -0.1847 -0.7715 0.6088
vn -0.1373 -0.8810 0.4528
vn -0.1374 -0.8810 0.4528
vn -0.0624 -0.7715 0.6332
vn -0.0623 -0.7715 0.6332
vn -0.0464 -0.8810 0.4709
vn 0.0624 -0.7715 0.6332
vn 0.0623 -0.7715 0.6332
vn 0.0464 -0.8810 0.4709
vn 0.1847 -0.7715 0.6088
vn 0.1374 -0.8810 0.4528
vn 0.2999 -0.7715 0.5611
vn 0.2230 -0.8810 0.4173
vn 0.2231 -0.8810 0.4173
vn 0.4036 -0.7715 0.4918
vn 0.3002 -0.8810 0.3658
vn 0.3001 -0.8810 0.3658
vn 0.4918 -0.7715 0.4036
vn 0.3658 -0.8810 0.3002
vn 0.3658 -0.8810 0.3001
vn 0.5611 -0.7715 0.2999
vn 0.4173 -0.8810 0.2230
vn 0.6088 -0.7715 0.1847
vn 0.4528 -0.8810 0.1374
vn 0.6332 -0.7715 0.0624
vn 0.4709 -0.8810 0.0463
vn 0.4709 -0.8810 0.0464
vn 0.6332 -0.7715 -0.0624
vn 0.4709 -0.8810 -0.0464
vn 0.4709 -0.8810 -0.0463
vn 0.4528 -0.8810 -0.1374
vn 0.2902 -0.9565 -0.0286
vn 0.2902 -0.9565 -0.0285
vn 0.2790 -0.9565 -0.0847
vn 0.2790 -0.9565 -0.0846
vn 0.2572 -0.9566 -0.1374
vn 0.2572 -0.9565 -0.1374
vn 0.0869 -0.9951 -0.0464
vn 0.0942 -0.9951 -0.0286
vn -0.0761 -0.9951 0.0626
vn -0.0625 -0.9951 0.0760
vn -0.0097 -0.9951 -0.0980
vn 0.0097 -0.9951 -0.0980
vn 0.0286 -0.9951 -0.0942
vn 0.0464 -0.9951 -0.0869
vn 0.0625 -0.9951 -0.0762
vn 0.0761 -0.9951 -0.0624
vn 0.0980 -0.9951 -0.0097
vn 0.0980 -0.9951 0.0097
vn 0.0942 -0.9951 0.0286
vn 0.0869 -0.9951 0.0464
vn 0.0757 -0.9952 0.0628
vn 0.0625 -0.9951 0.0762
vn 0.0464 -0.9951 0.0869
vn 0.0286 -0.9951 0.0942
vn 0.0097 -0.9951 0.0980
vn -0.0097 -0.9951 0.0980
vn -0.0286 -0.9951 0.0943
vn -0.0464 -0.9951 0.0869
vn -0.0868 -0.9951 0.0465
vn -0.0942 -0.9951 0.0284
vn -0.0980 -0.9951 0.0097
vn -0.0980 -0.9951 -0.0097
vn -0.0942 -0.9951 -0.0284
vn -0.0868 -0.9951 -0.0465
vn -0.0761 -0.9951 -0.0625
vn -0.0625 -0.9951 -0.0760
vn -0.0464 -0.9951 -0.0869
vn -0.0286 -0.9951 -0.0943
vn -0.0286 -0.9565 -0.2902
vn -0.0846 -0.9565 -0.2790
vn -0.0846 -0.9565 -0.2791
vn -0.1375 -0.9565 -0.2571
vn -0.1850 -0.9565 -0.2254
vn -0.2254 -0.9565 -0.1850
vn -0.2571 -0.9566 -0.1374
vn -0.2572 -0.9565 -0.1375
vn -0.2790 -0.9566 -0.0846
vn -0.2790 -0.9565 -0.0846
vn -0.2902 -0.9565 -0.0286
vn -0.2902 -0.9565 -0.0285
vn -0.2902 -0.9565 0.0286
vn -0.2790 -0.9565 0.0846
vn -0.2790 -0.9566 0.0846
vn -0.2572 -0.9565 0.1375
vn -0.2572 -0.9566 0.1374
vn -0.2571 -0.9566 0.1374
vn -0.2254 -0.9565 0.1850
vn -0.2251 -0.9566 0.1849
vn -0.1850 -0.9565 0.2254
vn -0.1850 -0.9566 0.2253
vn -0.1374 -0.9565 0.2572
vn -0.1375 -0.9565 0.2571
vn -0.0846 -0.9565 0.2790
vn -0.0286 -0.9565 0.2902
vn 0.0286 -0.9565 0.2902
vn 0.0846 -0.9566 0.2790
vn 0.0846 -0.9565 0.2790
vn 0.1375 -0.9566 0.2571
vn 0.1375 -0.9565 0.2572
vn 0.1850 -0.9566 0.2254
vn 0.1850 -0.9565 0.2254
vn 0.2254 -0.9565 0.1850
vn 0.2572 -0.9565 0.1374
vn 0.2572 -0.9565 0.1375
vn 0.2790 -0.9565 0.0846
vn 0.2790 -0.9565 0.0847
vn 0.2902 -0.9565 0.0285
vn 0.2902 -0.9565 0.0286
vn 0.2254 -0.9565 -0.1850
vn 0.1850 -0.9565 -0.2254
vn 0.1375 -0.9566 -0.2571
vn 0.1375 -0.9565 -0.2572
vn 0.0846 -0.9565 -0.2790
vn 0.0846 -0.9566 -0.2790
vn 0.0286 -0.9565 -0.2902
vn 0.1375 0.9566 -0.2571
vn 0.1375 0.9565 -0.2572
vn 0.1374 0.9565 -0.2572
vn 0.0846 0.9565 -0.2790
vn 0.0846 0.9566 -0.2790
vn 0.0286 0.9566 -0.2902
vn 0.0286 0.9566 -0.2901
vn 0.0286 0.9951 -0.0944
vn 0.0097 0.9951 -0.0980
vn -0.0286 0.9566 -0.2902
vn -0.0286 0.9565 -0.2902
vn -0.0097 0.9951 -0.0980
vn -0.0846 0.9565 -0.2790
vn -0.0846 0.9566 -0.2790
vn -0.0286 0.9951 -0.0943
vn -0.1374 0.9566 -0.2571
vn -0.1374 0.9565 -0.2572
vn -0.0464 0.9951 -0.0868
vn -0.1850 0.9565 -0.2254
vn -0.0625 0.9951 -0.0762
vn -0.2254 0.9566 -0.1850
vn -0.2254 0.9566 -0.1848
vn -0.2254 0.9565 -0.1850
vn -0.0761 0.9951 -0.0626
vn -0.2571 0.9565 -0.1376
vn -0.2571 0.9565 -0.1375
vn -0.0869 0.9951 -0.0463
vn -0.2790 0.9566 -0.0846
vn -0.2790 0.9565 -0.0847
vn -0.0943 0.9951 -0.0286
vn -0.2902 0.9566 -0.0286
vn -0.0980 0.9951 -0.0098
vn -0.2902 0.9566 0.0286
vn -0.2902 0.9565 0.0286
vn -0.0980 0.9951 0.0098
vn -0.2790 0.9565 0.0847
vn -0.2790 0.9566 0.0846
vn -0.0943 0.9951 0.0286
vn -0.2571 0.9565 0.1375
vn -0.0871 0.9951 0.0467
vn -0.2254 0.9566 0.1848
vn -0.2254 0.9565 0.1850
vn -0.0761 0.9951 0.0626
vn -0.1850 0.9565 0.2254
vn -0.1849 0.9566 0.2254
vn -0.0625 0.9951 0.0761
vn -0.1374 0.9565 0.2572
vn -0.1375 0.9566 0.2571
vn -0.0464 0.9951 0.0868
vn -0.0846 0.9565 0.2790
vn -0.0846 0.9566 0.2790
vn -0.0286 0.9951 0.0943
vn -0.0286 0.9565 0.2902
vn -0.0286 0.9566 0.2902
vn -0.0097 0.9951 0.0980
vn 0.0286 0.9566 0.2901
vn 0.0097 0.9951 0.0980
vn 0.0846 0.9566 0.2790
vn 0.0846 0.9565 0.2790
vn 0.0286 0.9951 0.0943
vn 0.1375 0.9565 0.2572
vn 0.1375 0.9566 0.2571
vn 0.1374 0.9565 0.2572
vn 0.0464 0.9951 0.0868
vn 0.1850 0.9566 0.2254
vn 0.0625 0.9951 0.0762
vn 0.2254 0.9566 0.1849
vn 0.2254 0.9566 0.1850
vn 0.0760 0.9951 0.0629
vn 0.2571 0.9565 0.1375
vn 0.2571 0.9566 0.1374
vn 0.0869 0.9951 0.0465
vn 0.2790 0.9566 0.0846
vn 0.2790 0.9565 0.0847
vn 0.0943 0.9951 0.0286
vn 0.2902 0.9566 0.0286
vn 0.0980 0.9951 0.0098
vn 0.2902 0.9566 -0.0286
vn 0.0980 0.9951 -0.0098
vn 0.2790 0.9565 -0.0847
vn 0.2790 0.9566 -0.0846
vn 0.0943 0.9951 -0.0286
vn 0.0869 0.9951 -0.0465
vn 0.2571 0.9566 -0.1374
vn 0.2571 0.9565 -0.1375
vn 0.2254 0.9565 -0.1850
vn 0.2254 0.9566 -0.1850
vn 0.0757 0.9952 -0.0628
vn 0.1850 0.9566 -0.2253
vn 0.0625 0.9951 -0.0761
vn 0.0464 0.9951 -0.0868
vn 0.4113 -0.7972 0.4418
vn -0.6321 -0.5987 -0.4919
vn -0.7481 -0.5722 -0.3360
vn -0.8353 -0.5237 -0.1672
vn -0.4113 0.7972 -0.4418
vn -0.8905 -0.4550 0.0080
vn -0.9113 -0.3689 0.1828
vn -0.8972 -0.2686 0.3507
vn -0.8485 -0.1579 0.5050
vn -0.7673 -0.0413 0.6399
vn -0.6566 0.0770 0.7503
vn -0.5207 0.1923 0.8318
vn -0.3648 0.3002 0.8814
vn -0.3648 0.3002 0.8813
vn -0.1949 0.3966 0.8971
vn -0.0174 0.4778 0.8783
vn -0.0175 0.4777 0.8783
vn 0.1607 0.5406 0.8258
vn 0.3326 0.5826 0.7416
vn 0.4918 0.6022 0.6288
vn 0.6321 0.5987 0.4919
vn 0.7481 0.5722 0.3360
vn 0.8353 0.5237 0.1672
vn 0.8905 0.4550 -0.0080
vn 0.9113 0.3689 -0.1828
vn 0.8972 0.2686 -0.3506
vn 0.8972 0.2686 -0.3507
vn 0.8485 0.1579 -0.5050
vn 0.8486 0.1579 -0.5050
vn 0.7673 0.0412 -0.6399
vn 0.7673 0.0413 -0.6399
vn 0.6566 -0.0770 -0.7503
vn 0.6567 -0.0770 -0.7503
vn 0.5207 -0.1923 -0.8318
vn 0.3649 -0.3002 -0.8813
vn 0.3648 -0.3002 -0.8814
vn 0.1949 -0.3966 -0.8971
vn 0.0174 -0.4778 -0.8783
vn 0.0175 -0.4777 -0.8783
vn -0.1607 -0.5406 -0.8258
vn -0.3326 -0.5826 -0.7416
vn -0.4918 -0.6022 -0.6288
vn 0.4122 -0.8027 0.4311
vn -0.8445 -0.5141 -0.1497
vn -0.8446 -0.5141 -0.1497
vn -0.8950 -0.4453 0.0267
vn -0.9111 -0.3593 0.2022
vn -0.4122 0.8027 -0.4311
vn -0.8921 -0.2595 0.3699
vn -0.8389 -0.1498 0.5233
vn -0.7534 -0.0342 0.6567
vn -0.6390 0.0826 0.7648
vn -0.5000 0.1962 0.8435
vn -0.3418 0.3023 0.8898
vn -0.1705 0.3968 0.9019
vn 0.0074 0.4761 0.8794
vn 0.1850 0.5370 0.8230
vn 0.3555 0.5773 0.7351
vn 0.5123 0.5954 0.6188
vn 0.6495 0.5907 0.4789
vn 0.7616 0.5632 0.3204
vn 0.8445 0.5141 0.1497
vn 0.8446 0.5141 0.1497
vn 0.8950 0.4453 -0.0267
vn 0.9111 0.3593 -0.2022
vn 0.8921 0.2595 -0.3699
vn 0.8389 0.1498 -0.5233
vn 0.7534 0.0342 -0.6567
vn 0.6390 -0.0826 -0.7648
vn 0.5000 -0.1962 -0.8435
vn 0.3418 -0.3023 -0.8898
vn 0.1705 -0.3968 -0.9019
vn -0.0074 -0.4761 -0.8794
vn -0.1850 -0.5370 -0.8230
vn -0.3555 -0.5773 -0.7351
vn -0.5123 -0.5954 -0.6189
vn -0.5123 -0.5954 -0.6188
vn -0.6495 -0.5907 -0.4788
vn -0.6495 -0.5907 -0.4789
vn -0.7616 -0.5632 -0.3204
vn -0.7616 -0.5632 -0.3205
vn -0.0632 -0.9640 0.2583
vn 0.0632 -0.9640 0.2583
vn 0.0632 -0.9640 -0.2583
vn -0.0632 -0.9640 -0.2583
vn -0.1885 -0.9475 -0.2583
vn -0.1885 -0.9475 0.2583
vn -0.0463 -0.7063 -0.7063
vn -0.1381 -0.6943 -0.7063
vn -0.2275 -0.6703 -0.7063
vn -0.3105 -0.9148 -0.2583
vn -0.3131 -0.6349 -0.7063
vn -0.4273 -0.8664 -0.2583
vn -0.4273 -0.8664 0.2583
vn -0.3105 -0.9148 0.2583
vn -0.3131 -0.6349 0.7063
vn -0.2275 -0.6703 0.7063
vn -0.1381 -0.6943 0.7063
vn -0.1381 -0.6943 0.7064
vn -0.0834 -0.2456 0.9658
vn -0.0506 -0.2544 0.9658
vn -0.0463 -0.7063 0.7064
vn -0.0170 -0.2588 0.9658
vn 0.0463 -0.7063 0.7064
vn 0.0463 -0.7063 0.7063
vn 0.0170 -0.2588 0.9658
vn -0.0170 0.2588 0.9658
vn 0.0170 0.2588 0.9658
vn -0.0463 0.7063 0.7063
vn 0.0463 0.7063 0.7063
vn 0.0463 0.7063 0.7064
vn 0.0506 0.2544 0.9658
vn 0.1381 0.6943 0.7063
vn 0.1885 0.9475 0.2583
vn 0.0632 0.9640 0.2583
vn 0.1885 0.9475 -0.2583
vn 0.0632 0.9640 -0.2583
vn -0.0632 0.9640 0.2583
vn -0.0632 0.9640 -0.2583
vn -0.0463 0.7063 -0.7063
vn 0.0463 0.7063 -0.7063
vn -0.0170 0.2588 -0.9658
vn 0.0170 0.2588 -0.9658
vn 0.1381 0.6943 -0.7063
vn 0.0506 0.2544 -0.9658
vn -0.0506 -0.2544 -0.9658
vn -0.0170 -0.2588 -0.9658
vn 0.0834 0.2456 -0.9658
vn -0.0834 -0.2456 -0.9658
vn 0.1147 0.2326 -0.9658
vn -0.1147 -0.2326 -0.9658
vn 0.1441 0.2156 -0.9658
vn -0.1441 -0.2156 -0.9658
vn -0.3933 -0.5886 -0.7063
vn -0.1710 -0.1950 -0.9658
vn -0.4667 -0.5322 -0.7063
vn -0.6370 -0.7263 -0.2583
vn -0.5367 -0.8033 -0.2583
vn -0.6370 -0.7263 0.2583
vn -0.5367 -0.8033 0.2583
vn -0.4667 -0.5322 0.7063
vn -0.3933 -0.5886 0.7063
vn -0.1710 -0.1950 0.9658
vn -0.1441 -0.2156 0.9658
vn -0.1147 -0.2326 0.9658
vn 0.1441 0.2156 0.9658
vn 0.1147 0.2326 0.9658
vn 0.0834 0.2456 0.9658
vn 0.3131 0.6349 0.7063
vn 0.2275 0.6703 0.7063
vn 0.4273 0.8664 0.2583
vn 0.3105 0.9148 0.2583
vn 0.4273 0.8664 -0.2583
vn 0.3105 0.9148 -0.2583
vn 0.3131 0.6349 -0.7063
vn 0.2275 0.6703 -0.7063
vn 0.5367 0.8033 -0.2583
vn 0.3933 0.5886 -0.7063
vn 0.6370 0.7263 -0.2583
vn 0.4667 0.5322 -0.7063
vn 0.1710 0.1950 -0.9658
vn 0.5322 0.4667 -0.7063
vn 0.1950 0.1710 -0.9658
vn -0.1950 -0.1710 -0.9658
vn 0.2156 0.1441 -0.9658
vn -0.2156 -0.1441 -0.9658
vn -0.5886 -0.3933 -0.7063
vn -0.5322 -0.4667 -0.7063
vn -0.8033 -0.5367 -0.2583
vn -0.7263 -0.6370 -0.2583
vn -0.8033 -0.5367 0.2583
vn -0.7263 -0.6370 0.2583
vn -0.5886 -0.3933 0.7063
vn -0.5322 -0.4667 0.7063
vn -0.2156 -0.1441 0.9658
vn -0.1950 -0.1710 0.9658
vn 0.2156 0.1441 0.9658
vn 0.1950 0.1710 0.9658
vn 0.1710 0.1950 0.9658
vn 0.5322 0.4667 0.7063
vn 0.4667 0.5322 0.7063
vn 0.3933 0.5886 0.7063
vn 0.6370 0.7263 0.2583
vn 0.5367 0.8033 0.2583
vn 0.7263 0.6370 0.2583
vn 0.7263 0.6370 -0.2583
vn 0.8033 0.5367 0.2583
vn 0.8032 0.5367 0.2583
vn 0.8033 0.5367 -0.2583
vn 0.8032 0.5367 -0.2583
vn 0.5886 0.3933 -0.7063
vn 0.8664 0.4273 -0.2583
vn 0.6349 0.3131 -0.7063
vn 0.2326 0.1147 -0.9658
vn 0.6703 0.2275 -0.7063
vn 0.2456 0.0834 -0.9658
vn -0.2456 -0.0834 -0.9658
vn -0.2326 -0.1147 -0.9658
vn -0.6703 -0.2275 -0.7063
vn -0.6349 -0.3131 -0.7063
vn -0.9148 -0.3105 -0.2583
vn -0.8664 -0.4273 -0.2583
vn -0.9148 -0.3105 0.2583
vn -0.8664 -0.4273 0.2583
vn -0.6703 -0.2275 0.7063
vn -0.6703 -0.2275 0.7064
vn -0.6349 -0.3131 0.7064
vn -0.6349 -0.3131 0.7063
vn -0.2456 -0.0834 0.9658
vn -0.2326 -0.1147 0.9658
vn 0.2456 0.0834 0.9658
vn 0.2326 0.1147 0.9658
vn 0.6703 0.2275 0.7063
vn 0.6349 0.3131 0.7063
vn 0.5886 0.3933 0.7064
vn 0.5886 0.3933 0.7063
vn 0.8664 0.4273 0.2583
vn 0.9148 0.3105 0.2583
vn 0.9148 0.3105 -0.2583
vn 0.9475 0.1885 0.2583
vn 0.9475 0.1885 -0.2583
vn 0.6943 0.1381 -0.7063
vn 0.9640 0.0632 -0.2583
vn 0.7063 0.0463 -0.7063
vn 0.2588 0.0170 -0.9658
vn 0.2544 0.0506 -0.9658
vn -0.2588 -0.0170 -0.9658
vn -0.2544 -0.0506 -0.9658
vn -0.7063 -0.0463 -0.7063
vn -0.7064 -0.0463 -0.7063
vn -0.6943 -0.1381 -0.7063
vn -0.9640 -0.0632 -0.2583
vn -0.9475 -0.1885 -0.2583
vn -0.9640 -0.0632 0.2583
vn -0.9475 -0.1885 0.2583
vn -0.7063 -0.0463 0.7063
vn -0.7064 -0.0463 0.7063
vn -0.6943 -0.1381 0.7064
vn -0.2588 -0.0170 0.9658
vn -0.2544 -0.0506 0.9658
vn 0.2588 0.0170 0.9658
vn 0.2544 0.0506 0.9658
vn 0.7063 0.0463 0.7063
vn 0.6943 0.1381 0.7063
vn 0.6943 0.1381 0.7064
vn 0.9640 0.0632 0.2583
vn 0.7063 -0.0463 0.7063
vn 0.7063 -0.0463 0.7064
vn 0.9640 -0.0632 0.2583
vn 0.9640 -0.0632 -0.2583
vn 0.9475 -0.1885 0.2583
vn 0.9475 -0.1885 -0.2583
vn 0.6943 -0.1381 -0.7063
vn 0.7063 -0.0463 -0.7064
vn 0.2544 -0.0506 -0.9658
vn 0.2588 -0.0170 -0.9658
vn -0.2544 0.0506 -0.9658
vn -0.2588 0.0170 -0.9658
vn -0.6943 0.1381 -0.7063
vn -0.7064 0.0463 -0.7063
vn -0.7063 0.0463 -0.7063
vn -0.9475 0.1885 -0.2583
vn -0.9640 0.0632 -0.2583
vn -0.9475 0.1885 0.2583
vn -0.9640 0.0632 0.2583
vn -0.6943 0.1381 0.7064
vn -0.7063 0.0463 0.7063
vn -0.2544 0.0506 0.9658
vn -0.2588 0.0170 0.9658
vn 0.2544 -0.0506 0.9658
vn 0.2588 -0.0170 0.9658
vn 0.6943 -0.1381 0.7064
vn 0.6943 -0.1381 0.7063
vn 0.2456 -0.0834 0.9658
vn 0.6703 -0.2275 0.7063
vn 0.9148 -0.3105 0.2583
vn 0.6349 -0.3131 0.7063
vn 0.8664 -0.4273 0.2583
vn 0.8664 -0.4273 -0.2583
vn 0.9148 -0.3105 -0.2583
vn 0.6349 -0.3131 -0.7063
vn 0.6703 -0.2275 -0.7063
vn 0.2326 -0.1147 -0.9658
vn 0.2456 -0.0834 -0.9658
vn -0.2326 0.1147 -0.9658
vn -0.2456 0.0834 -0.9658
vn -0.6349 0.3131 -0.7063
vn -0.6703 0.2275 -0.7063
vn -0.8664 0.4273 -0.2583
vn -0.9148 0.3105 -0.2583
vn -0.8664 0.4273 0.2583
vn -0.9148 0.3105 0.2583
vn -0.6349 0.3131 0.7063
vn -0.6349 0.3131 0.7064
vn -0.6703 0.2275 0.7064
vn -0.6703 0.2275 0.7063
vn -0.2326 0.1147 0.9658
vn -0.2456 0.0834 0.9658
vn 0.2326 -0.1147 0.9658
vn -0.2156 0.1441 0.9658
vn 0.2156 -0.1441 0.9658
vn 0.5886 -0.3933 0.7063
vn 0.1950 -0.1710 0.9658
vn 0.5322 -0.4667 0.7064
vn 0.7263 -0.6370 0.2583
vn 0.8033 -0.5367 0.2583
vn 0.8032 -0.5367 0.2583
vn 0.7263 -0.6370 -0.2583
vn 0.8033 -0.5367 -0.2583
vn 0.8032 -0.5367 -0.2583
vn 0.5322 -0.4667 -0.7063
vn 0.5322 -0.4667 -0.7064
vn 0.5886 -0.3933 -0.7063
vn 0.1950 -0.1710 -0.9658
vn 0.2156 -0.1441 -0.9658
vn -0.1950 0.1710 -0.9658
vn -0.2156 0.1441 -0.9658
vn -0.5322 0.4667 -0.7063
vn -0.5886 0.3933 -0.7063
vn -0.7263 0.6370 -0.2583
vn -0.8033 0.5367 -0.2583
vn -0.7263 0.6370 0.2583
vn -0.8033 0.5367 0.2583
vn -0.5322 0.4667 0.7063
vn -0.5886 0.3933 0.7063
vn -0.1950 0.1710 0.9658
vn -0.4667 0.5322 0.7063
vn -0.1710 0.1950 0.9658
vn 0.1710 -0.1950 0.9658
vn -0.1441 0.2156 0.9658
vn 0.1441 -0.2156 0.9658
vn 0.3933 -0.5886 0.7063
vn 0.4667 -0.5322 0.7064
vn 0.4667 -0.5322 0.7063
vn 0.5367 -0.8033 0.2583
vn 0.6370 -0.7263 0.2583
vn 0.5367 -0.8033 -0.2583
vn 0.6370 -0.7263 -0.2583
vn 0.3933 -0.5886 -0.7063
vn 0.4667 -0.5322 -0.7063
vn 0.1441 -0.2156 -0.9658
vn 0.1710 -0.1950 -0.9658
vn -0.1441 0.2156 -0.9658
vn -0.1710 0.1950 -0.9658
vn -0.3933 0.5886 -0.7063
vn -0.4667 0.5322 -0.7063
vn -0.5367 0.8033 -0.2583
vn -0.6370 0.7263 -0.2583
vn -0.5367 0.8033 0.2583
vn -0.6370 0.7263 0.2583
vn -0.3933 0.5886 0.7063
vn -0.4273 0.8664 0.2583
vn -0.3131 0.6349 0.7063
vn -0.1147 0.2326 0.9658
vn -0.2275 0.6703 0.7064
vn -0.0834 0.2456 0.9658
vn 0.0834 -0.2456 0.9658
vn 0.1147 -0.2326 0.9658
vn 0.2275 -0.6703 0.7063
vn 0.3131 -0.6349 0.7063
vn 0.3131 -0.6349 0.7064
vn 0.3105 -0.9148 0.2583
vn 0.4273 -0.8664 0.2583
vn 0.3105 -0.9148 -0.2583
vn 0.4273 -0.8664 -0.2583
vn 0.2275 -0.6703 -0.7063
vn 0.3131 -0.6349 -0.7063
vn 0.0834 -0.2456 -0.9658
vn 0.1147 -0.2326 -0.9658
vn -0.0834 0.2456 -0.9658
vn -0.1147 0.2326 -0.9658
vn -0.2275 0.6703 -0.7063
vn -0.3131 0.6349 -0.7063
vn -0.3105 0.9148 -0.2583
vn -0.4273 0.8664 -0.2583
vn -0.3105 0.9148 0.2583
vn -0.1885 0.9475 -0.2583
vn -0.1885 0.9475 0.2583
vn -0.1381 0.6943 0.7063
vn -0.0506 0.2544 0.9658
vn 0.0506 -0.2544 0.9658
vn 0.1381 -0.6943 0.7063
vn 0.1381 -0.6943 0.7064
vn 0.1885 -0.9475 0.2583
vn 0.1885 -0.9475 -0.2583
vn 0.0463 -0.7063 -0.7063
vn 0.1381 -0.6943 -0.7063
vn 0.0170 -0.2588 -0.9658
vn 0.0506 -0.2544 -0.9658
vn -0.0506 0.2544 -0.9658
vn -0.1381 0.6943 -0.7063
vn 0.1381 0.6943 0.7064
vn -0.0463 -0.7063 0.7063
vn 0.1381 0.6943 -0.7064
vn 0.4667 0.5322 0.7064
vn 0.3933 0.5886 0.7064
vn -0.5322 -0.4667 0.7064
vn -0.8032 -0.5367 -0.2583
vn 0.6703 0.2275 -0.7064
vn 0.6703 0.2275 0.7064
vn 0.6349 0.3131 0.7064
vn 0.7064 0.0463 -0.7063
vn -0.6943 -0.1381 0.7063
vn 0.7063 -0.0463 -0.7063
vn -0.6943 0.1381 0.7063
vn 0.6349 -0.3131 -0.7064
vn 0.6349 -0.3131 0.7064
vn -0.5886 0.3933 0.7064
vn -0.5322 0.4667 0.7064
vn -0.5886 0.3933 -0.7064
vn 0.5322 -0.4667 0.7063
vn 0.5886 -0.3933 0.7064
vn -0.2275 0.6703 0.7063
vn 0.2583 -0.9640 0.0632
vn 0.2583 -0.9640 -0.0632
vn -0.2583 -0.9640 -0.0632
vn -0.2583 -0.9640 0.0632
vn -0.2583 -0.9475 0.1885
vn 0.2583 -0.9475 0.1885
vn -0.7063 -0.7063 0.0463
vn -0.7063 -0.6943 0.1381
vn -0.7063 -0.6703 0.2275
vn -0.7064 -0.6703 0.2275
vn -0.2583 -0.9148 0.3105
vn -0.7063 -0.6349 0.3131
vn -0.2583 -0.8664 0.4273
vn 0.2583 -0.8664 0.4273
vn 0.2583 -0.9148 0.3105
vn 0.7063 -0.6349 0.3131
vn 0.7063 -0.6703 0.2275
vn 0.7063 -0.6943 0.1381
vn 0.9658 -0.2456 0.0834
vn 0.9658 -0.2544 0.0506
vn 0.7063 -0.7063 0.0463
vn 0.7064 -0.7063 0.0463
vn 0.9658 -0.2588 0.0170
vn 0.7063 -0.7063 -0.0463
vn 0.9658 -0.2588 -0.0170
vn 0.9658 0.2588 0.0170
vn 0.9658 0.2588 -0.0170
vn 0.7063 0.7063 0.0463
vn 0.7063 0.7063 -0.0463
vn 0.7064 0.7063 -0.0463
vn 0.9658 0.2544 -0.0506
vn 0.7063 0.6943 -0.1381
vn 0.7064 0.6943 -0.1381
vn 0.2583 0.9475 -0.1885
vn 0.2583 0.9640 -0.0632
vn -0.2583 0.9475 -0.1885
vn -0.2583 0.9640 -0.0632
vn 0.2583 0.9640 0.0632
vn -0.2583 0.9640 0.0632
vn -0.7063 0.7063 0.0463
vn -0.7063 0.7063 -0.0463
vn -0.7064 0.7063 -0.0463
vn -0.9658 0.2588 0.0170
vn -0.9658 0.2588 -0.0170
vn -0.7063 0.6943 -0.1381
vn -0.9658 0.2544 -0.0506
vn -0.9658 -0.2544 0.0506
vn -0.9658 -0.2588 0.0170
vn -0.9658 0.2456 -0.0834
vn -0.9658 -0.2456 0.0834
vn -0.9658 0.2326 -0.1147
vn -0.9658 -0.2326 0.1147
vn -0.9658 0.2156 -0.1441
vn -0.9658 -0.2156 0.1441
vn -0.7063 -0.5886 0.3933
vn -0.9658 -0.1950 0.1710
vn -0.7063 -0.5322 0.4667
vn -0.2583 -0.7263 0.6370
vn -0.2583 -0.8033 0.5367
vn 0.2583 -0.7263 0.6370
vn 0.2583 -0.8033 0.5367
vn 0.7063 -0.5322 0.4667
vn 0.7063 -0.5886 0.3933
vn 0.7064 -0.5886 0.3933
vn 0.9658 -0.1950 0.1710
vn 0.9658 -0.2156 0.1441
vn 0.9658 -0.2326 0.1147
vn 0.9658 0.2156 -0.1441
vn 0.9658 0.2326 -0.1147
vn 0.9658 0.2456 -0.0834
vn 0.7063 0.6349 -0.3131
vn 0.7064 0.6349 -0.3131
vn 0.7063 0.6703 -0.2275
vn 0.2583 0.8664 -0.4273
vn 0.2583 0.9148 -0.3105
vn -0.2583 0.8664 -0.4273
vn -0.2583 0.9148 -0.3105
vn -0.7063 0.6349 -0.3131
vn -0.7063 0.6703 -0.2275
vn -0.2583 0.8033 -0.5367
vn -0.7063 0.5886 -0.3933
vn -0.2583 0.7263 -0.6370
vn -0.7063 0.5322 -0.4667
vn -0.9658 0.1950 -0.1710
vn -0.7063 0.4667 -0.5322
vn -0.9658 0.1710 -0.1950
vn -0.9658 -0.1710 0.1950
vn -0.9658 0.1441 -0.2156
vn -0.9658 -0.1441 0.2156
vn -0.7063 -0.3933 0.5886
vn -0.7063 -0.4667 0.5322
vn -0.2583 -0.5367 0.8033
vn -0.2583 -0.6370 0.7263
vn 0.2583 -0.5367 0.8033
vn 0.2583 -0.6370 0.7263
vn 0.7063 -0.3933 0.5886
vn 0.7063 -0.4667 0.5322
vn 0.9658 -0.1441 0.2156
vn 0.9658 -0.1710 0.1950
vn 0.9658 0.1441 -0.2156
vn 0.9658 0.1710 -0.1950
vn 0.9658 0.1950 -0.1710
vn 0.7063 0.4667 -0.5322
vn 0.7063 0.5322 -0.4667
vn 0.7064 0.5322 -0.4667
vn 0.7063 0.5886 -0.3933
vn 0.7064 0.5886 -0.3933
vn 0.2583 0.7263 -0.6370
vn 0.2583 0.8033 -0.5367
vn 0.2583 0.6370 -0.7263
vn -0.2583 0.6370 -0.7263
vn 0.2583 0.5367 -0.8033
vn -0.2583 0.5367 -0.8033
vn -0.7063 0.3933 -0.5886
vn -0.2583 0.4273 -0.8664
vn -0.7063 0.3131 -0.6349
vn -0.9658 0.1147 -0.2326
vn -0.7063 0.2275 -0.6703
vn -0.9658 0.0834 -0.2456
vn -0.9658 -0.0834 0.2456
vn -0.9658 -0.1147 0.2326
vn -0.7063 -0.2275 0.6703
vn -0.7063 -0.3131 0.6349
vn -0.2583 -0.3105 0.9148
vn -0.2583 -0.4273 0.8664
vn 0.2583 -0.3105 0.9148
vn 0.2583 -0.4273 0.8664
vn 0.7063 -0.2275 0.6703
vn 0.7063 -0.3131 0.6349
vn 0.9658 -0.0834 0.2456
vn 0.9658 -0.1147 0.2326
vn 0.9658 0.0834 -0.2456
vn 0.9658 0.1147 -0.2326
vn 0.7063 0.2275 -0.6703
vn 0.7063 0.3131 -0.6349
vn 0.7063 0.3933 -0.5886
vn 0.2583 0.4273 -0.8664
vn 0.2583 0.3105 -0.9148
vn -0.2583 0.3105 -0.9148
vn 0.2583 0.1885 -0.9475
vn -0.2583 0.1885 -0.9475
vn -0.7063 0.1381 -0.6943
vn -0.2583 0.0632 -0.9640
vn -0.9658 0.0170 -0.2588
vn -0.9658 0.0506 -0.2544
vn -0.9658 -0.0170 0.2588
vn -0.9658 -0.0506 0.2544
vn -0.7063 -0.0463 0.7064
vn -0.7063 -0.1381 0.6943
vn -0.2583 -0.0632 0.9640
vn -0.2583 -0.1885 0.9475
vn 0.2583 -0.0632 0.9640
vn 0.2583 -0.1885 0.9475
vn 0.7063 -0.1381 0.6943
vn 0.7064 -0.1381 0.6943
vn 0.9658 -0.0170 0.2588
vn 0.9658 -0.0506 0.2544
vn 0.9658 0.0170 -0.2588
vn 0.9658 0.0506 -0.2544
vn 0.7063 0.1381 -0.6943
vn 0.7064 0.1381 -0.6943
vn 0.2583 0.0632 -0.9640
vn 0.7064 -0.0463 -0.7063
vn 0.2583 -0.0632 -0.9640
vn -0.2583 -0.0632 -0.9640
vn 0.2583 -0.1885 -0.9475
vn -0.2583 -0.1885 -0.9475
vn -0.7063 -0.1381 -0.6943
vn -0.9658 -0.0506 -0.2544
vn -0.9658 -0.0170 -0.2588
vn -0.9658 0.0506 0.2544
vn -0.9658 0.0170 0.2588
vn -0.7063 0.1381 0.6943
vn -0.2583 0.1885 0.9475
vn -0.2583 0.0632 0.9640
vn 0.2583 0.1885 0.9475
vn 0.2583 0.0632 0.9640
vn 0.7063 0.1381 0.6943
vn 0.7064 0.1381 0.6943
vn 0.9658 0.0506 0.2544
vn 0.9658 0.0170 0.2588
vn 0.9658 -0.0506 -0.2544
vn 0.9658 -0.0170 -0.2588
vn 0.7064 -0.1381 -0.6943
vn 0.7063 -0.1381 -0.6943
vn 0.9658 -0.0834 -0.2456
vn 0.7063 -0.2275 -0.6703
vn 0.2583 -0.3105 -0.9148
vn 0.7063 -0.3131 -0.6349
vn 0.2583 -0.4273 -0.8664
vn -0.2583 -0.4273 -0.8664
vn -0.2583 -0.3105 -0.9148
vn -0.7063 -0.3131 -0.6349
vn -0.7063 -0.2275 -0.6703
vn -0.9658 -0.1147 -0.2326
vn -0.9658 -0.0834 -0.2456
vn -0.9658 0.1147 0.2326
vn -0.9658 0.0834 0.2456
vn -0.7063 0.3131 0.6349
vn -0.7063 0.2275 0.6703
vn -0.2583 0.4273 0.8664
vn -0.2583 0.3105 0.9148
vn 0.2583 0.4273 0.8664
vn 0.2583 0.3105 0.9148
vn 0.7064 0.3131 0.6349
vn 0.7063 0.2275 0.6703
vn 0.9658 0.1147 0.2326
vn 0.9658 0.0834 0.2456
vn 0.9658 -0.1147 -0.2326
vn 0.9658 0.1441 0.2156
vn 0.9658 -0.1441 -0.2156
vn 0.7063 -0.3933 -0.5886
vn 0.9658 -0.1710 -0.1950
vn 0.7063 -0.4667 -0.5322
vn 0.2583 -0.6370 -0.7263
vn 0.2583 -0.5367 -0.8033
vn -0.2583 -0.6370 -0.7263
vn -0.2583 -0.5367 -0.8033
vn -0.7063 -0.4667 -0.5322
vn -0.7063 -0.3933 -0.5886
vn -0.9658 -0.1710 -0.1950
vn -0.9658 -0.1441 -0.2156
vn -0.9658 0.1710 0.1950
vn -0.9658 0.1441 0.2156
vn -0.7063 0.4667 0.5322
vn -0.7063 0.3933 0.5886
vn -0.2583 0.6370 0.7263
vn -0.2583 0.5367 0.8033
vn 0.2583 0.6370 0.7263
vn 0.2583 0.5367 0.8033
vn 0.7063 0.4667 0.5322
vn 0.7063 0.3933 0.5886
vn 0.9658 0.1710 0.1950
vn 0.7063 0.5322 0.4667
vn 0.9658 0.1950 0.1710
vn 0.9658 -0.1950 -0.1710
vn 0.9658 0.2156 0.1441
vn 0.9658 -0.2156 -0.1441
vn 0.7063 -0.5886 -0.3933
vn 0.7063 -0.5322 -0.4667
vn 0.2583 -0.8033 -0.5367
vn 0.2583 -0.7263 -0.6370
vn -0.2583 -0.8033 -0.5367
vn -0.2583 -0.7263 -0.6370
vn -0.7063 -0.5886 -0.3933
vn -0.7063 -0.5322 -0.4667
vn -0.9658 -0.2156 -0.1441
vn -0.9658 -0.1950 -0.1710
vn -0.9658 0.2156 0.1441
vn -0.9658 0.1950 0.1710
vn -0.7063 0.5886 0.3933
vn -0.7063 0.5322 0.4667
vn -0.2583 0.8033 0.5367
vn -0.2583 0.7263 0.6370
vn 0.2583 0.8033 0.5367
vn 0.2583 0.7263 0.6370
vn 0.7063 0.5886 0.3933
vn 0.2583 0.8664 0.4273
vn 0.7063 0.6349 0.3131
vn 0.9658 0.2326 0.1147
vn 0.7063 0.6703 0.2275
vn 0.9658 0.2456 0.0834
vn 0.9658 -0.2456 -0.0834
vn 0.9658 -0.2326 -0.1147
vn 0.7063 -0.6703 -0.2275
vn 0.7064 -0.6703 -0.2275
vn 0.7063 -0.6349 -0.3131
vn 0.2583 -0.9148 -0.3105
vn 0.2583 -0.8664 -0.4273
vn -0.2583 -0.9148 -0.3105
vn -0.2583 -0.8664 -0.4273
vn -0.7063 -0.6703 -0.2275
vn -0.7063 -0.6349 -0.3131
vn -0.9658 -0.2456 -0.0834
vn -0.9658 -0.2326 -0.1147
vn -0.9658 0.2456 0.0834
vn -0.9658 0.2326 0.1147
vn -0.7063 0.6703 0.2275
vn -0.7063 0.6349 0.3131
vn -0.2583 0.9148 0.3105
vn -0.2583 0.8664 0.4273
vn 0.2583 0.9148 0.3105
vn -0.2583 0.9475 0.1885
vn 0.2583 0.9475 0.1885
vn 0.7063 0.6943 0.1381
vn 0.9658 0.2544 0.0506
vn 0.9658 -0.2544 -0.0506
vn 0.7064 -0.7063 -0.0463
vn 0.7063 -0.6943 -0.1381
vn 0.7064 -0.6943 -0.1381
vn 0.2583 -0.9475 -0.1885
vn -0.2583 -0.9475 -0.1885
vn -0.7063 -0.7063 -0.0463
vn -0.7063 -0.6943 -0.1381
vn -0.7064 -0.6943 -0.1381
vn -0.9658 -0.2588 -0.0170
vn -0.9658 -0.2544 -0.0506
vn -0.9658 0.2544 0.0506
vn -0.7063 0.7064 0.0463
vn -0.7063 0.6943 0.1381
vn 0.7063 0.7064 -0.0463
vn 0.7064 -0.6943 0.1381
vn 0.7064 -0.4667 0.5322
vn 0.7064 0.2275 -0.6703
vn 0.7064 0.3131 -0.6349
vn 0.7063 0.3131 0.6349
vn 0.7064 -0.2275 -0.6703
vn 0.7064 0.5886 0.3933
vn -0.7064 -0.6349 -0.3131
vn 0.2543 -0.0506 -0.9658
vn -0.5322 0.4667 -0.7064
vn 0.7064 0.0463 0.7063
vn 0.4586 -0.7238 0.5155
vn -0.8408 -0.0236 -0.5408
vn -0.9091 0.0220 -0.4160
vn -0.9539 0.0848 -0.2880
vn -0.9734 0.1624 -0.1618
vn -0.9669 0.2517 -0.0421
vn -0.9347 0.3493 0.0663
vn -0.8779 0.4515 0.1593
vn -0.7989 0.5544 0.2334
vn -0.7005 0.6540 0.2857
vn -0.5866 0.7464 0.3142
vn -0.4616 0.8282 0.3178
vn -0.3303 0.8962 0.2964
vn -0.1977 0.9477 0.2507
vn -0.0689 0.9808 0.1826
vn 0.0512 0.9942 0.0947
vn 0.1579 0.9874 -0.0098
vn 0.2470 0.9607 -0.1266
vn 0.3153 0.9151 -0.2514
vn 0.3601 0.8523 -0.3794
vn 0.3796 0.7747 -0.5057
vn 0.3731 0.6854 -0.6253
vn 0.3409 0.5878 -0.7337
vn 0.2841 0.4856 -0.8267
vn 0.2051 0.3827 -0.9008
vn 0.1067 0.2831 -0.9531
vn -0.0072 0.1907 -0.9816
vn -0.1322 0.1089 -0.9852
vn -0.2635 0.0410 -0.9638
vn -0.3961 -0.0106 -0.9181
vn -0.5249 -0.0437 -0.8500
vn -0.6450 -0.0571 -0.7621
vn -0.7516 -0.0503 -0.6577
vn 0.9658 -0.2543 0.0506
vn 0.7063 0.7064 0.0463
vn 0.7063 0.0463 0.7064
vn -0.7064 0.5886 0.3933
vn -0.7064 -0.6349 0.3131
vn -0.7063 -0.0463 -0.7064
vn 0.9658 -0.2543 -0.0506
vn -0.0000 -0.8040 0.5946
vn 0.2230 -0.9701 0.0955
vn 0.2230 -0.9701 0.0956
vn 0.2230 -0.9701 -0.0955
vn 0.2230 -0.9701 -0.0956
vn 0.0650 -0.9931 -0.0978
vn 0.0650 -0.9931 0.0978
vn 0.0650 -0.9549 -0.2897
vn 0.2230 -0.9328 -0.2830
vn -0.6447 -0.7316 -0.2219
vn -0.6446 -0.7316 -0.2219
vn -0.6447 -0.7608 -0.0749
vn -0.8838 -0.4478 -0.1358
vn -0.8838 -0.4657 -0.0459
vn -0.6447 -0.7608 0.0749
vn -0.8838 -0.4657 0.0459
vn -0.9878 -0.1549 0.0153
vn -0.9878 -0.1549 -0.0153
vn -0.9878 -0.1549 -0.0152
vn -1.0000 0.0001 -0.0000
vn -0.9878 -0.1490 -0.0452
vn -0.9878 -0.1490 -0.0453
vn -0.9878 -0.1373 -0.0734
vn -0.9878 -0.1374 -0.0733
vn -0.9878 -0.1203 -0.0988
vn -0.9878 -0.1203 -0.0989
vn -0.9878 -0.0987 -0.1203
vn -0.9878 -0.0992 -0.1203
vn -0.9878 -0.0734 -0.1373
vn -0.9878 -0.0735 -0.1372
vn -0.9878 -0.0452 -0.1490
vn -0.9878 -0.0446 -0.1491
vn -0.9878 -0.0445 -0.1491
vn -0.9878 -0.0153 -0.1549
vn -0.9878 -0.0152 -0.1549
vn -0.9878 0.0153 -0.1549
vn -0.9878 0.0152 -0.1549
vn -0.9878 0.0452 -0.1490
vn -0.9878 0.0446 -0.1491
vn -0.9878 0.0734 -0.1373
vn -0.9878 0.0738 -0.1372
vn -0.9878 0.0988 -0.1203
vn -0.9878 0.0989 -0.1203
vn -0.9878 0.1203 -0.0988
vn -0.9878 0.1204 -0.0988
vn -0.9878 0.1373 -0.0734
vn -0.9878 0.1374 -0.0733
vn -0.9878 0.1490 -0.0452
vn -0.9878 0.1549 -0.0153
vn -0.9878 0.1549 -0.0152
vn -0.9878 0.1549 0.0153
vn -0.9878 0.1490 0.0452
vn -0.9878 0.1489 0.0452
vn -0.9878 0.1373 0.0734
vn -0.9878 0.1374 0.0733
vn -0.9878 0.1203 0.0988
vn -0.9878 0.1203 0.0989
vn -0.9878 0.0988 0.1203
vn -0.9878 0.0991 0.1202
vn -0.9878 0.0734 0.1373
vn -0.9878 0.0732 0.1374
vn -0.9878 0.0452 0.1490
vn -0.9878 0.0454 0.1489
vn -0.9878 0.0153 0.1549
vn -0.9878 0.0150 0.1549
vn -0.9878 -0.0153 0.1549
vn -0.9878 -0.0150 0.1549
vn -0.9878 -0.0452 0.1490
vn -0.9878 -0.0454 0.1489
vn -0.9878 -0.0734 0.1373
vn -0.9878 -0.0732 0.1374
vn -0.9878 -0.0988 0.1203
vn -0.9878 -0.0991 0.1202
vn -0.9878 -0.1203 0.0988
vn -0.9878 -0.1203 0.0989
vn -0.9878 -0.1373 0.0734
vn -0.9878 -0.1374 0.0733
vn -0.9878 -0.1374 0.0732
vn -0.9878 -0.1490 0.0452
vn -0.9878 -0.1489 0.0452
vn -0.8838 -0.4127 0.2206
vn -0.8838 -0.4478 0.1358
vn -0.6447 -0.6742 0.3604
vn -0.6446 -0.6742 0.3604
vn -0.6447 -0.7316 0.2219
vn -0.6447 -0.5910 0.4850
vn -0.8838 -0.3617 0.2968
vn -0.8838 -0.3617 0.2969
vn -0.6446 -0.4850 0.5910
vn -0.8838 -0.2968 0.3617
vn -0.6446 -0.3604 0.6742
vn -0.8838 -0.2206 0.4127
vn -0.6446 -0.2219 0.7316
vn -0.6447 -0.2219 0.7316
vn -0.8838 -0.1358 0.4478
vn -0.6446 -0.0749 0.7608
vn -0.6447 -0.0749 0.7608
vn -0.8838 -0.0459 0.4657
vn -0.6446 0.0749 0.7608
vn -0.8838 0.0459 0.4657
vn -0.6446 0.2219 0.7316
vn -0.6447 0.2219 0.7316
vn -0.8838 0.1358 0.4478
vn -0.6446 0.3604 0.6742
vn -0.8838 0.2206 0.4127
vn -0.6446 0.4850 0.5910
vn -0.8838 0.2968 0.3617
vn -0.6447 0.5910 0.4850
vn -0.6447 0.5909 0.4850
vn -0.8838 0.3617 0.2968
vn -0.8838 0.3617 0.2969
vn -0.6446 0.6742 0.3604
vn -0.6447 0.6742 0.3604
vn -0.8838 0.4127 0.2206
vn -0.6447 0.7316 0.2219
vn -0.6446 0.7316 0.2219
vn -0.8838 0.4478 0.1358
vn -0.6447 0.7608 0.0749
vn -0.8838 0.4657 0.0459
vn -0.6447 0.7608 -0.0749
vn -0.8838 0.4657 -0.0459
vn -0.6447 0.7316 -0.2219
vn -0.8838 0.4478 -0.1358
vn -0.6446 0.6742 -0.3604
vn -0.8838 0.4127 -0.2206
vn -0.6447 0.5909 -0.4850
vn -0.8838 0.3617 -0.2969
vn -0.6446 0.4850 -0.5910
vn -0.8838 0.2968 -0.3617
vn -0.6446 0.3604 -0.6742
vn -0.6447 0.3604 -0.6742
vn -0.8838 0.2206 -0.4127
vn -0.6447 0.2219 -0.7316
vn -0.8838 0.1358 -0.4478
vn -0.6447 0.0749 -0.7608
vn -0.8838 0.0459 -0.4657
vn -0.6447 -0.0749 -0.7608
vn -0.8838 -0.0459 -0.4657
vn -0.6447 -0.2219 -0.7316
vn -0.8838 -0.1358 -0.4478
vn -0.6446 -0.3604 -0.6742
vn -0.6447 -0.3604 -0.6742
vn -0.6447 -0.3603 -0.6742
vn -0.8838 -0.2206 -0.4127
vn -0.6446 -0.4850 -0.5910
vn -0.8838 -0.2968 -0.3617
vn -0.6446 -0.5909 -0.4850
vn -0.8838 -0.3617 -0.2969
vn -0.6446 -0.6742 -0.3604
vn -0.8838 -0.4127 -0.2206
vn 0.0650 -0.8801 -0.4704
vn 0.0650 -0.7714 -0.6331
vn 0.2230 -0.7535 -0.6184
vn 0.2230 -0.8597 -0.4595
vn 0.2230 -0.4595 -0.8597
vn 0.2230 -0.6184 -0.7535
vn 0.0650 -0.4704 -0.8801
vn 0.0650 -0.6331 -0.7714
vn 0.0650 -0.6330 -0.7714
vn 0.0650 -0.2897 -0.9549
vn 0.2230 -0.2830 -0.9328
vn 0.0650 -0.0978 -0.9931
vn 0.2230 -0.0955 -0.9701
vn 0.2230 -0.0956 -0.9701
vn 0.2230 0.2830 -0.9328
vn 0.2230 0.0955 -0.9701
vn 0.0650 0.2897 -0.9549
vn 0.0650 0.0978 -0.9931
vn 0.0650 0.4704 -0.8801
vn 0.2230 0.4595 -0.8597
vn 0.0650 0.6331 -0.7714
vn 0.0650 0.6330 -0.7714
vn 0.2230 0.6184 -0.7535
vn 0.2230 0.8597 -0.4595
vn 0.2230 0.7535 -0.6184
vn 0.0650 0.8801 -0.4704
vn 0.0650 0.7714 -0.6331
vn 0.0650 0.9549 -0.2897
vn 0.2230 0.9328 -0.2830
vn 0.0650 0.9931 -0.0978
vn 0.2230 0.9701 -0.0955
vn 0.2230 0.9328 0.2830
vn 0.2230 0.9701 0.0955
vn 0.0650 0.9549 0.2897
vn 0.0650 0.9931 0.0978
vn 0.0650 0.8801 0.4704
vn 0.2230 0.8597 0.4595
vn 0.0650 0.7714 0.6330
vn 0.2230 0.7535 0.6184
vn -0.0000 0.9776 -0.2107
vn 0.2230 0.4595 0.8597
vn 0.2230 0.6184 0.7535
vn 0.0650 0.4704 0.8801
vn 0.0650 0.4704 0.8800
vn 0.0650 0.6330 0.7714
vn 0.0650 0.2897 0.9549
vn 0.2230 0.2830 0.9328
vn 0.0650 0.0978 0.9931
vn 0.2230 0.0955 0.9701
vn -0.0000 0.9989 -0.0475
vn 0.2230 -0.2830 0.9328
vn 0.2230 -0.0955 0.9701
vn 0.0650 -0.2897 0.9549
vn 0.0650 -0.0978 0.9931
vn 0.0650 -0.4704 0.8801
vn 0.0650 -0.4704 0.8800
vn 0.2230 -0.4595 0.8597
vn 0.0650 -0.6330 0.7714
vn 0.2230 -0.6184 0.7535
vn 0.2230 -0.8597 0.4595
vn 0.2230 -0.7535 0.6184
vn 0.0650 -0.8801 0.4704
vn 0.0650 -0.7714 0.6330
vn 0.0650 -0.9549 0.2897
vn 0.2230 -0.9328 0.2830
vn 0.0980 0.9952 -0.0000
vn -0.0980 0.9952 -0.0000
vn -0.9701 0.0955 0.2230
vn -0.9701 0.0956 0.2230
vn -0.9701 -0.0955 0.2230
vn -0.9701 -0.0956 0.2230
vn -0.9931 -0.0978 0.0650
vn -0.9931 0.0978 0.0650
vn -0.9549 -0.2897 0.0650
vn -0.9328 -0.2830 0.2230
vn -0.7316 -0.2219 -0.6447
vn -0.7316 -0.2219 -0.6446
vn -0.7608 -0.0749 -0.6447
vn -0.4478 -0.1358 -0.8838
vn -0.4657 -0.0459 -0.8838
vn -0.7608 0.0749 -0.6447
vn -0.4657 0.0459 -0.8838
vn -0.1549 0.0153 -0.9878
vn -0.1549 0.0152 -0.9878
vn -0.1549 -0.0153 -0.9878
vn -0.1549 -0.0152 -0.9878
vn -0.1490 -0.0452 -0.9878
vn -0.1489 -0.0452 -0.9878
vn -0.1492 -0.0453 -0.9878
vn -0.1373 -0.0734 -0.9878
vn -0.1372 -0.0733 -0.9878
vn -0.1203 -0.0988 -0.9878
vn -0.1206 -0.0988 -0.9878
vn -0.0987 -0.1203 -0.9878
vn -0.0990 -0.1203 -0.9878
vn -0.0991 -0.1203 -0.9878
vn -0.0734 -0.1373 -0.9878
vn -0.0731 -0.1372 -0.9878
vn -0.0452 -0.1490 -0.9878
vn -0.0443 -0.1491 -0.9878
vn -0.0442 -0.1491 -0.9878
vn -0.0153 -0.1549 -0.9878
vn -0.0156 -0.1549 -0.9878
vn 0.0153 -0.1549 -0.9878
vn 0.0156 -0.1549 -0.9878
vn 0.0157 -0.1549 -0.9878
vn 0.0452 -0.1490 -0.9878
vn 0.0443 -0.1491 -0.9878
vn 0.0734 -0.1373 -0.9878
vn 0.0739 -0.1372 -0.9878
vn 0.0988 -0.1203 -0.9878
vn 0.0990 -0.1203 -0.9878
vn 0.1203 -0.0988 -0.9878
vn 0.1206 -0.0988 -0.9878
vn 0.1373 -0.0734 -0.9878
vn 0.1372 -0.0733 -0.9878
vn 0.1490 -0.0452 -0.9878
vn 0.1492 -0.0452 -0.9878
vn 0.1549 -0.0153 -0.9878
vn 0.1549 -0.0152 -0.9878
vn 0.1549 0.0153 -0.9878
vn 0.1549 0.0152 -0.9878
vn 0.1490 0.0452 -0.9878
vn 0.1489 0.0451 -0.9878
vn 0.1373 0.0734 -0.9878
vn 0.1373 0.0733 -0.9878
vn 0.1203 0.0988 -0.9878
vn 0.1204 0.0989 -0.9878
vn 0.1199 0.0990 -0.9878
vn 0.0988 0.1203 -0.9878
vn 0.0991 0.1203 -0.9878
vn 0.0991 0.1202 -0.9878
vn 0.0734 0.1373 -0.9878
vn 0.0732 0.1374 -0.9878
vn 0.0452 0.1490 -0.9878
vn 0.0454 0.1489 -0.9878
vn 0.0153 0.1549 -0.9878
vn 0.0150 0.1549 -0.9878
vn -0.0153 0.1549 -0.9878
vn -0.0452 0.1490 -0.9878
vn -0.0454 0.1489 -0.9878
vn -0.0456 0.1489 -0.9878
vn -0.0734 0.1373 -0.9878
vn -0.0732 0.1374 -0.9878
vn -0.0730 0.1374 -0.9878
vn -0.0988 0.1203 -0.9878
vn -0.1203 0.0988 -0.9878
vn -0.1204 0.0989 -0.9878
vn -0.1373 0.0734 -0.9878
vn -0.1373 0.0733 -0.9878
vn -0.1373 0.0732 -0.9878
vn -0.1490 0.0452 -0.9878
vn -0.1489 0.0452 -0.9878
vn -0.4127 0.2206 -0.8838
vn -0.4478 0.1358 -0.8838
vn -0.6742 0.3604 -0.6446
vn -0.6742 0.3604 -0.6447
vn -0.7316 0.2219 -0.6447
vn -0.7316 0.2219 -0.6446
vn -0.5910 0.4850 -0.6447
vn -0.3617 0.2968 -0.8838
vn -0.3617 0.2969 -0.8838
vn -0.4850 0.5910 -0.6447
vn -0.4850 0.5910 -0.6446
vn -0.2968 0.3617 -0.8838
vn -0.3604 0.6742 -0.6446
vn -0.2206 0.4127 -0.8838
vn -0.2219 0.7316 -0.6447
vn -0.2219 0.7316 -0.6446
vn -0.1358 0.4478 -0.8838
vn -0.0749 0.7608 -0.6446
vn -0.0749 0.7608 -0.6447
vn -0.0459 0.4657 -0.8838
vn 0.0749 0.7608 -0.6446
vn 0.0459 0.4657 -0.8838
vn 0.2219 0.7316 -0.6447
vn 0.1358 0.4478 -0.8838
vn 0.3604 0.6742 -0.6446
vn 0.2206 0.4127 -0.8838
vn 0.4850 0.5910 -0.6446
vn 0.2968 0.3617 -0.8838
vn 0.5910 0.4850 -0.6447
vn 0.3617 0.2968 -0.8838
vn 0.3617 0.2969 -0.8838
vn 0.6742 0.3604 -0.6446
vn 0.6742 0.3604 -0.6447
vn 0.4127 0.2206 -0.8838
vn 0.7316 0.2219 -0.6447
vn 0.7316 0.2219 -0.6446
vn 0.4478 0.1358 -0.8838
vn 0.7608 0.0749 -0.6447
vn 0.4657 0.0459 -0.8838
vn 0.7608 -0.0749 -0.6447
vn 0.4657 -0.0459 -0.8838
vn 0.7316 -0.2219 -0.6447
vn 0.4478 -0.1358 -0.8838
vn 0.6742 -0.3604 -0.6446
vn 0.4127 -0.2206 -0.8838
vn 0.5909 -0.4850 -0.6447
vn 0.5909 -0.4850 -0.6446
vn 0.3617 -0.2969 -0.8838
vn 0.4850 -0.5910 -0.6446
vn 0.2968 -0.3617 -0.8838
vn 0.3604 -0.6742 -0.6446
vn 0.3603 -0.6742 -0.6447
vn 0.2206 -0.4127 -0.8838
vn 0.2219 -0.7316 -0.6447
vn 0.1358 -0.4478 -0.8838
vn 0.0749 -0.7608 -0.6447
vn 0.0459 -0.4657 -0.8838
vn -0.0749 -0.7608 -0.6447
vn -0.0459 -0.4657 -0.8838
vn -0.2219 -0.7316 -0.6447
vn -0.1358 -0.4478 -0.8838
vn -0.3604 -0.6742 -0.6446
vn -0.3604 -0.6742 -0.6447
vn -0.3603 -0.6742 -0.6447
vn -0.2206 -0.4127 -0.8838
vn -0.4850 -0.5910 -0.6446
vn -0.2968 -0.3617 -0.8838
vn -0.5909 -0.4850 -0.6446
vn -0.3617 -0.2969 -0.8838
vn -0.6742 -0.3604 -0.6446
vn -0.4127 -0.2206 -0.8838
vn -0.8801 -0.4704 0.0650
vn -0.7714 -0.6331 0.0650
vn -0.7535 -0.6184 0.2230
vn -0.8597 -0.4595 0.2230
vn -0.6344 0.7730 -0.0000
vn -0.4714 0.8819 -0.0000
vn -0.7730 -0.6344 -0.0000
vn -0.8819 -0.4714 -0.0000
vn -0.9569 -0.2903 -0.0000
vn -0.9952 -0.0980 -0.0000
vn 0.9569 0.2903 -0.0000
vn 0.9952 0.0980 -0.0000
vn 0.9952 -0.0980 -0.0000
vn 0.9569 -0.2903 -0.0000
vn -0.9952 0.0980 -0.0000
vn -0.9569 0.2903 -0.0000
vn -0.8819 0.4714 -0.0000
vn -0.7730 0.6344 -0.0000
vn 0.8819 -0.4714 -0.0000
vn 0.7730 -0.6344 -0.0000
vn 0.6344 -0.7730 -0.0000
vn 0.4714 -0.8819 -0.0000
vn -0.2903 0.9569 -0.0000
vn 0.2903 -0.9569 -0.0000
vn 0.0980 -0.9952 -0.0000
vn -0.0980 -0.9952 -0.0000
vn -0.2903 -0.9569 -0.0000
vn 0.2903 0.9569 -0.0000
vn 0.4714 0.8819 -0.0000
vn 0.6344 0.7730 -0.0000
vn -0.4714 -0.8819 -0.0000
vn -0.6344 -0.7730 -0.0000
vn 0.7730 0.6344 -0.0000
vn 0.8819 0.4714 -0.0000
vn 0.0001 1.0000 -0.0000
vn -0.4595 -0.8597 0.2230
vn -0.6184 -0.7535 0.2230
vn -0.4704 -0.8801 0.0650
vn -0.6331 -0.7714 0.0650
vn -0.6330 -0.7714 0.0650
vn -0.2897 -0.9549 0.0650
vn -0.2830 -0.9328 0.2230
vn -0.0978 -0.9931 0.0650
vn -0.0955 -0.9701 0.2230
vn 0.2830 -0.9328 0.2230
vn 0.0955 -0.9701 0.2230
vn 0.2897 -0.9549 0.0650
vn 0.0978 -0.9931 0.0650
vn 0.4704 -0.8801 0.0650
vn 0.4595 -0.8597 0.2230
vn 0.6331 -0.7714 0.0650
vn 0.6330 -0.7714 0.0650
vn 0.6184 -0.7535 0.2230
vn 0.8597 -0.4595 0.2230
vn 0.7535 -0.6184 0.2230
vn 0.8801 -0.4704 0.0650
vn 0.7714 -0.6331 0.0650
vn 0.9549 -0.2897 0.0650
vn 0.9328 -0.2830 0.2230
vn 0.9931 -0.0978 0.0650
vn 0.9701 -0.0955 0.2230
vn -0.0001 1.0000 -0.0000
vn 0.9328 0.2830 0.2230
vn 0.9701 0.0955 0.2230
vn 0.9549 0.2897 0.0650
vn 0.9931 0.0978 0.0650
vn 0.8801 0.4704 0.0650
vn 0.8597 0.4595 0.2230
vn 0.7714 0.6330 0.0650
vn 0.7535 0.6184 0.2230
vn 0.4595 0.8597 0.2230
vn 0.6184 0.7535 0.2230
vn 0.4704 0.8801 0.0650
vn 0.4704 0.8800 0.0650
vn 0.6330 0.7714 0.0650
vn 0.2897 0.9549 0.0650
vn 0.2830 0.9328 0.2230
vn 0.0978 0.9931 0.0650
vn 0.0955 0.9701 0.2230
vn -0.0002 1.0000 -0.0000
vn -0.2830 0.9328 0.2230
vn -0.0955 0.9701 0.2230
vn -0.2897 0.9549 0.0650
vn -0.0978 0.9931 0.0650
vn -0.4704 0.8801 0.0650
vn -0.4704 0.8800 0.0650
vn -0.4595 0.8597 0.2230
vn -0.6330 0.7714 0.0650
vn -0.6184 0.7535 0.2230
vn -0.8597 0.4595 0.2230
vn -0.7535 0.6184 0.2230
vn -0.8801 0.4704 0.0650
vn -0.7714 0.6330 0.0650
vn -0.9549 0.2897 0.0650
vn -0.9328 0.2830 0.2230
vn -0.9701 -0.0955 -0.2230
vn -0.9701 -0.0956 -0.2230
vn -0.9701 0.0955 -0.2230
vn -0.9931 0.0978 -0.0650
vn -0.9931 -0.0978 -0.0650
vn -0.9549 0.2897 -0.0650
vn -0.9328 0.2830 -0.2230
vn -0.7316 0.2219 0.6447
vn -0.7608 0.0749 0.6447
vn -0.4478 0.1358 0.8838
vn -0.4657 0.0459 0.8838
vn -0.7608 -0.0749 0.6447
vn -0.4657 -0.0459 0.8838
vn -0.1549 -0.0153 0.9878
vn -0.1550 -0.0152 0.9878
vn -0.1549 0.0153 0.9878
vn -0.1549 0.0152 0.9878
vn 0.0001 -0.0000 1.0000
vn -0.1490 0.0452 0.9878
vn -0.1488 0.0452 0.9878
vn -0.1373 0.0734 0.9878
vn -0.1371 0.0732 0.9879
vn -0.1203 0.0988 0.9878
vn -0.1202 0.0988 0.9878
vn -0.0988 0.1203 0.9878
vn -0.0734 0.1373 0.9878
vn -0.0732 0.1372 0.9878
vn -0.0452 0.1490 0.9878
vn -0.0445 0.1491 0.9878
vn -0.0448 0.1491 0.9878
vn -0.0153 0.1549 0.9878
vn -0.0158 0.1549 0.9878
vn 0.0153 0.1549 0.9878
vn 0.0158 0.1549 0.9878
vn 0.0452 0.1490 0.9878
vn 0.0445 0.1491 0.9878
vn 0.0734 0.1373 0.9878
vn 0.0735 0.1372 0.9878
vn 0.0988 0.1203 0.9878
vn 0.0984 0.1204 0.9878
vn 0.1203 0.0988 0.9878
vn 0.1202 0.0988 0.9878
vn 0.1373 0.0734 0.9878
vn 0.1375 0.0733 0.9878
vn 0.1376 0.0733 0.9878
vn 0.1490 0.0452 0.9878
vn 0.1488 0.0453 0.9878
vn 0.1549 0.0153 0.9878
vn 0.1549 0.0152 0.9878
vn 0.1549 -0.0153 0.9878
vn 0.1549 -0.0152 0.9878
vn 0.1490 -0.0452 0.9878
vn 0.1489 -0.0452 0.9878
vn 0.1373 -0.0734 0.9878
vn 0.1373 -0.0732 0.9878
vn 0.1203 -0.0988 0.9878
vn 0.1204 -0.0989 0.9878
vn 0.1201 -0.0990 0.9878
vn 0.0988 -0.1203 0.9878
vn 0.0985 -0.1203 0.9878
vn 0.0734 -0.1373 0.9878
vn 0.0734 -0.1374 0.9878
vn 0.0452 -0.1490 0.9878
vn 0.0453 -0.1489 0.9878
vn 0.0153 -0.1549 0.9878
vn 0.0148 -0.1549 0.9878
vn -0.0153 -0.1549 0.9878
vn -0.0148 -0.1549 0.9878
vn -0.0452 -0.1490 0.9878
vn -0.0453 -0.1489 0.9878
vn -0.0451 -0.1489 0.9878
vn -0.0734 -0.1373 0.9878
vn -0.0734 -0.1374 0.9878
vn -0.0735 -0.1374 0.9878
vn -0.0988 -0.1203 0.9878
vn -0.0984 -0.1203 0.9878
vn -0.1203 -0.0988 0.9878
vn -0.1201 -0.0989 0.9878
vn -0.1373 -0.0734 0.9878
vn -0.1373 -0.0732 0.9878
vn -0.1376 -0.0732 0.9878
vn -0.1490 -0.0452 0.9878
vn -0.1489 -0.0452 0.9878
vn -0.4127 -0.2206 0.8838
vn -0.4478 -0.1358 0.8838
vn -0.6742 -0.3604 0.6446
vn -0.6742 -0.3604 0.6447
vn -0.7316 -0.2219 0.6447
vn -0.5910 -0.4850 0.6447
vn -0.3617 -0.2968 0.8838
vn -0.3617 -0.2969 0.8838
vn -0.4850 -0.5910 0.6446
vn -0.4850 -0.5910 0.6447
vn -0.2968 -0.3617 0.8838
vn -0.3604 -0.6742 0.6446
vn -0.2206 -0.4127 0.8838
vn -0.2219 -0.7316 0.6446
vn -0.2219 -0.7316 0.6447
vn -0.1358 -0.4478 0.8838
vn -0.0749 -0.7608 0.6446
vn -0.0749 -0.7608 0.6447
vn -0.0459 -0.4657 0.8838
vn 0.0749 -0.7608 0.6446
vn 0.0459 -0.4657 0.8838
vn 0.2219 -0.7316 0.6446
vn 0.2219 -0.7316 0.6447
vn 0.1358 -0.4478 0.8838
vn 0.3604 -0.6742 0.6446
vn 0.2206 -0.4127 0.8838
vn 0.4850 -0.5910 0.6447
vn 0.4850 -0.5910 0.6446
vn 0.2968 -0.3617 0.8838
vn 0.5910 -0.4850 0.6447
vn 0.3617 -0.2968 0.8838
vn 0.3617 -0.2969 0.8838
vn 0.6742 -0.3604 0.6446
vn 0.6742 -0.3604 0.6447
vn 0.4127 -0.2206 0.8838
vn 0.7316 -0.2219 0.6447
vn 0.4478 -0.1358 0.8838
vn 0.7608 -0.0749 0.6447
vn 0.4657 -0.0459 0.8838
vn 0.7608 0.0749 0.6447
vn 0.4657 0.0459 0.8838
vn 0.7316 0.2219 0.6447
vn 0.4478 0.1358 0.8838
vn 0.6742 0.3604 0.6446
vn 0.4127 0.2206 0.8838
vn 0.5909 0.4850 0.6446
vn 0.5909 0.4850 0.6447
vn 0.3617 0.2969 0.8838
vn 0.4850 0.5910 0.6446
vn 0.2968 0.3617 0.8838
vn 0.3604 0.6742 0.6446
vn 0.3604 0.6742 0.6447
vn 0.2206 0.4127 0.8838
vn 0.2219 0.7316 0.6447
vn 0.1358 0.4478 0.8838
vn 0.0749 0.7608 0.6447
vn 0.0459 0.4657 0.8838
vn -0.0749 0.7608 0.6447
vn -0.0459 0.4657 0.8838
vn -0.2219 0.7316 0.6447
vn -0.1358 0.4478 0.8838
vn -0.3604 0.6742 0.6446
vn -0.3604 0.6742 0.6447
vn -0.3603 0.6742 0.6447
vn -0.2206 0.4127 0.8838
vn -0.4850 0.5910 0.6446
vn -0.2968 0.3617 0.8838
vn -0.5909 0.4850 0.6447
vn -0.5909 0.4850 0.6446
vn -0.3617 0.2969 0.8838
vn -0.6742 0.3604 0.6446
vn -0.4127 0.2206 0.8838
vn -0.8801 0.4704 -0.0650
vn -0.7714 0.6331 -0.0650
vn -0.7535 0.6184 -0.2230
vn -0.8597 0.4595 -0.2230
vn -0.4595 0.8597 -0.2230
vn -0.6184 0.7535 -0.2230
vn -0.4704 0.8801 -0.0650
vn -0.6331 0.7714 -0.0650
vn -0.6330 0.7714 -0.0650
vn -0.2897 0.9549 -0.0650
vn -0.2830 0.9328 -0.2230
vn -0.0978 0.9931 -0.0650
vn -0.0955 0.9701 -0.2230
vn -0.0956 0.9701 -0.2230
vn 0.2830 0.9328 -0.2230
vn 0.0955 0.9701 -0.2230
vn 0.2897 0.9549 -0.0650
vn 0.0978 0.9931 -0.0650
vn 0.4704 0.8801 -0.0650
vn 0.4595 0.8597 -0.2230
vn 0.6331 0.7714 -0.0650
vn 0.6330 0.7714 -0.0650
vn 0.6184 0.7535 -0.2230
vn 0.8597 0.4595 -0.2230
vn 0.7535 0.6184 -0.2230
vn 0.8801 0.4704 -0.0650
vn 0.7714 0.6331 -0.0650
vn 0.9549 0.2897 -0.0650
vn 0.9328 0.2830 -0.2230
vn 0.9931 0.0978 -0.0650
vn 0.9701 0.0955 -0.2230
vn 0.9328 -0.2830 -0.2230
vn 0.9701 -0.0955 -0.2230
vn 0.9549 -0.2897 -0.0650
vn 0.9931 -0.0978 -0.0650
vn 0.8801 -0.4704 -0.0650
vn 0.8597 -0.4595 -0.2230
vn 0.7714 -0.6330 -0.0650
vn 0.7535 -0.6184 -0.2230
vn 0.4595 -0.8597 -0.2230
vn 0.6184 -0.7535 -0.2230
vn 0.4704 -0.8801 -0.0650
vn 0.4704 -0.8800 -0.0650
vn 0.6330 -0.7714 -0.0650
vn 0.2897 -0.9549 -0.0650
vn 0.2830 -0.9328 -0.2230
vn 0.0978 -0.9931 -0.0650
vn 0.0955 -0.9701 -0.2230
vn -0.2830 -0.9328 -0.2230
vn -0.0955 -0.9701 -0.2230
vn -0.2897 -0.9549 -0.0650
vn -0.0978 -0.9931 -0.0650
vn -0.4704 -0.8801 -0.0650
vn -0.4704 -0.8800 -0.0650
vn -0.4595 -0.8597 -0.2230
vn -0.6330 -0.7714 -0.0650
vn -0.6184 -0.7535 -0.2230
vn -0.8597 -0.4595 -0.2230
vn -0.7535 -0.6184 -0.2230
vn -0.8801 -0.4704 -0.0650
vn -0.7714 -0.6330 -0.0650
vn -0.9549 -0.2897 -0.0650
vn -0.9328 -0.2830 -0.2230
vn -0.2230 0.0956 0.9701
vn 1.0000 0.0012 -0.0000
vn 1.0000 -0.0024 -0.0000
vn 1.0000 -0.0003 -0.0000
vn 1.0000 0.0001 -0.0000
vn 1.0000 0.0024 -0.0000
vn 1.0000 -0.0002 -0.0000
vn 1.0000 0.0015 -0.0000
vn 1.0000 0.0003 -0.0000
vn 0.9878 0.1490 -0.0446
vn 0.9878 0.0447 -0.1489
vn 0.9878 -0.1376 -0.0732
vn 0.6446 -0.2219 0.7316
vn 0.6447 -0.6742 0.3604
vn 0.6447 -0.7608 -0.0749
vn 0.8838 -0.2969 -0.3617
vn 0.6446 -0.3604 -0.6742
vn 0.6447 0.6742 -0.3603
vn -0.0000 -0.9775 -0.2107
vn -0.0000 -0.9989 -0.0474
vn -0.0000 0.8040 0.5947
vn -0.0000 -1.0000 0.0004
vn -0.0000 -1.0000 -0.0002
vn -0.0000 -1.0000 0.0002
vn -0.0000 1.0000 -0.0004
vn -0.0000 1.0000 0.0004
vn -0.3002 0.8810 -0.3657
vn -0.0623 0.7715 0.6332
vn 0.0623 0.7715 0.6332
vn 0.1374 0.8810 0.4527
vn 0.2231 0.8810 0.4173
vn 0.3001 0.8810 0.3658
vn 0.3658 0.8810 -0.3001
vn 0.3001 0.8810 -0.3658
vn 0.1374 0.8810 -0.4527
vn 0.3651 0.6325 -0.6831
vn 0.2248 0.6326 -0.7411
vn 0.2563 0.4697 -0.8448
vn -0.0759 0.6325 -0.7708
vn -0.0865 0.4697 -0.8786
vn -0.2563 0.4697 -0.8448
vn -0.3651 0.6326 -0.6831
vn -0.7708 0.6326 -0.0760
vn -0.2563 0.4697 0.8448
vn -0.0759 0.6325 0.7708
vn -0.0865 0.4697 0.8786
vn 0.2248 0.6326 0.7411
vn 0.3651 0.6325 0.6831
vn 0.4913 0.6325 0.5987
vn 0.6825 0.4697 0.5601
vn 0.7708 0.6325 -0.0759
vn 0.8449 0.4696 -0.2562
vn 0.6825 0.4696 -0.5600
vn 0.4913 0.6325 -0.5987
vn 0.0975 0.0975 -0.9904
vn -0.0975 0.0975 -0.9904
vn -0.4692 0.0975 -0.8777
vn -0.7693 0.0976 -0.6314
vn -0.9524 0.0976 -0.2889
vn -0.0975 0.0976 0.9904
vn 0.6314 0.0976 0.7693
vn 0.8443 0.2890 0.4512
vn 0.8777 0.0976 0.4691
vn 0.9904 0.0975 0.0975
vn 0.9904 0.0975 -0.0975
vn 0.6314 0.0976 -0.7693
vn 0.7693 -0.0976 -0.6314
vn 0.6313 -0.0975 -0.7694
vn 0.4692 -0.0976 -0.8777
vn 0.2889 -0.0975 -0.9524
vn -0.4691 -0.0975 -0.8777
vn -0.8777 -0.0976 -0.4692
vn -0.9904 -0.0976 -0.0975
vn -0.9904 -0.0976 0.0975
vn -0.9524 -0.0976 0.2889
vn -0.8777 -0.0975 0.4691
vn -0.7693 -0.0975 0.6314
vn 0.2889 -0.0975 0.9524
vn 0.4692 -0.0976 0.8777
vn 0.6313 -0.0975 0.7693
vn 0.7693 -0.0976 0.6314
vn 0.9904 -0.0976 -0.0976
vn 0.2248 -0.6325 -0.7412
vn -0.6830 -0.6326 -0.3651
vn -0.6830 -0.6326 0.3651
vn 0.2563 -0.4696 0.8449
vn 0.6830 -0.6326 -0.3651
vn 0.2231 -0.8810 -0.4173
vn -0.4173 -0.8810 -0.2231
vn -0.3002 -0.8810 0.3657
vn -0.2231 -0.8810 0.4172
vn 0.4173 -0.8810 0.2231
vn 0.4528 -0.8810 -0.1373
vn 0.0847 -0.9565 0.2790
vn 0.1374 -0.9565 -0.2572
vn 0.0847 -0.9565 -0.2790
vn -0.1849 0.9565 -0.2254
vn -0.2790 0.9566 0.0845
vn 0.1850 0.9566 -0.2254
vn 0.4114 -0.7972 0.4419
vn 0.4113 -0.7973 0.4418
vn 0.4114 -0.7972 0.4418
vn -0.4113 0.7973 -0.4418
vn -0.4113 0.7972 -0.4419
vn 0.4122 -0.8027 0.4310
vn 0.4123 -0.8026 0.4311
vn 0.4122 -0.8026 0.4311
vn 0.4122 -0.8026 0.4312
vn -0.4122 0.8027 -0.4310
vn -0.4123 0.8027 -0.4310
vn -0.4122 0.8026 -0.4312
vn 0.6495 0.5907 0.4788
vn -0.2275 -0.6703 0.7064
vn 0.5886 0.3933 -0.7064
vn 0.7064 -0.0463 0.7063
vn -0.7064 0.0463 0.7063
vn 0.6703 -0.2275 0.7064
vn -0.4667 0.5322 0.7064
vn -0.1381 0.6943 0.7064
vn 0.3131 0.6349 0.7064
vn 0.2275 0.6703 0.7064
vn -0.4667 -0.5322 0.7064
vn -0.5886 -0.3933 -0.7064
vn 0.7063 0.0463 -0.7064
vn 0.6703 -0.2275 -0.7064
vn 0.5886 -0.3933 -0.7064
vn 0.2275 -0.6703 0.7064
vn 0.7063 -0.7064 0.0463
vn 0.7064 -0.3933 0.5886
vn -0.7063 0.0463 0.7064
vn 0.7064 0.2275 0.6703
vn 0.7064 -0.5886 -0.3933
vn 0.7064 -0.5322 -0.4667
vn 0.7064 -0.6349 -0.3131
vn -0.7064 -0.6703 -0.2275
vn -0.7064 -0.7063 -0.0463
vn 0.7064 -0.5322 0.4667
vn 0.7064 0.5322 0.4667
vn -0.2275 -0.6703 -0.7064
vn -0.2543 0.0506 0.9658
vn -0.4667 0.5322 -0.7064
vn -0.0463 0.7064 0.7063
vn -0.0463 0.7064 -0.7063
vn -0.2543 -0.0506 -0.9658
vn 0.4586 -0.7238 0.5156
vn 0.4587 -0.7238 0.5155
vn 0.7064 0.6943 0.1381
vn -0.7064 0.6703 -0.2275
vn -0.7063 0.0463 -0.7064
vn -0.7064 0.6349 0.3131
vn 0.9658 0.2543 0.0506
vn -1.0000 -0.0002 -0.0000
vn -1.0000 -0.0049 -0.0000
vn -1.0000 0.0012 -0.0000
vn -1.0000 -0.0012 -0.0000
vn -1.0000 -0.0001 -0.0000
vn -1.0000 -0.0009 -0.0000
vn -1.0000 0.0016 -0.0000
vn -1.0000 -0.0006 -0.0000
vn -1.0000 -0.0016 -0.0000
vn -0.9878 -0.0735 -0.1371
vn -0.9878 0.0445 -0.1491
vn -0.9878 0.0739 -0.1372
vn -0.9878 0.1490 -0.0453
vn -0.9878 0.1374 0.0732
vn -0.9878 -0.1203 0.0990
vn -0.6446 -0.7316 0.2219
vn -0.6447 0.0749 0.7608
vn -0.6446 0.7316 -0.2219
vn -0.6447 0.3603 -0.6742
vn -0.6447 -0.5909 -0.4850
vn 0.0025 -0.0000 -1.0000
vn 0.0015 -0.0000 -1.0000
vn -0.0012 -0.0000 -1.0000
vn 0.0012 -0.0000 -1.0000
vn -0.0003 -0.0000 -1.0000
vn 0.0003 -0.0000 -1.0000
vn -0.0015 -0.0000 -1.0000
vn -0.0025 -0.0000 -1.0000
vn -0.0001 -0.0000 -1.0000
vn 0.0001 -0.0000 -1.0000
vn -0.0006 -0.0000 -1.0000
vn -0.1375 -0.0733 -0.9878
vn -0.0736 -0.1371 -0.9878
vn -0.0157 -0.1549 -0.9878
vn 0.0442 -0.1491 -0.9878
vn 0.0740 -0.1372 -0.9878
vn 0.0991 -0.1203 -0.9878
vn 0.1489 -0.0452 -0.9878
vn 0.1373 0.0732 -0.9878
vn 0.0735 0.1374 -0.9878
vn -0.0150 0.1549 -0.9878
vn -0.0991 0.1202 -0.9878
vn -0.1199 0.0990 -0.9878
vn -0.5909 0.4850 -0.6447
vn 0.0749 0.7608 -0.6447
vn 0.2219 0.7316 -0.6446
vn 0.4850 0.5910 -0.6447
vn 0.7316 -0.2219 -0.6446
vn 0.2969 -0.3617 -0.8838
vn -0.0001 -0.0000 1.0000
vn -0.0956 0.9701 0.2230
vn -0.0025 -0.0000 1.0000
vn 0.0002 -0.0000 1.0000
vn 0.0024 -0.0000 1.0000
vn -0.0002 -0.0000 1.0000
vn -0.0024 -0.0000 1.0000
vn -0.0007 -0.0000 1.0000
vn 0.0025 -0.0000 1.0000
vn -0.0006 -0.0000 1.0000
vn 0.0006 -0.0000 1.0000
vn -0.0008 -0.0000 1.0000
vn -0.1376 0.0733 0.9878
vn -0.0735 0.1372 0.9878
vn 0.0736 0.1372 0.9878
vn 0.0985 0.1204 0.9878
vn 0.1377 -0.0731 0.9878
vn 0.0735 -0.1374 0.9878
vn 0.0451 -0.1489 0.9878
vn -0.0151 -0.1549 0.9878
vn -0.0989 -0.1202 0.9878
vn -0.1206 -0.0990 0.9878
vn -0.7316 -0.2219 0.6446
vn -0.5909 -0.4850 0.6447
vn 0.0749 -0.7608 0.6447
vn 0.3603 0.6742 0.6447
vn 0.0749 0.7608 0.6446
vn 0.0956 0.9701 -0.2230
vn -0.7714 -0.6331 -0.0650
vn -0.5774 -0.5773 0.5774
vn -0.7071 -0.7071 -0.0000
vn -0.0000 -0.7071 0.7071
vn 0.5773 -0.5774 0.5774
vn 0.7071 -0.7071 -0.0000
vn 0.5773 -0.5774 -0.5774
vn -0.0000 -0.7071 -0.7071
vn 0.7071 -0.0000 -0.7071
vn 0.5774 0.5774 -0.5774
vn -0.0000 0.7071 -0.7071
vn -0.5773 0.5774 -0.5774
vn -0.7071 -0.0000 -0.7071
vn -0.7071 0.7071 -0.0000
vn -0.5774 -0.5773 -0.5774
vn -0.5773 0.5774 0.5774
vn -0.7071 -0.0000 0.7071
vn -0.0000 0.7071 0.7071
vn 0.5774 0.5774 0.5774
vn 0.7071 0.7071 -0.0000
vn 0.7071 -0.0000 0.7071
vt 0.940233 0.482111
vt 0.960333 0.032341
vt 0.960333 0.482705
vt 0.948926 0.583524
vt 0.939379 0.499167
vt 0.953311 0.582794
vt 0.949705 0.588204
vt 0.939336 0.034245
vt 0.951550 0.014436
vt 0.931208 0.026970
vt 0.934780 0.021422
vt 0.935589 0.026234
vt 0.933676 0.030854
vt 0.933727 0.030848
vt 0.933713 0.030884
vt 0.933695 0.030885
vt 0.933751 0.030947
vt 0.933695 0.030917
vt 0.933718 0.030916
vt 0.933668 0.030952
vt 0.928777 0.034627
vt 0.908584 0.484416
vt 0.929685 0.482495
vt 0.908778 0.034030
vt 0.917237 0.502290
vt 0.935269 0.485879
vt 0.935284 0.485966
vt 0.933424 0.490477
vt 0.935332 0.485876
vt 0.935301 0.485871
vt 0.935297 0.485925
vt 0.935301 0.485872
vt 0.935293 0.485890
vt 0.935311 0.485889
vt 0.935332 0.485961
vt 0.935312 0.485924
vt 0.937809 0.489747
vt 0.934227 0.495293
vt 0.938612 0.494563
vt 0.934994 0.499897
vt 0.954090 0.587473
vt 0.930399 0.022158
vt 0.916142 0.019391
vt 0.953095 0.497318
vt 0.795550 0.880305
vt 0.796406 0.689920
vt 0.796406 0.880305
vt 0.796406 0.607355
vt 0.878971 0.416969
vt 0.878971 0.607355
vt 0.795550 0.416969
vt 0.796406 0.334405
vt 0.796406 0.416969
vt 0.795550 0.607355
vt 0.712985 0.607355
vt 0.795550 0.689920
vt 0.795550 0.334405
vt 0.712985 0.416969
vt 0.756257 0.186092
vt 0.744051 0.210786
vt 0.741195 0.188853
vt 0.763970 0.201791
vt 0.762603 0.202538
vt 0.756444 0.240011
vt 0.775621 0.216070
vt 0.774105 0.219554
vt 0.778966 0.093511
vt 0.781832 0.095627
vt 0.785429 0.097039
vt 0.785784 0.085196
vt 0.787606 0.085976
vt 0.791759 0.223877
vt 0.789090 0.097687
vt 0.789600 0.086377
vt 0.788480 0.080179
vt 0.789842 0.080355
vt 0.788777 0.071278
vt 0.789792 0.071286
vt 0.787691 0.071477
vt 0.786296 0.079249
vt 0.787270 0.079740
vt 0.795719 0.034524
vt 0.794135 0.030649
vt 0.792318 0.026864
vt 0.796294 0.055767
vt 0.780858 0.045541
vt 0.790081 0.015142
vt 0.787957 0.023503
vt 0.791134 0.071234
vt 0.792545 0.071268
vt 0.786085 0.029162
vt 0.793517 0.071313
vt 0.784678 0.033157
vt 0.783619 0.037315
vt 0.793848 0.071182
vt 0.794330 0.071266
vt 0.782253 0.039919
vt 0.781768 0.043400
vt 0.794380 0.071170
vt 0.794611 0.070897
vt 0.781797 0.048873
vt 0.794453 0.070581
vt 0.782327 0.051022
vt 0.794432 0.070380
vt 0.783068 0.053170
vt 0.794113 0.070227
vt 0.784399 0.055282
vt 0.793682 0.070109
vt 0.793328 0.069750
vt 0.785552 0.056573
vt 0.786784 0.057791
vt 0.792784 0.069692
vt 0.787832 0.058245
vt 0.792280 0.069545
vt 0.791714 0.069371
vt 0.788929 0.058621
vt 0.790421 0.058995
vt 0.791113 0.069408
vt 0.791892 0.058972
vt 0.790493 0.069355
vt 0.789848 0.069374
vt 0.793411 0.058161
vt 0.789305 0.069443
vt 0.794763 0.057393
vt 0.788696 0.069603
vt 0.796705 0.054946
vt 0.788245 0.069736
vt 0.787701 0.069818
vt 0.797445 0.053202
vt 0.797860 0.051619
vt 0.787392 0.070125
vt 0.786975 0.070396
vt 0.798603 0.048966
vt 0.786912 0.070557
vt 0.798726 0.046699
vt 0.799210 0.043162
vt 0.786726 0.070894
vt 0.797832 0.041412
vt 0.786918 0.070973
vt 0.786996 0.071264
vt 0.796811 0.038254
vt 0.787220 0.071308
vt 0.785094 0.077610
vt 0.785564 0.078417
vt 0.783316 0.082327
vt 0.784315 0.083938
vt 0.782751 0.081033
vt 0.784897 0.076717
vt 0.782639 0.078076
vt 0.782532 0.079375
vt 0.784914 0.075855
vt 0.785165 0.074984
vt 0.783751 0.075295
vt 0.783038 0.076499
vt 0.785582 0.074218
vt 0.784586 0.074447
vt 0.786157 0.073547
vt 0.786873 0.072939
vt 0.785528 0.073520
vt 0.787688 0.072437
vt 0.787908 0.072243
vt 0.786671 0.072614
vt 0.788571 0.072099
vt 0.789501 0.071858
vt 0.790403 0.071782
vt 0.789144 0.071916
vt 0.790456 0.071764
vt 0.791422 0.071760
vt 0.791678 0.071765
vt 0.792371 0.071975
vt 0.794191 0.072375
vt 0.792954 0.071945
vt 0.794114 0.072640
vt 0.793272 0.072163
vt 0.796395 0.073781
vt 0.795346 0.072967
vt 0.794873 0.073165
vt 0.795502 0.073777
vt 0.798010 0.075856
vt 0.797290 0.074717
vt 0.796011 0.074503
vt 0.798497 0.077133
vt 0.796348 0.075295
vt 0.798736 0.078495
vt 0.796488 0.076132
vt 0.796406 0.076959
vt 0.798673 0.079873
vt 0.796100 0.077780
vt 0.797624 0.082662
vt 0.798315 0.081255
vt 0.795594 0.078571
vt 0.796603 0.083946
vt 0.794846 0.079247
vt 0.793843 0.079757
vt 0.795219 0.085001
vt 0.792623 0.080119
vt 0.793532 0.085800
vt 0.791256 0.080334
vt 0.791629 0.086266
vt 0.792885 0.097349
vt 0.795988 0.096037
vt 0.808295 0.215841
vt 0.819952 0.200452
vt 0.810008 0.219286
vt 0.821487 0.201185
vt 0.791579 0.231680
vt 0.840672 0.209117
vt 0.828563 0.239158
vt 0.792744 0.269427
vt 0.827603 0.654789
vt 0.834956 0.650165
vt 0.834956 0.654789
vt 0.827603 0.650165
vt 0.834956 0.645540
vt 0.827603 0.645540
vt 0.834956 0.640916
vt 0.827603 0.640916
vt 0.834956 0.636291
vt 0.180751 0.904743
vt 0.191017 0.914623
vt 0.181766 0.916318
vt 0.187827 0.903431
vt 0.199753 0.911298
vt 0.177939 0.868071
vt 0.194599 0.900959
vt 0.177928 0.868045
vt 0.177793 0.867963
vt 0.177895 0.868000
vt 0.177706 0.868201
vt 0.200731 0.897135
vt 0.177912 0.868021
vt 0.205907 0.892076
vt 0.207779 0.906283
vt 0.827603 0.784272
vt 0.834956 0.779647
vt 0.834956 0.784272
vt 0.827603 0.779647
vt 0.834956 0.775023
vt 0.827603 0.775023
vt 0.834956 0.770399
vt 0.210010 0.886119
vt 0.214649 0.899737
vt 0.827603 0.770399
vt 0.834956 0.765774
vt 0.224055 0.883382
vt 0.220114 0.892025
vt 0.177873 0.867982
vt 0.213056 0.879551
vt 0.177848 0.867972
vt 0.214600 0.872453
vt 0.177821 0.867963
vt 0.214921 0.865180
vt 0.226264 0.874162
vt 0.827603 0.765774
vt 0.834956 0.761150
vt 0.827603 0.761150
vt 0.834956 0.756526
vt 0.827603 0.756526
vt 0.834956 0.751901
vt 0.225431 0.855085
vt 0.226745 0.864620
vt 0.827603 0.751901
vt 0.834956 0.747277
vt 0.211395 0.850983
vt 0.213915 0.857918
vt 0.177766 0.867969
vt 0.177741 0.867979
vt 0.207627 0.844582
vt 0.177719 0.867994
vt 0.202564 0.839086
vt 0.177700 0.868012
vt 0.217322 0.837425
vt 0.222257 0.845917
vt 0.827603 0.747277
vt 0.834956 0.742652
vt 0.827603 0.742652
vt 0.834956 0.738028
vt 0.827603 0.738028
vt 0.834956 0.733404
vt 0.202651 0.824045
vt 0.210706 0.830043
vt 0.827603 0.733404
vt 0.834956 0.728779
vt 0.196526 0.834619
vt 0.193453 0.819831
vt 0.177686 0.868034
vt 0.189674 0.831443
vt 0.177676 0.868057
vt 0.182268 0.829891
vt 0.177669 0.868081
vt 0.174716 0.829849
vt 0.177666 0.868106
vt 0.183533 0.817697
vt 0.173476 0.817697
vt 0.827603 0.728779
vt 0.834956 0.724155
vt 0.827603 0.724155
vt 0.834956 0.719530
vt 0.827603 0.719530
vt 0.834956 0.714906
vt 0.163727 0.819706
vt 0.827603 0.714906
vt 0.834956 0.710282
vt 0.167325 0.831295
vt 0.154664 0.823545
vt 0.177668 0.868132
vt 0.177676 0.868157
vt 0.160379 0.834139
vt 0.177689 0.868180
vt 0.154202 0.838346
vt 0.148987 0.843640
vt 0.146570 0.829072
vt 0.827603 0.710282
vt 0.834956 0.705657
vt 0.827603 0.705657
vt 0.834956 0.701033
vt 0.827603 0.701033
vt 0.834956 0.696408
vt 0.144928 0.849822
vt 0.139717 0.836057
vt 0.827603 0.696408
vt 0.834956 0.691784
vt 0.142067 0.856611
vt 0.134379 0.844234
vt 0.177727 0.868219
vt 0.177750 0.868232
vt 0.177776 0.868240
vt 0.140686 0.863823
vt 0.177803 0.868243
vt 0.140730 0.871134
vt 0.128927 0.862639
vt 0.130739 0.853191
vt 0.827603 0.691784
vt 0.834956 0.687160
vt 0.827603 0.687160
vt 0.834956 0.682535
vt 0.827603 0.682535
vt 0.834956 0.677911
vt 0.142090 0.878293
vt 0.128959 0.872248
vt 0.827603 0.677911
vt 0.834956 0.673286
vt 0.144744 0.885063
vt 0.130772 0.881626
vt 0.177831 0.868241
vt 0.177856 0.868230
vt 0.177880 0.868218
vt 0.148738 0.891141
vt 0.177901 0.868200
vt 0.153900 0.896235
vt 0.139669 0.898534
vt 0.134375 0.890524
vt 0.827603 0.673286
vt 0.834956 0.668662
vt 0.827603 0.668662
vt 0.834956 0.664038
vt 0.827603 0.664038
vt 0.834956 0.659413
vt 0.154348 0.910566
vt 0.146451 0.905276
vt 0.827603 0.659413
vt 0.166518 0.903116
vt 0.159878 0.900294
vt 0.177919 0.868179
vt 0.177933 0.868154
vt 0.177938 0.868127
vt 0.173549 0.904665
vt 0.177941 0.868099
vt 0.163021 0.914231
vt 0.172280 0.916195
vt 0.830539 0.169385
vt 0.842959 0.186653
vt 0.827454 0.184295
vt 0.830327 0.169672
vt 0.826739 0.184471
vt 0.800919 0.091871
vt 0.798779 0.094171
vt 0.831882 0.156119
vt 0.802186 0.089433
vt 0.803138 0.086850
vt 0.832119 0.144164
vt 0.831881 0.155989
vt 0.832058 0.144073
vt 0.841599 0.143226
vt 0.842518 0.155825
vt 0.842959 0.169917
vt 0.831222 0.133215
vt 0.831247 0.133196
vt 0.837228 0.121174
vt 0.839916 0.131669
vt 0.829403 0.123513
vt 0.829402 0.123494
vt 0.803344 0.081906
vt 0.803374 0.084381
vt 0.826606 0.114746
vt 0.802737 0.079693
vt 0.801917 0.077566
vt 0.823019 0.107274
vt 0.826611 0.114765
vt 0.823013 0.107245
vt 0.833506 0.111744
vt 0.818740 0.100822
vt 0.828939 0.103563
vt 0.818736 0.100809
vt 0.813897 0.095635
vt 0.823682 0.096629
vt 0.813899 0.095661
vt 0.800667 0.075815
vt 0.799265 0.074208
vt 0.797589 0.073053
vt 0.808603 0.091567
vt 0.795836 0.072082
vt 0.802984 0.088800
vt 0.808601 0.091580
vt 0.802987 0.088796
vt 0.811500 0.086653
vt 0.817822 0.091003
vt 0.797151 0.087219
vt 0.804849 0.083650
vt 0.797153 0.087242
vt 0.791211 0.086770
vt 0.798011 0.081943
vt 0.791218 0.086774
vt 0.792079 0.071271
vt 0.793975 0.071430
vt 0.790264 0.071444
vt 0.785284 0.087524
vt 0.788601 0.071935
vt 0.779463 0.089489
vt 0.785277 0.087522
vt 0.779458 0.089504
vt 0.784120 0.082259
vt 0.791077 0.081464
vt 0.773846 0.092769
vt 0.777250 0.084382
vt 0.773852 0.092788
vt 0.764361 0.092616
vt 0.770605 0.087867
vt 0.768611 0.097167
vt 0.768599 0.097172
vt 0.785964 0.073641
vt 0.787097 0.072577
vt 0.763821 0.102730
vt 0.783562 0.073596
vt 0.782641 0.075015
vt 0.782002 0.076641
vt 0.759618 0.109459
vt 0.763822 0.102738
vt 0.759610 0.109453
vt 0.758615 0.098635
vt 0.749155 0.114268
vt 0.753473 0.105902
vt 0.756150 0.117193
vt 0.756149 0.117187
vt 0.753463 0.125922
vt 0.753464 0.125925
vt 0.779840 0.080755
vt 0.781939 0.078525
vt 0.779395 0.078533
vt 0.751708 0.135619
vt 0.777195 0.080789
vt 0.778065 0.083291
vt 0.779192 0.085635
vt 0.750978 0.146566
vt 0.751719 0.135661
vt 0.751025 0.146513
vt 0.741480 0.145806
vt 0.743024 0.134252
vt 0.745627 0.123729
vt 0.740822 0.158324
vt 0.751390 0.158497
vt 0.751399 0.158365
vt 0.740736 0.172169
vt 0.753182 0.171761
vt 0.752996 0.171437
vt 0.777758 0.088335
vt 0.779795 0.090771
vt 0.776178 0.085735
vt 0.756960 0.186135
vt 0.776192 0.090924
vt 0.248906 0.014857
vt 0.249135 0.014755
vt 0.250299 0.014987
vt 0.066690 0.378692
vt 0.062614 0.378939
vt 0.062614 0.378692
vt 0.066690 0.386554
vt 0.062614 0.386801
vt 0.062614 0.386554
vt 0.066690 0.386306
vt 0.062614 0.386306
vt 0.368743 0.015003
vt 0.368948 0.014857
vt 0.370515 0.015169
vt 0.066690 0.386056
vt 0.062614 0.386056
vt 0.066690 0.385804
vt 0.062614 0.385804
vt 0.066690 0.385549
vt 0.062614 0.385549
vt 0.066690 0.385292
vt 0.062614 0.385292
vt 0.066690 0.385033
vt 0.062614 0.385033
vt 0.066690 0.384774
vt 0.062614 0.384774
vt 0.066690 0.384514
vt 0.062614 0.384514
vt 0.066690 0.384255
vt 0.062614 0.384255
vt 0.066690 0.383998
vt 0.062614 0.383998
vt 0.066690 0.383743
vt 0.062614 0.383743
vt 0.066690 0.383491
vt 0.062614 0.383491
vt 0.066690 0.383241
vt 0.062614 0.383241
vt 0.066690 0.382993
vt 0.062614 0.382993
vt 0.066690 0.382746
vt 0.062614 0.382746
vt 0.066690 0.382500
vt 0.062614 0.382500
vt 0.066690 0.382252
vt 0.062614 0.382252
vt 0.066690 0.382002
vt 0.062614 0.382002
vt 0.066690 0.381750
vt 0.062614 0.381750
vt 0.066690 0.381495
vt 0.062614 0.381495
vt 0.066690 0.381238
vt 0.062614 0.381238
vt 0.066690 0.380979
vt 0.062614 0.380979
vt 0.066690 0.380719
vt 0.062614 0.380719
vt 0.066690 0.380460
vt 0.062614 0.380460
vt 0.066690 0.380201
vt 0.062614 0.380201
vt 0.066690 0.379944
vt 0.062614 0.379944
vt 0.066690 0.379689
vt 0.062614 0.379689
vt 0.066690 0.379437
vt 0.062614 0.379437
vt 0.066690 0.379187
vt 0.062614 0.379187
vt 0.066690 0.378939
vt 0.018191 0.359465
vt 0.018793 0.359323
vt 0.018696 0.359655
vt 0.017593 0.359182
vt 0.018300 0.359172
vt 0.018053 0.359767
vt 0.018578 0.360000
vt 0.017884 0.360076
vt 0.017457 0.359423
vt 0.018425 0.360366
vt 0.017675 0.360389
vt 0.017293 0.359660
vt 0.018238 0.360747
vt 0.017415 0.360709
vt 0.017089 0.359890
vt 0.017999 0.361154
vt 0.016574 0.360312
vt 0.017102 0.361025
vt 0.017701 0.361580
vt 0.016716 0.361334
vt 0.017306 0.362039
vt 0.015878 0.360619
vt 0.016243 0.361616
vt 0.016804 0.362504
vt 0.015458 0.360689
vt 0.015648 0.361855
vt 0.016158 0.362959
vt 0.016184 0.352951
vt 0.015414 0.353891
vt 0.015608 0.352730
vt 0.016744 0.352069
vt 0.016067 0.351601
vt 0.016664 0.353227
vt 0.015841 0.353957
vt 0.017240 0.352518
vt 0.016541 0.354252
vt 0.017056 0.353531
vt 0.017646 0.352971
vt 0.017373 0.353841
vt 0.017947 0.353388
vt 0.017060 0.354661
vt 0.017639 0.354155
vt 0.018190 0.353788
vt 0.017265 0.354885
vt 0.017847 0.354462
vt 0.018388 0.354168
vt 0.018021 0.354765
vt 0.018542 0.354526
vt 0.018168 0.355062
vt 0.017438 0.355116
vt 0.018667 0.354867
vt 0.017699 0.355590
vt 0.018280 0.355352
vt 0.018766 0.355194
vt 0.018370 0.355635
vt 0.018843 0.355508
vt 0.017874 0.356068
vt 0.018444 0.355914
vt 0.018909 0.355814
vt 0.017932 0.356307
vt 0.018501 0.356188
vt 0.018956 0.356111
vt 0.017975 0.356545
vt 0.018543 0.356458
vt 0.018995 0.356402
vt 0.018576 0.356726
vt 0.019021 0.356689
vt 0.018028 0.357021
vt 0.018594 0.356992
vt 0.019035 0.356972
vt 0.018597 0.357258
vt 0.019041 0.357254
vt 0.018029 0.357498
vt 0.018598 0.357523
vt 0.019038 0.357536
vt 0.018578 0.357790
vt 0.019025 0.357820
vt 0.017980 0.357976
vt 0.018550 0.358058
vt 0.019006 0.358107
vt 0.018511 0.358330
vt 0.018969 0.358400
vt 0.018457 0.358606
vt 0.017938 0.358216
vt 0.018925 0.358699
vt 0.018387 0.358886
vt 0.017882 0.358458
vt 0.018867 0.359006
vt 0.017712 0.358942
vt 0.019287 0.359084
vt 0.019333 0.358759
vt 0.019227 0.359423
vt 0.019158 0.359777
vt 0.019673 0.359132
vt 0.019636 0.359483
vt 0.019584 0.359858
vt 0.019060 0.360160
vt 0.019523 0.360256
vt 0.018944 0.360563
vt 0.019442 0.360690
vt 0.018794 0.360998
vt 0.019337 0.361165
vt 0.018603 0.361470
vt 0.019197 0.361698
vt 0.018343 0.361996
vt 0.019017 0.362287
vt 0.018000 0.362582
vt 0.018767 0.362976
vt 0.017535 0.363239
vt 0.018420 0.363781
vt 0.016901 0.363949
vt 0.017912 0.364739
vt 0.017457 0.351325
vt 0.016850 0.350635
vt 0.017821 0.349871
vt 0.018322 0.350788
vt 0.017929 0.351973
vt 0.018676 0.351572
vt 0.018270 0.352543
vt 0.018935 0.352243
vt 0.018540 0.353063
vt 0.019126 0.352825
vt 0.018739 0.353529
vt 0.019275 0.353353
vt 0.018897 0.353961
vt 0.019389 0.353825
vt 0.019021 0.354360
vt 0.019479 0.354255
vt 0.019120 0.354736
vt 0.019546 0.354649
vt 0.019200 0.355090
vt 0.019603 0.355022
vt 0.019263 0.355426
vt 0.019648 0.355373
vt 0.019312 0.355749
vt 0.019681 0.355706
vt 0.019353 0.356062
vt 0.019707 0.356030
vt 0.019379 0.356366
vt 0.019729 0.356342
vt 0.019399 0.356664
vt 0.019741 0.356648
vt 0.019412 0.356959
vt 0.019752 0.356950
vt 0.019420 0.357252
vt 0.019755 0.357250
vt 0.019415 0.357545
vt 0.019755 0.357550
vt 0.019408 0.357840
vt 0.019750 0.357852
vt 0.019389 0.358140
vt 0.019741 0.358158
vt 0.019368 0.358444
vt 0.019724 0.358472
vt 0.019701 0.358796
vt 0.020059 0.358486
vt 0.020051 0.358814
vt 0.020036 0.359157
vt 0.020018 0.359518
vt 0.020389 0.358820
vt 0.020391 0.359165
vt 0.020393 0.359526
vt 0.019995 0.359903
vt 0.020397 0.359911
vt 0.020401 0.360328
vt 0.019965 0.360314
vt 0.019926 0.360764
vt 0.020404 0.360783
vt 0.019874 0.361261
vt 0.020408 0.361288
vt 0.019806 0.361816
vt 0.020411 0.361850
vt 0.019711 0.362465
vt 0.020416 0.362509
vt 0.019584 0.363214
vt 0.020425 0.363285
vt 0.019401 0.364111
vt 0.020433 0.364225
vt 0.019113 0.365253
vt 0.020445 0.365460
vt 0.019271 0.350446
vt 0.018965 0.349359
vt 0.020222 0.349125
vt 0.020274 0.350293
vt 0.019474 0.351320
vt 0.020299 0.351231
vt 0.019618 0.352050
vt 0.020318 0.351992
vt 0.019728 0.352694
vt 0.020329 0.352639
vt 0.019808 0.353247
vt 0.020339 0.353206
vt 0.019869 0.353742
vt 0.020345 0.353708
vt 0.019918 0.354190
vt 0.020351 0.354163
vt 0.019955 0.354597
vt 0.020356 0.354580
vt 0.019984 0.354980
vt 0.020360 0.354964
vt 0.020010 0.355341
vt 0.020363 0.355327
vt 0.020029 0.355683
vt 0.020367 0.355672
vt 0.020042 0.356010
vt 0.020368 0.356002
vt 0.020055 0.356328
vt 0.020373 0.356322
vt 0.020063 0.356639
vt 0.020374 0.356634
vt 0.020069 0.356945
vt 0.020376 0.356940
vt 0.020071 0.357248
vt 0.020378 0.357245
vt 0.020073 0.357551
vt 0.020380 0.357551
vt 0.020071 0.357857
vt 0.020382 0.357858
vt 0.020067 0.358167
vt 0.020384 0.358171
vt 0.020386 0.358490
vt 0.020712 0.358483
vt 0.020702 0.358164
vt 0.020726 0.358809
vt 0.020745 0.359152
vt 0.021048 0.358463
vt 0.021075 0.358786
vt 0.021110 0.359122
vt 0.020768 0.359513
vt 0.021151 0.359473
vt 0.020798 0.359896
vt 0.021208 0.359847
vt 0.020836 0.360308
vt 0.021274 0.360242
vt 0.020881 0.360756
vt 0.021363 0.360675
vt 0.020940 0.361248
vt 0.021475 0.361148
vt 0.021016 0.361808
vt 0.021623 0.361680
vt 0.021120 0.362448
vt 0.021810 0.362265
vt 0.021265 0.363205
vt 0.022074 0.362948
vt 0.021462 0.364093
vt 0.022435 0.363743
vt 0.021773 0.365227
vt 0.022959 0.364687
vt 0.021292 0.350393
vt 0.021541 0.349220
vt 0.022766 0.349714
vt 0.022282 0.350687
vt 0.021134 0.351277
vt 0.021954 0.351499
vt 0.021019 0.352033
vt 0.021717 0.352193
vt 0.020935 0.352673
vt 0.021543 0.352791
vt 0.020872 0.353232
vt 0.021409 0.353324
vt 0.020824 0.353728
vt 0.021307 0.353801
vt 0.020784 0.354181
vt 0.021227 0.354233
vt 0.020757 0.354591
vt 0.021168 0.354633
vt 0.020736 0.354974
vt 0.021118 0.355009
vt 0.020718 0.355335
vt 0.021082 0.355359
vt 0.020704 0.355678
vt 0.021054 0.355696
vt 0.020695 0.356005
vt 0.021032 0.356019
vt 0.020690 0.356323
vt 0.021018 0.356333
vt 0.020686 0.356634
vt 0.021006 0.356640
vt 0.020683 0.356941
vt 0.021001 0.356942
vt 0.020684 0.357244
vt 0.021001 0.357242
vt 0.020688 0.357547
vt 0.021005 0.357542
vt 0.020694 0.357853
vt 0.021014 0.357844
vt 0.021028 0.358150
vt 0.021377 0.358126
vt 0.021357 0.357827
vt 0.021406 0.358431
vt 0.021446 0.358745
vt 0.021800 0.358381
vt 0.021763 0.358090
vt 0.021852 0.358680
vt 0.021493 0.359068
vt 0.021914 0.358986
vt 0.021556 0.359406
vt 0.021994 0.359302
vt 0.021635 0.359761
vt 0.022092 0.359630
vt 0.021734 0.360138
vt 0.022220 0.359976
vt 0.021860 0.360541
vt 0.022370 0.360335
vt 0.022015 0.360974
vt 0.022565 0.360716
vt 0.022214 0.361443
vt 0.022810 0.361119
vt 0.022482 0.361968
vt 0.023115 0.361540
vt 0.022829 0.362539
vt 0.023514 0.361990
vt 0.023305 0.363187
vt 0.024020 0.362446
vt 0.023947 0.363883
vt 0.024669 0.362890
vt 0.023190 0.351202
vt 0.023792 0.350481
vt 0.024603 0.351447
vt 0.023941 0.351939
vt 0.022733 0.351879
vt 0.023443 0.352417
vt 0.022396 0.352476
vt 0.023049 0.352888
vt 0.022142 0.353011
vt 0.022753 0.353321
vt 0.021955 0.353486
vt 0.022516 0.353733
vt 0.021808 0.353924
vt 0.022325 0.354122
vt 0.021689 0.354332
vt 0.022178 0.354487
vt 0.021596 0.354712
vt 0.022060 0.354834
vt 0.021526 0.355067
vt 0.021966 0.355165
vt 0.021469 0.355407
vt 0.021888 0.355484
vt 0.021422 0.355733
vt 0.021831 0.355792
vt 0.021389 0.356047
vt 0.021785 0.356091
vt 0.021365 0.356353
vt 0.021751 0.356384
vt 0.021347 0.356652
vt 0.021732 0.356671
vt 0.021340 0.356947
vt 0.021719 0.356955
vt 0.021339 0.357240
vt 0.021713 0.357237
vt 0.021346 0.357533
vt 0.021720 0.357519
vt 0.021737 0.357803
vt 0.022160 0.357500
vt 0.022183 0.357767
vt 0.022214 0.358035
vt 0.022261 0.358307
vt 0.022784 0.357947
vt 0.022746 0.357708
vt 0.022828 0.358187
vt 0.022314 0.358581
vt 0.022895 0.358426
vt 0.022392 0.358862
vt 0.022970 0.358666
vt 0.022488 0.359147
vt 0.023065 0.358908
vt 0.022598 0.359437
vt 0.023188 0.359147
vt 0.022735 0.359735
vt 0.023332 0.359383
vt 0.022913 0.360041
vt 0.023499 0.359618
vt 0.023129 0.360353
vt 0.023701 0.359847
vt 0.023386 0.360666
vt 0.023941 0.360061
vt 0.023704 0.360977
vt 0.024222 0.360258
vt 0.024093 0.361280
vt 0.024546 0.360428
vt 0.024569 0.361555
vt 0.024920 0.360555
vt 0.025164 0.361786
vt 0.025342 0.360620
vt 0.025142 0.352583
vt 0.024532 0.352835
vt 0.024910 0.353853
vt 0.025342 0.353779
vt 0.024051 0.353128
vt 0.024529 0.353988
vt 0.023661 0.353445
vt 0.024201 0.354167
vt 0.023345 0.353767
vt 0.023917 0.354371
vt 0.023082 0.354092
vt 0.023681 0.354594
vt 0.022877 0.354408
vt 0.023478 0.354825
vt 0.022713 0.354717
vt 0.023306 0.355062
vt 0.022570 0.355020
vt 0.023170 0.355304
vt 0.022457 0.355315
vt 0.023050 0.355546
vt 0.022371 0.355602
vt 0.022951 0.355788
vt 0.022303 0.355883
vt 0.022879 0.356031
vt 0.022245 0.356160
vt 0.022823 0.356273
vt 0.022204 0.356432
vt 0.022774 0.356513
vt 0.022176 0.356701
vt 0.022740 0.356752
vt 0.022157 0.356968
vt 0.022726 0.356992
vt 0.022158 0.357234
vt 0.022718 0.357231
vt 0.022729 0.357469
vt 0.023583 0.357414
vt 0.023567 0.357227
vt 0.023592 0.357603
vt 0.023630 0.357788
vt 0.024557 0.357500
vt 0.024549 0.357462
vt 0.025120 0.356083
vt 0.024495 0.355199
vt 0.024678 0.355094
vt 0.025039 0.356107
vt 0.024329 0.355321
vt 0.024793 0.358171
vt 0.024060 0.358836
vt 0.023945 0.358681
vt 0.024770 0.358146
vt 0.023856 0.358511
vt 0.024725 0.358048
vt 0.023783 0.358333
vt 0.024637 0.357869
vt 0.023709 0.358159
vt 0.024621 0.357835
vt 0.023663 0.357976
vt 0.024602 0.357714
vt 0.024533 0.357242
vt 0.024534 0.357203
vt 0.023581 0.357039
vt 0.024548 0.356983
vt 0.023589 0.356850
vt 0.024556 0.356945
vt 0.023626 0.356664
vt 0.024598 0.356731
vt 0.023657 0.356476
vt 0.024620 0.356608
vt 0.023701 0.356292
vt 0.024637 0.356575
vt 0.023774 0.356116
vt 0.024722 0.356396
vt 0.023847 0.355937
vt 0.024768 0.356296
vt 0.023934 0.355765
vt 0.024792 0.356272
vt 0.024049 0.355608
vt 0.024874 0.356205
vt 0.024180 0.355459
vt 0.024957 0.356149
vt 0.025224 0.356067
vt 0.024878 0.355007
vt 0.025243 0.356067
vt 0.025090 0.354956
vt 0.025286 0.356100
vt 0.025316 0.354940
vt 0.025258 0.358355
vt 0.025302 0.359488
vt 0.025081 0.359475
vt 0.025216 0.358388
vt 0.024873 0.359428
vt 0.025197 0.358387
vt 0.024677 0.359345
vt 0.025095 0.358373
vt 0.024496 0.359245
vt 0.025020 0.358349
vt 0.024332 0.359127
vt 0.024995 0.358337
vt 0.024191 0.358983
vt 0.024872 0.358239
vt 0.016987 0.358379
vt 0.017811 0.358700
vt 0.016917 0.358558
vt 0.016041 0.358109
vt 0.016832 0.358729
vt 0.015999 0.358209
vt 0.016719 0.358886
vt 0.015977 0.358235
vt 0.016590 0.359034
vt 0.015898 0.358302
vt 0.016444 0.359171
vt 0.015817 0.358356
vt 0.016286 0.359302
vt 0.016853 0.360111
vt 0.015699 0.358430
vt 0.016106 0.359404
vt 0.015674 0.358438
vt 0.015911 0.359483
vt 0.016253 0.360487
vt 0.015608 0.358446
vt 0.015701 0.359532
vt 0.015552 0.358439
vt 0.015482 0.359547
vt 0.015517 0.358423
vt 0.015461 0.355030
vt 0.015683 0.355042
vt 0.015512 0.356170
vt 0.016216 0.354083
vt 0.015893 0.355088
vt 0.015554 0.356135
vt 0.016090 0.355170
vt 0.015574 0.356134
vt 0.016272 0.355269
vt 0.016824 0.354446
vt 0.015676 0.356148
vt 0.016437 0.355387
vt 0.015754 0.356170
vt 0.016585 0.355519
vt 0.015835 0.356209
vt 0.016716 0.355663
vt 0.015915 0.356261
vt 0.017577 0.355352
vt 0.016831 0.355816
vt 0.015996 0.356325
vt 0.016919 0.355984
vt 0.016019 0.356348
vt 0.016992 0.356158
vt 0.017800 0.355828
vt 0.016064 0.356444
vt 0.017065 0.356331
vt 0.016148 0.356616
vt 0.017109 0.356512
vt 0.016163 0.356648
vt 0.017141 0.356697
vt 0.016183 0.356767
vt 0.018012 0.356783
vt 0.017161 0.356884
vt 0.016196 0.356893
vt 0.017170 0.357074
vt 0.016196 0.357022
vt 0.018038 0.357259
vt 0.017185 0.357264
vt 0.016212 0.357249
vt 0.017172 0.357453
vt 0.016213 0.357289
vt 0.018014 0.357737
vt 0.017165 0.357643
vt 0.016200 0.357515
vt 0.017130 0.357829
vt 0.016195 0.357554
vt 0.017100 0.358018
vt 0.016153 0.357773
vt 0.017058 0.358203
vt 0.016136 0.357896
vt 0.016123 0.357930
vt 0.148172 0.298983
vt 0.151245 0.297340
vt 0.158046 0.298011
vt 0.680236 0.534852
vt 0.678485 0.455904
vt 0.680236 0.455904
vt 0.625966 0.455904
vt 0.624216 0.534852
vt 0.624216 0.455904
vt 0.627717 0.455904
vt 0.625966 0.534852
vt 0.116724 0.364905
vt 0.114031 0.367116
vt 0.104158 0.366143
vt 0.629467 0.534852
vt 0.629467 0.455904
vt 0.631218 0.455904
vt 0.632968 0.534852
vt 0.632968 0.455904
vt 0.634719 0.534852
vt 0.634719 0.455904
vt 0.636470 0.534852
vt 0.636470 0.455904
vt 0.638221 0.455904
vt 0.639972 0.534852
vt 0.639972 0.455904
vt 0.641722 0.455904
vt 0.643473 0.534852
vt 0.643473 0.455904
vt 0.645224 0.534852
vt 0.645224 0.455904
vt 0.646974 0.455904
vt 0.648725 0.534852
vt 0.648725 0.455904
vt 0.650475 0.534852
vt 0.650475 0.455904
vt 0.652226 0.455904
vt 0.653976 0.534852
vt 0.653976 0.455904
vt 0.655727 0.455904
vt 0.657477 0.534852
vt 0.657477 0.455904
vt 0.659228 0.455904
vt 0.660978 0.534852
vt 0.660978 0.455904
vt 0.662729 0.455904
vt 0.664480 0.455904
vt 0.662729 0.534852
vt 0.666231 0.534852
vt 0.666231 0.455904
vt 0.667982 0.534852
vt 0.667982 0.455904
vt 0.669732 0.455904
vt 0.671483 0.534852
vt 0.671483 0.455904
vt 0.673234 0.534852
vt 0.673234 0.455904
vt 0.674984 0.534852
vt 0.674984 0.455904
vt 0.676735 0.534852
vt 0.676735 0.455904
vt 0.678485 0.534852
vt 0.046683 0.030484
vt 0.032294 0.048017
vt 0.014761 0.033628
vt 0.754928 0.638314
vt 0.722852 0.641458
vt 0.722852 0.638314
vt 0.722852 0.735779
vt 0.754928 0.738923
vt 0.722852 0.738923
vt 0.754928 0.732635
vt 0.722852 0.732635
vt 0.184153 0.029150
vt 0.201686 0.014761
vt 0.216075 0.032294
vt 0.754928 0.729491
vt 0.722852 0.729491
vt 0.722852 0.726347
vt 0.722852 0.723203
vt 0.754928 0.726347
vt 0.722852 0.720059
vt 0.754928 0.723203
vt 0.754928 0.716915
vt 0.722852 0.716915
vt 0.754928 0.713771
vt 0.722852 0.713771
vt 0.722852 0.710627
vt 0.754928 0.707483
vt 0.722852 0.707483
vt 0.754928 0.704339
vt 0.722852 0.704339
vt 0.722852 0.701195
vt 0.754928 0.698051
vt 0.722852 0.698051
vt 0.754928 0.694907
vt 0.722852 0.694907
vt 0.722852 0.691763
vt 0.722852 0.688619
vt 0.754928 0.691763
vt 0.754928 0.685475
vt 0.722852 0.685475
vt 0.722852 0.682331
vt 0.722852 0.679187
vt 0.754928 0.682331
vt 0.754928 0.676043
vt 0.722852 0.676043
vt 0.754928 0.672899
vt 0.722852 0.672899
vt 0.722852 0.669755
vt 0.722852 0.666611
vt 0.754928 0.669755
vt 0.754928 0.663467
vt 0.722852 0.663467
vt 0.754928 0.660323
vt 0.722852 0.660323
vt 0.754928 0.657179
vt 0.722852 0.657179
vt 0.754928 0.654035
vt 0.722852 0.654035
vt 0.754928 0.650891
vt 0.722852 0.650891
vt 0.722852 0.647747
vt 0.722852 0.644602
vt 0.754928 0.647747
vt 0.754928 0.644602
vt 0.158722 0.346787
vt 0.017339 0.108783
vt 0.014970 0.080053
vt 0.014674 0.114706
vt 0.434817 0.154720
vt 0.220092 0.661906
vt 0.210481 0.693590
vt 0.178798 0.683979
vt 0.104635 0.021908
vt 0.123095 0.044401
vt 0.100602 0.025941
vt 0.109378 0.018739
vt 0.114648 0.016556
vt 0.120243 0.015443
vt 0.125947 0.015443
vt 0.131541 0.016556
vt 0.136811 0.018739
vt 0.141554 0.021908
vt 0.145588 0.025941
vt 0.148757 0.030684
vt 0.150940 0.035954
vt 0.152053 0.041549
vt 0.152053 0.047253
vt 0.150940 0.052848
vt 0.148757 0.058118
vt 0.145588 0.062860
vt 0.141554 0.066894
vt 0.136812 0.070063
vt 0.131542 0.072246
vt 0.125947 0.073359
vt 0.120243 0.073359
vt 0.114648 0.072246
vt 0.109378 0.070063
vt 0.104635 0.066894
vt 0.100602 0.062861
vt 0.097433 0.058118
vt 0.095250 0.052848
vt 0.094137 0.047253
vt 0.094137 0.041549
vt 0.095250 0.035954
vt 0.097433 0.030684
vt 0.021045 0.410809
vt 0.014529 0.406366
vt 0.021341 0.396592
vt 0.021341 0.396889
vt 0.259202 0.767438
vt 0.266367 0.783072
vt 0.264984 0.783816
vt 0.246376 0.791434
vt 0.244175 0.769698
vt 0.277450 0.797668
vt 0.275847 0.801065
vt 0.257724 0.820725
vt 0.285272 0.674844
vt 0.288590 0.677022
vt 0.292374 0.678426
vt 0.292408 0.666540
vt 0.294198 0.667243
vt 0.296118 0.667519
vt 0.296318 0.679041
vt 0.293135 0.806025
vt 0.294988 0.661587
vt 0.296266 0.661725
vt 0.295416 0.652910
vt 0.296367 0.652943
vt 0.294389 0.653074
vt 0.292893 0.660741
vt 0.293836 0.661188
vt 0.303091 0.617469
vt 0.301695 0.613528
vt 0.300063 0.609665
vt 0.306345 0.625708
vt 0.303117 0.638039
vt 0.288265 0.627596
vt 0.298258 0.598015
vt 0.295917 0.606174
vt 0.297641 0.652933
vt 0.298983 0.653013
vt 0.293904 0.611681
vt 0.299888 0.653097
vt 0.292401 0.615560
vt 0.291233 0.619610
vt 0.300173 0.652996
vt 0.300605 0.653116
vt 0.289811 0.622123
vt 0.289226 0.625524
vt 0.300624 0.653048
vt 0.300833 0.652814
vt 0.289083 0.630894
vt 0.300669 0.652523
vt 0.289536 0.633016
vt 0.300641 0.652349
vt 0.290197 0.635146
vt 0.300323 0.652211
vt 0.291436 0.637258
vt 0.299896 0.652102
vt 0.299556 0.651757
vt 0.292529 0.638557
vt 0.293701 0.639786
vt 0.299021 0.651700
vt 0.298530 0.651557
vt 0.294723 0.640258
vt 0.295793 0.640655
vt 0.297983 0.651384
vt 0.297244 0.641063
vt 0.297398 0.651420
vt 0.298688 0.641080
vt 0.296803 0.651368
vt 0.296185 0.651386
vt 0.300208 0.640321
vt 0.295671 0.651453
vt 0.301560 0.639601
vt 0.295093 0.651602
vt 0.303536 0.637242
vt 0.294675 0.651720
vt 0.294168 0.651777
vt 0.304312 0.635545
vt 0.304761 0.633998
vt 0.293883 0.652052
vt 0.293487 0.652281
vt 0.305572 0.631407
vt 0.293434 0.652403
vt 0.305757 0.629178
vt 0.293244 0.652686
vt 0.305084 0.623836
vt 0.293432 0.652727
vt 0.293482 0.652972
vt 0.304224 0.620577
vt 0.293996 0.652893
vt 0.291722 0.659264
vt 0.292182 0.659985
vt 0.289594 0.662429
vt 0.290040 0.663742
vt 0.290962 0.665323
vt 0.291509 0.658495
vt 0.289343 0.660037
vt 0.289379 0.661325
vt 0.291495 0.657721
vt 0.291705 0.656922
vt 0.290336 0.657394
vt 0.289675 0.658508
vt 0.292066 0.656223
vt 0.291084 0.656660
vt 0.292572 0.655612
vt 0.293205 0.655050
vt 0.291883 0.655857
vt 0.293929 0.654566
vt 0.293817 0.654515
vt 0.292788 0.655103
vt 0.294729 0.654199
vt 0.295609 0.653907
vt 0.296233 0.653697
vt 0.294967 0.654001
vt 0.296537 0.653762
vt 0.297505 0.653727
vt 0.297633 0.653489
vt 0.298448 0.653951
vt 0.300265 0.654390
vt 0.299019 0.653851
vt 0.300171 0.654650
vt 0.299349 0.654159
vt 0.302373 0.655878
vt 0.301386 0.655036
vt 0.300900 0.655181
vt 0.301492 0.655787
vt 0.303821 0.657948
vt 0.303194 0.656816
vt 0.301958 0.656495
vt 0.304214 0.659189
vt 0.302253 0.657253
vt 0.304363 0.660483
vt 0.302358 0.658039
vt 0.302252 0.658796
vt 0.304228 0.661763
vt 0.301942 0.659528
vt 0.303067 0.664252
vt 0.303796 0.663020
vt 0.301460 0.660218
vt 0.302078 0.665305
vt 0.300772 0.660780
vt 0.299876 0.661178
vt 0.300854 0.666056
vt 0.298798 0.661459
vt 0.299529 0.666459
vt 0.297559 0.661675
vt 0.297976 0.667212
vt 0.300332 0.678463
vt 0.303982 0.677020
vt 0.309714 0.798416
vt 0.321700 0.783746
vt 0.311298 0.801927
vt 0.323189 0.784448
vt 0.292705 0.813673
vt 0.342011 0.792858
vt 0.329024 0.822185
vt 0.292653 0.850962
vt 0.862282 0.258651
vt 0.869635 0.254027
vt 0.869635 0.258651
vt 0.862282 0.254027
vt 0.869635 0.249403
vt 0.862282 0.249403
vt 0.869635 0.244778
vt 0.862282 0.244778
vt 0.869635 0.240154
vt 0.892329 0.842777
vt 0.888813 0.829077
vt 0.897529 0.832454
vt 0.885679 0.840115
vt 0.879735 0.827406
vt 0.874917 0.875028
vt 0.874910 0.875056
vt 0.878664 0.838751
vt 0.874989 0.875195
vt 0.874916 0.875113
vt 0.875179 0.875034
vt 0.874909 0.875085
vt 0.871527 0.838851
vt 0.864505 0.840108
vt 0.870569 0.827394
vt 0.862282 0.388134
vt 0.869635 0.383510
vt 0.869635 0.388134
vt 0.862282 0.383510
vt 0.869635 0.378886
vt 0.862282 0.378886
vt 0.869635 0.374261
vt 0.857822 0.842693
vt 0.861451 0.829003
vt 0.862282 0.369637
vt 0.869635 0.369637
vt 0.851737 0.846535
vt 0.852679 0.832330
vt 0.874929 0.875138
vt 0.874946 0.875160
vt 0.846629 0.851636
vt 0.874965 0.875181
vt 0.842468 0.857550
vt 0.837763 0.843947
vt 0.844636 0.837383
vt 0.862282 0.365012
vt 0.869635 0.365012
vt 0.869635 0.360388
vt 0.862282 0.360388
vt 0.869635 0.355764
vt 0.828339 0.860566
vt 0.832240 0.851776
vt 0.862282 0.355764
vt 0.869635 0.351139
vt 0.838061 0.871319
vt 0.839453 0.864162
vt 0.875015 0.875204
vt 0.875041 0.875210
vt 0.837985 0.878611
vt 0.875068 0.875212
vt 0.839263 0.885812
vt 0.875095 0.875205
vt 0.826183 0.879536
vt 0.826348 0.869967
vt 0.862282 0.351139
vt 0.869635 0.346515
vt 0.862282 0.346515
vt 0.869635 0.341890
vt 0.862282 0.341890
vt 0.869635 0.337266
vt 0.831169 0.898027
vt 0.827801 0.888965
vt 0.862282 0.337266
vt 0.869635 0.332642
vt 0.841836 0.892700
vt 0.836254 0.906336
vt 0.875119 0.875193
vt 0.845733 0.898991
vt 0.875141 0.875177
vt 0.850820 0.904433
vt 0.875158 0.875157
vt 0.856917 0.908794
vt 0.875171 0.875135
vt 0.842918 0.913557
vt 0.850948 0.919368
vt 0.862282 0.328017
vt 0.869635 0.328017
vt 0.862282 0.323393
vt 0.869635 0.323393
vt 0.869635 0.318769
vt 0.860055 0.923482
vt 0.862282 0.318769
vt 0.869635 0.314144
vt 0.863792 0.911885
vt 0.869867 0.925654
vt 0.875179 0.875111
vt 0.875183 0.875085
vt 0.871178 0.913574
vt 0.875183 0.875060
vt 0.878764 0.913493
vt 0.886160 0.911925
vt 0.879931 0.925654
vt 0.862282 0.314144
vt 0.869635 0.309520
vt 0.862282 0.309520
vt 0.869635 0.304895
vt 0.862282 0.304895
vt 0.869635 0.300271
vt 0.893083 0.908931
vt 0.889753 0.923597
vt 0.862282 0.300271
vt 0.869635 0.295647
vt 0.899256 0.904642
vt 0.898920 0.919623
vt 0.875170 0.875010
vt 0.875157 0.874987
vt 0.875140 0.874967
vt 0.904439 0.899238
vt 0.875119 0.874952
vt 0.908430 0.892944
vt 0.907076 0.913930
vt 0.913918 0.906761
vt 0.862282 0.295647
vt 0.869635 0.291022
vt 0.862282 0.291022
vt 0.869635 0.286398
vt 0.862282 0.286398
vt 0.869635 0.281773
vt 0.922704 0.889263
vt 0.919185 0.898399
vt 0.862282 0.281773
vt 0.869635 0.277149
vt 0.912418 0.878763
vt 0.911181 0.886051
vt 0.875095 0.874940
vt 0.875069 0.874934
vt 0.875042 0.874933
vt 0.912306 0.871409
vt 0.875016 0.874937
vt 0.910662 0.864275
vt 0.924060 0.869955
vt 0.924320 0.879638
vt 0.921879 0.860538
vt 0.862282 0.277149
vt 0.869635 0.272525
vt 0.862282 0.272525
vt 0.869635 0.267900
vt 0.862282 0.267900
vt 0.869635 0.263276
vt 0.917949 0.851772
vt 0.862282 0.263276
vt 0.903625 0.851629
vt 0.907757 0.857595
vt 0.874990 0.874946
vt 0.874966 0.874961
vt 0.874946 0.874980
vt 0.898364 0.846678
vt 0.874929 0.875002
vt 0.905519 0.837493
vt 0.912442 0.844007
vt 0.333010 0.752695
vt 0.345002 0.770441
vt 0.329536 0.767654
vt 0.332789 0.752933
vt 0.328832 0.767803
vt 0.305005 0.673494
vt 0.299673 0.677052
vt 0.302717 0.675460
vt 0.306620 0.671305
vt 0.334731 0.739481
vt 0.307860 0.668921
vt 0.335329 0.727581
vt 0.334739 0.739351
vt 0.335282 0.727513
vt 0.344756 0.726962
vt 0.345344 0.739477
vt 0.345453 0.753578
vt 0.334825 0.716859
vt 0.334793 0.716820
vt 0.333283 0.707026
vt 0.333276 0.707032
vt 0.343449 0.715530
vt 0.308545 0.664178
vt 0.308535 0.666467
vt 0.308149 0.662032
vt 0.330794 0.698249
vt 0.307525 0.659949
vt 0.327490 0.690725
vt 0.330799 0.698272
vt 0.327493 0.690718
vt 0.333454 0.687282
vt 0.337726 0.695503
vt 0.341130 0.704989
vt 0.323478 0.684338
vt 0.323480 0.684311
vt 0.318853 0.678963
vt 0.318850 0.678956
vt 0.328499 0.680314
vt 0.306560 0.658057
vt 0.305235 0.656560
vt 0.303746 0.655360
vt 0.313735 0.674757
vt 0.302162 0.654486
vt 0.308239 0.671734
vt 0.313730 0.674751
vt 0.308237 0.671746
vt 0.316797 0.669940
vt 0.322918 0.674509
vt 0.302482 0.670025
vt 0.302482 0.670021
vt 0.310258 0.666681
vt 0.296579 0.669518
vt 0.296578 0.669498
vt 0.296552 0.664220
vt 0.303455 0.664796
vt 0.298992 0.653366
vt 0.300572 0.653769
vt 0.295054 0.653455
vt 0.290673 0.670091
vt 0.293432 0.653915
vt 0.284873 0.671874
vt 0.290670 0.670091
vt 0.284868 0.671858
vt 0.289669 0.664871
vt 0.279290 0.674740
vt 0.279279 0.674760
vt 0.282889 0.666757
vt 0.274010 0.678933
vt 0.274008 0.678916
vt 0.270024 0.674301
vt 0.276297 0.669878
vt 0.290580 0.655865
vt 0.291945 0.654827
vt 0.289563 0.657311
vt 0.269171 0.684194
vt 0.288944 0.658964
vt 0.264855 0.690651
vt 0.269164 0.684195
vt 0.264835 0.690685
vt 0.264173 0.679980
vt 0.261153 0.698403
vt 0.261164 0.698393
vt 0.254219 0.695265
vt 0.258820 0.686981
vt 0.258212 0.707164
vt 0.258216 0.707133
vt 0.286368 0.662618
vt 0.288697 0.660632
vt 0.286149 0.660533
vt 0.283703 0.662561
vt 0.284479 0.665097
vt 0.256202 0.716760
vt 0.285508 0.667472
vt 0.255181 0.727639
vt 0.256204 0.716801
vt 0.255224 0.727614
vt 0.245683 0.726649
vt 0.247549 0.715157
vt 0.250417 0.704706
vt 0.255233 0.739693
vt 0.255246 0.739544
vt 0.244658 0.739186
vt 0.256604 0.752933
vt 0.256436 0.752645
vt 0.244175 0.753032
vt 0.283944 0.669760
vt 0.286130 0.672257
vt 0.287111 0.669792
vt 0.282666 0.672238
vt 0.259893 0.767576
vt 0.029638 0.261749
vt 0.037017 0.277608
vt 0.035551 0.278351
vt 0.016659 0.286175
vt 0.014431 0.264087
vt 0.048462 0.292816
vt 0.046970 0.296285
vt 0.028592 0.315824
vt 0.056255 0.170872
vt 0.059119 0.172965
vt 0.062182 0.174461
vt 0.062682 0.162929
vt 0.064443 0.163665
vt 0.066383 0.164052
vt 0.065697 0.175192
vt 0.064367 0.301163
vt 0.065329 0.157927
vt 0.066672 0.158085
vt 0.065695 0.149014
vt 0.066696 0.149005
vt 0.064610 0.149228
vt 0.063171 0.157062
vt 0.064138 0.157515
vt 0.064142 0.149087
vt 0.072043 0.108479
vt 0.070326 0.104635
vt 0.076790 0.121161
vt 0.073541 0.133707
vt 0.058406 0.123068
vt 0.068508 0.092533
vt 0.066204 0.100625
vt 0.068067 0.148964
vt 0.069498 0.149020
vt 0.064214 0.105992
vt 0.070505 0.149090
vt 0.062472 0.110445
vt 0.061360 0.114751
vt 0.070812 0.148961
vt 0.071265 0.149056
vt 0.059990 0.117479
vt 0.059393 0.120951
vt 0.071277 0.148966
vt 0.071477 0.148705
vt 0.059252 0.126433
vt 0.071289 0.148390
vt 0.059719 0.128598
vt 0.071237 0.148200
vt 0.060398 0.130769
vt 0.070886 0.148052
vt 0.061668 0.132922
vt 0.070423 0.147939
vt 0.070048 0.147591
vt 0.062784 0.134245
vt 0.063981 0.135496
vt 0.069478 0.147543
vt 0.068954 0.147411
vt 0.065017 0.135975
vt 0.066103 0.136377
vt 0.068377 0.147253
vt 0.067582 0.136794
vt 0.067766 0.147308
vt 0.069052 0.136810
vt 0.067148 0.147273
vt 0.066510 0.147312
vt 0.070594 0.136034
vt 0.065984 0.147398
vt 0.071966 0.135299
vt 0.065396 0.147570
vt 0.073970 0.132898
vt 0.064975 0.147711
vt 0.064466 0.147789
vt 0.074755 0.131170
vt 0.075208 0.129597
vt 0.064189 0.148086
vt 0.063800 0.148333
vt 0.076024 0.126959
vt 0.063771 0.148468
vt 0.076207 0.124692
vt 0.063605 0.148769
vt 0.075453 0.119369
vt 0.063822 0.148819
vt 0.063911 0.149076
vt 0.074516 0.116176
vt 0.073524 0.112407
vt 0.061982 0.155477
vt 0.062455 0.156271
vt 0.059655 0.158596
vt 0.060163 0.160322
vt 0.061221 0.161766
vt 0.061782 0.154659
vt 0.059762 0.156192
vt 0.059631 0.157181
vt 0.061776 0.153901
vt 0.061959 0.153137
vt 0.060442 0.153954
vt 0.060014 0.155048
vt 0.062290 0.152429
vt 0.061061 0.152905
vt 0.062763 0.151757
vt 0.063391 0.151126
vt 0.061877 0.151910
vt 0.064131 0.150587
vt 0.063983 0.150412
vt 0.062860 0.151050
vt 0.064957 0.150178
vt 0.065865 0.149861
vt 0.066518 0.149656
vt 0.065216 0.149908
vt 0.066819 0.149700
vt 0.067804 0.149643
vt 0.067859 0.149564
vt 0.068780 0.149819
vt 0.070510 0.150103
vt 0.069206 0.149699
vt 0.070599 0.150434
vt 0.069720 0.149977
vt 0.072832 0.151489
vt 0.071727 0.150683
vt 0.071398 0.150945
vt 0.072066 0.151548
vt 0.074546 0.153563
vt 0.073783 0.152418
vt 0.072612 0.152270
vt 0.075068 0.154851
vt 0.072981 0.153060
vt 0.075332 0.156223
vt 0.073151 0.153897
vt 0.073096 0.154722
vt 0.075290 0.157608
vt 0.072815 0.155539
vt 0.074277 0.160390
vt 0.074949 0.158992
vt 0.072333 0.156324
vt 0.073271 0.161668
vt 0.071606 0.156993
vt 0.070625 0.157492
vt 0.071911 0.162711
vt 0.069423 0.157847
vt 0.070265 0.163496
vt 0.068070 0.158060
vt 0.068377 0.163949
vt 0.069391 0.174937
vt 0.072770 0.173734
vt 0.081177 0.293624
vt 0.093348 0.278900
vt 0.082789 0.297184
vt 0.094856 0.279600
vt 0.063937 0.308986
vt 0.113834 0.288130
vt 0.100669 0.317717
vt 0.063829 0.346787
vt 0.384133 0.877813
vt 0.376780 0.882437
vt 0.376780 0.877813
vt 0.384133 0.882437
vt 0.376780 0.887062
vt 0.384133 0.887062
vt 0.376780 0.891686
vt 0.384133 0.891686
vt 0.376780 0.896311
vt 0.481731 0.053368
vt 0.489197 0.041222
vt 0.492836 0.049913
vt 0.479002 0.046687
vt 0.484036 0.033445
vt 0.446189 0.063319
vt 0.446145 0.063343
vt 0.475070 0.040651
vt 0.446487 0.063670
vt 0.446165 0.063752
vt 0.446080 0.063416
vt 0.469989 0.035556
vt 0.446106 0.063375
vt 0.464153 0.031369
vt 0.477553 0.026782
vt 0.384133 0.748330
vt 0.376780 0.752955
vt 0.376780 0.748330
vt 0.384133 0.752955
vt 0.376780 0.757579
vt 0.384133 0.757579
vt 0.376780 0.762204
vt 0.457532 0.028532
vt 0.469868 0.021376
vt 0.384133 0.762204
vt 0.376780 0.766828
vt 0.450488 0.027019
vt 0.461262 0.017569
vt 0.446057 0.063459
vt 0.446043 0.063507
vt 0.443278 0.026715
vt 0.446043 0.063556
vt 0.436111 0.027835
vt 0.446053 0.063603
vt 0.452123 0.015442
vt 0.442668 0.015010
vt 0.384133 0.766828
vt 0.376780 0.771452
vt 0.384133 0.771452
vt 0.376780 0.776077
vt 0.384133 0.776077
vt 0.376780 0.780701
vt 0.424080 0.019714
vt 0.433176 0.016431
vt 0.384133 0.780701
vt 0.376780 0.785325
vt 0.423082 0.034259
vt 0.429230 0.030267
vt 0.446072 0.063647
vt 0.446094 0.063689
vt 0.417764 0.039309
vt 0.446125 0.063726
vt 0.413468 0.045272
vt 0.408803 0.031448
vt 0.415860 0.024843
vt 0.384133 0.785325
vt 0.376781 0.789950
vt 0.384133 0.789950
vt 0.376780 0.794574
vt 0.384133 0.794574
vt 0.376780 0.799199
vt 0.399069 0.048171
vt 0.403139 0.039308
vt 0.384133 0.799199
vt 0.376780 0.803823
vt 0.410319 0.051949
vt 0.396923 0.057724
vt 0.446208 0.063769
vt 0.408814 0.059201
vt 0.446252 0.063783
vt 0.408661 0.066602
vt 0.446299 0.063788
vt 0.409766 0.073941
vt 0.446344 0.063778
vt 0.396675 0.067494
vt 0.398272 0.077069
vt 0.384133 0.803823
vt 0.376780 0.808447
vt 0.384133 0.808447
vt 0.376780 0.813072
vt 0.384133 0.813072
vt 0.376780 0.817696
vt 0.412561 0.080840
vt 0.384133 0.817696
vt 0.376780 0.822320
vt 0.406825 0.094561
vt 0.401720 0.086186
vt 0.446389 0.063765
vt 0.416400 0.087231
vt 0.446427 0.063739
vt 0.446458 0.063705
vt 0.421514 0.092694
vt 0.427668 0.096976
vt 0.421785 0.107542
vt 0.413621 0.101820
vt 0.384133 0.822320
vt 0.376780 0.826945
vt 0.384133 0.826945
vt 0.376780 0.831569
vt 0.384133 0.831569
vt 0.376780 0.836194
vt 0.434585 0.099876
vt 0.384133 0.836194
vt 0.376780 0.840818
vt 0.441921 0.101355
vt 0.430916 0.111408
vt 0.446510 0.063629
vt 0.446525 0.063585
vt 0.446530 0.063539
vt 0.449384 0.101357
vt 0.446526 0.063492
vt 0.456675 0.099886
vt 0.440617 0.113373
vt 0.450495 0.113373
vt 0.384133 0.840818
vt 0.376780 0.845442
vt 0.384133 0.845442
vt 0.376780 0.850067
vt 0.384133 0.850067
vt 0.376780 0.854691
vt 0.469193 0.107647
vt 0.460162 0.111411
vt 0.384133 0.854691
vt 0.376780 0.859315
vt 0.463548 0.097103
vt 0.477274 0.102162
vt 0.446513 0.063448
vt 0.446491 0.063406
vt 0.469665 0.092950
vt 0.446461 0.063370
vt 0.474899 0.087769
vt 0.446424 0.063340
vt 0.478913 0.081625
vt 0.484107 0.095267
vt 0.489420 0.087148
vt 0.384133 0.859315
vt 0.376780 0.863940
vt 0.384133 0.863940
vt 0.376780 0.868564
vt 0.384133 0.868564
vt 0.376780 0.873189
vt 0.493048 0.078193
vt 0.384133 0.873189
vt 0.481717 0.074877
vt 0.494838 0.068757
vt 0.446381 0.063317
vt 0.446335 0.063303
vt 0.483136 0.067731
vt 0.446286 0.063299
vt 0.483134 0.060469
vt 0.446237 0.063304
vt 0.494755 0.059208
vt 0.104820 0.247737
vt 0.116891 0.265532
vt 0.101314 0.262680
vt 0.104620 0.248033
vt 0.100591 0.262791
vt 0.077400 0.169605
vt 0.075245 0.171863
vt 0.078682 0.167181
vt 0.106612 0.234487
vt 0.079650 0.164593
vt 0.107196 0.222465
vt 0.106633 0.234372
vt 0.107140 0.222370
vt 0.117372 0.234495
vt 0.117374 0.248576
vt 0.106631 0.211399
vt 0.106606 0.211416
vt 0.116775 0.221778
vt 0.105052 0.201593
vt 0.105051 0.201574
vt 0.115403 0.210106
vt 0.079869 0.159606
vt 0.079895 0.162106
vt 0.079252 0.157349
vt 0.102487 0.192673
vt 0.078410 0.155171
vt 0.099105 0.185025
vt 0.102485 0.192692
vt 0.099109 0.185000
vt 0.109538 0.189843
vt 0.113005 0.199463
vt 0.094977 0.178353
vt 0.094977 0.178345
vt 0.105234 0.181466
vt 0.090233 0.172835
vt 0.090230 0.172828
vt 0.100156 0.174250
vt 0.077115 0.153355
vt 0.075573 0.151837
vt 0.073835 0.150641
vt 0.084995 0.168487
vt 0.071994 0.149636
vt 0.079394 0.165452
vt 0.084996 0.168500
vt 0.079399 0.165447
vt 0.088137 0.163601
vt 0.094412 0.168271
vt 0.073544 0.163618
vt 0.073543 0.163592
vt 0.081498 0.160298
vt 0.067553 0.162869
vt 0.067546 0.162865
vt 0.067657 0.157500
vt 0.074645 0.158290
vt 0.067945 0.148793
vt 0.070010 0.148960
vt 0.065910 0.148981
vt 0.061532 0.163331
vt 0.063962 0.149520
vt 0.055594 0.165002
vt 0.061525 0.163327
vt 0.055589 0.165016
vt 0.060613 0.157979
vt 0.049847 0.168008
vt 0.049844 0.168003
vt 0.053621 0.159785
vt 0.044432 0.172221
vt 0.044426 0.172197
vt 0.040389 0.167466
vt 0.046820 0.162972
vt 0.060365 0.151323
vt 0.062090 0.150253
vt 0.058959 0.152851
vt 0.039478 0.177501
vt 0.057757 0.154501
vt 0.035057 0.184114
vt 0.039469 0.177518
vt 0.035044 0.184121
vt 0.034405 0.173218
vt 0.031339 0.191883
vt 0.031341 0.191889
vt 0.024266 0.188739
vt 0.028943 0.180341
vt 0.028409 0.200793
vt 0.028413 0.200806
vt 0.056465 0.158477
vt 0.056902 0.156388
vt 0.056533 0.160697
vt 0.026385 0.210818
vt 0.057427 0.163034
vt 0.025408 0.221765
vt 0.026399 0.210807
vt 0.025442 0.221743
vt 0.015803 0.220829
vt 0.017568 0.209170
vt 0.020418 0.198398
vt 0.025490 0.233900
vt 0.025506 0.233747
vt 0.014867 0.233435
vt 0.026939 0.247201
vt 0.026765 0.246895
vt 0.014431 0.247315
vt 0.052191 0.165532
vt 0.053892 0.168299
vt 0.055570 0.165518
vt 0.054277 0.162999
vt 0.030358 0.261854
vt 0.100694 0.740330
vt 0.093060 0.724760
vt 0.094477 0.724065
vt 0.112784 0.715888
vt 0.115608 0.737609
vt 0.081413 0.710490
vt 0.082791 0.706982
vt 0.100187 0.687243
vt 0.077458 0.833238
vt 0.074366 0.831191
vt 0.070499 0.829876
vt 0.070894 0.841806
vt 0.069160 0.841170
vt 0.067348 0.840985
vt 0.066474 0.829355
vt 0.065596 0.702736
vt 0.068493 0.846753
vt 0.067242 0.846636
vt 0.068311 0.855388
vt 0.067354 0.855407
vt 0.069342 0.855160
vt 0.070509 0.847548
vt 0.069609 0.847125
vt 0.069773 0.855294
vt 0.063037 0.895370
vt 0.064831 0.899111
vt 0.058013 0.883009
vt 0.068122 0.867731
vt 0.076076 0.880636
vt 0.066950 0.910982
vt 0.069002 0.902949
vt 0.066029 0.855459
vt 0.064635 0.855412
vt 0.070817 0.897609
vt 0.063650 0.855334
vt 0.072413 0.893177
vt 0.073392 0.888907
vt 0.063350 0.855431
vt 0.062888 0.855314
vt 0.074668 0.886184
vt 0.075162 0.882748
vt 0.062857 0.855372
vt 0.062637 0.855609
vt 0.075154 0.877347
vt 0.062795 0.855897
vt 0.074635 0.875227
vt 0.062813 0.856075
vt 0.073907 0.873106
vt 0.063124 0.856214
vt 0.072598 0.871021
vt 0.063544 0.856323
vt 0.063888 0.856677
vt 0.071462 0.869747
vt 0.070248 0.868546
vt 0.064421 0.856738
vt 0.064916 0.856895
vt 0.069208 0.868100
vt 0.065464 0.856931
vt 0.066656 0.867359
vt 0.066049 0.856906
vt 0.065209 0.867382
vt 0.066650 0.856961
vt 0.067273 0.856940
vt 0.063711 0.868189
vt 0.067791 0.856870
vt 0.062380 0.868950
vt 0.060871 0.870562
vt 0.068371 0.856713
vt 0.060471 0.871370
vt 0.068792 0.856590
vt 0.069304 0.856523
vt 0.059744 0.873093
vt 0.059340 0.874655
vt 0.069587 0.856243
vt 0.069982 0.856004
vt 0.058608 0.877276
vt 0.070033 0.855882
vt 0.058491 0.879514
vt 0.070214 0.855588
vt 0.059381 0.884736
vt 0.070029 0.855550
vt 0.069968 0.855301
vt 0.060391 0.887856
vt 0.061471 0.891542
vt 0.071619 0.849038
vt 0.071185 0.848309
vt 0.073686 0.845895
vt 0.073244 0.844553
vt 0.072308 0.842980
vt 0.071808 0.849812
vt 0.073799 0.848451
vt 0.073869 0.847067
vt 0.071807 0.850580
vt 0.071603 0.851339
vt 0.072911 0.850766
vt 0.073461 0.849571
vt 0.071250 0.852034
vt 0.072213 0.851562
vt 0.070758 0.852655
vt 0.070135 0.853234
vt 0.071430 0.852401
vt 0.069415 0.853735
vt 0.069503 0.853809
vt 0.070529 0.853184
vt 0.068616 0.854123
vt 0.067733 0.854435
vt 0.067069 0.854676
vt 0.068346 0.854341
vt 0.066798 0.854603
vt 0.065820 0.854665
vt 0.065657 0.854918
vt 0.064859 0.854472
vt 0.062966 0.854044
vt 0.064243 0.854578
vt 0.063109 0.853735
vt 0.063942 0.854205
vt 0.060810 0.852538
vt 0.061821 0.853390
vt 0.062369 0.853211
vt 0.061766 0.852605
vt 0.059311 0.850452
vt 0.059965 0.851595
vt 0.061291 0.851890
vt 0.058894 0.849188
vt 0.060992 0.851119
vt 0.058738 0.847853
vt 0.060891 0.850314
vt 0.061010 0.849535
vt 0.058882 0.846527
vt 0.061344 0.848779
vt 0.060086 0.843924
vt 0.059326 0.845220
vt 0.061863 0.848067
vt 0.061160 0.842791
vt 0.062603 0.847485
vt 0.063564 0.847084
vt 0.062531 0.841953
vt 0.064705 0.846824
vt 0.064103 0.841451
vt 0.065958 0.846677
vt 0.065698 0.841408
vt 0.062377 0.830022
vt 0.067061 0.829773
vt 0.063169 0.830717
vt 0.049357 0.710966
vt 0.037850 0.726025
vt 0.047679 0.707502
vt 0.036357 0.725267
vt 0.065806 0.695074
vt 0.017554 0.717557
vt 0.029370 0.687927
vt 0.064682 0.657955
vt 0.867617 0.660124
vt 0.874970 0.655500
vt 0.874970 0.660124
vt 0.867617 0.655500
vt 0.874970 0.650875
vt 0.867617 0.650875
vt 0.874970 0.646251
vt 0.867617 0.646251
vt 0.874970 0.641627
vt 0.564815 0.027963
vt 0.552745 0.020270
vt 0.561488 0.016806
vt 0.558071 0.030491
vt 0.544818 0.025399
vt 0.574785 0.063356
vt 0.574815 0.063412
vt 0.552007 0.034420
vt 0.575145 0.063528
vt 0.574904 0.063501
vt 0.575241 0.062971
vt 0.546876 0.039509
vt 0.574856 0.063462
vt 0.542807 0.045472
vt 0.538091 0.031980
vt 0.874970 0.789607
vt 0.867617 0.784983
vt 0.874970 0.784983
vt 0.867617 0.780358
vt 0.874970 0.780358
vt 0.874970 0.775734
vt 0.539950 0.052101
vt 0.532746 0.039705
vt 0.867617 0.775734
vt 0.874970 0.771109
vt 0.538234 0.059128
vt 0.528913 0.048240
vt 0.574960 0.063531
vt 0.575023 0.063541
vt 0.537907 0.066398
vt 0.575085 0.063540
vt 0.539011 0.073637
vt 0.526641 0.057394
vt 0.526121 0.066938
vt 0.867617 0.766485
vt 0.874970 0.766485
vt 0.867617 0.761861
vt 0.874970 0.761861
vt 0.874970 0.757236
vt 0.530798 0.085707
vt 0.527513 0.076535
vt 0.867617 0.757236
vt 0.874970 0.752612
vt 0.545471 0.086843
vt 0.541614 0.080527
vt 0.575203 0.063511
vt 0.575253 0.063477
vt 0.550462 0.092374
vt 0.575295 0.063435
vt 0.556541 0.096751
vt 0.575328 0.063385
vt 0.542427 0.101408
vt 0.535823 0.094074
vt 0.867617 0.752612
vt 0.874970 0.747988
vt 0.867617 0.747988
vt 0.874970 0.743363
vt 0.867617 0.743363
vt 0.874970 0.738739
vt 0.559728 0.111350
vt 0.550531 0.107278
vt 0.867617 0.738739
vt 0.874970 0.734114
vt 0.563439 0.099749
vt 0.569550 0.113354
vt 0.575355 0.063336
vt 0.570818 0.101221
vt 0.575372 0.063281
vt 0.578326 0.101286
vt 0.575378 0.063224
vt 0.585690 0.099876
vt 0.575373 0.063166
vt 0.579516 0.113373
vt 0.589201 0.111433
vt 0.867617 0.734114
vt 0.874970 0.729490
vt 0.867617 0.729490
vt 0.874970 0.724865
vt 0.867617 0.724865
vt 0.874970 0.720241
vt 0.592579 0.096962
vt 0.867617 0.720241
vt 0.874970 0.715617
vt 0.606428 0.102127
vt 0.598292 0.107600
vt 0.575356 0.063109
vt 0.575327 0.063056
vt 0.598804 0.092861
vt 0.575288 0.063010
vt 0.604020 0.087563
vt 0.608180 0.081432
vt 0.618692 0.087051
vt 0.613307 0.095156
vt 0.867617 0.715617
vt 0.874970 0.710992
vt 0.867617 0.710992
vt 0.874970 0.706368
vt 0.867617 0.706368
vt 0.874970 0.701744
vt 0.610965 0.074580
vt 0.867617 0.701744
vt 0.874970 0.697119
vt 0.612356 0.067341
vt 0.622370 0.078054
vt 0.575188 0.062941
vt 0.575129 0.062923
vt 0.575069 0.062915
vt 0.612405 0.059989
vt 0.575007 0.062921
vt 0.610916 0.052804
vt 0.624216 0.068493
vt 0.624192 0.058815
vt 0.867617 0.697119
vt 0.874970 0.692495
vt 0.867617 0.692495
vt 0.874970 0.687870
vt 0.867617 0.687870
vt 0.874970 0.683246
vt 0.618539 0.040464
vt 0.622244 0.049340
vt 0.867617 0.683246
vt 0.874970 0.678622
vt 0.604055 0.039989
vt 0.608159 0.046028
vt 0.574949 0.062938
vt 0.574894 0.062967
vt 0.574846 0.063006
vt 0.598946 0.034804
vt 0.574807 0.063054
vt 0.592880 0.030807
vt 0.606379 0.025757
vt 0.613149 0.032503
vt 0.598419 0.020482
vt 0.867617 0.678622
vt 0.874970 0.673997
vt 0.867617 0.673997
vt 0.874970 0.669373
vt 0.867617 0.669373
vt 0.874970 0.664748
vt 0.586172 0.028081
vt 0.867617 0.664748
vt 0.580210 0.015018
vt 0.589559 0.016860
vt 0.574777 0.063110
vt 0.574759 0.063170
vt 0.579098 0.026636
vt 0.574753 0.063234
vt 0.571888 0.026601
vt 0.574759 0.063298
vt 0.570740 0.015018
vt 0.027389 0.757179
vt 0.015062 0.739976
vt 0.030440 0.742335
vt 0.027606 0.756930
vt 0.031147 0.742114
vt 0.057657 0.834481
vt 0.060037 0.832377
vt 0.055963 0.836844
vt 0.026040 0.770256
vt 0.054878 0.839305
vt 0.025806 0.782216
vt 0.026045 0.770414
vt 0.025850 0.782274
vt 0.015510 0.770579
vt 0.015062 0.756631
vt 0.026661 0.792992
vt 0.026687 0.793002
vt 0.018112 0.794496
vt 0.016410 0.783050
vt 0.028502 0.802664
vt 0.028509 0.802663
vt 0.054278 0.844175
vt 0.054338 0.841779
vt 0.054649 0.846450
vt 0.031245 0.811238
vt 0.055392 0.848535
vt 0.034773 0.818686
vt 0.031249 0.811239
vt 0.034767 0.818689
vt 0.024434 0.814228
vt 0.020789 0.804920
vt 0.038990 0.824988
vt 0.038992 0.825014
vt 0.034076 0.829182
vt 0.028888 0.822313
vt 0.043793 0.830263
vt 0.043794 0.830251
vt 0.056452 0.850402
vt 0.057845 0.851845
vt 0.059326 0.853134
vt 0.049041 0.834223
vt 0.060935 0.854107
vt 0.054622 0.836986
vt 0.049040 0.834229
vt 0.054624 0.836991
vt 0.046171 0.839135
vt 0.039881 0.834828
vt 0.060422 0.838546
vt 0.060424 0.838549
vt 0.052790 0.842112
vt 0.066333 0.838899
vt 0.066336 0.838917
vt 0.066496 0.844185
vt 0.059603 0.843783
vt 0.064226 0.855127
vt 0.062597 0.854774
vt 0.068212 0.854910
vt 0.072219 0.838178
vt 0.069838 0.854392
vt 0.077966 0.836254
vt 0.072222 0.838177
vt 0.077968 0.836255
vt 0.073359 0.843367
vt 0.083472 0.833127
vt 0.083482 0.833146
vt 0.080096 0.841294
vt 0.088610 0.828931
vt 0.088621 0.828908
vt 0.092755 0.833388
vt 0.086602 0.837961
vt 0.072673 0.852324
vt 0.071385 0.853567
vt 0.073765 0.850977
vt 0.093308 0.823420
vt 0.074513 0.849396
vt 0.097444 0.816740
vt 0.093306 0.823419
vt 0.097456 0.816752
vt 0.098448 0.827482
vt 0.100853 0.809053
vt 0.100859 0.809040
vt 0.107887 0.811925
vt 0.103568 0.820281
vt 0.103499 0.800233
vt 0.103494 0.800213
vt 0.077068 0.845453
vt 0.074655 0.847540
vt 0.077259 0.847564
vt 0.076400 0.843290
vt 0.105229 0.790324
vt 0.079212 0.843244
vt 0.078042 0.840806
vt 0.105925 0.779492
vt 0.105213 0.790329
vt 0.105885 0.779544
vt 0.115362 0.780202
vt 0.113931 0.791709
vt 0.111404 0.802362
vt 0.105479 0.767700
vt 0.105479 0.767818
vt 0.115953 0.767833
vt 0.103716 0.754550
vt 0.103898 0.754864
vt 0.079262 0.838327
vt 0.076987 0.835889
vt 0.076117 0.838392
vt 0.080438 0.835788
vt 0.099989 0.740291
vt 0.116040 0.754140
vt 0.827603 0.636291
vt 0.249377 0.014702
vt 0.249624 0.014699
vt 0.249866 0.014748
vt 0.250094 0.014845
vt 0.250474 0.015169
vt 0.248701 0.015003
vt 0.250611 0.015384
vt 0.248526 0.015189
vt 0.250705 0.015623
vt 0.250754 0.015877
vt 0.248389 0.015406
vt 0.250754 0.016137
vt 0.248247 0.015902
vt 0.250705 0.016392
vt 0.248247 0.016162
vt 0.250611 0.016633
vt 0.250474 0.016850
vt 0.248295 0.016416
vt 0.250299 0.017036
vt 0.248526 0.016870
vt 0.250094 0.017182
vt 0.248701 0.017052
vt 0.249866 0.017284
vt 0.249623 0.017337
vt 0.248906 0.017194
vt 0.249377 0.017339
vt 0.249134 0.017291
vt 0.248389 0.016655
vt 0.248295 0.015647
vt 0.066690 0.386801
vt 0.369176 0.014755
vt 0.369418 0.014702
vt 0.369907 0.014748
vt 0.369665 0.014699
vt 0.370135 0.014845
vt 0.370341 0.014987
vt 0.370653 0.015384
vt 0.370747 0.015623
vt 0.368568 0.015189
vt 0.370795 0.015877
vt 0.368336 0.015647
vt 0.370795 0.016137
vt 0.368288 0.015902
vt 0.370747 0.016392
vt 0.368288 0.016162
vt 0.370652 0.016633
vt 0.368336 0.016416
vt 0.370515 0.016850
vt 0.370341 0.017036
vt 0.368431 0.016655
vt 0.370135 0.017182
vt 0.368568 0.016870
vt 0.369907 0.017284
vt 0.368743 0.017052
vt 0.369665 0.017337
vt 0.368948 0.017194
vt 0.369418 0.017339
vt 0.369176 0.017291
vt 0.368431 0.015406
vt 0.152962 0.296999
vt 0.154712 0.296999
vt 0.156429 0.297341
vt 0.159501 0.298984
vt 0.145962 0.301677
vt 0.160739 0.300222
vt 0.161712 0.301678
vt 0.162382 0.303295
vt 0.162723 0.305012
vt 0.145292 0.308480
vt 0.162723 0.306763
vt 0.162382 0.308480
vt 0.161712 0.310098
vt 0.160739 0.311554
vt 0.149628 0.313764
vt 0.159502 0.312792
vt 0.158046 0.313764
vt 0.156429 0.314434
vt 0.154712 0.314776
vt 0.152962 0.314776
vt 0.151245 0.314434
vt 0.148173 0.312791
vt 0.146935 0.311553
vt 0.145962 0.310097
vt 0.144951 0.306762
vt 0.144951 0.305012
vt 0.145292 0.303294
vt 0.146935 0.300221
vt 0.149628 0.298010
vt 0.627717 0.534852
vt 0.105612 0.351362
vt 0.107229 0.350692
vt 0.108946 0.350351
vt 0.110696 0.350351
vt 0.112413 0.350692
vt 0.114030 0.351362
vt 0.115486 0.352335
vt 0.116724 0.353573
vt 0.102919 0.353573
vt 0.117696 0.355029
vt 0.118366 0.356647
vt 0.100936 0.360115
vt 0.118708 0.358364
vt 0.118708 0.360115
vt 0.101947 0.363450
vt 0.118366 0.361832
vt 0.117697 0.363449
vt 0.115487 0.366143
vt 0.112414 0.367786
vt 0.110697 0.368128
vt 0.108947 0.368128
vt 0.107230 0.367786
vt 0.105613 0.367116
vt 0.102920 0.364905
vt 0.101277 0.361832
vt 0.100936 0.358364
vt 0.101277 0.356647
vt 0.101947 0.355029
vt 0.104157 0.352335
vt 0.631218 0.534852
vt 0.638221 0.534852
vt 0.641722 0.534852
vt 0.646974 0.534852
vt 0.652226 0.534852
vt 0.655727 0.534852
vt 0.659228 0.534852
vt 0.664480 0.534852
vt 0.669732 0.534852
vt 0.014761 0.030484
vt 0.018324 0.021881
vt 0.015374 0.027400
vt 0.016578 0.024495
vt 0.020548 0.019658
vt 0.023162 0.017911
vt 0.026066 0.016708
vt 0.029150 0.016095
vt 0.032294 0.016095
vt 0.040896 0.019658
vt 0.035378 0.016708
vt 0.038282 0.017911
vt 0.043120 0.021881
vt 0.044866 0.024495
vt 0.046069 0.027400
vt 0.046683 0.033628
vt 0.046069 0.036711
vt 0.044866 0.039616
vt 0.043120 0.042230
vt 0.040897 0.044453
vt 0.038282 0.046200
vt 0.035378 0.047403
vt 0.029150 0.048017
vt 0.020548 0.044453
vt 0.026066 0.047403
vt 0.023162 0.046200
vt 0.018324 0.042230
vt 0.016578 0.039616
vt 0.015374 0.036711
vt 0.754928 0.641458
vt 0.754928 0.735779
vt 0.184767 0.026066
vt 0.185970 0.023162
vt 0.187716 0.020547
vt 0.189940 0.018324
vt 0.192554 0.016578
vt 0.195458 0.015374
vt 0.198542 0.014761
vt 0.204770 0.015374
vt 0.207674 0.016578
vt 0.210289 0.018324
vt 0.212512 0.020547
vt 0.214258 0.023162
vt 0.215462 0.026066
vt 0.216075 0.029150
vt 0.215462 0.035378
vt 0.210289 0.043120
vt 0.214258 0.038282
vt 0.212512 0.040896
vt 0.207674 0.044866
vt 0.204770 0.046069
vt 0.201686 0.046683
vt 0.198542 0.046683
vt 0.195459 0.046070
vt 0.192554 0.044866
vt 0.189940 0.043120
vt 0.187716 0.040896
vt 0.185970 0.038282
vt 0.184767 0.035378
vt 0.184153 0.032294
vt 0.754928 0.720059
vt 0.754928 0.710627
vt 0.754928 0.701195
vt 0.754928 0.688619
vt 0.754928 0.679187
vt 0.754928 0.666611
vt 0.221849 0.666147
vt 0.222744 0.670648
vt 0.222744 0.675237
vt 0.221849 0.679739
vt 0.220092 0.683979
vt 0.217543 0.687795
vt 0.214297 0.691040
vt 0.206241 0.695346
vt 0.201740 0.696241
vt 0.197150 0.696241
vt 0.192649 0.695346
vt 0.188409 0.693590
vt 0.184593 0.691040
vt 0.181348 0.687795
vt 0.177042 0.679739
vt 0.176146 0.675237
vt 0.176146 0.670648
vt 0.177042 0.666147
vt 0.178798 0.661907
vt 0.188409 0.652296
vt 0.181348 0.658091
vt 0.184593 0.654845
vt 0.192649 0.650539
vt 0.197150 0.649644
vt 0.201740 0.649644
vt 0.206241 0.650539
vt 0.210481 0.652295
vt 0.214297 0.654845
vt 0.217542 0.658090
vt 0.862282 0.240154
vt 0.862282 0.374261
vt 0.862282 0.332642
vt 0.296648 0.653294
vt 0.384133 0.896311
vt 0.867617 0.641627
vt 0.867617 0.789607
vt 0.867617 0.771109
vt 0.066596 0.855124
vt 0.651470 0.151261
vt 0.646862 0.133561
vt 0.665626 0.140074
vt 0.765599 0.314004
vt 0.747230 0.320627
vt 0.462350 0.229431
vt 0.563631 0.434734
vt 0.444017 0.226970
vt 0.455316 0.212324
vt 0.444014 0.238477
vt 0.574912 0.452702
vt 0.553711 0.453487
vt 0.760395 0.335025
vt 0.545295 0.443780
vt 0.349038 0.563397
vt 0.339992 0.545061
vt 0.450319 0.768700
vt 0.554341 0.462116
vt 0.655622 0.667419
vt 0.330702 0.572443
vt 0.332036 0.552041
vt 0.431983 0.777746
vt 0.441766 0.797366
vt 0.441620 0.776960
vt 0.459365 0.787037
vt 0.564210 0.967409
vt 0.549420 0.978933
vt 0.664668 0.685756
vt 0.759016 0.894375
vt 0.568612 0.985675
vt 0.765599 0.911969
vt 0.110048 0.125165
vt 0.229665 0.321422
vt 0.211329 0.330468
vt 0.116353 0.655388
vt 0.220375 0.348804
vt 0.321656 0.554107
vt 0.228331 0.341825
vt 0.434968 0.220141
vt 0.238711 0.339758
vt 0.333687 0.014838
vt 0.128384 0.116119
vt 0.015072 0.450085
s 1
usemtl マテリアル.003
f 20/1/1 1/2/1 2/3/1
f 3/4/2 2/5/2 1/6/2
f 1/6/2 6/7/2 3/4/2
f 4/8/1 5/9/1 1/2/1
f 8/10/3 5/11/3 7/12/3
f 7/12/3 10/13/3 8/10/3
f 4/8/1 9/14/1 7/12/1
f 10/13/3 12/15/3 13/16/3
f 11/17/1 12/15/1 9/14/1
f 15/18/4 12/15/4 14/19/4
f 16/20/5 14/19/5 11/17/5
f 10/13/6 15/18/6 16/20/6
f 17/21/5 11/17/5 4/8/5
f 8/10/6 16/20/6 17/21/6
f 19/22/6 17/21/6 18/23/6
f 18/23/4 4/8/4 20/1/4
f 3/24/6 8/10/6 17/21/6
f 18/23/6 36/25/6 19/22/6
f 20/1/3 22/26/3 18/23/3
f 18/23/6 24/27/6 21/28/6
f 23/29/2 26/30/2 22/26/2
f 22/26/6 32/31/6 24/27/6
f 22/26/6 28/32/6 25/33/6
f 26/30/3 29/32/3 28/32/3
f 25/33/4 29/32/4 30/34/4
f 30/34/1 27/30/1 23/29/1
f 30/34/4 32/31/4 25/33/4
f 33/35/1 30/34/1 23/29/1
f 24/27/5 31/36/5 33/35/5
f 21/28/5 33/35/5 34/37/5
f 34/37/1 23/29/1 20/1/1
f 2/3/1 34/37/1 20/1/1
f 36/38/5 34/37/5 35/39/5
f 19/40/2 35/39/2 2/5/2
f 20/1/1 4/8/1 1/2/1
f 3/4/2 19/40/2 2/5/2
f 1/6/2 5/41/2 6/7/2
f 4/8/1 7/12/1 5/9/1
f 8/10/3 6/42/3 5/11/3
f 7/12/3 9/14/3 10/13/3
f 4/8/1 11/17/1 9/14/1
f 10/13/3 9/14/3 12/15/3
f 11/17/1 14/19/1 12/15/1
f 15/18/4 13/16/4 12/15/4
f 16/20/5 15/18/5 14/19/5
f 10/13/6 13/16/6 15/18/6
f 17/21/5 16/20/5 11/17/5
f 8/10/6 10/13/6 16/20/6
f 19/22/6 3/24/6 17/21/6
f 18/23/4 17/21/4 4/8/4
f 3/24/6 6/43/6 8/10/6
f 18/23/6 21/28/6 36/25/6
f 20/1/3 23/29/3 22/26/3
f 18/23/6 22/26/6 24/27/6
f 23/29/2 27/30/2 26/30/2
f 22/26/6 25/33/6 32/31/6
f 22/26/6 26/30/6 28/32/6
f 26/30/3 27/30/3 29/32/3
f 25/33/4 28/32/4 29/32/4
f 30/34/1 29/32/1 27/30/1
f 30/34/4 31/36/4 32/31/4
f 33/35/1 31/36/1 30/34/1
f 24/27/5 32/31/5 31/36/5
f 21/28/5 24/27/5 33/35/5
f 34/37/1 33/35/1 23/29/1
f 2/3/1 35/44/1 34/37/1
f 36/38/5 21/28/5 34/37/5
f 19/40/2 36/38/2 35/39/2
usemtl マテリアル.002
f 39/45/2 38/46/2 37/47/2
f 41/48/1 37/49/1 38/50/1
f 42/51/3 37/52/3 40/53/3
f 43/54/4 40/53/4 41/48/4
f 44/55/6 42/51/6 43/54/6
f 44/56/5 41/48/5 38/46/5
f 39/45/2 44/56/2 38/46/2
f 41/48/1 40/53/1 37/49/1
f 42/51/3 39/57/3 37/52/3
f 43/54/4 42/51/4 40/53/4
f 44/55/6 39/58/6 42/51/6
f 44/56/5 43/54/5 41/48/5
usemtl マテリアル.004
f 70/59/4 72/60/4 234/61/4
s 0
f 70/59/7 73/62/5 69/63/8
s 1
f 69/63/4 220/64/4 72/60/4
s 0
f 69/63/9 75/65/5 71/66/6
s 1
f 73/62/10 78/67/10 76/68/11
f 73/62/12 79/69/12 75/65/12
f 78/67/13 77/70/13 76/68/13
f 79/69/14 77/70/14 81/71/14
f 211/72/15 79/69/15 80/73/15
f 79/69/16 82/74/16 80/73/16
f 82/74/17 83/75/17 84/76/17
f 77/70/18 83/75/18 81/71/18
f 84/76/19 85/77/19 94/78/19
f 83/75/20 88/79/20 85/77/20
f 77/70/21 87/80/21 86/81/21
f 87/80/22 88/79/22 86/81/22
f 88/79/23 91/82/24 90/83/25
f 88/79/26 92/84/27 85/77/26
f 92/84/4 133/85/4 107/86/4
f 94/78/28 92/84/29 93/87/30
f 94/78/31 95/88/32 96/89/31
f 98/90/33 95/88/34 97/91/35
f 100/92/36 97/91/37 99/93/37
f 100/92/38 101/94/39 102/95/38
f 104/96/40 101/94/41 103/97/42
f 104/96/43 105/98/44 106/99/43
f 108/100/45 105/98/46 107/86/46
f 108/100/47 109/101/48 110/102/47
f 110/102/49 111/103/50 112/104/49
f 112/104/51 113/105/52 114/106/51
f 114/106/53 115/107/54 116/108/53
f 118/109/55 115/107/56 117/110/56
f 118/109/57 119/111/58 120/112/57
f 120/112/59 121/113/60 122/114/59
f 124/115/61 121/113/62 123/116/63
f 124/115/64 125/117/65 126/118/64
f 126/118/66 127/119/67 128/120/66
f 130/121/68 127/119/69 129/122/70
f 132/123/71 129/122/72 131/124/72
f 132/123/73 133/85/74 134/125/73
f 134/125/75 135/126/76 136/127/75
f 138/128/77 135/126/78 137/129/78
f 138/128/79 139/130/80 140/131/79
f 142/132/81 139/130/82 141/133/82
f 144/134/83 141/133/84 143/135/84
f 144/134/85 145/136/86 146/137/85
f 146/137/87 147/138/88 148/139/87
f 150/140/89 147/138/90 149/141/90
f 89/142/91 149/141/91 91/82/91
f 87/80/92 150/140/92 89/142/92
f 153/143/93 150/140/93 151/144/93
f 152/145/94 87/80/94 420/146/94
f 154/147/95 151/144/95 152/145/96
f 154/147/97 155/148/97 153/143/97
f 153/143/98 146/137/98 148/139/99
f 158/149/100 155/148/100 156/150/101
f 157/151/102 146/137/102 155/148/102
f 158/149/103 159/152/103 157/151/103
f 157/151/104 142/132/104 144/134/104
f 162/153/105 159/152/105 160/154/105
f 161/155/106 142/132/106 159/152/106
f 164/156/107 161/155/107 162/153/108
f 163/157/109 140/131/109 161/155/109
f 164/156/110 165/158/110 163/157/110
f 163/157/111 136/127/111 138/128/111
f 166/159/112 167/160/112 165/158/112
f 165/158/113 134/125/113 136/127/113
f 170/161/114 167/160/114 168/162/114
f 169/163/115 134/125/115 167/160/115
f 170/161/116 171/164/117 169/163/117
f 169/163/118 130/121/118 132/123/118
f 174/165/119 171/164/119 172/166/119
f 173/167/120 130/121/120 171/164/120
f 174/165/121 175/168/121 173/167/121
f 173/167/122 126/118/122 128/120/122
f 176/169/123 177/170/123 175/168/124
f 177/170/125 126/118/125 175/168/125
f 180/171/126 177/170/126 178/172/126
f 177/170/127 122/114/127 124/115/127
f 180/171/128 181/173/128 179/174/128
f 181/173/129 122/114/129 179/174/129
f 184/175/130 181/173/130 182/176/130
f 183/177/131 120/112/131 181/173/131
f 184/175/132 185/178/132 183/177/132
f 183/177/133 116/108/133 118/109/133
f 188/179/134 185/178/134 186/180/134
f 187/181/135 116/108/135 185/178/135
f 190/182/136 187/181/136 188/179/136
f 189/183/137 114/106/137 187/181/137
f 192/184/138 189/183/139 190/182/138
f 191/185/140 112/104/140 189/183/140
f 192/184/141 193/186/141 191/185/141
f 191/185/142 108/100/142 110/102/142
f 194/187/143 195/188/143 193/186/143
f 193/186/144 106/99/144 108/100/144
f 198/189/145 195/188/145 196/190/145
f 197/191/146 106/99/146 195/188/146
f 200/192/147 197/191/147 198/189/147
f 199/193/148 104/96/148 197/191/148
f 200/192/149 201/194/149 199/193/150
f 199/193/151 100/92/151 102/95/151
f 202/195/152 203/196/152 201/194/152
f 201/194/153 98/90/153 100/92/153
f 204/197/154 205/198/154 203/196/154
f 203/196/155 96/89/155 98/90/155
f 82/74/156 205/198/157 206/199/156
f 84/76/158 96/89/158 205/198/158
f 207/200/159 204/197/159 208/201/159
f 80/73/160 206/199/160 207/200/160
f 209/202/161 208/201/161 210/203/161
f 211/72/162 207/200/162 209/202/162
s 0
f 212/204/163 210/203/5 213/205/6
f 214/206/164 209/202/5 212/204/6
s 1
f 212/204/4 216/207/4 215/208/4
f 214/206/4 215/208/4 218/209/4
f 329/210/165 215/211/165 216/212/165
f 217/213/166 218/214/166 215/211/166
f 219/215/167 220/216/167 218/214/167
f 71/66/4 218/209/4 220/64/4
f 221/217/168 72/218/168 220/216/168
f 224/219/2 221/220/2 219/221/2
f 223/222/2 222/223/2 221/220/2
f 224/219/169 226/224/169 223/222/169
f 225/225/170 226/224/170 228/226/170
f 245/227/2 230/228/2 290/229/2
f 231/230/171 228/226/171 229/231/171
f 232/232/172 229/231/172 230/228/172
f 231/230/2 222/223/2 225/225/2
f 232/232/2 233/233/2 231/230/2
f 222/234/173 234/235/173 72/236/173
f 233/237/174 236/238/174 234/235/174
f 235/239/175 238/240/175 236/238/175
f 240/241/2 235/242/2 232/232/2
f 237/243/176 414/244/176 238/240/176
f 240/241/2 239/245/2 237/246/2
f 240/241/177 230/228/177 242/247/177
f 241/248/178 242/247/178 243/249/178
f 246/250/179 243/249/179 244/251/179
f 247/252/180 244/251/180 245/227/180
f 246/250/2 239/245/2 241/248/2
f 247/252/2 248/253/2 246/250/2
f 239/254/181 249/255/181 414/244/181
f 248/256/182 251/257/182 249/255/182
f 250/258/183 253/259/183 251/257/183
f 247/252/2 252/260/2 250/261/2
f 252/262/184 401/263/184 253/259/184
f 256/264/2 252/260/2 255/265/2
f 255/265/185 245/227/185 257/266/185
f 256/264/186 257/266/186 258/267/186
f 261/268/187 258/267/187 259/269/187
f 262/270/188 259/269/188 260/271/188
f 256/264/2 263/272/2 254/273/2
f 262/270/2 263/272/2 261/268/2
f 254/274/189 264/275/189 401/263/189
f 263/276/190 266/277/190 264/275/190
f 265/278/191 268/279/191 266/277/191
f 262/270/2 267/280/2 265/281/2
f 267/282/192 388/283/192 268/279/192
f 270/284/2 269/285/2 267/280/2
f 270/284/193 260/271/193 272/286/193
f 271/287/194 272/286/194 273/288/194
f 276/289/165 273/288/165 274/290/165
f 277/291/166 274/290/166 275/292/166
f 271/287/2 278/293/2 269/285/2
f 276/289/2 280/294/2 278/293/2
f 269/295/195 279/296/195 388/283/195
f 278/297/196 281/298/196 279/296/196
f 280/299/169 283/300/169 281/298/169
f 277/291/2 282/301/2 280/294/2
f 282/302/170 375/303/170 283/300/170
f 285/304/2 284/305/2 282/301/2
f 285/304/167 275/292/167 287/306/167
f 285/304/168 288/307/168 286/308/168
f 286/308/173 289/309/173 291/310/173
f 291/310/174 290/229/174 292/311/174
f 291/310/2 284/305/2 286/308/2
f 292/311/2 293/312/2 291/310/2
f 284/313/171 294/314/171 375/303/171
f 293/315/172 296/316/172 294/314/172
f 295/317/177 298/318/177 296/316/177
f 300/319/2 295/320/2 292/311/2
f 297/321/178 362/322/178 298/318/178
f 301/323/2 297/324/2 300/319/2
f 292/311/175 302/325/175 300/319/175
f 300/319/176 303/326/176 301/323/176
f 301/323/181 304/327/181 306/328/181
f 306/328/182 305/329/182 307/330/182
f 301/323/2 308/331/2 299/332/2
f 307/330/2 308/331/2 306/328/2
f 299/333/179 309/334/179 362/322/179
f 308/335/180 311/336/180 309/334/180
f 310/337/185 313/338/185 311/336/185
f 315/339/2 310/340/2 307/330/2
f 312/341/186 349/342/186 313/338/186
f 316/343/2 312/344/2 315/339/2
f 307/330/183 317/345/183 315/339/183
f 315/339/184 318/346/184 316/343/184
f 316/343/189 319/347/189 321/348/189
f 321/348/190 320/349/190 322/350/190
f 316/343/2 323/351/2 314/352/2
f 322/350/2 323/351/2 321/348/2
f 314/353/187 324/354/187 349/342/187
f 323/355/188 326/356/188 324/354/188
f 325/357/193 328/358/193 326/356/193
f 322/350/2 327/359/2 325/360/2
f 327/361/194 216/212/194 328/358/194
f 331/362/2 327/359/2 330/363/2
f 322/350/191 332/364/191 330/363/191
f 330/363/192 333/365/192 331/362/192
f 331/362/195 334/366/195 335/367/195
f 335/367/196 227/368/196 224/219/196
f 335/367/2 329/369/2 331/362/2
f 335/367/2 219/221/2 217/370/2
f 337/371/4 328/372/4 336/373/4
f 213/205/4 328/372/4 216/207/4
s 0
f 336/373/197 339/374/5 337/371/6
f 213/205/198 338/375/3 336/373/6
s 1
f 338/375/199 341/376/199 339/374/199
f 338/375/200 208/201/200 340/377/200
f 340/377/201 200/192/201 341/376/201
f 340/377/202 204/197/203 202/195/203
f 344/378/204 341/376/204 342/379/204
f 342/379/205 200/192/205 198/189/205
f 344/378/206 343/380/206 345/381/206
f 342/379/207 196/190/207 343/380/207
s 0
f 346/382/208 345/381/3 347/383/6
f 337/371/209 344/378/5 346/382/6
s 1
f 346/382/4 349/384/4 324/385/4
f 346/382/4 326/386/4 337/371/4
f 348/387/4 349/384/4 347/383/4
s 0
f 347/383/210 351/388/3 348/387/6
s 1
f 348/387/4 311/389/4 313/390/4
s 0
f 348/387/211 352/391/5 350/392/6
s 1
f 351/388/212 354/393/212 352/391/212
f 345/381/213 353/394/213 351/388/213
f 353/394/214 192/184/214 354/393/214
f 353/394/215 196/190/215 194/187/215
f 357/395/216 354/393/216 355/396/216
f 355/396/217 192/184/217 190/182/217
f 357/395/218 356/397/218 358/398/218
f 355/396/219 188/179/220 356/397/219
s 0
f 359/399/221 358/398/3 360/400/6
f 350/392/222 357/395/5 359/399/6
s 1
f 360/400/4 309/401/4 359/399/4
f 350/392/4 309/401/4 311/389/4
f 361/402/4 362/403/4 360/400/4
s 0
f 360/400/223 364/404/5 361/402/6
s 1
f 363/405/4 298/406/4 361/402/4
s 0
f 361/402/224 365/407/5 363/405/6
s 1
f 365/407/225 366/408/225 367/409/225
f 364/404/226 356/397/226 366/408/226
f 367/409/227 186/180/227 184/175/227
f 366/408/228 188/179/228 186/180/228
f 365/407/229 368/410/229 370/411/229
f 368/410/230 184/175/230 182/176/230
f 370/411/231 369/412/231 371/413/231
f 368/410/232 180/171/232 369/412/232
s 0
f 372/414/233 371/413/3 373/415/6
f 363/405/234 370/411/3 372/414/6
s 1
f 373/415/4 294/416/4 372/414/4
f 372/414/4 296/417/4 363/405/4
f 374/418/4 375/419/4 373/415/4
s 0
f 373/415/235 377/420/5 374/418/6
s 1
f 376/421/4 283/422/4 374/418/4
s 0
f 374/418/236 378/423/3 376/421/6
s 1
f 377/420/237 380/424/237 378/423/237
f 371/413/238 379/425/238 377/420/238
f 380/424/239 178/172/239 176/169/239
f 379/425/240 180/171/240 178/172/240
f 378/423/241 381/426/241 383/427/241
f 381/426/242 176/169/242 174/165/242
f 383/427/243 382/428/243 384/429/243
f 382/428/244 174/165/244 172/166/244
s 0
f 385/430/245 384/429/5 386/431/6
f 376/421/246 383/427/3 385/430/6
s 1
f 386/431/4 279/432/4 385/430/4
f 385/430/4 281/433/4 376/421/4
f 387/434/4 388/435/4 386/431/4
s 0
f 386/431/247 390/436/3 387/434/248
s 1
f 387/434/4 266/437/4 268/438/4
s 0
f 387/434/249 391/439/5 389/440/8
s 1
f 390/436/250 393/441/250 391/439/250
f 390/436/251 382/428/251 392/442/251
f 393/441/252 170/161/253 168/162/253
f 392/442/254 172/166/254 170/161/254
f 396/443/255 393/444/255 394/445/255
f 394/445/256 168/162/256 166/159/256
f 396/443/257 395/446/257 397/447/257
f 394/445/258 164/156/258 395/446/258
s 0
f 398/448/259 397/447/3 399/449/6
f 389/440/260 396/443/3 398/448/6
s 1
f 399/449/4 264/450/4 398/448/4
f 389/440/4 264/450/4 266/437/4
f 399/449/4 253/451/4 401/452/4
s 0
f 399/449/261 403/453/3 400/454/6
s 1
f 402/455/4 253/451/4 400/454/4
s 0
f 400/454/262 404/456/3 402/455/6
s 1
f 403/453/263 406/457/263 404/456/263
f 403/453/264 395/446/264 405/458/264
f 405/459/265 160/154/265 406/457/265
f 405/458/266 164/156/266 162/153/266
f 409/460/267 406/461/267 407/462/267
f 406/461/268 158/149/269 407/462/268
f 409/460/270 408/463/270 410/464/270
f 407/462/271 156/150/271 408/463/271
s 0
f 411/465/272 410/464/3 412/466/248
f 402/455/273 409/460/5 411/465/8
s 1
f 411/465/4 414/467/4 249/468/4
f 411/465/4 251/469/4 402/455/4
f 412/466/4 238/470/4 414/467/4
s 0
f 412/466/274 416/471/5 413/472/6
s 1
f 413/472/4 236/473/4 238/470/4
s 0
f 413/472/275 417/474/3 415/475/6
s 1
f 417/474/276 418/476/276 419/477/276
f 410/464/277 418/476/277 416/471/277
f 418/476/278 152/145/278 419/477/278
f 408/478/279 154/147/279 418/476/279
f 74/479/280 419/480/280 78/67/280
f 419/480/281 420/146/281 78/67/281
s 0
f 415/475/282 74/479/3 70/59/6
s 1
f 70/59/4 236/473/4 415/475/4
s 0
f 71/66/283 211/72/3 214/206/6
s 1
f 430/481/1 425/482/284 480/483/285
f 423/484/286 422/485/286 421/486/286
f 426/487/287 421/488/287 424/489/287
f 427/490/288 424/489/288 425/491/288
f 477/492/6 482/493/8 429/494/6
f 428/495/289 425/491/289 430/496/289
f 429/497/290 430/496/290 431/498/290
f 434/499/291 431/498/291 432/500/291
f 435/501/292 432/500/292 433/502/292
f 436/503/293 433/502/293 438/504/293
f 437/505/294 438/504/294 439/506/294
f 442/507/295 439/506/295 440/508/295
f 443/509/296 440/508/296 441/510/296
f 444/511/297 441/510/297 446/512/297
f 445/513/298 446/512/298 447/514/298
f 450/515/299 447/514/299 448/516/299
f 451/517/300 448/516/300 449/518/300
f 452/519/301 449/518/301 454/520/301
f 453/521/302 454/520/302 455/522/302
f 458/523/303 455/522/303 456/524/303
f 459/525/304 456/524/304 457/526/304
f 460/527/305 457/526/305 462/528/305
f 461/529/306 462/528/306 463/530/306
f 466/531/307 463/530/307 464/532/307
f 467/533/308 464/532/308 465/534/308
f 468/535/309 465/534/309 470/536/309
f 469/537/310 470/536/310 471/538/310
f 474/539/311 471/538/311 472/540/311
f 475/541/312 472/540/312 473/542/312
f 476/543/313 473/542/313 478/544/313
f 477/545/314 478/544/314 479/546/314
f 482/547/315 479/546/315 480/548/315
f 483/549/316 480/548/316 481/550/316
f 484/551/317 481/550/317 422/485/317
f 485/552/318 580/553/318 488/554/318
f 487/555/319 486/556/319 485/552/319
f 489/557/320 487/555/320 485/552/320
f 491/558/321 485/552/321 488/554/321
f 492/559/322 490/560/323 489/557/322
f 492/559/324 491/558/324 494/561/324
f 495/562/325 493/563/325 492/559/325
f 497/564/326 492/559/326 494/561/326
f 498/565/327 496/566/327 495/562/327
f 498/565/328 497/564/328 500/567/328
f 502/568/329 498/565/330 501/569/330
f 501/569/331 500/567/331 503/570/331
f 504/571/332 502/568/333 501/569/332
f 506/572/334 501/569/334 503/570/334
f 508/573/335 504/571/335 507/574/335
f 507/574/336 506/572/336 509/575/336
f 511/576/337 507/574/337 510/577/338
f 510/577/339 509/575/339 512/578/339
f 513/579/340 511/580/341 510/581/340
f 515/582/342 510/581/342 512/583/343
f 516/584/344 514/585/344 513/579/345
f 518/586/346 513/579/346 515/582/346
f 520/587/347 516/584/348 519/588/348
f 519/588/349 518/586/349 521/589/349
f 522/590/350 520/587/351 519/588/350
f 524/591/352 519/588/352 521/589/352
f 526/592/353 522/590/353 525/593/353
f 527/594/354 522/590/354 524/591/354
f 529/595/355 525/593/355 528/596/356
f 528/596/357 527/594/357 530/597/357
f 531/598/358 529/595/358 528/596/359
f 533/599/360 528/596/360 530/597/360
f 534/600/361 532/601/361 531/598/361
f 536/602/362 531/598/362 533/599/362
f 538/603/363 534/600/363 537/604/363
f 537/604/364 536/602/364 539/605/364
f 540/606/365 538/603/365 537/604/365
f 540/606/366 539/605/366 542/607/366
f 544/608/367 540/606/367 543/609/367
f 543/609/368 542/607/368 545/610/368
f 547/611/369 543/609/370 546/612/370
f 546/612/371 545/610/371 548/613/371
f 550/614/372 546/612/372 549/615/372
f 551/616/373 546/612/373 548/613/373
f 552/617/374 550/614/374 549/615/374
f 552/617/375 551/616/375 554/618/375
f 556/619/376 552/617/376 555/620/376
f 555/620/377 554/618/377 557/621/377
f 558/622/378 556/619/379 555/620/378
f 560/623/380 555/620/381 557/621/380
f 562/624/382 558/622/383 561/625/383
f 561/625/384 560/623/385 563/626/385
f 564/627/386 562/624/386 561/625/386
f 566/628/387 561/625/387 563/626/387
f 568/629/388 564/627/389 567/630/389
f 567/630/390 566/628/390 569/631/390
f 570/632/391 568/629/391 567/630/391
f 570/632/392 569/631/392 572/633/392
f 573/634/393 571/635/393 570/632/394
f 575/636/395 570/632/395 572/633/395
f 576/637/396 574/638/397 573/634/396
f 578/639/398 573/634/398 575/636/398
f 934/640/399 576/637/399 486/556/399
f 580/553/400 576/637/400 578/639/400
f 579/641/401 575/636/401 641/642/401
f 581/643/402 578/639/402 579/641/403
f 583/644/404 580/553/404 581/643/404
f 581/643/405 644/645/405 582/646/406
f 583/644/407 582/646/407 584/647/407
f 585/648/408 488/554/408 583/644/408
f 585/648/409 584/647/409 586/649/409
f 587/650/410 491/558/410 585/648/410
f 587/650/411 586/649/411 588/651/412
f 497/564/413 587/650/413 589/652/413
f 590/653/414 587/650/414 588/651/414
f 500/567/415 589/652/415 591/654/416
f 592/655/417 589/652/417 590/653/417
f 593/656/418 500/567/418 591/654/418
f 594/657/419 591/654/419 592/655/419
f 595/658/420 503/570/420 593/656/420
f 595/658/421 594/657/421 596/659/421
f 509/575/422 595/658/422 597/660/422
f 597/660/423 596/659/423 598/661/424
f 512/578/425 597/660/425 599/662/425
f 600/663/426 597/660/426 598/661/427
f 601/664/428 512/583/428 599/665/428
f 601/664/429 600/666/429 602/667/430
f 603/668/431 515/582/431 601/664/431
f 604/669/432 601/664/432 602/667/433
f 521/589/434 603/668/434 605/670/434
f 606/671/435 603/668/435 604/669/435
f 524/591/436 605/670/436 607/672/436
f 607/672/437 606/671/437 608/673/437
f 609/674/438 524/591/438 607/672/439
f 609/674/440 608/673/440 610/675/440
f 611/676/441 527/594/441 609/674/441
f 611/676/442 610/675/442 612/677/442
f 533/599/443 611/676/443 613/678/444
f 614/679/445 611/676/445 612/677/446
f 536/602/447 613/678/447 615/680/447
f 616/681/448 613/678/448 614/679/448
f 539/605/449 615/680/449 617/682/449
f 618/683/450 615/680/450 616/681/450
f 542/607/451 617/682/451 619/684/452
f 620/685/453 617/682/453 618/683/454
f 545/610/455 619/684/455 621/686/455
f 622/687/456 619/684/456 620/685/456
f 623/688/457 545/610/457 621/686/458
f 623/688/459 622/687/459 624/689/459
f 625/690/460 548/613/460 623/688/461
f 626/691/462 623/688/462 624/689/463
f 554/618/464 625/690/464 627/692/464
f 628/693/465 625/690/465 626/691/465
f 557/621/466 627/692/466 629/694/466
f 630/695/467 627/692/467 628/693/467
f 631/696/468 557/621/468 629/694/468
f 632/697/469 629/694/469 630/695/469
f 563/626/470 631/696/470 633/698/470
f 633/698/471 632/697/471 634/699/471
f 635/700/472 563/626/472 633/698/472
f 635/700/473 634/699/473 636/701/473
f 637/702/474 566/628/474 635/700/474
f 637/702/475 636/701/475 638/703/475
f 572/633/476 637/702/476 639/704/477
f 639/704/478 638/703/478 640/705/479
f 575/636/480 639/704/480 641/642/481
f 642/706/482 639/704/482 640/705/482
f 579/641/483 642/706/483 644/645/483
f 642/706/484 705/707/484 643/708/484
f 645/709/485 642/706/485 643/708/485
f 647/710/486 644/645/486 645/709/486
f 645/709/487 708/711/487 646/712/488
f 647/710/489 646/712/489 648/713/490
f 649/714/491 582/646/491 647/710/491
f 649/714/492 648/713/492 650/715/492
f 652/716/493 649/714/493 650/715/493
f 586/649/494 649/714/494 651/717/494
f 588/651/495 651/717/495 653/718/495
f 654/719/496 651/717/496 652/716/496
f 590/653/497 653/718/497 655/720/497
f 655/720/498 654/719/498 656/721/498
f 592/655/499 655/720/499 657/722/499
f 658/723/500 655/720/500 656/721/501
f 594/657/502 657/722/502 659/724/502
f 659/724/503 658/723/503 660/725/503
f 596/659/504 659/724/504 661/726/504
f 662/727/505 659/724/505 660/725/506
f 598/661/507 661/726/507 663/728/507
f 664/729/508 661/726/508 662/727/508
f 600/663/509 663/728/509 665/730/509
f 666/731/510 663/728/510 664/729/511
f 667/732/512 600/666/512 665/733/512
f 667/732/513 666/734/513 668/735/514
f 669/736/515 602/667/515 667/732/515
f 670/737/516 667/732/516 668/735/517
f 671/738/518 604/669/518 669/736/518
f 672/739/519 669/736/519 670/737/520
f 673/740/521 606/671/521 671/738/521
f 674/741/522 671/738/522 672/739/523
f 675/742/524 608/673/524 673/740/524
f 676/743/525 673/740/525 674/741/525
f 677/744/526 610/675/526 675/742/526
f 678/745/527 675/742/527 676/743/527
f 679/746/528 612/677/528 677/744/528
f 680/747/529 677/744/529 678/745/529
f 681/748/530 614/679/530 679/746/530
f 682/749/531 679/746/531 680/747/531
f 618/683/532 681/748/532 683/750/532
f 684/751/533 681/748/533 682/749/533
f 620/685/534 683/750/534 685/752/534
f 686/753/535 683/750/535 684/751/536
f 622/687/537 685/752/537 687/754/537
f 688/755/538 685/752/538 686/753/539
f 689/756/540 622/687/540 687/754/540
f 690/757/541 687/754/541 688/755/542
f 626/691/543 689/756/543 691/758/543
f 692/759/544 689/756/544 690/757/545
f 693/760/546 626/691/546 691/758/546
f 694/761/547 691/758/547 692/759/547
f 630/695/548 693/760/548 695/762/548
f 696/763/549 693/760/549 694/761/549
f 632/697/550 695/762/550 697/764/550
f 697/764/551 696/763/551 698/765/551
f 699/766/552 632/697/552 697/764/552
f 700/767/553 697/764/553 698/765/554
f 701/768/555 634/699/555 699/766/555
f 702/769/556 699/766/556 700/767/556
f 638/703/557 701/768/557 703/770/557
f 704/771/558 701/768/558 702/769/559
f 705/707/560 638/703/560 703/770/560
f 705/707/561 704/771/561 706/772/562
f 643/708/563 706/772/563 708/711/564
f 707/773/565 704/771/565 769/774/565
f 709/775/566 706/772/566 707/773/567
f 711/776/568 708/711/568 709/775/569
f 709/775/570 772/777/570 710/778/570
f 711/776/571 710/778/571 712/779/571
f 713/780/572 646/712/572 711/776/572
f 713/780/573 712/779/573 714/781/573
f 715/782/574 648/713/574 713/780/575
f 715/782/576 714/781/576 716/783/576
f 652/716/577 715/782/577 717/784/578
f 718/785/579 715/782/579 716/783/579
f 654/719/580 717/784/580 719/786/580
f 720/787/581 717/784/581 718/785/581
f 721/788/582 654/719/582 719/786/582
f 722/789/583 719/786/583 720/787/583
f 658/723/584 721/788/584 723/790/585
f 724/791/586 721/788/586 722/789/586
f 725/792/587 658/723/587 723/790/588
f 726/793/589 723/790/589 724/791/589
f 662/727/590 725/792/590 727/794/590
f 728/795/591 725/792/591 726/793/591
f 664/729/592 727/794/592 729/796/593
f 730/797/594 727/794/594 728/795/594
f 666/731/595 729/796/595 731/798/596
f 732/799/597 729/796/597 730/797/597
f 733/800/598 666/734/598 731/801/599
f 733/800/600 732/802/600 734/803/600
f 670/737/601 733/800/601 735/804/601
f 735/804/602 734/803/602 736/805/602
f 672/739/603 735/804/603 737/806/603
f 737/806/604 736/805/604 738/807/604
f 674/741/605 737/806/605 739/808/605
f 739/808/606 738/807/606 740/809/606
f 676/743/607 739/808/607 741/810/608
f 741/810/609 740/809/609 742/811/609
f 678/745/610 741/810/610 743/812/611
f 743/812/612 742/811/612 744/813/612
f 680/747/613 743/812/613 745/814/613
f 745/814/614 744/813/614 746/815/614
f 682/749/615 745/814/615 747/816/615
f 747/816/616 746/815/616 748/817/616
f 684/751/617 747/816/617 749/818/617
f 750/819/618 747/816/618 748/817/618
f 686/753/619 749/818/619 751/820/619
f 752/821/620 749/818/620 750/819/620
f 688/755/621 751/820/621 753/822/621
f 754/823/622 751/820/622 752/821/622
f 690/757/623 753/822/623 755/824/624
f 756/825/625 753/822/625 754/823/625
f 692/759/626 755/824/626 757/826/626
f 758/827/627 755/824/627 756/825/627
f 694/761/628 757/826/628 759/828/629
f 759/828/630 758/827/630 760/829/630
f 696/763/631 759/828/631 761/830/631
f 762/831/632 759/828/632 760/829/632
f 763/832/633 696/763/633 761/830/634
f 764/833/635 761/830/635 762/831/635
f 700/767/636 763/832/636 765/834/637
f 765/834/638 764/833/638 766/835/638
f 702/769/639 765/834/639 767/836/639
f 767/836/640 766/835/640 768/837/640
f 704/771/641 767/836/641 769/774/642
f 770/838/643 767/836/643 768/837/643
f 707/773/644 770/838/644 772/777/644
f 771/839/645 768/837/645 833/840/645
f 773/841/646 770/838/646 771/839/646
f 710/778/647 773/841/647 775/842/647
f 774/843/648 771/839/648 836/844/648
f 776/845/649 773/841/649 774/843/649
f 777/846/650 710/778/650 775/842/650
f 777/846/651 776/845/651 778/847/652
f 779/848/653 712/779/653 777/846/654
f 779/848/655 778/847/655 780/849/656
f 781/850/657 714/781/657 779/848/657
f 781/850/658 780/849/658 782/851/658
f 783/852/659 716/783/659 781/850/659
f 783/852/660 782/851/660 784/853/660
f 785/854/661 718/785/662 783/852/661
f 785/854/663 784/853/663 786/855/663
f 722/789/664 785/854/664 787/856/664
f 788/857/665 785/854/665 786/855/665
f 724/791/666 787/856/666 789/858/666
f 790/859/667 787/856/667 788/857/667
f 726/793/668 789/858/668 791/860/668
f 791/860/669 790/859/669 792/861/669
f 793/862/670 726/793/670 791/860/670
f 793/862/671 792/861/671 794/863/671
f 795/864/672 728/795/672 793/862/672
f 796/865/673 793/862/673 794/863/673
f 732/799/674 795/864/674 797/866/674
f 798/867/675 795/864/675 796/865/675
f 799/868/676 732/802/676 797/869/676
f 799/868/677 798/870/677 800/871/677
f 736/805/678 799/868/678 801/872/678
f 801/872/679 800/871/679 802/873/679
f 738/807/680 801/872/680 803/874/680
f 804/875/681 801/872/681 802/873/681
f 805/876/682 738/807/682 803/874/682
f 806/877/683 803/874/683 804/875/683
f 807/878/684 740/809/684 805/876/684
f 807/878/685 806/877/685 808/879/685
f 809/880/686 742/811/686 807/878/686
f 809/880/687 808/879/687 810/881/687
f 746/815/688 809/880/688 811/882/689
f 812/883/690 809/880/690 810/881/690
f 748/817/691 811/882/691 813/884/691
f 814/885/692 811/882/692 812/883/692
f 750/819/693 813/884/693 815/886/693
f 816/887/694 813/884/694 814/885/694
f 752/821/695 815/886/695 817/888/695
f 818/889/696 815/886/696 816/887/697
f 754/823/698 817/888/698 819/890/698
f 820/891/699 817/888/699 818/889/700
f 821/892/701 754/823/701 819/890/701
f 821/892/702 820/891/702 822/893/702
f 758/827/703 821/892/703 823/894/703
f 823/894/704 822/893/704 824/895/704
f 760/829/705 823/894/705 825/896/705
f 826/897/706 823/894/707 824/895/706
f 762/831/708 825/896/708 827/898/708
f 828/899/709 825/896/709 826/897/709
f 764/833/710 827/898/710 829/900/710
f 829/900/711 828/899/711 830/901/711
f 831/902/712 764/833/712 829/900/712
f 832/903/713 829/900/713 830/901/713
f 833/840/714 766/835/714 831/902/715
f 833/840/716 832/903/716 834/904/716
f 771/839/717 834/904/717 836/844/717
f 834/904/718 897/905/718 835/906/718
f 837/907/719 834/904/719 835/906/719
f 839/908/720 836/844/720 837/907/720
f 838/909/721 835/906/721 900/910/721
f 839/908/722 838/909/722 840/911/723
f 776/845/724 839/908/724 841/912/724
f 842/913/725 839/908/725 840/911/726
f 843/914/727 776/845/727 841/912/727
f 843/914/728 842/913/728 844/915/728
f 780/849/729 843/914/729 845/916/729
f 846/917/730 843/914/730 844/915/730
f 782/851/731 845/916/731 847/918/732
f 847/918/733 846/917/733 848/919/733
f 849/920/734 782/851/734 847/918/734
f 850/921/735 847/918/735 848/919/735
f 851/922/736 784/853/736 849/920/736
f 851/922/737 850/921/738 852/923/739
f 788/857/740 851/922/740 853/924/740
f 853/924/741 852/923/742 854/925/742
f 855/926/743 788/857/743 853/924/743
f 855/926/744 854/925/744 856/927/745
f 857/928/746 790/859/746 855/926/747
f 858/929/748 855/926/749 856/927/748
f 794/863/750 857/928/750 859/930/750
f 859/930/751 858/929/751 860/931/751
f 861/932/752 794/863/752 859/930/752
f 862/933/753 859/930/753 860/931/753
f 863/934/754 796/865/754 861/932/754
f 863/934/755 862/933/755 864/935/755
f 800/871/756 863/936/756 865/937/756
f 866/938/757 863/936/757 864/939/757
f 802/873/758 865/937/758 867/940/758
f 867/940/759 866/938/759 868/941/759
f 869/942/760 802/873/760 867/940/760
f 870/943/761 867/940/761 868/941/761
f 806/877/762 869/942/762 871/944/763
f 871/944/764 870/943/765 872/945/765
f 808/879/766 871/944/766 873/946/766
f 874/947/767 871/944/767 872/945/767
f 875/948/768 808/879/768 873/946/768
f 876/949/769 873/946/770 874/947/769
f 812/883/771 875/948/771 877/950/771
f 877/950/772 876/949/773 878/951/773
f 814/885/774 877/950/774 879/952/775
f 879/952/776 878/951/776 880/953/776
f 881/954/777 814/885/777 879/952/778
f 882/955/779 879/952/779 880/953/779
f 883/956/780 816/887/780 881/954/780
f 883/956/781 882/955/781 884/957/781
f 885/958/782 818/889/782 883/956/782
f 886/959/783 883/956/783 884/957/784
f 887/960/785 820/891/785 885/958/785
f 888/961/786 885/958/786 886/959/787
f 824/895/788 887/960/788 889/962/788
f 890/963/789 887/960/789 888/961/790
f 891/964/791 824/895/791 889/962/791
f 891/964/792 890/963/792 892/965/792
f 893/966/793 826/897/793 891/964/793
f 894/967/794 891/964/794 892/965/794
f 830/901/795 893/966/795 895/968/795
f 895/968/796 894/967/797 896/969/797
f 897/905/798 830/901/798 895/968/798
f 898/970/799 895/968/800 896/969/799
f 835/906/801 898/970/801 900/910/801
f 899/971/802 896/969/803 910/972/802
f 900/910/804 899/971/805 901/973/805
f 902/974/806 900/910/807 901/973/806
f 903/975/808 902/974/808 901/973/808
f 903/976/809 901/973/809 899/971/809
f 903/977/810 904/978/810 922/979/810
f 903/980/811 921/981/811 904/978/811
f 903/982/812 932/983/812 905/984/812
f 903/985/813 905/984/813 906/986/813
f 903/987/814 906/986/814 907/988/814
f 903/989/815 907/988/815 908/990/815
f 903/991/816 908/990/816 909/992/816
f 903/993/817 909/992/817 902/974/817
f 903/994/818 899/971/818 910/972/818
f 903/995/819 910/972/819 911/996/819
f 903/997/820 911/996/820 912/998/820
f 903/999/821 912/998/821 913/1000/821
f 903/1001/822 913/1000/822 914/1002/822
f 903/1003/823 914/1002/823 915/1004/823
f 903/1005/824 915/1004/824 916/1006/824
f 903/1007/825 916/1006/825 917/1008/825
f 903/1009/826 917/1008/826 918/1010/826
f 903/1011/827 918/1010/827 919/1012/827
f 903/1013/828 919/1012/828 920/1014/828
f 903/1015/829 920/1014/829 921/981/829
f 903/1016/830 922/979/830 923/1017/830
f 903/1018/831 923/1017/831 924/1019/831
f 903/1020/832 924/1019/832 925/1021/832
f 903/1022/833 925/1023/833 926/1024/833
f 903/1025/834 926/1024/834 927/1026/834
f 903/1027/835 927/1026/835 928/1028/835
f 903/1029/836 928/1028/836 929/1030/836
f 903/1031/837 929/1030/837 930/1032/837
f 903/1033/838 930/1032/838 931/1034/838
f 903/1035/839 931/1034/839 932/983/839
f 932/983/840 848/919/840 905/984/840
f 852/923/841 932/983/842 931/1034/842
f 854/925/843 931/1034/843 930/1032/843
f 929/1030/844 854/925/844 930/1032/844
f 858/929/845 929/1030/845 928/1028/845
f 927/1026/846 858/929/847 928/1028/846
f 926/1024/848 860/931/849 927/1026/848
f 864/935/850 926/1024/851 925/1023/851
f 924/1019/852 864/939/852 925/1021/852
f 868/941/853 924/1019/854 923/1017/854
f 870/943/855 923/1017/856 922/979/857
f 904/978/858 870/943/859 922/979/859
f 874/947/860 904/978/861 921/981/861
f 876/949/862 921/981/863 920/1014/863
f 878/951/864 920/1014/864 919/1012/864
f 880/953/865 919/1012/865 918/1010/865
f 917/1008/866 880/953/866 918/1010/866
f 916/1006/867 882/955/868 917/1008/867
f 886/959/869 916/1006/870 915/1004/870
f 914/1002/871 886/959/872 915/1004/871
f 913/1000/873 888/961/873 914/1002/873
f 892/965/874 913/1000/875 912/998/875
f 911/996/876 892/965/877 912/998/876
f 896/969/878 911/996/879 910/972/879
f 840/911/880 902/974/880 909/992/880
f 842/913/881 909/992/881 908/990/881
f 907/988/882 842/913/883 908/990/882
f 846/917/884 907/988/885 906/986/885
f 848/919/886 906/986/886 905/984/886
f 933/1036/887 574/638/888 577/1037/889
f 934/640/890 933/1036/891 577/1037/890
f 487/555/892 935/1038/893 934/640/892
f 935/1038/894 936/1039/894 933/1036/894
f 937/1040/895 936/1041/895 935/1038/895
f 938/1042/896 487/555/897 490/560/897
f 938/1042/898 936/1043/898 937/1040/898
f 493/563/899 938/1042/899 490/560/900
f 939/1044/901 936/1045/901 938/1042/901
f 940/1046/902 493/563/903 496/566/903
f 940/1046/904 936/1047/904 939/1044/904
f 941/1048/905 496/566/905 499/1049/905
f 941/1048/906 936/1050/906 940/1046/906
f 502/568/907 941/1048/908 499/1049/909
f 942/1051/910 936/1052/910 941/1048/910
f 943/1053/911 502/568/912 505/1054/912
f 943/1053/913 936/1055/913 942/1051/913
f 944/1056/914 505/1054/915 508/573/915
f 944/1056/916 936/1057/916 943/1053/916
f 945/1058/917 508/573/917 511/576/917
f 945/1058/918 936/1059/918 944/1056/918
f 514/585/919 945/1060/920 511/580/919
f 946/1061/921 936/1062/921 945/1060/921
f 517/1063/922 946/1061/923 514/585/922
f 947/1064/924 936/1065/924 946/1061/924
f 520/587/925 947/1064/925 517/1063/925
f 948/1066/926 936/1067/926 947/1064/926
f 949/1068/927 520/587/928 523/1069/928
f 949/1068/929 936/1070/929 948/1066/929
f 526/592/930 949/1068/931 523/1069/930
f 950/1071/932 936/1072/932 949/1068/932
f 529/595/933 950/1071/934 526/592/933
f 951/1073/935 936/1074/935 950/1071/935
f 532/601/936 951/1073/937 529/595/936
f 952/1075/938 936/1076/938 951/1073/938
f 535/1077/939 952/1075/940 532/601/939
f 953/1078/941 936/1079/941 952/1075/941
f 954/1080/942 535/1077/942 538/603/942
f 954/1080/943 936/1081/943 953/1078/943
f 955/1082/944 538/603/945 541/1083/945
f 955/1082/946 936/1084/946 954/1080/946
f 544/608/947 955/1082/948 541/1083/949
f 956/1085/950 936/1086/950 955/1082/950
f 957/1087/951 544/608/951 547/611/951
f 957/1087/952 936/1088/952 956/1085/952
f 958/1089/953 547/611/954 550/614/954
f 958/1089/955 936/1090/955 957/1087/955
f 553/1091/956 958/1089/957 550/614/956
f 959/1092/958 936/1093/958 958/1089/958
f 960/1094/959 553/1091/960 556/619/960
f 960/1094/961 936/1095/961 959/1092/961
f 559/1096/962 960/1094/962 556/619/962
f 961/1097/963 936/1098/963 960/1094/963
f 962/1099/964 559/1096/964 562/624/964
f 962/1099/965 936/1100/965 961/1097/965
f 565/1101/966 962/1099/967 562/624/966
f 963/1102/968 936/1103/968 962/1099/968
f 964/1104/969 936/1105/969 963/1102/969
f 964/1104/970 565/1101/971 568/629/971
f 571/635/972 964/1104/973 568/629/972
f 965/1106/974 936/1107/974 964/1104/974
f 574/638/975 965/1106/975 571/635/975
f 966/1108/976 936/1109/976 965/1106/976
f 933/1036/977 936/1110/977 966/1108/977
f 976/1111/978 970/1112/978 1026/1113/978
f 969/1114/979 968/1115/979 967/1116/979
f 970/1117/980 969/1118/980 967/1119/980
f 971/1120/981 972/1121/981 970/1117/981
f 991/1122/982 997/1123/982 1007/1124/982
f 974/1125/983 971/1120/983 976/1126/983
f 977/1127/984 974/1125/984 976/1126/984
f 980/1128/985 977/1127/985 978/1129/985
f 981/1130/986 978/1129/986 979/1131/986
f 982/1132/987 979/1131/987 984/1133/987
f 985/1134/988 982/1132/988 984/1133/988
f 988/1135/989 985/1134/989 986/1136/989
f 987/1137/990 988/1135/991 986/1136/990
f 990/1138/992 987/1137/992 992/1139/992
f 991/1140/993 992/1139/994 993/1141/994
f 994/1142/995 991/1140/995 993/1141/995
f 997/1143/996 994/1142/996 995/1144/996
f 998/1145/997 995/1144/997 1000/1146/997
f 1001/1147/998 998/1145/998 1000/1146/998
f 1004/1148/999 1001/1147/999 1002/1149/999
f 1003/1150/1000 1004/1148/1000 1002/1149/1000
f 1006/1151/1001 1003/1150/1001 1008/1152/1001
f 1009/1153/1002 1006/1151/1002 1008/1152/1002
f 1012/1154/1003 1009/1153/1004 1010/1155/1004
f 1011/1156/1005 1012/1154/1006 1010/1155/1005
f 1016/1157/1007 1013/1158/1008 1011/1156/1007
f 1015/1159/1009 1016/1157/1010 1017/1160/1010
f 1020/1161/1011 1017/1160/1011 1018/1162/1011
f 1019/1163/1012 1020/1161/1013 1018/1162/1012
f 1022/1164/1014 1019/1163/1014 1024/1165/1014
f 1023/1166/1015 1024/1165/1016 1025/1167/1016
f 1028/1168/1017 1025/1167/1017 1026/1169/1017
f 1029/1170/1018 1026/1169/1018 1027/1171/1018
f 1030/1172/1019 1027/1171/1019 968/1115/1019
f 1066/1173/1020 1050/1174/1020 1034/1175/1020
f 1033/1176/1021 1032/1177/1022 1031/1178/1022
f 1034/1179/1023 1033/1180/1023 1031/1181/1023
f 1037/1182/1024 1034/1179/1024 1035/1183/1024
f 1093/1184/1025 1045/1185/1025 1061/1186/1025
f 1038/1187/1026 1035/1183/1026 1040/1188/1026
f 1041/1189/1027 1038/1187/1027 1040/1188/1027
f 1042/1190/1028 1039/1191/1028 1041/1189/1028
f 1043/1192/1029 1044/1193/1029 1042/1190/1029
f 1046/1194/1030 1043/1192/1030 1048/1195/1030
f 1047/1196/1031 1048/1195/1031 1049/1197/1031
f 1050/1198/1032 1047/1196/1032 1049/1197/1032
f 1053/1199/1033 1050/1198/1033 1051/1200/1033
f 1054/1201/1034 1051/1200/1034 1056/1202/1034
f 1057/1203/1035 1054/1201/1035 1056/1202/1035
f 1060/1204/1036 1057/1203/1036 1058/1205/1036
f 1061/1206/1037 1058/1205/1037 1059/1207/1037
f 1064/1208/1038 1061/1206/1038 1059/1207/1038
f 1065/1209/1039 1062/1210/1040 1064/1208/1039
f 1068/1211/1041 1065/1209/1041 1066/1212/1041
f 1067/1213/1042 1068/1211/1042 1066/1212/1042
f 1072/1214/1043 1069/1215/1043 1067/1213/1043
f 1071/1216/1044 1072/1214/1044 1073/1217/1044
f 1076/1218/1045 1073/1217/1045 1074/1219/1045
f 1075/1220/1046 1076/1218/1046 1074/1219/1046
f 1080/1221/1047 1077/1222/1047 1075/1220/1047
f 1079/1223/1048 1080/1221/1048 1081/1224/1048
f 1084/1225/1049 1081/1224/1049 1082/1226/1049
f 1085/1227/1050 1082/1226/1050 1083/1228/1050
f 1086/1229/1051 1083/1228/1051 1088/1230/1051
f 1087/1231/1052 1088/1230/1052 1089/1232/1052
f 1090/1233/1053 1087/1231/1054 1089/1232/1053
f 1091/1234/1055 1092/1235/1056 1090/1233/1055
f 1032/1177/1057 1093/1236/1058 1091/1234/1057
f 1095/1237/1059 1101/1237/1059 1099/1237/1059
f 1097/1237/1060 1096/1237/1060 1095/1237/1060
f 1098/1237/1061 1097/1237/1061 1095/1237/1061
f 1102/1237/1062 1095/1237/1062 1099/1237/1062
f 1102/1237/1063 1100/1237/1063 1104/1237/1063
f 1100/1237/1064 1101/1237/1064 1114/1237/1064
f 1103/1237/1065 1098/1237/1065 1102/1237/1065
f 1105/1237/1066 1102/1237/1066 1104/1237/1066
f 1107/1237/1067 1104/1237/1067 1106/1237/1067
f 1104/1237/1068 1109/1237/1068 1106/1237/1068
f 1107/1237/1069 1108/1237/1069 1149/1237/1069
f 1106/1237/1070 1110/1237/1070 1108/1237/1070
f 1110/1237/1071 1111/1237/1071 1112/1237/1071
f 1109/1237/1072 1114/1237/1072 1111/1237/1072
f 1112/1237/1073 1113/1237/1073 1161/1237/1073
f 1114/1237/1074 1113/1237/1074 1111/1237/1074
f 1101/1237/1075 1115/1237/1075 1114/1237/1076
f 1115/1237/1077 1164/1237/1077 1113/1237/1077
f 1115/1237/1078 1118/1237/1078 1116/1237/1078
f 1096/1237/1079 1117/1237/1079 1101/1237/1079
f 1117/1237/1080 1121/1237/1080 1118/1237/1080
f 1096/1237/1081 1120/1237/1081 1119/1237/1082
f 1119/1237/1083 1122/1237/1083 1121/1237/1083
f 1122/1237/1084 1123/1237/1084 1121/1237/1084
f 1118/1237/1085 1123/1237/1085 1126/1237/1085
f 1123/1237/1086 1670/1237/1086 1125/1237/1086
f 1126/1237/1087 1125/1237/1087 1128/1237/1088
f 1116/1237/1089 1126/1237/1089 1127/1237/1089
f 1127/1237/1090 1128/1237/1090 1129/1237/1090
f 1128/1237/1091 1131/1237/1091 1129/1237/1091
f 1125/1237/1092 1130/1237/1092 1128/1237/1092
f 1131/1237/1093 1132/1237/1093 1172/1237/1093
f 1130/1237/1094 1135/1237/1094 1132/1237/1094
f 1125/1237/1095 1134/1237/1095 1133/1237/1095
f 1134/1237/1096 1135/1237/1096 1133/1237/1096
f 1136/1237/1097 1137/1237/1097 1135/1237/1097
f 1135/1237/1098 1140/1237/1098 1132/1237/1098
f 1137/1237/1099 1668/1237/1099 1139/1237/1099
f 1137/1237/1100 1142/1237/1100 1140/1237/1100
f 1132/1237/1101 1141/1237/1101 1172/1237/1101
f 1140/1237/1102 1143/1237/1102 1141/1237/1102
f 1142/1237/1103 1105/1237/1103 1143/1237/1103
f 1139/1237/1104 1103/1237/1104 1142/1237/1104
f 1145/1237/1105 1143/1237/1105 1144/1237/1105
f 1144/1237/1106 1105/1237/1106 1107/1237/1106
f 1147/1237/1107 1144/1237/1107 1146/1237/1107
f 1144/1237/1108 1149/1237/1108 1146/1237/1108
f 1176/1237/1109 1146/1237/1109 1148/1237/1109
f 1148/1237/1110 1149/1237/1110 1150/1237/1110
f 1150/1237/1111 1108/1237/1111 1152/1237/1111
f 1148/1237/1112 1151/1237/1112 1179/1237/1112
f 1150/1237/1113 1153/1237/1113 1151/1237/1113
f 1153/1237/1114 1154/1237/1114 1155/1237/1114
f 1152/1237/1115 1110/1237/1115 1154/1237/1115
f 1154/1237/1116 1157/1237/1116 1155/1237/1116
f 1110/1237/1117 1156/1237/1117 1154/1237/1117
f 1157/1237/1118 1158/1237/1118 1159/1237/1118
f 1112/1237/1119 1158/1237/1119 1156/1237/1119
f 1159/1237/1120 1160/1237/1120 1195/1237/1120
f 1161/1237/1121 1160/1237/1121 1158/1237/1121
f 1161/1237/1122 1164/1237/1122 1162/1237/1122
f 1162/1237/1123 1198/1237/1123 1160/1237/1123
f 1164/1237/1124 1163/1237/1124 1162/1237/1124
f 1116/1237/1125 1165/1237/1125 1164/1237/1125
f 1163/1237/1126 1166/1237/1126 1167/1237/1126
f 1127/1237/1127 1166/1237/1127 1165/1237/1127
f 1166/1237/1128 1169/1237/1128 1167/1237/1128
f 1166/1237/1129 1131/1237/1129 1168/1237/1129
f 1169/1237/1130 1170/1237/1130 1171/1237/1130
f 1131/1237/1131 1170/1237/1131 1168/1237/1131
f 1170/1237/1132 1147/1237/1132 1171/1237/1132
f 1170/1237/1133 1141/1237/1133 1145/1237/1133
f 1174/1237/1134 1171/1237/1134 1173/1237/1134
f 1171/1237/1135 1176/1237/1135 1173/1237/1135
f 1201/1237/1136 1173/1237/1136 1175/1237/1136
f 1173/1237/1137 1177/1237/1137 1175/1237/1137
f 1176/1237/1138 1179/1237/1138 1177/1237/1138
f 1175/1237/1139 1178/1237/1139 1204/1237/1139
f 1178/1237/1140 1179/1237/1140 1180/1237/1140
f 1180/1237/1141 1151/1237/1141 1182/1237/1141
f 1178/1237/1142 1181/1237/1142 1207/1237/1142
f 1180/1237/1143 1183/1237/1143 1181/1237/1143
f 1183/1237/1144 1184/1237/1144 1185/1237/1144
f 1182/1237/1145 1153/1237/1145 1184/1237/1145
f 1184/1237/1146 1187/1237/1146 1185/1237/1146
f 1153/1237/1147 1186/1237/1147 1184/1237/1147
f 1187/1237/1148 1188/1237/1148 1189/1237/1148
f 1186/1237/1149 1157/1237/1149 1188/1237/1149
f 1188/1237/1150 1191/1237/1150 1189/1237/1150
f 1157/1237/1151 1190/1237/1151 1188/1237/1151
f 1191/1237/1152 1192/1237/1152 1193/1237/1152
f 1159/1237/1153 1192/1237/1153 1190/1237/1153
f 1193/1237/1154 1194/1237/1154 1227/1237/1154
f 1195/1237/1155 1194/1237/1155 1192/1237/1155
f 1195/1237/1156 1198/1237/1156 1196/1237/1156
f 1194/1237/1157 1197/1237/1157 1200/1237/1157
f 1196/1237/1158 1199/1237/1158 1197/1237/1158
f 1198/1237/1159 1167/1237/1159 1199/1237/1159
f 1199/1237/1160 1201/1237/1160 1197/1237/1160
f 1167/1237/1161 1174/1237/1161 1199/1237/1161
f 1197/1237/1162 1202/1237/1162 1200/1237/1162
f 1202/1237/1163 1175/1237/1163 1204/1237/1163
f 1200/1237/1164 1203/1237/1164 1228/1237/1165
f 1203/1237/1166 1204/1237/1166 1205/1237/1167
f 1205/1237/1168 1178/1237/1168 1207/1237/1168
f 1230/1237/1169 1205/1237/1169 1206/1237/1169
f 1205/1237/1170 1208/1237/1170 1206/1237/1170
f 1208/1237/1171 1181/1237/1171 1210/1237/1171
f 1206/1237/1172 1209/1237/1172 1233/1237/1172
f 1208/1237/1173 1211/1237/1173 1209/1237/1173
f 1210/1237/1174 1213/1237/1174 1211/1237/1174
f 1210/1237/1175 1183/1237/1175 1212/1237/1175
f 1213/1237/1176 1214/1237/1176 1215/1237/1176
f 1212/1237/1177 1185/1237/1177 1214/1237/1177
f 1214/1237/1178 1217/1237/1178 1215/1237/1178
f 1185/1237/1179 1216/1237/1179 1214/1237/1179
f 1217/1237/1180 1218/1237/1180 1219/1237/1180
f 1216/1237/1181 1189/1237/1181 1218/1237/1181
f 1218/1237/1182 1221/1237/1183 1219/1237/1183
f 1189/1237/1184 1220/1237/1185 1218/1237/1185
f 1221/1237/1186 1222/1237/1186 1223/1237/1186
f 1191/1237/1187 1222/1237/1187 1220/1237/1187
f 1223/1237/1188 1224/1237/1188 1225/1237/1188
f 1193/1237/1189 1224/1237/1189 1222/1237/1189
f 1225/1237/1190 1226/1237/1190 1229/1237/1190
f 1224/1237/1191 1228/1237/1191 1226/1237/1191
f 1194/1237/1192 1228/1237/1192 1227/1237/1193
f 1228/1237/1194 1230/1237/1194 1226/1237/1194
f 1229/1237/1195 1230/1237/1195 1231/1237/1195
f 1230/1237/1196 1233/1237/1196 1231/1237/1196
f 1254/1237/1197 1231/1237/1197 1232/1237/1197
f 1231/1237/1198 1234/1237/1198 1232/1237/1198
f 1234/1237/1199 1209/1237/1199 1236/1237/1199
f 1232/1237/1200 1235/1237/1200 1257/1237/1200
f 1234/1237/1201 1237/1237/1201 1235/1237/1201
f 1237/1237/1202 1238/1237/1202 1239/1237/1202
f 1209/1237/1203 1238/1237/1203 1236/1237/1203
f 1239/1237/1204 1240/1237/1204 1241/1237/1204
f 1211/1237/1205 1240/1237/1205 1238/1237/1205
f 1241/1237/1206 1242/1237/1206 1243/1237/1207
f 1213/1237/1208 1242/1237/1208 1240/1237/1208
f 1243/1237/1209 1244/1237/1209 1245/1237/1209
f 1242/1237/1210 1217/1237/1210 1244/1237/1210
f 1244/1237/1211 1247/1237/1211 1245/1237/1211
f 1217/1237/1212 1246/1237/1212 1244/1237/1212
f 1246/1237/1213 1249/1237/1213 1247/1237/1214
f 1246/1237/1215 1221/1237/1215 1248/1237/1215
f 1248/1237/1216 1251/1237/1216 1249/1237/1216
f 1248/1237/1217 1223/1237/1217 1250/1237/1217
f 1250/1237/1218 1253/1237/1218 1251/1237/1218
f 1250/1237/1219 1225/1237/1219 1252/1237/1219
f 1253/1237/1220 1254/1237/1220 1255/1237/1220
f 1225/1237/1221 1254/1237/1221 1252/1237/1222
f 1255/1237/1223 1232/1237/1223 1257/1237/1223
f 1253/1237/1224 1256/1237/1224 1278/1237/1225
f 1255/1237/1226 1258/1237/1226 1256/1237/1226
f 1258/1237/1227 1235/1237/1227 1260/1237/1227
f 1256/1237/1228 1259/1237/1228 1281/1237/1228
f 1259/1237/1229 1260/1237/1229 1261/1237/1229
f 1260/1237/1230 1263/1237/1230 1261/1237/1230
f 1260/1237/1231 1237/1237/1231 1262/1237/1231
f 1263/1237/1232 1264/1237/1232 1265/1237/1232
f 1262/1237/1233 1239/1237/1233 1264/1237/1233
f 1264/1237/1234 1267/1237/1234 1265/1237/1234
f 1239/1237/1235 1266/1237/1235 1264/1237/1235
f 1267/1237/1236 1268/1237/1236 1269/1237/1236
f 1241/1237/1237 1268/1237/1238 1266/1237/1238
f 1268/1237/1239 1271/1237/1239 1269/1237/1239
f 1243/1237/1240 1270/1237/1240 1268/1237/1240
f 1271/1237/1241 1272/1237/1241 1273/1237/1241
f 1270/1237/1242 1247/1237/1242 1272/1237/1242
f 1272/1237/1243 1275/1237/1243 1273/1237/1243
f 1272/1237/1244 1249/1237/1244 1274/1237/1244
f 1275/1237/1245 1276/1237/1245 1277/1237/1245
f 1274/1237/1246 1251/1237/1246 1276/1237/1246
f 1276/1237/1247 1279/1237/1247 1277/1237/1247
f 1251/1237/1248 1278/1237/1248 1276/1237/1248
f 1279/1237/1249 1256/1237/1249 1281/1237/1250
f 1277/1237/1251 1280/1237/1251 1302/1237/1251
f 1280/1237/1252 1281/1237/1252 1282/1237/1252
f 1282/1237/1253 1259/1237/1253 1284/1237/1253
f 1280/1237/1254 1283/1237/1254 1305/1237/1254
f 1282/1237/1255 1285/1237/1255 1283/1237/1255
f 1285/1237/1256 1286/1237/1256 1287/1237/1256
f 1259/1237/1257 1286/1237/1257 1284/1237/1257
f 1287/1237/1258 1288/1237/1258 1289/1237/1258
f 1261/1237/1259 1288/1237/1259 1286/1237/1259
f 1288/1237/1260 1291/1237/1260 1289/1237/1260
f 1288/1237/1261 1265/1237/1261 1290/1237/1261
f 1290/1237/1262 1293/1237/1262 1291/1237/1262
f 1290/1237/1263 1267/1237/1263 1292/1237/1263
f 1292/1237/1264 1295/1237/1264 1293/1237/1264
f 1292/1237/1265 1269/1237/1265 1294/1237/1265
f 1295/1237/1266 1296/1237/1266 1297/1237/1266
f 1269/1237/1267 1296/1237/1267 1294/1237/1267
f 1296/1237/1268 1299/1237/1268 1297/1237/1268
f 1296/1237/1269 1273/1237/1269 1298/1237/1269
f 1299/1237/1270 1300/1237/1270 1301/1237/1271
f 1273/1237/1272 1300/1237/1272 1298/1237/1273
f 1301/1237/1274 1302/1237/1274 1303/1237/1274
f 1275/1237/1275 1302/1237/1275 1300/1237/1275
f 1303/1237/1276 1280/1237/1276 1305/1237/1276
f 1301/1237/1277 1304/1237/1277 1326/1237/1277
f 1303/1237/1278 1306/1237/1278 1304/1237/1278
f 1305/1237/1279 1308/1237/1279 1306/1237/1279
f 1304/1237/1280 1307/1237/1280 1329/1237/1280
f 1307/1237/1281 1308/1237/1281 1309/1237/1281
f 1309/1237/1282 1310/1237/1282 1311/1237/1282
f 1308/1237/1283 1285/1237/1283 1310/1237/1284
f 1310/1237/1285 1313/1237/1285 1311/1237/1285
f 1285/1237/1286 1312/1237/1286 1310/1237/1287
f 1312/1237/1288 1315/1237/1288 1313/1237/1289
f 1312/1237/1290 1289/1237/1290 1314/1237/1290
f 1315/1237/1291 1316/1237/1291 1317/1237/1291
f 1314/1237/1292 1291/1237/1292 1316/1237/1292
f 1316/1237/1293 1319/1237/1293 1317/1237/1293
f 1316/1237/1294 1293/1237/1294 1318/1237/1294
f 1318/1237/1295 1321/1237/1295 1319/1237/1295
f 1318/1237/1296 1295/1237/1296 1320/1237/1296
f 1320/1237/1297 1323/1237/1297 1321/1237/1297
f 1295/1237/1298 1322/1237/1298 1320/1237/1298
f 1323/1237/1299 1324/1237/1299 1325/1237/1299
f 1322/1237/1300 1299/1237/1300 1324/1237/1300
f 1325/1237/1301 1326/1237/1301 1327/1237/1301
f 1299/1237/1302 1326/1237/1302 1324/1237/1302
f 1327/1237/1303 1304/1237/1303 1329/1237/1303
f 1350/1237/1304 1327/1237/1304 1328/1237/1304
f 1327/1237/1305 1330/1237/1305 1328/1237/1305
f 1329/1237/1306 1332/1237/1306 1330/1237/1306
f 1328/1237/1307 1331/1237/1307 1353/1237/1307
f 1331/1237/1308 1332/1237/1308 1333/1237/1308
f 1332/1237/1309 1335/1237/1309 1333/1237/1309
f 1332/1237/1310 1309/1237/1311 1334/1237/1311
f 1335/1237/1312 1336/1237/1312 1337/1237/1312
f 1309/1237/1313 1336/1237/1313 1334/1237/1313
f 1336/1237/1314 1339/1237/1314 1337/1237/1314
f 1336/1237/1315 1313/1237/1315 1338/1237/1315
f 1339/1237/1316 1340/1237/1316 1341/1237/1316
f 1313/1237/1317 1340/1237/1317 1338/1237/1317
f 1340/1237/1318 1343/1237/1318 1341/1237/1318
f 1340/1237/1319 1317/1237/1319 1342/1237/1319
f 1343/1237/1320 1344/1237/1320 1345/1237/1320
f 1342/1237/1321 1319/1237/1321 1344/1237/1321
f 1344/1237/1322 1347/1237/1322 1345/1237/1322
f 1319/1237/1323 1346/1237/1323 1344/1237/1323
f 1347/1237/1324 1348/1237/1324 1349/1237/1324
f 1346/1237/1325 1323/1237/1325 1348/1237/1325
f 1348/1237/1326 1351/1237/1326 1349/1237/1326
f 1323/1237/1327 1350/1237/1327 1348/1237/1327
f 1351/1237/1328 1328/1237/1328 1353/1237/1328
f 1349/1237/1329 1352/1237/1329 1374/1237/1329
f 1352/1237/1330 1353/1237/1330 1354/1237/1330
f 1353/1237/1331 1356/1237/1331 1354/1237/1331
f 1377/1237/1332 1354/1237/1332 1355/1237/1332
f 1354/1237/1333 1357/1237/1333 1355/1237/1333
f 1357/1237/1334 1358/1237/1334 1359/1237/1334
f 1356/1237/1335 1333/1237/1335 1358/1237/1335
f 1358/1237/1336 1361/1237/1336 1359/1237/1336
f 1333/1237/1337 1360/1237/1337 1358/1237/1338
f 1361/1237/1339 1362/1237/1339 1363/1237/1339
f 1360/1237/1340 1337/1237/1340 1362/1237/1340
f 1362/1237/1341 1365/1237/1341 1363/1237/1341
f 1337/1237/1342 1364/1237/1342 1362/1237/1342
f 1365/1237/1343 1366/1237/1343 1367/1237/1343
f 1364/1237/1344 1341/1237/1344 1366/1237/1344
f 1366/1237/1345 1369/1237/1345 1367/1237/1345
f 1341/1237/1346 1368/1237/1346 1366/1237/1346
f 1369/1237/1347 1370/1237/1347 1371/1237/1347
f 1368/1237/1348 1345/1237/1348 1370/1237/1348
f 1370/1237/1349 1373/1237/1349 1371/1237/1349
f 1345/1237/1350 1372/1237/1350 1370/1237/1350
f 1373/1237/1351 1374/1237/1351 1375/1237/1351
f 1372/1237/1352 1349/1237/1352 1374/1237/1352
f 1374/1237/1353 1377/1237/1353 1375/1237/1353
f 1373/1237/1354 1376/1237/1354 1398/1237/1354
f 1376/1237/1355 1377/1237/1355 1378/1237/1355
f 1378/1237/1356 1355/1237/1356 1380/1237/1356
f 1401/1237/1095 1378/1237/1095 1379/1237/1095
f 1379/1237/1086 1380/1237/1086 1381/1237/1086
f 1380/1237/1084 1383/1237/1084 1381/1237/1084
f 1355/1237/1357 1382/1237/1357 1380/1237/1357
f 1383/1237/1083 1384/1237/1083 1385/1237/1083
f 1382/1237/1358 1359/1237/1358 1384/1237/1358
f 1384/1237/1082 1387/1237/1082 1385/1237/1082
f 1384/1237/1359 1361/1237/1359 1386/1237/1360
f 1386/1237/1060 1389/1237/1060 1387/1237/1060
f 1386/1237/1361 1363/1237/1361 1388/1237/1361
f 1389/1237/1061 1390/1237/1061 1391/1237/1061
f 1363/1237/1362 1390/1237/1362 1388/1237/1362
f 1391/1237/1363 1392/1237/1363 1393/1237/1363
f 1390/1237/1364 1367/1237/1364 1392/1237/1364
f 1392/1237/1365 1395/1237/1365 1393/1237/1365
f 1367/1237/1366 1394/1237/1366 1392/1237/1366
f 1395/1237/1099 1396/1237/1099 1397/1237/1099
f 1394/1237/1367 1371/1237/1367 1396/1237/1367
f 1396/1237/1097 1399/1237/1097 1397/1237/1097
f 1371/1237/1368 1398/1237/1368 1396/1237/1368
f 1398/1237/1096 1401/1237/1096 1399/1237/1096
f 1422/1237/1098 1399/1237/1098 1400/1237/1098
f 1399/1237/1094 1402/1237/1094 1400/1237/1094
f 1402/1237/1092 1379/1237/1092 1404/1237/1092
f 1400/1237/1093 1403/1237/1093 1425/1237/1093
f 1403/1237/1091 1404/1237/1091 1405/1237/1091
f 1404/1237/1090 1407/1237/1090 1405/1237/1369
f 1379/1237/1087 1406/1237/1087 1404/1237/1087
f 1407/1237/1089 1408/1237/1089 1409/1237/1089
f 1381/1237/1085 1408/1237/1085 1406/1237/1085
f 1409/1237/1078 1410/1237/1078 1411/1237/1078
f 1408/1237/1080 1385/1237/1080 1410/1237/1080
f 1410/1237/1075 1413/1237/1075 1411/1237/1075
f 1385/1237/1370 1412/1237/1370 1410/1237/1079
f 1413/1237/1064 1414/1237/1064 1415/1237/1064
f 1412/1237/1059 1389/1237/1059 1414/1237/1059
f 1414/1237/1063 1417/1237/1063 1415/1237/1063
f 1389/1237/1062 1416/1237/1062 1414/1237/1062
f 1417/1237/1066 1418/1237/1066 1419/1237/1066
f 1416/1237/1065 1393/1237/1065 1418/1237/1065
f 1418/1237/1103 1421/1237/1103 1419/1237/1103
f 1393/1237/1104 1420/1237/1104 1418/1237/1104
f 1420/1237/1102 1423/1237/1102 1421/1237/1102
f 1420/1237/1100 1397/1237/1100 1422/1237/1100
f 1423/1237/1101 1400/1237/1101 1425/1237/1371
f 1421/1237/1105 1424/1237/1105 1446/1237/1105
f 1424/1237/1133 1425/1237/1133 1426/1237/1133
f 1425/1237/1131 1428/1237/1131 1426/1237/1131
f 1449/1237/1132 1426/1237/1132 1427/1237/1132
f 1426/1237/1130 1429/1237/1130 1427/1237/1130
f 1429/1237/1128 1430/1237/1128 1431/1237/1128
f 1428/1237/1129 1405/1237/1129 1430/1237/1129
f 1430/1237/1126 1433/1237/1126 1431/1237/1126
f 1405/1237/1127 1432/1237/1127 1430/1237/1127
f 1433/1237/1124 1434/1237/1124 1435/1237/1124
f 1432/1237/1125 1409/1237/1125 1434/1237/1125
f 1435/1237/1122 1436/1237/1122 1437/1237/1122
f 1409/1237/1077 1436/1237/1077 1434/1237/1077
f 1436/1237/1073 1439/1237/1073 1437/1237/1073
f 1436/1237/1074 1413/1237/1074 1438/1237/1074
f 1438/1237/1071 1441/1237/1071 1439/1237/1071
f 1438/1237/1072 1415/1237/1072 1440/1237/1072
f 1440/1237/1070 1443/1237/1070 1441/1237/1070
f 1415/1237/1068 1442/1237/1068 1440/1237/1068
f 1443/1237/1069 1444/1237/1069 1445/1237/1069
f 1417/1237/1067 1444/1237/1067 1442/1237/1067
f 1444/1237/1108 1447/1237/1108 1445/1237/1108
f 1444/1237/1106 1421/1237/1106 1446/1237/1106
f 1446/1237/1107 1449/1237/1107 1447/1237/1107
f 1470/1237/1110 1447/1237/1110 1448/1237/1110
f 1448/1237/1109 1449/1237/1109 1450/1237/1109
f 1449/1237/1135 1452/1237/1135 1450/1237/1135
f 1473/1237/1138 1450/1237/1138 1451/1237/1138
f 1450/1237/1137 1453/1237/1137 1451/1237/1137
f 1453/1237/1136 1454/1237/1136 1455/1237/1136
f 1452/1237/1134 1429/1237/1134 1454/1237/1134
f 1454/1237/1160 1457/1237/1160 1455/1237/1160
f 1429/1237/1161 1456/1237/1161 1454/1237/1161
f 1457/1237/1158 1458/1237/1158 1459/1237/1372
f 1456/1237/1159 1433/1237/1159 1458/1237/1373
f 1458/1237/1156 1461/1237/1156 1459/1237/1156
f 1433/1237/1123 1460/1237/1123 1458/1237/1123
f 1461/1237/1120 1462/1237/1120 1463/1237/1120
f 1435/1237/1121 1462/1237/1121 1460/1237/1121
f 1463/1237/1118 1464/1237/1118 1465/1237/1118
f 1437/1237/1119 1464/1237/1119 1462/1237/1119
f 1464/1237/1116 1467/1237/1116 1465/1237/1116
f 1464/1237/1117 1441/1237/1117 1466/1237/1117
f 1467/1237/1114 1468/1237/1114 1469/1237/1114
f 1441/1237/1115 1468/1237/1115 1466/1237/1115
f 1468/1237/1113 1471/1237/1113 1469/1237/1113
f 1468/1237/1111 1445/1237/1111 1470/1237/1111
f 1470/1237/1112 1473/1237/1112 1471/1237/1112
f 1494/1237/1145 1471/1237/1145 1472/1237/1145
f 1472/1237/1141 1473/1237/1141 1474/1237/1141
f 1474/1237/1140 1451/1237/1140 1476/1237/1140
f 1497/1237/1143 1474/1237/1143 1475/1237/1143
f 1475/1237/1142 1476/1237/1142 1477/1237/1142
f 1476/1237/1168 1479/1237/1168 1477/1237/1168
f 1451/1237/1139 1478/1237/1139 1476/1237/1139
f 1479/1237/1166 1480/1237/1166 1481/1237/1166
f 1478/1237/1163 1455/1237/1163 1480/1237/1163
f 1480/1237/1164 1483/1237/1164 1481/1237/1164
f 1455/1237/1162 1482/1237/1162 1480/1237/1162
f 1483/1237/1193 1484/1237/1193 1485/1237/1192
f 1482/1237/1157 1459/1237/1157 1484/1237/1157
f 1484/1237/1154 1487/1237/1154 1485/1237/1154
f 1459/1237/1155 1486/1237/1155 1484/1237/1155
f 1486/1237/1152 1489/1237/1152 1487/1237/1152
f 1461/1237/1153 1488/1237/1153 1486/1237/1153
f 1488/1237/1150 1491/1237/1150 1489/1237/1150
f 1463/1237/1151 1490/1237/1151 1488/1237/1374
f 1490/1237/1148 1493/1237/1148 1491/1237/1148
f 1465/1237/1149 1492/1237/1149 1490/1237/1149
f 1493/1237/1146 1494/1237/1146 1495/1237/1375
f 1492/1237/1147 1469/1237/1147 1494/1237/1147
f 1495/1237/1144 1472/1237/1144 1497/1237/1144
f 1493/1237/1179 1496/1237/1179 1518/1237/1179
f 1495/1237/1177 1498/1237/1177 1496/1237/1177
f 1498/1237/1175 1475/1237/1175 1500/1237/1175
f 1521/1237/1176 1498/1237/1176 1499/1237/1176
f 1498/1237/1174 1501/1237/1174 1499/1237/1174
f 1500/1237/1173 1503/1237/1173 1501/1237/1173
f 1500/1237/1171 1477/1237/1171 1502/1237/1171
f 1502/1237/1172 1505/1237/1172 1503/1237/1376
f 1477/1237/1170 1504/1237/1170 1502/1237/1170
f 1505/1237/1196 1506/1237/1196 1507/1237/1196
f 1504/1237/1169 1481/1237/1169 1506/1237/1169
f 1506/1237/1195 1509/1237/1195 1507/1237/1195
f 1481/1237/1194 1508/1237/1194 1506/1237/1194
f 1509/1237/1190 1510/1237/1190 1511/1237/1377
f 1508/1237/1378 1485/1237/1191 1510/1237/1378
f 1511/1237/1188 1512/1237/1188 1513/1237/1188
f 1485/1237/1189 1512/1237/1189 1510/1237/1189
f 1513/1237/1186 1514/1237/1186 1515/1237/1186
f 1487/1237/1187 1514/1237/1187 1512/1237/1187
f 1514/1237/1182 1517/1237/1182 1515/1237/1183
f 1514/1237/1185 1491/1237/1185 1516/1237/1185
f 1516/1237/1180 1519/1237/1180 1517/1237/1180
f 1516/1237/1181 1493/1237/1181 1518/1237/1181
f 1519/1237/1178 1496/1237/1178 1521/1237/1178
f 1517/1237/1212 1520/1237/1212 1542/1237/1212
f 1520/1237/1210 1521/1237/1210 1522/1237/1210
f 1522/1237/1208 1499/1237/1208 1524/1237/1208
f 1520/1237/1209 1523/1237/1209 1545/1237/1209
f 1522/1237/1206 1525/1237/1206 1523/1237/1206
f 1524/1237/1204 1527/1237/1204 1525/1237/1204
f 1499/1237/1205 1526/1237/1205 1524/1237/1205
f 1527/1237/1202 1528/1237/1202 1529/1237/1202
f 1526/1237/1203 1503/1237/1203 1528/1237/1203
f 1529/1237/1201 1530/1237/1201 1531/1237/1379
f 1528/1237/1199 1505/1237/1199 1530/1237/1199
f 1530/1237/1200 1533/1237/1200 1531/1237/1200
f 1505/1237/1198 1532/1237/1198 1530/1237/1198
f 1533/1237/1223 1534/1237/1223 1535/1237/1223
f 1532/1237/1197 1509/1237/1197 1534/1237/1197
f 1534/1237/1220 1537/1237/1220 1535/1237/1220
f 1509/1237/1221 1536/1237/1221 1534/1237/1221
f 1536/1237/1218 1539/1237/1218 1537/1237/1218
f 1511/1237/1219 1538/1237/1219 1536/1237/1219
f 1539/1237/1216 1540/1237/1216 1541/1237/1216
f 1538/1237/1217 1515/1237/1217 1540/1237/1217
f 1541/1237/1213 1542/1237/1213 1543/1237/1214
f 1515/1237/1380 1542/1237/1380 1540/1237/1380
f 1543/1237/1211 1520/1237/1211 1545/1237/1211
f 1541/1237/1244 1544/1237/1244 1566/1237/1244
f 1543/1237/1242 1546/1237/1242 1544/1237/1242
f 1546/1237/1240 1523/1237/1240 1548/1237/1240
f 1544/1237/1241 1547/1237/1241 1569/1237/1241
f 1547/1237/1239 1548/1237/1239 1549/1237/1239
f 1549/1237/1236 1550/1237/1236 1551/1237/1236
f 1548/1237/1238 1525/1237/1238 1550/1237/1238
f 1551/1237/1234 1552/1237/1234 1553/1237/1234
f 1525/1237/1235 1552/1237/1235 1550/1237/1235
f 1552/1237/1232 1555/1237/1232 1553/1237/1232
f 1527/1237/1233 1554/1237/1233 1552/1237/1233
f 1554/1237/1230 1557/1237/1230 1555/1237/1230
f 1529/1237/1381 1556/1237/1381 1554/1237/1381
f 1557/1237/1229 1558/1237/1229 1559/1237/1229
f 1556/1237/1227 1533/1237/1227 1558/1237/1227
f 1558/1237/1228 1561/1237/1228 1559/1237/1228
f 1533/1237/1226 1560/1237/1226 1558/1237/1226
f 1561/1237/1250 1562/1237/1250 1563/1237/1249
f 1560/1237/1224 1537/1237/1224 1562/1237/1225
f 1563/1237/1247 1564/1237/1247 1565/1237/1247
f 1562/1237/1248 1539/1237/1248 1564/1237/1248
f 1564/1237/1245 1567/1237/1245 1565/1237/1245
f 1564/1237/1246 1541/1237/1246 1566/1237/1246
f 1566/1237/1382 1569/1237/1382 1567/1237/1243
f 1565/1237/1275 1568/1237/1275 1590/1237/1275
f 1568/1237/1273 1569/1237/1273 1570/1237/1273
f 1570/1237/1269 1547/1237/1269 1572/1237/1269
f 1568/1237/1270 1571/1237/1270 1593/1237/1270
f 1571/1237/1268 1572/1237/1268 1573/1237/1268
f 1572/1237/1266 1575/1237/1266 1573/1237/1266
f 1547/1237/1267 1574/1237/1267 1572/1237/1267
f 1575/1237/1264 1576/1237/1264 1577/1237/1264
f 1549/1237/1265 1576/1237/1265 1574/1237/1265
f 1576/1237/1262 1579/1237/1262 1577/1237/1262
f 1576/1237/1263 1553/1237/1263 1578/1237/1263
f 1579/1237/1260 1580/1237/1260 1581/1237/1260
f 1578/1237/1261 1555/1237/1261 1580/1237/1261
f 1580/1237/1258 1583/1237/1258 1581/1237/1383
f 1580/1237/1259 1557/1237/1259 1582/1237/1259
f 1582/1237/1256 1585/1237/1256 1583/1237/1256
f 1557/1237/1257 1584/1237/1257 1582/1237/1257
f 1585/1237/1255 1586/1237/1255 1587/1237/1255
f 1584/1237/1253 1561/1237/1253 1586/1237/1253
f 1587/1237/1384 1588/1237/1384 1589/1237/1384
f 1561/1237/1252 1588/1237/1252 1586/1237/1252
f 1588/1237/1276 1591/1237/1276 1589/1237/1276
f 1563/1237/1251 1590/1237/1251 1588/1237/1251
f 1591/1237/1274 1568/1237/1274 1593/1237/1274
f 1614/1237/1278 1591/1237/1278 1592/1237/1278
f 1591/1237/1277 1594/1237/1277 1592/1237/1277
f 1594/1237/1302 1571/1237/1302 1596/1237/1385
f 1592/1237/1303 1595/1237/1303 1617/1237/1303
f 1595/1237/1386 1596/1237/1386 1597/1237/1301
f 1597/1237/1299 1598/1237/1299 1599/1237/1299
f 1571/1237/1300 1598/1237/1300 1596/1237/1300
f 1598/1237/1297 1601/1237/1297 1599/1237/1297
f 1598/1237/1298 1575/1237/1298 1600/1237/1298
f 1600/1237/1295 1603/1237/1295 1601/1237/1295
f 1575/1237/1296 1602/1237/1296 1600/1237/1387
f 1603/1237/1293 1604/1237/1293 1605/1237/1293
f 1602/1237/1294 1579/1237/1294 1604/1237/1294
f 1605/1237/1291 1606/1237/1291 1607/1237/1291
f 1579/1237/1292 1606/1237/1292 1604/1237/1292
f 1606/1237/1288 1609/1237/1288 1607/1237/1288
f 1581/1237/1290 1608/1237/1290 1606/1237/1290
f 1609/1237/1285 1610/1237/1285 1611/1237/1285
f 1583/1237/1286 1610/1237/1286 1608/1237/1286
f 1610/1237/1282 1613/1237/1282 1611/1237/1282
f 1610/1237/1283 1587/1237/1283 1612/1237/1283
f 1613/1237/1281 1614/1237/1281 1615/1237/1388
f 1612/1237/1389 1589/1237/1389 1614/1237/1389
f 1614/1237/1280 1617/1237/1280 1615/1237/1280
f 1638/1237/1311 1615/1237/1311 1616/1237/1311
f 1615/1237/1306 1618/1237/1306 1616/1237/1306
f 1617/1237/1305 1620/1237/1305 1618/1237/1305
f 1616/1237/1308 1619/1237/1308 1641/1237/1308
f 1618/1237/1307 1621/1237/1307 1619/1237/1307
f 1621/1237/1328 1622/1237/1328 1623/1237/1328
f 1595/1237/1304 1622/1237/1304 1620/1237/1304
f 1622/1237/1326 1625/1237/1326 1623/1237/1326
f 1622/1237/1327 1599/1237/1327 1624/1237/1327
f 1625/1237/1324 1626/1237/1324 1627/1237/1324
f 1599/1237/1325 1626/1237/1325 1624/1237/1325
f 1626/1237/1322 1629/1237/1322 1627/1237/1322
f 1626/1237/1323 1603/1237/1323 1628/1237/1323
f 1629/1237/1320 1630/1237/1320 1631/1237/1320
f 1628/1237/1321 1605/1237/1321 1630/1237/1321
f 1631/1237/1318 1632/1237/1318 1633/1237/1318
f 1630/1237/1319 1607/1237/1319 1632/1237/1319
f 1633/1237/1316 1634/1237/1316 1635/1237/1316
f 1607/1237/1317 1634/1237/1317 1632/1237/1317
f 1635/1237/1314 1636/1237/1314 1637/1237/1314
f 1634/1237/1315 1611/1237/1315 1636/1237/1315
f 1636/1237/1312 1639/1237/1312 1637/1237/1312
f 1611/1237/1313 1638/1237/1313 1636/1237/1313
f 1638/1237/1309 1641/1237/1309 1639/1237/1309
f 1662/1237/1340 1639/1237/1340 1640/1237/1340
f 1639/1237/1337 1642/1237/1337 1640/1237/1337
f 1641/1237/1335 1644/1237/1335 1642/1237/1335
f 1664/1237/1336 1642/1237/1336 1643/1237/1336
f 1642/1237/1334 1645/1237/1334 1643/1237/1334
f 1644/1237/1333 1647/1237/1333 1645/1237/1333
f 1619/1237/1331 1646/1237/1331 1644/1237/1331
f 1646/1237/1390 1649/1237/1390 1647/1237/1390
f 1646/1237/1330 1623/1237/1330 1648/1237/1330
f 1648/1237/1353 1651/1237/1353 1649/1237/1353
f 1623/1237/1329 1650/1237/1329 1648/1237/1329
f 1651/1237/1351 1652/1237/1351 1653/1237/1351
f 1650/1237/1352 1627/1237/1352 1652/1237/1352
f 1653/1237/1349 1654/1237/1349 1655/1237/1349
f 1627/1237/1350 1654/1237/1350 1652/1237/1350
f 1655/1237/1347 1656/1237/1347 1657/1237/1347
f 1654/1237/1348 1631/1237/1348 1656/1237/1348
f 1657/1237/1345 1658/1237/1345 1659/1237/1345
f 1656/1237/1346 1633/1237/1346 1658/1237/1346
f 1658/1237/1343 1661/1237/1343 1659/1237/1343
f 1658/1237/1344 1635/1237/1344 1660/1237/1344
f 1661/1237/1341 1662/1237/1341 1663/1237/1341
f 1635/1237/1342 1662/1237/1342 1660/1237/1342
f 1662/1237/1339 1664/1237/1339 1663/1237/1339
f 1666/1237/1362 1663/1237/1362 1097/1237/1362
f 1663/1237/1361 1665/1237/1361 1097/1237/1361
f 1665/1237/1359 1643/1237/1359 1120/1237/1359
f 1659/1237/1364 1666/1237/1364 1667/1237/1364
f 1667/1237/1363 1098/1237/1363 1669/1237/1363
f 1657/1237/1366 1667/1237/1366 1668/1237/1366
f 1668/1237/1365 1669/1237/1365 1139/1237/1365
f 1138/1237/1367 1657/1237/1367 1668/1237/1367
f 1653/1237/1368 1138/1237/1368 1136/1237/1368
f 1651/1237/1354 1136/1237/1354 1134/1237/1354
f 1670/1237/1355 1651/1237/1355 1134/1237/1355
f 1124/1237/1356 1649/1237/1356 1670/1237/1356
f 1645/1237/1357 1124/1237/1357 1122/1237/1357
f 1120/1237/1358 1645/1237/1358 1122/1237/1358
f 1671/1238/1391 1677/1239/1391 1675/1238/1391
f 1671/1238/1392 2241/1238/1392 1672/1240/1392
f 2242/1239/1393 1671/1238/1393 1674/1239/1393
f 1678/1240/1394 1671/1238/1394 1675/1238/1394
f 1678/1240/1395 1676/1238/1395 1680/1238/1395
f 1676/1238/1396 1677/1239/1396 1690/1240/1396
f 2245/1240/1397 1678/1240/1397 1679/1239/1397
f 1679/1239/1398 1680/1238/1398 1681/1238/1398
f 1683/1238/1399 1680/1238/1399 1682/1239/1400
f 1680/1238/1401 1685/1240/1401 1682/1239/1401
f 1683/1238/1402 1684/1240/1402 1725/1239/1402
f 1684/1240/1403 1685/1240/1403 1686/1239/1403
f 1685/1240/1404 1688/1240/1404 1686/1239/1404
f 1676/1238/1405 1687/1239/1405 1685/1240/1405
f 1688/1240/1406 1689/1240/1406 1737/1238/1406
f 1690/1240/1407 1689/1240/1407 1687/1239/1407
f 1690/1240/1408 1693/1238/1408 1691/1238/1408
f 1691/1238/1409 1740/1239/1409 1689/1240/1409
f 1693/1238/1410 1692/1240/1410 1691/1238/1410
f 1677/1239/1411 1695/1239/1411 1693/1238/1412
f 1693/1238/1413 1697/1238/1413 1694/1238/1413
f 1672/1240/1414 1696/1238/1414 1695/1239/1414
f 1696/1238/1415 1697/1238/1415 1695/1239/1415
f 1698/1240/1416 1699/1238/1416 1697/1238/1416
f 1694/1238/1417 1699/1238/1417 1702/1238/1417
f 1699/1238/1418 2246/1240/1418 1701/1240/1418
f 1699/1238/1419 1704/1239/1419 1702/1238/1420
f 1692/1240/1421 1702/1238/1421 1703/1238/1421
f 1702/1238/1422 1705/1239/1422 1703/1238/1423
f 1705/1239/1424 1706/1240/1424 1707/1238/1424
f 1704/1239/1425 1709/1240/1425 1706/1240/1425
f 1706/1240/1426 1748/1239/1426 1707/1238/1426
f 1709/1240/1427 1708/1238/1427 1706/1240/1427
f 1701/1240/1428 1710/1239/1428 1709/1240/1428
f 1710/1239/1429 1711/1239/1429 1709/1240/1429
f 1712/1240/1430 1713/1238/1430 1711/1239/1430
f 1708/1238/1431 1713/1238/1431 1716/1239/1432
f 1713/1238/1433 2244/1238/1433 1715/1239/1433
f 1713/1238/1434 1718/1240/1434 1716/1239/1434
f 1748/1239/1435 1716/1239/1435 1717/1240/1435
f 1716/1239/1436 1719/1239/1436 1717/1240/1436
f 1718/1240/1437 1681/1238/1437 1719/1239/1437
f 1715/1239/1438 1679/1239/1438 1718/1240/1438
f 1721/1238/1439 1719/1239/1439 1720/1240/1439
f 1720/1240/1440 1681/1238/1440 1683/1238/1440
f 1721/1238/1441 1722/1238/1441 1723/1239/1441
f 1720/1240/1442 1725/1239/1442 1722/1238/1442
f 1723/1239/1443 1724/1240/1443 1752/1238/1443
f 1724/1240/1444 1725/1239/1444 1726/1238/1444
f 1726/1238/1445 1684/1240/1445 1728/1240/1445
f 1724/1240/1446 1727/1240/1446 1755/1239/1446
f 1726/1238/1447 1729/1239/1447 1727/1240/1447
f 1729/1239/1448 1730/1239/1448 1731/1240/1448
f 1728/1240/1449 1686/1239/1449 1730/1239/1449
f 1730/1239/1450 1733/1239/1450 1731/1240/1450
f 1730/1239/1451 1688/1240/1451 1732/1238/1451
f 1733/1239/1452 1734/1239/1452 1735/1240/1452
f 1732/1238/1453 1737/1238/1453 1734/1239/1454
f 1735/1240/1455 1736/1240/1455 1771/1239/1455
f 1737/1238/1456 1736/1240/1456 1734/1239/1456
f 1737/1238/1457 1740/1239/1457 1738/1239/1457
f 1736/1240/1458 1739/1240/1458 1774/1239/1458
f 1740/1239/1459 1739/1240/1459 1738/1239/1459
f 1692/1240/1460 1741/1238/1460 1740/1239/1460
f 1741/1238/1461 1743/1238/1461 1739/1240/1462
f 1703/1238/1463 1742/1240/1463 1741/1238/1463
f 1743/1238/1464 1744/1238/1464 1745/1239/1464
f 1742/1240/1465 1707/1238/1465 1744/1238/1465
f 1744/1238/1466 1747/1240/1466 1745/1239/1466
f 1707/1238/1467 1746/1238/1467 1744/1238/1467
f 1747/1240/1468 1721/1238/1468 1723/1239/1468
f 1746/1238/1469 1717/1240/1469 1721/1238/1469
f 1750/1240/1470 1747/1240/1470 1749/1239/1470
f 1749/1239/1471 1723/1239/1471 1752/1238/1471
f 1777/1238/1472 1749/1239/1472 1751/1238/1472
f 1751/1238/1473 1752/1238/1473 1753/1238/1473
f 1753/1238/1474 1724/1240/1474 1755/1239/1474
f 1780/1239/1475 1753/1238/1475 1754/1240/1475
f 1753/1238/1476 1756/1239/1476 1754/1240/1476
f 1755/1239/1477 1758/1240/1477 1756/1239/1477
f 1783/1239/1478 1756/1239/1478 1757/1240/1478
f 1756/1239/1479 1759/1239/1479 1757/1240/1479
f 1759/1239/1480 1760/1239/1480 1761/1238/1480
f 1758/1240/1481 1729/1239/1481 1760/1239/1481
f 1760/1239/1482 1763/1238/1482 1761/1238/1482
f 1729/1239/1483 1762/1240/1483 1760/1239/1483
f 1763/1238/1484 1764/1240/1484 1765/1238/1484
f 1731/1240/1485 1764/1240/1485 1762/1240/1485
f 1764/1240/1486 1767/1238/1486 1765/1238/1486
f 1733/1239/1487 1766/1239/1487 1764/1240/1487
f 1766/1239/1488 1769/1239/1488 1767/1238/1488
f 1766/1239/1489 1771/1239/1489 1768/1240/1489
f 1768/1240/1490 1803/1240/1490 1769/1239/1490
f 1768/1240/1491 1772/1238/1491 1770/1239/1491
f 1736/1240/1492 1772/1238/1492 1771/1239/1492
f 1772/1238/1493 1776/1238/1493 1770/1239/1493
f 1774/1239/1494 1773/1240/1494 1772/1238/1495
f 1739/1240/1496 1775/1239/1496 1774/1239/1497
f 1775/1239/1498 1777/1238/1498 1773/1240/1498
f 1743/1238/1499 1750/1240/1499 1775/1239/1499
f 1776/1238/1500 1777/1238/1500 1778/1238/1500
f 1777/1238/1501 1780/1239/1501 1778/1238/1501
f 1804/1239/1502 1778/1238/1502 1779/1240/1502
f 1778/1238/1503 1781/1240/1503 1779/1240/1503
f 1781/1240/1504 1754/1240/1504 1783/1239/1504
f 1779/1240/1505 1782/1239/1505 1806/1239/1505
f 1781/1240/1506 1784/1240/1506 1782/1239/1506
f 1784/1240/1507 1757/1240/1507 1786/1239/1507
f 1782/1239/1508 1785/1239/1508 1809/1240/1508
f 1784/1240/1509 1787/1238/1509 1785/1239/1509
f 1786/1239/1510 1789/1240/1510 1787/1238/1510
f 1757/1240/1511 1788/1238/1511 1786/1239/1511
f 1789/1240/1512 1790/1240/1512 1791/1238/1512
f 1788/1238/1513 1761/1238/1513 1790/1240/1513
f 1791/1238/1514 1792/1239/1514 1793/1239/1514
f 1761/1238/1515 1792/1239/1515 1790/1240/1515
f 1793/1239/1516 1794/1240/1516 1795/1239/1516
f 1792/1239/1517 1765/1238/1517 1794/1240/1517
f 1794/1240/1518 1797/1240/1518 1795/1239/1518
f 1765/1238/1519 1796/1240/1519 1794/1240/1519
f 1797/1240/1520 1798/1238/1520 1799/1238/1520
f 1796/1240/1521 1769/1239/1521 1798/1238/1521
f 1798/1238/1522 1801/1240/1522 1799/1238/1522
f 1769/1239/1523 1800/1239/1523 1798/1238/1523
f 1801/1240/1524 1802/1240/1524 1805/1239/1524
f 1800/1239/1525 1804/1239/1525 1802/1240/1525
f 1770/1239/1526 1804/1239/1526 1803/1240/1526
f 1804/1239/1527 1806/1239/1527 1802/1240/1527
f 1805/1239/1528 1806/1239/1528 1807/1238/1528
f 1806/1239/1529 1809/1240/1529 1807/1238/1529
f 1830/1238/1530 1807/1238/1530 1808/1240/1530
f 1807/1238/1531 1810/1239/1531 1808/1240/1531
f 1809/1240/1532 1812/1238/1532 1810/1239/1532
f 1808/1240/1533 1811/1240/1533 1833/1238/1533
f 1811/1240/1238 1812/1238/1238 1813/1238/1238
f 1812/1238/1534 1815/1239/1534 1813/1238/1534
f 1812/1238/1535 1787/1238/1535 1814/1240/1535
f 1814/1240/1536 1817/1239/1536 1815/1239/1536
f 1787/1238/1537 1816/1239/1537 1814/1240/1537
f 1817/1239/1213 1818/1238/1213 1819/1238/1538
f 1816/1239/1539 1791/1238/1539 1818/1238/1539
f 1818/1238/1540 1821/1240/1540 1819/1238/1540
f 1791/1238/1541 1820/1240/1541 1818/1238/1541
f 1821/1240/1542 1822/1238/1542 1823/1239/1542
f 1820/1240/1543 1795/1239/1543 1822/1238/1543
f 1822/1238/1224 1825/1240/1224 1823/1239/1224
f 1795/1239/1544 1824/1239/1544 1822/1238/1545
f 1825/1240/1546 1826/1238/1546 1827/1239/1546
f 1824/1239/1547 1799/1238/1547 1826/1238/1547
f 1827/1239/1548 1828/1239/1548 1829/1240/1548
f 1799/1238/1549 1828/1239/1549 1826/1238/1549
f 1828/1239/1201 1831/1238/1379 1829/1240/1201
f 1828/1239/1550 1805/1239/1550 1830/1238/1551
f 1831/1238/1552 1808/1240/1552 1833/1238/1552
f 1829/1240/1381 1832/1238/1381 1854/1239/1553
f 1832/1238/1554 1833/1238/1554 1834/1239/1554
f 1833/1238/1555 1836/1240/1555 1834/1239/1555
f 1857/1238/1556 1834/1239/1556 1835/1240/1556
f 1834/1239/1557 1837/1239/1557 1835/1240/1557
f 1836/1240/1558 1839/1240/1558 1837/1239/1558
f 1836/1240/1206 1813/1238/1206 1838/1239/1206
f 1838/1239/1559 1841/1238/1559 1839/1240/1559
f 1838/1239/1560 1815/1239/1560 1840/1240/1560
f 1840/1240/1561 1843/1239/1561 1841/1238/1561
f 1815/1239/1562 1842/1240/1562 1840/1240/1562
f 1843/1239/1563 1844/1238/1563 1845/1240/1563
f 1842/1240/1244 1819/1238/1244 1844/1238/1244
f 1844/1238/1564 1847/1238/1564 1845/1240/1564
f 1819/1238/1565 1846/1239/1565 1844/1238/1565
f 1847/1238/1566 1848/1240/1566 1849/1238/1566
f 1821/1240/1567 1848/1240/1567 1846/1239/1567
f 1849/1238/1568 1850/1239/1568 1851/1240/1569
f 1848/1240/1220 1825/1240/1220 1850/1239/1220
f 1851/1240/1570 1852/1240/1570 1853/1239/1570
f 1825/1240/1571 1852/1240/1571 1850/1239/1571
f 1853/1239/1572 1854/1239/1572 1855/1238/1572
f 1827/1239/1573 1854/1239/1573 1852/1240/1573
f 1855/1238/1574 1832/1238/1575 1857/1238/1575
f 1853/1239/1576 1856/1240/1576 1878/1238/1576
f 1856/1240/1577 1857/1238/1577 1858/1239/1577
f 1857/1238/1578 1860/1239/1578 1858/1239/1578
f 1881/1240/1579 1858/1239/1579 1859/1240/1579
f 1858/1239/1580 1861/1238/1580 1859/1240/1580
f 1861/1238/1581 1862/1240/1581 1863/1238/1581
f 1860/1239/1582 1837/1239/1582 1862/1240/1582
f 1862/1240/1583 1865/1239/1583 1863/1238/1583
f 1837/1239/1584 1864/1240/1584 1862/1240/1584
f 1864/1240/1585 1867/1239/1585 1865/1239/1585
f 1864/1240/1586 1841/1238/1586 1866/1239/1586
f 1866/1239/1587 1869/1240/1587 1867/1239/1587
f 1841/1238/1588 1868/1240/1588 1866/1239/1588
f 1869/1240/1589 1870/1239/1589 1871/1238/1589
f 1868/1240/1590 1845/1240/1590 1870/1239/1590
f 1870/1239/1591 1873/1238/1591 1871/1238/1591
f 1845/1240/1592 1872/1240/1592 1870/1239/1592
f 1873/1238/1593 1874/1239/1593 1875/1239/1593
f 1872/1240/1594 1849/1238/1594 1874/1239/1594
f 1874/1239/1595 1877/1240/1595 1875/1239/1595
f 1849/1238/1596 1876/1238/1596 1874/1239/1596
f 1877/1240/1597 1878/1238/1597 1879/1239/1597
f 1851/1240/1598 1878/1238/1598 1876/1238/1598
f 1879/1239/1599 1856/1240/1599 1881/1240/1599
f 1877/1240/1600 1880/1240/1600 1902/1238/1600
f 1879/1239/1601 1882/1239/1601 1880/1240/1601
f 1882/1239/1602 1859/1240/1602 1884/1238/1602
f 1905/1238/1603 1882/1239/1603 1883/1238/1603
f 1883/1238/1604 1884/1238/1604 1885/1238/1604
f 1884/1238/1605 1887/1238/1605 1885/1238/1605
f 1859/1240/1606 1886/1238/1606 1884/1238/1606
f 1887/1238/1607 1888/1238/1607 1889/1240/1607
f 1886/1238/1608 1863/1238/1608 1888/1238/1608
f 1888/1238/1609 1891/1240/1609 1889/1240/1609
f 1863/1238/1610 1890/1239/1610 1888/1238/1610
f 1890/1239/1611 1893/1239/1611 1891/1240/1611
f 1890/1239/1612 1867/1239/1612 1892/1240/1612
f 1893/1239/1613 1894/1239/1613 1895/1239/1613
f 1867/1239/1614 1894/1239/1614 1892/1240/1614
f 1894/1239/1615 1897/1238/1615 1895/1239/1615
f 1869/1240/1616 1896/1238/1616 1894/1239/1616
f 1896/1238/1617 1899/1240/1617 1897/1238/1617
f 1871/1238/1618 1898/1239/1618 1896/1238/1618
f 1899/1240/1619 1900/1240/1619 1901/1238/1619
f 1898/1239/1620 1875/1239/1620 1900/1240/1620
f 1901/1238/1621 1902/1238/1621 1903/1239/1621
f 1900/1240/1622 1877/1240/1622 1902/1238/1622
f 1902/1238/1623 1905/1238/1623 1903/1239/1623
f 1926/1240/1624 1903/1239/1624 1904/1238/1624
f 1903/1239/1625 1906/1238/1625 1904/1238/1625
f 1905/1238/1626 1908/1239/1626 1906/1238/1626
f 1904/1238/1627 1907/1238/1627 1929/1238/1627
f 1906/1238/1628 1909/1240/1628 1907/1238/1628
f 1909/1240/1629 1910/1238/1629 1911/1240/1629
f 1883/1238/1630 1910/1238/1630 1908/1239/1630
f 1910/1238/1631 1913/1239/1631 1911/1240/1631
f 1885/1238/1632 1912/1240/1632 1910/1238/1632
f 1913/1239/1633 1914/1239/1633 1915/1239/1633
f 1912/1240/1634 1889/1240/1634 1914/1239/1634
f 1914/1239/1635 1917/1240/1635 1915/1239/1635
f 1914/1239/1636 1891/1240/1636 1916/1239/1636
f 1917/1240/1637 1918/1238/1637 1919/1240/1637
f 1916/1239/1638 1893/1239/1638 1918/1238/1638
f 1919/1240/1639 1920/1240/1639 1921/1239/1639
f 1918/1238/1640 1895/1239/1640 1920/1240/1640
f 1921/1239/1641 1922/1238/1641 1923/1240/1641
f 1895/1239/1642 1922/1238/1642 1920/1240/1642
f 1923/1240/1643 1924/1238/1643 1925/1238/1643
f 1897/1238/1644 1924/1238/1644 1922/1238/1644
f 1924/1238/1645 1927/1239/1645 1925/1238/1645
f 1924/1238/1646 1901/1238/1646 1926/1240/1646
f 1927/1239/1647 1904/1238/1647 1929/1238/1647
f 1950/1238/1648 1927/1239/1648 1928/1240/1648
f 1927/1239/1649 1930/1239/1649 1928/1240/1649
f 1929/1238/1650 1932/1238/1650 1930/1239/1650
f 1928/1240/1651 1931/1238/1651 1953/1240/1651
f 1931/1238/1652 1932/1238/1652 1933/1238/1652
f 1933/1238/1653 1934/1240/1653 1935/1238/1653
f 1907/1238/1654 1934/1240/1654 1932/1238/1654
f 1934/1240/1655 1937/1238/1655 1935/1238/1656
f 1934/1240/1657 1911/1240/1657 1936/1239/1657
f 1936/1239/1658 1939/1239/1658 1937/1238/1658
f 1911/1240/1659 1938/1240/1659 1936/1239/1659
f 1939/1239/1660 1940/1240/1660 1941/1240/1660
f 1938/1240/1661 1915/1239/1661 1940/1240/1661
f 1941/1240/1662 1942/1238/1662 1943/1238/1662
f 1915/1239/1663 1942/1238/1663 1940/1240/1663
f 1942/1238/1664 1945/1240/1664 1943/1238/1664
f 1942/1238/1665 1919/1240/1665 1944/1239/1665
f 1944/1239/1666 1947/1239/1666 1945/1240/1666
f 1944/1239/1667 1921/1239/1667 1946/1240/1667
f 1947/1239/1668 1948/1239/1668 1949/1238/1668
f 1946/1240/1669 1923/1240/1669 1948/1239/1669
f 1948/1239/1670 1951/1239/1670 1949/1238/1670
f 1923/1240/1671 1950/1238/1671 1948/1239/1671
f 1951/1239/1672 1928/1240/1672 1953/1240/1672
f 1949/1238/1673 1952/1240/1673 1974/1238/1673
f 1952/1240/1674 1953/1240/1674 1954/1239/1674
f 1953/1240/1675 1956/1240/1675 1954/1239/1675
f 1977/1239/1428 1954/1239/1428 1955/1238/1428
f 1954/1239/1418 1957/1239/1418 1955/1238/1418
f 1957/1239/1416 1958/1238/1416 1959/1240/1416
f 1931/1238/1676 1958/1238/1676 1956/1240/1676
f 1959/1240/1415 1960/1239/1415 1961/1239/1415
f 1958/1238/1677 1935/1238/1677 1960/1239/1677
f 1960/1239/1678 1963/1240/1678 1961/1239/1678
f 1935/1238/1679 1962/1238/1679 1960/1239/1680
f 1962/1238/1392 1965/1239/1392 1963/1240/1392
f 1937/1238/1681 1964/1238/1681 1962/1238/1681
f 1965/1239/1393 1966/1238/1393 1967/1238/1393
f 1964/1238/1682 1941/1240/1682 1966/1238/1682
f 1967/1238/1683 1968/1239/1683 1969/1238/1683
f 1966/1238/1684 1943/1238/1684 1968/1239/1685
f 1968/1239/1686 1971/1240/1686 1969/1238/1686
f 1943/1238/1687 1970/1238/1687 1968/1239/1687
f 1971/1240/1433 1972/1238/1433 1973/1238/1433
f 1970/1238/1688 1947/1239/1688 1972/1238/1688
f 1973/1238/1689 1974/1238/1430 1975/1238/1689
f 1972/1238/1690 1949/1238/1690 1974/1238/1690
f 1974/1238/1429 1977/1239/1429 1975/1238/1429
f 1998/1238/1431 1975/1238/1431 1976/1240/1431
f 1976/1240/1427 1977/1239/1427 1978/1239/1427
f 1977/1239/1425 1980/1240/1425 1978/1239/1425
f 2001/1239/1426 1978/1239/1426 1979/1238/1426
f 1978/1239/1424 1981/1239/1424 1979/1238/1424
f 1981/1239/1422 1982/1240/1422 1983/1238/1423
f 1955/1238/1419 1982/1240/1419 1980/1240/1691
f 1983/1238/1421 1984/1239/1421 1985/1238/1421
f 1957/1239/1417 1984/1239/1417 1982/1240/1417
f 1985/1238/1410 1986/1238/1410 1987/1240/1410
f 1959/1240/1413 1986/1238/1413 1984/1239/1413
f 1986/1238/1408 1989/1238/1408 1987/1240/1692
f 1961/1239/1412 1988/1239/1412 1986/1238/1412
f 1988/1239/1396 1991/1238/1396 1989/1238/1396
f 1988/1239/1391 1965/1239/1391 1990/1240/1391
f 1991/1238/1395 1992/1239/1395 1993/1240/1395
f 1965/1239/1394 1992/1239/1394 1990/1240/1394
f 1993/1240/1398 1994/1240/1398 1995/1238/1398
f 1992/1239/1397 1969/1238/1397 1994/1240/1397
f 1994/1240/1437 1997/1238/1437 1995/1238/1437
f 1994/1240/1438 1971/1240/1438 1996/1239/1438
f 1996/1239/1436 1999/1238/1436 1997/1238/1436
f 1971/1240/1434 1998/1238/1434 1996/1239/1434
f 1999/1238/1435 1976/1240/1435 2001/1239/1435
f 1997/1238/1439 2000/1239/1439 2022/1238/1439
f 2000/1239/1469 2001/1239/1469 2002/1240/1469
f 2001/1239/1467 2004/1240/1467 2002/1240/1467
f 2025/1238/1468 2002/1240/1468 2003/1238/1468
f 2002/1240/1466 2005/1238/1466 2003/1238/1466
f 2005/1238/1464 2006/1238/1464 2007/1239/1464
f 2004/1240/1465 1981/1239/1465 2006/1238/1465
f 2006/1238/1461 2009/1240/1461 2007/1239/1461
f 1981/1239/1463 2008/1239/1463 2006/1238/1463
f 2009/1240/1459 2010/1238/1459 2011/1240/1459
f 1983/1238/1460 2010/1238/1460 2008/1239/1460
f 2011/1240/1457 2012/1238/1457 2013/1238/1457
f 1985/1238/1409 2012/1238/1409 2010/1238/1409
f 2013/1238/1406 2014/1238/1406 2015/1238/1406
f 2012/1238/1407 1989/1238/1407 2014/1238/1407
f 2014/1238/1404 2017/1239/1404 2015/1238/1404
f 1989/1238/1405 2016/1238/1405 2014/1238/1405
f 2017/1239/1403 2018/1238/1403 2019/1239/1403
f 2016/1238/1401 1993/1240/1401 2018/1238/1401
f 2018/1238/1402 2021/1240/1402 2019/1239/1402
f 1993/1240/1399 2020/1238/1399 2018/1238/1399
f 2020/1238/1442 2023/1238/1442 2021/1240/1442
f 2020/1238/1440 1997/1238/1440 2022/1238/1440
f 2022/1238/1441 2025/1238/1441 2023/1238/1441
f 2046/1239/1444 2023/1238/1444 2024/1239/1444
f 2024/1239/1443 2025/1238/1443 2026/1240/1443
f 2026/1240/1471 2003/1238/1471 2028/1238/1471
f 2024/1239/1474 2027/1239/1474 2049/1240/1474
f 2026/1240/1473 2029/1239/1473 2027/1239/1473
f 2029/1239/1472 2030/1239/1472 2031/1240/1472
f 2028/1238/1470 2005/1238/1470 2030/1239/1470
f 2030/1239/1498 2033/1239/1498 2031/1240/1498
f 2005/1238/1499 2032/1240/1499 2030/1239/1499
f 2032/1240/1494 2035/1240/1494 2033/1239/1494
f 2007/1239/1496 2034/1238/1496 2032/1240/1496
f 2035/1240/1492 2036/1239/1492 2037/1240/1492
f 2009/1240/1458 2036/1239/1458 2034/1238/1458
f 2037/1240/1455 2038/1240/1455 2039/1239/1455
f 2011/1240/1456 2038/1240/1456 2036/1239/1456
f 2039/1239/1452 2040/1239/1452 2041/1240/1452
f 2013/1238/1454 2040/1239/1454 2038/1240/1454
f 2041/1240/1450 2042/1240/1450 2043/1239/1450
f 2040/1239/1451 2017/1239/1451 2042/1240/1451
f 2042/1240/1448 2045/1238/1448 2043/1239/1448
f 2017/1239/1449 2044/1240/1449 2042/1240/1449
f 2044/1240/1447 2047/1240/1447 2045/1238/1447
f 2044/1240/1445 2021/1240/1445 2046/1239/1445
f 2046/1239/1446 2049/1240/1446 2047/1240/1446
f 2070/1240/1481 2047/1240/1481 2048/1239/1481
f 2048/1239/1477 2049/1240/1477 2050/1238/1477
f 2049/1240/1476 2052/1240/1476 2050/1238/1476
f 2073/1240/1479 2050/1238/1479 2051/1238/1479
f 2051/1238/1478 2052/1240/1478 2053/1239/1478
f 2052/1240/1504 2055/1240/1504 2053/1239/1504
f 2027/1239/1475 2054/1239/1475 2052/1240/1475
f 2055/1240/1503 2056/1238/1503 2057/1239/1503
f 2054/1239/1501 2031/1240/1501 2056/1238/1501
f 2056/1238/1502 2059/1239/1502 2057/1239/1502
f 2031/1240/1500 2058/1240/1500 2056/1238/1500
f 2059/1239/1526 2060/1239/1526 2061/1238/1526
f 2058/1240/1493 2035/1240/1493 2060/1239/1493
f 2060/1239/1490 2063/1240/1490 2061/1238/1490
f 2060/1239/1491 2037/1240/1491 2062/1238/1491
f 2062/1238/1488 2065/1240/1488 2063/1240/1488
f 2037/1240/1489 2064/1239/1489 2062/1238/1489
f 2064/1239/1486 2067/1239/1486 2065/1240/1486
f 2039/1239/1487 2066/1238/1487 2064/1239/1693
f 2066/1238/1484 2069/1240/1484 2067/1239/1484
f 2041/1240/1485 2068/1240/1485 2066/1238/1485
f 2068/1240/1482 2071/1239/1482 2069/1240/1482
f 2068/1240/1483 2045/1238/1483 2070/1240/1483
f 2071/1239/1480 2048/1239/1480 2073/1240/1480
f 2069/1240/1515 2072/1240/1515 2094/1239/1515
f 2072/1240/1513 2073/1240/1513 2074/1238/1513
f 2073/1240/1511 2076/1239/1511 2074/1238/1511
f 2097/1239/1512 2074/1238/1512 2075/1240/1512
f 2075/1240/1510 2076/1239/1510 2077/1240/1510
f 2077/1240/1509 2078/1240/1509 2079/1239/1509
f 2051/1238/1507 2078/1240/1507 2076/1239/1507
f 2078/1240/1508 2081/1240/1508 2079/1239/1508
f 2053/1239/1506 2080/1239/1506 2078/1240/1506
f 2081/1240/1529 2082/1240/1529 2083/1239/1529
f 2080/1239/1505 2057/1239/1505 2082/1240/1505
f 2082/1240/1528 2085/1238/1528 2083/1239/1528
f 2057/1239/1527 2084/1238/1527 2082/1240/1527
f 2085/1238/1694 2086/1240/1524 2087/1239/1694
f 2084/1238/1525 2061/1238/1525 2086/1240/1695
f 2086/1240/1522 2089/1240/1522 2087/1239/1522
f 2086/1240/1523 2063/1240/1523 2088/1239/1523
f 2088/1239/1520 2091/1238/1520 2089/1240/1520
f 2088/1239/1521 2065/1240/1521 2090/1240/1521
f 2090/1240/1518 2093/1240/1518 2091/1238/1518
f 2065/1240/1519 2092/1238/1519 2090/1240/1519
f 2093/1240/1516 2094/1239/1516 2095/1238/1516
f 2092/1238/1517 2069/1240/1517 2094/1239/1517
f 2094/1239/1514 2097/1239/1514 2095/1238/1514
f 2118/1239/1543 2095/1238/1543 2096/1240/1543
f 2095/1238/1541 2098/1240/1541 2096/1240/1541
f 2097/1239/1539 2100/1239/1539 2098/1240/1539
f 2096/1240/1540 2099/1240/1540 2121/1239/1540
f 2098/1240/1213 2101/1238/1213 2099/1240/1538
f 2101/1238/1536 2102/1238/1536 2103/1238/1536
f 2100/1239/1537 2077/1240/1537 2102/1238/1537
f 2103/1238/1534 2104/1239/1534 2105/1240/1534
f 2102/1238/1535 2079/1239/1535 2104/1239/1535
f 2105/1240/1238 2106/1240/1238 2107/1239/1238
f 2079/1239/1532 2106/1240/1532 2104/1239/1532
f 2106/1240/1533 2109/1240/1533 2107/1239/1533
f 2081/1240/1531 2108/1239/1531 2106/1240/1531
f 2109/1240/1552 2110/1240/1552 2111/1239/1552
f 2108/1239/1530 2085/1238/1530 2110/1240/1530
f 2110/1240/1201 2113/1238/1201 2111/1239/1201
f 2110/1240/1550 2087/1239/1550 2112/1238/1550
f 2112/1238/1548 2115/1239/1548 2113/1238/1548
f 2087/1239/1549 2114/1238/1549 2112/1238/1549
f 2115/1239/1546 2116/1239/1546 2117/1238/1546
f 2114/1238/1547 2091/1238/1547 2116/1239/1547
f 2116/1239/1224 2119/1240/1224 2117/1238/1224
f 2091/1238/1544 2118/1239/1544 2116/1239/1544
f 2119/1240/1542 2096/1240/1542 2121/1239/1542
f 2142/1238/1220 2119/1240/1220 2120/1239/1220
f 2119/1240/1567 2122/1238/1567 2120/1239/1567
f 2122/1238/1565 2099/1240/1565 2124/1239/1565
f 2120/1239/1566 2123/1238/1566 2145/1238/1566
f 2123/1238/1564 2124/1239/1564 2125/1240/1564
f 2125/1240/1563 2126/1240/1563 2127/1239/1563
f 2099/1240/1244 2126/1240/1244 2124/1239/1244
f 2127/1239/1561 2128/1238/1561 2129/1239/1561
f 2101/1238/1562 2128/1238/1562 2126/1240/1562
f 2129/1239/1559 2130/1238/1559 2131/1240/1559
f 2128/1238/1560 2105/1240/1560 2130/1238/1560
f 2130/1238/1558 2133/1238/1558 2131/1240/1558
f 2105/1240/1206 2132/1240/1206 2130/1238/1206
f 2133/1238/1557 2134/1239/1557 2135/1240/1557
f 2132/1240/1555 2109/1240/1555 2134/1239/1555
f 2134/1239/1556 2137/1239/1556 2135/1240/1556
f 2109/1240/1554 2136/1240/1554 2134/1239/1554
f 2137/1239/1575 2138/1238/1575 2139/1240/1574
f 2136/1240/1381 2113/1238/1381 2138/1238/1381
f 2138/1238/1572 2141/1238/1572 2139/1240/1572
f 2113/1238/1573 2140/1240/1573 2138/1238/1573
f 2140/1240/1570 2143/1238/1570 2141/1238/1570
f 2140/1240/1571 2117/1238/1571 2142/1238/1571
f 2142/1238/1568 2145/1238/1568 2143/1238/1568
f 2141/1238/1598 2144/1239/1598 2166/1238/1598
f 2143/1238/1596 2146/1238/1596 2144/1239/1596
f 2146/1238/1594 2123/1238/1594 2148/1240/1594
f 2169/1240/1696 2146/1238/1696 2147/1239/1696
f 2147/1239/1593 2148/1240/1593 2149/1240/1593
f 2149/1240/1591 2150/1239/1591 2151/1238/1591
f 2123/1238/1592 2150/1239/1592 2148/1240/1592
f 2150/1239/1589 2153/1238/1589 2151/1238/1589
f 2150/1239/1590 2127/1239/1590 2152/1238/1590
f 2152/1238/1587 2155/1239/1587 2153/1238/1587
f 2152/1238/1588 2129/1239/1588 2154/1240/1588
f 2155/1239/1585 2156/1239/1585 2157/1240/1585
f 2154/1240/1586 2131/1240/1586 2156/1239/1586
f 2156/1239/1583 2159/1239/1583 2157/1240/1583
f 2131/1240/1584 2158/1240/1584 2156/1239/1584
f 2159/1239/1581 2160/1239/1581 2161/1240/1581
f 2158/1240/1582 2135/1240/1582 2160/1239/1582
f 2160/1239/1580 2163/1238/1580 2161/1240/1580
f 2135/1240/1578 2162/1240/1578 2160/1239/1578
f 2163/1238/1579 2164/1238/1579 2165/1239/1579
f 2162/1240/1577 2139/1240/1577 2164/1238/1697
f 2164/1238/1599 2167/1239/1599 2165/1239/1599
f 2139/1240/1576 2166/1238/1576 2164/1238/1576
f 2166/1238/1597 2169/1240/1597 2167/1239/1597
f 2165/1239/1601 2168/1240/1601 2190/1238/1601
f 2167/1239/1600 2170/1239/1600 2168/1240/1600
f 2170/1239/1622 2147/1239/1622 2172/1240/1622
f 2193/1239/1623 2170/1239/1623 2171/1240/1623
f 2171/1240/1621 2172/1240/1621 2173/1240/1621
f 2172/1240/1619 2175/1238/1619 2173/1240/1619
f 2147/1239/1620 2174/1239/1620 2172/1240/1620
f 2175/1238/1617 2176/1238/1617 2177/1238/1617
f 2174/1239/1618 2151/1238/1618 2176/1238/1618
f 2176/1238/1615 2179/1238/1615 2177/1238/1615
f 2151/1238/1616 2178/1238/1616 2176/1238/1616
f 2178/1238/1613 2181/1239/1613 2179/1238/1613
f 2178/1238/1614 2155/1239/1614 2180/1240/1614
f 2180/1240/1611 2183/1238/1611 2181/1239/1611
f 2180/1240/1612 2157/1240/1612 2182/1239/1612
f 2183/1238/1609 2184/1240/1609 2185/1240/1609
f 2182/1239/1610 2159/1239/1610 2184/1240/1610
f 2184/1240/1607 2187/1240/1607 2185/1240/1607
f 2184/1240/1608 2161/1240/1608 2186/1239/1608
f 2187/1240/1605 2188/1238/1605 2189/1238/1605
f 2161/1240/1606 2188/1238/1606 2186/1239/1606
f 2188/1238/1604 2191/1238/1604 2189/1238/1604
f 2163/1238/1602 2190/1238/1602 2188/1238/1602
f 2191/1238/1603 2168/1240/1603 2193/1239/1603
f 2189/1238/1630 2192/1240/1630 2214/1238/1630
f 2191/1238/1626 2194/1240/1626 2192/1240/1626
f 2194/1240/1625 2171/1240/1625 2196/1239/1625
f 2217/1239/1628 2194/1240/1628 2195/1238/1628
f 2194/1240/1627 2197/1238/1627 2195/1238/1627
f 2197/1238/1647 2198/1238/1698 2199/1238/1698
f 2196/1239/1624 2173/1240/1624 2198/1238/1624
f 2198/1238/1645 2201/1240/1645 2199/1238/1645
f 2173/1240/1646 2200/1239/1646 2198/1238/1646
f 2201/1240/1643 2202/1240/1643 2203/1239/1643
f 2200/1239/1644 2177/1238/1644 2202/1240/1644
f 2202/1240/1641 2205/1240/1641 2203/1239/1641
f 2177/1238/1642 2204/1239/1642 2202/1240/1642
f 2205/1240/1639 2206/1240/1639 2207/1239/1639
f 2179/1238/1640 2206/1240/1640 2204/1239/1640
f 2206/1240/1637 2209/1239/1637 2207/1239/1637
f 2206/1240/1638 2183/1238/1638 2208/1238/1638
f 2208/1238/1635 2211/1240/1635 2209/1239/1635
f 2208/1238/1636 2185/1240/1636 2210/1239/1636
f 2210/1239/1633 2213/1240/1633 2211/1240/1633
f 2185/1240/1634 2212/1239/1634 2210/1239/1634
f 2212/1239/1631 2215/1238/1631 2213/1240/1631
f 2212/1239/1632 2189/1238/1632 2214/1238/1632
f 2215/1238/1629 2192/1240/1629 2217/1239/1629
f 2238/1240/1659 2215/1238/1659 2216/1238/1659
f 2215/1238/1657 2218/1238/1657 2216/1238/1657
f 2218/1238/1654 2195/1238/1654 2220/1239/1654
f 2216/1238/1656 2219/1240/1656 2240/1238/1655
f 2218/1238/1653 2221/1238/1653 2219/1240/1653
f 2220/1239/1652 2223/1238/1652 2221/1238/1652
f 2220/1239/1650 2197/1238/1650 2222/1240/1650
f 2222/1240/1651 2225/1239/1651 2223/1238/1651
f 2222/1240/1649 2199/1238/1649 2224/1239/1649
f 2224/1239/1672 2227/1240/1672 2225/1239/1672
f 2199/1238/1648 2226/1238/1648 2224/1239/1648
f 2227/1240/1670 2228/1238/1670 2229/1238/1670
f 2226/1238/1671 2203/1239/1671 2228/1238/1671
f 2229/1238/1668 2230/1239/1668 2231/1240/1668
f 2203/1239/1669 2230/1239/1669 2228/1238/1669
f 2231/1240/1666 2232/1240/1666 2233/1239/1666
f 2230/1239/1667 2207/1239/1667 2232/1240/1667
f 2232/1240/1664 2235/1239/1664 2233/1239/1664
f 2207/1239/1665 2234/1240/1665 2232/1240/1665
f 2234/1240/1662 2237/1240/1662 2235/1239/1662
f 2209/1239/1663 2236/1239/1663 2234/1240/1699
f 2237/1240/1660 2238/1240/1660 2239/1239/1660
f 2211/1240/1661 2238/1240/1661 2236/1239/1661
f 2239/1239/1658 2216/1238/1658 2240/1238/1658
f 2242/1239/1682 2239/1239/1682 1673/1240/1682
f 2239/1239/1681 2241/1238/1681 1673/1240/1681
f 2241/1238/1679 2219/1240/1679 1696/1238/1680
f 2243/1238/1684 2237/1240/1684 2242/1239/1684
f 2243/1238/1683 1674/1239/1683 2245/1240/1683
f 2233/1239/1687 2243/1238/1687 2244/1238/1687
f 1715/1239/1686 2243/1238/1686 2245/1240/1686
f 1714/1239/1688 2233/1239/1688 2244/1238/1688
f 1712/1240/1690 2231/1240/1690 1714/1239/1690
f 2227/1240/1673 1712/1240/1673 1710/1239/1673
f 2246/1240/1674 2227/1240/1674 1710/1239/1674
f 2223/1238/1675 2246/1240/1675 1700/1239/1675
f 2221/1238/1676 1700/1239/1676 1698/1240/1676
f 1696/1238/1677 2221/1238/1677 1698/1240/1677
f 2247/1241/1059 2253/1241/1059 2251/1241/1059
f 2249/1241/1060 2248/1241/1060 2247/1241/1060
f 2250/1241/1061 2249/1241/1061 2247/1241/1061
f 2254/1241/1062 2247/1241/1062 2251/1241/1062
f 2256/1241/1063 2251/1241/1063 2252/1241/1063
f 2251/1241/1064 2266/1241/1064 2252/1241/1064
f 2255/1241/1065 2250/1241/1065 2254/1241/1065
f 2255/1241/1066 2256/1241/1066 2257/1241/1066
f 2259/1241/1067 2256/1241/1067 2258/1241/1067
f 2256/1241/1068 2261/1241/1068 2258/1241/1068
f 2301/1241/1069 2258/1241/1069 2260/1241/1069
f 2258/1241/1070 2262/1241/1070 2260/1241/1070
f 2262/1241/1071 2263/1241/1071 2264/1241/1071
f 2261/1241/1072 2266/1241/1072 2263/1241/1072
f 2263/1241/1073 2313/1241/1073 2264/1241/1073
f 2266/1241/1074 2265/1241/1074 2263/1241/1074
f 2266/1241/1075 2269/1241/1075 2267/1241/1075
f 2267/1241/1077 2316/1241/1077 2265/1241/1077
f 2267/1241/1078 2270/1241/1078 2268/1241/1078
f 2248/1241/1370 2269/1241/1370 2253/1241/1370
f 2269/1241/1080 2273/1241/1080 2270/1241/1080
f 2248/1241/1082 2272/1241/1082 2271/1241/1082
f 2272/1241/1083 2273/1241/1083 2271/1241/1083
f 2273/1241/1084 2276/1241/1084 2275/1241/1084
f 2270/1241/1085 2275/1241/1085 2278/1241/1085
f 2275/1241/1086 2822/1241/1086 2277/1241/1086
f 2275/1241/1087 2280/1241/1087 2278/1241/1087
f 2268/1241/1089 2278/1241/1089 2279/1241/1089
f 2278/1241/1090 2281/1241/1090 2279/1241/1090
f 2281/1241/1091 2282/1241/1091 2283/1241/1091
f 2280/1241/1092 2285/1241/1092 2282/1241/1092
f 2282/1241/1093 2324/1241/1093 2283/1241/1093
f 2285/1241/1094 2284/1241/1094 2282/1241/1094
f 2277/1241/1095 2286/1241/1095 2285/1241/1095
f 2286/1241/1096 2287/1241/1096 2285/1241/1096
f 2288/1241/1097 2289/1241/1097 2287/1241/1097
f 2284/1241/1098 2289/1241/1098 2292/1241/1098
f 2290/1241/1099 2291/1241/1099 2289/1241/1099
f 2289/1241/1100 2294/1241/1100 2292/1241/1100
f 2324/1241/1101 2292/1241/1101 2293/1241/1101
f 2292/1241/1102 2295/1241/1102 2293/1241/1102
f 2294/1241/1103 2257/1241/1103 2295/1241/1103
f 2291/1241/1104 2255/1241/1104 2294/1241/1104
f 2293/1241/1105 2296/1241/1105 2297/1241/1105
f 2296/1241/1106 2257/1241/1106 2259/1241/1106
f 2299/1241/1107 2296/1241/1107 2298/1241/1107
f 2296/1241/1108 2301/1241/1108 2298/1241/1108
f 2328/1241/1109 2298/1241/1109 2300/1241/1109
f 2300/1241/1110 2301/1241/1110 2302/1241/1110
f 2302/1241/1111 2260/1241/1111 2304/1241/1111
f 2300/1241/1112 2303/1241/1112 2331/1241/1112
f 2302/1241/1113 2305/1241/1113 2303/1241/1113
f 2305/1241/1114 2306/1241/1114 2307/1241/1114
f 2304/1241/1115 2262/1241/1115 2306/1241/1115
f 2306/1241/1116 2309/1241/1116 2307/1241/1116
f 2262/1241/1117 2308/1241/1117 2306/1241/1117
f 2309/1241/1118 2310/1241/1118 2311/1241/1118
f 2264/1241/1119 2310/1241/1119 2308/1241/1119
f 2311/1241/1120 2312/1241/1120 2347/1241/1120
f 2313/1241/1121 2312/1241/1121 2310/1241/1121
f 2313/1241/1122 2316/1241/1122 2314/1241/1122
f 2314/1241/1123 2350/1241/1123 2312/1241/1123
f 2316/1241/1124 2315/1241/1124 2314/1241/1124
f 2316/1241/1125 2279/1241/1125 2317/1241/1125
f 2315/1241/1126 2318/1241/1126 2319/1241/1126
f 2279/1241/1127 2318/1241/1127 2317/1241/1127
f 2318/1241/1128 2321/1241/1128 2319/1241/1128
f 2318/1241/1129 2283/1241/1129 2320/1241/1129
f 2321/1241/1130 2322/1241/1130 2323/1241/1130
f 2283/1241/1131 2322/1241/1131 2320/1241/1131
f 2322/1241/1132 2299/1241/1132 2323/1241/1132
f 2322/1241/1133 2293/1241/1133 2297/1241/1133
f 2326/1241/1134 2323/1241/1134 2325/1241/1134
f 2323/1241/1135 2328/1241/1135 2325/1241/1135
f 2353/1241/1136 2325/1241/1136 2327/1241/1136
f 2325/1241/1137 2329/1241/1137 2327/1241/1137
f 2328/1241/1138 2331/1241/1138 2329/1241/1138
f 2327/1241/1139 2330/1241/1139 2356/1241/1139
f 2330/1241/1140 2331/1241/1140 2332/1241/1140
f 2331/1241/1141 2334/1241/1141 2332/1241/1141
f 2359/1241/1142 2332/1241/1142 2333/1241/1142
f 2332/1241/1143 2335/1241/1143 2333/1241/1143
f 2335/1241/1144 2336/1241/1144 2337/1241/1144
f 2334/1241/1145 2305/1241/1145 2336/1241/1145
f 2336/1241/1146 2339/1241/1146 2337/1241/1146
f 2305/1241/1147 2338/1241/1147 2336/1241/1147
f 2339/1241/1148 2340/1241/1148 2341/1241/1148
f 2338/1241/1149 2309/1241/1149 2340/1241/1149
f 2340/1241/1150 2343/1241/1150 2341/1241/1150
f 2309/1241/1151 2342/1241/1151 2340/1241/1151
f 2343/1241/1152 2344/1241/1152 2345/1241/1152
f 2342/1241/1153 2347/1241/1153 2344/1241/1153
f 2344/1241/1154 2379/1241/1154 2345/1241/1154
f 2347/1241/1155 2346/1241/1155 2344/1241/1155
f 2347/1241/1156 2350/1241/1156 2348/1241/1156
f 2346/1241/1157 2349/1241/1157 2352/1241/1157
f 2348/1241/1158 2351/1241/1158 2349/1241/1158
f 2350/1241/1159 2319/1241/1159 2351/1241/1159
f 2351/1241/1160 2353/1241/1160 2349/1241/1160
f 2319/1241/1161 2326/1241/1161 2351/1241/1161
f 2352/1241/1162 2353/1241/1162 2354/1241/1162
f 2353/1241/1163 2356/1241/1163 2354/1241/1163
f 2352/1241/1164 2355/1241/1164 2380/1241/1164
f 2355/1241/1166 2356/1241/1166 2357/1241/1166
f 2357/1241/1168 2330/1241/1168 2359/1241/1168
f 2382/1241/1169 2357/1241/1169 2358/1241/1169
f 2357/1241/1170 2360/1241/1170 2358/1241/1170
f 2359/1241/1171 2362/1241/1171 2360/1241/1171
f 2358/1241/1172 2361/1241/1172 2385/1241/1172
f 2360/1241/1173 2363/1241/1173 2361/1241/1173
f 2362/1241/1174 2365/1241/1174 2363/1241/1174
f 2333/1241/1175 2364/1241/1175 2362/1241/1175
f 2364/1241/1176 2367/1241/1176 2365/1241/1176
f 2335/1241/1177 2366/1241/1177 2364/1241/1177
f 2367/1241/1178 2368/1241/1178 2369/1241/1178
f 2366/1241/1179 2339/1241/1179 2368/1241/1179
f 2368/1241/1180 2371/1241/1180 2369/1241/1180
f 2339/1241/1181 2370/1241/1181 2368/1241/1181
f 2371/1241/1182 2372/1241/1182 2373/1241/1182
f 2370/1241/1185 2343/1241/1185 2372/1241/1185
f 2373/1241/1186 2374/1241/1186 2375/1241/1186
f 2372/1241/1187 2345/1241/1187 2374/1241/1187
f 2375/1241/1188 2376/1241/1188 2377/1241/1188
f 2374/1241/1189 2379/1241/1189 2376/1241/1189
f 2377/1241/1190 2378/1241/1190 2381/1241/1190
f 2376/1241/1191 2380/1241/1191 2378/1241/1191
f 2346/1241/1193 2380/1241/1193 2379/1241/1193
f 2380/1241/1194 2382/1241/1194 2378/1241/1194
f 2381/1241/1195 2382/1241/1195 2383/1241/1195
f 2382/1241/1196 2385/1241/1196 2383/1241/1196
f 2406/1241/1197 2383/1241/1197 2384/1241/1197
f 2383/1241/1198 2386/1241/1198 2384/1241/1198
f 2386/1241/1199 2361/1241/1199 2388/1241/1199
f 2384/1241/1200 2387/1241/1200 2409/1241/1200
f 2386/1241/1201 2389/1241/1201 2387/1241/1201
f 2388/1241/1202 2391/1241/1202 2389/1241/1202
f 2361/1241/1203 2390/1241/1203 2388/1241/1203
f 2390/1241/1204 2393/1241/1204 2391/1241/1204
f 2390/1241/1205 2365/1241/1205 2392/1241/1205
f 2392/1241/1206 2395/1241/1206 2393/1241/1206
f 2392/1241/1208 2367/1241/1208 2394/1241/1208
f 2395/1241/1209 2396/1241/1209 2397/1241/1209
f 2394/1241/1210 2369/1241/1210 2396/1241/1210
f 2396/1241/1211 2399/1241/1211 2397/1241/1211
f 2369/1241/1212 2398/1241/1212 2396/1241/1212
f 2399/1241/1213 2400/1241/1213 2401/1241/1213
f 2371/1241/1380 2400/1241/1380 2398/1241/1380
f 2401/1241/1216 2402/1241/1216 2403/1241/1216
f 2373/1241/1217 2402/1241/1217 2400/1241/1217
f 2403/1241/1218 2404/1241/1218 2405/1241/1218
f 2402/1241/1219 2377/1241/1219 2404/1241/1219
f 2405/1241/1220 2406/1241/1220 2407/1241/1220
f 2377/1241/1221 2406/1241/1221 2404/1241/1221
f 2407/1241/1223 2384/1241/1223 2409/1241/1223
f 2405/1241/1224 2408/1241/1224 2430/1241/1224
f 2407/1241/1226 2410/1241/1226 2408/1241/1226
f 2410/1241/1227 2387/1241/1227 2412/1241/1227
f 2433/1241/1228 2410/1241/1228 2411/1241/1228
f 2410/1241/1229 2413/1241/1229 2411/1241/1229
f 2412/1241/1230 2415/1241/1230 2413/1241/1230
f 2412/1241/1381 2389/1241/1381 2414/1241/1553
f 2415/1241/1232 2416/1241/1232 2417/1241/1700
f 2414/1241/1233 2391/1241/1233 2416/1241/1233
f 2416/1241/1234 2419/1241/1234 2417/1241/1234
f 2391/1241/1235 2418/1241/1235 2416/1241/1235
f 2419/1241/1236 2420/1241/1236 2421/1241/1236
f 2393/1241/1238 2420/1241/1238 2418/1241/1238
f 2420/1241/1239 2423/1241/1239 2421/1241/1239
f 2395/1241/1240 2422/1241/1240 2420/1241/1240
f 2423/1241/1241 2424/1241/1241 2425/1241/1241
f 2422/1241/1242 2399/1241/1242 2424/1241/1242
f 2424/1241/1382 2427/1241/1382 2425/1241/1382
f 2424/1241/1244 2401/1241/1244 2426/1241/1244
f 2427/1241/1245 2428/1241/1245 2429/1241/1245
f 2426/1241/1246 2403/1241/1246 2428/1241/1246
f 2428/1241/1247 2431/1241/1247 2429/1241/1247
f 2403/1241/1248 2430/1241/1248 2428/1241/1248
f 2431/1241/1250 2408/1241/1250 2433/1241/1250
f 2429/1241/1251 2432/1241/1251 2454/1241/1251
f 2432/1241/1252 2433/1241/1252 2434/1241/1252
f 2434/1241/1253 2411/1241/1253 2436/1241/1253
f 2457/1241/1254 2434/1241/1254 2435/1241/1254
f 2435/1241/1255 2436/1241/1255 2437/1241/1255
f 2436/1241/1256 2439/1241/1256 2437/1241/1256
f 2411/1241/1257 2438/1241/1257 2436/1241/1257
f 2438/1241/1258 2441/1241/1258 2439/1241/1258
f 2413/1241/1259 2440/1241/1259 2438/1241/1259
f 2441/1241/1260 2442/1241/1260 2443/1241/1260
f 2440/1241/1261 2417/1241/1261 2442/1241/1261
f 2443/1241/1262 2444/1241/1262 2445/1241/1262
f 2417/1241/1263 2444/1241/1263 2442/1241/1263
f 2445/1241/1264 2446/1241/1264 2447/1241/1264
f 2444/1241/1265 2421/1241/1265 2446/1241/1265
f 2447/1241/1266 2448/1241/1266 2449/1241/1266
f 2421/1241/1267 2448/1241/1267 2446/1241/1267
f 2448/1241/1268 2451/1241/1268 2449/1241/1268
f 2448/1241/1269 2425/1241/1269 2450/1241/1269
f 2450/1241/1270 2453/1241/1270 2451/1241/1270
f 2425/1241/1273 2452/1241/1273 2450/1241/1273
f 2452/1241/1274 2455/1241/1274 2453/1241/1274
f 2427/1241/1275 2454/1241/1275 2452/1241/1275
f 2454/1241/1276 2457/1241/1276 2455/1241/1276
f 2478/1241/1277 2455/1241/1277 2456/1241/1277
f 2456/1241/1278 2457/1241/1278 2458/1241/1278
f 2458/1241/1279 2435/1241/1279 2460/1241/1279
f 2456/1241/1280 2459/1241/1280 2481/1241/1280
f 2459/1241/1388 2460/1241/1388 2461/1241/1388
f 2460/1241/1282 2463/1241/1282 2461/1241/1282
f 2460/1241/1283 2437/1241/1283 2462/1241/1283
f 2463/1241/1285 2464/1241/1285 2465/1241/1285
f 2437/1241/1286 2464/1241/1286 2462/1241/1286
f 2464/1241/1288 2467/1241/1288 2465/1241/1289
f 2439/1241/1290 2466/1241/1290 2464/1241/1290
f 2467/1241/1291 2468/1241/1291 2469/1241/1291
f 2441/1241/1292 2468/1241/1292 2466/1241/1292
f 2468/1241/1293 2471/1241/1293 2469/1241/1293
f 2443/1241/1294 2470/1241/1294 2468/1241/1294
f 2470/1241/1295 2473/1241/1295 2471/1241/1701
f 2445/1241/1296 2472/1241/1296 2470/1241/1296
f 2472/1241/1297 2475/1241/1297 2473/1241/1297
f 2472/1241/1298 2449/1241/1298 2474/1241/1298
f 2475/1241/1299 2476/1241/1299 2477/1241/1299
f 2449/1241/1300 2476/1241/1300 2474/1241/1300
f 2477/1241/1301 2478/1241/1301 2479/1241/1386
f 2451/1241/1302 2478/1241/1302 2476/1241/1302
f 2479/1241/1303 2456/1241/1303 2481/1241/1303
f 2502/1241/1304 2479/1241/1304 2480/1241/1304
f 2479/1241/1305 2482/1241/1305 2480/1241/1305
f 2481/1241/1306 2484/1241/1306 2482/1241/1306
f 2480/1241/1307 2483/1241/1307 2505/1241/1307
f 2483/1241/1308 2484/1241/1308 2485/1241/1308
f 2484/1241/1309 2487/1241/1309 2485/1241/1309
f 2484/1241/1311 2461/1241/1311 2486/1241/1311
f 2487/1241/1312 2488/1241/1312 2489/1241/1312
f 2461/1241/1313 2488/1241/1313 2486/1241/1313
f 2488/1241/1314 2491/1241/1314 2489/1241/1314
f 2488/1241/1315 2465/1241/1315 2490/1241/1315
f 2491/1241/1316 2492/1241/1316 2493/1241/1316
f 2465/1241/1317 2492/1241/1317 2490/1241/1317
f 2492/1241/1318 2495/1241/1318 2493/1241/1318
f 2492/1241/1319 2469/1241/1319 2494/1241/1319
f 2495/1241/1320 2496/1241/1320 2497/1241/1320
f 2494/1241/1321 2471/1241/1321 2496/1241/1321
f 2497/1241/1322 2498/1241/1322 2499/1241/1322
f 2471/1241/1323 2498/1241/1323 2496/1241/1323
f 2498/1241/1324 2501/1241/1324 2499/1241/1324
f 2473/1241/1325 2500/1241/1325 2498/1241/1325
f 2501/1241/1326 2502/1241/1326 2503/1241/1326
f 2500/1241/1327 2477/1241/1327 2502/1241/1327
f 2502/1241/1328 2505/1241/1328 2503/1241/1328
f 2526/1241/1329 2503/1241/1329 2504/1241/1329
f 2503/1241/1330 2506/1241/1330 2504/1241/1330
f 2505/1241/1331 2508/1241/1331 2506/1241/1331
f 2504/1241/1390 2507/1241/1390 2529/1241/1390
f 2507/1241/1333 2508/1241/1333 2509/1241/1333
f 2508/1241/1334 2511/1241/1334 2509/1241/1334
f 2508/1241/1335 2485/1241/1335 2510/1241/1335
f 2510/1241/1336 2513/1241/1336 2511/1241/1336
f 2485/1241/1337 2512/1241/1337 2510/1241/1337
f 2512/1241/1339 2515/1241/1339 2513/1241/1339
f 2512/1241/1340 2489/1241/1340 2514/1241/1340
f 2515/1241/1341 2516/1241/1341 2517/1241/1341
f 2489/1241/1342 2516/1241/1342 2514/1241/1342
f 2517/1241/1343 2518/1241/1343 2519/1241/1343
f 2516/1241/1344 2493/1241/1344 2518/1241/1344
f 2518/1241/1345 2521/1241/1345 2519/1241/1345
f 2493/1241/1346 2520/1241/1346 2518/1241/1346
f 2520/1241/1347 2523/1241/1347 2521/1241/1347
f 2520/1241/1348 2497/1241/1348 2522/1241/1348
f 2523/1241/1349 2524/1241/1349 2525/1241/1349
f 2522/1241/1350 2499/1241/1350 2524/1241/1350
f 2524/1241/1351 2527/1241/1351 2525/1241/1351
f 2499/1241/1352 2526/1241/1352 2524/1241/1352
f 2527/1241/1353 2504/1241/1353 2529/1241/1353
f 2525/1241/1354 2528/1241/1354 2550/1241/1354
f 2528/1241/1355 2529/1241/1355 2530/1241/1355
f 2529/1241/1356 2532/1241/1356 2530/1241/1356
f 2553/1241/1095 2530/1241/1095 2531/1241/1095
f 2530/1241/1086 2533/1241/1086 2531/1241/1086
f 2533/1241/1084 2534/1241/1084 2535/1241/1084
f 2507/1241/1357 2534/1241/1357 2532/1241/1357
f 2535/1241/1083 2536/1241/1083 2537/1241/1083
f 2509/1241/1358 2536/1241/1358 2534/1241/1358
f 2537/1241/1082 2538/1241/1082 2539/1241/1082
f 2536/1241/1359 2513/1241/1359 2538/1241/1359
f 2538/1241/1060 2541/1241/1060 2539/1241/1060
f 2513/1241/1361 2540/1241/1361 2538/1241/1361
f 2541/1241/1061 2542/1241/1061 2543/1241/1061
f 2540/1241/1362 2517/1241/1362 2542/1241/1362
f 2542/1241/1363 2545/1241/1363 2543/1241/1363
f 2517/1241/1364 2544/1241/1364 2542/1241/1364
f 2544/1241/1365 2547/1241/1365 2545/1241/1365
f 2544/1241/1366 2521/1241/1366 2546/1241/1366
f 2546/1241/1099 2549/1241/1099 2547/1241/1099
f 2521/1241/1367 2548/1241/1367 2546/1241/1367
f 2549/1241/1097 2550/1241/1097 2551/1241/1097
f 2548/1241/1368 2525/1241/1368 2550/1241/1368
f 2550/1241/1096 2553/1241/1096 2551/1241/1096
f 2574/1241/1098 2551/1241/1098 2552/1241/1098
f 2551/1241/1094 2554/1241/1094 2552/1241/1094
f 2554/1241/1092 2531/1241/1092 2556/1241/1092
f 2552/1241/1093 2555/1241/1093 2577/1241/1093
f 2555/1241/1091 2556/1241/1091 2557/1241/1091
f 2557/1241/1090 2558/1241/1090 2559/1241/1090
f 2531/1241/1087 2558/1241/1087 2556/1241/1087
f 2559/1241/1089 2560/1241/1089 2561/1241/1089
f 2533/1241/1085 2560/1241/1085 2558/1241/1085
f 2560/1241/1078 2563/1241/1078 2561/1241/1078
f 2535/1241/1080 2562/1241/1080 2560/1241/1080
f 2563/1241/1075 2564/1241/1075 2565/1241/1075
f 2562/1241/1370 2539/1241/1370 2564/1241/1370
f 2564/1241/1064 2567/1241/1064 2565/1241/1064
f 2564/1241/1059 2541/1241/1059 2566/1241/1059
f 2567/1241/1063 2568/1241/1063 2569/1241/1063
f 2541/1241/1062 2568/1241/1062 2566/1241/1062
f 2568/1241/1066 2571/1241/1066 2569/1241/1066
f 2543/1241/1065 2570/1241/1065 2568/1241/1065
f 2571/1241/1103 2572/1241/1103 2573/1241/1103
f 2570/1241/1104 2547/1241/1104 2572/1241/1104
f 2572/1241/1102 2575/1241/1102 2573/1241/1102
f 2547/1241/1100 2574/1241/1100 2572/1241/1100
f 2574/1241/1101 2577/1241/1101 2575/1241/1101
f 2598/1241/1105 2575/1241/1105 2576/1241/1105
f 2575/1241/1133 2578/1241/1133 2576/1241/1133
f 2578/1241/1131 2555/1241/1131 2580/1241/1131
f 2601/1241/1132 2578/1241/1132 2579/1241/1132
f 2578/1241/1130 2581/1241/1130 2579/1241/1130
f 2580/1241/1128 2583/1241/1128 2581/1241/1128
f 2555/1241/1129 2582/1241/1129 2580/1241/1129
f 2582/1241/1126 2585/1241/1126 2583/1241/1126
f 2582/1241/1127 2559/1241/1127 2584/1241/1127
f 2584/1241/1124 2587/1241/1124 2585/1241/1124
f 2559/1241/1125 2586/1241/1125 2584/1241/1125
f 2587/1241/1122 2588/1241/1122 2589/1241/1122
f 2586/1241/1077 2563/1241/1077 2588/1241/1077
f 2588/1241/1073 2591/1241/1073 2589/1241/1073
f 2588/1241/1074 2565/1241/1074 2590/1241/1074
f 2590/1241/1071 2593/1241/1071 2591/1241/1071
f 2590/1241/1072 2567/1241/1072 2592/1241/1072
f 2593/1241/1070 2594/1241/1070 2595/1241/1070
f 2567/1241/1068 2594/1241/1068 2592/1241/1068
f 2595/1241/1069 2596/1241/1069 2597/1241/1069
f 2569/1241/1067 2596/1241/1067 2594/1241/1067
f 2596/1241/1108 2599/1241/1108 2597/1241/1108
f 2571/1241/1106 2598/1241/1106 2596/1241/1106
f 2599/1241/1107 2576/1241/1107 2601/1241/1107
f 2622/1241/1110 2599/1241/1110 2600/1241/1110
f 2599/1241/1109 2602/1241/1109 2600/1241/1109
f 2602/1241/1135 2579/1241/1135 2604/1241/1135
f 2625/1241/1138 2602/1241/1138 2603/1241/1138
f 2602/1241/1137 2605/1241/1137 2603/1241/1137
f 2604/1241/1136 2607/1241/1136 2605/1241/1136
f 2579/1241/1134 2606/1241/1134 2604/1241/1134
f 2607/1241/1160 2608/1241/1160 2609/1241/1160
f 2606/1241/1161 2583/1241/1161 2608/1241/1161
f 2609/1241/1158 2610/1241/1158 2611/1241/1158
f 2583/1241/1159 2610/1241/1159 2608/1241/1159
f 2610/1241/1156 2613/1241/1156 2611/1241/1156
f 2610/1241/1123 2587/1241/1123 2612/1241/1123
f 2613/1241/1120 2614/1241/1120 2615/1241/1120
f 2587/1241/1121 2614/1241/1121 2612/1241/1121
f 2615/1241/1118 2616/1241/1118 2617/1241/1118
f 2589/1241/1119 2616/1241/1119 2614/1241/1119
f 2617/1241/1116 2618/1241/1116 2619/1241/1116
f 2616/1241/1117 2593/1241/1117 2618/1241/1117
f 2618/1241/1114 2621/1241/1114 2619/1241/1114
f 2593/1241/1115 2620/1241/1115 2618/1241/1115
f 2620/1241/1113 2623/1241/1113 2621/1241/1113
f 2620/1241/1111 2597/1241/1111 2622/1241/1111
f 2622/1241/1112 2625/1241/1112 2623/1241/1112
f 2646/1241/1145 2623/1241/1145 2624/1241/1145
f 2624/1241/1141 2625/1241/1141 2626/1241/1141
f 2626/1241/1140 2603/1241/1140 2628/1241/1140
f 2649/1241/1143 2626/1241/1143 2627/1241/1143
f 2627/1241/1142 2628/1241/1142 2629/1241/1142
f 2628/1241/1168 2631/1241/1168 2629/1241/1168
f 2603/1241/1139 2630/1241/1139 2628/1241/1139
f 2631/1241/1166 2632/1241/1166 2633/1241/1166
f 2630/1241/1163 2607/1241/1163 2632/1241/1163
f 2632/1241/1164 2635/1241/1164 2633/1241/1164
f 2607/1241/1162 2634/1241/1162 2632/1241/1162
f 2635/1241/1193 2636/1241/1193 2637/1241/1192
f 2634/1241/1157 2611/1241/1157 2636/1241/1157
f 2636/1241/1154 2639/1241/1154 2637/1241/1154
f 2611/1241/1155 2638/1241/1155 2636/1241/1155
f 2638/1241/1152 2641/1241/1152 2639/1241/1152
f 2613/1241/1153 2640/1241/1153 2638/1241/1153
f 2640/1241/1150 2643/1241/1150 2641/1241/1150
f 2615/1241/1151 2642/1241/1151 2640/1241/1151
f 2642/1241/1148 2645/1241/1148 2643/1241/1148
f 2642/1241/1149 2619/1241/1149 2644/1241/1149
f 2644/1241/1146 2647/1241/1146 2645/1241/1146
f 2619/1241/1147 2646/1241/1147 2644/1241/1147
f 2647/1241/1144 2624/1241/1144 2649/1241/1144
f 2645/1241/1179 2648/1241/1179 2670/1241/1179
f 2648/1241/1177 2649/1241/1177 2650/1241/1177
f 2649/1241/1175 2652/1241/1175 2650/1241/1175
f 2673/1241/1176 2650/1241/1176 2651/1241/1176
f 2650/1241/1174 2653/1241/1174 2651/1241/1174
f 2653/1241/1173 2654/1241/1173 2655/1241/1173
f 2652/1241/1171 2629/1241/1171 2654/1241/1171
f 2654/1241/1172 2657/1241/1172 2655/1241/1172
f 2629/1241/1170 2656/1241/1170 2654/1241/1170
f 2656/1241/1196 2659/1241/1196 2657/1241/1196
f 2656/1241/1169 2633/1241/1169 2658/1241/1169
f 2659/1241/1195 2660/1241/1195 2661/1241/1195
f 2633/1241/1194 2660/1241/1194 2658/1241/1194
f 2661/1241/1190 2662/1241/1190 2663/1241/1190
f 2660/1241/1191 2637/1241/1191 2662/1241/1191
f 2662/1241/1188 2665/1241/1188 2663/1241/1188
f 2637/1241/1189 2664/1241/1189 2662/1241/1189
f 2665/1241/1186 2666/1241/1186 2667/1241/1186
f 2664/1241/1187 2641/1241/1187 2666/1241/1187
f 2666/1241/1182 2669/1241/1183 2667/1241/1182
f 2641/1241/1185 2668/1241/1185 2666/1241/1185
f 2668/1241/1180 2671/1241/1180 2669/1241/1180
f 2668/1241/1181 2645/1241/1181 2670/1241/1181
f 2671/1241/1178 2648/1241/1178 2673/1241/1178
f 2669/1241/1212 2672/1241/1212 2694/1241/1212
f 2672/1241/1210 2673/1241/1210 2674/1241/1210
f 2674/1241/1208 2651/1241/1208 2676/1241/1208
f 2672/1241/1209 2675/1241/1209 2697/1241/1209
f 2674/1241/1206 2677/1241/1206 2675/1241/1206
f 2676/1241/1204 2679/1241/1204 2677/1241/1204
f 2651/1241/1205 2678/1241/1205 2676/1241/1205
f 2679/1241/1202 2680/1241/1202 2681/1241/1202
f 2653/1241/1203 2680/1241/1203 2678/1241/1203
f 2681/1241/1201 2682/1241/1201 2683/1241/1201
f 2655/1241/1199 2682/1241/1199 2680/1241/1199
f 2683/1241/1200 2684/1241/1200 2685/1241/1200
f 2657/1241/1198 2684/1241/1198 2682/1241/1198
f 2684/1241/1223 2687/1241/1223 2685/1241/1223
f 2684/1241/1197 2661/1241/1197 2686/1241/1197
f 2686/1241/1702 2689/1241/1220 2687/1241/1220
f 2686/1241/1221 2663/1241/1221 2688/1241/1221
f 2688/1241/1218 2691/1241/1218 2689/1241/1218
f 2688/1241/1219 2665/1241/1219 2690/1241/1219
f 2691/1241/1216 2692/1241/1216 2693/1241/1216
f 2690/1241/1217 2667/1241/1217 2692/1241/1217
f 2693/1241/1213 2694/1241/1213 2695/1241/1213
f 2667/1241/1380 2694/1241/1380 2692/1241/1380
f 2695/1241/1211 2672/1241/1211 2697/1241/1211
f 2693/1241/1244 2696/1241/1244 2718/1241/1244
f 2695/1241/1242 2698/1241/1242 2696/1241/1242
f 2698/1241/1240 2675/1241/1240 2700/1241/1240
f 2696/1241/1241 2699/1241/1241 2721/1241/1241
f 2699/1241/1239 2700/1241/1239 2701/1241/1239
f 2701/1241/1236 2702/1241/1236 2703/1241/1236
f 2700/1241/1238 2677/1241/1238 2702/1241/1238
f 2703/1241/1234 2704/1241/1234 2705/1241/1234
f 2677/1241/1235 2704/1241/1235 2702/1241/1235
f 2705/1241/1232 2706/1241/1232 2707/1241/1232
f 2704/1241/1233 2681/1241/1233 2706/1241/1233
f 2706/1241/1230 2709/1241/1230 2707/1241/1230
f 2706/1241/1381 2683/1241/1381 2708/1241/1553
f 2709/1241/1229 2710/1241/1229 2711/1241/1229
f 2708/1241/1227 2685/1241/1227 2710/1241/1227
f 2710/1241/1228 2713/1241/1228 2711/1241/1228
f 2685/1241/1226 2712/1241/1226 2710/1241/1226
f 2713/1241/1250 2714/1241/1250 2715/1241/1250
f 2687/1241/1224 2714/1241/1224 2712/1241/1224
f 2714/1241/1247 2717/1241/1247 2715/1241/1247
f 2689/1241/1248 2716/1241/1248 2714/1241/1248
f 2716/1241/1245 2719/1241/1245 2717/1241/1245
f 2716/1241/1246 2693/1241/1246 2718/1241/1246
f 2718/1241/1382 2721/1241/1382 2719/1241/1382
f 2742/1241/1275 2719/1241/1275 2720/1241/1275
f 2720/1241/1273 2721/1241/1273 2722/1241/1273
f 2722/1241/1269 2699/1241/1269 2724/1241/1269
f 2720/1241/1270 2723/1241/1270 2745/1241/1270
f 2723/1241/1268 2724/1241/1268 2725/1241/1268
f 2724/1241/1266 2727/1241/1266 2725/1241/1266
f 2699/1241/1267 2726/1241/1267 2724/1241/1267
f 2727/1241/1264 2728/1241/1264 2729/1241/1264
f 2701/1241/1265 2728/1241/1265 2726/1241/1265
f 2729/1241/1262 2730/1241/1262 2731/1241/1262
f 2703/1241/1263 2730/1241/1263 2728/1241/1263
f 2731/1241/1260 2732/1241/1260 2733/1241/1260
f 2705/1241/1261 2732/1241/1261 2730/1241/1261
f 2733/1241/1258 2734/1241/1258 2735/1241/1258
f 2707/1241/1259 2734/1241/1259 2732/1241/1259
f 2734/1241/1256 2737/1241/1256 2735/1241/1256
f 2709/1241/1257 2736/1241/1257 2734/1241/1257
f 2737/1241/1255 2738/1241/1255 2739/1241/1255
f 2736/1241/1253 2713/1241/1253 2738/1241/1253
f 2738/1241/1254 2741/1241/1254 2739/1241/1254
f 2738/1241/1252 2715/1241/1252 2740/1241/1252
f 2740/1241/1276 2743/1241/1276 2741/1241/1276
f 2740/1241/1251 2717/1241/1251 2742/1241/1251
f 2742/1241/1274 2745/1241/1274 2743/1241/1274
f 2766/1241/1278 2743/1241/1278 2744/1241/1278
f 2743/1241/1277 2746/1241/1277 2744/1241/1277
f 2746/1241/1302 2723/1241/1302 2748/1241/1302
f 2744/1241/1303 2747/1241/1303 2769/1241/1303
f 2747/1241/1301 2748/1241/1301 2749/1241/1301
f 2748/1241/1299 2751/1241/1299 2749/1241/1299
f 2723/1241/1300 2750/1241/1300 2748/1241/1300
f 2751/1241/1297 2752/1241/1297 2753/1241/1297
f 2750/1241/1298 2727/1241/1298 2752/1241/1298
f 2752/1241/1295 2755/1241/1295 2753/1241/1295
f 2727/1241/1296 2754/1241/1296 2752/1241/1296
f 2755/1241/1293 2756/1241/1293 2757/1241/1293
f 2754/1241/1294 2731/1241/1294 2756/1241/1294
f 2757/1241/1291 2758/1241/1291 2759/1241/1291
f 2731/1241/1292 2758/1241/1292 2756/1241/1292
f 2759/1241/1288 2760/1241/1288 2761/1241/1288
f 2758/1241/1290 2735/1241/1290 2760/1241/1290
f 2761/1241/1285 2762/1241/1285 2763/1241/1285
f 2735/1241/1286 2762/1241/1286 2760/1241/1286
f 2762/1241/1282 2765/1241/1282 2763/1241/1282
f 2762/1241/1283 2739/1241/1283 2764/1241/1283
f 2764/1241/1388 2767/1241/1388 2765/1241/1388
f 2739/1241/1279 2766/1241/1279 2764/1241/1279
f 2766/1241/1280 2769/1241/1280 2767/1241/1280
f 2790/1241/1311 2767/1241/1311 2768/1241/1311
f 2767/1241/1306 2770/1241/1306 2768/1241/1306
f 2770/1241/1305 2747/1241/1305 2772/1241/1305
f 2768/1241/1308 2771/1241/1308 2793/1241/1308
f 2770/1241/1307 2773/1241/1307 2771/1241/1307
f 2772/1241/1328 2775/1241/1328 2773/1241/1328
f 2747/1241/1304 2774/1241/1304 2772/1241/1304
f 2775/1241/1326 2776/1241/1326 2777/1241/1326
f 2774/1241/1327 2751/1241/1327 2776/1241/1327
f 2776/1241/1324 2779/1241/1324 2777/1241/1324
f 2751/1241/1325 2778/1241/1325 2776/1241/1325
f 2779/1241/1322 2780/1241/1322 2781/1241/1322
f 2778/1241/1323 2755/1241/1323 2780/1241/1323
f 2781/1241/1320 2782/1241/1320 2783/1241/1320
f 2755/1241/1321 2782/1241/1321 2780/1241/1321
f 2783/1241/1318 2784/1241/1318 2785/1241/1318
f 2782/1241/1319 2759/1241/1319 2784/1241/1319
f 2784/1241/1316 2787/1241/1316 2785/1241/1316
f 2759/1241/1317 2786/1241/1317 2784/1241/1317
f 2787/1241/1314 2788/1241/1314 2789/1241/1314
f 2786/1241/1315 2763/1241/1315 2788/1241/1315
f 2788/1241/1312 2791/1241/1312 2789/1241/1312
f 2763/1241/1313 2790/1241/1313 2788/1241/1313
f 2791/1241/1309 2768/1241/1309 2793/1241/1309
f 2789/1241/1340 2792/1241/1340 2814/1241/1340
f 2791/1241/1337 2794/1241/1337 2792/1241/1337
f 2794/1241/1335 2771/1241/1335 2796/1241/1335
f 2816/1241/1336 2794/1241/1336 2795/1241/1336
f 2795/1241/1334 2796/1241/1334 2797/1241/1334
f 2796/1241/1333 2799/1241/1333 2797/1241/1333
f 2796/1241/1331 2773/1241/1331 2798/1241/1331
f 2799/1241/1390 2800/1241/1390 2801/1241/1390
f 2798/1241/1330 2775/1241/1330 2800/1241/1330
f 2800/1241/1353 2803/1241/1353 2801/1241/1353
f 2800/1241/1329 2777/1241/1329 2802/1241/1329
f 2803/1241/1351 2804/1241/1351 2805/1241/1351
f 2777/1241/1352 2804/1241/1352 2802/1241/1352
f 2804/1241/1349 2807/1241/1349 2805/1241/1349
f 2779/1241/1350 2806/1241/1350 2804/1241/1350
f 2807/1241/1347 2808/1241/1347 2809/1241/1347
f 2781/1241/1348 2808/1241/1348 2806/1241/1348
f 2808/1241/1345 2811/1241/1345 2809/1241/1345
f 2783/1241/1346 2810/1241/1346 2808/1241/1346
f 2810/1241/1343 2813/1241/1343 2811/1241/1343
f 2810/1241/1344 2787/1241/1344 2812/1241/1344
f 2812/1241/1341 2815/1241/1341 2813/1241/1341
f 2812/1241/1342 2789/1241/1342 2814/1241/1342
f 2815/1241/1339 2792/1241/1339 2816/1241/1339
f 2818/1241/1362 2815/1241/1362 2249/1241/1362
f 2815/1241/1361 2817/1241/1361 2249/1241/1361
f 2816/1241/1359 2272/1241/1359 2817/1241/1360
f 2819/1241/1364 2813/1241/1364 2818/1241/1364
f 2819/1241/1363 2250/1241/1363 2821/1241/1363
f 2820/1241/1366 2811/1241/1366 2819/1241/1366
f 2291/1241/1365 2819/1241/1365 2821/1241/1365
f 2290/1241/1367 2809/1241/1367 2820/1241/1367
f 2805/1241/1368 2290/1241/1368 2288/1241/1368
f 2803/1241/1354 2288/1241/1354 2286/1241/1354
f 2822/1241/1355 2803/1241/1355 2286/1241/1355
f 2276/1241/1356 2801/1241/1356 2822/1241/1356
f 2797/1241/1357 2276/1241/1357 2274/1241/1357
f 2795/1241/1358 2274/1241/1358 2272/1241/1358
f 2826/1242/1703 2850/1243/1703 2842/1244/1703
f 2823/1245/1704 2825/1246/1704 2824/1247/1704
f 2826/1248/1705 2825/1246/1705 2823/1245/1705
f 2827/1249/1706 2825/1246/1706 2826/1248/1706
f 2828/1250/1707 2825/1246/1707 2827/1249/1707
f 2829/1251/1708 2825/1246/1708 2828/1250/1708
f 2830/1252/1709 2825/1246/1709 2829/1251/1709
f 2831/1253/1710 2825/1246/1710 2830/1252/1710
f 2832/1254/1711 2825/1246/1711 2831/1253/1711
f 2833/1255/1712 2825/1246/1712 2832/1254/1712
f 2834/1256/1713 2825/1246/1713 2833/1255/1713
f 2835/1257/1714 2825/1246/1714 2834/1256/1714
f 2836/1258/1715 2825/1246/1715 2835/1257/1715
f 2837/1259/1716 2825/1246/1716 2836/1258/1716
f 2838/1260/1717 2825/1246/1717 2837/1259/1717
f 2839/1261/1718 2825/1246/1718 2838/1260/1718
f 2840/1262/1719 2825/1246/1719 2839/1261/1719
f 2841/1263/1720 2825/1246/1720 2840/1262/1720
f 2842/1264/1721 2825/1246/1721 2841/1263/1721
f 2843/1265/1722 2825/1246/1722 2842/1264/1722
f 2844/1266/1723 2825/1246/1723 2843/1265/1723
f 2845/1267/1724 2825/1246/1724 2844/1266/1724
f 2846/1268/1725 2825/1246/1725 2845/1267/1725
f 2847/1269/1726 2825/1246/1726 2846/1268/1726
f 2848/1270/1727 2825/1246/1727 2847/1269/1727
f 2849/1271/1728 2825/1246/1728 2848/1270/1728
f 2850/1272/1729 2825/1246/1729 2849/1271/1729
f 2851/1273/1730 2825/1246/1730 2850/1272/1730
f 2852/1274/1731 2825/1246/1731 2851/1273/1731
f 2853/1275/1732 2825/1246/1732 2852/1274/1732
f 2854/1276/1733 2825/1246/1733 2853/1275/1733
f 2855/1277/1734 2825/1246/1734 2854/1276/1734
f 2824/1247/1735 2825/1246/1735 2855/1277/1735
f 2856/1278/1391 2862/1279/1391 2860/1279/1391
f 2858/1279/1392 2857/1279/1392 2856/1278/1392
f 2859/1279/1393 2858/1279/1393 2856/1278/1393
f 2863/1280/1394 2856/1278/1394 2860/1279/1394
f 2865/1278/1395 2860/1279/1395 2861/1281/1395
f 2860/1279/1396 2875/1278/1396 2861/1281/1396
f 2864/1279/1397 2859/1279/1397 2863/1280/1397
f 2864/1279/1398 2865/1278/1398 2866/1279/1398
f 2868/1279/1399 2865/1278/1399 2867/1281/1399
f 2867/1281/1401 2861/1281/1401 2870/1278/1401
f 2868/1279/1402 2869/1278/1402 2910/1281/1402
f 2867/1281/1403 2871/1279/1403 2869/1278/1403
f 2871/1279/1404 2872/1280/1404 2873/1278/1404
f 2861/1281/1405 2872/1280/1405 2870/1278/1405
f 2873/1278/1406 2874/1278/1406 2922/1281/1406
f 2875/1278/1407 2874/1278/1407 2872/1280/1407
f 2875/1278/1408 2878/1279/1408 2876/1279/1408
f 2876/1279/1409 2925/1281/1409 2874/1278/1409
f 2876/1279/1410 2879/1278/1410 2877/1281/1736
f 2857/1279/1411 2878/1279/1411 2862/1279/1411
f 2878/1279/1413 2882/1279/1413 2879/1278/1413
f 2857/1279/1414 2881/1278/1414 2880/1281/1414
f 2881/1278/1415 2882/1279/1415 2880/1281/1415
f 2883/1279/1416 2884/1278/1416 2882/1279/1416
f 2879/1278/1417 2884/1278/1417 2887/1279/1417
f 2884/1278/1418 3431/1279/1418 2886/1281/1737
f 2884/1278/1419 2889/1279/1419 2887/1279/1419
f 2877/1281/1421 2887/1279/1421 2888/1281/1421
f 2888/1281/1422 2889/1279/1422 2890/1278/1422
f 2890/1278/1424 2891/1281/1424 2892/1279/1424
f 2886/1281/1425 2891/1281/1425 2889/1279/1425
f 2891/1281/1426 2933/1281/1426 2892/1279/1426
f 2891/1281/1427 2896/1279/1427 2893/1278/1427
f 2886/1281/1428 2895/1278/1428 2894/1279/1428
f 2895/1278/1429 2896/1279/1429 2894/1279/1429
f 2896/1279/1430 2899/1278/1430 2898/1278/1430
f 2896/1279/1431 2901/1281/1431 2893/1278/1432
f 2898/1278/1433 3429/1279/1433 2900/1280/1433
f 2898/1278/1434 2903/1278/1434 2901/1281/1434
f 2893/1278/1435 2902/1281/1435 2933/1281/1435
f 2901/1281/1436 2904/1279/1436 2902/1281/1436
f 2903/1278/1437 2866/1279/1437 2904/1279/1437
f 2900/1280/1438 2864/1279/1438 2903/1278/1438
f 2906/1278/1439 2904/1279/1439 2905/1278/1439
f 2905/1278/1440 2866/1279/1440 2868/1279/1440
f 2908/1279/1441 2905/1278/1441 2907/1281/1441
f 2905/1278/1442 2910/1281/1442 2907/1281/1442
f 2937/1278/1443 2907/1281/1443 2909/1279/1443
f 2909/1279/1444 2910/1281/1444 2911/1278/1444
f 2911/1278/1445 2869/1278/1445 2913/1281/1445
f 2909/1279/1446 2912/1281/1446 2940/1278/1446
f 2911/1278/1447 2914/1278/1447 2912/1281/1447
f 2914/1278/1448 2915/1279/1448 2916/1279/1448
f 2913/1281/1449 2871/1279/1449 2915/1279/1449
f 2915/1279/1450 2918/1279/1450 2916/1279/1450
f 2871/1279/1451 2917/1279/1451 2915/1279/1451
f 2918/1279/1452 2919/1281/1452 2920/1279/1452
f 2873/1278/1453 2919/1281/1453 2917/1279/1453
f 2920/1279/1455 2921/1279/1455 2956/1278/1455
f 2919/1281/1456 2923/1278/1456 2921/1279/1456
f 2874/1278/1457 2923/1278/1457 2922/1281/1457
f 2921/1279/1458 2924/1279/1458 2959/1279/1458
f 2923/1278/1459 2926/1278/1459 2924/1279/1459
f 2877/1281/1460 2926/1278/1460 2925/1281/1460
f 2926/1278/1461 2928/1281/1461 2924/1279/1461
f 2888/1281/1463 2927/1279/1463 2926/1278/1463
f 2928/1281/1464 2929/1279/1464 2930/1281/1464
f 2927/1279/1465 2892/1279/1465 2929/1279/1465
f 2929/1279/1466 2932/1278/1466 2930/1281/1466
f 2892/1279/1467 2931/1281/1467 2929/1279/1467
f 2932/1278/1468 2906/1278/1468 2908/1279/1468
f 2931/1281/1469 2902/1281/1469 2906/1278/1469
f 2935/1278/1470 2932/1278/1470 2934/1280/1470
f 2934/1280/1471 2908/1279/1471 2937/1278/1471
f 2962/1278/1472 2934/1280/1472 2936/1278/1472
f 2934/1280/1473 2938/1280/1473 2936/1278/1473
f 2938/1280/1474 2909/1279/1474 2940/1278/1474
f 2936/1278/1475 2939/1278/1475 2965/1281/1475
f 2938/1280/1476 2941/1279/1476 2939/1278/1476
f 2940/1278/1477 2943/1279/1477 2941/1279/1477
f 2968/1278/1478 2941/1279/1478 2942/1281/1478
f 2941/1279/1479 2944/1279/1479 2942/1281/1479
f 2944/1279/1480 2945/1281/1480 2946/1278/1480
f 2943/1279/1481 2914/1278/1481 2945/1281/1481
f 2945/1281/1482 2948/1279/1482 2946/1278/1482
f 2914/1278/1483 2947/1279/1483 2945/1281/1483
f 2948/1279/1484 2949/1278/1484 2950/1281/1484
f 2947/1279/1485 2918/1279/1485 2949/1278/1485
f 2949/1278/1486 2952/1281/1486 2950/1281/1486
f 2918/1279/1487 2951/1278/1487 2949/1278/1487
f 2951/1278/1488 2954/1278/1488 2952/1281/1488
f 2951/1278/1489 2956/1278/1489 2953/1280/1489
f 2954/1278/1490 2955/1278/1490 2988/1281/1490
f 2953/1280/1491 2957/1279/1491 2955/1278/1491
f 2921/1279/1492 2957/1279/1492 2956/1278/1492
f 2957/1279/1493 2961/1278/1493 2955/1278/1493
f 2959/1279/1494 2958/1280/1494 2957/1279/1494
f 2924/1279/1496 2960/1278/1496 2959/1279/1496
f 2958/1280/1498 2935/1278/1498 2962/1278/1498
f 2960/1278/1499 2930/1281/1499 2935/1278/1499
f 2961/1278/1500 2962/1278/1500 2963/1281/1500
f 2963/1281/1501 2936/1278/1501 2965/1281/1501
f 2989/1281/1502 2963/1281/1502 2964/1279/1502
f 2964/1279/1503 2965/1281/1503 2966/1278/1503
f 2965/1281/1504 2968/1278/1504 2966/1278/1504
f 2991/1279/1505 2966/1278/1505 2967/1279/1505
f 2966/1278/1506 2969/1281/1506 2967/1279/1506
f 2969/1281/1507 2942/1281/1507 2971/1281/1507
f 2967/1279/1508 2970/1278/1508 2994/1281/1508
f 2970/1278/1509 2971/1281/1509 2972/1278/1509
f 2972/1278/1510 2973/1278/1510 2974/1281/1510
f 2942/1281/1511 2973/1278/1511 2971/1281/1511
f 2973/1278/1512 2976/1281/1512 2974/1281/1512
f 2944/1279/1513 2975/1279/1513 2973/1278/1513
f 2976/1281/1514 2977/1281/1514 2978/1278/1514
f 2946/1278/1515 2977/1281/1515 2975/1279/1515
f 2977/1281/1516 2980/1281/1516 2978/1278/1516
f 2977/1281/1517 2950/1281/1517 2979/1278/1517
f 2979/1278/1518 2982/1279/1518 2980/1281/1518
f 2950/1281/1519 2981/1278/1519 2979/1278/1519
f 2982/1279/1520 2983/1280/1520 2984/1278/1520
f 2981/1278/1521 2954/1278/1521 2983/1280/1521
f 2983/1280/1522 2986/1281/1522 2984/1278/1522
f 2954/1278/1523 2985/1279/1523 2983/1280/1523
f 2986/1281/1524 2987/1278/1524 2990/1279/1524
f 2985/1279/1525 2989/1281/1525 2987/1278/1525
f 2955/1278/1526 2989/1281/1526 2988/1281/1526
f 2989/1281/1527 2991/1279/1527 2987/1278/1527
f 2987/1278/1528 2992/1279/1528 2990/1279/1528
f 2992/1279/1529 2967/1279/1529 2994/1281/1529
f 3015/1281/1530 2992/1279/1530 2993/1281/1530
f 2992/1279/1531 2995/1278/1531 2993/1281/1531
f 2994/1281/1532 2997/1279/1532 2995/1278/1532
f 2993/1281/1533 2996/1278/1533 3018/1279/1533
f 2996/1278/1238 2997/1279/1238 2998/1281/1238
f 2998/1281/1534 2999/1279/1534 3000/1279/1534
f 2997/1279/1535 2972/1278/1535 2999/1279/1535
f 2999/1279/1536 3002/1279/1536 3000/1279/1536
f 2999/1279/1537 2974/1281/1537 3001/1278/1537
f 3001/1278/1213 3004/1278/1213 3002/1279/1213
f 3001/1278/1539 2976/1281/1539 3003/1281/1539
f 3003/1281/1540 3006/1279/1540 3004/1278/1540
f 3003/1281/1541 2978/1278/1541 3005/1281/1541
f 3006/1279/1542 3007/1279/1542 3008/1279/1542
f 2978/1278/1543 3007/1279/1543 3005/1281/1543
f 3008/1279/1224 3009/1278/1224 3010/1280/1224
f 2980/1281/1544 3009/1278/1544 3007/1279/1544
f 3010/1280/1546 3011/1279/1546 3012/1278/1546
f 2982/1279/1547 3011/1279/1547 3009/1278/1547
f 3012/1278/1548 3013/1278/1548 3014/1281/1548
f 3011/1279/1549 2986/1281/1549 3013/1278/1549
f 3013/1278/1201 3016/1278/1201 3014/1281/1201
f 3013/1278/1550 2990/1279/1550 3015/1281/1550
f 3016/1278/1552 2993/1281/1552 3018/1279/1552
f 3014/1281/1381 3017/1279/1381 3039/1279/1381
f 3017/1279/1554 3018/1279/1554 3019/1279/1554
f 3018/1279/1555 3021/1281/1555 3019/1279/1555
f 3042/1280/1556 3019/1279/1556 3020/1278/1556
f 3019/1279/1557 3022/1279/1557 3020/1278/1557
f 3021/1281/1558 3024/1281/1558 3022/1279/1558
f 3021/1281/1206 2998/1281/1206 3023/1278/1206
f 3023/1278/1559 3026/1278/1559 3024/1281/1559
f 3023/1278/1560 3000/1279/1560 3025/1281/1560
f 3025/1281/1561 3028/1279/1561 3026/1278/1561
f 3025/1281/1562 3002/1279/1562 3027/1279/1562
f 3028/1279/1563 3029/1279/1563 3030/1279/1563
f 3027/1279/1244 3004/1278/1244 3029/1279/1244
f 3029/1279/1564 3032/1280/1564 3030/1279/1564
f 3004/1278/1565 3031/1278/1565 3029/1279/1565
f 3032/1280/1566 3033/1279/1566 3034/1279/1566
f 3006/1279/1567 3033/1279/1567 3031/1278/1567
f 3033/1279/1568 3036/1278/1568 3034/1279/1568
f 3033/1279/1220 3010/1280/1220 3035/1279/1738
f 3036/1278/1570 3037/1279/1570 3038/1279/1570
f 3010/1280/1571 3037/1279/1571 3035/1279/1571
f 3038/1279/1572 3039/1279/1572 3040/1278/1572
f 3037/1279/1573 3014/1281/1573 3039/1279/1573
f 3040/1278/1575 3017/1279/1575 3042/1280/1575
f 3038/1279/1576 3041/1279/1576 3063/1279/1576
f 3041/1279/1577 3042/1280/1577 3043/1278/1577
f 3043/1278/1578 3020/1278/1578 3045/1279/1578
f 3066/1279/1579 3043/1278/1579 3044/1278/1579
f 3043/1278/1580 3046/1279/1580 3044/1278/1580
f 3046/1279/1581 3047/1281/1581 3048/1279/1581
f 3020/1278/1582 3047/1281/1582 3045/1279/1582
f 3047/1281/1583 3050/1278/1583 3048/1279/1583
f 3022/1279/1584 3049/1279/1584 3047/1281/1584
f 3049/1279/1585 3052/1279/1585 3050/1278/1585
f 3049/1279/1586 3026/1278/1586 3051/1281/1586
f 3051/1281/1587 3054/1281/1587 3052/1279/1587
f 3026/1278/1588 3053/1279/1588 3051/1281/1588
f 3054/1281/1589 3055/1278/1589 3056/1279/1589
f 3053/1279/1590 3030/1279/1590 3055/1278/1590
f 3055/1278/1591 3058/1279/1591 3056/1279/1591
f 3030/1279/1592 3057/1278/1592 3055/1278/1592
f 3058/1279/1593 3059/1279/1593 3060/1281/1593
f 3057/1278/1594 3034/1279/1594 3059/1279/1594
f 3059/1279/1696 3062/1278/1696 3060/1281/1696
f 3034/1279/1596 3061/1281/1596 3059/1279/1596
f 3062/1278/1597 3063/1279/1597 3064/1281/1597
f 3061/1281/1598 3038/1279/1598 3063/1279/1598
f 3064/1281/1599 3041/1279/1599 3066/1279/1599
f 3062/1278/1600 3065/1281/1600 3087/1278/1600
f 3064/1281/1601 3067/1279/1601 3065/1281/1601
f 3067/1279/1602 3044/1278/1602 3069/1281/1602
f 3090/1279/1603 3067/1279/1603 3068/1279/1603
f 3068/1279/1604 3069/1281/1604 3070/1279/1604
f 3069/1281/1605 3072/1278/1605 3070/1279/1605
f 3044/1278/1606 3071/1279/1606 3069/1281/1606
f 3072/1278/1607 3073/1278/1607 3074/1280/1607
f 3071/1279/1608 3048/1279/1608 3073/1278/1608
f 3073/1278/1609 3076/1278/1609 3074/1280/1609
f 3048/1279/1610 3075/1281/1610 3073/1278/1610
f 3075/1281/1611 3078/1278/1611 3076/1278/1611
f 3075/1281/1612 3052/1279/1612 3077/1281/1612
f 3078/1278/1613 3079/1278/1613 3080/1281/1613
f 3052/1279/1614 3079/1278/1614 3077/1281/1614
f 3079/1278/1615 3082/1281/1615 3080/1281/1615
f 3054/1281/1616 3081/1281/1616 3079/1278/1616
f 3081/1281/1617 3084/1278/1617 3082/1281/1617
f 3081/1281/1618 3058/1279/1618 3083/1279/1618
f 3084/1278/1619 3085/1279/1619 3086/1279/1619
f 3058/1279/1620 3085/1279/1620 3083/1279/1620
f 3086/1279/1621 3087/1278/1621 3088/1279/1621
f 3085/1279/1622 3062/1278/1622 3087/1278/1622
f 3087/1278/1623 3090/1279/1623 3088/1279/1623
f 3111/1278/1624 3088/1279/1624 3089/1281/1624
f 3088/1279/1625 3091/1278/1625 3089/1281/1625
f 3090/1279/1626 3093/1281/1626 3091/1278/1626
f 3089/1281/1627 3092/1278/1627 3114/1281/1627
f 3091/1278/1628 3094/1279/1628 3092/1278/1628
f 3094/1279/1629 3095/1278/1629 3096/1281/1629
f 3068/1279/1630 3095/1278/1630 3093/1281/1630
f 3095/1278/1631 3098/1278/1631 3096/1281/1631
f 3070/1279/1632 3097/1280/1632 3095/1278/1632
f 3098/1278/1633 3099/1278/1633 3100/1281/1633
f 3097/1280/1634 3074/1280/1634 3099/1278/1634
f 3099/1278/1635 3102/1279/1635 3100/1281/1635
f 3099/1278/1636 3076/1278/1636 3101/1281/1636
f 3102/1279/1637 3103/1279/1637 3104/1278/1637
f 3101/1281/1638 3078/1278/1638 3103/1279/1638
f 3104/1278/1639 3105/1281/1639 3106/1279/1639
f 3103/1279/1640 3080/1281/1640 3105/1281/1640
f 3106/1279/1641 3107/1278/1641 3108/1281/1739
f 3080/1281/1642 3107/1278/1642 3105/1281/1642
f 3108/1281/1643 3109/1281/1643 3110/1279/1643
f 3082/1281/1644 3109/1281/1644 3107/1278/1644
f 3109/1281/1645 3112/1278/1645 3110/1279/1645
f 3109/1281/1646 3086/1279/1646 3111/1278/1646
f 3111/1278/1647 3114/1281/1647 3112/1278/1647
f 3135/1279/1648 3112/1278/1648 3113/1280/1648
f 3112/1278/1649 3115/1278/1649 3113/1280/1649
f 3114/1281/1650 3117/1279/1650 3115/1278/1650
f 3113/1280/1651 3116/1279/1651 3138/1278/1651
f 3116/1279/1652 3117/1279/1652 3118/1281/1652
f 3117/1279/1653 3120/1279/1653 3118/1281/1653
f 3092/1278/1654 3119/1278/1654 3117/1279/1654
f 3119/1278/1655 3122/1278/1655 3120/1279/1655
f 3119/1278/1657 3096/1281/1657 3121/1281/1657
f 3121/1281/1658 3124/1281/1658 3122/1278/1658
f 3096/1281/1659 3123/1279/1659 3121/1281/1659
f 3124/1281/1660 3125/1278/1660 3126/1279/1660
f 3123/1279/1661 3100/1281/1661 3125/1278/1661
f 3126/1279/1662 3127/1281/1662 3128/1279/1662
f 3100/1281/1663 3127/1281/1663 3125/1278/1663
f 3128/1279/1664 3129/1279/1664 3130/1279/1664
f 3127/1281/1665 3104/1278/1665 3129/1279/1665
f 3129/1279/1666 3132/1278/1666 3130/1279/1666
f 3129/1279/1667 3106/1279/1667 3131/1279/1667
f 3132/1278/1668 3133/1278/1668 3134/1281/1668
f 3131/1279/1669 3108/1281/1669 3133/1278/1669
f 3133/1278/1670 3136/1281/1670 3134/1281/1670
f 3108/1281/1671 3135/1279/1671 3133/1278/1671
f 3136/1281/1672 3113/1280/1672 3138/1278/1672
f 3134/1281/1673 3137/1278/1673 3159/1281/1673
f 3137/1278/1674 3138/1278/1674 3139/1281/1674
f 3138/1278/1675 3141/1279/1675 3139/1281/1675
f 3162/1281/1428 3139/1281/1428 3140/1279/1428
f 3139/1281/1418 3142/1279/1418 3140/1279/1418
f 3142/1279/1416 3143/1279/1416 3144/1279/1416
f 3116/1279/1676 3143/1279/1676 3141/1279/1676
f 3144/1279/1415 3145/1279/1415 3146/1281/1415
f 3143/1279/1677 3120/1279/1677 3145/1279/1677
f 3145/1279/1414 3148/1278/1414 3146/1281/1414
f 3145/1279/1679 3122/1278/1679 3147/1279/1680
f 3148/1278/1392 3149/1278/1392 3150/1281/1392
f 3147/1279/1681 3124/1281/1681 3149/1278/1681
f 3149/1278/1393 3152/1278/1393 3150/1281/1393
f 3124/1281/1682 3151/1281/1682 3149/1278/1682
f 3152/1278/1683 3153/1278/1683 3154/1279/1683
f 3126/1279/1684 3153/1278/1684 3151/1281/1684
f 3153/1278/1686 3156/1281/1686 3154/1279/1686
f 3128/1279/1687 3155/1281/1687 3153/1278/1687
f 3156/1281/1433 3157/1279/1433 3158/1278/1433
f 3155/1281/1688 3132/1278/1688 3157/1279/1688
f 3158/1278/1430 3159/1281/1430 3160/1278/1430
f 3157/1279/1690 3134/1281/1690 3159/1281/1690
f 3159/1281/1429 3162/1281/1429 3160/1278/1429
f 3158/1278/1431 3161/1279/1431 3183/1281/1431
f 3161/1279/1427 3162/1281/1427 3163/1279/1427
f 3162/1281/1425 3165/1281/1425 3163/1279/1425
f 3186/1281/1426 3163/1279/1426 3164/1279/1426
f 3163/1279/1424 3166/1278/1424 3164/1279/1424
f 3166/1278/1422 3167/1278/1422 3168/1281/1422
f 3165/1281/1419 3142/1279/1419 3167/1278/1419
f 3168/1281/1421 3169/1279/1421 3170/1279/1421
f 3142/1279/1417 3169/1279/1417 3167/1278/1417
f 3169/1279/1410 3172/1279/1410 3170/1279/1410
f 3144/1279/1413 3171/1278/1413 3169/1279/1413
f 3171/1278/1408 3174/1278/1408 3172/1279/1408
f 3171/1278/1411 3148/1278/1411 3173/1280/1411
f 3173/1280/1396 3176/1278/1396 3174/1278/1396
f 3148/1278/1391 3175/1278/1391 3173/1280/1391
f 3176/1278/1395 3177/1281/1395 3178/1279/1395
f 3175/1278/1394 3152/1278/1394 3177/1281/1394
f 3178/1279/1398 3179/1278/1398 3180/1281/1398
f 3152/1278/1397 3179/1278/1397 3177/1281/1397
f 3180/1281/1437 3181/1278/1437 3182/1279/1437
f 3179/1278/1438 3156/1281/1438 3181/1278/1438
f 3181/1278/1436 3184/1279/1436 3182/1279/1436
f 3156/1281/1434 3183/1281/1434 3181/1278/1434
f 3183/1281/1435 3186/1281/1435 3184/1279/1435
f 3207/1279/1439 3184/1279/1439 3185/1279/1439
f 3185/1279/1469 3186/1281/1469 3187/1278/1469
f 3187/1278/1467 3164/1279/1467 3189/1278/1467
f 3210/1279/1468 3187/1278/1468 3188/1279/1468
f 3187/1278/1466 3190/1281/1466 3188/1279/1466
f 3190/1281/1464 3191/1281/1464 3192/1279/1464
f 3164/1279/1465 3191/1281/1465 3189/1278/1465
f 3191/1281/1461 3194/1279/1461 3192/1279/1461
f 3166/1278/1463 3193/1278/1463 3191/1281/1463
f 3194/1279/1459 3195/1279/1459 3196/1281/1459
f 3168/1281/1460 3195/1279/1460 3193/1278/1460
f 3196/1281/1457 3197/1279/1457 3198/1279/1457
f 3170/1279/1409 3197/1279/1409 3195/1279/1409
f 3198/1279/1406 3199/1281/1406 3200/1278/1406
f 3197/1279/1407 3174/1278/1407 3199/1281/1407
f 3199/1281/1404 3202/1281/1404 3200/1278/1404
f 3174/1278/1405 3201/1279/1405 3199/1281/1405
f 3202/1281/1403 3203/1279/1403 3204/1281/1403
f 3201/1279/1401 3178/1279/1401 3203/1279/1401
f 3203/1279/1402 3206/1278/1402 3204/1281/1740
f 3178/1279/1399 3205/1281/1399 3203/1279/1399
f 3206/1278/1442 3207/1279/1442 3208/1279/1442
f 3205/1281/1440 3182/1279/1440 3207/1279/1440
f 3208/1279/1441 3185/1279/1441 3210/1279/1441
f 3231/1279/1444 3208/1279/1444 3209/1279/1444
f 3209/1279/1443 3210/1279/1443 3211/1281/1443
f 3211/1281/1471 3188/1279/1471 3213/1278/1471
f 3209/1279/1474 3212/1278/1474 3234/1281/1474
f 3211/1281/1473 3214/1279/1473 3212/1278/1473
f 3214/1279/1472 3215/1281/1472 3216/1279/1472
f 3213/1278/1470 3190/1281/1470 3215/1281/1470
f 3215/1281/1498 3218/1281/1498 3216/1279/1498
f 3190/1281/1499 3217/1278/1499 3215/1281/1499
f 3218/1281/1494 3219/1281/1494 3220/1279/1494
f 3192/1279/1496 3219/1281/1496 3217/1278/1496
f 3220/1279/1492 3221/1279/1492 3222/1278/1492
f 3194/1279/1458 3221/1279/1458 3219/1281/1458
f 3222/1278/1455 3223/1278/1455 3224/1281/1455
f 3196/1281/1456 3223/1278/1456 3221/1279/1456
f 3224/1281/1452 3225/1280/1452 3226/1278/1452
f 3198/1279/1453 3225/1280/1453 3223/1278/1453
f 3226/1278/1450 3227/1279/1450 3228/1279/1450
f 3225/1280/1451 3202/1281/1451 3227/1279/1451
f 3227/1279/1448 3230/1279/1448 3228/1279/1448
f 3202/1281/1449 3229/1278/1449 3227/1279/1449
f 3229/1278/1447 3232/1281/1447 3230/1279/1447
f 3204/1281/1445 3231/1279/1445 3229/1278/1445
f 3231/1279/1446 3234/1281/1446 3232/1281/1446
f 3255/1278/1481 3232/1281/1481 3233/1281/1481
f 3233/1281/1477 3234/1281/1477 3235/1278/1477
f 3235/1278/1476 3212/1278/1476 3237/1279/1476
f 3258/1278/1479 3235/1278/1479 3236/1279/1479
f 3236/1279/1478 3237/1279/1478 3238/1281/1478
f 3237/1279/1504 3240/1281/1504 3238/1281/1504
f 3212/1278/1475 3239/1279/1475 3237/1279/1475
f 3240/1281/1503 3241/1279/1503 3242/1278/1503
f 3239/1279/1501 3216/1279/1501 3241/1279/1501
f 3241/1279/1502 3244/1279/1502 3242/1278/1502
f 3216/1279/1500 3243/1279/1500 3241/1279/1500
f 3244/1279/1526 3245/1278/1526 3246/1281/1526
f 3243/1279/1493 3220/1279/1493 3245/1278/1493
f 3245/1278/1490 3248/1279/1490 3246/1281/1490
f 3245/1278/1491 3222/1278/1491 3247/1281/1491
f 3247/1281/1488 3250/1281/1488 3248/1279/1488
f 3222/1278/1489 3249/1279/1489 3247/1281/1489
f 3249/1279/1486 3252/1279/1486 3250/1281/1486
f 3224/1281/1487 3251/1279/1487 3249/1279/1487
f 3252/1279/1484 3253/1281/1484 3254/1278/1484
f 3251/1279/1485 3228/1279/1485 3253/1281/1485
f 3253/1281/1482 3256/1281/1482 3254/1278/1482
f 3228/1279/1483 3255/1278/1483 3253/1281/1483
f 3256/1281/1480 3233/1281/1480 3258/1278/1480
f 3254/1278/1515 3257/1281/1515 3279/1281/1515
f 3257/1281/1513 3258/1278/1513 3259/1278/1513
f 3258/1278/1511 3261/1279/1511 3259/1278/1511
f 3282/1278/1512 3259/1278/1512 3260/1279/1512
f 3259/1278/1510 3262/1281/1510 3260/1279/1510
f 3262/1281/1509 3263/1278/1509 3264/1278/1509
f 3236/1279/1507 3263/1278/1507 3261/1279/1507
f 3263/1278/1508 3266/1281/1508 3264/1278/1508
f 3238/1281/1506 3265/1279/1506 3263/1278/1506
f 3266/1281/1529 3267/1281/1529 3268/1278/1529
f 3265/1279/1505 3242/1278/1505 3267/1281/1505
f 3268/1278/1528 3269/1279/1528 3270/1281/1528
f 3242/1278/1527 3269/1279/1527 3267/1281/1527
f 3269/1279/1524 3272/1278/1524 3270/1281/1524
f 3269/1279/1525 3246/1281/1525 3271/1281/1525
f 3271/1281/1522 3274/1281/1522 3272/1278/1522
f 3271/1281/1523 3248/1279/1523 3273/1278/1523
f 3274/1281/1520 3275/1279/1520 3276/1279/1520
f 3273/1278/1521 3250/1281/1521 3275/1279/1521
f 3275/1279/1518 3278/1279/1518 3276/1279/1518
f 3250/1281/1519 3277/1278/1519 3275/1279/1519
f 3278/1279/1516 3279/1281/1516 3280/1281/1516
f 3277/1278/1517 3254/1278/1517 3279/1281/1517
f 3279/1281/1514 3282/1278/1514 3280/1281/1514
f 3303/1281/1543 3280/1281/1543 3281/1278/1543
f 3280/1281/1541 3283/1281/1541 3281/1278/1541
f 3282/1278/1539 3285/1281/1539 3283/1281/1539
f 3281/1278/1540 3284/1278/1540 3306/1278/1540
f 3283/1281/1213 3286/1281/1213 3284/1278/1213
f 3286/1281/1536 3287/1278/1536 3288/1281/1536
f 3285/1281/1537 3262/1281/1537 3287/1278/1537
f 3288/1281/1534 3289/1281/1534 3290/1279/1534
f 3287/1278/1535 3264/1278/1535 3289/1281/1535
f 3290/1279/1238 3291/1278/1238 3292/1279/1238
f 3264/1278/1532 3291/1278/1532 3289/1281/1532
f 3291/1278/1533 3294/1278/1533 3292/1279/1533
f 3266/1281/1531 3293/1281/1531 3291/1278/1531
f 3293/1281/1552 3296/1278/1552 3294/1278/1552
f 3293/1281/1530 3270/1281/1530 3295/1279/1530
f 3295/1279/1201 3298/1279/1201 3296/1278/1201
f 3270/1281/1550 3297/1281/1550 3295/1279/1550
f 3297/1281/1548 3300/1281/1548 3298/1279/1548
f 3272/1278/1549 3299/1279/1549 3297/1281/1549
f 3300/1281/1546 3301/1278/1546 3302/1279/1546
f 3299/1279/1547 3276/1279/1547 3301/1278/1547
f 3301/1278/1224 3304/1281/1224 3302/1279/1224
f 3276/1279/1544 3303/1281/1544 3301/1278/1544
f 3304/1281/1542 3281/1278/1542 3306/1278/1542
f 3327/1281/1220 3304/1281/1220 3305/1278/1220
f 3304/1281/1567 3307/1280/1567 3305/1278/1567
f 3307/1280/1565 3284/1278/1565 3309/1278/1565
f 3330/1279/1566 3307/1280/1566 3308/1278/1566
f 3307/1280/1564 3310/1280/1564 3308/1278/1564
f 3310/1280/1563 3311/1279/1563 3312/1278/1563
f 3284/1278/1244 3311/1279/1244 3309/1278/1244
f 3312/1278/1561 3313/1278/1561 3314/1280/1561
f 3286/1281/1562 3313/1278/1562 3311/1279/1562
f 3314/1280/1559 3315/1279/1559 3316/1278/1559
f 3313/1278/1560 3290/1279/1560 3315/1279/1560
f 3315/1279/1558 3318/1281/1558 3316/1278/1558
f 3290/1279/1206 3317/1279/1206 3315/1279/1741
f 3317/1279/1557 3320/1278/1557 3318/1281/1557
f 3292/1279/1555 3319/1281/1555 3317/1279/1555
f 3320/1278/1556 3321/1281/1556 3322/1279/1556
f 3319/1281/1554 3296/1278/1554 3321/1281/1554
f 3322/1279/1575 3323/1278/1575 3324/1279/1575
f 3321/1281/1381 3298/1279/1381 3323/1278/1231
f 3324/1279/1572 3325/1278/1572 3326/1279/1572
f 3323/1278/1573 3300/1281/1573 3325/1278/1573
f 3325/1278/1570 3328/1281/1570 3326/1279/1570
f 3300/1281/1571 3327/1281/1571 3325/1278/1571
f 3327/1281/1568 3330/1279/1568 3328/1281/1568
f 3326/1279/1598 3329/1278/1598 3351/1279/1598
f 3328/1281/1596 3331/1279/1596 3329/1278/1596
f 3331/1279/1594 3308/1278/1594 3333/1281/1594
f 3354/1281/1696 3331/1279/1696 3332/1279/1696
f 3332/1279/1593 3333/1281/1593 3334/1278/1593
f 3333/1281/1591 3336/1278/1591 3334/1278/1591
f 3308/1278/1592 3335/1279/1592 3333/1281/1592
f 3335/1279/1589 3338/1279/1589 3336/1278/1589
f 3335/1279/1590 3312/1278/1590 3337/1281/1590
f 3337/1281/1587 3340/1279/1587 3338/1279/1587
f 3337/1281/1588 3314/1280/1588 3339/1278/1588
f 3340/1279/1585 3341/1281/1585 3342/1281/1585
f 3314/1280/1586 3341/1281/1586 3339/1278/1586
f 3342/1281/1583 3343/1278/1583 3344/1279/1583
f 3341/1281/1584 3318/1281/1584 3343/1278/1584
f 3344/1279/1581 3345/1281/1581 3346/1281/1581
f 3343/1278/1582 3320/1278/1582 3345/1281/1582
f 3345/1281/1580 3348/1278/1580 3346/1281/1580
f 3320/1278/1578 3347/1278/1578 3345/1281/1578
f 3348/1278/1579 3349/1281/1579 3350/1279/1579
f 3347/1278/1577 3324/1279/1577 3349/1281/1577
f 3349/1281/1599 3352/1279/1599 3350/1279/1599
f 3324/1279/1576 3351/1279/1576 3349/1281/1576
f 3351/1279/1597 3354/1281/1597 3352/1279/1597
f 3375/1279/1601 3352/1279/1601 3353/1279/1601
f 3352/1279/1600 3355/1278/1600 3353/1279/1600
f 3355/1278/1622 3332/1279/1622 3357/1279/1622
f 3378/1279/1623 3355/1278/1623 3356/1279/1623
f 3356/1279/1621 3357/1279/1621 3358/1281/1621
f 3357/1279/1619 3360/1279/1619 3358/1281/1619
f 3332/1279/1620 3359/1281/1620 3357/1279/1620
f 3359/1281/1617 3362/1278/1617 3360/1279/1617
f 3359/1281/1618 3336/1278/1618 3361/1281/1618
f 3361/1281/1615 3364/1278/1615 3362/1278/1615
f 3336/1278/1616 3363/1279/1616 3361/1281/1616
f 3363/1279/1613 3366/1281/1613 3364/1278/1613
f 3363/1279/1614 3340/1279/1614 3365/1279/1614
f 3365/1279/1611 3368/1281/1611 3366/1281/1611
f 3365/1279/1612 3342/1281/1612 3367/1278/1612
f 3368/1281/1609 3369/1280/1609 3370/1278/1609
f 3367/1278/1610 3344/1279/1610 3369/1280/1610
f 3369/1280/1607 3372/1279/1607 3370/1278/1607
f 3369/1280/1608 3346/1281/1608 3371/1278/1608
f 3372/1279/1605 3373/1279/1605 3374/1279/1605
f 3346/1281/1606 3373/1279/1606 3371/1278/1606
f 3373/1279/1604 3376/1279/1604 3374/1279/1604
f 3348/1278/1602 3375/1279/1602 3373/1279/1602
f 3376/1279/1603 3353/1279/1603 3378/1279/1603
f 3374/1279/1630 3377/1278/1630 3399/1281/1630
f 3376/1279/1626 3379/1281/1626 3377/1278/1626
f 3379/1281/1625 3356/1279/1625 3381/1279/1625
f 3377/1278/1628 3380/1278/1628 3402/1279/1628
f 3379/1281/1627 3382/1281/1627 3380/1278/1627
f 3382/1281/1647 3383/1278/1647 3384/1279/1647
f 3381/1279/1624 3358/1281/1624 3383/1278/1624
f 3383/1278/1645 3386/1281/1645 3384/1279/1645
f 3358/1281/1646 3385/1279/1646 3383/1278/1646
f 3385/1279/1643 3388/1278/1643 3386/1281/1643
f 3360/1279/1644 3387/1279/1644 3385/1279/1644
f 3387/1279/1641 3390/1279/1641 3388/1278/1641
f 3387/1279/1642 3364/1278/1642 3389/1281/1642
f 3390/1279/1639 3391/1279/1639 3392/1279/1639
f 3389/1281/1640 3366/1281/1640 3391/1279/1640
f 3391/1279/1637 3394/1279/1637 3392/1279/1637
f 3391/1279/1638 3368/1281/1638 3393/1278/1638
f 3393/1278/1635 3396/1278/1635 3394/1279/1635
f 3393/1278/1636 3370/1278/1636 3395/1281/1636
f 3396/1278/1633 3397/1279/1633 3398/1279/1633
f 3370/1278/1634 3397/1279/1634 3395/1281/1634
f 3397/1279/1631 3400/1281/1631 3398/1279/1631
f 3397/1279/1632 3374/1279/1632 3399/1281/1632
f 3400/1281/1629 3377/1278/1629 3402/1279/1629
f 3423/1279/1659 3400/1281/1659 3401/1278/1659
f 3400/1281/1657 3403/1281/1657 3401/1278/1657
f 3403/1281/1654 3380/1278/1654 3405/1279/1654
f 3425/1279/1655 3403/1281/1655 3404/1279/1655
f 3404/1279/1653 3405/1279/1653 3406/1279/1653
f 3405/1279/1652 3408/1278/1652 3406/1279/1652
f 3380/1278/1650 3407/1279/1650 3405/1279/1650
f 3407/1279/1651 3410/1281/1651 3408/1278/1651
f 3407/1279/1649 3384/1279/1649 3409/1279/1649
f 3410/1281/1672 3411/1278/1672 3412/1279/1672
f 3384/1279/1648 3411/1278/1648 3409/1279/1648
f 3411/1278/1670 3414/1279/1670 3412/1279/1670
f 3411/1278/1671 3388/1278/1671 3413/1281/1671
f 3414/1279/1668 3415/1281/1668 3416/1279/1668
f 3413/1281/1669 3390/1279/1669 3415/1281/1669
f 3416/1279/1666 3417/1278/1666 3418/1279/1666
f 3415/1281/1667 3392/1279/1667 3417/1278/1667
f 3417/1278/1664 3420/1279/1664 3418/1279/1664
f 3392/1279/1665 3419/1280/1665 3417/1278/1665
f 3419/1280/1662 3422/1278/1662 3420/1279/1662
f 3419/1280/1663 3396/1278/1663 3421/1279/1663
f 3421/1279/1660 3424/1281/1660 3422/1278/1660
f 3396/1278/1661 3423/1279/1661 3421/1279/1661
f 3424/1281/1658 3401/1278/1658 3425/1279/1658
f 3427/1279/1682 3424/1281/1682 2858/1279/1682
f 3424/1281/1681 3426/1281/1681 2858/1279/1681
f 3425/1279/1679 2881/1278/1679 3426/1281/1679
f 3428/1279/1684 3422/1278/1684 3427/1279/1684
f 3428/1279/1683 2859/1279/1683 3430/1278/1683
f 3418/1279/1687 3428/1279/1687 3429/1279/1687
f 2900/1280/1686 3428/1279/1686 3430/1278/1686
f 2899/1278/1688 3418/1279/1688 3429/1279/1688
f 3414/1279/1690 2899/1278/1690 2897/1281/1690
f 3412/1279/1673 2897/1281/1673 2895/1278/1673
f 3431/1279/1674 3412/1279/1674 2895/1278/1674
f 3408/1278/1675 3431/1279/1675 2885/1281/1675
f 3406/1279/1676 2885/1281/1676 2883/1279/1676
f 3404/1279/1677 2883/1279/1677 2881/1278/1742
s 0
f 3433/1282/210 3436/1283/3 3432/1284/6
s 1
f 3433/1282/2 3435/1285/2 3597/1286/2
s 0
f 3432/1284/1743 3438/1287/3 3434/1288/6
s 1
f 3432/1284/2 3583/1289/2 3435/1285/2
f 3436/1283/1744 3441/1290/1745 3439/1291/1745
f 3438/1287/1746 3439/1291/1747 3442/1292/1747
f 3442/1292/1748 3440/1293/1748 3444/1294/1748
f 3441/1290/1749 3440/1293/1749 3439/1291/1749
f 3442/1292/1750 3445/1295/1750 3443/1296/1750
f 3574/1297/1751 3442/1292/1751 3443/1296/1751
f 3445/1295/1752 3446/1298/1752 3447/1299/1753
f 3440/1293/1754 3446/1298/1754 3444/1294/1754
f 3447/1299/1755 3448/1300/1755 3457/1301/1755
f 3446/1298/1756 3451/1302/1756 3448/1300/1756
f 3440/1293/1757 3450/1303/1757 3449/1304/1757
f 3450/1303/1758 3451/1302/1758 3449/1304/1758
f 3451/1302/1759 3454/1305/1759 3453/1306/1759
f 3451/1302/1760 3455/1307/1761 3448/1300/1760
f 3508/1308/1762 3496/1309/2 3470/1310/2
f 3457/1301/1763 3455/1307/1764 3456/1311/1764
f 3457/1301/1765 3458/1312/1766 3459/1313/1765
f 3461/1314/1767 3458/1312/1768 3460/1315/1768
f 3463/1316/1769 3460/1315/1770 3462/1317/1770
f 3463/1316/1771 3464/1318/1772 3465/1319/1771
f 3467/1320/1773 3464/1318/1774 3466/1321/1775
f 3467/1320/1776 3468/1322/1777 3469/1323/1776
f 3471/1324/1778 3468/1322/1779 3470/1310/1779
f 3471/1324/1780 3472/1325/1781 3473/1326/1780
f 3473/1326/1782 3474/1327/1783 3475/1328/1782
f 3475/1328/1784 3476/1329/1785 3477/1330/1784
f 3477/1330/1786 3478/1331/1787 3479/1332/1786
f 3481/1333/1788 3478/1331/1789 3480/1334/1789
f 3481/1333/1790 3482/1335/1790 3483/1336/1790
f 3485/1337/1791 3482/1335/1792 3484/1338/1792
f 3485/1337/1793 3486/1339/1793 3487/1340/1793
f 3487/1340/1794 3488/1341/1795 3489/1342/1794
f 3489/1342/1796 3490/1343/1797 3491/1344/1796
f 3493/1345/1798 3490/1343/1799 3492/1346/1799
f 3495/1347/1800 3492/1346/1801 3494/1348/1801
f 3495/1347/1802 3496/1309/1803 3497/1349/1802
f 3497/1349/1804 3498/1350/1805 3499/1351/1804
f 3501/1352/1806 3498/1350/1807 3500/1353/1807
f 3501/1352/1808 3502/1354/1809 3503/1355/1808
f 3505/1356/1810 3502/1354/1811 3504/1357/1811
f 3507/1358/1812 3504/1357/1813 3506/1359/1813
f 3507/1358/1814 3508/1308/1815 3509/1360/1814
f 3509/1360/1816 3510/1361/1817 3511/1362/1816
f 3513/1363/1818 3510/1361/1819 3512/1364/1820
f 3452/1365/1821 3512/1364/1822 3454/1305/1822
f 3516/1366/1823 3513/1363/1823 3514/1367/1823
f 3450/1303/1824 3513/1363/1824 3452/1365/1824
f 3517/1368/1825 3514/1367/1825 3515/1369/1826
f 3515/1369/1827 3450/1303/1827 3783/1370/1827
f 3517/1368/1828 3518/1371/1828 3516/1366/1828
f 3516/1366/1829 3509/1360/1830 3511/1362/1830
f 3521/1372/1831 3518/1371/1831 3519/1373/1831
f 3520/1374/1832 3509/1360/1832 3518/1371/1832
f 3521/1372/1833 3522/1375/1833 3520/1374/1833
f 3520/1374/1834 3505/1356/1834 3507/1358/1834
f 3525/1376/1835 3522/1375/1836 3523/1377/1835
f 3524/1378/1837 3505/1356/1837 3522/1375/1837
f 3527/1379/1838 3524/1378/1838 3525/1376/1839
f 3526/1380/1840 3503/1355/1840 3524/1378/1840
f 3527/1379/1841 3528/1381/1841 3526/1380/1841
f 3526/1380/1842 3499/1351/1842 3501/1352/1842
f 3529/1382/1843 3530/1383/1844 3528/1381/1844
f 3528/1381/1845 3497/1349/1845 3499/1351/1845
f 3533/1384/1846 3530/1383/1846 3531/1385/1846
f 3532/1386/1847 3497/1349/1847 3530/1383/1847
f 3533/1384/1848 3534/1387/1848 3532/1386/1848
f 3532/1386/1849 3493/1345/1849 3495/1347/1849
f 3537/1388/1850 3534/1387/1850 3535/1389/1851
f 3536/1390/1852 3493/1345/1853 3534/1387/1852
f 3537/1388/1854 3538/1391/1855 3536/1390/1855
f 3536/1390/1856 3489/1342/1856 3491/1344/1856
f 3539/1392/1857 3540/1393/1857 3538/1391/1858
f 3540/1393/1859 3489/1342/1859 3538/1391/1859
f 3543/1394/1860 3540/1393/1860 3541/1395/1860
f 3540/1393/1861 3485/1337/1861 3487/1340/1861
f 3543/1394/1862 3544/1396/1862 3542/1397/1862
f 3544/1396/1863 3485/1337/1863 3542/1397/1863
f 3547/1398/1864 3544/1396/1864 3545/1399/1864
f 3546/1400/1865 3483/1336/1865 3544/1396/1865
f 3547/1398/1866 3548/1401/1866 3546/1400/1866
f 3546/1400/1867 3479/1332/1867 3481/1333/1867
f 3551/1402/1868 3548/1401/1868 3549/1403/1868
f 3550/1404/1869 3479/1332/1869 3548/1401/1869
f 3553/1405/1870 3550/1404/1870 3551/1402/1870
f 3552/1406/1871 3477/1330/1871 3550/1404/1871
f 3555/1407/1872 3552/1406/1873 3553/1405/1872
f 3554/1408/1874 3475/1328/1874 3552/1406/1874
f 3555/1407/1875 3556/1409/1875 3554/1408/1875
f 3554/1408/1876 3471/1324/1876 3473/1326/1876
f 3557/1410/1877 3558/1411/1877 3556/1409/1877
f 3556/1409/1878 3469/1323/1878 3471/1324/1878
f 3561/1412/1879 3558/1411/1879 3559/1413/1879
f 3560/1414/1880 3469/1323/1880 3558/1411/1880
f 3563/1415/1881 3560/1414/1881 3561/1412/1881
f 3562/1416/1882 3467/1320/1882 3560/1414/1882
f 3563/1415/1883 3564/1417/1884 3562/1416/1885
f 3562/1416/1886 3463/1316/1886 3465/1319/1886
f 3565/1418/1887 3566/1419/1887 3564/1417/1887
f 3564/1417/1888 3461/1314/1888 3463/1316/1888
f 3567/1420/1889 3568/1421/1889 3566/1419/1889
f 3566/1419/1890 3459/1313/1890 3461/1314/1890
f 3445/1295/1891 3568/1421/1891 3569/1422/1891
f 3447/1299/1892 3459/1313/1892 3568/1421/1892
f 3443/1296/1893 3569/1422/1893 3570/1423/1893
f 3570/1423/1894 3567/1420/1894 3571/1424/1894
f 3572/1425/1895 3571/1424/1895 3573/1426/1895
f 3574/1297/1896 3570/1423/1896 3572/1425/1896
s 0
f 3575/1427/198 3573/1426/5 3576/1428/6
f 3577/1429/197 3572/1425/5 3575/1427/6
s 1
f 3575/1427/2 3579/1430/2 3578/1431/2
f 3577/1429/2 3578/1431/2 3581/1432/2
f 3692/1433/192 3578/1434/192 3579/1435/192
f 3580/1436/191 3581/1437/191 3578/1434/191
f 3582/1438/190 3583/1439/190 3581/1437/190
f 3434/1288/2 3581/1432/2 3583/1289/2
f 3584/1440/189 3435/1441/189 3583/1439/189
f 3587/1442/4 3584/1443/4 3582/1444/4
f 3586/1445/4 3585/1446/4 3584/1443/4
f 3587/1442/188 3589/1447/188 3586/1445/188
f 3586/1445/187 3591/1448/187 3588/1449/187
f 3608/1450/4 3593/1451/4 3653/1452/4
f 3588/1449/186 3592/1453/186 3594/1454/186
f 3595/1455/185 3592/1453/185 3593/1451/185
f 3594/1454/4 3585/1446/4 3588/1449/4
f 3595/1455/4 3596/1456/4 3594/1454/4
f 3585/1457/184 3597/1458/184 3435/1459/184
f 3596/1460/183 3599/1461/183 3597/1458/183
f 3598/1462/182 3601/1463/182 3599/1461/182
f 3603/1464/4 3598/1465/4 3595/1455/4
f 3601/1463/181 3602/1466/181 3777/1467/181
f 3604/1468/4 3600/1469/4 3603/1464/4
f 3603/1464/180 3593/1451/180 3605/1470/180
f 3604/1468/179 3605/1470/179 3606/1471/179
f 3609/1472/178 3606/1471/178 3607/1473/178
f 3610/1474/177 3607/1473/177 3608/1450/177
f 3604/1468/4 3611/1475/4 3602/1476/4
f 3610/1474/4 3611/1475/4 3609/1472/4
f 3777/1467/176 3611/1477/176 3612/1478/176
f 3611/1477/175 3614/1479/175 3612/1478/175
f 3613/1480/174 3616/1481/174 3614/1479/174
f 3610/1474/4 3615/1482/4 3613/1483/4
f 3615/1484/173 3764/1485/173 3616/1481/173
f 3619/1486/4 3615/1482/4 3618/1487/4
f 3618/1487/172 3608/1450/172 3620/1488/172
f 3619/1486/171 3620/1488/171 3621/1489/171
f 3624/1490/170 3621/1489/170 3622/1491/170
f 3625/1492/169 3622/1491/169 3623/1493/169
f 3619/1486/4 3626/1494/4 3617/1495/4
f 3625/1492/4 3626/1494/4 3624/1490/4
f 3617/1496/168 3627/1497/168 3764/1485/168
f 3626/1498/167 3629/1499/167 3627/1497/167
f 3628/1500/166 3631/1501/166 3629/1499/166
f 3625/1492/4 3630/1502/4 3628/1503/4
f 3630/1504/165 3751/1505/165 3631/1501/165
f 3633/1506/4 3632/1507/4 3630/1502/4
f 3633/1506/196 3623/1493/196 3635/1508/196
f 3634/1509/195 3635/1508/195 3636/1510/195
f 3639/1511/192 3636/1510/192 3637/1512/192
f 3640/1513/191 3637/1512/191 3638/1514/191
f 3634/1509/4 3641/1515/4 3632/1507/4
f 3639/1511/4 3643/1516/4 3641/1515/4
f 3751/1505/194 3641/1517/194 3642/1518/194
f 3642/1518/193 3643/1519/193 3644/1520/193
f 3643/1519/188 3646/1521/188 3644/1520/188
f 3640/1513/4 3645/1522/4 3643/1516/4
f 3645/1523/187 3738/1524/187 3646/1521/187
f 3648/1525/4 3647/1526/4 3645/1522/4
f 3648/1525/190 3638/1514/190 3650/1527/190
f 3648/1525/189 3651/1528/189 3649/1529/189
f 3649/1529/184 3652/1530/184 3654/1531/184
f 3654/1531/183 3653/1452/183 3655/1532/183
f 3654/1531/4 3647/1526/4 3649/1529/4
f 3655/1532/4 3656/1533/4 3654/1531/4
f 3647/1534/186 3657/1535/186 3738/1524/186
f 3656/1536/185 3659/1537/185 3657/1535/185
f 3658/1538/180 3661/1539/180 3659/1537/180
f 3663/1540/4 3658/1541/4 3655/1532/4
f 3660/1542/179 3725/1543/179 3661/1539/179
f 3664/1544/4 3660/1545/4 3663/1540/4
f 3655/1532/182 3665/1546/182 3663/1540/182
f 3663/1540/181 3666/1547/181 3664/1544/181
f 3664/1544/176 3667/1548/176 3669/1549/176
f 3669/1549/175 3668/1550/175 3670/1551/175
f 3669/1549/4 3662/1552/4 3664/1544/4
f 3670/1551/4 3671/1553/4 3669/1549/4
f 3662/1554/178 3672/1555/178 3725/1543/178
f 3671/1556/177 3674/1557/177 3672/1555/177
f 3673/1558/172 3676/1559/172 3674/1557/172
f 3670/1551/4 3675/1560/4 3673/1561/4
f 3675/1562/171 3712/1563/171 3676/1559/171
f 3679/1564/4 3675/1560/4 3678/1565/4
f 3670/1551/174 3680/1566/174 3678/1565/174
f 3678/1565/173 3681/1567/173 3679/1564/173
f 3679/1564/168 3682/1568/168 3684/1569/168
f 3684/1569/167 3683/1570/167 3685/1571/167
f 3679/1564/4 3686/1572/4 3677/1573/4
f 3684/1569/4 3688/1574/4 3686/1572/4
f 3677/1575/170 3687/1576/170 3712/1563/170
f 3686/1577/169 3689/1578/169 3687/1576/169
f 3688/1579/196 3691/1580/196 3689/1578/196
f 3685/1571/4 3690/1581/4 3688/1574/4
f 3690/1582/195 3579/1435/195 3691/1580/195
f 3694/1583/4 3690/1581/4 3693/1584/4
f 3685/1571/166 3695/1585/166 3693/1584/166
f 3693/1584/165 3696/1586/165 3694/1583/165
f 3694/1583/194 3697/1587/194 3698/1588/194
f 3698/1588/193 3590/1589/193 3587/1442/193
f 3694/1583/4 3580/1590/4 3692/1591/4
f 3698/1588/4 3582/1444/4 3580/1590/4
f 3700/1592/2 3691/1593/2 3699/1594/2
f 3699/1594/2 3579/1430/2 3576/1428/2
s 0
f 3699/1594/164 3702/1595/5 3700/1592/6
f 3576/1428/163 3701/1596/5 3699/1594/6
s 1
f 3701/1596/1897 3704/1597/1897 3702/1595/1897
f 3701/1596/1898 3571/1598/1898 3703/1599/1898
f 3703/1599/1899 3563/1415/1899 3704/1597/1899
f 3703/1599/1900 3567/1420/1901 3565/1418/1901
f 3705/1600/1902 3563/1415/1902 3561/1412/1902
f 3707/1601/1903 3704/1597/1903 3705/1600/1903
f 3705/1600/1904 3559/1413/1904 3706/1602/1904
f 3708/1603/1905 3705/1600/1905 3706/1602/1906
s 0
f 3709/1604/9 3708/1603/5 3710/1605/6
f 3700/1592/283 3707/1601/3 3709/1604/6
s 1
f 3709/1604/2 3712/1606/2 3687/1607/2
f 3709/1604/2 3689/1608/2 3700/1592/2
s 0
f 3710/1605/7 3714/1609/5 3711/1610/8
s 1
f 3711/1610/2 3712/1606/2 3710/1605/2
s 0
f 3711/1610/282 3715/1611/3 3713/1612/6
s 1
f 3713/1612/2 3676/1613/2 3711/1610/2
f 3714/1609/1907 3717/1614/1907 3715/1611/1907
f 3708/1603/1908 3716/1615/1908 3714/1609/1908
f 3716/1615/1909 3555/1407/1909 3717/1614/1909
f 3716/1615/1910 3559/1413/1910 3557/1410/1910
f 3718/1616/1911 3555/1407/1911 3553/1405/1911
f 3720/1617/1912 3717/1614/1912 3718/1616/1912
f 3718/1616/1913 3551/1402/1914 3719/1618/1913
f 3720/1617/1915 3719/1618/1915 3721/1619/1915
s 0
f 3722/1620/274 3721/1619/5 3723/1621/6
f 3713/1612/275 3720/1617/3 3722/1620/6
s 1
f 3722/1620/2 3725/1622/2 3672/1623/2
f 3713/1612/2 3672/1623/2 3674/1624/2
s 0
f 3723/1621/272 3727/1625/3 3724/1626/248
s 1
f 3724/1626/2 3725/1622/2 3723/1621/2
s 0
f 3724/1626/273 3728/1627/5 3726/1628/8
s 1
f 3726/1628/2 3661/1629/2 3724/1626/2
f 3728/1627/1916 3729/1630/1916 3730/1631/1916
f 3727/1625/1917 3719/1618/1917 3729/1630/1917
f 3730/1631/1918 3549/1403/1918 3547/1398/1918
f 3729/1630/1919 3551/1402/1919 3549/1403/1919
f 3731/1632/1920 3547/1398/1920 3545/1399/1920
f 3728/1627/1921 3731/1632/1921 3733/1633/1921
f 3731/1632/1922 3543/1394/1922 3732/1634/1922
f 3733/1633/1923 3732/1634/1923 3734/1635/1923
s 0
f 3735/1636/261 3734/1635/3 3736/1637/6
f 3726/1628/262 3733/1633/3 3735/1636/6
s 1
f 3736/1637/2 3657/1638/2 3735/1636/2
f 3735/1636/2 3659/1639/2 3726/1628/2
s 0
f 3736/1637/259 3740/1640/3 3737/1641/6
s 1
f 3737/1641/2 3738/1642/2 3736/1637/2
s 0
f 3737/1641/260 3741/1643/3 3739/1644/6
s 1
f 3737/1641/2 3644/1645/2 3646/1646/2
f 3740/1640/1924 3743/1647/1924 3741/1643/1924
f 3734/1635/1925 3742/1648/1925 3740/1640/1925
f 3743/1647/1926 3541/1395/1926 3539/1392/1926
f 3742/1648/1927 3543/1394/1927 3541/1395/1927
f 3744/1649/1928 3539/1392/1928 3537/1388/1928
f 3741/1643/1929 3744/1649/1929 3746/1650/1929
f 3745/1651/1930 3537/1388/1930 3535/1389/1930
f 3746/1650/1931 3745/1651/1931 3747/1652/1931
s 0
f 3748/1653/247 3747/1652/3 3749/1654/248
f 3739/1644/249 3746/1650/5 3748/1653/8
s 1
f 3749/1654/2 3642/1655/2 3748/1653/2
f 3748/1653/2 3644/1645/2 3739/1644/2
s 0
f 3749/1654/245 3753/1656/5 3750/1657/6
s 1
f 3750/1657/2 3751/1658/2 3749/1654/2
s 0
f 3750/1657/1932 3754/1659/3 3752/1660/6
s 1
f 3750/1657/2 3629/1661/2 3631/1662/2
f 3753/1656/1933 3756/1663/1933 3754/1659/1933
f 3753/1656/1934 3745/1651/1934 3755/1664/1934
f 3756/1663/1935 3533/1384/1936 3531/1385/1936
f 3745/1651/1937 3533/1384/1937 3755/1664/1937
f 3757/1665/1938 3531/1385/1938 3529/1382/1938
f 3759/1666/1939 3756/1663/1939 3757/1665/1939
f 3757/1665/1940 3527/1379/1940 3758/1667/1940
f 3759/1666/1941 3758/1667/1941 3760/1668/1941
s 0
f 3761/1669/1942 3760/1668/5 3762/1670/8
f 3752/1660/236 3759/1666/3 3761/1669/6
s 1
f 3762/1670/2 3627/1671/2 3761/1669/2
f 3752/1660/2 3627/1671/2 3629/1661/2
s 0
f 3762/1670/233 3766/1672/5 3763/1673/6
s 1
f 3762/1670/2 3616/1674/2 3764/1675/2
s 0
f 3763/1673/234 3767/1676/3 3765/1677/6
s 1
f 3765/1677/2 3616/1674/2 3763/1673/2
f 3766/1672/1943 3769/1678/1943 3767/1676/1943
f 3760/1668/1944 3768/1679/1944 3766/1672/1944
f 3768/1680/1945 3523/1377/1945 3769/1678/1945
f 3768/1679/1946 3527/1379/1946 3525/1376/1946
f 3769/1681/1947 3521/1372/1948 3770/1682/1947
f 3772/1683/1949 3769/1681/1949 3770/1682/1949
f 3770/1682/1950 3519/1373/1950 3771/1684/1950
f 3772/1683/1951 3771/1684/1951 3773/1685/1951
s 0
f 3774/1686/223 3773/1685/5 3775/1687/6
f 3765/1677/224 3772/1683/5 3774/1686/6
s 1
f 3774/1686/2 3777/1688/2 3612/1689/2
f 3774/1686/2 3614/1690/2 3765/1677/2
s 0
f 3775/1687/221 3779/1691/5 3776/1692/6
s 1
f 3775/1687/2 3601/1693/2 3777/1688/2
s 0
f 3776/1692/222 3780/1694/5 3778/1695/6
s 1
f 3776/1692/2 3599/1696/2 3601/1693/2
f 3780/1694/1952 3781/1697/1952 3782/1698/1952
f 3779/1691/1953 3771/1684/1953 3781/1699/1953
f 3781/1697/1954 3515/1369/1954 3782/1698/1954
f 3771/1684/1955 3517/1368/1955 3781/1699/1955
f 3782/1700/1956 3783/1370/1956 3441/1290/1956
f 3780/1694/1957 3441/1290/1957 3437/1701/1957
s 0
f 3778/1695/211 3437/1701/5 3433/1282/6
s 1
f 3778/1695/2 3597/1286/2 3599/1696/2
s 0
f 3434/1288/209 3574/1297/5 3577/1429/6
f 3785/1702/1958 3788/1703/5 3784/1704/6
s 1
f 3785/1702/5 3787/1705/5 3949/1706/5
s 0
f 3784/1704/1959 3790/1707/5 3786/1708/6
s 1
f 3784/1704/5 3935/1709/5 3787/1705/5
f 3788/1703/1960 3793/1710/1961 3791/1711/1961
f 3790/1707/1962 3791/1711/1963 3794/1712/1963
f 3794/1712/1964 3792/1713/1964 3796/1714/1964
f 3793/1710/1965 3792/1713/1965 3791/1711/1965
f 3794/1712/1966 3797/1715/1966 3795/1716/1966
f 3926/1717/1967 3794/1712/1967 3795/1716/1967
f 3797/1715/1968 3798/1718/1968 3799/1719/1969
f 3792/1713/1970 3798/1718/1970 3796/1714/1970
f 3799/1719/1971 3800/1720/1971 3809/1721/1971
f 3798/1718/1972 3803/1722/1972 3800/1720/1972
f 3792/1713/1973 3802/1723/1973 3801/1724/1973
f 3802/1723/1974 3803/1722/1974 3801/1724/1974
f 3804/1725/1975 3805/1726/1976 3803/1722/1975
f 3800/1720/1977 3805/1726/1978 3807/1727/1978
f 3860/1728/5 3848/1729/5 3822/1730/5
f 3809/1721/1979 3807/1727/1980 3808/1731/1981
f 3809/1721/1982 3810/1732/1983 3811/1733/1982
f 3813/1734/1984 3810/1732/1984 3812/1735/1985
f 3815/1736/1986 3812/1735/1987 3814/1737/1988
f 3815/1736/1989 3816/1738/1990 3817/1739/1989
f 3819/1740/1991 3816/1738/1992 3818/1741/1993
f 3819/1740/1994 3820/1742/1995 3821/1743/1994
f 3823/1744/1996 3820/1742/1997 3822/1730/1998
f 3823/1744/1999 3824/1745/2000 3825/1746/1999
f 3825/1746/2001 3826/1747/2002 3827/1748/2001
f 3827/1748/2003 3828/1749/2004 3829/1750/2003
f 3829/1750/2005 3830/1751/2006 3831/1752/2005
f 3833/1753/2007 3830/1751/2008 3832/1754/2008
f 3833/1753/2009 3834/1755/2010 3835/1756/2009
f 3837/1757/2011 3834/1755/2012 3836/1758/2012
f 3837/1757/2013 3838/1759/2014 3839/1760/2013
f 3839/1760/2015 3840/1761/2016 3841/1762/2015
f 3841/1762/2017 3842/1763/2018 3843/1764/2017
f 3845/1765/2019 3842/1763/2020 3844/1766/2021
f 3847/1767/2022 3844/1766/2023 3846/1768/2024
f 3847/1767/2025 3848/1729/2026 3849/1769/2025
f 3849/1769/2027 3850/1770/2028 3851/1771/2027
f 3853/1772/2029 3850/1770/2029 3852/1773/2030
f 3853/1772/2031 3854/1774/2031 3855/1775/2031
f 3857/1776/2032 3854/1774/2033 3856/1777/2034
f 3859/1778/2035 3856/1777/2036 3858/1779/2037
f 3859/1778/2038 3860/1728/2038 3861/1780/2038
f 3861/1780/2039 3862/1781/2040 3863/1782/2039
f 3865/1783/2041 3862/1781/2042 3864/1784/2043
f 3804/1725/2044 3864/1784/2045 3806/1785/2045
f 3868/1786/2046 3865/1783/2046 3866/1787/2046
f 3802/1723/2047 3865/1783/2047 3804/1725/2047
f 3869/1788/2048 3866/1787/2049 3867/1789/2048
f 3867/1789/2050 3802/1723/2051 4135/1790/2050
f 3869/1788/2052 3870/1791/2052 3868/1786/2052
f 3868/1786/2053 3861/1780/2054 3863/1782/2054
f 3873/1792/2055 3870/1791/2056 3871/1793/2055
f 3872/1794/2057 3861/1780/2057 3870/1791/2057
f 3873/1792/2058 3874/1795/2058 3872/1794/2058
f 3872/1794/2059 3857/1776/2059 3859/1778/2059
f 3877/1796/2060 3874/1795/2060 3875/1797/2061
f 3876/1798/2062 3857/1776/2062 3874/1795/2062
f 3879/1799/2063 3876/1798/2063 3877/1796/2064
f 3878/1800/2065 3855/1775/2065 3876/1798/2065
f 3879/1799/2066 3880/1801/2066 3878/1800/2066
f 3878/1800/2067 3851/1771/2067 3853/1772/2067
f 3881/1802/2068 3882/1803/2068 3880/1801/2068
f 3880/1801/2069 3849/1769/2069 3851/1771/2069
f 3885/1804/2070 3882/1803/2070 3883/1805/2070
f 3884/1806/2071 3849/1769/2071 3882/1803/2071
f 3885/1804/2072 3886/1807/2072 3884/1806/2072
f 3884/1806/2073 3845/1765/2073 3847/1767/2073
f 3889/1808/2074 3886/1807/2074 3887/1809/2074
f 3888/1810/2075 3845/1765/2076 3886/1807/2075
f 3889/1808/2077 3890/1811/2078 3888/1810/2078
f 3888/1810/2079 3841/1762/2079 3843/1764/2079
f 3891/1812/2080 3892/1813/2080 3890/1811/2081
f 3892/1813/2082 3841/1762/2082 3890/1811/2082
f 3895/1814/2083 3892/1813/2083 3893/1815/2083
f 3892/1813/2084 3837/1757/2084 3839/1760/2084
f 3895/1814/2085 3896/1816/2085 3894/1817/2085
f 3896/1816/2086 3837/1757/2086 3894/1817/2086
f 3899/1818/2087 3896/1816/2087 3897/1819/2087
f 3898/1820/2088 3835/1756/2088 3896/1816/2088
f 3899/1818/2089 3900/1821/2089 3898/1820/2089
f 3898/1820/2090 3831/1752/2090 3833/1753/2090
f 3903/1822/2091 3900/1821/2092 3901/1823/2091
f 3902/1824/2093 3831/1752/2093 3900/1821/2093
f 3905/1825/2094 3902/1824/2094 3903/1822/2094
f 3904/1826/2095 3829/1750/2095 3902/1824/2095
f 3907/1827/2096 3904/1826/2097 3905/1825/2096
f 3906/1828/2098 3827/1748/2098 3904/1826/2098
f 3907/1827/2099 3908/1829/2099 3906/1828/2099
f 3906/1828/2100 3823/1744/2100 3825/1746/2100
f 3909/1830/2101 3910/1831/2101 3908/1829/2101
f 3908/1829/2102 3821/1743/2102 3823/1744/2102
f 3913/1832/2103 3910/1831/2103 3911/1833/2103
f 3912/1834/2104 3821/1743/2104 3910/1831/2104
f 3915/1835/2105 3912/1834/2105 3913/1832/2105
f 3914/1836/2106 3819/1740/2106 3912/1834/2106
f 3915/1835/2107 3916/1837/2108 3914/1836/2109
f 3914/1836/2110 3815/1736/2110 3817/1739/2110
f 3917/1838/2111 3918/1839/2111 3916/1837/2111
f 3916/1837/2112 3813/1734/2112 3815/1736/2112
f 3919/1840/2113 3920/1841/2113 3918/1839/2113
f 3918/1839/2114 3811/1733/2114 3813/1734/2114
f 3797/1715/2115 3920/1841/2115 3921/1842/2115
f 3799/1719/2116 3811/1733/2116 3920/1841/2116
f 3795/1716/2117 3921/1842/2117 3922/1843/2117
f 3922/1843/2118 3919/1840/2118 3923/1844/2118
f 3924/1845/2119 3923/1844/2119 3925/1846/2119
f 3926/1717/2120 3922/1843/2120 3924/1845/2120
s 0
f 3927/1847/2121 3925/1846/5 3928/1848/6
f 3929/1849/2122 3924/1845/5 3927/1847/6
s 1
f 3927/1847/5 3931/1850/5 3930/1851/5
f 3929/1849/5 3930/1851/5 3933/1852/5
f 4044/1853/2123 3930/1854/2123 3931/1855/2123
f 3932/1856/2124 3933/1857/2124 3930/1854/2124
f 3934/1858/2125 3935/1859/2125 3933/1857/2125
f 3786/1708/5 3933/1852/5 3935/1709/5
f 3936/1860/2126 3787/1861/2126 3935/1859/2126
f 3939/1862/3 3936/1863/3 3934/1864/3
f 3938/1865/3 3937/1866/3 3936/1863/3
f 3939/1862/2127 3941/1867/2127 3938/1865/2127
f 3938/1865/2128 3943/1868/2128 3940/1869/2128
f 4005/1870/3 3975/1871/3 3945/1872/3
f 3946/1873/2129 3943/1868/2129 3944/1874/2129
f 3947/1875/2130 3944/1874/2130 3945/1872/2130
f 3946/1873/3 3937/1866/3 3940/1869/3
f 3947/1875/3 3948/1876/3 3946/1873/3
f 3937/1877/2131 3949/1878/2131 3787/1879/2131
f 3948/1880/2132 3951/1881/2132 3949/1878/2132
f 3950/1882/2133 3953/1883/2133 3951/1881/2133
f 3955/1884/3 3950/1885/3 3947/1875/3
f 3952/1886/2134 4129/1887/2134 3953/1883/2134
f 3956/1888/3 3952/1889/3 3955/1884/3
f 3955/1884/2135 3945/1872/2135 3957/1890/2135
f 3956/1888/2136 3957/1890/2136 3958/1891/2136
f 3961/1892/2137 3958/1891/2137 3959/1893/2137
f 3962/1894/2138 3959/1893/2138 3960/1895/2138
f 3961/1892/3 3954/1896/3 3956/1888/3
f 3962/1894/3 3963/1897/3 3961/1892/3
f 3954/1898/2121 3964/1899/2121 4129/1887/2121
f 3963/1900/2122 3966/1901/2122 3964/1899/2122
f 3965/1902/2139 3968/1903/2139 3966/1901/2139
f 3962/1894/3 3967/1904/3 3965/1905/3
f 3967/1906/1959 4116/1907/1959 3968/1903/1959
f 3971/1908/3 3967/1904/3 3970/1909/3
f 3970/1909/2140 3960/1895/2140 3972/1910/2140
f 3971/1908/2141 3972/1910/2141 3973/1911/2141
f 3976/1912/2142 3973/1911/2142 3974/1913/2142
f 3977/1914/2143 3974/1913/2143 3975/1871/2143
f 3971/1908/3 3978/1915/3 3969/1916/3
f 3977/1914/3 3978/1915/3 3976/1912/3
f 3969/1917/1958 3979/1918/1958 4116/1907/1958
f 3978/1919/2144 3981/1920/2144 3979/1918/2144
f 3980/1921/2145 3983/1922/2145 3981/1920/2145
f 3977/1914/3 3982/1923/3 3980/1924/3
f 3982/1925/2146 4103/1926/2146 3983/1922/2146
f 3985/1927/3 3984/1928/3 3982/1923/3
f 3985/1927/2147 3975/1871/2147 3987/1929/2147
f 3986/1930/2148 3987/1929/2148 3988/1931/2148
f 3991/1932/2123 3988/1931/2123 3989/1933/2123
f 3992/1934/2124 3989/1933/2124 3990/1935/2124
f 3986/1930/3 3993/1936/3 3984/1928/3
f 3991/1932/3 3995/1937/3 3993/1936/3
f 3984/1938/2149 3994/1939/2149 4103/1926/2149
f 3993/1940/2150 3996/1941/2150 3994/1939/2150
f 3995/1942/2127 3998/1943/2127 3996/1941/2127
f 4000/1944/3 3995/1937/3 3992/1934/3
f 3997/1945/2128 4090/1946/2128 3998/1943/2128
f 4000/1944/3 3999/1947/3 3997/1948/3
f 4000/1944/2125 3990/1935/2125 4002/1949/2125
f 4001/1950/2126 4002/1949/2126 4003/1951/2126
f 4001/1950/2131 4004/1952/2131 4006/1953/2131
f 4006/1953/2132 4005/1870/2132 4007/1954/2132
f 4006/1953/3 3999/1947/3 4001/1950/3
f 4006/1953/3 4010/1955/3 4008/1956/3
f 3999/1957/2129 4009/1958/2129 4090/1946/2129
f 4008/1959/2130 4011/1960/2130 4009/1958/2130
f 4010/1961/2135 4013/1962/2135 4011/1960/2135
f 4015/1963/3 4010/1955/3 4007/1954/3
f 4012/1964/2136 4077/1965/2136 4013/1962/2136
f 4016/1966/3 4012/1967/3 4015/1963/3
f 4007/1954/2133 4017/1968/2133 4015/1963/2133
f 4015/1963/2134 4018/1969/2134 4016/1966/2134
f 4016/1966/2121 4019/1970/2121 4021/1971/2121
f 4021/1971/2122 4020/1972/2122 4022/1973/2122
f 4021/1971/3 4014/1974/3 4016/1966/3
f 4022/1973/3 4023/1975/3 4021/1971/3
f 4014/1976/2137 4024/1977/2137 4077/1965/2137
f 4023/1978/2138 4026/1979/2138 4024/1977/2138
f 4025/1980/2140 4028/1981/2140 4026/1979/2140
f 4022/1973/3 4027/1982/3 4025/1983/3
f 4027/1984/2141 4064/1985/2141 4028/1981/2141
f 4030/1986/3 4029/1987/3 4027/1982/3
f 4022/1973/2139 4032/1988/2139 4030/1986/2139
f 4030/1986/1959 4033/1989/1959 4031/1990/1959
f 4031/1990/1958 4034/1991/1958 4036/1992/1958
f 4036/1992/2144 4035/1993/2144 4037/1994/2144
f 4031/1990/3 4038/1995/3 4029/1987/3
f 4036/1992/3 4040/1996/3 4038/1995/3
f 4029/1997/2142 4039/1998/2142 4064/1985/2142
f 4038/1999/2143 4041/2000/2143 4039/1998/2143
f 4040/2001/2147 4043/2002/2147 4041/2000/2147
f 4037/1994/3 4042/2003/3 4040/1996/3
f 4042/2004/2148 3931/1855/2148 4043/2002/2148
f 4045/2005/3 4044/2006/3 4042/2003/3
f 4037/1994/2145 4047/2007/2145 4045/2005/2145
f 4045/2005/2146 4048/2008/2146 4046/2009/2146
f 4046/2009/2149 4049/2010/2149 4050/2011/2149
f 4050/2011/2150 3942/2012/2150 3939/1862/2150
f 4046/2009/3 3932/2013/3 4044/2006/3
f 4050/2011/3 3934/1864/3 3932/2013/3
f 4052/2014/5 4043/2015/5 4051/2016/5
f 4051/2016/5 3931/1850/5 3928/1848/5
s 0
f 4051/2016/2133 4054/2017/5 4052/2014/6
f 3928/1848/2134 4053/2018/5 4051/2016/2151
s 1
f 4053/2018/2152 4056/2019/2152 4054/2017/2152
f 4053/2018/2153 3923/1844/2153 4055/2020/2153
f 4055/2020/2154 3915/1835/2154 4056/2019/2154
f 4055/2020/2155 3919/1840/2156 3917/1838/2156
f 4057/2021/2157 3915/1835/2157 3913/1832/2157
f 4059/2022/2158 4056/2019/2158 4057/2021/2158
f 4057/2021/2159 3911/1833/2159 4058/2023/2159
f 4060/2024/2160 4057/2021/2160 4058/2023/2160
s 0
f 4061/2025/2131 4060/2024/5 4062/2026/2151
f 4052/2014/2132 4059/2022/5 4061/2025/6
s 1
f 4062/2026/5 4039/2027/5 4061/2025/5
f 4061/2025/5 4041/2028/5 4052/2014/5
s 0
f 4062/2026/2126 4066/2029/5 4063/2030/6
s 1
f 4063/2030/5 4064/2031/5 4062/2026/5
s 0
f 4063/2030/2125 4067/2032/5 4065/2033/6
s 1
f 4065/2033/5 4028/2034/5 4063/2030/5
f 4066/2029/2161 4069/2035/2161 4067/2032/2161
f 4060/2024/2162 4068/2036/2162 4066/2029/2162
f 4068/2036/2163 3907/1827/2163 4069/2035/2163
f 4068/2036/2164 3911/1833/2164 3909/1830/2164
f 4070/2037/2165 3907/1827/2165 3905/1825/2165
f 4072/2038/2166 4069/2035/2166 4070/2037/2166
f 4071/2039/2167 3905/1825/2168 3903/1822/2168
f 4072/2038/2169 4071/2039/2169 4073/2040/2169
s 0
f 4074/2041/2123 4073/2040/5 4075/2042/6
f 4065/2033/2124 4072/2038/5 4074/2041/6
s 1
f 4075/2042/5 4024/2043/5 4074/2041/5
f 4065/2033/5 4024/2043/5 4026/2044/5
s 0
f 4075/2042/2148 4079/2045/5 4076/2046/6
s 1
f 4076/2046/5 4077/2047/5 4075/2042/5
s 0
f 4076/2046/2147 4080/2048/5 4078/2049/6
s 1
f 4078/2049/5 4013/2050/5 4076/2046/5
f 4080/2048/2170 4081/2051/2170 4082/2052/2170
f 4079/2045/2171 4071/2039/2171 4081/2051/2171
f 4082/2052/2172 3901/1823/2172 3899/1818/2172
f 4081/2051/2173 3903/1822/2173 3901/1823/2173
f 4083/2053/2174 3899/1818/2174 3897/1819/2174
f 4080/2048/2175 4083/2053/2175 4085/2054/2175
f 4083/2053/2176 3895/1814/2176 4084/2055/2176
f 4085/2054/2177 4084/2055/2177 4086/2056/2177
s 0
f 4087/2057/2142 4086/2056/5 4088/2058/6
f 4078/2049/2143 4085/2054/5 4087/2057/6
s 1
f 4088/2058/5 4009/2059/5 4087/2057/5
f 4087/2057/5 4011/2060/5 4078/2049/5
s 0
f 4088/2058/2141 4092/2061/5 4089/2062/2178
s 1
f 4089/2062/5 4090/2063/5 4088/2058/5
s 0
f 4089/2062/2140 4093/2064/5 4091/2065/6
s 1
f 4089/2062/5 3996/2066/5 3998/2067/5
f 4092/2061/2179 4095/2068/2179 4093/2064/2179
f 4086/2056/2180 4094/2069/2180 4092/2061/2180
f 4095/2068/2181 3893/1815/2181 3891/1812/2181
f 4094/2069/2182 3895/1814/2182 3893/1815/2182
f 4096/2070/2183 3891/1812/2183 3889/1808/2183
f 4093/2064/2184 4096/2070/2184 4098/2071/2184
f 4097/2072/2185 3889/1808/2185 3887/1809/2185
f 4098/2071/2186 4097/2072/2186 4099/2073/2186
s 0
f 4100/2074/2137 4099/2073/5 4101/2075/2151
f 4091/2065/2138 4098/2071/5 4100/2074/6
s 1
f 4101/2075/5 3994/2076/5 4100/2074/5
f 4100/2074/5 3996/2066/5 4091/2065/5
s 0
f 4101/2075/2136 4105/2077/5 4102/2078/6
s 1
f 4102/2078/5 4103/2079/5 4101/2075/5
s 0
f 4102/2078/2135 4106/2080/5 4104/2081/6
s 1
f 4102/2078/5 3981/2082/5 3983/2083/5
f 4105/2077/2187 4108/2084/2187 4106/2080/2187
f 4099/2073/2188 4107/2085/2188 4105/2077/2188
f 4108/2084/2189 3885/1804/2190 3883/1805/2190
f 4107/2085/2191 3887/1809/2191 3885/1804/2191
f 4109/2086/2192 3883/1805/2192 3881/1802/2192
f 4111/2087/2193 4108/2084/2193 4109/2086/2193
f 4109/2086/2194 3879/1799/2194 4110/2088/2194
f 4111/2087/2195 4110/2088/2195 4112/2089/2195
s 0
f 4113/2090/2129 4112/2089/5 4114/2091/6
f 4104/2081/2130 4111/2087/5 4113/2090/2196
s 1
f 4114/2091/5 3979/2092/5 4113/2090/5
f 4104/2081/5 3979/2092/5 3981/2082/5
s 0
f 4114/2091/2128 4118/2093/5 4115/2094/6
s 1
f 4114/2091/5 3968/2095/5 4116/2096/5
s 0
f 4115/2094/2127 4119/2097/5 4117/2098/6
s 1
f 4117/2098/5 3968/2095/5 4115/2094/5
f 4118/2093/2197 4121/2099/2197 4119/2097/2197
f 4112/2089/2198 4120/2100/2198 4118/2093/2198
f 4120/2100/2199 3875/1797/2199 4121/2099/2199
f 4120/2100/2200 3879/1799/2200 3877/1796/2200
f 4121/2099/2201 3873/1792/2202 4122/2101/2201
f 4124/2102/2203 4121/2099/2203 4122/2101/2203
f 4122/2101/2204 3871/1793/2204 4123/2103/2204
f 4124/2102/2205 4123/2103/2205 4125/2104/2205
s 0
f 4126/2105/2149 4125/2104/5 4127/2106/6
f 4117/2098/2150 4124/2102/5 4126/2105/2151
s 1
f 4126/2105/5 4129/2107/5 3964/2108/5
f 4126/2105/5 3966/2109/5 4117/2098/5
s 0
f 4127/2106/2146 4131/2110/5 4128/2111/6
s 1
f 4127/2106/5 3953/2112/5 4129/2107/5
s 0
f 4128/2111/2145 4132/2113/5 4130/2114/2178
s 1
f 4128/2111/5 3951/2115/5 3953/2112/5
f 4132/2113/2206 4133/2116/2206 4134/2117/2206
f 4125/2104/2207 4133/2118/2207 4131/2110/2207
f 4133/2116/2208 3867/1789/2208 4134/2117/2208
f 4123/2119/2209 3869/1788/2209 4133/2118/2209
f 4134/2117/2210 4135/1790/2210 3793/1710/2210
f 3789/2120/2211 4134/2117/2211 3793/1710/2211
s 0
f 4130/2114/2144 3789/2120/5 3785/1702/6
s 1
f 3785/1702/5 3951/2115/5 4130/2114/5
s 0
f 3786/1708/2139 3926/1717/5 3929/1849/2178
f 4137/2121/2141 4140/2122/5 4136/2123/2178
s 1
f 4137/2121/3 4139/2124/3 4301/2125/3
s 0
f 4136/2123/2142 4142/2126/5 4138/2127/6
s 1
f 4136/2123/3 4287/2128/3 4139/2124/3
f 4140/2122/2212 4145/2129/2213 4143/2130/2213
f 4142/2126/2214 4143/2130/2214 4146/2131/2214
f 4146/2131/2215 4144/2132/2215 4148/2133/2215
f 4145/2129/2216 4144/2132/2216 4143/2130/2216
f 4146/2131/2217 4149/2134/2217 4147/2135/2217
f 4278/2136/2218 4146/2131/2218 4147/2135/2218
f 4149/2134/2219 4150/2137/2219 4151/2138/2219
f 4144/2132/2220 4150/2137/2220 4148/2133/2220
f 4151/2138/2221 4152/2139/2221 4161/2140/2221
f 4150/2137/2222 4155/2141/2222 4152/2139/2222
f 4144/2132/2223 4154/2142/2223 4153/2143/2223
f 4154/2142/2224 4155/2141/2224 4153/2143/2224
f 4156/2144/2225 4157/2145/2226 4155/2141/2225
f 4152/2139/2227 4157/2145/2228 4159/2146/2228
f 4212/2147/2229 4190/2148/3 4174/2149/3
f 4161/2140/2230 4159/2146/2231 4160/2150/2231
f 4161/2140/2232 4162/2151/2233 4163/2152/2232
f 4165/2153/2234 4162/2151/2235 4164/2154/2235
f 4167/2155/2236 4164/2154/2236 4166/2156/2236
f 4167/2155/2237 4168/2157/2238 4169/2158/2237
f 4171/2159/2239 4168/2157/2240 4170/2160/2241
f 4171/2159/2242 4172/2161/2243 4173/2162/2242
f 4175/2163/2244 4172/2161/2245 4174/2149/2245
f 4175/2163/2246 4176/2164/2247 4177/2165/2246
f 4177/2165/2248 4178/2166/2249 4179/2167/2248
f 4179/2167/2250 4180/2168/2251 4181/2169/2250
f 4181/2169/2252 4182/2170/2253 4183/2171/2252
f 4185/2172/2254 4182/2170/2255 4184/2173/2256
f 4185/2172/2257 4186/2174/2258 4187/2175/2257
f 4189/2176/2259 4186/2174/2260 4188/2177/2260
f 4189/2176/2261 4190/2148/2262 4191/2178/2261
f 4191/2178/2263 4192/2179/2264 4193/2180/2263
f 4193/2180/2265 4194/2181/2266 4195/2182/2265
f 4197/2183/2267 4194/2181/2268 4196/2184/2269
f 4199/2185/2270 4196/2184/2271 4198/2186/2270
f 4199/2185/2272 4200/2187/2273 4201/2188/2272
f 4201/2188/2274 4202/2189/2275 4203/2190/2274
f 4205/2191/2276 4202/2189/2277 4204/2192/2277
f 4205/2191/2278 4206/2193/2279 4207/2194/2278
f 4209/2195/2280 4206/2193/2281 4208/2196/2282
f 4211/2197/2283 4208/2196/2284 4210/2198/2285
f 4211/2197/2286 4212/2147/2287 4213/2199/2286
f 4213/2199/2288 4214/2200/2289 4215/2201/2288
f 4217/2202/2290 4214/2200/2291 4216/2203/2292
f 4156/2144/2293 4216/2203/2294 4158/2204/2294
f 4220/2205/2295 4217/2202/2295 4218/2206/2295
f 4154/2142/2296 4217/2202/2296 4156/2144/2296
f 4221/2207/2297 4218/2206/2298 4219/2208/2297
f 4219/2208/2299 4154/2142/2299 4487/2209/2299
f 4221/2207/2300 4222/2210/2300 4220/2205/2300
f 4220/2205/2301 4213/2199/2302 4215/2201/2302
f 4225/2211/2303 4222/2210/2303 4223/2212/2304
f 4224/2213/2305 4213/2199/2305 4222/2210/2305
f 4225/2211/2306 4226/2214/2306 4224/2213/2306
f 4224/2213/2307 4209/2195/2307 4211/2197/2307
f 4229/2215/2308 4226/2214/2309 4227/2216/2308
f 4228/2217/2310 4209/2195/2310 4226/2214/2310
f 4231/2218/2311 4228/2217/2311 4229/2215/2312
f 4230/2219/2313 4207/2194/2313 4228/2217/2313
f 4231/2218/2314 4232/2220/2314 4230/2219/2314
f 4230/2219/2315 4203/2190/2315 4205/2191/2315
f 4233/2221/2316 4234/2222/2317 4232/2220/2317
f 4232/2220/2318 4201/2188/2318 4203/2190/2318
f 4237/2223/2319 4234/2222/2319 4235/2224/2319
f 4236/2225/2320 4201/2188/2320 4234/2222/2320
f 4237/2223/2321 4238/2226/2322 4236/2225/2322
f 4236/2225/2323 4197/2183/2323 4199/2185/2323
f 4241/2227/2324 4238/2226/2324 4239/2228/2324
f 4240/2229/2325 4197/2183/2326 4238/2226/2325
f 4241/2227/2327 4242/2230/2328 4240/2229/2328
f 4240/2229/2329 4193/2180/2329 4195/2182/2329
f 4243/2231/2330 4244/2232/2330 4242/2230/2330
f 4244/2232/2331 4193/2180/2331 4242/2230/2331
f 4247/2233/2332 4244/2232/2332 4245/2234/2332
f 4244/2232/2333 4189/2176/2333 4191/2178/2333
f 4247/2233/2334 4248/2235/2334 4246/2236/2334
f 4248/2235/2335 4189/2176/2335 4246/2236/2335
f 4251/2237/2336 4248/2235/2336 4249/2238/2336
f 4250/2239/2337 4187/2175/2337 4248/2235/2337
f 4251/2237/2338 4252/2240/2338 4250/2239/2338
f 4250/2239/2339 4183/2171/2339 4185/2172/2339
f 4255/2241/2340 4252/2240/2341 4253/2242/2340
f 4254/2243/2342 4183/2171/2342 4252/2240/2342
f 4257/2244/2343 4254/2243/2343 4255/2241/2343
f 4256/2245/2344 4181/2169/2344 4254/2243/2344
f 4259/2246/2345 4256/2245/2346 4257/2244/2345
f 4258/2247/2347 4179/2167/2347 4256/2245/2347
f 4259/2246/2348 4260/2248/2348 4258/2247/2348
f 4258/2247/2349 4175/2163/2349 4177/2165/2349
f 4261/2249/2350 4262/2250/2350 4260/2248/2350
f 4260/2248/2351 4173/2162/2351 4175/2163/2351
f 4265/2251/2352 4262/2250/2352 4263/2252/2352
f 4264/2253/2353 4173/2162/2353 4262/2250/2353
f 4267/2254/2354 4264/2253/2354 4265/2251/2354
f 4266/2255/2355 4171/2159/2355 4264/2253/2355
f 4267/2254/2356 4268/2256/2357 4266/2255/2358
f 4266/2255/2359 4167/2155/2359 4169/2158/2359
f 4269/2257/2360 4270/2258/2360 4268/2256/2360
f 4268/2256/2361 4165/2153/2361 4167/2155/2361
f 4271/2259/2362 4272/2260/2363 4270/2258/2363
f 4270/2258/2364 4163/2152/2364 4165/2153/2364
f 4149/2134/2365 4272/2260/2365 4273/2261/2365
f 4151/2138/2366 4163/2152/2366 4272/2260/2366
f 4147/2135/2367 4273/2261/2367 4274/2262/2367
f 4274/2263/2368 4271/2259/2368 4275/2264/2368
f 4276/2265/2369 4275/2264/2369 4277/2266/2369
f 4278/2136/2370 4274/2262/2370 4276/2265/2370
s 0
f 4279/2267/2148 4277/2266/5 4280/2268/6
f 4281/2269/2147 4276/2265/5 4279/2267/6
s 1
f 4279/2267/3 4283/2270/3 4282/2271/3
f 4281/2269/3 4282/2271/3 4285/2272/3
f 4396/2273/2134 4282/2274/2134 4283/2275/2134
f 4284/2276/2133 4285/2277/2133 4282/2274/2133
f 4286/2278/2132 4287/2279/2132 4285/2277/2132
f 4138/2127/3 4285/2272/3 4287/2128/3
f 4288/2280/2131 4139/2281/2131 4287/2279/2131
f 4291/2282/5 4288/2283/5 4286/2284/5
f 4290/2285/5 4289/2286/5 4288/2283/5
f 4291/2282/2130 4293/2287/2130 4290/2285/2130
f 4290/2285/2129 4295/2288/2129 4292/2289/2129
f 4312/2290/5 4297/2291/5 4357/2292/5
f 4298/2293/2128 4295/2288/2128 4296/2294/2128
f 4299/2295/2127 4296/2294/2127 4297/2291/2127
f 4298/2293/5 4289/2286/5 4292/2289/5
f 4299/2295/5 4300/2296/5 4298/2293/5
f 4139/2297/2126 4300/2298/2126 4301/2299/2126
f 4301/2299/2125 4302/2300/2125 4303/2301/2125
f 4302/2300/2124 4305/2302/2124 4303/2301/2124
f 4307/2303/5 4302/2304/5 4299/2295/5
f 4304/2305/2123 4481/2306/2123 4305/2302/2123
f 4308/2307/5 4304/2308/5 4307/2303/5
f 4307/2303/2150 4297/2291/2150 4309/2309/2150
f 4308/2307/2149 4309/2309/2149 4310/2310/2149
f 4313/2311/2146 4310/2310/2146 4311/2312/2146
f 4314/2313/2145 4311/2312/2145 4312/2290/2145
f 4313/2311/5 4306/2314/5 4308/2307/5
f 4314/2313/5 4315/2315/5 4313/2311/5
f 4481/2306/2148 4315/2316/2148 4316/2317/2148
f 4316/2317/2147 4317/2318/2147 4318/2319/2147
f 4317/2318/2143 4320/2320/2143 4318/2319/2143
f 4314/2313/5 4319/2321/5 4317/2322/5
f 4319/2323/2142 4468/2324/2142 4320/2320/2142
f 4323/2325/5 4319/2321/5 4322/2326/5
f 4322/2326/2144 4312/2290/2144 4324/2327/2144
f 4323/2325/1958 4324/2327/1958 4325/2328/1958
f 4328/2329/1959 4325/2328/1959 4326/2330/1959
f 4329/2331/2139 4326/2330/2139 4327/2332/2139
f 4323/2325/5 4330/2333/5 4321/2334/5
f 4329/2331/5 4330/2333/5 4328/2329/5
f 4321/2335/2141 4331/2336/2141 4468/2324/2141
f 4330/2337/2140 4333/2338/2140 4331/2336/2140
f 4332/2339/2138 4335/2340/2138 4333/2338/2138
f 4329/2331/5 4334/2341/5 4332/2342/5
f 4334/2343/2137 4455/2344/2137 4335/2340/2137
f 4337/2345/5 4336/2346/5 4334/2341/5
f 4337/2345/2122 4327/2332/2122 4339/2347/2122
f 4338/2348/2121 4339/2347/2121 4340/2349/2121
f 4343/2350/2134 4340/2349/2134 4341/2351/2134
f 4344/2352/2133 4341/2351/2133 4342/2353/2133
f 4338/2348/5 4345/2354/5 4336/2346/5
f 4343/2350/5 4347/2355/5 4345/2354/5
f 4336/2356/2136 4346/2357/2136 4455/2344/2136
f 4345/2358/2135 4348/2359/2135 4346/2357/2135
f 4347/2360/2130 4350/2361/2130 4348/2359/2130
f 4352/2362/5 4347/2355/5 4344/2352/5
f 4349/2363/2129 4442/2364/2129 4350/2361/2129
f 4352/2362/5 4351/2365/5 4349/2366/5
f 4344/2352/2132 4354/2367/2132 4352/2362/2132
f 4352/2362/2131 4355/2368/2131 4353/2369/2131
f 4353/2369/2126 4356/2370/2126 4358/2371/2126
f 4358/2371/2125 4357/2292/2125 4359/2372/2125
f 4358/2371/5 4351/2365/5 4353/2369/5
f 4358/2371/5 4362/2373/5 4360/2374/5
f 4351/2375/2128 4361/2376/2128 4442/2364/2128
f 4360/2377/2127 4363/2378/2127 4361/2376/2127
f 4362/2379/2150 4365/2380/2150 4363/2378/2150
f 4367/2381/5 4362/2373/5 4359/2372/5
f 4364/2382/2149 4429/2383/2149 4365/2380/2149
f 4368/2384/5 4364/2385/5 4367/2381/5
f 4359/2372/2124 4369/2386/2124 4367/2381/2124
f 4367/2381/2123 4370/2387/2123 4368/2384/2123
f 4368/2384/2148 4371/2388/2148 4373/2389/2148
f 4373/2389/2147 4372/2390/2147 4374/2391/2147
f 4373/2389/5 4366/2392/5 4368/2384/5
f 4374/2391/5 4375/2393/5 4373/2389/5
f 4366/2394/2146 4376/2395/2146 4429/2383/2146
f 4375/2396/2145 4378/2397/2145 4376/2395/2145
f 4377/2398/2144 4380/2399/2144 4378/2397/2144
f 4374/2391/5 4379/2400/5 4377/2401/5
f 4379/2402/1958 4416/2403/1958 4380/2399/1958
f 4383/2404/5 4379/2400/5 4382/2405/5
f 4374/2391/2143 4384/2406/2143 4382/2405/2143
f 4382/2405/2142 4385/2407/2142 4383/2404/2142
f 4383/2404/2141 4386/2408/2141 4388/2409/2141
f 4388/2409/2140 4387/2410/2140 4389/2411/2140
f 4383/2404/5 4390/2412/5 4381/2413/5
f 4388/2409/5 4392/2414/5 4390/2412/5
f 4381/2415/1959 4391/2416/1959 4416/2403/1959
f 4390/2417/2139 4393/2418/2139 4391/2416/2139
f 4392/2419/2122 4395/2420/2122 4393/2418/2122
f 4397/2421/5 4392/2414/5 4389/2411/5
f 4394/2422/2121 4283/2275/2121 4395/2420/2121
f 4397/2421/5 4396/2423/5 4394/2424/5
f 4389/2411/2138 4399/2425/2138 4397/2421/2138
f 4397/2421/2137 4400/2426/2137 4398/2427/2137
f 4398/2427/2136 4401/2428/2136 4402/2429/2136
f 4402/2429/2135 4294/2430/2135 4291/2282/2135
f 4398/2427/5 4284/2431/5 4396/2423/5
f 4402/2429/5 4286/2284/5 4284/2431/5
f 4404/2432/3 4395/2433/3 4403/2434/3
f 4280/2268/3 4395/2433/3 4283/2270/3
s 0
f 4403/2434/2124 4406/2435/5 4404/2432/6
f 4280/2268/2123 4405/2436/5 4403/2434/6
s 1
f 4405/2436/2371 4408/2437/2371 4406/2435/2371
f 4405/2436/2372 4275/2264/2372 4407/2438/2372
f 4407/2438/2373 4267/2254/2373 4408/2437/2373
f 4407/2438/2374 4271/2259/2375 4269/2257/2375
f 4409/2439/2376 4267/2254/2376 4265/2251/2376
f 4411/2440/2377 4408/2437/2377 4409/2439/2377
f 4409/2439/2378 4263/2252/2378 4410/2441/2378
f 4412/2442/2379 4409/2439/2380 4410/2441/2380
s 0
f 4413/2443/2126 4412/2442/5 4414/2444/6
f 4404/2432/2125 4411/2440/5 4413/2443/6
s 1
f 4414/2444/3 4391/2445/3 4413/2443/3
f 4404/2432/3 4391/2445/3 4393/2446/3
s 0
f 4414/2444/2131 4418/2447/5 4415/2448/2151
s 1
f 4414/2444/3 4380/2449/3 4416/2450/3
s 0
f 4415/2448/2132 4419/2451/5 4417/2452/6
s 1
f 4417/2452/3 4380/2449/3 4415/2448/3
f 4418/2447/2381 4421/2453/2381 4419/2451/2381
f 4412/2442/2382 4420/2454/2382 4418/2447/2382
f 4420/2454/2383 4259/2246/2383 4421/2453/2383
f 4420/2454/2384 4263/2252/2384 4261/2249/2384
f 4422/2455/2385 4259/2246/2385 4257/2244/2385
f 4424/2456/2386 4421/2453/2386 4422/2455/2386
f 4422/2455/2387 4255/2241/2388 4423/2457/2387
f 4424/2456/2389 4423/2457/2389 4425/2458/2389
s 0
f 4426/2459/2134 4425/2458/5 4427/2460/2151
f 4417/2452/2133 4424/2456/5 4426/2459/6
s 1
f 4427/2460/3 4376/2461/3 4426/2459/3
f 4417/2452/3 4376/2461/3 4378/2462/3
s 0
f 4427/2460/2121 4431/2463/5 4428/2464/6
s 1
f 4427/2460/3 4365/2465/3 4429/2466/3
s 0
f 4428/2464/2122 4432/2467/5 4430/2468/6
s 1
f 4430/2468/3 4365/2465/3 4428/2464/3
f 4432/2467/2390 4433/2469/2390 4434/2470/2390
f 4431/2463/2391 4423/2457/2391 4433/2469/2391
f 4434/2470/2392 4253/2242/2392 4251/2237/2392
f 4433/2469/2393 4255/2241/2393 4253/2242/2393
f 4435/2471/2394 4251/2237/2394 4249/2238/2394
f 4432/2467/2395 4435/2471/2395 4437/2472/2395
f 4435/2471/2396 4247/2233/2396 4436/2473/2396
f 4437/2472/2397 4436/2473/2397 4438/2474/2397
s 0
f 4439/2475/1959 4438/2474/5 4440/2476/6
f 4430/2468/2139 4437/2472/5 4439/2475/2178
s 1
f 4440/2476/3 4361/2477/3 4439/2475/3
f 4439/2475/3 4363/2478/3 4430/2468/3
s 0
f 4440/2476/1958 4444/2479/5 4441/2480/6
s 1
f 4441/2480/3 4442/2481/3 4440/2476/3
s 0
f 4441/2480/2144 4445/2482/5 4443/2483/6
s 1
f 4441/2480/3 4348/2484/3 4350/2485/3
f 4444/2479/2398 4447/2486/2398 4445/2482/2398
f 4438/2474/2399 4446/2487/2399 4444/2479/2399
f 4447/2486/2400 4245/2234/2400 4243/2231/2400
f 4446/2487/2401 4247/2233/2401 4245/2234/2401
f 4448/2488/2402 4243/2231/2402 4241/2227/2402
f 4445/2482/2403 4448/2488/2403 4450/2489/2403
f 4449/2490/2404 4241/2227/2404 4239/2228/2404
f 4450/2489/2405 4449/2490/2405 4451/2491/2405
s 0
f 4452/2492/2146 4451/2491/5 4453/2493/6
f 4443/2483/2145 4450/2489/5 4452/2492/2178
s 1
f 4453/2493/3 4346/2494/3 4452/2492/3
f 4452/2492/3 4348/2484/3 4443/2483/3
s 0
f 4453/2493/2149 4457/2495/5 4454/2496/6
s 1
f 4454/2496/3 4455/2497/3 4453/2493/3
s 0
f 4454/2496/2150 4458/2498/5 4456/2499/2151
s 1
f 4454/2496/3 4333/2500/3 4335/2501/3
f 4457/2495/2406 4460/2502/2406 4458/2498/2406
f 4451/2491/2407 4459/2503/2407 4457/2495/2407
f 4460/2502/2408 4237/2223/2409 4235/2224/2409
f 4449/2490/2410 4237/2223/2410 4459/2503/2410
f 4461/2504/2411 4235/2224/2411 4233/2221/2411
f 4458/2498/2412 4461/2504/2412 4463/2505/2412
f 4461/2504/2413 4231/2218/2413 4462/2506/2413
f 4463/2505/2414 4462/2506/2414 4464/2507/2414
s 0
f 4465/2508/2128 4464/2507/5 4466/2509/6
f 4456/2499/2127 4463/2505/5 4465/2508/6
s 1
f 4466/2509/3 4331/2510/3 4465/2508/3
f 4456/2499/3 4331/2510/3 4333/2500/3
s 0
f 4466/2509/2129 4470/2511/5 4467/2512/6
s 1
f 4466/2509/3 4320/2513/3 4468/2514/3
s 0
f 4467/2512/2130 4471/2515/5 4469/2516/2196
s 1
f 4469/2516/3 4320/2513/3 4467/2512/3
f 4470/2511/2415 4473/2517/2415 4471/2515/2415
f 4470/2511/2416 4462/2506/2416 4472/2518/2416
f 4472/2519/2417 4227/2216/2417 4473/2517/2417
f 4472/2518/2418 4231/2218/2418 4229/2215/2418
f 4473/2517/2419 4225/2211/2420 4474/2520/2419
f 4471/2515/2421 4474/2520/2421 4476/2521/2421
f 4474/2522/2422 4223/2212/2422 4475/2523/2422
f 4476/2521/2423 4475/2523/2423 4477/2524/2423
s 0
f 4478/2525/2136 4477/2524/5 4479/2526/6
f 4469/2516/2135 4476/2521/5 4478/2525/6
s 1
f 4478/2525/3 4481/2527/3 4316/2528/3
f 4478/2525/3 4318/2529/3 4469/2516/3
s 0
f 4479/2526/2137 4483/2530/5 4480/2531/2151
s 1
f 4479/2526/3 4305/2532/3 4481/2527/3
s 0
f 4480/2531/2138 4484/2533/5 4482/2534/6
s 1
f 4482/2534/3 4305/2532/3 4480/2531/3
f 4484/2533/2424 4485/2535/2424 4486/2536/2424
f 4477/2524/2425 4485/2537/2425 4483/2530/2425
f 4485/2535/2426 4219/2208/2426 4486/2536/2426
f 4475/2523/2427 4221/2207/2427 4485/2537/2427
f 4486/2538/2428 4487/2209/2428 4145/2129/2428
f 4141/2539/2429 4486/2538/2429 4145/2129/2429
s 0
f 4482/2534/2140 4141/2539/5 4137/2121/6
s 1
f 4137/2121/3 4303/2540/3 4482/2534/3
s 0
f 4138/2127/2143 4278/2136/5 4281/2269/6
s 1
f 70/59/4 69/63/4 72/60/4
s 0
f 70/59/5 74/479/6 73/62/233
s 1
f 69/63/4 71/66/4 220/64/4
s 0
f 69/63/5 73/62/8 75/65/1942
s 1
f 73/62/10 74/479/10 78/67/10
f 73/62/2430 76/68/2430 79/69/2430
f 78/67/13 420/146/13 77/70/13
f 79/69/14 76/68/14 77/70/14
f 211/72/15 75/65/15 79/69/15
f 79/69/16 81/71/16 82/74/16
f 82/74/17 81/71/17 83/75/17
f 77/70/18 86/81/18 83/75/18
f 84/76/19 83/75/19 85/77/19
f 83/75/20 86/81/20 88/79/20
f 77/70/21 420/146/21 87/80/21
f 87/80/22 89/142/22 88/79/22
f 88/79/23 89/142/23 91/82/24
f 88/79/26 90/83/27 92/84/27
f 92/84/4 90/83/4 91/82/4
f 91/82/4 149/141/4 145/136/4
f 149/141/4 147/138/2431 145/136/4
f 145/136/4 143/135/2432 141/133/4
f 141/133/4 139/130/4 137/129/4
f 145/136/4 92/84/4 91/82/4
f 137/129/4 135/126/4 133/85/4
f 133/85/4 131/124/4 129/122/2433
f 129/122/2433 127/119/2431 125/117/4
f 123/116/4 129/122/2433 125/117/4
f 123/116/4 121/113/4 119/111/4
f 119/111/4 117/110/4 123/116/4
f 117/110/4 115/107/4 113/105/4
f 123/116/4 117/110/4 113/105/4
f 113/105/4 111/103/2434 107/86/4
f 111/103/2434 109/101/2435 107/86/4
f 107/86/4 105/98/4 103/97/2436
f 103/97/2436 101/94/2432 99/93/2437
f 99/93/2437 97/91/2438 103/97/2436
f 97/91/2438 95/88/4 92/84/4
f 95/88/4 93/87/4 92/84/4
f 145/136/4 141/133/4 92/84/4
f 92/84/4 141/133/4 133/85/4
f 137/129/4 133/85/4 141/133/4
f 123/116/4 133/85/4 129/122/2433
f 113/105/4 107/86/4 123/116/4
f 107/86/4 103/97/2436 92/84/4
f 92/84/4 103/97/2436 97/91/2438
f 133/85/4 123/116/4 107/86/4
f 94/78/28 85/77/28 92/84/29
f 94/78/31 93/87/32 95/88/32
f 98/90/33 96/89/33 95/88/34
f 100/92/36 98/90/36 97/91/37
f 100/92/38 99/93/39 101/94/39
f 104/96/40 102/95/40 101/94/41
f 104/96/43 103/97/44 105/98/44
f 108/100/45 106/99/45 105/98/46
f 108/100/47 107/86/2439 109/101/48
f 110/102/49 109/101/50 111/103/50
f 112/104/51 111/103/52 113/105/52
f 114/106/53 113/105/54 115/107/54
f 118/109/55 116/108/55 115/107/56
f 118/109/57 117/110/2440 119/111/58
f 120/112/59 119/111/60 121/113/60
f 124/115/61 122/114/61 121/113/62
f 124/115/64 123/116/65 125/117/65
f 126/118/66 125/117/67 127/119/67
f 130/121/68 128/120/68 127/119/69
f 132/123/71 130/121/71 129/122/72
f 132/123/73 131/124/2441 133/85/74
f 134/125/75 133/85/76 135/126/76
f 138/128/77 136/127/77 135/126/78
f 138/128/79 137/129/80 139/130/80
f 142/132/81 140/131/81 139/130/82
f 144/134/83 142/132/83 141/133/84
f 144/134/85 143/135/86 145/136/86
f 146/137/87 145/136/88 147/138/88
f 150/140/89 148/139/89 147/138/90
f 89/142/91 150/140/91 149/141/91
f 87/80/92 151/144/92 150/140/92
f 153/143/93 148/139/93 150/140/93
f 152/145/94 151/144/2442 87/80/94
f 154/147/95 153/143/95 151/144/95
f 154/147/97 156/150/97 155/148/97
f 153/143/98 155/148/98 146/137/98
f 158/149/100 157/151/100 155/148/100
f 157/151/102 144/134/102 146/137/102
f 158/149/103 160/154/2443 159/152/103
f 157/151/104 159/152/104 142/132/104
f 162/153/105 161/155/105 159/152/105
f 161/155/106 140/131/106 142/132/106
f 164/156/107 163/157/107 161/155/107
f 163/157/109 138/128/109 140/131/109
f 164/156/110 166/159/2444 165/158/110
f 163/157/111 165/158/111 136/127/111
f 166/159/112 168/162/112 167/160/112
f 165/158/113 167/160/113 134/125/113
f 170/161/114 169/163/114 167/160/114
f 169/163/115 132/123/115 134/125/115
f 170/161/116 172/166/116 171/164/117
f 169/163/118 171/164/118 130/121/118
f 174/165/119 173/167/119 171/164/119
f 173/167/120 128/120/2445 130/121/120
f 174/165/121 176/169/2446 175/168/121
f 173/167/122 175/168/122 126/118/122
f 176/169/123 178/172/123 177/170/123
f 177/170/125 124/115/125 126/118/125
f 180/171/126 179/174/126 177/170/126
f 177/170/127 179/174/127 122/114/127
f 180/171/128 182/176/128 181/173/128
f 181/173/129 120/112/129 122/114/129
f 184/175/130 183/177/130 181/173/130
f 183/177/131 118/109/131 120/112/131
f 184/175/132 186/180/132 185/178/132
f 183/177/133 185/178/133 116/108/133
f 188/179/134 187/181/134 185/178/134
f 187/181/135 114/106/135 116/108/135
f 190/182/136 189/183/136 187/181/136
f 189/183/137 112/104/137 114/106/137
f 192/184/138 191/185/2447 189/183/139
f 191/185/140 110/102/140 112/104/140
f 192/184/141 194/187/141 193/186/141
f 191/185/142 193/186/142 108/100/142
f 194/187/143 196/190/143 195/188/143
f 193/186/144 195/188/144 106/99/144
f 198/189/145 197/191/145 195/188/145
f 197/191/146 104/96/146 106/99/146
f 200/192/147 199/193/147 197/191/147
f 199/193/148 102/95/148 104/96/148
f 200/192/149 202/195/149 201/194/149
f 199/193/151 201/194/151 100/92/151
f 202/195/152 204/197/152 203/196/152
f 201/194/153 203/196/153 98/90/153
f 204/197/154 206/199/154 205/198/154
f 203/196/155 205/198/155 96/89/155
f 82/74/156 84/76/157 205/198/157
f 84/76/158 94/78/158 96/89/158
f 207/200/159 206/199/159 204/197/159
f 80/73/160 82/74/160 206/199/160
f 209/202/161 207/200/161 208/201/161
f 211/72/162 80/73/162 207/200/162
s 0
f 212/204/5 209/202/6 210/203/245
f 214/206/3 211/72/6 209/202/1932
s 1
f 212/204/4 213/205/4 216/207/4
f 214/206/4 212/204/4 215/208/4
f 329/210/165 217/213/165 215/211/165
f 217/213/166 219/215/166 218/214/166
f 219/215/167 221/217/167 220/216/167
f 71/66/4 214/206/4 218/209/4
f 221/217/168 222/2541/168 72/218/168
f 224/219/2 223/222/2 221/220/2
f 223/222/2 225/225/2 222/223/2
f 224/219/169 227/368/169 226/224/169
f 225/225/170 223/222/170 226/224/170
f 230/228/2 229/231/2 228/226/2
f 228/226/2 226/224/2 230/228/2
f 226/224/2 227/368/2 230/228/2
f 227/368/2 334/366/2 333/365/2
f 333/365/2 332/364/2 320/349/2
f 320/349/2 319/347/2 305/329/2
f 319/347/2 318/346/2 305/329/2
f 318/346/2 317/345/2 305/329/2
f 305/329/2 304/327/2 303/326/2
f 303/326/2 302/325/2 290/229/2
f 290/229/2 289/309/2 275/292/2
f 289/309/2 288/307/2 275/292/2
f 288/307/2 287/306/2 275/292/2
f 275/292/2 274/290/2 273/288/2
f 273/288/2 272/286/2 275/292/2
f 272/286/2 260/271/2 275/292/2
f 260/271/2 259/269/2 245/227/2
f 259/269/2 258/267/2 257/266/2
f 245/227/2 259/269/2 257/266/2
f 245/227/2 244/251/2 230/228/2
f 244/251/2 243/249/2 230/228/2
f 243/249/2 242/247/2 230/228/2
f 227/368/2 333/365/2 320/349/2
f 305/329/2 303/326/2 320/349/2
f 303/326/2 290/229/2 320/349/2
f 230/228/2 227/368/2 290/229/2
f 227/368/2 320/349/2 290/229/2
f 290/229/2 275/292/2 260/271/2
f 260/271/2 245/227/2 290/229/2
f 231/230/171 225/225/171 228/226/171
f 232/232/172 231/230/172 229/231/172
f 231/230/2 233/233/2 222/223/2
f 232/232/2 235/242/2 233/233/2
f 222/234/173 233/237/173 234/235/173
f 233/237/174 235/239/174 236/238/174
f 235/239/175 237/243/175 238/240/175
f 240/241/2 237/246/2 235/242/2
f 237/243/176 239/254/176 414/244/176
f 240/241/2 241/248/2 239/245/2
f 240/241/177 232/232/177 230/228/177
f 241/248/178 240/241/178 242/247/178
f 246/250/179 241/248/179 243/249/179
f 247/252/180 246/250/180 244/251/180
f 246/250/2 248/253/2 239/245/2
f 247/252/2 250/261/2 248/253/2
f 239/254/181 248/256/181 249/255/181
f 248/256/182 250/258/182 251/257/182
f 250/258/183 252/262/183 253/259/183
f 247/252/2 255/265/2 252/260/2
f 252/262/184 254/274/184 401/263/184
f 256/264/2 254/273/2 252/260/2
f 255/265/185 247/252/185 245/227/185
f 256/264/186 255/265/186 257/266/186
f 261/268/187 256/264/187 258/267/187
f 262/270/188 261/268/188 259/269/188
f 256/264/2 261/268/2 263/272/2
f 262/270/2 265/281/2 263/272/2
f 254/274/189 263/276/189 264/275/189
f 263/276/190 265/278/190 266/277/190
f 265/278/191 267/282/191 268/279/191
f 262/270/2 270/284/2 267/280/2
f 267/282/192 269/295/192 388/283/192
f 270/284/2 271/287/2 269/285/2
f 270/284/193 262/270/193 260/271/193
f 271/287/194 270/284/194 272/286/194
f 276/289/165 271/287/165 273/288/165
f 277/291/166 276/289/166 274/290/166
f 271/287/2 276/289/2 278/293/2
f 276/289/2 277/291/2 280/294/2
f 269/295/195 278/297/195 279/296/195
f 278/297/196 280/299/196 281/298/196
f 280/299/169 282/302/169 283/300/169
f 277/291/2 285/304/2 282/301/2
f 282/302/170 284/313/170 375/303/170
f 285/304/2 286/308/2 284/305/2
f 285/304/167 277/291/167 275/292/167
f 285/304/168 287/306/168 288/307/168
f 286/308/173 288/307/173 289/309/173
f 291/310/174 289/309/174 290/229/174
f 291/310/2 293/312/2 284/305/2
f 292/311/2 295/320/2 293/312/2
f 284/313/171 293/315/171 294/314/171
f 293/315/172 295/317/172 296/316/172
f 295/317/177 297/321/177 298/318/177
f 300/319/2 297/324/2 295/320/2
f 297/321/178 299/333/178 362/322/178
f 301/323/2 299/332/2 297/324/2
f 292/311/175 290/229/175 302/325/175
f 300/319/176 302/325/176 303/326/176
f 301/323/181 303/326/181 304/327/181
f 306/328/182 304/327/182 305/329/182
f 301/323/2 306/328/2 308/331/2
f 307/330/2 310/340/2 308/331/2
f 299/333/179 308/335/179 309/334/179
f 308/335/180 310/337/180 311/336/180
f 310/337/185 312/341/185 313/338/185
f 315/339/2 312/344/2 310/340/2
f 312/341/186 314/353/186 349/342/186
f 316/343/2 314/352/2 312/344/2
f 307/330/183 305/329/183 317/345/183
f 315/339/184 317/345/184 318/346/184
f 316/343/189 318/346/189 319/347/189
f 321/348/190 319/347/190 320/349/190
f 316/343/2 321/348/2 323/351/2
f 322/350/2 325/360/2 323/351/2
f 314/353/187 323/355/187 324/354/187
f 323/355/188 325/357/188 326/356/188
f 325/357/193 327/361/193 328/358/193
f 322/350/2 330/363/2 327/359/2
f 327/361/194 329/210/194 216/212/194
f 331/362/2 329/369/2 327/359/2
f 322/350/191 320/349/191 332/364/191
f 330/363/192 332/364/192 333/365/192
f 331/362/195 333/365/195 334/366/195
f 335/367/196 334/366/196 227/368/196
f 335/367/2 217/370/2 329/369/2
f 335/367/2 224/219/2 219/221/2
f 337/371/4 326/386/4 328/372/4
f 213/205/4 336/373/4 328/372/4
s 0
f 336/373/5 338/375/8 339/374/249
f 213/205/3 210/203/248 338/375/247
s 1
f 338/375/199 340/377/199 341/376/199
f 338/375/200 210/203/200 208/201/200
f 340/377/201 202/195/201 200/192/201
f 340/377/202 208/201/202 204/197/203
f 344/378/204 339/374/204 341/376/204
f 342/379/205 341/376/205 200/192/205
f 344/378/206 342/379/206 343/380/206
f 342/379/207 198/189/207 196/190/207
s 0
f 346/382/3 344/378/6 345/381/259
f 337/371/3 339/374/6 344/378/260
s 1
f 346/382/4 347/383/4 349/384/4
f 346/382/4 324/385/4 326/386/4
f 348/387/4 313/390/4 349/384/4
s 0
f 347/383/3 345/381/6 351/388/261
s 1
f 348/387/4 350/392/4 311/389/4
s 0
f 348/387/3 351/388/6 352/391/262
s 1
f 351/388/212 353/394/212 354/393/212
f 345/381/213 343/380/213 353/394/213
f 353/394/214 194/187/214 192/184/214
f 353/394/215 343/380/215 196/190/215
f 357/395/216 352/391/216 354/393/216
f 355/396/217 354/393/217 192/184/217
f 357/395/218 355/396/218 356/397/218
f 355/396/219 190/182/220 188/179/220
s 0
f 359/399/3 357/395/248 358/398/272
f 350/392/5 352/391/8 357/395/273
s 1
f 360/400/4 362/403/4 309/401/4
f 350/392/4 359/399/4 309/401/4
f 361/402/4 298/406/4 362/403/4
s 0
f 360/400/5 358/398/6 364/404/274
s 1
f 363/405/4 296/417/4 298/406/4
s 0
f 361/402/3 364/404/6 365/407/2448
s 1
f 365/407/225 364/404/225 366/408/225
f 364/404/226 358/398/226 356/397/226
f 367/409/227 366/408/227 186/180/227
f 366/408/228 356/397/228 188/179/228
f 365/407/229 367/409/229 368/410/229
f 368/410/230 367/409/230 184/175/230
f 370/411/231 368/410/231 369/412/231
f 368/410/232 182/176/232 180/171/232
s 0
f 372/414/5 370/411/6 371/413/2449
f 363/405/3 365/407/6 370/411/282
s 1
f 373/415/4 375/419/4 294/416/4
f 372/414/4 294/416/4 296/417/4
f 374/418/4 283/422/4 375/419/4
s 0
f 373/415/3 371/413/6 377/420/9
s 1
f 376/421/4 281/433/4 283/422/4
s 0
f 374/418/3 377/420/6 378/423/283
s 1
f 377/420/237 379/425/237 380/424/237
f 371/413/238 369/412/238 379/425/238
f 380/424/239 379/425/239 178/172/239
f 379/425/240 369/412/240 180/171/240
f 378/423/241 380/424/241 381/426/241
f 381/426/242 380/424/242 176/169/242
f 383/427/243 381/426/243 382/428/243
f 382/428/244 381/426/244 174/165/244
s 0
f 385/430/5 383/427/6 384/429/163
f 376/421/5 378/423/6 383/427/164
s 1
f 386/431/4 388/435/4 279/432/4
f 385/430/4 279/432/4 281/433/4
f 387/434/4 268/438/4 388/435/4
s 0
f 386/431/5 384/429/6 390/436/198
s 1
f 387/434/4 389/440/4 266/437/4
s 0
f 387/434/5 390/436/6 391/439/197
s 1
f 390/436/250 392/442/250 393/441/250
f 390/436/251 384/429/251 382/428/251
f 393/441/252 392/442/252 170/161/253
f 392/442/254 382/428/254 172/166/254
f 396/443/255 391/439/255 393/444/255
f 394/445/256 393/444/256 168/162/256
f 396/443/257 394/445/257 395/446/257
f 394/445/258 166/159/258 164/156/258
s 0
f 398/448/3 396/443/6 397/447/1743
f 389/440/5 391/439/6 396/443/209
s 1
f 399/449/4 401/452/4 264/450/4
f 389/440/4 398/448/4 264/450/4
f 399/449/4 400/454/4 253/451/4
s 0
f 399/449/3 397/447/6 403/453/2450
s 1
f 402/455/4 251/469/4 253/451/4
s 0
f 400/454/5 403/453/6 404/456/211
s 1
f 403/453/263 405/459/263 406/457/263
f 403/453/264 397/447/264 395/446/264
f 405/459/265 162/153/265 160/154/265
f 405/458/266 395/446/266 164/156/266
f 409/460/267 404/456/267 406/461/267
f 406/461/268 160/154/269 158/149/269
f 409/460/270 407/462/270 408/463/270
f 407/462/271 158/149/271 156/150/271
s 0
f 411/465/5 409/460/6 410/464/221
f 402/455/5 404/456/6 409/460/222
s 1
f 411/465/4 412/466/4 414/467/4
f 411/465/4 249/468/4 251/469/4
f 412/466/4 413/472/4 238/470/4
s 0
f 412/466/5 410/464/6 416/471/223
s 1
f 413/472/4 415/475/4 236/473/4
s 0
f 413/472/5 416/471/6 417/474/224
s 1
f 417/474/276 416/471/276 418/476/276
f 410/464/277 408/478/277 418/476/277
f 418/476/278 154/147/278 152/145/278
f 408/478/279 156/150/279 154/147/279
f 74/479/280 417/474/280 419/480/280
f 419/480/281 152/145/281 420/146/281
s 0
f 415/475/3 417/474/6 74/479/234
s 1
f 70/59/4 234/61/4 236/473/4
s 0
f 71/66/3 75/65/6 211/72/236
s 1
f 424/2542/2451 421/2543/1 422/2544/1
f 422/2544/1 481/2545/1 424/2542/2451
f 481/2545/1 480/483/285 425/482/284
f 424/2542/2451 481/2545/1 425/482/284
f 480/483/285 479/2546/1 431/2547/284
f 479/2546/1 478/2548/1 432/2549/284
f 478/2548/1 473/2550/1 432/2549/284
f 473/2550/1 472/2551/1 433/2552/1
f 432/2549/284 473/2550/1 433/2552/1
f 472/2551/1 471/2553/1 439/2554/1
f 471/2553/1 470/2555/1 440/2556/1
f 470/2555/1 465/2557/1 440/2556/1
f 465/2557/1 464/2558/285 441/2559/1
f 440/2556/1 465/2557/1 441/2559/1
f 464/2558/285 463/2560/1 447/2561/1
f 463/2560/1 462/2562/284 448/2563/1
f 462/2562/284 457/2564/1 448/2563/1
f 457/2564/1 456/2565/2452 449/2566/2453
f 448/2563/1 457/2564/1 449/2566/2453
f 456/2565/2452 455/2567/1 454/2568/1
f 454/2568/1 449/2566/2453 456/2565/2452
f 448/2563/1 447/2561/1 463/2560/1
f 447/2561/1 446/2569/1 464/2558/285
f 446/2569/1 441/2559/1 464/2558/285
f 440/2556/1 439/2554/1 471/2553/1
f 439/2554/1 438/2570/1 472/2551/1
f 438/2570/1 433/2552/1 472/2551/1
f 432/2549/284 431/2547/284 479/2546/1
f 431/2547/284 430/481/1 480/483/285
f 423/484/286 484/551/286 422/485/286
f 426/487/287 423/2571/287 421/488/287
f 427/490/288 426/487/288 424/489/288
f 483/2572/6 484/2573/2454 426/2574/6
f 484/2573/2454 423/2575/6 426/2574/6
f 426/2574/6 427/2576/6 483/2572/6
f 427/2576/6 428/2577/6 483/2572/6
f 428/2577/6 429/494/6 482/493/8
f 483/2572/6 428/2577/6 482/493/8
f 429/494/6 434/2578/6 477/492/6
f 434/2578/6 435/2579/6 476/2580/248
f 477/492/6 434/2578/6 476/2580/248
f 435/2579/6 436/2581/6 474/2582/6
f 436/2581/6 437/2583/6 469/2584/6
f 437/2583/6 442/2585/6 468/2586/6
f 442/2585/6 443/2587/6 467/2588/6
f 443/2587/6 444/2589/8 467/2588/6
f 444/2589/8 445/2590/6 466/2591/6
f 467/2588/6 444/2589/8 466/2591/6
f 445/2590/6 450/2592/6 461/2593/6
f 450/2592/6 451/2594/8 460/2595/248
f 461/2593/6 450/2592/6 460/2595/248
f 451/2594/8 452/2596/6 459/2597/6
f 452/2596/6 453/2598/6 458/2599/2455
f 459/2597/6 452/2596/6 458/2599/2455
f 459/2597/6 460/2595/248 451/2594/8
f 461/2593/6 466/2591/6 445/2590/6
f 467/2588/6 468/2586/6 442/2585/6
f 468/2586/6 469/2584/6 437/2583/6
f 469/2584/6 474/2582/6 436/2581/6
f 474/2582/6 475/2600/6 435/2579/6
f 475/2600/6 476/2580/248 435/2579/6
f 428/495/289 427/490/289 425/491/289
f 429/497/290 428/495/290 430/496/290
f 434/499/291 429/497/291 431/498/291
f 435/501/292 434/499/292 432/500/292
f 436/503/293 435/501/293 433/502/293
f 437/505/294 436/503/294 438/504/294
f 442/507/295 437/505/295 439/506/295
f 443/509/296 442/507/296 440/508/296
f 444/511/297 443/509/297 441/510/297
f 445/513/298 444/511/298 446/512/298
f 450/515/299 445/513/299 447/514/299
f 451/517/300 450/515/300 448/516/300
f 452/519/301 451/517/301 449/518/301
f 453/521/302 452/519/302 454/520/302
f 458/523/303 453/521/303 455/522/303
f 459/525/304 458/523/304 456/524/304
f 460/527/305 459/525/305 457/526/305
f 461/529/306 460/527/306 462/528/306
f 466/531/307 461/529/307 463/530/307
f 467/533/308 466/531/308 464/532/308
f 468/535/309 467/533/309 465/534/309
f 469/537/310 468/535/310 470/536/310
f 474/539/311 469/537/311 471/538/311
f 475/541/312 474/539/312 472/540/312
f 476/543/313 475/541/313 473/542/313
f 477/545/314 476/543/314 478/544/314
f 482/547/315 477/545/315 479/546/315
f 483/549/316 482/547/316 480/548/316
f 484/551/317 483/549/317 481/550/317
f 485/552/318 486/556/318 580/553/318
f 487/555/319 934/640/319 486/556/319
f 489/557/320 490/560/320 487/555/320
f 491/558/321 489/557/321 485/552/321
f 492/559/322 493/563/323 490/560/323
f 492/559/324 489/557/324 491/558/324
f 495/562/325 496/566/325 493/563/325
f 497/564/326 495/562/326 492/559/326
f 498/565/327 499/1049/2456 496/566/327
f 498/565/328 495/562/328 497/564/328
f 502/568/329 499/1049/329 498/565/330
f 501/569/331 498/565/331 500/567/331
f 504/571/332 505/1054/333 502/568/333
f 506/572/334 504/571/334 501/569/334
f 508/573/335 505/1054/335 504/571/335
f 507/574/336 504/571/336 506/572/336
f 511/576/337 508/573/337 507/574/337
f 510/577/339 507/574/339 509/575/339
f 513/579/340 514/585/341 511/580/341
f 515/582/342 513/579/342 510/581/342
f 516/584/344 517/1063/344 514/585/344
f 518/586/346 516/584/346 513/579/346
f 520/587/347 517/1063/347 516/584/348
f 519/588/349 516/584/349 518/586/349
f 522/590/350 523/1069/351 520/587/351
f 524/591/352 522/590/352 519/588/352
f 526/592/353 523/1069/353 522/590/353
f 527/594/354 525/593/354 522/590/354
f 529/595/355 526/592/355 525/593/355
f 528/596/357 525/593/357 527/594/357
f 531/598/358 532/601/358 529/595/358
f 533/599/360 531/598/360 528/596/360
f 534/600/361 535/1077/361 532/601/361
f 536/602/362 534/600/2457 531/598/362
f 538/603/363 535/1077/363 534/600/363
f 537/604/364 534/600/2458 536/602/364
f 540/606/365 541/1083/2459 538/603/365
f 540/606/366 537/604/366 539/605/366
f 544/608/367 541/1083/2460 540/606/367
f 543/609/368 540/606/368 542/607/368
f 547/611/369 544/608/2461 543/609/370
f 546/612/371 543/609/371 545/610/371
f 550/614/372 547/611/372 546/612/372
f 551/616/373 549/615/373 546/612/373
f 552/617/374 553/1091/374 550/614/374
f 552/617/375 549/615/375 551/616/375
f 556/619/376 553/1091/376 552/617/376
f 555/620/377 552/617/377 554/618/377
f 558/622/378 559/1096/379 556/619/379
f 560/623/380 558/622/381 555/620/381
f 562/624/382 559/1096/382 558/622/383
f 561/625/384 558/622/384 560/623/385
f 564/627/386 565/1101/386 562/624/386
f 566/628/387 564/627/387 561/625/387
f 568/629/388 565/1101/388 564/627/389
f 567/630/390 564/627/390 566/628/390
f 570/632/391 571/635/2462 568/629/391
f 570/632/392 567/630/392 569/631/392
f 573/634/393 574/638/2463 571/635/393
f 575/636/395 573/634/395 570/632/395
f 576/637/396 577/1037/397 574/638/397
f 578/639/398 576/637/398 573/634/398
f 934/640/399 577/1037/2464 576/637/399
f 580/553/400 486/556/400 576/637/400
f 579/641/401 578/639/2465 575/636/401
f 581/643/402 580/553/2466 578/639/402
f 583/644/404 488/554/404 580/553/404
f 581/643/405 579/641/2467 644/645/405
f 583/644/407 581/643/407 582/646/407
f 585/648/408 491/558/2468 488/554/408
f 585/648/409 583/644/2469 584/647/409
f 587/650/410 494/561/410 491/558/410
f 587/650/411 585/648/2470 586/649/411
f 497/564/413 494/561/2471 587/650/413
f 590/653/414 589/652/414 587/650/414
f 500/567/415 497/564/415 589/652/415
f 592/655/417 591/654/417 589/652/417
f 593/656/418 503/570/418 500/567/418
f 594/657/419 593/656/419 591/654/419
f 595/658/420 506/572/420 503/570/420
f 595/658/421 593/656/421 594/657/421
f 509/575/422 506/572/422 595/658/422
f 597/660/423 595/658/423 596/659/423
f 512/578/425 509/575/2472 597/660/425
f 600/663/426 599/662/426 597/660/426
f 601/664/428 515/582/428 512/583/428
f 601/664/429 599/665/429 600/666/429
f 603/668/431 518/586/431 515/582/431
f 604/669/432 603/668/432 601/664/432
f 521/589/434 518/586/434 603/668/434
f 606/671/435 605/670/435 603/668/435
f 524/591/436 521/589/436 605/670/436
f 607/672/437 605/670/437 606/671/437
f 609/674/438 527/594/438 524/591/438
f 609/674/440 607/672/440 608/673/440
f 611/676/441 530/597/441 527/594/441
f 611/676/442 609/674/442 610/675/442
f 533/599/443 530/597/443 611/676/443
f 614/679/445 613/678/2473 611/676/445
f 536/602/447 533/599/2474 613/678/447
f 616/681/448 615/680/2475 613/678/448
f 539/605/449 536/602/449 615/680/449
f 618/683/450 617/682/450 615/680/450
f 542/607/451 539/605/2476 617/682/451
f 620/685/453 619/684/453 617/682/453
f 545/610/455 542/607/2477 619/684/455
f 622/687/456 621/686/456 619/684/456
f 623/688/457 548/613/2478 545/610/457
f 623/688/459 621/686/459 622/687/459
f 625/690/460 551/616/460 548/613/460
f 626/691/462 625/690/2479 623/688/462
f 554/618/464 551/616/464 625/690/464
f 628/693/465 627/692/465 625/690/465
f 557/621/466 554/618/466 627/692/466
f 630/695/467 629/694/467 627/692/467
f 631/696/468 560/623/468 557/621/468
f 632/697/469 631/696/469 629/694/469
f 563/626/470 560/623/2480 631/696/470
f 633/698/471 631/696/471 632/697/471
f 635/700/472 566/628/472 563/626/472
f 635/700/473 633/698/2481 634/699/473
f 637/702/474 569/631/474 566/628/474
f 637/702/475 635/700/475 636/701/475
f 572/633/476 569/631/476 637/702/476
f 639/704/478 637/702/2482 638/703/478
f 575/636/480 572/633/2483 639/704/480
f 642/706/482 641/642/482 639/704/482
f 579/641/483 641/642/483 642/706/483
f 642/706/484 640/705/484 705/707/484
f 645/709/485 644/645/485 642/706/485
f 647/710/486 582/646/486 644/645/486
f 645/709/487 643/708/487 708/711/487
f 647/710/489 645/709/489 646/712/489
f 649/714/491 584/647/491 582/646/491
f 649/714/492 647/710/2484 648/713/492
f 652/716/493 651/717/2485 649/714/493
f 586/649/494 584/647/494 649/714/494
f 588/651/495 586/649/495 651/717/495
f 654/719/496 653/718/496 651/717/496
f 590/653/497 588/651/497 653/718/497
f 655/720/498 653/718/2486 654/719/498
f 592/655/499 590/653/499 655/720/499
f 658/723/500 657/722/500 655/720/500
f 594/657/502 592/655/502 657/722/502
f 659/724/503 657/722/2487 658/723/503
f 596/659/504 594/657/504 659/724/504
f 662/727/505 661/726/505 659/724/505
f 598/661/507 596/659/507 661/726/507
f 664/729/508 663/728/2488 661/726/508
f 600/663/509 598/661/509 663/728/509
f 666/731/510 665/730/510 663/728/510
f 667/732/512 602/667/512 600/666/512
f 667/732/513 665/733/513 666/734/513
f 669/736/515 604/669/515 602/667/515
f 670/737/516 669/736/516 667/732/516
f 671/738/518 606/671/518 604/669/518
f 672/739/519 671/738/519 669/736/519
f 673/740/521 608/673/521 606/671/521
f 674/741/522 673/740/522 671/738/522
f 675/742/524 610/675/524 608/673/524
f 676/743/525 675/742/525 673/740/525
f 677/744/526 612/677/526 610/675/526
f 678/745/527 677/744/527 675/742/527
f 679/746/528 614/679/528 612/677/528
f 680/747/529 679/746/529 677/744/529
f 681/748/530 616/681/530 614/679/530
f 682/749/531 681/748/2489 679/746/531
f 618/683/532 616/681/532 681/748/532
f 684/751/533 683/750/533 681/748/533
f 620/685/534 618/683/534 683/750/534
f 686/753/535 685/752/535 683/750/535
f 622/687/537 620/685/537 685/752/537
f 688/755/538 687/754/538 685/752/538
f 689/756/540 624/689/540 622/687/540
f 690/757/541 689/756/2490 687/754/541
f 626/691/543 624/689/543 689/756/543
f 692/759/544 691/758/544 689/756/544
f 693/760/546 628/693/2491 626/691/546
f 694/761/547 693/760/2492 691/758/547
f 630/695/548 628/693/548 693/760/548
f 696/763/549 695/762/549 693/760/549
f 632/697/550 630/695/550 695/762/550
f 697/764/551 695/762/2493 696/763/551
f 699/766/552 634/699/552 632/697/552
f 700/767/553 699/766/2494 697/764/553
f 701/768/555 636/701/555 634/699/555
f 702/769/556 701/768/556 699/766/556
f 638/703/557 636/701/557 701/768/557
f 704/771/558 703/770/558 701/768/558
f 705/707/560 640/705/560 638/703/560
f 705/707/561 703/770/561 704/771/561
f 643/708/563 705/707/2495 706/772/563
f 707/773/565 706/772/2496 704/771/565
f 709/775/566 708/711/2497 706/772/566
f 711/776/568 646/712/2498 708/711/568
f 709/775/570 707/773/570 772/777/570
f 711/776/571 709/775/571 710/778/571
f 713/780/572 648/713/2499 646/712/572
f 713/780/573 711/776/573 712/779/573
f 715/782/574 650/715/574 648/713/574
f 715/782/576 713/780/576 714/781/576
f 652/716/577 650/715/577 715/782/577
f 718/785/579 717/784/579 715/782/579
f 654/719/580 652/716/580 717/784/580
f 720/787/581 719/786/581 717/784/581
f 721/788/582 656/721/2500 654/719/582
f 722/789/583 721/788/583 719/786/583
f 658/723/584 656/721/584 721/788/584
f 724/791/586 723/790/586 721/788/586
f 725/792/587 660/725/587 658/723/587
f 726/793/589 725/792/589 723/790/589
f 662/727/590 660/725/2501 725/792/590
f 728/795/591 727/794/591 725/792/591
f 664/729/592 662/727/592 727/794/592
f 730/797/594 729/796/594 727/794/594
f 666/731/595 664/729/2502 729/796/595
f 732/799/597 731/798/597 729/796/597
f 733/800/598 668/735/2503 666/734/598
f 733/800/600 731/801/600 732/802/600
f 670/737/601 668/735/2504 733/800/601
f 735/804/602 733/800/602 734/803/602
f 672/739/603 670/737/2505 735/804/603
f 737/806/604 735/804/604 736/805/604
f 674/741/605 672/739/2506 737/806/605
f 739/808/606 737/806/606 738/807/606
f 676/743/607 674/741/607 739/808/607
f 741/810/609 739/808/609 740/809/609
f 678/745/610 676/743/610 741/810/610
f 743/812/612 741/810/612 742/811/612
f 680/747/613 678/745/613 743/812/613
f 745/814/614 743/812/614 744/813/614
f 682/749/615 680/747/615 745/814/615
f 747/816/616 745/814/616 746/815/616
f 684/751/617 682/749/617 747/816/617
f 750/819/618 749/818/618 747/816/618
f 686/753/619 684/751/2507 749/818/619
f 752/821/620 751/820/620 749/818/620
f 688/755/621 686/753/2508 751/820/621
f 754/823/622 753/822/622 751/820/622
f 690/757/623 688/755/2509 753/822/623
f 756/825/625 755/824/625 753/822/625
f 692/759/626 690/757/2510 755/824/626
f 758/827/627 757/826/627 755/824/627
f 694/761/628 692/759/628 757/826/628
f 759/828/630 757/826/630 758/827/630
f 696/763/631 694/761/631 759/828/631
f 762/831/632 761/830/632 759/828/632
f 763/832/633 698/765/633 696/763/633
f 764/833/635 763/832/635 761/830/635
f 700/767/636 698/765/2511 763/832/636
f 765/834/638 763/832/638 764/833/638
f 702/769/639 700/767/639 765/834/639
f 767/836/640 765/834/640 766/835/640
f 704/771/641 702/769/641 767/836/641
f 770/838/643 769/774/643 767/836/643
f 707/773/644 769/774/644 770/838/644
f 771/839/645 770/838/645 768/837/645
f 773/841/646 772/777/646 770/838/646
f 710/778/647 772/777/647 773/841/647
f 774/843/648 773/841/648 771/839/648
f 776/845/649 775/842/649 773/841/649
f 777/846/650 712/779/650 710/778/650
f 777/846/651 775/842/651 776/845/651
f 779/848/653 714/781/653 712/779/653
f 779/848/655 777/846/2512 778/847/655
f 781/850/657 716/783/657 714/781/657
f 781/850/658 779/848/658 780/849/658
f 783/852/659 718/785/659 716/783/659
f 783/852/660 781/850/660 782/851/660
f 785/854/661 720/787/662 718/785/662
f 785/854/663 783/852/663 784/853/663
f 722/789/664 720/787/664 785/854/664
f 788/857/665 787/856/665 785/854/665
f 724/791/666 722/789/666 787/856/666
f 790/859/667 789/858/667 787/856/667
f 726/793/668 724/791/668 789/858/668
f 791/860/669 789/858/669 790/859/669
f 793/862/670 728/795/670 726/793/670
f 793/862/671 791/860/2513 792/861/671
f 795/864/672 730/797/672 728/795/672
f 796/865/673 795/864/673 793/862/673
f 732/799/674 730/797/674 795/864/674
f 798/867/675 797/866/675 795/864/675
f 799/868/676 734/803/676 732/802/676
f 799/868/677 797/869/677 798/870/677
f 736/805/678 734/803/678 799/868/678
f 801/872/679 799/868/679 800/871/679
f 738/807/680 736/805/680 801/872/680
f 804/875/681 803/874/2514 801/872/681
f 805/876/682 740/809/682 738/807/682
f 806/877/683 805/876/683 803/874/683
f 807/878/684 742/811/684 740/809/684
f 807/878/685 805/876/685 806/877/685
f 809/880/686 744/813/686 742/811/686
f 809/880/687 807/878/687 808/879/687
f 746/815/688 744/813/688 809/880/688
f 812/883/690 811/882/690 809/880/690
f 748/817/691 746/815/691 811/882/691
f 814/885/692 813/884/692 811/882/692
f 750/819/693 748/817/693 813/884/693
f 816/887/694 815/886/694 813/884/694
f 752/821/695 750/819/2515 815/886/695
f 818/889/696 817/888/696 815/886/696
f 754/823/698 752/821/698 817/888/698
f 820/891/699 819/890/699 817/888/699
f 821/892/701 756/825/701 754/823/701
f 821/892/702 819/890/702 820/891/702
f 758/827/703 756/825/703 821/892/703
f 823/894/704 821/892/704 822/893/704
f 760/829/705 758/827/705 823/894/705
f 826/897/706 825/896/707 823/894/707
f 762/831/708 760/829/708 825/896/708
f 828/899/709 827/898/709 825/896/709
f 764/833/710 762/831/710 827/898/710
f 829/900/711 827/898/711 828/899/711
f 831/902/712 766/835/712 764/833/712
f 832/903/713 831/902/713 829/900/713
f 833/840/714 768/837/714 766/835/714
f 833/840/716 831/902/716 832/903/716
f 771/839/717 833/840/2516 834/904/717
f 834/904/718 832/903/718 897/905/718
f 837/907/719 836/844/719 834/904/719
f 839/908/720 774/843/720 836/844/720
f 838/909/721 837/907/721 835/906/721
f 839/908/722 837/907/722 838/909/722
f 776/845/724 774/843/724 839/908/724
f 842/913/725 841/912/725 839/908/725
f 843/914/727 778/847/727 776/845/727
f 843/914/728 841/912/2517 842/913/728
f 780/849/729 778/847/729 843/914/729
f 846/917/730 845/916/730 843/914/730
f 782/851/731 780/849/731 845/916/731
f 847/918/733 845/916/733 846/917/733
f 849/920/734 784/853/734 782/851/734
f 850/921/735 849/920/735 847/918/735
f 851/922/736 786/855/736 784/853/736
f 851/922/737 849/920/737 850/921/738
f 788/857/740 786/855/740 851/922/740
f 853/924/741 851/922/741 852/923/742
f 855/926/743 790/859/743 788/857/743
f 855/926/744 853/924/744 854/925/744
f 857/928/746 792/861/746 790/859/746
f 858/929/748 857/928/749 855/926/749
f 794/863/750 792/861/750 857/928/750
f 859/930/751 857/928/2518 858/929/751
f 861/932/752 796/865/752 794/863/752
f 862/933/753 861/932/753 859/930/753
f 863/934/754 798/867/754 796/865/754
f 863/934/755 861/932/755 862/933/755
f 800/871/756 798/870/756 863/936/756
f 866/938/757 865/937/757 863/936/757
f 802/873/758 800/871/758 865/937/758
f 867/940/759 865/937/759 866/938/759
f 869/942/760 804/875/760 802/873/760
f 870/943/761 869/942/761 867/940/761
f 806/877/762 804/875/762 869/942/762
f 871/944/764 869/942/764 870/943/765
f 808/879/766 806/877/766 871/944/766
f 874/947/767 873/946/2519 871/944/767
f 875/948/768 810/881/768 808/879/768
f 876/949/769 875/948/2520 873/946/770
f 812/883/771 810/881/771 875/948/771
f 877/950/772 875/948/772 876/949/773
f 814/885/774 812/883/774 877/950/774
f 879/952/776 877/950/776 878/951/776
f 881/954/777 816/887/777 814/885/777
f 882/955/779 881/954/779 879/952/779
f 883/956/780 818/889/780 816/887/780
f 883/956/781 881/954/781 882/955/781
f 885/958/782 820/891/782 818/889/782
f 886/959/783 885/958/783 883/956/783
f 887/960/785 822/893/785 820/891/785
f 888/961/786 887/960/786 885/958/786
f 824/895/788 822/893/788 887/960/788
f 890/963/789 889/962/789 887/960/789
f 891/964/791 826/897/791 824/895/791
f 891/964/792 889/962/2521 890/963/792
f 893/966/793 828/899/793 826/897/793
f 894/967/794 893/966/794 891/964/794
f 830/901/795 828/899/795 893/966/795
f 895/968/796 893/966/796 894/967/797
f 897/905/798 832/903/798 830/901/798
f 898/970/799 897/905/800 895/968/800
f 835/906/801 897/905/2522 898/970/801
f 899/971/802 898/970/803 896/969/803
f 900/910/804 898/970/804 899/971/805
f 902/974/806 838/909/807 900/910/807
f 932/983/840 850/921/840 848/919/840
f 852/923/841 850/921/841 932/983/842
f 854/925/843 852/923/843 931/1034/843
f 929/1030/844 856/927/844 854/925/844
f 858/929/845 856/927/845 929/1030/845
f 927/1026/846 860/931/847 858/929/847
f 926/1024/848 862/933/849 860/931/849
f 864/935/850 862/933/850 926/1024/851
f 924/1019/852 866/938/852 864/939/852
f 868/941/853 866/938/853 924/1019/854
f 870/943/855 868/941/855 923/1017/856
f 904/978/858 872/945/858 870/943/859
f 874/947/860 872/945/860 904/978/861
f 876/949/862 874/947/862 921/981/863
f 878/951/864 876/949/864 920/1014/864
f 880/953/865 878/951/865 919/1012/865
f 917/1008/866 882/955/866 880/953/866
f 916/1006/867 884/957/2523 882/955/868
f 886/959/869 884/957/869 916/1006/870
f 914/1002/871 888/961/872 886/959/872
f 913/1000/873 890/963/873 888/961/873
f 892/965/874 890/963/874 913/1000/875
f 911/996/876 894/967/877 892/965/877
f 896/969/878 894/967/878 911/996/879
f 840/911/880 838/909/880 902/974/880
f 842/913/881 840/911/881 909/992/881
f 907/988/882 844/915/2524 842/913/883
f 846/917/884 844/915/2525 907/988/885
f 848/919/886 846/917/886 906/986/886
f 933/1036/887 966/1108/887 574/638/888
f 934/640/890 935/1038/891 933/1036/891
f 487/555/892 937/1040/893 935/1038/893
f 938/1042/896 937/1040/896 487/555/897
f 493/563/899 939/1044/899 938/1042/899
f 940/1046/902 939/1044/902 493/563/903
f 941/1048/905 940/1046/2526 496/566/905
f 502/568/907 942/1051/908 941/1048/908
f 943/1053/911 942/1051/911 502/568/912
f 944/1056/914 943/1053/914 505/1054/915
f 945/1058/917 944/1056/917 508/573/917
f 514/585/919 946/1061/920 945/1060/920
f 517/1063/922 947/1064/2527 946/1061/923
f 520/587/925 948/1066/925 947/1064/925
f 949/1068/927 948/1066/927 520/587/928
f 526/592/930 950/1071/931 949/1068/931
f 529/595/933 951/1073/934 950/1071/934
f 532/601/936 952/1075/937 951/1073/937
f 535/1077/939 953/1078/940 952/1075/940
f 954/1080/942 953/1078/942 535/1077/942
f 955/1082/944 954/1080/944 538/603/945
f 544/608/947 956/1085/948 955/1082/948
f 957/1087/951 956/1085/951 544/608/951
f 958/1089/953 957/1087/953 547/611/954
f 553/1091/956 959/1092/957 958/1089/957
f 960/1094/959 959/1092/959 553/1091/960
f 559/1096/962 961/1097/962 960/1094/962
f 962/1099/964 961/1097/964 559/1096/964
f 565/1101/966 963/1102/967 962/1099/967
f 964/1104/970 963/1102/970 565/1101/971
f 571/635/972 965/1106/973 964/1104/973
f 574/638/975 966/1108/2528 965/1106/975
f 970/1112/978 967/2601/2529 968/2602/978
f 968/2602/978 1027/2603/978 970/1112/978
f 1027/2603/978 1026/1113/978 970/1112/978
f 1026/1113/978 1025/2604/978 978/2605/978
f 1025/2604/978 1024/2606/978 978/2605/978
f 1024/2606/978 1019/2607/978 978/2605/978
f 1019/2607/978 1018/2608/978 978/2605/978
f 1018/2608/978 1017/2609/978 986/2610/978
f 1017/2609/978 1016/2611/978 986/2610/978
f 1016/2611/978 1011/2612/978 986/2610/978
f 1011/2612/978 1010/2613/978 986/2610/978
f 1010/2613/978 1009/2614/978 994/2615/978
f 1009/2614/978 1008/2616/978 994/2615/978
f 1008/2616/978 1003/2617/978 1002/2618/2530
f 1002/2618/2530 1001/2619/2531 1000/2620/2530
f 1000/2620/2530 995/2621/2530 1002/2618/2530
f 995/2621/2530 994/2615/978 1002/2618/2530
f 994/2615/978 993/2622/978 1010/2613/978
f 993/2622/978 992/2623/978 1010/2613/978
f 992/2623/978 987/2624/978 1010/2613/978
f 987/2624/978 986/2610/978 1010/2613/978
f 986/2610/978 985/2625/978 1018/2608/978
f 985/2625/978 984/2626/978 1018/2608/978
f 984/2626/978 979/2627/978 1018/2608/978
f 979/2627/978 978/2605/978 1018/2608/978
f 978/2605/978 977/2628/978 1026/1113/978
f 977/2628/978 976/1111/978 1026/1113/978
f 976/1111/978 971/2629/2530 970/1112/978
f 1008/2616/978 1002/2618/2530 994/2615/978
f 969/1114/979 1030/1172/979 968/1115/979
f 970/1117/980 972/1121/980 969/1118/980
f 971/1120/981 973/2630/981 972/1121/981
f 1029/2631/982 1030/2632/982 969/2633/982
f 969/2633/982 972/2634/982 1029/2631/982
f 972/2634/982 973/2635/982 1029/2631/982
f 973/2635/982 974/2636/982 975/2637/982
f 975/2637/982 980/2638/982 1023/2639/982
f 980/2638/982 981/2640/982 1023/2639/982
f 981/2640/982 982/2641/982 1015/2642/982
f 982/2641/982 983/2643/982 1015/2642/982
f 983/2643/982 988/2644/982 1013/2645/2532
f 988/2644/982 989/2646/982 1013/2645/2532
f 989/2646/982 990/2647/982 1013/2645/2532
f 990/2647/982 991/1122/982 1013/2645/2532
f 991/1122/982 996/2648/2533 997/1123/982
f 997/1123/982 998/2649/2532 999/2650/2533
f 999/2650/2533 1004/2651/2532 997/1123/982
f 1004/2651/2532 1005/2652/982 997/1123/982
f 1005/2652/982 1006/2653/2532 997/1123/982
f 1006/2653/2532 1007/1124/982 997/1123/982
f 1007/1124/982 1012/2654/982 991/1122/982
f 1012/2654/982 1013/2645/2532 991/1122/982
f 1013/2645/2532 1014/2655/982 983/2643/982
f 1014/2655/982 1015/2642/982 983/2643/982
f 1015/2642/982 1020/2656/982 981/2640/982
f 1020/2656/982 1021/2657/982 981/2640/982
f 1021/2657/982 1022/2658/982 981/2640/982
f 1022/2658/982 1023/2639/982 981/2640/982
f 1023/2639/982 1028/2659/982 975/2637/982
f 1028/2659/982 1029/2631/982 975/2637/982
f 973/2635/982 975/2637/982 1029/2631/982
f 974/1125/983 973/2630/983 971/1120/983
f 977/1127/984 975/2660/984 974/1125/984
f 980/1128/985 975/2660/985 977/1127/985
f 981/1130/986 980/1128/986 978/1129/986
f 982/1132/987 981/1130/987 979/1131/987
f 985/1134/988 983/2661/988 982/1132/988
f 988/1135/989 983/2661/989 985/1134/989
f 987/1137/990 989/2662/991 988/1135/991
f 990/1138/992 989/2662/992 987/1137/992
f 991/1140/993 990/1138/993 992/1139/994
f 994/1142/995 996/2663/995 991/1140/995
f 997/1143/996 996/2663/996 994/1142/996
f 998/1145/997 997/1143/997 995/1144/997
f 1001/1147/998 999/2664/998 998/1145/998
f 1004/1148/999 999/2664/999 1001/1147/999
f 1003/1150/1000 1005/2665/1000 1004/1148/1000
f 1006/1151/1001 1005/2665/1001 1003/1150/1001
f 1009/1153/1002 1007/2666/1002 1006/1151/1002
f 1012/1154/1003 1007/2666/1003 1009/1153/1004
f 1011/1156/1005 1013/1158/1006 1012/1154/1006
f 1016/1157/1007 1014/2667/1008 1013/1158/1008
f 1015/1159/1009 1014/2667/1009 1016/1157/1010
f 1020/1161/1011 1015/1159/1011 1017/1160/1011
f 1019/1163/1012 1021/2668/1013 1020/1161/1013
f 1022/1164/1014 1021/2668/1014 1019/1163/1014
f 1023/1166/1015 1022/1164/1015 1024/1165/1016
f 1028/1168/1017 1023/1166/1017 1025/1167/1017
f 1029/1170/1018 1028/1168/1018 1026/1169/1018
f 1030/1172/1019 1029/1170/1019 1027/1171/1019
f 1034/1175/1020 1031/2669/1020 1090/2670/1020
f 1031/2669/1020 1032/2671/2534 1090/2670/1020
f 1032/2671/2534 1091/2672/2534 1090/2670/1020
f 1090/2670/1020 1089/2673/2535 1088/2674/1020
f 1088/2674/1020 1083/2675/1020 1090/2670/1020
f 1083/2675/1020 1082/2676/1020 1090/2670/1020
f 1082/2676/1020 1081/2677/2534 1074/2678/1020
f 1081/2677/2534 1080/2679/1020 1074/2678/1020
f 1080/2679/1020 1075/2680/2534 1074/2678/1020
f 1074/2678/1020 1073/2681/1020 1066/1173/1020
f 1073/2681/1020 1072/2682/2534 1066/1173/1020
f 1072/2682/2534 1067/2683/2534 1066/1173/1020
f 1066/1173/1020 1065/2684/2536 1064/2685/1020
f 1064/2685/1020 1059/2686/1020 1058/2687/1020
f 1058/2687/1020 1057/2688/1020 1056/2689/1020
f 1056/2689/1020 1051/2690/2537 1050/1174/1020
f 1050/1174/1020 1049/2691/2534 1042/2692/1020
f 1049/2691/2534 1048/2693/1020 1042/2692/1020
f 1048/2693/1020 1043/2694/2534 1042/2692/1020
f 1042/2692/1020 1041/2695/1020 1040/2696/1020
f 1040/2696/1020 1035/2697/2534 1034/1175/1020
f 1066/1173/1020 1064/2685/1020 1058/2687/1020
f 1058/2687/1020 1056/2689/1020 1066/1173/1020
f 1056/2689/1020 1050/1174/1020 1066/1173/1020
f 1042/2692/1020 1040/2696/1020 1050/1174/1020
f 1040/2696/1020 1034/1175/1020 1050/1174/1020
f 1034/1175/1020 1090/2670/1020 1082/2676/1020
f 1082/2676/1020 1074/2678/1020 1034/1175/1020
f 1074/2678/1020 1066/1173/1020 1034/1175/1020
f 1033/1176/1021 1094/2698/1021 1032/1177/1022
f 1034/1179/1023 1036/2699/1023 1033/1180/1023
f 1037/1182/1024 1036/2699/1024 1034/1179/1024
f 1093/1184/1025 1094/2700/2538 1033/2701/1025
f 1033/2701/1025 1036/2702/1025 1093/1184/1025
f 1036/2702/1025 1037/2703/1025 1093/1184/1025
f 1037/2703/1025 1038/2704/2538 1039/2705/1025
f 1039/2705/1025 1044/2706/2538 1037/2703/1025
f 1044/2706/2538 1045/1185/1025 1037/2703/1025
f 1045/1185/1025 1046/2707/1025 1047/2708/1025
f 1047/2708/1025 1052/2709/2538 1053/2710/1025
f 1053/2710/1025 1054/2711/2538 1061/1186/1025
f 1054/2711/2538 1055/2712/1025 1061/1186/1025
f 1055/2712/1025 1060/2713/1025 1061/1186/1025
f 1061/1186/1025 1062/2714/1025 1069/2715/1025
f 1062/2714/1025 1063/2716/1025 1069/2715/1025
f 1063/2716/1025 1068/2717/1025 1069/2715/1025
f 1069/2715/1025 1070/2718/2539 1071/2719/1025
f 1071/2719/1025 1076/2720/1025 1077/2721/1025
f 1077/2721/1025 1078/2722/2540 1079/2723/1025
f 1079/2723/1025 1084/2724/1025 1077/2721/1025
f 1084/2724/1025 1085/2725/1025 1077/2721/1025
f 1085/2725/1025 1086/2726/2540 1087/2727/2538
f 1087/2727/2538 1092/2728/1025 1085/2725/1025
f 1092/2728/1025 1093/1184/1025 1085/2725/1025
f 1045/1185/1025 1047/2708/1025 1061/1186/1025
f 1047/2708/1025 1053/2710/1025 1061/1186/1025
f 1069/2715/1025 1071/2719/1025 1061/1186/1025
f 1071/2719/1025 1077/2721/1025 1061/1186/1025
f 1093/1184/1025 1037/2703/1025 1045/1185/1025
f 1077/2721/1025 1085/2725/1025 1061/1186/1025
f 1085/2725/1025 1093/1184/1025 1061/1186/1025
f 1038/1187/1026 1037/1182/1026 1035/1183/1026
f 1041/1189/1027 1039/1191/1027 1038/1187/1027
f 1042/1190/1028 1044/1193/1028 1039/1191/1028
f 1043/1192/1029 1045/2729/1029 1044/1193/1029
f 1046/1194/1030 1045/2729/1030 1043/1192/1030
f 1047/1196/1031 1046/1194/1031 1048/1195/1031
f 1050/1198/1032 1052/2730/1032 1047/1196/1032
f 1053/1199/1033 1052/2730/1033 1050/1198/1033
f 1054/1201/1034 1053/1199/1034 1051/1200/1034
f 1057/1203/1035 1055/2731/1035 1054/1201/1035
f 1060/1204/1036 1055/2731/1036 1057/1203/1036
f 1061/1206/1037 1060/1204/2541 1058/1205/1037
f 1064/1208/1038 1062/1210/1038 1061/1206/1038
f 1065/1209/1039 1063/2732/1040 1062/1210/1040
f 1068/1211/1041 1063/2732/1041 1065/1209/1041
f 1067/1213/1042 1069/1215/1042 1068/1211/1042
f 1072/1214/1043 1070/2733/1043 1069/1215/1043
f 1071/1216/1044 1070/2733/1044 1072/1214/1044
f 1076/1218/1045 1071/1216/1045 1073/1217/1045
f 1075/1220/1046 1077/1222/1046 1076/1218/1046
f 1080/1221/1047 1078/2734/1047 1077/1222/1047
f 1079/1223/1048 1078/2734/1048 1080/1221/1048
f 1084/1225/1049 1079/1223/1049 1081/1224/1049
f 1085/1227/1050 1084/1225/1050 1082/1226/1050
f 1086/1229/1051 1085/1227/1051 1083/1228/1051
f 1087/1231/1052 1086/1229/1052 1088/1230/1052
f 1090/1233/1053 1092/1235/1054 1087/1231/1054
f 1091/1234/1055 1093/1236/1056 1092/1235/1056
f 1032/1177/1057 1094/2698/1058 1093/1236/1058
f 1095/1237/1059 1096/1237/1059 1101/1237/1059
f 1097/1237/1060 1665/1237/1060 1096/1237/1060
f 1098/1237/1061 1666/1237/1061 1097/1237/1061
f 1102/1237/1062 1098/1237/1062 1095/1237/1062
f 1102/1237/1063 1099/1237/1063 1100/1237/1063
f 1100/1237/1064 1099/1237/1064 1101/1237/1064
f 1103/1237/1065 1669/1237/1065 1098/1237/1065
f 1105/1237/1066 1103/1237/1066 1102/1237/1066
f 1107/1237/1067 1105/1237/1067 1104/1237/1067
f 1104/1237/1068 1100/1237/1068 1109/1237/1068
f 1107/1237/1069 1106/1237/1069 1108/1237/1069
f 1106/1237/1070 1109/1237/1070 1110/1237/1070
f 1110/1237/1071 1109/1237/1071 1111/1237/1071
f 1109/1237/1072 1100/1237/1072 1114/1237/1072
f 1112/1237/1073 1111/1237/1073 1113/1237/1073
f 1114/1237/1074 1115/1237/2542 1113/1237/1074
f 1101/1237/1075 1117/1237/1075 1115/1237/1075
f 1115/1237/1077 1116/1237/1077 1164/1237/1077
f 1115/1237/1078 1117/1237/1078 1118/1237/1078
f 1096/1237/1079 1119/1237/1370 1117/1237/1079
f 1117/1237/1080 1119/1237/1080 1121/1237/1080
f 1096/1237/1081 1665/1237/1081 1120/1237/1081
f 1119/1237/1083 1120/1237/1083 1122/1237/1083
f 1122/1237/1084 1124/1237/1084 1123/1237/1084
f 1118/1237/1085 1121/1237/1085 1123/1237/1085
f 1123/1237/1086 1124/1237/1086 1670/1237/1086
f 1126/1237/1087 1123/1237/1087 1125/1237/1087
f 1116/1237/1089 1118/1237/1089 1126/1237/1089
f 1127/1237/1090 1126/1237/1090 1128/1237/1090
f 1128/1237/1091 1130/1237/1091 1131/1237/1091
f 1125/1237/1092 1133/1237/1092 1130/1237/1092
f 1131/1237/1093 1130/1237/1093 1132/1237/1093
f 1130/1237/1094 1133/1237/1094 1135/1237/1094
f 1125/1237/1095 1670/1237/1095 1134/1237/1095
f 1134/1237/1096 1136/1237/1096 1135/1237/1096
f 1136/1237/1097 1138/1237/1097 1137/1237/1097
f 1135/1237/1098 1137/1237/1098 1140/1237/1098
f 1137/1237/1099 1138/1237/1099 1668/1237/1099
f 1137/1237/1100 1139/1237/1100 1142/1237/1100
f 1132/1237/1101 1140/1237/1101 1141/1237/1101
f 1140/1237/1102 1142/1237/1102 1143/1237/1102
f 1142/1237/1103 1103/1237/1103 1105/1237/1103
f 1139/1237/1104 1669/1237/1104 1103/1237/1104
f 1145/1237/1105 1141/1237/1105 1143/1237/1105
f 1144/1237/1106 1143/1237/1106 1105/1237/1106
f 1147/1237/1107 1145/1237/1107 1144/1237/1107
f 1144/1237/1108 1107/1237/1108 1149/1237/1108
f 1176/1237/1109 1147/1237/1109 1146/1237/1109
f 1148/1237/1110 1146/1237/1110 1149/1237/1110
f 1150/1237/1111 1149/1237/1111 1108/1237/1111
f 1148/1237/1112 1150/1237/1112 1151/1237/1112
f 1150/1237/1113 1152/1237/1113 1153/1237/1113
f 1153/1237/1114 1152/1237/1114 1154/1237/1114
f 1152/1237/1115 1108/1237/1115 1110/1237/1115
f 1154/1237/1116 1156/1237/1116 1157/1237/1116
f 1110/1237/1117 1112/1237/1117 1156/1237/1117
f 1157/1237/1118 1156/1237/1118 1158/1237/1118
f 1112/1237/1119 1161/1237/1119 1158/1237/1119
f 1159/1237/1120 1158/1237/1120 1160/1237/1120
f 1161/1237/1121 1162/1237/1121 1160/1237/1121
f 1161/1237/1122 1113/1237/1122 1164/1237/1122
f 1162/1237/1123 1163/1237/1123 1198/1237/1123
f 1164/1237/1124 1165/1237/1124 1163/1237/1124
f 1116/1237/1125 1127/1237/1125 1165/1237/1125
f 1163/1237/1126 1165/1237/1126 1166/1237/1126
f 1127/1237/1127 1129/1237/1127 1166/1237/1127
f 1166/1237/1128 1168/1237/1128 1169/1237/1128
f 1166/1237/1129 1129/1237/1129 1131/1237/1129
f 1169/1237/1130 1168/1237/1130 1170/1237/1130
f 1131/1237/1131 1172/1237/1131 1170/1237/1131
f 1170/1237/1132 1145/1237/1132 1147/1237/1132
f 1170/1237/1133 1172/1237/1133 1141/1237/1133
f 1174/1237/1134 1169/1237/1134 1171/1237/1134
f 1171/1237/1135 1147/1237/1135 1176/1237/1135
f 1201/1237/1136 1174/1237/1136 1173/1237/1136
f 1173/1237/1137 1176/1237/1137 1177/1237/1137
f 1176/1237/1138 1148/1237/1138 1179/1237/1138
f 1175/1237/1139 1177/1237/1139 1178/1237/1139
f 1178/1237/1140 1177/1237/1140 1179/1237/1140
f 1180/1237/1141 1179/1237/1141 1151/1237/1141
f 1178/1237/1142 1180/1237/1142 1181/1237/1142
f 1180/1237/1143 1182/1237/1143 1183/1237/1143
f 1183/1237/1144 1182/1237/1144 1184/1237/1144
f 1182/1237/1145 1151/1237/1145 1153/1237/1145
f 1184/1237/1146 1186/1237/1146 1187/1237/1146
f 1153/1237/1147 1155/1237/1147 1186/1237/1147
f 1187/1237/1148 1186/1237/1148 1188/1237/1148
f 1186/1237/1149 1155/1237/1149 1157/1237/1149
f 1188/1237/1150 1190/1237/1150 1191/1237/1150
f 1157/1237/1151 1159/1237/1151 1190/1237/1151
f 1191/1237/1152 1190/1237/1152 1192/1237/1152
f 1159/1237/1153 1195/1237/1153 1192/1237/1153
f 1193/1237/1154 1192/1237/1154 1194/1237/1154
f 1195/1237/1155 1196/1237/1155 1194/1237/1155
f 1195/1237/1156 1160/1237/1156 1198/1237/1156
f 1194/1237/1157 1196/1237/1157 1197/1237/1157
f 1196/1237/1158 1198/1237/1158 1199/1237/1158
f 1198/1237/1159 1163/1237/1159 1167/1237/1159
f 1199/1237/1160 1174/1237/1160 1201/1237/1160
f 1167/1237/1161 1169/1237/1161 1174/1237/1161
f 1197/1237/1162 1201/1237/1162 1202/1237/1162
f 1202/1237/1163 1201/1237/1163 1175/1237/1163
f 1200/1237/1164 1202/1237/1164 1203/1237/1164
f 1203/1237/1166 1202/1237/1166 1204/1237/1166
f 1205/1237/1168 1204/1237/2543 1178/1237/1168
f 1230/1237/1169 1203/1237/1169 1205/1237/1169
f 1205/1237/1170 1207/1237/1170 1208/1237/1170
f 1208/1237/1171 1207/1237/1171 1181/1237/1171
f 1206/1237/1172 1208/1237/1172 1209/1237/1172
f 1208/1237/1173 1210/1237/1173 1211/1237/1173
f 1210/1237/1174 1212/1237/1174 1213/1237/1174
f 1210/1237/1175 1181/1237/1175 1183/1237/1175
f 1213/1237/1176 1212/1237/1176 1214/1237/1176
f 1212/1237/1177 1183/1237/1177 1185/1237/1177
f 1214/1237/1178 1216/1237/1178 1217/1237/1178
f 1185/1237/1179 1187/1237/1179 1216/1237/1179
f 1217/1237/1180 1216/1237/1180 1218/1237/1180
f 1216/1237/1181 1187/1237/1181 1189/1237/1181
f 1218/1237/1182 1220/1237/1182 1221/1237/1183
f 1189/1237/1184 1191/1237/1184 1220/1237/1185
f 1221/1237/1186 1220/1237/1186 1222/1237/1186
f 1191/1237/1187 1193/1237/1187 1222/1237/1187
f 1223/1237/1188 1222/1237/1188 1224/1237/1188
f 1193/1237/1189 1227/1237/1189 1224/1237/1189
f 1225/1237/1190 1224/1237/1377 1226/1237/1190
f 1224/1237/1191 1227/1237/1191 1228/1237/1191
f 1194/1237/1192 1200/1237/1192 1228/1237/1192
f 1228/1237/1194 1203/1237/1194 1230/1237/1194
f 1229/1237/1195 1226/1237/1195 1230/1237/1195
f 1230/1237/1196 1206/1237/1196 1233/1237/1196
f 1254/1237/1197 1229/1237/1197 1231/1237/1197
f 1231/1237/1198 1233/1237/1198 1234/1237/1198
f 1234/1237/1199 1233/1237/1199 1209/1237/1199
f 1232/1237/1200 1234/1237/1200 1235/1237/1200
f 1234/1237/1201 1236/1237/1201 1237/1237/1201
f 1237/1237/1202 1236/1237/1202 1238/1237/1202
f 1209/1237/1203 1211/1237/1203 1238/1237/1203
f 1239/1237/1204 1238/1237/1204 1240/1237/1204
f 1211/1237/1205 1213/1237/1205 1240/1237/1205
f 1241/1237/1206 1240/1237/1206 1242/1237/1206
f 1213/1237/1208 1215/1237/1208 1242/1237/1208
f 1243/1237/1209 1242/1237/1209 1244/1237/1209
f 1242/1237/1210 1215/1237/1210 1217/1237/1210
f 1244/1237/1211 1246/1237/1211 1247/1237/1211
f 1217/1237/1212 1219/1237/1212 1246/1237/1212
f 1246/1237/1213 1248/1237/1538 1249/1237/1213
f 1246/1237/1215 1219/1237/1380 1221/1237/1215
f 1248/1237/1216 1250/1237/1216 1251/1237/1216
f 1248/1237/1217 1221/1237/1217 1223/1237/1217
f 1250/1237/1218 1252/1237/1218 1253/1237/1218
f 1250/1237/1219 1223/1237/1219 1225/1237/1219
f 1253/1237/1220 1252/1237/1738 1254/1237/1220
f 1225/1237/1221 1229/1237/1221 1254/1237/1221
f 1255/1237/1223 1254/1237/1223 1232/1237/1223
f 1253/1237/1224 1255/1237/2544 1256/1237/1224
f 1255/1237/1226 1257/1237/1226 1258/1237/1226
f 1258/1237/1227 1257/1237/1227 1235/1237/1227
f 1256/1237/1228 1258/1237/1228 1259/1237/1228
f 1259/1237/1229 1258/1237/1229 1260/1237/1229
f 1260/1237/1230 1262/1237/1230 1263/1237/1230
f 1260/1237/1231 1235/1237/1381 1237/1237/1231
f 1263/1237/1232 1262/1237/1232 1264/1237/1232
f 1262/1237/1233 1237/1237/1233 1239/1237/1233
f 1264/1237/1234 1266/1237/1234 1267/1237/1234
f 1239/1237/1235 1241/1237/1235 1266/1237/1235
f 1267/1237/1236 1266/1237/1236 1268/1237/1236
f 1241/1237/1237 1243/1237/1237 1268/1237/1238
f 1268/1237/1239 1270/1237/1239 1271/1237/1239
f 1243/1237/1240 1245/1237/1240 1270/1237/1240
f 1271/1237/1241 1270/1237/1241 1272/1237/1241
f 1270/1237/1242 1245/1237/1242 1247/1237/1242
f 1272/1237/1243 1274/1237/1243 1275/1237/1243
f 1272/1237/1244 1247/1237/2545 1249/1237/1244
f 1275/1237/1245 1274/1237/1245 1276/1237/1245
f 1274/1237/1246 1249/1237/1246 1251/1237/1246
f 1276/1237/1247 1278/1237/1247 1279/1237/1247
f 1251/1237/1248 1253/1237/1248 1278/1237/1248
f 1279/1237/1249 1278/1237/1249 1256/1237/1249
f 1277/1237/1251 1279/1237/1251 1280/1237/1251
f 1280/1237/1252 1279/1237/2546 1281/1237/1252
f 1282/1237/1253 1281/1237/1253 1259/1237/1253
f 1280/1237/1254 1282/1237/1254 1283/1237/1254
f 1282/1237/1255 1284/1237/1255 1285/1237/1255
f 1285/1237/1256 1284/1237/1256 1286/1237/1256
f 1259/1237/1257 1261/1237/1257 1286/1237/1257
f 1287/1237/1258 1286/1237/1258 1288/1237/1258
f 1261/1237/1259 1263/1237/1259 1288/1237/1259
f 1288/1237/1260 1290/1237/1260 1291/1237/1260
f 1288/1237/1261 1263/1237/1261 1265/1237/1261
f 1290/1237/1262 1292/1237/1262 1293/1237/1262
f 1290/1237/1263 1265/1237/1263 1267/1237/1263
f 1292/1237/1264 1294/1237/1264 1295/1237/1264
f 1292/1237/1265 1267/1237/1265 1269/1237/1265
f 1295/1237/1266 1294/1237/1266 1296/1237/1266
f 1269/1237/1267 1271/1237/1267 1296/1237/1267
f 1296/1237/1268 1298/1237/1268 1299/1237/1268
f 1296/1237/1269 1271/1237/1269 1273/1237/1269
f 1299/1237/1270 1298/1237/1270 1300/1237/1270
f 1273/1237/1272 1275/1237/1272 1300/1237/1272
f 1301/1237/1274 1300/1237/1274 1302/1237/1274
f 1275/1237/1275 1277/1237/1275 1302/1237/1275
f 1303/1237/1276 1302/1237/1276 1280/1237/1276
f 1301/1237/1277 1303/1237/1277 1304/1237/1277
f 1303/1237/1278 1305/1237/1278 1306/1237/1278
f 1305/1237/1279 1283/1237/1279 1308/1237/1279
f 1304/1237/1280 1306/1237/1280 1307/1237/1280
f 1307/1237/1281 1306/1237/1388 1308/1237/1281
f 1309/1237/1282 1308/1237/1282 1310/1237/1282
f 1308/1237/1283 1283/1237/1283 1285/1237/1283
f 1310/1237/1285 1312/1237/1285 1313/1237/1285
f 1285/1237/1286 1287/1237/1286 1312/1237/1286
f 1312/1237/1288 1314/1237/1288 1315/1237/1288
f 1312/1237/1290 1287/1237/1290 1289/1237/1290
f 1315/1237/1291 1314/1237/1291 1316/1237/1291
f 1314/1237/1292 1289/1237/1292 1291/1237/1292
f 1316/1237/1293 1318/1237/1293 1319/1237/1293
f 1316/1237/1294 1291/1237/1294 1293/1237/1294
f 1318/1237/1295 1320/1237/1295 1321/1237/1295
f 1318/1237/1296 1293/1237/1296 1295/1237/1296
f 1320/1237/1297 1322/1237/1297 1323/1237/1297
f 1295/1237/1298 1297/1237/1298 1322/1237/1298
f 1323/1237/1299 1322/1237/1299 1324/1237/1299
f 1322/1237/1300 1297/1237/1300 1299/1237/1300
f 1325/1237/1301 1324/1237/1301 1326/1237/1301
f 1299/1237/1302 1301/1237/1385 1326/1237/1302
f 1327/1237/1303 1326/1237/1303 1304/1237/1303
f 1350/1237/1304 1325/1237/2547 1327/1237/1304
f 1327/1237/1305 1329/1237/1305 1330/1237/1305
f 1329/1237/1306 1307/1237/1306 1332/1237/1306
f 1328/1237/1307 1330/1237/1307 1331/1237/1307
f 1331/1237/1308 1330/1237/1308 1332/1237/1308
f 1332/1237/1309 1334/1237/1309 1335/1237/1309
f 1332/1237/1310 1307/1237/1310 1309/1237/1311
f 1335/1237/1312 1334/1237/1312 1336/1237/1312
f 1309/1237/1313 1311/1237/1313 1336/1237/1313
f 1336/1237/1314 1338/1237/1314 1339/1237/1314
f 1336/1237/1315 1311/1237/1315 1313/1237/1315
f 1339/1237/1316 1338/1237/1316 1340/1237/1316
f 1313/1237/1317 1315/1237/1317 1340/1237/1317
f 1340/1237/1318 1342/1237/1318 1343/1237/1318
f 1340/1237/1319 1315/1237/1319 1317/1237/1319
f 1343/1237/1320 1342/1237/1320 1344/1237/1320
f 1342/1237/1321 1317/1237/1321 1319/1237/1321
f 1344/1237/1322 1346/1237/1322 1347/1237/1322
f 1319/1237/1323 1321/1237/1323 1346/1237/1323
f 1347/1237/1324 1346/1237/1324 1348/1237/1324
f 1346/1237/1325 1321/1237/1325 1323/1237/1325
f 1348/1237/1326 1350/1237/1326 1351/1237/1326
f 1323/1237/1327 1325/1237/1327 1350/1237/1327
f 1351/1237/1328 1350/1237/1328 1328/1237/1328
f 1349/1237/1329 1351/1237/1329 1352/1237/1329
f 1352/1237/1330 1351/1237/1330 1353/1237/1330
f 1353/1237/1331 1331/1237/1331 1356/1237/1331
f 1377/1237/1332 1352/1237/1332 1354/1237/1332
f 1354/1237/1333 1356/1237/1333 1357/1237/1333
f 1357/1237/1334 1356/1237/1334 1358/1237/1334
f 1356/1237/1335 1331/1237/1335 1333/1237/1335
f 1358/1237/1336 1360/1237/1336 1361/1237/1336
f 1333/1237/1337 1335/1237/1337 1360/1237/1337
f 1361/1237/1339 1360/1237/1339 1362/1237/1339
f 1360/1237/1340 1335/1237/1340 1337/1237/1340
f 1362/1237/1341 1364/1237/1341 1365/1237/1341
f 1337/1237/1342 1339/1237/1342 1364/1237/1342
f 1365/1237/1343 1364/1237/1343 1366/1237/1343
f 1364/1237/1344 1339/1237/1344 1341/1237/1344
f 1366/1237/1345 1368/1237/1345 1369/1237/1345
f 1341/1237/1346 1343/1237/1346 1368/1237/1346
f 1369/1237/1347 1368/1237/1347 1370/1237/1347
f 1368/1237/1348 1343/1237/1348 1345/1237/1348
f 1370/1237/1349 1372/1237/1349 1373/1237/1349
f 1345/1237/1350 1347/1237/1350 1372/1237/1350
f 1373/1237/1351 1372/1237/1351 1374/1237/1351
f 1372/1237/1352 1347/1237/1352 1349/1237/1352
f 1374/1237/1353 1352/1237/1353 1377/1237/1353
f 1373/1237/1354 1375/1237/1354 1376/1237/1354
f 1376/1237/1355 1375/1237/1355 1377/1237/1355
f 1378/1237/1356 1377/1237/2548 1355/1237/1356
f 1401/1237/1095 1376/1237/1095 1378/1237/1095
f 1379/1237/1086 1378/1237/1086 1380/1237/1086
f 1380/1237/1084 1382/1237/1084 1383/1237/1084
f 1355/1237/1357 1357/1237/1357 1382/1237/1357
f 1383/1237/1083 1382/1237/1083 1384/1237/1083
f 1382/1237/1358 1357/1237/1358 1359/1237/1358
f 1384/1237/1082 1386/1237/1081 1387/1237/1082
f 1384/1237/1359 1359/1237/1359 1361/1237/1359
f 1386/1237/1060 1388/1237/1060 1389/1237/1060
f 1386/1237/1361 1361/1237/1361 1363/1237/1361
f 1389/1237/1061 1388/1237/1061 1390/1237/1061
f 1363/1237/1362 1365/1237/1362 1390/1237/1362
f 1391/1237/1363 1390/1237/1363 1392/1237/1363
f 1390/1237/1364 1365/1237/1364 1367/1237/1364
f 1392/1237/1365 1394/1237/1365 1395/1237/1365
f 1367/1237/1366 1369/1237/1366 1394/1237/1366
f 1395/1237/1099 1394/1237/1099 1396/1237/1099
f 1394/1237/1367 1369/1237/1367 1371/1237/1367
f 1396/1237/1097 1398/1237/1097 1399/1237/1097
f 1371/1237/1368 1373/1237/1368 1398/1237/1368
f 1398/1237/1096 1376/1237/1096 1401/1237/1096
f 1422/1237/1098 1397/1237/1098 1399/1237/1098
f 1399/1237/1094 1401/1237/1094 1402/1237/1094
f 1402/1237/1092 1401/1237/1092 1379/1237/1092
f 1400/1237/1093 1402/1237/1093 1403/1237/1093
f 1403/1237/1091 1402/1237/1091 1404/1237/1091
f 1404/1237/1090 1406/1237/1090 1407/1237/1090
f 1379/1237/1087 1381/1237/1087 1406/1237/1087
f 1407/1237/1089 1406/1237/1089 1408/1237/1089
f 1381/1237/1085 1383/1237/1085 1408/1237/1085
f 1409/1237/1078 1408/1237/1078 1410/1237/1078
f 1408/1237/1080 1383/1237/1080 1385/1237/1080
f 1410/1237/1075 1412/1237/1076 1413/1237/1075
f 1385/1237/1370 1387/1237/1370 1412/1237/1370
f 1413/1237/1064 1412/1237/1064 1414/1237/1064
f 1412/1237/1059 1387/1237/1059 1389/1237/1059
f 1414/1237/1063 1416/1237/1063 1417/1237/1063
f 1389/1237/1062 1391/1237/1062 1416/1237/1062
f 1417/1237/1066 1416/1237/1066 1418/1237/1066
f 1416/1237/1065 1391/1237/1065 1393/1237/1065
f 1418/1237/1103 1420/1237/1103 1421/1237/1103
f 1393/1237/1104 1395/1237/1104 1420/1237/1104
f 1420/1237/1102 1422/1237/1102 1423/1237/1102
f 1420/1237/1100 1395/1237/1100 1397/1237/1100
f 1423/1237/1101 1422/1237/1101 1400/1237/1101
f 1421/1237/1105 1423/1237/1105 1424/1237/1105
f 1424/1237/1133 1423/1237/1133 1425/1237/1133
f 1425/1237/1131 1403/1237/1131 1428/1237/1131
f 1449/1237/1132 1424/1237/1132 1426/1237/1132
f 1426/1237/1130 1428/1237/1130 1429/1237/1130
f 1429/1237/1128 1428/1237/1128 1430/1237/1128
f 1428/1237/1129 1403/1237/1129 1405/1237/1129
f 1430/1237/1126 1432/1237/2549 1433/1237/1126
f 1405/1237/1127 1407/1237/2550 1432/1237/1127
f 1433/1237/1124 1432/1237/1124 1434/1237/1124
f 1432/1237/1125 1407/1237/1125 1409/1237/1125
f 1435/1237/1122 1434/1237/1122 1436/1237/1122
f 1409/1237/1077 1411/1237/1077 1436/1237/1077
f 1436/1237/1073 1438/1237/1073 1439/1237/1073
f 1436/1237/1074 1411/1237/2542 1413/1237/1074
f 1438/1237/1071 1440/1237/1071 1441/1237/1071
f 1438/1237/1072 1413/1237/1072 1415/1237/1072
f 1440/1237/1070 1442/1237/1070 1443/1237/1070
f 1415/1237/1068 1417/1237/1068 1442/1237/1068
f 1443/1237/1069 1442/1237/1069 1444/1237/1069
f 1417/1237/1067 1419/1237/1067 1444/1237/1067
f 1444/1237/1108 1446/1237/1108 1447/1237/1108
f 1444/1237/1106 1419/1237/1106 1421/1237/1106
f 1446/1237/1107 1424/1237/1107 1449/1237/1107
f 1470/1237/1110 1445/1237/1110 1447/1237/1110
f 1448/1237/1109 1447/1237/1109 1449/1237/1109
f 1449/1237/1135 1427/1237/1135 1452/1237/1135
f 1473/1237/1138 1448/1237/1138 1450/1237/1138
f 1450/1237/1137 1452/1237/1137 1453/1237/1137
f 1453/1237/1136 1452/1237/1136 1454/1237/1136
f 1452/1237/1134 1427/1237/1134 1429/1237/1134
f 1454/1237/1160 1456/1237/1160 1457/1237/1160
f 1429/1237/1161 1431/1237/1161 1456/1237/1161
f 1457/1237/1158 1456/1237/1158 1458/1237/1158
f 1456/1237/1159 1431/1237/1159 1433/1237/1159
f 1458/1237/1156 1460/1237/1156 1461/1237/1156
f 1433/1237/1123 1435/1237/1123 1460/1237/1123
f 1461/1237/1120 1460/1237/1120 1462/1237/1120
f 1435/1237/1121 1437/1237/1121 1462/1237/1121
f 1463/1237/1118 1462/1237/2551 1464/1237/1118
f 1437/1237/1119 1439/1237/1119 1464/1237/1119
f 1464/1237/1116 1466/1237/1116 1467/1237/1116
f 1464/1237/1117 1439/1237/1117 1441/1237/1117
f 1467/1237/1114 1466/1237/1114 1468/1237/1114
f 1441/1237/1115 1443/1237/1115 1468/1237/1115
f 1468/1237/1113 1470/1237/1113 1471/1237/1113
f 1468/1237/1111 1443/1237/1111 1445/1237/1111
f 1470/1237/1112 1448/1237/1112 1473/1237/1112
f 1494/1237/1145 1469/1237/1145 1471/1237/1145
f 1472/1237/1141 1471/1237/1141 1473/1237/1141
f 1474/1237/1140 1473/1237/1140 1451/1237/1140
f 1497/1237/1143 1472/1237/1143 1474/1237/1143
f 1475/1237/1142 1474/1237/1142 1476/1237/1142
f 1476/1237/1168 1478/1237/1168 1479/1237/1168
f 1451/1237/1139 1453/1237/1139 1478/1237/1139
f 1479/1237/1166 1478/1237/1166 1480/1237/1166
f 1478/1237/1163 1453/1237/1163 1455/1237/1163
f 1480/1237/1164 1482/1237/1164 1483/1237/1164
f 1455/1237/1162 1457/1237/1162 1482/1237/1162
f 1483/1237/1193 1482/1237/1193 1484/1237/1193
f 1482/1237/1157 1457/1237/1157 1459/1237/1157
f 1484/1237/1154 1486/1237/1154 1487/1237/1154
f 1459/1237/1155 1461/1237/1155 1486/1237/1155
f 1486/1237/1152 1488/1237/1152 1489/1237/1152
f 1461/1237/1153 1463/1237/1153 1488/1237/1153
f 1488/1237/1150 1490/1237/1150 1491/1237/1150
f 1463/1237/1151 1465/1237/1151 1490/1237/1151
f 1490/1237/1148 1492/1237/1148 1493/1237/1148
f 1465/1237/1149 1467/1237/1149 1492/1237/1149
f 1493/1237/1146 1492/1237/1146 1494/1237/1146
f 1492/1237/1147 1467/1237/1147 1469/1237/1147
f 1495/1237/1144 1494/1237/2552 1472/1237/1144
f 1493/1237/1179 1495/1237/1179 1496/1237/1179
f 1495/1237/1177 1497/1237/1177 1498/1237/1177
f 1498/1237/1175 1497/1237/1175 1475/1237/1175
f 1521/1237/1176 1496/1237/1176 1498/1237/1176
f 1498/1237/1174 1500/1237/1174 1501/1237/1174
f 1500/1237/1173 1502/1237/1173 1503/1237/1173
f 1500/1237/1171 1475/1237/1171 1477/1237/1171
f 1502/1237/1172 1504/1237/1172 1505/1237/1172
f 1477/1237/1170 1479/1237/1170 1504/1237/1170
f 1505/1237/1196 1504/1237/1196 1506/1237/1196
f 1504/1237/1169 1479/1237/1169 1481/1237/1169
f 1506/1237/1195 1508/1237/1195 1509/1237/1195
f 1481/1237/1194 1483/1237/1194 1508/1237/1194
f 1509/1237/1190 1508/1237/1190 1510/1237/1190
f 1508/1237/1378 1483/1237/1191 1485/1237/1191
f 1511/1237/1188 1510/1237/1188 1512/1237/1188
f 1485/1237/1189 1487/1237/1189 1512/1237/1189
f 1513/1237/1186 1512/1237/1186 1514/1237/1186
f 1487/1237/1187 1489/1237/1187 1514/1237/1187
f 1514/1237/1182 1516/1237/1182 1517/1237/1182
f 1514/1237/1185 1489/1237/1185 1491/1237/1185
f 1516/1237/1180 1518/1237/1180 1519/1237/1180
f 1516/1237/1181 1491/1237/1181 1493/1237/1181
f 1519/1237/1178 1518/1237/1178 1496/1237/1178
f 1517/1237/1212 1519/1237/1212 1520/1237/1212
f 1520/1237/1210 1519/1237/1210 1521/1237/1210
f 1522/1237/1208 1521/1237/1208 1499/1237/1208
f 1520/1237/1209 1522/1237/1209 1523/1237/1209
f 1522/1237/1206 1524/1237/1206 1525/1237/1206
f 1524/1237/1204 1526/1237/1204 1527/1237/1204
f 1499/1237/1205 1501/1237/1205 1526/1237/1205
f 1527/1237/1202 1526/1237/1202 1528/1237/1202
f 1526/1237/1203 1501/1237/1203 1503/1237/1203
f 1529/1237/1201 1528/1237/2553 1530/1237/1201
f 1528/1237/1199 1503/1237/1199 1505/1237/1199
f 1530/1237/1200 1532/1237/1200 1533/1237/1200
f 1505/1237/1198 1507/1237/1198 1532/1237/1198
f 1533/1237/1223 1532/1237/1223 1534/1237/1223
f 1532/1237/1197 1507/1237/1197 1509/1237/1197
f 1534/1237/1220 1536/1237/1738 1537/1237/1220
f 1509/1237/1221 1511/1237/1222 1536/1237/1221
f 1536/1237/1218 1538/1237/1218 1539/1237/1218
f 1511/1237/1219 1513/1237/1219 1538/1237/1219
f 1539/1237/1216 1538/1237/1216 1540/1237/1216
f 1538/1237/1217 1513/1237/1217 1515/1237/1217
f 1541/1237/1213 1540/1237/1538 1542/1237/1213
f 1515/1237/1380 1517/1237/1380 1542/1237/1380
f 1543/1237/1211 1542/1237/1211 1520/1237/1211
f 1541/1237/1244 1543/1237/1244 1544/1237/1244
f 1543/1237/1242 1545/1237/1242 1546/1237/1242
f 1546/1237/1240 1545/1237/1240 1523/1237/1240
f 1544/1237/1241 1546/1237/1241 1547/1237/1241
f 1547/1237/1239 1546/1237/1239 1548/1237/1239
f 1549/1237/1236 1548/1237/1236 1550/1237/1236
f 1548/1237/1238 1523/1237/1238 1525/1237/1238
f 1551/1237/1234 1550/1237/1234 1552/1237/1234
f 1525/1237/1235 1527/1237/1235 1552/1237/1235
f 1552/1237/1232 1554/1237/1232 1555/1237/1232
f 1527/1237/1233 1529/1237/1233 1554/1237/1233
f 1554/1237/1230 1556/1237/1230 1557/1237/1230
f 1529/1237/1381 1531/1237/1381 1556/1237/1381
f 1557/1237/1229 1556/1237/1229 1558/1237/1229
f 1556/1237/1227 1531/1237/1227 1533/1237/1227
f 1558/1237/1228 1560/1237/1228 1561/1237/1228
f 1533/1237/1226 1535/1237/1226 1560/1237/1226
f 1561/1237/1250 1560/1237/1250 1562/1237/1250
f 1560/1237/1224 1535/1237/1224 1537/1237/1224
f 1563/1237/1247 1562/1237/1247 1564/1237/1247
f 1562/1237/1248 1537/1237/1248 1539/1237/1248
f 1564/1237/1245 1566/1237/1245 1567/1237/1245
f 1564/1237/1246 1539/1237/1246 1541/1237/1246
f 1566/1237/1382 1544/1237/1382 1569/1237/1382
f 1565/1237/1275 1567/1237/1275 1568/1237/1275
f 1568/1237/1273 1567/1237/1272 1569/1237/1273
f 1570/1237/1269 1569/1237/1269 1547/1237/1269
f 1568/1237/1270 1570/1237/1270 1571/1237/1270
f 1571/1237/1268 1570/1237/1268 1572/1237/1268
f 1572/1237/1266 1574/1237/1266 1575/1237/1266
f 1547/1237/1267 1549/1237/1267 1574/1237/1267
f 1575/1237/1264 1574/1237/1264 1576/1237/1264
f 1549/1237/1265 1551/1237/1265 1576/1237/1265
f 1576/1237/1262 1578/1237/1262 1579/1237/1262
f 1576/1237/1263 1551/1237/1263 1553/1237/1263
f 1579/1237/1260 1578/1237/1260 1580/1237/1260
f 1578/1237/1261 1553/1237/1261 1555/1237/1261
f 1580/1237/1258 1582/1237/1258 1583/1237/1258
f 1580/1237/1259 1555/1237/2554 1557/1237/1259
f 1582/1237/1256 1584/1237/1256 1585/1237/1256
f 1557/1237/1257 1559/1237/1257 1584/1237/1257
f 1585/1237/1255 1584/1237/1255 1586/1237/1255
f 1584/1237/1253 1559/1237/1253 1561/1237/1253
f 1587/1237/1384 1586/1237/1384 1588/1237/1384
f 1561/1237/1252 1563/1237/2546 1588/1237/1252
f 1588/1237/1276 1590/1237/1276 1591/1237/1276
f 1563/1237/1251 1565/1237/1251 1590/1237/1251
f 1591/1237/1274 1590/1237/1274 1568/1237/1274
f 1614/1237/1278 1589/1237/1278 1591/1237/1278
f 1591/1237/1277 1593/1237/1277 1594/1237/1277
f 1594/1237/1302 1593/1237/1302 1571/1237/1302
f 1592/1237/1303 1594/1237/1303 1595/1237/1303
f 1595/1237/1386 1594/1237/1386 1596/1237/1386
f 1597/1237/1299 1596/1237/1299 1598/1237/1299
f 1571/1237/1300 1573/1237/1300 1598/1237/1300
f 1598/1237/1297 1600/1237/1297 1601/1237/1297
f 1598/1237/1298 1573/1237/1298 1575/1237/1298
f 1600/1237/1295 1602/1237/1295 1603/1237/1295
f 1575/1237/1296 1577/1237/1296 1602/1237/1296
f 1603/1237/1293 1602/1237/1293 1604/1237/1293
f 1602/1237/1294 1577/1237/1294 1579/1237/1294
f 1605/1237/1291 1604/1237/1291 1606/1237/1291
f 1579/1237/1292 1581/1237/1292 1606/1237/1292
f 1606/1237/1288 1608/1237/1288 1609/1237/1288
f 1581/1237/1290 1583/1237/2555 1608/1237/1290
f 1609/1237/1285 1608/1237/1285 1610/1237/1285
f 1583/1237/1286 1585/1237/1286 1610/1237/1286
f 1610/1237/1282 1612/1237/1282 1613/1237/1282
f 1610/1237/1283 1585/1237/1283 1587/1237/1283
f 1613/1237/1281 1612/1237/1281 1614/1237/1281
f 1612/1237/1389 1587/1237/1279 1589/1237/1389
f 1614/1237/1280 1592/1237/1280 1617/1237/1280
f 1638/1237/1311 1613/1237/1311 1615/1237/1311
f 1615/1237/1306 1617/1237/1306 1618/1237/1306
f 1617/1237/1305 1595/1237/1305 1620/1237/1305
f 1616/1237/1308 1618/1237/1308 1619/1237/1308
f 1618/1237/1307 1620/1237/1307 1621/1237/1307
f 1621/1237/1328 1620/1237/1328 1622/1237/1328
f 1595/1237/1304 1597/1237/1304 1622/1237/1304
f 1622/1237/1326 1624/1237/1326 1625/1237/1326
f 1622/1237/1327 1597/1237/1327 1599/1237/1327
f 1625/1237/1324 1624/1237/1324 1626/1237/1324
f 1599/1237/1325 1601/1237/1325 1626/1237/1325
f 1626/1237/1322 1628/1237/1322 1629/1237/1322
f 1626/1237/1323 1601/1237/1323 1603/1237/1323
f 1629/1237/1320 1628/1237/1320 1630/1237/1320
f 1628/1237/1321 1603/1237/1321 1605/1237/1321
f 1631/1237/1318 1630/1237/1318 1632/1237/1318
f 1630/1237/1319 1605/1237/1319 1607/1237/1319
f 1633/1237/1316 1632/1237/1316 1634/1237/1316
f 1607/1237/1317 1609/1237/1317 1634/1237/1317
f 1635/1237/1314 1634/1237/1314 1636/1237/1314
f 1634/1237/1315 1609/1237/1315 1611/1237/1315
f 1636/1237/1312 1638/1237/1312 1639/1237/1312
f 1611/1237/1313 1613/1237/1313 1638/1237/1313
f 1638/1237/1309 1616/1237/1309 1641/1237/1309
f 1662/1237/1340 1637/1237/1340 1639/1237/1340
f 1639/1237/1337 1641/1237/1337 1642/1237/1337
f 1641/1237/1335 1619/1237/1335 1644/1237/1335
f 1664/1237/1336 1640/1237/2556 1642/1237/1336
f 1642/1237/1334 1644/1237/1334 1645/1237/1334
f 1644/1237/1333 1646/1237/1333 1647/1237/1333
f 1619/1237/1331 1621/1237/1331 1646/1237/1331
f 1646/1237/1390 1648/1237/1390 1649/1237/1390
f 1646/1237/1330 1621/1237/1330 1623/1237/1330
f 1648/1237/1353 1650/1237/1353 1651/1237/1353
f 1623/1237/1329 1625/1237/1329 1650/1237/1329
f 1651/1237/1351 1650/1237/1351 1652/1237/1351
f 1650/1237/1352 1625/1237/1352 1627/1237/1352
f 1653/1237/1349 1652/1237/1349 1654/1237/1349
f 1627/1237/1350 1629/1237/1350 1654/1237/1350
f 1655/1237/1347 1654/1237/1347 1656/1237/1347
f 1654/1237/1348 1629/1237/1348 1631/1237/1348
f 1657/1237/1345 1656/1237/1345 1658/1237/1345
f 1656/1237/1346 1631/1237/1346 1633/1237/1346
f 1658/1237/1343 1660/1237/1343 1661/1237/1343
f 1658/1237/1344 1633/1237/1344 1635/1237/1344
f 1661/1237/1341 1660/1237/1341 1662/1237/1341
f 1635/1237/1342 1637/1237/1342 1662/1237/1342
f 1662/1237/1339 1640/1237/1339 1664/1237/1339
f 1666/1237/1362 1661/1237/1362 1663/1237/1362
f 1663/1237/1361 1664/1237/1361 1665/1237/1361
f 1665/1237/1359 1664/1237/1360 1643/1237/1359
f 1659/1237/1364 1661/1237/1364 1666/1237/1364
f 1667/1237/1363 1666/1237/1363 1098/1237/1363
f 1657/1237/1366 1659/1237/1366 1667/1237/1366
f 1668/1237/1365 1667/1237/1365 1669/1237/1365
f 1138/1237/1367 1655/1237/1367 1657/1237/1367
f 1653/1237/1368 1655/1237/1368 1138/1237/1368
f 1651/1237/1354 1653/1237/1354 1136/1237/1354
f 1670/1237/1355 1649/1237/1355 1651/1237/1355
f 1124/1237/1356 1647/1237/1356 1649/1237/1356
f 1645/1237/1357 1647/1237/1357 1124/1237/1357
f 1120/1237/1358 1643/1237/1358 1645/1237/1358
f 1671/1238/1391 1672/1240/1391 1677/1239/1391
f 1671/1238/1392 1673/1240/1392 2241/1238/1392
f 2242/1239/1393 1673/1240/1393 1671/1238/1393
f 1678/1240/1394 1674/1239/1394 1671/1238/1394
f 1678/1240/1395 1675/1238/1395 1676/1238/1395
f 1676/1238/1396 1675/1238/1396 1677/1239/1396
f 2245/1240/1397 1674/1239/1397 1678/1240/1397
f 1679/1239/1398 1678/1240/1398 1680/1238/1398
f 1683/1238/1399 1681/1238/1399 1680/1238/1399
f 1680/1238/1401 1676/1238/1401 1685/1240/1401
f 1683/1238/1402 1682/1239/1402 1684/1240/1402
f 1684/1240/1403 1682/1239/1403 1685/1240/1403
f 1685/1240/1404 1687/1239/1404 1688/1240/1404
f 1676/1238/1405 1690/1240/1405 1687/1239/1405
f 1688/1240/1406 1687/1239/1406 1689/1240/1406
f 1690/1240/1407 1691/1238/1407 1689/1240/1407
f 1690/1240/1408 1677/1239/1408 1693/1238/1408
f 1691/1238/1409 1692/1240/1409 1740/1239/1409
f 1693/1238/1410 1694/1238/1410 1692/1240/1410
f 1677/1239/1411 1672/1240/2557 1695/1239/1411
f 1693/1238/1413 1695/1239/1413 1697/1238/1413
f 1672/1240/1414 2241/1238/1414 1696/1238/1414
f 1696/1238/1415 1698/1240/1415 1697/1238/1415
f 1698/1240/1416 1700/1239/1416 1699/1238/1416
f 1694/1238/1417 1697/1238/1417 1699/1238/1417
f 1699/1238/1418 1700/1239/1418 2246/1240/1418
f 1699/1238/1419 1701/1240/1691 1704/1239/1419
f 1692/1240/1421 1694/1238/1421 1702/1238/1421
f 1702/1238/1422 1704/1239/1422 1705/1239/1422
f 1705/1239/1424 1704/1239/1424 1706/1240/1424
f 1704/1239/1425 1701/1240/1425 1709/1240/1425
f 1706/1240/1426 1708/1238/1426 1748/1239/1426
f 1709/1240/1427 1711/1239/1427 1708/1238/1427
f 1701/1240/1428 2246/1240/1428 1710/1239/1428
f 1710/1239/1429 1712/1240/1429 1711/1239/1429
f 1712/1240/1430 1714/1239/1430 1713/1238/1430
f 1708/1238/1431 1711/1239/1431 1713/1238/1431
f 1713/1238/1433 1714/1239/1433 2244/1238/1433
f 1713/1238/1434 1715/1239/1434 1718/1240/1434
f 1748/1239/1435 1708/1238/1435 1716/1239/1435
f 1716/1239/1436 1718/1240/1436 1719/1239/1436
f 1718/1240/1437 1679/1239/1437 1681/1238/1437
f 1715/1239/1438 2245/1240/1438 1679/1239/1438
f 1721/1238/1439 1717/1240/1439 1719/1239/1439
f 1720/1240/1440 1719/1239/1440 1681/1238/1440
f 1721/1238/1441 1720/1240/1441 1722/1238/1441
f 1720/1240/1442 1683/1238/1442 1725/1239/1442
f 1723/1239/1443 1722/1238/1443 1724/1240/1443
f 1724/1240/1444 1722/1238/1444 1725/1239/1444
f 1726/1238/1445 1725/1239/1445 1684/1240/1445
f 1724/1240/1446 1726/1238/1446 1727/1240/1446
f 1726/1238/1447 1728/1240/1447 1729/1239/1447
f 1729/1239/1448 1728/1240/1448 1730/1239/1448
f 1728/1240/1449 1684/1240/1449 1686/1239/1449
f 1730/1239/1450 1732/1238/1450 1733/1239/1450
f 1730/1239/1451 1686/1239/1451 1688/1240/1451
f 1733/1239/1452 1732/1238/1452 1734/1239/1452
f 1732/1238/1453 1688/1240/1453 1737/1238/1453
f 1735/1240/1455 1734/1239/1455 1736/1240/1455
f 1737/1238/1456 1738/1239/1456 1736/1240/1456
f 1737/1238/1457 1689/1240/1457 1740/1239/1457
f 1736/1240/1458 1738/1239/1458 1739/1240/1458
f 1740/1239/1459 1741/1238/1459 1739/1240/1459
f 1692/1240/1460 1703/1238/1460 1741/1238/1460
f 1741/1238/1461 1742/1240/1461 1743/1238/1461
f 1703/1238/1463 1705/1239/1463 1742/1240/1463
f 1743/1238/1464 1742/1240/1464 1744/1238/1464
f 1742/1240/1465 1705/1239/1465 1707/1238/1465
f 1744/1238/1466 1746/1238/1466 1747/1240/1466
f 1707/1238/1467 1748/1239/1467 1746/1238/1467
f 1747/1240/1468 1746/1238/1468 1721/1238/1468
f 1746/1238/1469 1748/1239/1469 1717/1240/1469
f 1750/1240/1470 1745/1239/1470 1747/1240/1470
f 1749/1239/1471 1747/1240/1471 1723/1239/1471
f 1777/1238/1472 1750/1240/1472 1749/1239/1472
f 1751/1238/1473 1749/1239/1473 1752/1238/1473
f 1753/1238/1474 1752/1238/1474 1724/1240/1474
f 1780/1239/1475 1751/1238/1475 1753/1238/1475
f 1753/1238/1476 1755/1239/1476 1756/1239/1476
f 1755/1239/1477 1727/1240/1477 1758/1240/1477
f 1783/1239/1478 1754/1240/1478 1756/1239/1478
f 1756/1239/1479 1758/1240/1479 1759/1239/1479
f 1759/1239/1480 1758/1240/1480 1760/1239/1480
f 1758/1240/1481 1727/1240/1481 1729/1239/1481
f 1760/1239/1482 1762/1240/1482 1763/1238/1482
f 1729/1239/1483 1731/1240/1483 1762/1240/1483
f 1763/1238/1484 1762/1240/1484 1764/1240/1484
f 1731/1240/1485 1733/1239/1485 1764/1240/1485
f 1764/1240/1486 1766/1239/2558 1767/1238/1486
f 1733/1239/1487 1735/1240/1693 1766/1239/1487
f 1766/1239/1488 1768/1240/1488 1769/1239/1488
f 1766/1239/1489 1735/1240/1489 1771/1239/1489
f 1768/1240/1490 1770/1239/1490 1803/1240/1490
f 1768/1240/1491 1771/1239/1491 1772/1238/1491
f 1736/1240/1492 1774/1239/1492 1772/1238/1492
f 1772/1238/1493 1773/1240/1493 1776/1238/1493
f 1774/1239/1494 1775/1239/1494 1773/1240/1494
f 1739/1240/1496 1743/1238/1496 1775/1239/1496
f 1775/1239/1498 1750/1240/1498 1777/1238/1498
f 1743/1238/1499 1745/1239/1499 1750/1240/1499
f 1776/1238/1500 1773/1240/1500 1777/1238/1500
f 1777/1238/1501 1751/1238/1501 1780/1239/1501
f 1804/1239/1502 1776/1238/1502 1778/1238/1502
f 1778/1238/1503 1780/1239/1503 1781/1240/1503
f 1781/1240/1504 1780/1239/1504 1754/1240/1504
f 1779/1240/1505 1781/1240/1505 1782/1239/1505
f 1781/1240/1506 1783/1239/1506 1784/1240/1506
f 1784/1240/1507 1783/1239/1507 1757/1240/1507
f 1782/1239/1508 1784/1240/1508 1785/1239/1508
f 1784/1240/1509 1786/1239/1509 1787/1238/1509
f 1786/1239/1510 1788/1238/1510 1789/1240/1510
f 1757/1240/1511 1759/1239/1511 1788/1238/1511
f 1789/1240/1512 1788/1238/1512 1790/1240/1512
f 1788/1238/1513 1759/1239/1513 1761/1238/1513
f 1791/1238/1514 1790/1240/1514 1792/1239/1514
f 1761/1238/1515 1763/1238/1515 1792/1239/1515
f 1793/1239/1516 1792/1239/1516 1794/1240/1516
f 1792/1239/1517 1763/1238/1517 1765/1238/1517
f 1794/1240/1518 1796/1240/1518 1797/1240/1518
f 1765/1238/1519 1767/1238/1519 1796/1240/1519
f 1797/1240/1520 1796/1240/1520 1798/1238/1520
f 1796/1240/1521 1767/1238/1521 1769/1239/1521
f 1798/1238/1522 1800/1239/1522 1801/1240/1522
f 1769/1239/1523 1803/1240/1523 1800/1239/1523
f 1801/1240/1524 1800/1239/1524 1802/1240/1524
f 1800/1239/1525 1803/1240/1525 1804/1239/1525
f 1770/1239/1526 1776/1238/1526 1804/1239/1526
f 1804/1239/1527 1779/1240/1527 1806/1239/1527
f 1805/1239/1528 1802/1240/1528 1806/1239/1528
f 1806/1239/1529 1782/1239/1529 1809/1240/1529
f 1830/1238/1530 1805/1239/1530 1807/1238/1530
f 1807/1238/1531 1809/1240/1531 1810/1239/1531
f 1809/1240/1532 1785/1239/1532 1812/1238/1532
f 1808/1240/1533 1810/1239/1533 1811/1240/1533
f 1811/1240/1238 1810/1239/1238 1812/1238/1238
f 1812/1238/1534 1814/1240/1534 1815/1239/1534
f 1812/1238/1535 1785/1239/1535 1787/1238/1535
f 1814/1240/1536 1816/1239/1536 1817/1239/1536
f 1787/1238/1537 1789/1240/1537 1816/1239/1537
f 1817/1239/1213 1816/1239/1213 1818/1238/1213
f 1816/1239/1539 1789/1240/1539 1791/1238/1539
f 1818/1238/1540 1820/1240/1540 1821/1240/1540
f 1791/1238/1541 1793/1239/1541 1820/1240/1541
f 1821/1240/1542 1820/1240/1542 1822/1238/1542
f 1820/1240/1543 1793/1239/1543 1795/1239/1543
f 1822/1238/1224 1824/1239/1224 1825/1240/1224
f 1795/1239/1544 1797/1240/1544 1824/1239/1544
f 1825/1240/1546 1824/1239/1546 1826/1238/1546
f 1824/1239/1547 1797/1240/1547 1799/1238/1547
f 1827/1239/1548 1826/1238/1548 1828/1239/1548
f 1799/1238/1549 1801/1240/1549 1828/1239/1549
f 1828/1239/1201 1830/1238/1379 1831/1238/1379
f 1828/1239/1550 1801/1240/1550 1805/1239/1550
f 1831/1238/1552 1830/1238/1552 1808/1240/1552
f 1829/1240/1381 1831/1238/1381 1832/1238/1381
f 1832/1238/1554 1831/1238/1554 1833/1238/1554
f 1833/1238/1555 1811/1240/1555 1836/1240/1555
f 1857/1238/1556 1832/1238/1556 1834/1239/1556
f 1834/1239/1557 1836/1240/1557 1837/1239/1557
f 1836/1240/1558 1838/1239/1558 1839/1240/1558
f 1836/1240/1206 1811/1240/1206 1813/1238/1206
f 1838/1239/1559 1840/1240/1559 1841/1238/1559
f 1838/1239/1560 1813/1238/1560 1815/1239/1560
f 1840/1240/1561 1842/1240/1561 1843/1239/1561
f 1815/1239/1562 1817/1239/1562 1842/1240/1562
f 1843/1239/1563 1842/1240/1563 1844/1238/1563
f 1842/1240/1244 1817/1239/2559 1819/1238/1244
f 1844/1238/1564 1846/1239/1564 1847/1238/1564
f 1819/1238/1565 1821/1240/1565 1846/1239/1565
f 1847/1238/1566 1846/1239/1566 1848/1240/1566
f 1821/1240/1567 1823/1239/1567 1848/1240/1567
f 1849/1238/1568 1848/1240/1568 1850/1239/1568
f 1848/1240/1220 1823/1239/1220 1825/1240/1220
f 1851/1240/1570 1850/1239/1570 1852/1240/1570
f 1825/1240/1571 1827/1239/1571 1852/1240/1571
f 1853/1239/1572 1852/1240/1572 1854/1239/1572
f 1827/1239/1573 1829/1240/1573 1854/1239/1573
f 1855/1238/1574 1854/1239/1574 1832/1238/1575
f 1853/1239/1576 1855/1238/1576 1856/1240/1576
f 1856/1240/1577 1855/1238/1577 1857/1238/1577
f 1857/1238/1578 1835/1240/1578 1860/1239/1578
f 1881/1240/1579 1856/1240/1579 1858/1239/1579
f 1858/1239/1580 1860/1239/1580 1861/1238/1580
f 1861/1238/1581 1860/1239/1581 1862/1240/1581
f 1860/1239/1582 1835/1240/1582 1837/1239/1582
f 1862/1240/1583 1864/1240/1583 1865/1239/1583
f 1837/1239/1584 1839/1240/1584 1864/1240/1584
f 1864/1240/1585 1866/1239/1585 1867/1239/1585
f 1864/1240/1586 1839/1240/1586 1841/1238/1586
f 1866/1239/1587 1868/1240/1587 1869/1240/1587
f 1841/1238/1588 1843/1239/1588 1868/1240/1588
f 1869/1240/1589 1868/1240/1589 1870/1239/1589
f 1868/1240/1590 1843/1239/1590 1845/1240/1590
f 1870/1239/1591 1872/1240/1591 1873/1238/1591
f 1845/1240/1592 1847/1238/1592 1872/1240/1592
f 1873/1238/1593 1872/1240/1593 1874/1239/1593
f 1872/1240/1594 1847/1238/1594 1849/1238/1594
f 1874/1239/1595 1876/1238/1696 1877/1240/1595
f 1849/1238/1596 1851/1240/2560 1876/1238/1596
f 1877/1240/1597 1876/1238/1597 1878/1238/1597
f 1851/1240/1598 1853/1239/1598 1878/1238/1598
f 1879/1239/1599 1878/1238/1599 1856/1240/1599
f 1877/1240/1600 1879/1239/1600 1880/1240/1600
f 1879/1239/1601 1881/1240/1601 1882/1239/1601
f 1882/1239/1602 1881/1240/1602 1859/1240/1602
f 1905/1238/1603 1880/1240/1603 1882/1239/1603
f 1883/1238/1604 1882/1239/1604 1884/1238/1604
f 1884/1238/1605 1886/1238/1605 1887/1238/1605
f 1859/1240/1606 1861/1238/1606 1886/1238/1606
f 1887/1238/1607 1886/1238/1607 1888/1238/1607
f 1886/1238/1608 1861/1238/1608 1863/1238/1608
f 1888/1238/1609 1890/1239/1609 1891/1240/1609
f 1863/1238/1610 1865/1239/1610 1890/1239/1610
f 1890/1239/1611 1892/1240/1611 1893/1239/1611
f 1890/1239/1612 1865/1239/1612 1867/1239/1612
f 1893/1239/1613 1892/1240/1613 1894/1239/1613
f 1867/1239/1614 1869/1240/1614 1894/1239/1614
f 1894/1239/1615 1896/1238/1615 1897/1238/1615
f 1869/1240/1616 1871/1238/1616 1896/1238/1616
f 1896/1238/1617 1898/1239/1617 1899/1240/1617
f 1871/1238/1618 1873/1238/1618 1898/1239/1618
f 1899/1240/1619 1898/1239/1619 1900/1240/1619
f 1898/1239/1620 1873/1238/1620 1875/1239/1620
f 1901/1238/1621 1900/1240/1621 1902/1238/1621
f 1900/1240/1622 1875/1239/1622 1877/1240/1622
f 1902/1238/1623 1880/1240/1623 1905/1238/1623
f 1926/1240/1624 1901/1238/1624 1903/1239/1624
f 1903/1239/1625 1905/1238/1625 1906/1238/1625
f 1905/1238/1626 1883/1238/1626 1908/1239/1626
f 1904/1238/1627 1906/1238/1627 1907/1238/1627
f 1906/1238/1628 1908/1239/1628 1909/1240/1628
f 1909/1240/1629 1908/1239/2561 1910/1238/1629
f 1883/1238/1630 1885/1238/2562 1910/1238/1630
f 1910/1238/1631 1912/1240/1631 1913/1239/1631
f 1885/1238/1632 1887/1238/1632 1912/1240/1632
f 1913/1239/1633 1912/1240/1633 1914/1239/1633
f 1912/1240/1634 1887/1238/1634 1889/1240/1634
f 1914/1239/1635 1916/1239/1635 1917/1240/1635
f 1914/1239/1636 1889/1240/1636 1891/1240/1636
f 1917/1240/1637 1916/1239/1637 1918/1238/1637
f 1916/1239/1638 1891/1240/1638 1893/1239/1638
f 1919/1240/1639 1918/1238/1639 1920/1240/1639
f 1918/1238/1640 1893/1239/1640 1895/1239/1640
f 1921/1239/1641 1920/1240/1641 1922/1238/1641
f 1895/1239/1642 1897/1238/1642 1922/1238/1642
f 1923/1240/1643 1922/1238/1643 1924/1238/1643
f 1897/1238/1644 1899/1240/1644 1924/1238/1644
f 1924/1238/1645 1926/1240/1645 1927/1239/1645
f 1924/1238/1646 1899/1240/1646 1901/1238/1646
f 1927/1239/1647 1926/1240/1647 1904/1238/1647
f 1950/1238/1648 1925/1238/1648 1927/1239/1648
f 1927/1239/1649 1929/1238/1649 1930/1239/1649
f 1929/1238/1650 1907/1238/1650 1932/1238/1650
f 1928/1240/1651 1930/1239/1651 1931/1238/1651
f 1931/1238/1652 1930/1239/1652 1932/1238/1652
f 1933/1238/1653 1932/1238/1653 1934/1240/1653
f 1907/1238/1654 1909/1240/1654 1934/1240/1654
f 1934/1240/1655 1936/1239/1655 1937/1238/1655
f 1934/1240/1657 1909/1240/2563 1911/1240/1657
f 1936/1239/1658 1938/1240/1658 1939/1239/1658
f 1911/1240/1659 1913/1239/1659 1938/1240/1659
f 1939/1239/1660 1938/1240/1660 1940/1240/1660
f 1938/1240/1661 1913/1239/1661 1915/1239/1661
f 1941/1240/1662 1940/1240/2564 1942/1238/1662
f 1915/1239/1663 1917/1240/1663 1942/1238/1663
f 1942/1238/1664 1944/1239/1664 1945/1240/1664
f 1942/1238/1665 1917/1240/1665 1919/1240/1665
f 1944/1239/1666 1946/1240/1666 1947/1239/1666
f 1944/1239/1667 1919/1240/1667 1921/1239/1667
f 1947/1239/1668 1946/1240/1668 1948/1239/1668
f 1946/1240/1669 1921/1239/1669 1923/1240/1669
f 1948/1239/1670 1950/1238/1670 1951/1239/1670
f 1923/1240/1671 1925/1238/1671 1950/1238/1671
f 1951/1239/1672 1950/1238/1672 1928/1240/1672
f 1949/1238/1673 1951/1239/1673 1952/1240/1673
f 1952/1240/1674 1951/1239/1674 1953/1240/1674
f 1953/1240/1675 1931/1238/1675 1956/1240/1675
f 1977/1239/1428 1952/1240/1428 1954/1239/1428
f 1954/1239/1418 1956/1240/1418 1957/1239/1418
f 1957/1239/1416 1956/1240/1416 1958/1238/1416
f 1931/1238/1676 1933/1238/1676 1958/1238/1676
f 1959/1240/1415 1958/1238/1415 1960/1239/1415
f 1958/1238/1677 1933/1238/1677 1935/1238/1677
f 1960/1239/1678 1962/1238/1678 1963/1240/1678
f 1935/1238/1679 1937/1238/1679 1962/1238/1679
f 1962/1238/1392 1964/1238/1392 1965/1239/1392
f 1937/1238/1681 1939/1239/1681 1964/1238/1681
f 1965/1239/1393 1964/1238/1393 1966/1238/1393
f 1964/1238/1682 1939/1239/1682 1941/1240/1682
f 1967/1238/1683 1966/1238/2565 1968/1239/1683
f 1966/1238/1684 1941/1240/1684 1943/1238/1684
f 1968/1239/1686 1970/1238/1686 1971/1240/1686
f 1943/1238/1687 1945/1240/1687 1970/1238/1687
f 1971/1240/1433 1970/1238/1433 1972/1238/1433
f 1970/1238/1688 1945/1240/1688 1947/1239/1688
f 1973/1238/1689 1972/1238/1430 1974/1238/1430
f 1972/1238/1690 1947/1239/1690 1949/1238/1690
f 1974/1238/1429 1952/1240/1429 1977/1239/1429
f 1998/1238/1431 1973/1238/1431 1975/1238/1431
f 1976/1240/1427 1975/1238/1427 1977/1239/1427
f 1977/1239/1425 1955/1238/1425 1980/1240/1425
f 2001/1239/1426 1976/1240/1426 1978/1239/1426
f 1978/1239/1424 1980/1240/1424 1981/1239/1424
f 1981/1239/1422 1980/1240/1422 1982/1240/1422
f 1955/1238/1419 1957/1239/1419 1982/1240/1419
f 1983/1238/1421 1982/1240/1421 1984/1239/1421
f 1957/1239/1417 1959/1240/1417 1984/1239/1417
f 1985/1238/1410 1984/1239/1410 1986/1238/1410
f 1959/1240/1413 1961/1239/1413 1986/1238/1413
f 1986/1238/1408 1988/1239/1408 1989/1238/1408
f 1961/1239/1412 1963/1240/1411 1988/1239/1412
f 1988/1239/1396 1990/1240/1396 1991/1238/1396
f 1988/1239/1391 1963/1240/1391 1965/1239/1391
f 1991/1238/1395 1990/1240/1395 1992/1239/1395
f 1965/1239/1394 1967/1238/1394 1992/1239/1394
f 1993/1240/1398 1992/1239/1398 1994/1240/1398
f 1992/1239/1397 1967/1238/1397 1969/1238/1397
f 1994/1240/1437 1996/1239/1437 1997/1238/1437
f 1994/1240/1438 1969/1238/1438 1971/1240/1438
f 1996/1239/1436 1998/1238/1436 1999/1238/1436
f 1971/1240/1434 1973/1238/1434 1998/1238/1434
f 1999/1238/1435 1998/1238/1435 1976/1240/1435
f 1997/1238/1439 1999/1238/1439 2000/1239/1439
f 2000/1239/1469 1999/1238/1469 2001/1239/1469
f 2001/1239/1467 1979/1238/1467 2004/1240/1467
f 2025/1238/1468 2000/1239/1468 2002/1240/1468
f 2002/1240/1466 2004/1240/1466 2005/1238/1466
f 2005/1238/1464 2004/1240/1464 2006/1238/1464
f 2004/1240/1465 1979/1238/1465 1981/1239/1465
f 2006/1238/1461 2008/1239/1461 2009/1240/1461
f 1981/1239/1463 1983/1238/1463 2008/1239/1463
f 2009/1240/1459 2008/1239/1459 2010/1238/1459
f 1983/1238/1460 1985/1238/1460 2010/1238/1460
f 2011/1240/1457 2010/1238/1457 2012/1238/1457
f 1985/1238/1409 1987/1240/1409 2012/1238/1409
f 2013/1238/1406 2012/1238/1406 2014/1238/1406
f 2012/1238/1407 1987/1240/1407 1989/1238/1407
f 2014/1238/1404 2016/1238/1404 2017/1239/1404
f 1989/1238/1405 1991/1238/1405 2016/1238/1405
f 2017/1239/1403 2016/1238/1403 2018/1238/1403
f 2016/1238/1401 1991/1238/1401 1993/1240/1401
f 2018/1238/1402 2020/1238/1402 2021/1240/1402
f 1993/1240/1399 1995/1238/1399 2020/1238/1399
f 2020/1238/1442 2022/1238/1442 2023/1238/1442
f 2020/1238/1440 1995/1238/1440 1997/1238/1440
f 2022/1238/1441 2000/1239/1441 2025/1238/1441
f 2046/1239/1444 2021/1240/1444 2023/1238/1444
f 2024/1239/1443 2023/1238/1443 2025/1238/1443
f 2026/1240/1471 2025/1238/1471 2003/1238/1471
f 2024/1239/1474 2026/1240/1474 2027/1239/1474
f 2026/1240/1473 2028/1238/1473 2029/1239/1473
f 2029/1239/1472 2028/1238/1472 2030/1239/1472
f 2028/1238/1470 2003/1238/1470 2005/1238/1470
f 2030/1239/1498 2032/1240/1498 2033/1239/1498
f 2005/1238/1499 2007/1239/1499 2032/1240/1499
f 2032/1240/1494 2034/1238/1494 2035/1240/1494
f 2007/1239/1496 2009/1240/1496 2034/1238/1496
f 2035/1240/1492 2034/1238/1492 2036/1239/1492
f 2009/1240/1458 2011/1240/1458 2036/1239/1458
f 2037/1240/1455 2036/1239/1455 2038/1240/1455
f 2011/1240/1456 2013/1238/1456 2038/1240/1456
f 2039/1239/1452 2038/1240/2566 2040/1239/1452
f 2013/1238/1454 2015/1238/1454 2040/1239/1454
f 2041/1240/1450 2040/1239/1450 2042/1240/1450
f 2040/1239/1451 2015/1238/1451 2017/1239/1451
f 2042/1240/1448 2044/1240/1448 2045/1238/1448
f 2017/1239/1449 2019/1239/1449 2044/1240/1449
f 2044/1240/1447 2046/1239/1447 2047/1240/1447
f 2044/1240/1445 2019/1239/1445 2021/1240/1445
f 2046/1239/1446 2024/1239/1446 2049/1240/1446
f 2070/1240/1481 2045/1238/1481 2047/1240/1481
f 2048/1239/1477 2047/1240/1477 2049/1240/1477
f 2049/1240/1476 2027/1239/1476 2052/1240/1476
f 2073/1240/1479 2048/1239/1479 2050/1238/1479
f 2051/1238/1478 2050/1238/1478 2052/1240/1478
f 2052/1240/1504 2054/1239/1504 2055/1240/1504
f 2027/1239/1475 2029/1239/1475 2054/1239/1475
f 2055/1240/1503 2054/1239/1503 2056/1238/1503
f 2054/1239/1501 2029/1239/1501 2031/1240/1501
f 2056/1238/1502 2058/1240/1502 2059/1239/1502
f 2031/1240/1500 2033/1239/1500 2058/1240/1500
f 2059/1239/1526 2058/1240/1526 2060/1239/1526
f 2058/1240/1493 2033/1239/1493 2035/1240/1493
f 2060/1239/1490 2062/1238/1490 2063/1240/1490
f 2060/1239/1491 2035/1240/1491 2037/1240/1491
f 2062/1238/1488 2064/1239/1488 2065/1240/1488
f 2037/1240/1489 2039/1239/1489 2064/1239/1489
f 2064/1239/1486 2066/1238/1486 2067/1239/1486
f 2039/1239/1487 2041/1240/1487 2066/1238/1487
f 2066/1238/1484 2068/1240/1484 2069/1240/1484
f 2041/1240/1485 2043/1239/1485 2068/1240/1485
f 2068/1240/1482 2070/1240/1482 2071/1239/1482
f 2068/1240/1483 2043/1239/1483 2045/1238/1483
f 2071/1239/1480 2070/1240/1480 2048/1239/1480
f 2069/1240/1515 2071/1239/1515 2072/1240/1515
f 2072/1240/1513 2071/1239/1513 2073/1240/1513
f 2073/1240/1511 2051/1238/1511 2076/1239/1511
f 2097/1239/1512 2072/1240/1512 2074/1238/1512
f 2075/1240/1510 2074/1238/1510 2076/1239/1510
f 2077/1240/1509 2076/1239/1509 2078/1240/1509
f 2051/1238/1507 2053/1239/1507 2078/1240/1507
f 2078/1240/1508 2080/1239/1508 2081/1240/1508
f 2053/1239/1506 2055/1240/1506 2080/1239/1506
f 2081/1240/1529 2080/1239/1529 2082/1240/1529
f 2080/1239/1505 2055/1240/1505 2057/1239/1505
f 2082/1240/1528 2084/1238/1528 2085/1238/1528
f 2057/1239/1527 2059/1239/1527 2084/1238/1527
f 2085/1238/1694 2084/1238/1524 2086/1240/1524
f 2084/1238/1525 2059/1239/1525 2061/1238/1525
f 2086/1240/1522 2088/1239/1522 2089/1240/1522
f 2086/1240/1523 2061/1238/1523 2063/1240/1523
f 2088/1239/1520 2090/1240/1520 2091/1238/1520
f 2088/1239/1521 2063/1240/1521 2065/1240/1521
f 2090/1240/1518 2092/1238/1518 2093/1240/1518
f 2065/1240/1519 2067/1239/1519 2092/1238/1519
f 2093/1240/1516 2092/1238/1516 2094/1239/1516
f 2092/1238/1517 2067/1239/1517 2069/1240/1517
f 2094/1239/1514 2072/1240/1514 2097/1239/1514
f 2118/1239/1543 2093/1240/1543 2095/1238/1543
f 2095/1238/1541 2097/1239/1541 2098/1240/1541
f 2097/1239/1539 2075/1240/1539 2100/1239/1539
f 2096/1240/1540 2098/1240/1540 2099/1240/1540
f 2098/1240/1213 2100/1239/1213 2101/1238/1213
f 2101/1238/1536 2100/1239/1536 2102/1238/1536
f 2100/1239/1537 2075/1240/1537 2077/1240/1537
f 2103/1238/1534 2102/1238/1534 2104/1239/1534
f 2102/1238/1535 2077/1240/1535 2079/1239/1535
f 2105/1240/1238 2104/1239/1238 2106/1240/1238
f 2079/1239/1532 2081/1240/1532 2106/1240/1532
f 2106/1240/1533 2108/1239/1533 2109/1240/1533
f 2081/1240/1531 2083/1239/1531 2108/1239/1531
f 2109/1240/1552 2108/1239/1552 2110/1240/1552
f 2108/1239/1530 2083/1239/1530 2085/1238/1530
f 2110/1240/1201 2112/1238/1201 2113/1238/1201
f 2110/1240/1550 2085/1238/1550 2087/1239/1550
f 2112/1238/1548 2114/1238/1548 2115/1239/1548
f 2087/1239/1549 2089/1240/1549 2114/1238/1549
f 2115/1239/1546 2114/1238/1546 2116/1239/1546
f 2114/1238/1547 2089/1240/1547 2091/1238/1547
f 2116/1239/1224 2118/1239/1224 2119/1240/1224
f 2091/1238/1544 2093/1240/1544 2118/1239/1544
f 2119/1240/1542 2118/1239/1542 2096/1240/1542
f 2142/1238/1220 2117/1238/1220 2119/1240/1220
f 2119/1240/1567 2121/1239/1567 2122/1238/1567
f 2122/1238/1565 2121/1239/1565 2099/1240/1565
f 2120/1239/1566 2122/1238/1566 2123/1238/1566
f 2123/1238/1564 2122/1238/1564 2124/1239/1564
f 2125/1240/1563 2124/1239/1563 2126/1240/1563
f 2099/1240/1244 2101/1238/1244 2126/1240/1244
f 2127/1239/1561 2126/1240/1561 2128/1238/1561
f 2101/1238/1562 2103/1238/1562 2128/1238/1562
f 2129/1239/1559 2128/1238/1559 2130/1238/1559
f 2128/1238/1560 2103/1238/1560 2105/1240/1560
f 2130/1238/1558 2132/1240/1558 2133/1238/1558
f 2105/1240/1206 2107/1239/1206 2132/1240/1206
f 2133/1238/1557 2132/1240/1557 2134/1239/1557
f 2132/1240/1555 2107/1239/1555 2109/1240/1555
f 2134/1239/1556 2136/1240/1556 2137/1239/1556
f 2109/1240/1554 2111/1239/1554 2136/1240/1554
f 2137/1239/1575 2136/1240/1575 2138/1238/1575
f 2136/1240/1381 2111/1239/1381 2113/1238/1381
f 2138/1238/1572 2140/1240/1572 2141/1238/1572
f 2113/1238/1573 2115/1239/1573 2140/1240/1573
f 2140/1240/1570 2142/1238/1570 2143/1238/1570
f 2140/1240/1571 2115/1239/1571 2117/1238/1571
f 2142/1238/1568 2120/1239/1568 2145/1238/1568
f 2141/1238/1598 2143/1238/1598 2144/1239/1598
f 2143/1238/1596 2145/1238/1596 2146/1238/1596
f 2146/1238/1594 2145/1238/1594 2123/1238/1594
f 2169/1240/1696 2144/1239/1696 2146/1238/1696
f 2147/1239/1593 2146/1238/1593 2148/1240/1593
f 2149/1240/1591 2148/1240/1591 2150/1239/1591
f 2123/1238/1592 2125/1240/1592 2150/1239/1592
f 2150/1239/1589 2152/1238/1589 2153/1238/1589
f 2150/1239/1590 2125/1240/1590 2127/1239/1590
f 2152/1238/1587 2154/1240/1587 2155/1239/1587
f 2152/1238/1588 2127/1239/1588 2129/1239/1588
f 2155/1239/1585 2154/1240/1585 2156/1239/1585
f 2154/1240/1586 2129/1239/1586 2131/1240/1586
f 2156/1239/1583 2158/1240/1583 2159/1239/1583
f 2131/1240/1584 2133/1238/1584 2158/1240/1584
f 2159/1239/1581 2158/1240/1581 2160/1239/1581
f 2158/1240/1582 2133/1238/1582 2135/1240/1582
f 2160/1239/1580 2162/1240/1580 2163/1238/1580
f 2135/1240/1578 2137/1239/1578 2162/1240/1578
f 2163/1238/1579 2162/1240/1579 2164/1238/1579
f 2162/1240/1577 2137/1239/1577 2139/1240/1577
f 2164/1238/1599 2166/1238/1599 2167/1239/1599
f 2139/1240/1576 2141/1238/1576 2166/1238/1576
f 2166/1238/1597 2144/1239/1597 2169/1240/1597
f 2165/1239/1601 2167/1239/1601 2168/1240/1601
f 2167/1239/1600 2169/1240/1600 2170/1239/1600
f 2170/1239/1622 2169/1240/1622 2147/1239/1622
f 2193/1239/1623 2168/1240/1623 2170/1239/1623
f 2171/1240/1621 2170/1239/1621 2172/1240/1621
f 2172/1240/1619 2174/1239/1619 2175/1238/1619
f 2147/1239/1620 2149/1240/1620 2174/1239/1620
f 2175/1238/1617 2174/1239/1617 2176/1238/1617
f 2174/1239/1618 2149/1240/1618 2151/1238/1618
f 2176/1238/1615 2178/1238/1615 2179/1238/1615
f 2151/1238/1616 2153/1238/1616 2178/1238/1616
f 2178/1238/1613 2180/1240/1613 2181/1239/1613
f 2178/1238/1614 2153/1238/1614 2155/1239/1614
f 2180/1240/1611 2182/1239/1611 2183/1238/1611
f 2180/1240/1612 2155/1239/1612 2157/1240/1612
f 2183/1238/1609 2182/1239/1609 2184/1240/1609
f 2182/1239/1610 2157/1240/1610 2159/1239/1610
f 2184/1240/1607 2186/1239/1607 2187/1240/1607
f 2184/1240/1608 2159/1239/1608 2161/1240/1608
f 2187/1240/1605 2186/1239/1605 2188/1238/1605
f 2161/1240/1606 2163/1238/1606 2188/1238/1606
f 2188/1238/1604 2190/1238/1604 2191/1238/1604
f 2163/1238/1602 2165/1239/1602 2190/1238/1602
f 2191/1238/1603 2190/1238/1603 2168/1240/1603
f 2189/1238/1630 2191/1238/1630 2192/1240/1630
f 2191/1238/1626 2193/1239/1626 2194/1240/1626
f 2194/1240/1625 2193/1239/1625 2171/1240/1625
f 2217/1239/1628 2192/1240/1628 2194/1240/1628
f 2194/1240/1627 2196/1239/1627 2197/1238/1627
f 2197/1238/1647 2196/1239/1647 2198/1238/1698
f 2196/1239/1624 2171/1240/2567 2173/1240/1624
f 2198/1238/1645 2200/1239/1645 2201/1240/1645
f 2173/1240/1646 2175/1238/1646 2200/1239/1646
f 2201/1240/1643 2200/1239/1643 2202/1240/1643
f 2200/1239/1644 2175/1238/1644 2177/1238/1644
f 2202/1240/1641 2204/1239/1641 2205/1240/1641
f 2177/1238/1642 2179/1238/1642 2204/1239/1642
f 2205/1240/1639 2204/1239/1639 2206/1240/1639
f 2179/1238/1640 2181/1239/1640 2206/1240/1640
f 2206/1240/1637 2208/1238/1637 2209/1239/1637
f 2206/1240/1638 2181/1239/1638 2183/1238/1638
f 2208/1238/1635 2210/1239/1635 2211/1240/1635
f 2208/1238/1636 2183/1238/1636 2185/1240/1636
f 2210/1239/1633 2212/1239/1633 2213/1240/1633
f 2185/1240/1634 2187/1240/1634 2212/1239/1634
f 2212/1239/1631 2214/1238/1631 2215/1238/1631
f 2212/1239/1632 2187/1240/1632 2189/1238/1632
f 2215/1238/1629 2214/1238/1629 2192/1240/1629
f 2238/1240/1659 2213/1240/1659 2215/1238/1659
f 2215/1238/1657 2217/1239/1657 2218/1238/1657
f 2218/1238/1654 2217/1239/1654 2195/1238/1654
f 2216/1238/1656 2218/1238/1656 2219/1240/1656
f 2218/1238/1653 2220/1239/1653 2221/1238/1653
f 2220/1239/1652 2222/1240/1652 2223/1238/1652
f 2220/1239/1650 2195/1238/1650 2197/1238/1650
f 2222/1240/1651 2224/1239/1651 2225/1239/1651
f 2222/1240/1649 2197/1238/1649 2199/1238/1649
f 2224/1239/1672 2226/1238/1672 2227/1240/1672
f 2199/1238/1648 2201/1240/1648 2226/1238/1648
f 2227/1240/1670 2226/1238/1670 2228/1238/1670
f 2226/1238/1671 2201/1240/1671 2203/1239/1671
f 2229/1238/1668 2228/1238/1668 2230/1239/1668
f 2203/1239/1669 2205/1240/1669 2230/1239/1669
f 2231/1240/1666 2230/1239/1666 2232/1240/1666
f 2230/1239/1667 2205/1240/1667 2207/1239/1667
f 2232/1240/1664 2234/1240/1664 2235/1239/1664
f 2207/1239/1665 2209/1239/1665 2234/1240/1665
f 2234/1240/1662 2236/1239/1662 2237/1240/1662
f 2209/1239/1663 2211/1240/1663 2236/1239/1663
f 2237/1240/1660 2236/1239/1660 2238/1240/1660
f 2211/1240/1661 2213/1240/1661 2238/1240/1661
f 2239/1239/1658 2238/1240/1658 2216/1238/1658
f 2242/1239/1682 2237/1240/1682 2239/1239/1682
f 2239/1239/1681 2240/1238/1681 2241/1238/1681
f 2241/1238/1679 2240/1238/1679 2219/1240/1679
f 2243/1238/1684 2235/1239/1684 2237/1240/1684
f 2243/1238/1683 2242/1239/1683 1674/1239/1683
f 2233/1239/1687 2235/1239/1687 2243/1238/1687
f 1715/1239/1686 2244/1238/1686 2243/1238/1686
f 1714/1239/1688 2231/1240/1688 2233/1239/1688
f 1712/1240/1690 2229/1238/1690 2231/1240/1690
f 2227/1240/1673 2229/1238/1673 1712/1240/1673
f 2246/1240/1674 2225/1239/1674 2227/1240/1674
f 2223/1238/1675 2225/1239/1675 2246/1240/1675
f 2221/1238/1676 2223/1238/1676 1700/1239/1676
f 1696/1238/1677 2219/1240/1677 2221/1238/1677
f 2247/1241/1059 2248/1241/1059 2253/1241/1059
f 2249/1241/1060 2817/1241/1060 2248/1241/1060
f 2250/1241/1061 2818/1241/1061 2249/1241/1061
f 2254/1241/1062 2250/1241/1062 2247/1241/1062
f 2256/1241/1063 2254/1241/1063 2251/1241/1063
f 2251/1241/1064 2253/1241/1064 2266/1241/1064
f 2255/1241/1065 2821/1241/1065 2250/1241/1065
f 2255/1241/1066 2254/1241/1066 2256/1241/1066
f 2259/1241/1067 2257/1241/2568 2256/1241/1067
f 2256/1241/1068 2252/1241/1068 2261/1241/1068
f 2301/1241/1069 2259/1241/1069 2258/1241/1069
f 2258/1241/1070 2261/1241/1070 2262/1241/1070
f 2262/1241/1071 2261/1241/1071 2263/1241/1071
f 2261/1241/1072 2252/1241/1072 2266/1241/1072
f 2263/1241/1073 2265/1241/1073 2313/1241/1073
f 2266/1241/1074 2267/1241/1074 2265/1241/1074
f 2266/1241/1075 2253/1241/1075 2269/1241/1075
f 2267/1241/1077 2268/1241/1077 2316/1241/1077
f 2267/1241/1078 2269/1241/1078 2270/1241/1078
f 2248/1241/1370 2271/1241/1370 2269/1241/1370
f 2269/1241/1080 2271/1241/1080 2273/1241/1080
f 2248/1241/1082 2817/1241/1082 2272/1241/1082
f 2272/1241/1083 2274/1241/1083 2273/1241/1083
f 2273/1241/1084 2274/1241/1084 2276/1241/1084
f 2270/1241/1085 2273/1241/1085 2275/1241/1085
f 2275/1241/1086 2276/1241/1086 2822/1241/1086
f 2275/1241/1087 2277/1241/1087 2280/1241/1087
f 2268/1241/1089 2270/1241/1089 2278/1241/1089
f 2278/1241/1090 2280/1241/1090 2281/1241/1090
f 2281/1241/1091 2280/1241/1091 2282/1241/1091
f 2280/1241/1092 2277/1241/1092 2285/1241/1092
f 2282/1241/1093 2284/1241/1093 2324/1241/1093
f 2285/1241/1094 2287/1241/1094 2284/1241/1094
f 2277/1241/1095 2822/1241/1095 2286/1241/1095
f 2286/1241/1096 2288/1241/1096 2287/1241/1096
f 2288/1241/1097 2290/1241/1097 2289/1241/1097
f 2284/1241/1098 2287/1241/1098 2289/1241/1098
f 2290/1241/1099 2820/1241/1099 2291/1241/1099
f 2289/1241/1100 2291/1241/1100 2294/1241/1100
f 2324/1241/1101 2284/1241/1101 2292/1241/1101
f 2292/1241/1102 2294/1241/1102 2295/1241/1102
f 2294/1241/1103 2255/1241/1103 2257/1241/1103
f 2291/1241/1104 2821/1241/1104 2255/1241/1104
f 2293/1241/1105 2295/1241/1105 2296/1241/1105
f 2296/1241/1106 2295/1241/1106 2257/1241/1106
f 2299/1241/1107 2297/1241/1107 2296/1241/1107
f 2296/1241/1108 2259/1241/1108 2301/1241/1108
f 2328/1241/1109 2299/1241/1109 2298/1241/1109
f 2300/1241/1110 2298/1241/1110 2301/1241/1110
f 2302/1241/1111 2301/1241/1111 2260/1241/1111
f 2300/1241/1112 2302/1241/1112 2303/1241/1112
f 2302/1241/1113 2304/1241/1113 2305/1241/1113
f 2305/1241/1114 2304/1241/1114 2306/1241/1114
f 2304/1241/1115 2260/1241/1115 2262/1241/1115
f 2306/1241/1116 2308/1241/1116 2309/1241/1116
f 2262/1241/1117 2264/1241/1117 2308/1241/1117
f 2309/1241/1118 2308/1241/1118 2310/1241/1118
f 2264/1241/1119 2313/1241/1119 2310/1241/1119
f 2311/1241/1120 2310/1241/1120 2312/1241/1120
f 2313/1241/1121 2314/1241/1121 2312/1241/1121
f 2313/1241/1122 2265/1241/1122 2316/1241/1122
f 2314/1241/1123 2315/1241/1123 2350/1241/1123
f 2316/1241/1124 2317/1241/1124 2315/1241/1124
f 2316/1241/1125 2268/1241/1125 2279/1241/1125
f 2315/1241/1126 2317/1241/1126 2318/1241/1126
f 2279/1241/1127 2281/1241/1127 2318/1241/1127
f 2318/1241/1128 2320/1241/1128 2321/1241/1128
f 2318/1241/1129 2281/1241/1129 2283/1241/1129
f 2321/1241/1130 2320/1241/1130 2322/1241/1130
f 2283/1241/1131 2324/1241/1131 2322/1241/1131
f 2322/1241/1132 2297/1241/1132 2299/1241/1132
f 2322/1241/1133 2324/1241/1133 2293/1241/1133
f 2326/1241/1134 2321/1241/1134 2323/1241/1134
f 2323/1241/1135 2299/1241/1135 2328/1241/1135
f 2353/1241/1136 2326/1241/1136 2325/1241/1136
f 2325/1241/1137 2328/1241/1137 2329/1241/1137
f 2328/1241/1138 2300/1241/1138 2331/1241/1138
f 2327/1241/1139 2329/1241/1139 2330/1241/1139
f 2330/1241/1140 2329/1241/1140 2331/1241/1140
f 2331/1241/1141 2303/1241/1141 2334/1241/1141
f 2359/1241/1142 2330/1241/1142 2332/1241/1142
f 2332/1241/1143 2334/1241/1143 2335/1241/1143
f 2335/1241/1144 2334/1241/1144 2336/1241/1144
f 2334/1241/1145 2303/1241/1145 2305/1241/1145
f 2336/1241/1146 2338/1241/1146 2339/1241/1146
f 2305/1241/1147 2307/1241/1147 2338/1241/1147
f 2339/1241/1148 2338/1241/1148 2340/1241/1148
f 2338/1241/1149 2307/1241/1149 2309/1241/1149
f 2340/1241/1150 2342/1241/1150 2343/1241/1150
f 2309/1241/1151 2311/1241/1151 2342/1241/1151
f 2343/1241/1152 2342/1241/1152 2344/1241/1152
f 2342/1241/1153 2311/1241/1153 2347/1241/1153
f 2344/1241/1154 2346/1241/1154 2379/1241/1154
f 2347/1241/1155 2348/1241/1155 2346/1241/1155
f 2347/1241/1156 2312/1241/1156 2350/1241/1156
f 2346/1241/1157 2348/1241/1157 2349/1241/1157
f 2348/1241/1158 2350/1241/1158 2351/1241/1158
f 2350/1241/1159 2315/1241/1159 2319/1241/1159
f 2351/1241/1160 2326/1241/1160 2353/1241/1160
f 2319/1241/1161 2321/1241/1161 2326/1241/1161
f 2352/1241/1162 2349/1241/1162 2353/1241/1162
f 2353/1241/1163 2327/1241/1163 2356/1241/1163
f 2352/1241/1164 2354/1241/1164 2355/1241/1164
f 2355/1241/1166 2354/1241/1166 2356/1241/1166
f 2357/1241/1168 2356/1241/1168 2330/1241/1168
f 2382/1241/1169 2355/1241/1169 2357/1241/1169
f 2357/1241/1170 2359/1241/1170 2360/1241/1170
f 2359/1241/1171 2333/1241/1171 2362/1241/1171
f 2358/1241/1172 2360/1241/1172 2361/1241/1172
f 2360/1241/1173 2362/1241/1173 2363/1241/1173
f 2362/1241/1174 2364/1241/1174 2365/1241/1174
f 2333/1241/1175 2335/1241/1175 2364/1241/1175
f 2364/1241/1176 2366/1241/1176 2367/1241/1176
f 2335/1241/1177 2337/1241/1177 2366/1241/1177
f 2367/1241/1178 2366/1241/1178 2368/1241/1178
f 2366/1241/1179 2337/1241/1179 2339/1241/1179
f 2368/1241/1180 2370/1241/1180 2371/1241/1180
f 2339/1241/1181 2341/1241/1181 2370/1241/1181
f 2371/1241/1182 2370/1241/1182 2372/1241/1182
f 2370/1241/1185 2341/1241/1185 2343/1241/1185
f 2373/1241/1186 2372/1241/1186 2374/1241/1186
f 2372/1241/1187 2343/1241/1187 2345/1241/1187
f 2375/1241/1188 2374/1241/1188 2376/1241/1188
f 2374/1241/1189 2345/1241/1189 2379/1241/1189
f 2377/1241/1190 2376/1241/1190 2378/1241/1190
f 2376/1241/1191 2379/1241/1191 2380/1241/1191
f 2346/1241/1193 2352/1241/1193 2380/1241/1193
f 2380/1241/1194 2355/1241/1194 2382/1241/1194
f 2381/1241/1195 2378/1241/1195 2382/1241/1195
f 2382/1241/1196 2358/1241/1196 2385/1241/1196
f 2406/1241/1197 2381/1241/1197 2383/1241/1197
f 2383/1241/1198 2385/1241/1198 2386/1241/1198
f 2386/1241/1199 2385/1241/1199 2361/1241/1199
f 2384/1241/1200 2386/1241/1200 2387/1241/1200
f 2386/1241/1201 2388/1241/1201 2389/1241/1201
f 2388/1241/1202 2390/1241/1202 2391/1241/1202
f 2361/1241/1203 2363/1241/1203 2390/1241/1203
f 2390/1241/1204 2392/1241/1204 2393/1241/1204
f 2390/1241/1205 2363/1241/1205 2365/1241/1205
f 2392/1241/1206 2394/1241/1206 2395/1241/1206
f 2392/1241/1208 2365/1241/1208 2367/1241/1208
f 2395/1241/1209 2394/1241/1209 2396/1241/1209
f 2394/1241/1210 2367/1241/1210 2369/1241/1210
f 2396/1241/1211 2398/1241/1211 2399/1241/1211
f 2369/1241/1212 2371/1241/1212 2398/1241/1212
f 2399/1241/1213 2398/1241/1213 2400/1241/1213
f 2371/1241/1380 2373/1241/1380 2400/1241/1380
f 2401/1241/1216 2400/1241/1216 2402/1241/1216
f 2373/1241/1217 2375/1241/1217 2402/1241/1217
f 2403/1241/1218 2402/1241/1218 2404/1241/1218
f 2402/1241/1219 2375/1241/1219 2377/1241/1219
f 2405/1241/1220 2404/1241/1220 2406/1241/1220
f 2377/1241/1221 2381/1241/1221 2406/1241/1221
f 2407/1241/1223 2406/1241/1223 2384/1241/1223
f 2405/1241/1224 2407/1241/1225 2408/1241/1224
f 2407/1241/1226 2409/1241/1226 2410/1241/1226
f 2410/1241/1227 2409/1241/1227 2387/1241/1227
f 2433/1241/1228 2408/1241/1228 2410/1241/1228
f 2410/1241/1229 2412/1241/1229 2413/1241/1229
f 2412/1241/1230 2414/1241/1230 2415/1241/1230
f 2412/1241/1381 2387/1241/1231 2389/1241/1381
f 2415/1241/1232 2414/1241/1232 2416/1241/1232
f 2414/1241/1233 2389/1241/1233 2391/1241/1233
f 2416/1241/1234 2418/1241/1234 2419/1241/1234
f 2391/1241/1235 2393/1241/1235 2418/1241/1235
f 2419/1241/1236 2418/1241/1236 2420/1241/1236
f 2393/1241/1238 2395/1241/1238 2420/1241/1238
f 2420/1241/1239 2422/1241/1239 2423/1241/1239
f 2395/1241/1240 2397/1241/1240 2422/1241/1240
f 2423/1241/1241 2422/1241/1241 2424/1241/1241
f 2422/1241/1242 2397/1241/1242 2399/1241/1242
f 2424/1241/1382 2426/1241/1382 2427/1241/1382
f 2424/1241/1244 2399/1241/1244 2401/1241/1244
f 2427/1241/1245 2426/1241/2569 2428/1241/1245
f 2426/1241/1246 2401/1241/1246 2403/1241/1246
f 2428/1241/1247 2430/1241/1247 2431/1241/1247
f 2403/1241/1248 2405/1241/1248 2430/1241/1248
f 2431/1241/1250 2430/1241/1250 2408/1241/1250
f 2429/1241/1251 2431/1241/1251 2432/1241/1251
f 2432/1241/1252 2431/1241/1252 2433/1241/1252
f 2434/1241/1253 2433/1241/1253 2411/1241/1253
f 2457/1241/1254 2432/1241/1254 2434/1241/1254
f 2435/1241/1255 2434/1241/1255 2436/1241/1255
f 2436/1241/1256 2438/1241/1256 2439/1241/1256
f 2411/1241/1257 2413/1241/1257 2438/1241/1257
f 2438/1241/1258 2440/1241/1258 2441/1241/1258
f 2413/1241/1259 2415/1241/1259 2440/1241/1259
f 2441/1241/1260 2440/1241/1260 2442/1241/1260
f 2440/1241/1261 2415/1241/1261 2417/1241/1261
f 2443/1241/1262 2442/1241/1262 2444/1241/1262
f 2417/1241/1263 2419/1241/1263 2444/1241/1263
f 2445/1241/1264 2444/1241/1264 2446/1241/1264
f 2444/1241/1265 2419/1241/1265 2421/1241/1265
f 2447/1241/1266 2446/1241/1266 2448/1241/1266
f 2421/1241/1267 2423/1241/1267 2448/1241/1267
f 2448/1241/1268 2450/1241/1268 2451/1241/1268
f 2448/1241/1269 2423/1241/1269 2425/1241/1269
f 2450/1241/1270 2452/1241/1270 2453/1241/1270
f 2425/1241/1273 2427/1241/1273 2452/1241/1273
f 2452/1241/1274 2454/1241/1274 2455/1241/1274
f 2427/1241/1275 2429/1241/1275 2454/1241/1275
f 2454/1241/1276 2432/1241/1276 2457/1241/1276
f 2478/1241/1277 2453/1241/1277 2455/1241/1277
f 2456/1241/1278 2455/1241/1278 2457/1241/1278
f 2458/1241/1279 2457/1241/1279 2435/1241/1279
f 2456/1241/1280 2458/1241/1280 2459/1241/1280
f 2459/1241/1388 2458/1241/1388 2460/1241/1388
f 2460/1241/1282 2462/1241/1282 2463/1241/1282
f 2460/1241/1283 2435/1241/1283 2437/1241/1283
f 2463/1241/1285 2462/1241/1285 2464/1241/1285
f 2437/1241/1286 2439/1241/1286 2464/1241/1286
f 2464/1241/1288 2466/1241/1288 2467/1241/1288
f 2439/1241/1290 2441/1241/1290 2466/1241/1290
f 2467/1241/1291 2466/1241/1291 2468/1241/1291
f 2441/1241/1292 2443/1241/1292 2468/1241/1292
f 2468/1241/1293 2470/1241/1293 2471/1241/1293
f 2443/1241/1294 2445/1241/1294 2470/1241/1294
f 2470/1241/1295 2472/1241/1295 2473/1241/1295
f 2445/1241/1296 2447/1241/1296 2472/1241/1296
f 2472/1241/1297 2474/1241/1297 2475/1241/1297
f 2472/1241/1298 2447/1241/1298 2449/1241/1298
f 2475/1241/1299 2474/1241/1299 2476/1241/1299
f 2449/1241/1300 2451/1241/1300 2476/1241/1300
f 2477/1241/1301 2476/1241/1301 2478/1241/1301
f 2451/1241/1302 2453/1241/1302 2478/1241/1302
f 2479/1241/1303 2478/1241/1303 2456/1241/1303
f 2502/1241/1304 2477/1241/1304 2479/1241/1304
f 2479/1241/1305 2481/1241/1305 2482/1241/1305
f 2481/1241/1306 2459/1241/1306 2484/1241/1306
f 2480/1241/1307 2482/1241/1307 2483/1241/1307
f 2483/1241/1308 2482/1241/1308 2484/1241/1308
f 2484/1241/1309 2486/1241/1309 2487/1241/1309
f 2484/1241/1311 2459/1241/1311 2461/1241/1311
f 2487/1241/1312 2486/1241/1312 2488/1241/1312
f 2461/1241/1313 2463/1241/1313 2488/1241/1313
f 2488/1241/1314 2490/1241/1314 2491/1241/1314
f 2488/1241/1315 2463/1241/1315 2465/1241/1315
f 2491/1241/1316 2490/1241/1316 2492/1241/1316
f 2465/1241/1317 2467/1241/1317 2492/1241/1317
f 2492/1241/1318 2494/1241/1318 2495/1241/1318
f 2492/1241/1319 2467/1241/1319 2469/1241/1319
f 2495/1241/1320 2494/1241/1320 2496/1241/1320
f 2494/1241/1321 2469/1241/1321 2471/1241/1321
f 2497/1241/1322 2496/1241/1322 2498/1241/1322
f 2471/1241/1323 2473/1241/2570 2498/1241/1323
f 2498/1241/1324 2500/1241/1324 2501/1241/1324
f 2473/1241/1325 2475/1241/1325 2500/1241/1325
f 2501/1241/1326 2500/1241/1326 2502/1241/1326
f 2500/1241/1327 2475/1241/1327 2477/1241/1327
f 2502/1241/1328 2480/1241/1328 2505/1241/1328
f 2526/1241/1329 2501/1241/1329 2503/1241/1329
f 2503/1241/1330 2505/1241/1330 2506/1241/1330
f 2505/1241/1331 2483/1241/1331 2508/1241/1331
f 2504/1241/1390 2506/1241/1390 2507/1241/1390
f 2507/1241/1333 2506/1241/1333 2508/1241/1333
f 2508/1241/1334 2510/1241/1334 2511/1241/1334
f 2508/1241/1335 2483/1241/1335 2485/1241/1335
f 2510/1241/1336 2512/1241/1336 2513/1241/1336
f 2485/1241/1337 2487/1241/1337 2512/1241/1337
f 2512/1241/1339 2514/1241/1339 2515/1241/1339
f 2512/1241/1340 2487/1241/1340 2489/1241/1340
f 2515/1241/1341 2514/1241/1341 2516/1241/1341
f 2489/1241/1342 2491/1241/1342 2516/1241/1342
f 2517/1241/1343 2516/1241/1343 2518/1241/1343
f 2516/1241/1344 2491/1241/1344 2493/1241/1344
f 2518/1241/1345 2520/1241/1345 2521/1241/1345
f 2493/1241/1346 2495/1241/1346 2520/1241/1346
f 2520/1241/1347 2522/1241/1347 2523/1241/1347
f 2520/1241/1348 2495/1241/1348 2497/1241/1348
f 2523/1241/1349 2522/1241/1349 2524/1241/1349
f 2522/1241/1350 2497/1241/1350 2499/1241/1350
f 2524/1241/1351 2526/1241/1351 2527/1241/1351
f 2499/1241/1352 2501/1241/1352 2526/1241/1352
f 2527/1241/1353 2526/1241/1353 2504/1241/1353
f 2525/1241/1354 2527/1241/1354 2528/1241/1354
f 2528/1241/1355 2527/1241/1355 2529/1241/1355
f 2529/1241/1356 2507/1241/1356 2532/1241/1356
f 2553/1241/1095 2528/1241/1095 2530/1241/1095
f 2530/1241/1086 2532/1241/2571 2533/1241/1086
f 2533/1241/1084 2532/1241/1084 2534/1241/1084
f 2507/1241/1357 2509/1241/1357 2534/1241/1357
f 2535/1241/1083 2534/1241/1083 2536/1241/1083
f 2509/1241/1358 2511/1241/1358 2536/1241/1358
f 2537/1241/1082 2536/1241/1082 2538/1241/1082
f 2536/1241/1359 2511/1241/1359 2513/1241/1359
f 2538/1241/1060 2540/1241/1060 2541/1241/1060
f 2513/1241/1361 2515/1241/1361 2540/1241/1361
f 2541/1241/1061 2540/1241/1061 2542/1241/1061
f 2540/1241/1362 2515/1241/1362 2517/1241/1362
f 2542/1241/1363 2544/1241/1363 2545/1241/1363
f 2517/1241/1364 2519/1241/1364 2544/1241/1364
f 2544/1241/1365 2546/1241/1365 2547/1241/1365
f 2544/1241/1366 2519/1241/1366 2521/1241/1366
f 2546/1241/1099 2548/1241/1099 2549/1241/1099
f 2521/1241/1367 2523/1241/1367 2548/1241/1367
f 2549/1241/1097 2548/1241/2572 2550/1241/1097
f 2548/1241/1368 2523/1241/1368 2525/1241/1368
f 2550/1241/1096 2528/1241/1096 2553/1241/1096
f 2574/1241/1098 2549/1241/1098 2551/1241/1098
f 2551/1241/1094 2553/1241/1094 2554/1241/1094
f 2554/1241/1092 2553/1241/1092 2531/1241/1092
f 2552/1241/1093 2554/1241/1093 2555/1241/1093
f 2555/1241/1091 2554/1241/1091 2556/1241/1091
f 2557/1241/1090 2556/1241/1090 2558/1241/1090
f 2531/1241/1087 2533/1241/1087 2558/1241/1087
f 2559/1241/1089 2558/1241/1089 2560/1241/1089
f 2533/1241/1085 2535/1241/1085 2560/1241/1085
f 2560/1241/1078 2562/1241/1078 2563/1241/1078
f 2535/1241/1080 2537/1241/1080 2562/1241/1080
f 2563/1241/1075 2562/1241/1075 2564/1241/1075
f 2562/1241/1370 2537/1241/1370 2539/1241/1370
f 2564/1241/1064 2566/1241/1064 2567/1241/1064
f 2564/1241/1059 2539/1241/1059 2541/1241/1059
f 2567/1241/1063 2566/1241/1063 2568/1241/1063
f 2541/1241/1062 2543/1241/1062 2568/1241/1062
f 2568/1241/1066 2570/1241/1066 2571/1241/1066
f 2543/1241/1065 2545/1241/1065 2570/1241/1065
f 2571/1241/1103 2570/1241/1103 2572/1241/1103
f 2570/1241/1104 2545/1241/1104 2547/1241/1104
f 2572/1241/1102 2574/1241/1102 2575/1241/1102
f 2547/1241/1100 2549/1241/1100 2574/1241/1100
f 2574/1241/1101 2552/1241/1101 2577/1241/1101
f 2598/1241/1105 2573/1241/1105 2575/1241/1105
f 2575/1241/1133 2577/1241/1133 2578/1241/1133
f 2578/1241/1131 2577/1241/1131 2555/1241/1131
f 2601/1241/1132 2576/1241/1132 2578/1241/1132
f 2578/1241/1130 2580/1241/1130 2581/1241/1130
f 2580/1241/1128 2582/1241/1128 2583/1241/1128
f 2555/1241/1129 2557/1241/1129 2582/1241/1129
f 2582/1241/1126 2584/1241/1126 2585/1241/1126
f 2582/1241/1127 2557/1241/1127 2559/1241/1127
f 2584/1241/1124 2586/1241/1124 2587/1241/1124
f 2559/1241/1125 2561/1241/1125 2586/1241/1125
f 2587/1241/1122 2586/1241/1122 2588/1241/1122
f 2586/1241/1077 2561/1241/1077 2563/1241/1077
f 2588/1241/1073 2590/1241/1073 2591/1241/1073
f 2588/1241/1074 2563/1241/1074 2565/1241/1074
f 2590/1241/1071 2592/1241/1071 2593/1241/1071
f 2590/1241/1072 2565/1241/1072 2567/1241/1072
f 2593/1241/1070 2592/1241/1070 2594/1241/1070
f 2567/1241/1068 2569/1241/1068 2594/1241/1068
f 2595/1241/1069 2594/1241/1069 2596/1241/1069
f 2569/1241/1067 2571/1241/1067 2596/1241/1067
f 2596/1241/1108 2598/1241/1108 2599/1241/1108
f 2571/1241/1106 2573/1241/1106 2598/1241/1106
f 2599/1241/1107 2598/1241/1107 2576/1241/1107
f 2622/1241/1110 2597/1241/1110 2599/1241/1110
f 2599/1241/1109 2601/1241/1109 2602/1241/1109
f 2602/1241/1135 2601/1241/1135 2579/1241/1135
f 2625/1241/1138 2600/1241/1138 2602/1241/1138
f 2602/1241/1137 2604/1241/1137 2605/1241/1137
f 2604/1241/1136 2606/1241/1136 2607/1241/1136
f 2579/1241/1134 2581/1241/1134 2606/1241/1134
f 2607/1241/1160 2606/1241/1160 2608/1241/1160
f 2606/1241/1161 2581/1241/1161 2583/1241/1161
f 2609/1241/1158 2608/1241/1158 2610/1241/1158
f 2583/1241/1159 2585/1241/1159 2610/1241/1159
f 2610/1241/1156 2612/1241/1156 2613/1241/1156
f 2610/1241/1123 2585/1241/1123 2587/1241/1123
f 2613/1241/1120 2612/1241/1120 2614/1241/1120
f 2587/1241/1121 2589/1241/1121 2614/1241/1121
f 2615/1241/1118 2614/1241/1118 2616/1241/1118
f 2589/1241/1119 2591/1241/1119 2616/1241/1119
f 2617/1241/1116 2616/1241/1116 2618/1241/1116
f 2616/1241/1117 2591/1241/1117 2593/1241/1117
f 2618/1241/1114 2620/1241/1114 2621/1241/1114
f 2593/1241/1115 2595/1241/1115 2620/1241/1115
f 2620/1241/1113 2622/1241/1113 2623/1241/1113
f 2620/1241/1111 2595/1241/1111 2597/1241/1111
f 2622/1241/1112 2600/1241/1112 2625/1241/1112
f 2646/1241/1145 2621/1241/1145 2623/1241/1145
f 2624/1241/1141 2623/1241/1141 2625/1241/1141
f 2626/1241/1140 2625/1241/1140 2603/1241/1140
f 2649/1241/1143 2624/1241/1143 2626/1241/1143
f 2627/1241/1142 2626/1241/1142 2628/1241/1142
f 2628/1241/1168 2630/1241/1168 2631/1241/1168
f 2603/1241/1139 2605/1241/1139 2630/1241/1139
f 2631/1241/1166 2630/1241/1166 2632/1241/1166
f 2630/1241/1163 2605/1241/1163 2607/1241/1163
f 2632/1241/1164 2634/1241/1164 2635/1241/1164
f 2607/1241/1162 2609/1241/1162 2634/1241/1162
f 2635/1241/1193 2634/1241/1193 2636/1241/1193
f 2634/1241/1157 2609/1241/1157 2611/1241/1157
f 2636/1241/1154 2638/1241/1154 2639/1241/1154
f 2611/1241/1155 2613/1241/1155 2638/1241/1155
f 2638/1241/1152 2640/1241/1152 2641/1241/1152
f 2613/1241/1153 2615/1241/1153 2640/1241/1153
f 2640/1241/1150 2642/1241/1150 2643/1241/1150
f 2615/1241/1151 2617/1241/1151 2642/1241/1151
f 2642/1241/1148 2644/1241/1148 2645/1241/1148
f 2642/1241/1149 2617/1241/1149 2619/1241/1149
f 2644/1241/1146 2646/1241/1146 2647/1241/1146
f 2619/1241/1147 2621/1241/1147 2646/1241/1147
f 2647/1241/1144 2646/1241/1144 2624/1241/1144
f 2645/1241/1179 2647/1241/1179 2648/1241/1179
f 2648/1241/1177 2647/1241/1177 2649/1241/1177
f 2649/1241/1175 2627/1241/1175 2652/1241/1175
f 2673/1241/1176 2648/1241/1176 2650/1241/1176
f 2650/1241/1174 2652/1241/1174 2653/1241/1174
f 2653/1241/1173 2652/1241/1173 2654/1241/1173
f 2652/1241/1171 2627/1241/1171 2629/1241/1171
f 2654/1241/1172 2656/1241/1172 2657/1241/1172
f 2629/1241/1170 2631/1241/1170 2656/1241/1170
f 2656/1241/1196 2658/1241/1196 2659/1241/1196
f 2656/1241/1169 2631/1241/1169 2633/1241/1169
f 2659/1241/1195 2658/1241/1195 2660/1241/1195
f 2633/1241/1194 2635/1241/1194 2660/1241/1194
f 2661/1241/1190 2660/1241/1190 2662/1241/1190
f 2660/1241/1191 2635/1241/1191 2637/1241/1191
f 2662/1241/1188 2664/1241/1188 2665/1241/1188
f 2637/1241/1189 2639/1241/1189 2664/1241/1189
f 2665/1241/1186 2664/1241/1186 2666/1241/1186
f 2664/1241/1187 2639/1241/1187 2641/1241/1187
f 2666/1241/1182 2668/1241/1183 2669/1241/1183
f 2641/1241/1185 2643/1241/1185 2668/1241/1185
f 2668/1241/1180 2670/1241/1180 2671/1241/1180
f 2668/1241/1181 2643/1241/1181 2645/1241/1181
f 2671/1241/1178 2670/1241/1178 2648/1241/1178
f 2669/1241/1212 2671/1241/1212 2672/1241/1212
f 2672/1241/1210 2671/1241/1210 2673/1241/1210
f 2674/1241/1208 2673/1241/1208 2651/1241/1208
f 2672/1241/1209 2674/1241/1209 2675/1241/1209
f 2674/1241/1206 2676/1241/1207 2677/1241/1206
f 2676/1241/1204 2678/1241/1204 2679/1241/1204
f 2651/1241/1205 2653/1241/2573 2678/1241/1205
f 2679/1241/1202 2678/1241/1202 2680/1241/1202
f 2653/1241/1203 2655/1241/1203 2680/1241/1203
f 2681/1241/1201 2680/1241/1379 2682/1241/1201
f 2655/1241/1199 2657/1241/1199 2682/1241/1199
f 2683/1241/1200 2682/1241/1200 2684/1241/1200
f 2657/1241/1198 2659/1241/1198 2684/1241/1198
f 2684/1241/1223 2686/1241/1223 2687/1241/1223
f 2684/1241/1197 2659/1241/1197 2661/1241/1197
f 2686/1241/1702 2688/1241/1702 2689/1241/1220
f 2686/1241/1221 2661/1241/1221 2663/1241/1221
f 2688/1241/1218 2690/1241/1218 2691/1241/1218
f 2688/1241/1219 2663/1241/1219 2665/1241/1219
f 2691/1241/1216 2690/1241/1216 2692/1241/1216
f 2690/1241/1217 2665/1241/1217 2667/1241/1217
f 2693/1241/1213 2692/1241/1213 2694/1241/1213
f 2667/1241/1380 2669/1241/1380 2694/1241/1380
f 2695/1241/1211 2694/1241/1211 2672/1241/1211
f 2693/1241/1244 2695/1241/1244 2696/1241/1244
f 2695/1241/1242 2697/1241/1242 2698/1241/1242
f 2698/1241/1240 2697/1241/1240 2675/1241/1240
f 2696/1241/1241 2698/1241/1241 2699/1241/1241
f 2699/1241/1239 2698/1241/1239 2700/1241/1239
f 2701/1241/1236 2700/1241/1236 2702/1241/1236
f 2700/1241/1238 2675/1241/1238 2677/1241/1238
f 2703/1241/1234 2702/1241/1234 2704/1241/1234
f 2677/1241/1235 2679/1241/1235 2704/1241/1235
f 2705/1241/1232 2704/1241/1232 2706/1241/1232
f 2704/1241/1233 2679/1241/1233 2681/1241/1233
f 2706/1241/1230 2708/1241/1230 2709/1241/1230
f 2706/1241/1381 2681/1241/1381 2683/1241/1381
f 2709/1241/1229 2708/1241/1229 2710/1241/1229
f 2708/1241/1227 2683/1241/1227 2685/1241/1227
f 2710/1241/1228 2712/1241/1228 2713/1241/1228
f 2685/1241/1226 2687/1241/1226 2712/1241/1226
f 2713/1241/1250 2712/1241/1250 2714/1241/1250
f 2687/1241/1224 2689/1241/1224 2714/1241/1224
f 2714/1241/1247 2716/1241/1247 2717/1241/1247
f 2689/1241/1248 2691/1241/1248 2716/1241/1248
f 2716/1241/1245 2718/1241/1245 2719/1241/1245
f 2716/1241/1246 2691/1241/1246 2693/1241/1246
f 2718/1241/1382 2696/1241/1382 2721/1241/1382
f 2742/1241/1275 2717/1241/1275 2719/1241/1275
f 2720/1241/1273 2719/1241/1273 2721/1241/1273
f 2722/1241/1269 2721/1241/1269 2699/1241/1269
f 2720/1241/1270 2722/1241/1270 2723/1241/1270
f 2723/1241/1268 2722/1241/1268 2724/1241/1268
f 2724/1241/1266 2726/1241/1266 2727/1241/1266
f 2699/1241/1267 2701/1241/1267 2726/1241/1267
f 2727/1241/1264 2726/1241/1264 2728/1241/1264
f 2701/1241/1265 2703/1241/1265 2728/1241/1265
f 2729/1241/1262 2728/1241/1262 2730/1241/1262
f 2703/1241/1263 2705/1241/1263 2730/1241/1263
f 2731/1241/1260 2730/1241/1260 2732/1241/1260
f 2705/1241/1261 2707/1241/1261 2732/1241/1261
f 2733/1241/1258 2732/1241/1258 2734/1241/1258
f 2707/1241/1259 2709/1241/1259 2734/1241/1259
f 2734/1241/1256 2736/1241/1256 2737/1241/1256
f 2709/1241/1257 2711/1241/1257 2736/1241/1257
f 2737/1241/1255 2736/1241/1255 2738/1241/1255
f 2736/1241/1253 2711/1241/1253 2713/1241/1253
f 2738/1241/1254 2740/1241/1254 2741/1241/1254
f 2738/1241/1252 2713/1241/1252 2715/1241/1252
f 2740/1241/1276 2742/1241/1276 2743/1241/1276
f 2740/1241/1251 2715/1241/1251 2717/1241/1251
f 2742/1241/1274 2720/1241/1274 2745/1241/1274
f 2766/1241/1278 2741/1241/1278 2743/1241/1278
f 2743/1241/1277 2745/1241/1277 2746/1241/1277
f 2746/1241/1302 2745/1241/1302 2723/1241/1302
f 2744/1241/1303 2746/1241/1303 2747/1241/1303
f 2747/1241/1301 2746/1241/1301 2748/1241/1301
f 2748/1241/1299 2750/1241/1299 2751/1241/1299
f 2723/1241/1300 2725/1241/1300 2750/1241/1300
f 2751/1241/1297 2750/1241/1297 2752/1241/1297
f 2750/1241/1298 2725/1241/1298 2727/1241/1298
f 2752/1241/1295 2754/1241/1295 2755/1241/1295
f 2727/1241/1296 2729/1241/1387 2754/1241/1296
f 2755/1241/1293 2754/1241/1293 2756/1241/1293
f 2754/1241/1294 2729/1241/1294 2731/1241/1294
f 2757/1241/1291 2756/1241/1291 2758/1241/1291
f 2731/1241/1292 2733/1241/1292 2758/1241/1292
f 2759/1241/1288 2758/1241/1288 2760/1241/1288
f 2758/1241/1290 2733/1241/1290 2735/1241/1290
f 2761/1241/1285 2760/1241/1285 2762/1241/1285
f 2735/1241/1286 2737/1241/1286 2762/1241/1286
f 2762/1241/1282 2764/1241/1282 2765/1241/1282
f 2762/1241/1283 2737/1241/1283 2739/1241/1283
f 2764/1241/1388 2766/1241/1388 2767/1241/1388
f 2739/1241/1279 2741/1241/1279 2766/1241/1279
f 2766/1241/1280 2744/1241/1280 2769/1241/1280
f 2790/1241/1311 2765/1241/1311 2767/1241/1311
f 2767/1241/1306 2769/1241/1306 2770/1241/1306
f 2770/1241/1305 2769/1241/1305 2747/1241/1305
f 2768/1241/1308 2770/1241/1308 2771/1241/1308
f 2770/1241/1307 2772/1241/1307 2773/1241/1307
f 2772/1241/1328 2774/1241/1328 2775/1241/1328
f 2747/1241/1304 2749/1241/1304 2774/1241/1304
f 2775/1241/1326 2774/1241/1326 2776/1241/1326
f 2774/1241/1327 2749/1241/1327 2751/1241/1327
f 2776/1241/1324 2778/1241/1324 2779/1241/1324
f 2751/1241/1325 2753/1241/1325 2778/1241/1325
f 2779/1241/1322 2778/1241/1322 2780/1241/1322
f 2778/1241/1323 2753/1241/1323 2755/1241/1323
f 2781/1241/1320 2780/1241/1320 2782/1241/1320
f 2755/1241/1321 2757/1241/1321 2782/1241/1321
f 2783/1241/1318 2782/1241/1318 2784/1241/1318
f 2782/1241/1319 2757/1241/1319 2759/1241/1319
f 2784/1241/1316 2786/1241/1316 2787/1241/1316
f 2759/1241/1317 2761/1241/1317 2786/1241/1317
f 2787/1241/1314 2786/1241/1314 2788/1241/1314
f 2786/1241/1315 2761/1241/1315 2763/1241/1315
f 2788/1241/1312 2790/1241/1312 2791/1241/1312
f 2763/1241/1313 2765/1241/1313 2790/1241/1313
f 2791/1241/1309 2790/1241/1309 2768/1241/1309
f 2789/1241/1340 2791/1241/1340 2792/1241/1340
f 2791/1241/1337 2793/1241/1337 2794/1241/1337
f 2794/1241/1335 2793/1241/1335 2771/1241/1335
f 2816/1241/1336 2792/1241/1336 2794/1241/1336
f 2795/1241/1334 2794/1241/1334 2796/1241/1334
f 2796/1241/1333 2798/1241/1333 2799/1241/1333
f 2796/1241/1331 2771/1241/1331 2773/1241/1331
f 2799/1241/1390 2798/1241/1390 2800/1241/1390
f 2798/1241/1330 2773/1241/1330 2775/1241/1330
f 2800/1241/1353 2802/1241/1353 2803/1241/1353
f 2800/1241/1329 2775/1241/1329 2777/1241/1329
f 2803/1241/1351 2802/1241/1351 2804/1241/1351
f 2777/1241/1352 2779/1241/1352 2804/1241/1352
f 2804/1241/1349 2806/1241/1349 2807/1241/1349
f 2779/1241/1350 2781/1241/1350 2806/1241/1350
f 2807/1241/1347 2806/1241/1347 2808/1241/1347
f 2781/1241/1348 2783/1241/1348 2808/1241/1348
f 2808/1241/1345 2810/1241/1345 2811/1241/1345
f 2783/1241/1346 2785/1241/1346 2810/1241/1346
f 2810/1241/1343 2812/1241/1343 2813/1241/1343
f 2810/1241/1344 2785/1241/1344 2787/1241/1344
f 2812/1241/1341 2814/1241/1341 2815/1241/1341
f 2812/1241/1342 2787/1241/1342 2789/1241/1342
f 2815/1241/1339 2814/1241/1339 2792/1241/1339
f 2818/1241/1362 2813/1241/1362 2815/1241/1362
f 2815/1241/1361 2816/1241/1361 2817/1241/1361
f 2816/1241/1359 2795/1241/1359 2272/1241/1359
f 2819/1241/1364 2811/1241/1364 2813/1241/1364
f 2819/1241/1363 2818/1241/1363 2250/1241/1363
f 2820/1241/1366 2809/1241/1366 2811/1241/1366
f 2291/1241/1365 2820/1241/1365 2819/1241/1365
f 2290/1241/1367 2807/1241/1367 2809/1241/1367
f 2805/1241/1368 2807/1241/1368 2290/1241/1368
f 2803/1241/1354 2805/1241/1354 2288/1241/1354
f 2822/1241/1355 2801/1241/1355 2803/1241/1355
f 2276/1241/1356 2799/1241/1356 2801/1241/1356
f 2797/1241/1357 2799/1241/1357 2276/1241/1357
f 2795/1241/1358 2797/1241/1358 2274/1241/1358
f 2826/1242/1703 2823/2735/1703 2824/2736/1703
f 2824/2736/1703 2855/2737/1703 2826/1242/1703
f 2855/2737/1703 2854/2738/1703 2826/1242/1703
f 2854/2738/1703 2853/2739/1703 2852/2740/1703
f 2852/2740/1703 2851/2741/1703 2850/1243/1703
f 2850/1243/1703 2849/2742/2574 2848/2743/1703
f 2848/2743/1703 2847/2744/1703 2846/2745/1703
f 2846/2745/1703 2845/2746/1703 2844/2747/1703
f 2844/2747/1703 2843/2748/1703 2842/1244/1703
f 2842/1244/1703 2841/2749/2575 2840/2750/1703
f 2840/2750/1703 2839/2751/1703 2842/1244/1703
f 2839/2751/1703 2838/2752/1703 2842/1244/1703
f 2838/2752/1703 2837/2753/1703 2834/2754/1703
f 2837/2753/1703 2836/2755/1703 2834/2754/1703
f 2836/2755/1703 2835/2756/2575 2834/2754/1703
f 2834/2754/1703 2833/2757/2575 2832/2758/1703
f 2832/2758/1703 2831/2759/1703 2834/2754/1703
f 2831/2759/1703 2830/2760/1703 2834/2754/1703
f 2830/2760/1703 2829/2761/1703 2826/1242/1703
f 2829/2761/1703 2828/2762/1703 2826/1242/1703
f 2828/2762/1703 2827/2763/1703 2826/1242/1703
f 2854/2738/1703 2852/2740/1703 2826/1242/1703
f 2852/2740/1703 2850/1243/1703 2826/1242/1703
f 2850/1243/1703 2848/2743/1703 2846/2745/1703
f 2846/2745/1703 2844/2747/1703 2850/1243/1703
f 2844/2747/1703 2842/1244/1703 2850/1243/1703
f 2842/1244/1703 2838/2752/1703 2834/2754/1703
f 2834/2754/1703 2830/2760/1703 2842/1244/1703
f 2830/2760/1703 2826/1242/1703 2842/1244/1703
f 2856/1278/1391 2857/1279/1391 2862/1279/1391
f 2858/1279/1392 3426/1281/1392 2857/1279/1392
f 2859/1279/1393 3427/1279/1393 2858/1279/1393
f 2863/1280/1394 2859/1279/1394 2856/1278/1394
f 2865/1278/1395 2863/1280/1395 2860/1279/1395
f 2860/1279/1396 2862/1279/1396 2875/1278/1396
f 2864/1279/1397 3430/1278/1397 2859/1279/1397
f 2864/1279/1398 2863/1280/1398 2865/1278/1398
f 2868/1279/1399 2866/1279/1399 2865/1278/1399
f 2867/1281/1401 2865/1278/1401 2861/1281/1401
f 2868/1279/1402 2867/1281/1402 2869/1278/1402
f 2867/1281/1403 2870/1278/1403 2871/1279/1403
f 2871/1279/1404 2870/1278/1404 2872/1280/1404
f 2861/1281/1405 2875/1278/1405 2872/1280/1405
f 2873/1278/1406 2872/1280/1406 2874/1278/1406
f 2875/1278/1407 2876/1279/1407 2874/1278/1407
f 2875/1278/1408 2862/1279/1408 2878/1279/1408
f 2876/1279/1409 2877/1281/1409 2925/1281/1409
f 2876/1279/1410 2878/1279/1410 2879/1278/1410
f 2857/1279/1411 2880/1281/1411 2878/1279/1411
f 2878/1279/1413 2880/1281/1413 2882/1279/1413
f 2857/1279/1414 3426/1281/1414 2881/1278/1414
f 2881/1278/1415 2883/1279/1415 2882/1279/1415
f 2883/1279/1416 2885/1281/1416 2884/1278/1416
f 2879/1278/1417 2882/1279/1417 2884/1278/1417
f 2884/1278/1418 2885/1281/1418 3431/1279/1418
f 2884/1278/1419 2886/1281/1691 2889/1279/1419
f 2877/1281/1421 2879/1278/1421 2887/1279/1421
f 2888/1281/1422 2887/1279/1422 2889/1279/1422
f 2890/1278/1424 2889/1279/1424 2891/1281/1424
f 2886/1281/1425 2894/1279/1425 2891/1281/1425
f 2891/1281/1426 2893/1278/1426 2933/1281/1426
f 2891/1281/1427 2894/1279/1427 2896/1279/1427
f 2886/1281/1428 3431/1279/1428 2895/1278/1428
f 2895/1278/1429 2897/1281/1429 2896/1279/1429
f 2896/1279/1430 2897/1281/1430 2899/1278/1430
f 2896/1279/1431 2898/1278/1431 2901/1281/1431
f 2898/1278/1433 2899/1278/1433 3429/1279/1433
f 2898/1278/1434 2900/1280/1434 2903/1278/1434
f 2893/1278/1435 2901/1281/1435 2902/1281/1435
f 2901/1281/1436 2903/1278/1436 2904/1279/1436
f 2903/1278/1437 2864/1279/1437 2866/1279/1437
f 2900/1280/1438 3430/1278/1438 2864/1279/1438
f 2906/1278/1439 2902/1281/1439 2904/1279/1439
f 2905/1278/1440 2904/1279/1440 2866/1279/1440
f 2908/1279/1441 2906/1278/1441 2905/1278/1441
f 2905/1278/1442 2868/1279/1442 2910/1281/1442
f 2937/1278/1443 2908/1279/1443 2907/1281/1443
f 2909/1279/1444 2907/1281/1444 2910/1281/1444
f 2911/1278/1445 2910/1281/1445 2869/1278/1445
f 2909/1279/1446 2911/1278/1446 2912/1281/1446
f 2911/1278/1447 2913/1281/1447 2914/1278/1447
f 2914/1278/1448 2913/1281/1448 2915/1279/1448
f 2913/1281/1449 2869/1278/1449 2871/1279/1449
f 2915/1279/1450 2917/1279/1450 2918/1279/1450
f 2871/1279/1451 2873/1278/1451 2917/1279/1451
f 2918/1279/1452 2917/1279/1452 2919/1281/1452
f 2873/1278/1453 2922/1281/1453 2919/1281/1453
f 2920/1279/1455 2919/1281/1455 2921/1279/1455
f 2919/1281/1456 2922/1281/1456 2923/1278/1456
f 2874/1278/1457 2925/1281/1457 2923/1278/1457
f 2921/1279/1458 2923/1278/1458 2924/1279/1458
f 2923/1278/1459 2925/1281/1459 2926/1278/1459
f 2877/1281/1460 2888/1281/1460 2926/1278/1460
f 2926/1278/1461 2927/1279/1461 2928/1281/1461
f 2888/1281/1463 2890/1278/1463 2927/1279/1463
f 2928/1281/1464 2927/1279/1464 2929/1279/1464
f 2927/1279/1465 2890/1278/1465 2892/1279/1465
f 2929/1279/1466 2931/1281/1466 2932/1278/1466
f 2892/1279/1467 2933/1281/1467 2931/1281/1467
f 2932/1278/1468 2931/1281/1468 2906/1278/1468
f 2931/1281/1469 2933/1281/1469 2902/1281/1469
f 2935/1278/1470 2930/1281/1470 2932/1278/1470
f 2934/1280/1471 2932/1278/1471 2908/1279/1471
f 2962/1278/1472 2935/1278/1472 2934/1280/1472
f 2934/1280/1473 2937/1278/1473 2938/1280/1473
f 2938/1280/1474 2937/1278/1474 2909/1279/1474
f 2936/1278/1475 2938/1280/1475 2939/1278/1475
f 2938/1280/1476 2940/1278/1476 2941/1279/1476
f 2940/1278/1477 2912/1281/1477 2943/1279/1477
f 2968/1278/1478 2939/1278/1478 2941/1279/1478
f 2941/1279/1479 2943/1279/1479 2944/1279/1479
f 2944/1279/1480 2943/1279/1480 2945/1281/1480
f 2943/1279/1481 2912/1281/1481 2914/1278/1481
f 2945/1281/1482 2947/1279/1482 2948/1279/1482
f 2914/1278/1483 2916/1279/1483 2947/1279/1483
f 2948/1279/1484 2947/1279/1484 2949/1278/1484
f 2947/1279/1485 2916/1279/1485 2918/1279/1485
f 2949/1278/1486 2951/1278/1486 2952/1281/1486
f 2918/1279/1487 2920/1279/1487 2951/1278/1487
f 2951/1278/1488 2953/1280/1488 2954/1278/1488
f 2951/1278/1489 2920/1279/1489 2956/1278/1489
f 2954/1278/1490 2953/1280/1490 2955/1278/1490
f 2953/1280/1491 2956/1278/1491 2957/1279/1491
f 2921/1279/1492 2959/1279/1492 2957/1279/1492
f 2957/1279/1493 2958/1280/1493 2961/1278/1493
f 2959/1279/1494 2960/1278/1494 2958/1280/1494
f 2924/1279/1496 2928/1281/1496 2960/1278/1496
f 2958/1280/1498 2960/1278/1498 2935/1278/1498
f 2960/1278/1499 2928/1281/1499 2930/1281/1499
f 2961/1278/1500 2958/1280/1500 2962/1278/1500
f 2963/1281/1501 2962/1278/1501 2936/1278/1501
f 2989/1281/1502 2961/1278/1502 2963/1281/1502
f 2964/1279/1503 2963/1281/1503 2965/1281/1503
f 2965/1281/1504 2939/1278/1504 2968/1278/1504
f 2991/1279/1505 2964/1279/1505 2966/1278/1505
f 2966/1278/1506 2968/1278/1506 2969/1281/1506
f 2969/1281/1507 2968/1278/1507 2942/1281/1507
f 2967/1279/1508 2969/1281/1508 2970/1278/1508
f 2970/1278/1509 2969/1281/1509 2971/1281/1509
f 2972/1278/1510 2971/1281/1510 2973/1278/1510
f 2942/1281/1511 2944/1279/1511 2973/1278/1511
f 2973/1278/1512 2975/1279/1512 2976/1281/1512
f 2944/1279/1513 2946/1278/1513 2975/1279/1513
f 2976/1281/1514 2975/1279/1514 2977/1281/1514
f 2946/1278/1515 2948/1279/1515 2977/1281/1515
f 2977/1281/1516 2979/1278/1516 2980/1281/1516
f 2977/1281/1517 2948/1279/1517 2950/1281/1517
f 2979/1278/1518 2981/1278/1518 2982/1279/1518
f 2950/1281/1519 2952/1281/1519 2981/1278/1519
f 2982/1279/1520 2981/1278/1520 2983/1280/1520
f 2981/1278/1521 2952/1281/1521 2954/1278/1521
f 2983/1280/1522 2985/1279/1522 2986/1281/1522
f 2954/1278/1523 2988/1281/1523 2985/1279/1523
f 2986/1281/1524 2985/1279/1524 2987/1278/1524
f 2985/1279/1525 2988/1281/1525 2989/1281/1525
f 2955/1278/1526 2961/1278/1526 2989/1281/1526
f 2989/1281/1527 2964/1279/1527 2991/1279/1527
f 2987/1278/1528 2991/1279/1528 2992/1279/1528
f 2992/1279/1529 2991/1279/1529 2967/1279/1529
f 3015/1281/1530 2990/1279/1530 2992/1279/1530
f 2992/1279/1531 2994/1281/1531 2995/1278/1531
f 2994/1281/1532 2970/1278/1532 2997/1279/1532
f 2993/1281/1533 2995/1278/1533 2996/1278/1533
f 2996/1278/1238 2995/1278/1238 2997/1279/1238
f 2998/1281/1534 2997/1279/1534 2999/1279/1534
f 2997/1279/1535 2970/1278/1535 2972/1278/1535
f 2999/1279/1536 3001/1278/1536 3002/1279/1536
f 2999/1279/1537 2972/1278/1537 2974/1281/1537
f 3001/1278/1213 3003/1281/1213 3004/1278/1213
f 3001/1278/1539 2974/1281/1539 2976/1281/1539
f 3003/1281/1540 3005/1281/1540 3006/1279/1540
f 3003/1281/1541 2976/1281/1541 2978/1278/1541
f 3006/1279/1542 3005/1281/1542 3007/1279/1542
f 2978/1278/1543 2980/1281/1543 3007/1279/1543
f 3008/1279/1224 3007/1279/1224 3009/1278/1224
f 2980/1281/1544 2982/1279/1544 3009/1278/1544
f 3010/1280/1546 3009/1278/1546 3011/1279/1546
f 2982/1279/1547 2984/1278/1547 3011/1279/1547
f 3012/1278/1548 3011/1279/1548 3013/1278/1548
f 3011/1279/1549 2984/1278/1549 2986/1281/1549
f 3013/1278/1201 3015/1281/1201 3016/1278/1201
f 3013/1278/1550 2986/1281/1550 2990/1279/1550
f 3016/1278/1552 3015/1281/1552 2993/1281/1552
f 3014/1281/1381 3016/1278/1381 3017/1279/1381
f 3017/1279/1554 3016/1278/1554 3018/1279/1554
f 3018/1279/1555 2996/1278/1555 3021/1281/1555
f 3042/1280/1556 3017/1279/1556 3019/1279/1556
f 3019/1279/1557 3021/1281/1557 3022/1279/1557
f 3021/1281/1558 3023/1278/1558 3024/1281/1558
f 3021/1281/1206 2996/1278/1206 2998/1281/1206
f 3023/1278/1559 3025/1281/1559 3026/1278/1559
f 3023/1278/1560 2998/1281/1560 3000/1279/1560
f 3025/1281/1561 3027/1279/1561 3028/1279/1561
f 3025/1281/1562 3000/1279/1562 3002/1279/1562
f 3028/1279/1563 3027/1279/1563 3029/1279/1563
f 3027/1279/1244 3002/1279/1244 3004/1278/1244
f 3029/1279/1564 3031/1278/1564 3032/1280/1564
f 3004/1278/1565 3006/1279/1565 3031/1278/1565
f 3032/1280/1566 3031/1278/1566 3033/1279/1566
f 3006/1279/1567 3008/1279/1567 3033/1279/1567
f 3033/1279/1568 3035/1279/1568 3036/1278/1568
f 3033/1279/1220 3008/1279/1220 3010/1280/1220
f 3036/1278/1570 3035/1279/1570 3037/1279/1570
f 3010/1280/1571 3012/1278/1571 3037/1279/1571
f 3038/1279/1572 3037/1279/1572 3039/1279/1572
f 3037/1279/1573 3012/1278/1573 3014/1281/1573
f 3040/1278/1575 3039/1279/1575 3017/1279/1575
f 3038/1279/1576 3040/1278/1576 3041/1279/1576
f 3041/1279/1577 3040/1278/1577 3042/1280/1577
f 3043/1278/1578 3042/1280/1578 3020/1278/1578
f 3066/1279/1579 3041/1279/1579 3043/1278/1579
f 3043/1278/1580 3045/1279/1580 3046/1279/1580
f 3046/1279/1581 3045/1279/1581 3047/1281/1581
f 3020/1278/1582 3022/1279/1582 3047/1281/1582
f 3047/1281/1583 3049/1279/1583 3050/1278/1583
f 3022/1279/1584 3024/1281/1584 3049/1279/1584
f 3049/1279/1585 3051/1281/1585 3052/1279/1585
f 3049/1279/1586 3024/1281/1586 3026/1278/1586
f 3051/1281/1587 3053/1279/1587 3054/1281/1587
f 3026/1278/1588 3028/1279/1588 3053/1279/1588
f 3054/1281/1589 3053/1279/1589 3055/1278/1589
f 3053/1279/1590 3028/1279/1590 3030/1279/1590
f 3055/1278/1591 3057/1278/1591 3058/1279/1591
f 3030/1279/1592 3032/1280/1592 3057/1278/1592
f 3058/1279/1593 3057/1278/1593 3059/1279/1593
f 3057/1278/1594 3032/1280/1594 3034/1279/1594
f 3059/1279/1696 3061/1281/1696 3062/1278/1696
f 3034/1279/1596 3036/1278/1596 3061/1281/1596
f 3062/1278/1597 3061/1281/1597 3063/1279/1597
f 3061/1281/1598 3036/1278/1598 3038/1279/1598
f 3064/1281/1599 3063/1279/1599 3041/1279/1599
f 3062/1278/1600 3064/1281/1600 3065/1281/1600
f 3064/1281/1601 3066/1279/1601 3067/1279/1601
f 3067/1279/1602 3066/1279/1602 3044/1278/1602
f 3090/1279/1603 3065/1281/1603 3067/1279/1603
f 3068/1279/1604 3067/1279/1604 3069/1281/1604
f 3069/1281/1605 3071/1279/1605 3072/1278/1605
f 3044/1278/1606 3046/1279/1606 3071/1279/1606
f 3072/1278/1607 3071/1279/1607 3073/1278/1607
f 3071/1279/1608 3046/1279/1608 3048/1279/1608
f 3073/1278/1609 3075/1281/1609 3076/1278/1609
f 3048/1279/1610 3050/1278/1610 3075/1281/1610
f 3075/1281/1611 3077/1281/1611 3078/1278/1611
f 3075/1281/1612 3050/1278/1612 3052/1279/1612
f 3078/1278/1613 3077/1281/1613 3079/1278/1613
f 3052/1279/1614 3054/1281/1614 3079/1278/1614
f 3079/1278/1615 3081/1281/1615 3082/1281/1615
f 3054/1281/1616 3056/1279/1616 3081/1281/1616
f 3081/1281/1617 3083/1279/1617 3084/1278/1617
f 3081/1281/1618 3056/1279/1618 3058/1279/1618
f 3084/1278/1619 3083/1279/1619 3085/1279/1619
f 3058/1279/1620 3060/1281/1620 3085/1279/1620
f 3086/1279/1621 3085/1279/1621 3087/1278/1621
f 3085/1279/1622 3060/1281/1622 3062/1278/1622
f 3087/1278/1623 3065/1281/1623 3090/1279/1623
f 3111/1278/1624 3086/1279/1624 3088/1279/1624
f 3088/1279/1625 3090/1279/1625 3091/1278/1625
f 3090/1279/1626 3068/1279/1626 3093/1281/1626
f 3089/1281/1627 3091/1278/1627 3092/1278/1627
f 3091/1278/1628 3093/1281/1628 3094/1279/1628
f 3094/1279/1629 3093/1281/1629 3095/1278/1629
f 3068/1279/1630 3070/1279/1630 3095/1278/1630
f 3095/1278/1631 3097/1280/1631 3098/1278/1631
f 3070/1279/1632 3072/1278/1632 3097/1280/1632
f 3098/1278/1633 3097/1280/1633 3099/1278/1633
f 3097/1280/1634 3072/1278/1634 3074/1280/1634
f 3099/1278/1635 3101/1281/1635 3102/1279/1635
f 3099/1278/1636 3074/1280/1636 3076/1278/1636
f 3102/1279/1637 3101/1281/1637 3103/1279/1637
f 3101/1281/1638 3076/1278/1638 3078/1278/1638
f 3104/1278/1639 3103/1279/1639 3105/1281/1639
f 3103/1279/1640 3078/1278/1640 3080/1281/1640
f 3106/1279/1641 3105/1281/1641 3107/1278/1641
f 3080/1281/1642 3082/1281/1642 3107/1278/1642
f 3108/1281/1643 3107/1278/1643 3109/1281/1643
f 3082/1281/1644 3084/1278/1644 3109/1281/1644
f 3109/1281/1645 3111/1278/1645 3112/1278/1645
f 3109/1281/1646 3084/1278/1646 3086/1279/1646
f 3111/1278/1647 3089/1281/1647 3114/1281/1647
f 3135/1279/1648 3110/1279/1648 3112/1278/1648
f 3112/1278/1649 3114/1281/1649 3115/1278/1649
f 3114/1281/1650 3092/1278/1650 3117/1279/1650
f 3113/1280/1651 3115/1278/1651 3116/1279/1651
f 3116/1279/1652 3115/1278/1652 3117/1279/1652
f 3117/1279/1653 3119/1278/1653 3120/1279/1653
f 3092/1278/1654 3094/1279/1654 3119/1278/1654
f 3119/1278/1655 3121/1281/1655 3122/1278/1655
f 3119/1278/1657 3094/1279/1657 3096/1281/1657
f 3121/1281/1658 3123/1279/1658 3124/1281/1658
f 3096/1281/1659 3098/1278/1659 3123/1279/1659
f 3124/1281/1660 3123/1279/1660 3125/1278/1660
f 3123/1279/1661 3098/1278/1661 3100/1281/1661
f 3126/1279/1662 3125/1278/2564 3127/1281/1662
f 3100/1281/1663 3102/1279/1663 3127/1281/1663
f 3128/1279/1664 3127/1281/1664 3129/1279/1664
f 3127/1281/1665 3102/1279/1665 3104/1278/1665
f 3129/1279/1666 3131/1279/1666 3132/1278/1666
f 3129/1279/1667 3104/1278/1667 3106/1279/1667
f 3132/1278/1668 3131/1279/1668 3133/1278/1668
f 3131/1279/1669 3106/1279/1669 3108/1281/1669
f 3133/1278/1670 3135/1279/1670 3136/1281/1670
f 3108/1281/1671 3110/1279/1671 3135/1279/1671
f 3136/1281/1672 3135/1279/1672 3113/1280/1672
f 3134/1281/1673 3136/1281/1673 3137/1278/1673
f 3137/1278/1674 3136/1281/1674 3138/1278/1674
f 3138/1278/1675 3116/1279/2576 3141/1279/1675
f 3162/1281/1428 3137/1278/1428 3139/1281/1428
f 3139/1281/1418 3141/1279/1418 3142/1279/1418
f 3142/1279/1416 3141/1279/1416 3143/1279/1416
f 3116/1279/1676 3118/1281/1676 3143/1279/1676
f 3144/1279/1415 3143/1279/1415 3145/1279/1415
f 3143/1279/1677 3118/1281/1677 3120/1279/1677
f 3145/1279/1414 3147/1279/1414 3148/1278/1414
f 3145/1279/1679 3120/1279/1679 3122/1278/1679
f 3148/1278/1392 3147/1279/1392 3149/1278/1392
f 3147/1279/1681 3122/1278/1681 3124/1281/1681
f 3149/1278/1393 3151/1281/1393 3152/1278/1393
f 3124/1281/1682 3126/1279/1682 3151/1281/1682
f 3152/1278/1683 3151/1281/2565 3153/1278/1683
f 3126/1279/1684 3128/1279/1684 3153/1278/1684
f 3153/1278/1686 3155/1281/1686 3156/1281/1686
f 3128/1279/1687 3130/1279/1687 3155/1281/1687
f 3156/1281/1433 3155/1281/1433 3157/1279/1433
f 3155/1281/1688 3130/1279/1688 3132/1278/1688
f 3158/1278/1430 3157/1279/1689 3159/1281/1430
f 3157/1279/1690 3132/1278/1690 3134/1281/1690
f 3159/1281/1429 3137/1278/1429 3162/1281/1429
f 3158/1278/1431 3160/1278/1431 3161/1279/1431
f 3161/1279/1427 3160/1278/1427 3162/1281/1427
f 3162/1281/1425 3140/1279/1425 3165/1281/1425
f 3186/1281/1426 3161/1279/1426 3163/1279/1426
f 3163/1279/1424 3165/1281/1424 3166/1278/1424
f 3166/1278/1422 3165/1281/1422 3167/1278/1422
f 3165/1281/1419 3140/1279/1419 3142/1279/1419
f 3168/1281/1421 3167/1278/1421 3169/1279/1421
f 3142/1279/1417 3144/1279/1417 3169/1279/1417
f 3169/1279/1410 3171/1278/1410 3172/1279/1410
f 3144/1279/1413 3146/1281/1413 3171/1278/1413
f 3171/1278/1408 3173/1280/1692 3174/1278/1408
f 3171/1278/1411 3146/1281/1411 3148/1278/1411
f 3173/1280/1396 3175/1278/1396 3176/1278/1396
f 3148/1278/1391 3150/1281/1391 3175/1278/1391
f 3176/1278/1395 3175/1278/1395 3177/1281/1395
f 3175/1278/1394 3150/1281/1394 3152/1278/1394
f 3178/1279/1398 3177/1281/1398 3179/1278/1398
f 3152/1278/1397 3154/1279/1397 3179/1278/1397
f 3180/1281/1437 3179/1278/1437 3181/1278/1437
f 3179/1278/1438 3154/1279/1438 3156/1281/1438
f 3181/1278/1436 3183/1281/1436 3184/1279/1436
f 3156/1281/1434 3158/1278/1434 3183/1281/1434
f 3183/1281/1435 3161/1279/1435 3186/1281/1435
f 3207/1279/1439 3182/1279/1439 3184/1279/1439
f 3185/1279/1469 3184/1279/2577 3186/1281/1469
f 3187/1278/1467 3186/1281/1467 3164/1279/1467
f 3210/1279/1468 3185/1279/1468 3187/1278/1468
f 3187/1278/1466 3189/1278/1466 3190/1281/1466
f 3190/1281/1464 3189/1278/1464 3191/1281/1464
f 3164/1279/1465 3166/1278/1465 3191/1281/1465
f 3191/1281/1461 3193/1278/1461 3194/1279/1461
f 3166/1278/1463 3168/1281/1463 3193/1278/1463
f 3194/1279/1459 3193/1278/1459 3195/1279/1459
f 3168/1281/1460 3170/1279/1460 3195/1279/1460
f 3196/1281/1457 3195/1279/1457 3197/1279/1457
f 3170/1279/1409 3172/1279/1409 3197/1279/1409
f 3198/1279/1406 3197/1279/1406 3199/1281/1406
f 3197/1279/1407 3172/1279/1407 3174/1278/1407
f 3199/1281/1404 3201/1279/1404 3202/1281/1404
f 3174/1278/1405 3176/1278/1405 3201/1279/1405
f 3202/1281/1403 3201/1279/1403 3203/1279/1403
f 3201/1279/1401 3176/1278/1401 3178/1279/1401
f 3203/1279/1402 3205/1281/1402 3206/1278/1402
f 3178/1279/1399 3180/1281/1399 3205/1281/1399
f 3206/1278/1442 3205/1281/1442 3207/1279/1442
f 3205/1281/1440 3180/1281/1440 3182/1279/1440
f 3208/1279/1441 3207/1279/1441 3185/1279/1441
f 3231/1279/1444 3206/1278/1444 3208/1279/1444
f 3209/1279/1443 3208/1279/1443 3210/1279/1443
f 3211/1281/1471 3210/1279/1471 3188/1279/1471
f 3209/1279/1474 3211/1281/1474 3212/1278/1474
f 3211/1281/1473 3213/1278/1473 3214/1279/1473
f 3214/1279/1472 3213/1278/1472 3215/1281/1472
f 3213/1278/1470 3188/1279/1470 3190/1281/1470
f 3215/1281/1498 3217/1278/1498 3218/1281/1498
f 3190/1281/1499 3192/1279/1499 3217/1278/1499
f 3218/1281/1494 3217/1278/1494 3219/1281/1494
f 3192/1279/1496 3194/1279/1496 3219/1281/1496
f 3220/1279/1492 3219/1281/1492 3221/1279/1492
f 3194/1279/1458 3196/1281/1458 3221/1279/1458
f 3222/1278/1455 3221/1279/1455 3223/1278/1455
f 3196/1281/1456 3198/1279/1456 3223/1278/1456
f 3224/1281/1452 3223/1278/1452 3225/1280/1452
f 3198/1279/1453 3200/1278/1453 3225/1280/1453
f 3226/1278/1450 3225/1280/1450 3227/1279/1450
f 3225/1280/1451 3200/1278/1451 3202/1281/1451
f 3227/1279/1448 3229/1278/1448 3230/1279/1448
f 3202/1281/1449 3204/1281/1449 3229/1278/1449
f 3229/1278/1447 3231/1279/1447 3232/1281/1447
f 3204/1281/1445 3206/1278/1445 3231/1279/1445
f 3231/1279/1446 3209/1279/1446 3234/1281/1446
f 3255/1278/1481 3230/1279/1481 3232/1281/1481
f 3233/1281/1477 3232/1281/1477 3234/1281/1477
f 3235/1278/1476 3234/1281/1476 3212/1278/1476
f 3258/1278/1479 3233/1281/1479 3235/1278/1479
f 3236/1279/1478 3235/1278/1478 3237/1279/1478
f 3237/1279/1504 3239/1279/1504 3240/1281/1504
f 3212/1278/1475 3214/1279/1475 3239/1279/1475
f 3240/1281/1503 3239/1279/1503 3241/1279/1503
f 3239/1279/1501 3214/1279/1501 3216/1279/1501
f 3241/1279/1502 3243/1279/1502 3244/1279/1502
f 3216/1279/1500 3218/1281/1500 3243/1279/1500
f 3244/1279/1526 3243/1279/1526 3245/1278/1526
f 3243/1279/1493 3218/1281/1493 3220/1279/1493
f 3245/1278/1490 3247/1281/1490 3248/1279/1490
f 3245/1278/1491 3220/1279/1491 3222/1278/1491
f 3247/1281/1488 3249/1279/1488 3250/1281/1488
f 3222/1278/1489 3224/1281/1489 3249/1279/1489
f 3249/1279/1486 3251/1279/1486 3252/1279/1486
f 3224/1281/1487 3226/1278/1487 3251/1279/1487
f 3252/1279/1484 3251/1279/1484 3253/1281/1484
f 3251/1279/1485 3226/1278/1485 3228/1279/1485
f 3253/1281/1482 3255/1278/1482 3256/1281/1482
f 3228/1279/1483 3230/1279/1483 3255/1278/1483
f 3256/1281/1480 3255/1278/1480 3233/1281/1480
f 3254/1278/1515 3256/1281/1515 3257/1281/1515
f 3257/1281/1513 3256/1281/1513 3258/1278/1513
f 3258/1278/1511 3236/1279/1511 3261/1279/1511
f 3282/1278/1512 3257/1281/1512 3259/1278/1512
f 3259/1278/1510 3261/1279/1510 3262/1281/1510
f 3262/1281/1509 3261/1279/1509 3263/1278/1509
f 3236/1279/1507 3238/1281/1507 3263/1278/1507
f 3263/1278/1508 3265/1279/1508 3266/1281/1508
f 3238/1281/1506 3240/1281/1506 3265/1279/1506
f 3266/1281/1529 3265/1279/1529 3267/1281/1529
f 3265/1279/1505 3240/1281/1505 3242/1278/1505
f 3268/1278/1528 3267/1281/1528 3269/1279/1528
f 3242/1278/1527 3244/1279/1527 3269/1279/1527
f 3269/1279/1524 3271/1281/1524 3272/1278/1524
f 3269/1279/1525 3244/1279/1525 3246/1281/1525
f 3271/1281/1522 3273/1278/1522 3274/1281/1522
f 3271/1281/1523 3246/1281/1523 3248/1279/1523
f 3274/1281/1520 3273/1278/1520 3275/1279/1520
f 3273/1278/1521 3248/1279/1521 3250/1281/1521
f 3275/1279/1518 3277/1278/1518 3278/1279/1518
f 3250/1281/1519 3252/1279/1519 3277/1278/1519
f 3278/1279/1516 3277/1278/1516 3279/1281/1516
f 3277/1278/1517 3252/1279/1517 3254/1278/1517
f 3279/1281/1514 3257/1281/1514 3282/1278/1514
f 3303/1281/1543 3278/1279/1543 3280/1281/1543
f 3280/1281/1541 3282/1278/1541 3283/1281/1541
f 3282/1278/1539 3260/1279/1539 3285/1281/1539
f 3281/1278/1540 3283/1281/1540 3284/1278/1540
f 3283/1281/1213 3285/1281/1213 3286/1281/1213
f 3286/1281/1536 3285/1281/1536 3287/1278/1536
f 3285/1281/1537 3260/1279/1537 3262/1281/1537
f 3288/1281/1534 3287/1278/1534 3289/1281/1534
f 3287/1278/1535 3262/1281/1535 3264/1278/1535
f 3290/1279/1238 3289/1281/2578 3291/1278/1238
f 3264/1278/1532 3266/1281/1532 3291/1278/1532
f 3291/1278/1533 3293/1281/1533 3294/1278/1533
f 3266/1281/1531 3268/1278/1531 3293/1281/1531
f 3293/1281/1552 3295/1279/1552 3296/1278/1552
f 3293/1281/1530 3268/1278/1530 3270/1281/1530
f 3295/1279/1201 3297/1281/1201 3298/1279/1201
f 3270/1281/1550 3272/1278/1550 3297/1281/1550
f 3297/1281/1548 3299/1279/1548 3300/1281/1548
f 3272/1278/1549 3274/1281/1549 3299/1279/1549
f 3300/1281/1546 3299/1279/1546 3301/1278/1546
f 3299/1279/1547 3274/1281/1547 3276/1279/1547
f 3301/1278/1224 3303/1281/1224 3304/1281/1224
f 3276/1279/1544 3278/1279/1544 3303/1281/1544
f 3304/1281/1542 3303/1281/1542 3281/1278/1542
f 3327/1281/1220 3302/1279/1220 3304/1281/1220
f 3304/1281/1567 3306/1278/1567 3307/1280/1567
f 3307/1280/1565 3306/1278/1565 3284/1278/1565
f 3330/1279/1566 3305/1278/1566 3307/1280/1566
f 3307/1280/1564 3309/1278/1564 3310/1280/1564
f 3310/1280/1563 3309/1278/1563 3311/1279/1563
f 3284/1278/1244 3286/1281/1244 3311/1279/1244
f 3312/1278/1561 3311/1279/1561 3313/1278/1561
f 3286/1281/1562 3288/1281/1562 3313/1278/1562
f 3314/1280/1559 3313/1278/1559 3315/1279/1559
f 3313/1278/1560 3288/1281/1560 3290/1279/1560
f 3315/1279/1558 3317/1279/1558 3318/1281/1558
f 3290/1279/1206 3292/1279/1206 3317/1279/1206
f 3317/1279/1557 3319/1281/1557 3320/1278/1557
f 3292/1279/1555 3294/1278/1555 3319/1281/1555
f 3320/1278/1556 3319/1281/1556 3321/1281/1556
f 3319/1281/1554 3294/1278/1554 3296/1278/1554
f 3322/1279/1575 3321/1281/1575 3323/1278/1575
f 3321/1281/1381 3296/1278/1381 3298/1279/1381
f 3324/1279/1572 3323/1278/1572 3325/1278/1572
f 3323/1278/1573 3298/1279/1573 3300/1281/1573
f 3325/1278/1570 3327/1281/1570 3328/1281/1570
f 3300/1281/1571 3302/1279/1571 3327/1281/1571
f 3327/1281/1568 3305/1278/1568 3330/1279/1568
f 3326/1279/1598 3328/1281/1598 3329/1278/1598
f 3328/1281/1596 3330/1279/1596 3331/1279/1596
f 3331/1279/1594 3330/1279/1594 3308/1278/1594
f 3354/1281/1696 3329/1278/1696 3331/1279/1696
f 3332/1279/1593 3331/1279/1593 3333/1281/1593
f 3333/1281/1591 3335/1279/1591 3336/1278/1591
f 3308/1278/1592 3310/1280/1592 3335/1279/1592
f 3335/1279/1589 3337/1281/1589 3338/1279/1589
f 3335/1279/1590 3310/1280/1590 3312/1278/1590
f 3337/1281/1587 3339/1278/1587 3340/1279/1587
f 3337/1281/1588 3312/1278/1588 3314/1280/1588
f 3340/1279/1585 3339/1278/1585 3341/1281/1585
f 3314/1280/1586 3316/1278/1586 3341/1281/1586
f 3342/1281/1583 3341/1281/1583 3343/1278/1583
f 3341/1281/1584 3316/1278/1584 3318/1281/1584
f 3344/1279/1581 3343/1278/1581 3345/1281/1581
f 3343/1278/1582 3318/1281/1582 3320/1278/1582
f 3345/1281/1580 3347/1278/1580 3348/1278/1580
f 3320/1278/1578 3322/1279/1578 3347/1278/1578
f 3348/1278/1579 3347/1278/1579 3349/1281/1579
f 3347/1278/1577 3322/1279/1577 3324/1279/1577
f 3349/1281/1599 3351/1279/1599 3352/1279/1599
f 3324/1279/1576 3326/1279/1576 3351/1279/1576
f 3351/1279/1597 3329/1278/1597 3354/1281/1597
f 3375/1279/1601 3350/1279/1601 3352/1279/1601
f 3352/1279/1600 3354/1281/1600 3355/1278/1600
f 3355/1278/1622 3354/1281/1622 3332/1279/1622
f 3378/1279/1623 3353/1279/1623 3355/1278/1623
f 3356/1279/1621 3355/1278/1621 3357/1279/1621
f 3357/1279/1619 3359/1281/1619 3360/1279/1619
f 3332/1279/1620 3334/1278/1620 3359/1281/1620
f 3359/1281/1617 3361/1281/1617 3362/1278/1617
f 3359/1281/1618 3334/1278/1618 3336/1278/1618
f 3361/1281/1615 3363/1279/1615 3364/1278/1615
f 3336/1278/1616 3338/1279/1616 3363/1279/1616
f 3363/1279/1613 3365/1279/1613 3366/1281/1613
f 3363/1279/1614 3338/1279/1614 3340/1279/1614
f 3365/1279/1611 3367/1278/1611 3368/1281/1611
f 3365/1279/1612 3340/1279/1612 3342/1281/1612
f 3368/1281/1609 3367/1278/1609 3369/1280/1609
f 3367/1278/1610 3342/1281/1610 3344/1279/1610
f 3369/1280/1607 3371/1278/1607 3372/1279/1607
f 3369/1280/1608 3344/1279/1608 3346/1281/1608
f 3372/1279/1605 3371/1278/1605 3373/1279/1605
f 3346/1281/1606 3348/1278/1606 3373/1279/1606
f 3373/1279/1604 3375/1279/1604 3376/1279/1604
f 3348/1278/1602 3350/1279/1602 3375/1279/1602
f 3376/1279/1603 3375/1279/1603 3353/1279/1603
f 3374/1279/1630 3376/1279/1630 3377/1278/1630
f 3376/1279/1626 3378/1279/1626 3379/1281/1626
f 3379/1281/1625 3378/1279/1625 3356/1279/1625
f 3377/1278/1628 3379/1281/1628 3380/1278/1628
f 3379/1281/1627 3381/1279/1627 3382/1281/1627
f 3382/1281/1647 3381/1279/1647 3383/1278/1647
f 3381/1279/1624 3356/1279/1624 3358/1281/1624
f 3383/1278/1645 3385/1279/1645 3386/1281/1645
f 3358/1281/1646 3360/1279/1646 3385/1279/1646
f 3385/1279/1643 3387/1279/1643 3388/1278/1643
f 3360/1279/1644 3362/1278/1644 3387/1279/1644
f 3387/1279/1641 3389/1281/1641 3390/1279/1641
f 3387/1279/1642 3362/1278/1642 3364/1278/1642
f 3390/1279/1639 3389/1281/1639 3391/1279/1639
f 3389/1281/1640 3364/1278/1640 3366/1281/1640
f 3391/1279/1637 3393/1278/1637 3394/1279/1637
f 3391/1279/1638 3366/1281/1638 3368/1281/1638
f 3393/1278/1635 3395/1281/1635 3396/1278/1635
f 3393/1278/1636 3368/1281/1636 3370/1278/1636
f 3396/1278/1633 3395/1281/1633 3397/1279/1633
f 3370/1278/1634 3372/1279/1634 3397/1279/1634
f 3397/1279/1631 3399/1281/1631 3400/1281/1631
f 3397/1279/1632 3372/1279/1632 3374/1279/1632
f 3400/1281/1629 3399/1281/1629 3377/1278/1629
f 3423/1279/1659 3398/1279/1659 3400/1281/1659
f 3400/1281/1657 3402/1279/1657 3403/1281/1657
f 3403/1281/1654 3402/1279/1654 3380/1278/1654
f 3425/1279/1655 3401/1278/1655 3403/1281/1655
f 3404/1279/1653 3403/1281/1653 3405/1279/1653
f 3405/1279/1652 3407/1279/1652 3408/1278/1652
f 3380/1278/1650 3382/1281/1650 3407/1279/1650
f 3407/1279/1651 3409/1279/1651 3410/1281/1651
f 3407/1279/1649 3382/1281/1649 3384/1279/1649
f 3410/1281/1672 3409/1279/1672 3411/1278/1672
f 3384/1279/1648 3386/1281/1648 3411/1278/1648
f 3411/1278/1670 3413/1281/1670 3414/1279/1670
f 3411/1278/1671 3386/1281/1671 3388/1278/1671
f 3414/1279/1668 3413/1281/1668 3415/1281/1668
f 3413/1281/1669 3388/1278/2579 3390/1279/1669
f 3416/1279/1666 3415/1281/1666 3417/1278/1666
f 3415/1281/1667 3390/1279/1667 3392/1279/1667
f 3417/1278/1664 3419/1280/1664 3420/1279/1664
f 3392/1279/1665 3394/1279/1665 3419/1280/1665
f 3419/1280/1662 3421/1279/2564 3422/1278/1662
f 3419/1280/1663 3394/1279/1663 3396/1278/1663
f 3421/1279/1660 3423/1279/1660 3424/1281/1660
f 3396/1278/1661 3398/1279/1661 3423/1279/1661
f 3424/1281/1658 3423/1279/1658 3401/1278/1658
f 3427/1279/1682 3422/1278/1682 3424/1281/1682
f 3424/1281/1681 3425/1279/1681 3426/1281/1681
f 3425/1279/1679 3404/1279/1679 2881/1278/1679
f 3428/1279/1684 3420/1279/1684 3422/1278/1684
f 3428/1279/1683 3427/1279/1683 2859/1279/1683
f 3418/1279/1687 3420/1279/1687 3428/1279/1687
f 2900/1280/1686 3429/1279/1686 3428/1279/1686
f 2899/1278/1688 3416/1279/1688 3418/1279/1688
f 3414/1279/1690 3416/1279/1690 2899/1278/1690
f 3412/1279/1673 3414/1279/1673 2897/1281/1673
f 3431/1279/1674 3410/1281/1674 3412/1279/1674
f 3408/1278/1675 3410/1281/1675 3431/1279/1675
f 3406/1279/1676 3408/1278/2580 2885/1281/1676
f 3404/1279/1677 3406/1279/1677 2883/1279/1677
s 0
f 3433/1282/3 3437/1701/6 3436/1283/261
s 1
f 3433/1282/2 3432/1284/2 3435/1285/2
s 0
f 3432/1284/3 3436/1283/6 3438/1287/259
s 1
f 3432/1284/2 3434/1288/2 3583/1289/2
f 3436/1283/1744 3437/1701/1744 3441/1290/1745
f 3438/1287/1746 3436/1283/1746 3439/1291/1747
f 3442/1292/1748 3439/1291/1748 3440/1293/1748
f 3441/1290/1749 3783/1370/1749 3440/1293/1749
f 3442/1292/1750 3444/1294/1750 3445/1295/1750
f 3574/1297/1751 3438/1287/1751 3442/1292/1751
f 3445/1295/1752 3444/1294/1752 3446/1298/1752
f 3440/1293/1754 3449/1304/1754 3446/1298/1754
f 3447/1299/1755 3446/1298/1755 3448/1300/1755
f 3446/1298/1756 3449/1304/1756 3451/1302/1756
f 3440/1293/1757 3783/1370/1757 3450/1303/1757
f 3450/1303/1758 3452/1365/1758 3451/1302/1758
f 3451/1302/1759 3452/1365/1759 3454/1305/1759
f 3451/1302/1760 3453/1306/1761 3455/1307/1761
f 3455/1307/2581 3453/1306/2582 3454/1305/1762
f 3454/1305/1762 3512/1364/2 3508/1308/1762
f 3512/1364/2 3510/1361/2 3508/1308/1762
f 3508/1308/1762 3506/1359/2583 3504/1357/2
f 3496/1309/2 3504/1357/2 3500/1353/2
f 3504/1357/2 3502/1354/2581 3500/1353/2
f 3508/1308/1762 3504/1357/2 3496/1309/2
f 3500/1353/2 3498/1350/2 3496/1309/2
f 3496/1309/2 3494/1348/2584 3492/1346/2581
f 3492/1346/2581 3490/1343/2 3488/1341/2
f 3486/1339/2585 3492/1346/2581 3488/1341/2
f 3486/1339/2585 3484/1338/1762 3478/1331/2586
f 3484/1338/1762 3482/1335/2587 3478/1331/2586
f 3482/1335/2587 3480/1334/2 3478/1331/2586
f 3478/1331/2586 3476/1329/2585 3486/1339/2585
f 3476/1329/2585 3474/1327/2 3470/1310/2
f 3474/1327/2 3472/1325/2588 3470/1310/2
f 3470/1310/2 3468/1322/2 3466/1321/2
f 3466/1321/2 3464/1318/2 3462/1317/2
f 3462/1317/2 3460/1315/2 3466/1321/2
f 3460/1315/2 3458/1312/2589 3455/1307/2581
f 3458/1312/2589 3456/1311/2 3455/1307/2581
f 3455/1307/2581 3454/1305/1762 3508/1308/1762
f 3455/1307/2581 3508/1308/1762 3470/1310/2
f 3486/1339/2585 3496/1309/2 3492/1346/2581
f 3476/1329/2585 3470/1310/2 3486/1339/2585
f 3470/1310/2 3466/1321/2 3455/1307/2581
f 3455/1307/2581 3466/1321/2 3460/1315/2
f 3470/1310/2 3496/1309/2 3486/1339/2585
f 3457/1301/1763 3448/1300/1763 3455/1307/1764
f 3457/1301/1765 3456/1311/1766 3458/1312/1766
f 3461/1314/1767 3459/1313/1767 3458/1312/1768
f 3463/1316/1769 3461/1314/1769 3460/1315/1770
f 3463/1316/1771 3462/1317/2590 3464/1318/1772
f 3467/1320/1773 3465/1319/1773 3464/1318/1774
f 3467/1320/1776 3466/1321/1777 3468/1322/1777
f 3471/1324/1778 3469/1323/1778 3468/1322/1779
f 3471/1324/1780 3470/1310/2591 3472/1325/1781
f 3473/1326/1782 3472/1325/2592 3474/1327/1783
f 3475/1328/1784 3474/1327/1785 3476/1329/1785
f 3477/1330/1786 3476/1329/1787 3478/1331/1787
f 3481/1333/1788 3479/1332/1788 3478/1331/1789
f 3481/1333/1790 3480/1334/2593 3482/1335/1790
f 3485/1337/1791 3483/1336/1791 3482/1335/1792
f 3485/1337/1793 3484/1338/1793 3486/1339/1793
f 3487/1340/1794 3486/1339/1795 3488/1341/1795
f 3489/1342/1796 3488/1341/2594 3490/1343/1797
f 3493/1345/1798 3491/1344/1798 3490/1343/1799
f 3495/1347/1800 3493/1345/1800 3492/1346/1801
f 3495/1347/1802 3494/1348/1803 3496/1309/1803
f 3497/1349/1804 3496/1309/1805 3498/1350/1805
f 3501/1352/1806 3499/1351/1806 3498/1350/1807
f 3501/1352/1808 3500/1353/1809 3502/1354/1809
f 3505/1356/1810 3503/1355/1810 3502/1354/1811
f 3507/1358/1812 3505/1356/1812 3504/1357/1813
f 3507/1358/1814 3506/1359/1815 3508/1308/1815
f 3509/1360/1816 3508/1308/2595 3510/1361/1817
f 3513/1363/1818 3511/1362/1818 3510/1361/1819
f 3452/1365/1821 3513/1363/1821 3512/1364/1822
f 3516/1366/1823 3511/1362/1823 3513/1363/1823
f 3450/1303/1824 3514/1367/1824 3513/1363/1824
f 3517/1368/1825 3516/1366/1825 3514/1367/1825
f 3515/1369/1827 3514/1367/2596 3450/1303/1827
f 3517/1368/1828 3519/1373/1828 3518/1371/1828
f 3516/1366/1829 3518/1371/1829 3509/1360/1830
f 3521/1372/1831 3520/1374/1831 3518/1371/1831
f 3520/1374/1832 3507/1358/1832 3509/1360/1832
f 3521/1372/1833 3523/1377/1833 3522/1375/1833
f 3520/1374/1834 3522/1375/1834 3505/1356/1834
f 3525/1376/1835 3524/1378/1836 3522/1375/1836
f 3524/1378/1837 3503/1355/1837 3505/1356/1837
f 3527/1379/1838 3526/1380/1838 3524/1378/1838
f 3526/1380/1840 3501/1352/1840 3503/1355/1840
f 3527/1379/1841 3529/1382/2597 3528/1381/1841
f 3526/1380/1842 3528/1381/1842 3499/1351/1842
f 3529/1382/1843 3531/1385/1843 3530/1383/1844
f 3528/1381/1845 3530/1383/1845 3497/1349/1845
f 3533/1384/1846 3532/1386/1846 3530/1383/1846
f 3532/1386/1847 3495/1347/1847 3497/1349/1847
f 3533/1384/1848 3535/1389/1848 3534/1387/1848
f 3532/1386/1849 3534/1387/1849 3493/1345/1849
f 3537/1388/1850 3536/1390/1850 3534/1387/1850
f 3536/1390/1852 3491/1344/1853 3493/1345/1853
f 3537/1388/1854 3539/1392/1854 3538/1391/1855
f 3536/1390/1856 3538/1391/1856 3489/1342/1856
f 3539/1392/1857 3541/1395/1857 3540/1393/1857
f 3540/1393/1859 3487/1340/1859 3489/1342/1859
f 3543/1394/1860 3542/1397/1860 3540/1393/1860
f 3540/1393/1861 3542/1397/1861 3485/1337/1861
f 3543/1394/1862 3545/1399/1862 3544/1396/1862
f 3544/1396/1863 3483/1336/1863 3485/1337/1863
f 3547/1398/1864 3546/1400/2598 3544/1396/1864
f 3546/1400/1865 3481/1333/1865 3483/1336/1865
f 3547/1398/1866 3549/1403/1866 3548/1401/1866
f 3546/1400/1867 3548/1401/1867 3479/1332/1867
f 3551/1402/1868 3550/1404/1868 3548/1401/1868
f 3550/1404/1869 3477/1330/1869 3479/1332/1869
f 3553/1405/1870 3552/1406/1870 3550/1404/1870
f 3552/1406/1871 3475/1328/1871 3477/1330/1871
f 3555/1407/1872 3554/1408/2599 3552/1406/1873
f 3554/1408/1874 3473/1326/1874 3475/1328/1874
f 3555/1407/1875 3557/1410/1875 3556/1409/1875
f 3554/1408/1876 3556/1409/1876 3471/1324/1876
f 3557/1410/1877 3559/1413/1877 3558/1411/1877
f 3556/1409/1878 3558/1411/1878 3469/1323/1878
f 3561/1412/1879 3560/1414/1879 3558/1411/1879
f 3560/1414/1880 3467/1320/1880 3469/1323/1880
f 3563/1415/1881 3562/1416/1881 3560/1414/1881
f 3562/1416/1882 3465/1319/1882 3467/1320/1882
f 3563/1415/1883 3565/1418/1883 3564/1417/1884
f 3562/1416/1886 3564/1417/1886 3463/1316/1886
f 3565/1418/1887 3567/1420/1887 3566/1419/1887
f 3564/1417/1888 3566/1419/1888 3461/1314/1888
f 3567/1420/1889 3569/1422/2600 3568/1421/1889
f 3566/1419/1890 3568/1421/1890 3459/1313/1890
f 3445/1295/1891 3447/1299/1891 3568/1421/1891
f 3447/1299/1892 3457/1301/1892 3459/1313/1892
f 3443/1296/1893 3445/1295/1893 3569/1422/1893
f 3570/1423/1894 3569/1422/1894 3567/1420/1894
f 3572/1425/1895 3570/1423/1895 3571/1424/1895
f 3574/1297/1896 3443/1296/1896 3570/1423/1896
s 0
f 3575/1427/3 3572/1425/248 3573/1426/247
f 3577/1429/5 3574/1297/8 3572/1425/249
s 1
f 3575/1427/2 3576/1428/2 3579/1430/2
f 3577/1429/2 3575/1427/2 3578/1431/2
f 3692/1433/192 3580/1436/192 3578/1434/192
f 3580/1436/191 3582/1438/191 3581/1437/191
f 3582/1438/190 3584/1440/190 3583/1439/190
f 3434/1288/2 3577/1429/2 3581/1432/2
f 3584/1440/189 3585/2764/189 3435/1441/189
f 3587/1442/4 3586/1445/4 3584/1443/4
f 3586/1445/4 3588/1449/4 3585/1446/4
f 3587/1442/188 3590/1589/188 3589/1447/188
f 3586/1445/187 3589/1447/187 3591/1448/187
f 3593/1451/4 3592/1453/4 3590/1589/4
f 3592/1453/4 3591/1448/4 3590/1589/4
f 3591/1448/4 3589/1447/4 3590/1589/4
f 3590/1589/4 3697/1587/4 3696/1586/4
f 3696/1586/4 3695/1585/4 3683/1570/4
f 3683/1570/4 3682/1568/4 3668/1550/4
f 3682/1568/4 3681/1567/4 3668/1550/4
f 3681/1567/4 3680/1566/4 3668/1550/4
f 3668/1550/4 3667/1548/4 3666/1547/4
f 3666/1547/4 3665/1546/4 3653/1452/4
f 3653/1452/4 3652/1530/4 3651/1528/4
f 3651/1528/4 3650/1527/4 3653/1452/4
f 3650/1527/4 3638/1514/4 3653/1452/4
f 3638/1514/4 3637/1512/4 3636/1510/4
f 3636/1510/4 3635/1508/4 3638/1514/4
f 3635/1508/4 3623/1493/4 3638/1514/4
f 3623/1493/4 3622/1491/4 3620/1488/4
f 3622/1491/4 3621/1489/4 3620/1488/4
f 3620/1488/4 3608/1450/4 3623/1493/4
f 3608/1450/4 3607/1473/4 3593/1451/4
f 3607/1473/4 3606/1471/4 3593/1451/4
f 3606/1471/4 3605/1470/4 3593/1451/4
f 3590/1589/4 3696/1586/4 3683/1570/4
f 3668/1550/4 3666/1547/4 3683/1570/4
f 3666/1547/4 3653/1452/4 3683/1570/4
f 3593/1451/4 3590/1589/4 3653/1452/4
f 3590/1589/4 3683/1570/4 3653/1452/4
f 3653/1452/4 3638/1514/4 3623/1493/4
f 3623/1493/4 3608/1450/4 3653/1452/4
f 3588/1449/186 3591/1448/186 3592/1453/186
f 3595/1455/185 3594/1454/185 3592/1453/185
f 3594/1454/4 3596/1456/4 3585/1446/4
f 3595/1455/4 3598/1465/4 3596/1456/4
f 3585/1457/184 3596/1460/184 3597/1458/184
f 3596/1460/183 3598/1462/183 3599/1461/183
f 3598/1462/182 3600/2765/182 3601/1463/182
f 3603/1464/4 3600/1469/4 3598/1465/4
f 3601/1463/181 3600/2765/181 3602/1466/181
f 3604/1468/4 3602/1476/4 3600/1469/4
f 3603/1464/180 3595/1455/180 3593/1451/180
f 3604/1468/179 3603/1464/179 3605/1470/179
f 3609/1472/178 3604/1468/178 3606/1471/178
f 3610/1474/177 3609/1472/177 3607/1473/177
f 3604/1468/4 3609/1472/4 3611/1475/4
f 3610/1474/4 3613/1483/4 3611/1475/4
f 3777/1467/176 3602/1466/176 3611/1477/176
f 3611/1477/175 3613/1480/175 3614/1479/175
f 3613/1480/174 3615/1484/174 3616/1481/174
f 3610/1474/4 3618/1487/4 3615/1482/4
f 3615/1484/173 3617/1496/173 3764/1485/173
f 3619/1486/4 3617/1495/4 3615/1482/4
f 3618/1487/172 3610/1474/172 3608/1450/172
f 3619/1486/171 3618/1487/171 3620/1488/171
f 3624/1490/170 3619/1486/170 3621/1489/170
f 3625/1492/169 3624/1490/169 3622/1491/169
f 3619/1486/4 3624/1490/4 3626/1494/4
f 3625/1492/4 3628/1503/4 3626/1494/4
f 3617/1496/168 3626/1498/168 3627/1497/168
f 3626/1498/167 3628/1500/167 3629/1499/167
f 3628/1500/166 3630/1504/166 3631/1501/166
f 3625/1492/4 3633/1506/4 3630/1502/4
f 3630/1504/165 3632/2766/165 3751/1505/165
f 3633/1506/4 3634/1509/4 3632/1507/4
f 3633/1506/196 3625/1492/196 3623/1493/196
f 3634/1509/195 3633/1506/195 3635/1508/195
f 3639/1511/192 3634/1509/192 3636/1510/192
f 3640/1513/191 3639/1511/191 3637/1512/191
f 3634/1509/4 3639/1511/4 3641/1515/4
f 3639/1511/4 3640/1513/4 3643/1516/4
f 3751/1505/194 3632/2766/194 3641/1517/194
f 3642/1518/193 3641/1517/193 3643/1519/193
f 3643/1519/188 3645/1523/188 3646/1521/188
f 3640/1513/4 3648/1525/4 3645/1522/4
f 3645/1523/187 3647/1534/187 3738/1524/187
f 3648/1525/4 3649/1529/4 3647/1526/4
f 3648/1525/190 3640/1513/190 3638/1514/190
f 3648/1525/189 3650/1527/189 3651/1528/189
f 3649/1529/184 3651/1528/184 3652/1530/184
f 3654/1531/183 3652/1530/183 3653/1452/183
f 3654/1531/4 3656/1533/4 3647/1526/4
f 3655/1532/4 3658/1541/4 3656/1533/4
f 3647/1534/186 3656/1536/186 3657/1535/186
f 3656/1536/185 3658/1538/185 3659/1537/185
f 3658/1538/180 3660/1542/180 3661/1539/180
f 3663/1540/4 3660/1545/4 3658/1541/4
f 3660/1542/179 3662/1554/179 3725/1543/179
f 3664/1544/4 3662/1552/4 3660/1545/4
f 3655/1532/182 3653/1452/182 3665/1546/182
f 3663/1540/181 3665/1546/181 3666/1547/181
f 3664/1544/176 3666/1547/176 3667/1548/176
f 3669/1549/175 3667/1548/175 3668/1550/175
f 3669/1549/4 3671/1553/4 3662/1552/4
f 3670/1551/4 3673/1561/4 3671/1553/4
f 3662/1554/178 3671/1556/178 3672/1555/178
f 3671/1556/177 3673/1558/177 3674/1557/177
f 3673/1558/172 3675/1562/172 3676/1559/172
f 3670/1551/4 3678/1565/4 3675/1560/4
f 3675/1562/171 3677/1575/171 3712/1563/171
f 3679/1564/4 3677/1573/4 3675/1560/4
f 3670/1551/174 3668/1550/174 3680/1566/174
f 3678/1565/173 3680/1566/173 3681/1567/173
f 3679/1564/168 3681/1567/168 3682/1568/168
f 3684/1569/167 3682/1568/167 3683/1570/167
f 3679/1564/4 3684/1569/4 3686/1572/4
f 3684/1569/4 3685/1571/4 3688/1574/4
f 3677/1575/170 3686/1577/170 3687/1576/170
f 3686/1577/169 3688/1579/169 3689/1578/169
f 3688/1579/196 3690/1582/196 3691/1580/196
f 3685/1571/4 3693/1584/4 3690/1581/4
f 3690/1582/195 3692/1433/195 3579/1435/195
f 3694/1583/4 3692/1591/4 3690/1581/4
f 3685/1571/166 3683/1570/166 3695/1585/166
f 3693/1584/165 3695/1585/165 3696/1586/165
f 3694/1583/194 3696/1586/194 3697/1587/194
f 3698/1588/193 3697/1587/193 3590/1589/193
f 3694/1583/4 3698/1588/4 3580/1590/4
f 3698/1588/4 3587/1442/4 3582/1444/4
f 3700/1592/2 3689/1608/2 3691/1593/2
f 3699/1594/2 3691/1593/2 3579/1430/2
s 0
f 3699/1594/3 3701/1596/6 3702/1595/1932
f 3576/1428/5 3573/1426/6 3701/1596/245
s 1
f 3701/1596/1897 3703/1599/1897 3704/1597/1897
f 3701/1596/1898 3573/1426/1898 3571/1598/1898
f 3703/1599/1899 3565/1418/1899 3563/1415/1899
f 3703/1599/1900 3571/1598/1900 3567/1420/1901
f 3705/1600/1902 3704/1597/1902 3563/1415/1902
f 3707/1601/1903 3702/1595/1903 3704/1597/1903
f 3705/1600/1904 3561/1412/1904 3559/1413/1904
f 3708/1603/1905 3707/1601/1905 3705/1600/1905
s 0
f 3709/1604/5 3707/1601/8 3708/1603/1942
f 3700/1592/3 3702/1595/6 3707/1601/236
s 1
f 3709/1604/2 3710/1605/2 3712/1606/2
f 3709/1604/2 3687/1607/2 3689/1608/2
s 0
f 3710/1605/5 3708/1603/6 3714/1609/233
s 1
f 3711/1610/2 3676/1613/2 3712/1606/2
s 0
f 3711/1610/3 3714/1609/6 3715/1611/234
s 1
f 3713/1612/2 3674/1624/2 3676/1613/2
f 3714/1609/1907 3716/1615/1907 3717/1614/1907
f 3708/1603/1908 3706/1602/1908 3716/1615/1908
f 3716/1615/1909 3557/1410/1909 3555/1407/1909
f 3716/1615/1910 3706/1602/1910 3559/1413/1910
f 3718/1616/1911 3717/1614/1911 3555/1407/1911
f 3720/1617/1912 3715/1611/1912 3717/1614/1912
f 3718/1616/1913 3553/1405/1914 3551/1402/1914
f 3720/1617/1915 3718/1616/1915 3719/1618/1915
s 0
f 3722/1620/5 3720/1617/6 3721/1619/223
f 3713/1612/5 3715/1611/6 3720/1617/224
s 1
f 3722/1620/2 3723/1621/2 3725/1622/2
f 3713/1612/2 3722/1620/2 3672/1623/2
s 0
f 3723/1621/5 3721/1619/6 3727/1625/221
s 1
f 3724/1626/2 3661/1629/2 3725/1622/2
s 0
f 3724/1626/5 3727/1625/6 3728/1627/222
s 1
f 3726/1628/2 3659/1639/2 3661/1629/2
f 3728/1627/1916 3727/1625/1916 3729/1630/1916
f 3727/1625/1917 3721/1619/1917 3719/1618/1917
f 3730/1631/1918 3729/1630/1918 3549/1403/1918
f 3729/1630/1919 3719/1618/1919 3551/1402/1919
f 3731/1632/1920 3730/1631/1920 3547/1398/1920
f 3728/1627/1921 3730/1631/1921 3731/1632/1921
f 3731/1632/1922 3545/1399/1922 3543/1394/1922
f 3733/1633/1923 3731/1632/1923 3732/1634/1923
s 0
f 3735/1636/3 3733/1633/6 3734/1635/210
f 3726/1628/5 3728/1627/6 3733/1633/211
s 1
f 3736/1637/2 3738/1642/2 3657/1638/2
f 3735/1636/2 3657/1638/2 3659/1639/2
s 0
f 3736/1637/3 3734/1635/6 3740/1640/1743
s 1
f 3737/1641/2 3646/1646/2 3738/1642/2
s 0
f 3737/1641/5 3740/1640/6 3741/1643/209
s 1
f 3737/1641/2 3739/1644/2 3644/1645/2
f 3740/1640/1924 3742/1648/1924 3743/1647/1924
f 3734/1635/1925 3732/1634/1925 3742/1648/1925
f 3743/1647/1926 3742/1648/1926 3541/1395/1926
f 3742/1648/1927 3732/1634/1927 3543/1394/1927
f 3744/1649/1928 3743/2767/1928 3539/1392/1928
f 3741/1643/1929 3743/2767/1929 3744/1649/1929
f 3745/1651/1930 3744/1649/1930 3537/1388/1930
f 3746/1650/1931 3744/1649/1931 3745/1651/1931
s 0
f 3748/1653/5 3746/1650/6 3747/1652/198
f 3739/1644/5 3741/1643/6 3746/1650/197
s 1
f 3749/1654/2 3751/1658/2 3642/1655/2
f 3748/1653/2 3642/1655/2 3644/1645/2
s 0
f 3749/1654/5 3747/1652/6 3753/1656/163
s 1
f 3750/1657/2 3631/1662/2 3751/1658/2
s 0
f 3750/1657/5 3753/1656/6 3754/1659/164
s 1
f 3750/1657/2 3752/1660/2 3629/1661/2
f 3753/1656/1933 3755/1664/1933 3756/1663/1933
f 3753/1656/1934 3747/1652/1934 3745/1651/1934
f 3756/1663/1935 3755/1664/1935 3533/1384/1936
f 3745/1651/1937 3535/1389/1937 3533/1384/1937
f 3757/1665/1938 3756/1663/1938 3531/1385/1938
f 3759/1666/1939 3754/1659/1939 3756/1663/1939
f 3757/1665/1940 3529/1382/1940 3527/1379/1940
f 3759/1666/1941 3757/1665/1941 3758/1667/1941
s 0
f 3761/1669/5 3759/1666/6 3760/1668/9
f 3752/1660/3 3754/1659/6 3759/1666/283
s 1
f 3762/1670/2 3764/1675/2 3627/1671/2
f 3752/1660/2 3761/1669/2 3627/1671/2
s 0
f 3762/1670/5 3760/1668/8 3766/1672/7
s 1
f 3762/1670/2 3763/1673/2 3616/1674/2
s 0
f 3763/1673/3 3766/1672/6 3767/1676/282
s 1
f 3765/1677/2 3614/1690/2 3616/1674/2
f 3766/1672/1943 3768/1680/1943 3769/1678/1943
f 3760/1668/1944 3758/1667/1944 3768/1679/1944
f 3768/1680/1945 3525/1376/1945 3523/1377/1945
f 3768/1679/1946 3758/1667/1946 3527/1379/1946
f 3769/1681/1947 3523/1377/1948 3521/1372/1948
f 3772/1683/1949 3767/1676/1949 3769/1681/1949
f 3770/1682/1950 3521/1372/1950 3519/1373/1950
f 3772/1683/1951 3770/1682/1951 3771/1684/1951
s 0
f 3774/1686/5 3772/1683/6 3773/1685/274
f 3765/1677/3 3767/1676/6 3772/1683/275
s 1
f 3774/1686/2 3775/1687/2 3777/1688/2
f 3774/1686/2 3612/1689/2 3614/1690/2
s 0
f 3775/1687/3 3773/1685/248 3779/1691/272
s 1
f 3775/1687/2 3776/1692/2 3601/1693/2
s 0
f 3776/1692/5 3779/1691/8 3780/1694/273
s 1
f 3776/1692/2 3778/1695/2 3599/1696/2
f 3780/1694/1952 3779/1691/1952 3781/1697/1952
f 3779/1691/1953 3773/1685/1953 3771/1684/1953
f 3781/1697/1954 3517/1368/1954 3515/1369/1954
f 3771/1684/1955 3519/1373/1955 3517/1368/1955
f 3782/1700/1956 3515/1369/1956 3783/1370/1956
f 3780/1694/1957 3782/1700/1957 3441/1290/1957
s 0
f 3778/1695/3 3780/1694/6 3437/1701/262
s 1
f 3778/1695/2 3433/1282/2 3597/1286/2
s 0
f 3434/1288/3 3438/1287/6 3574/1297/260
f 3785/1702/5 3789/2120/6 3788/1703/2142
s 1
f 3785/1702/5 3784/1704/5 3787/1705/5
s 0
f 3784/1704/5 3788/1703/2178 3790/1707/2141
s 1
f 3784/1704/5 3786/1708/5 3935/1709/5
f 3788/1703/1960 3789/2120/1960 3793/1710/1961
f 3790/1707/1962 3788/1703/1962 3791/1711/1963
f 3794/1712/1964 3791/1711/1964 3792/1713/1964
f 3793/1710/1965 4135/1790/1965 3792/1713/1965
f 3794/1712/1966 3796/1714/1966 3797/1715/1966
f 3926/1717/1967 3790/1707/1967 3794/1712/1967
f 3797/1715/1968 3796/1714/1968 3798/1718/1968
f 3792/1713/1970 3801/1724/1970 3798/1718/1970
f 3799/1719/1971 3798/1718/1971 3800/1720/1971
f 3798/1718/1972 3801/1724/1972 3803/1722/1972
f 3792/1713/1973 4135/1790/1973 3802/1723/1973
f 3802/1723/1974 3804/1725/1974 3803/1722/1974
f 3804/1725/1975 3806/1785/1976 3805/1726/1976
f 3800/1720/1977 3803/1722/1977 3805/1726/1978
f 3807/1727/5 3805/1726/2601 3806/1785/5
f 3806/1785/5 3864/1784/2602 3860/1728/5
f 3864/1784/2602 3862/1781/2603 3860/1728/5
f 3860/1728/5 3858/1779/2604 3856/1777/5
f 3848/1729/5 3856/1777/5 3852/1773/5
f 3856/1777/5 3854/1774/2605 3852/1773/5
f 3860/1728/5 3856/1777/5 3848/1729/5
f 3852/1773/5 3850/1770/2606 3848/1729/5
f 3848/1729/5 3846/1768/2603 3844/1766/5
f 3844/1766/5 3842/1763/5 3840/1761/2607
f 3838/1759/5 3844/1766/5 3840/1761/2607
f 3838/1759/5 3836/1758/2608 3834/1755/5
f 3834/1755/5 3832/1754/2608 3830/1751/2609
f 3830/1751/2609 3828/1749/2610 3834/1755/5
f 3828/1749/2610 3826/1747/5 3822/1730/5
f 3826/1747/5 3824/1745/2611 3822/1730/5
f 3822/1730/5 3820/1742/5 3818/1741/5
f 3818/1741/5 3816/1738/2604 3814/1737/5
f 3814/1737/5 3812/1735/2609 3818/1741/5
f 3812/1735/2609 3810/1732/2610 3807/1727/5
f 3810/1732/2610 3808/1731/2601 3807/1727/5
f 3807/1727/5 3806/1785/5 3860/1728/5
f 3807/1727/5 3860/1728/5 3822/1730/5
f 3838/1759/5 3848/1729/5 3844/1766/5
f 3838/1759/5 3834/1755/5 3822/1730/5
f 3822/1730/5 3834/1755/5 3828/1749/2610
f 3822/1730/5 3818/1741/5 3807/1727/5
f 3807/1727/5 3818/1741/5 3812/1735/2609
f 3822/1730/5 3848/1729/5 3838/1759/5
f 3809/1721/1979 3800/1720/1979 3807/1727/1980
f 3809/1721/1982 3808/1731/2612 3810/1732/1983
f 3813/1734/1984 3811/1733/1984 3810/1732/1984
f 3815/1736/1986 3813/1734/1986 3812/1735/1987
f 3815/1736/1989 3814/1737/2613 3816/1738/1990
f 3819/1740/1991 3817/1739/1991 3816/1738/1992
f 3819/1740/1994 3818/1741/2614 3820/1742/1995
f 3823/1744/1996 3821/1743/1996 3820/1742/1997
f 3823/1744/1999 3822/1730/2615 3824/1745/2000
f 3825/1746/2001 3824/1745/2616 3826/1747/2002
f 3827/1748/2003 3826/1747/2617 3828/1749/2004
f 3829/1750/2005 3828/1749/2005 3830/1751/2006
f 3833/1753/2007 3831/1752/2007 3830/1751/2008
f 3833/1753/2009 3832/1754/2618 3834/1755/2010
f 3837/1757/2011 3835/1756/2011 3834/1755/2012
f 3837/1757/2013 3836/1758/2014 3838/1759/2014
f 3839/1760/2015 3838/1759/2016 3840/1761/2016
f 3841/1762/2017 3840/1761/2619 3842/1763/2018
f 3845/1765/2019 3843/1764/2019 3842/1763/2020
f 3847/1767/2022 3845/1765/2022 3844/1766/2023
f 3847/1767/2025 3846/1768/2620 3848/1729/2026
f 3849/1769/2027 3848/1729/2028 3850/1770/2028
f 3853/1772/2029 3851/1771/2029 3850/1770/2029
f 3853/1772/2031 3852/1773/2621 3854/1774/2031
f 3857/1776/2032 3855/1775/2032 3854/1774/2033
f 3859/1778/2035 3857/1776/2035 3856/1777/2036
f 3859/1778/2038 3858/1779/2622 3860/1728/2038
f 3861/1780/2039 3860/1728/2623 3862/1781/2040
f 3865/1783/2041 3863/1782/2041 3862/1781/2042
f 3804/1725/2044 3865/1783/2044 3864/1784/2045
f 3868/1786/2046 3863/1782/2046 3865/1783/2046
f 3802/1723/2047 3866/1787/2047 3865/1783/2047
f 3869/1788/2048 3868/1786/2049 3866/1787/2049
f 3867/1789/2050 3866/1787/2051 3802/1723/2051
f 3869/1788/2052 3871/1793/2624 3870/1791/2052
f 3868/1786/2053 3870/1791/2053 3861/1780/2054
f 3873/1792/2055 3872/1794/2056 3870/1791/2056
f 3872/1794/2057 3859/1778/2057 3861/1780/2057
f 3873/1792/2058 3875/1797/2058 3874/1795/2058
f 3872/1794/2059 3874/1795/2059 3857/1776/2059
f 3877/1796/2060 3876/1798/2060 3874/1795/2060
f 3876/1798/2062 3855/1775/2062 3857/1776/2062
f 3879/1799/2063 3878/1800/2063 3876/1798/2063
f 3878/1800/2065 3853/1772/2065 3855/1775/2065
f 3879/1799/2066 3881/1802/2625 3880/1801/2066
f 3878/1800/2067 3880/1801/2067 3851/1771/2067
f 3881/1802/2068 3883/1805/2626 3882/1803/2068
f 3880/1801/2069 3882/1803/2069 3849/1769/2069
f 3885/1804/2070 3884/1806/2070 3882/1803/2070
f 3884/1806/2071 3847/1767/2071 3849/1769/2071
f 3885/1804/2072 3887/1809/2627 3886/1807/2072
f 3884/1806/2073 3886/1807/2073 3845/1765/2073
f 3889/1808/2074 3888/1810/2074 3886/1807/2074
f 3888/1810/2075 3843/1764/2076 3845/1765/2076
f 3889/1808/2077 3891/1812/2077 3890/1811/2078
f 3888/1810/2079 3890/1811/2079 3841/1762/2079
f 3891/1812/2080 3893/1815/2080 3892/1813/2080
f 3892/1813/2082 3839/1760/2082 3841/1762/2082
f 3895/1814/2083 3894/1817/2083 3892/1813/2083
f 3892/1813/2084 3894/1817/2084 3837/1757/2084
f 3895/1814/2085 3897/1819/2085 3896/1816/2085
f 3896/1816/2086 3835/1756/2086 3837/1757/2086
f 3899/1818/2087 3898/1820/2628 3896/1816/2087
f 3898/1820/2088 3833/1753/2088 3835/1756/2088
f 3899/1818/2089 3901/1823/2089 3900/1821/2089
f 3898/1820/2090 3900/1821/2090 3831/1752/2090
f 3903/1822/2091 3902/1824/2092 3900/1821/2092
f 3902/1824/2093 3829/1750/2093 3831/1752/2093
f 3905/1825/2094 3904/1826/2094 3902/1824/2094
f 3904/1826/2095 3827/1748/2629 3829/1750/2095
f 3907/1827/2096 3906/1828/2097 3904/1826/2097
f 3906/1828/2098 3825/1746/2098 3827/1748/2098
f 3907/1827/2099 3909/1830/2099 3908/1829/2099
f 3906/1828/2100 3908/1829/2100 3823/1744/2100
f 3909/1830/2101 3911/1833/2101 3910/1831/2101
f 3908/1829/2102 3910/1831/2102 3821/1743/2102
f 3913/1832/2103 3912/1834/2103 3910/1831/2103
f 3912/1834/2104 3819/1740/2104 3821/1743/2104
f 3915/1835/2105 3914/1836/2105 3912/1834/2105
f 3914/1836/2106 3817/1739/2106 3819/1740/2106
f 3915/1835/2107 3917/1838/2107 3916/1837/2108
f 3914/1836/2110 3916/1837/2110 3815/1736/2110
f 3917/1838/2111 3919/1840/2111 3918/1839/2111
f 3916/1837/2112 3918/1839/2112 3813/1734/2112
f 3919/1840/2113 3921/1842/2113 3920/1841/2113
f 3918/1839/2114 3920/1841/2114 3811/1733/2114
f 3797/1715/2115 3799/1719/2115 3920/1841/2115
f 3799/1719/2116 3809/1721/2116 3811/1733/2116
f 3795/1716/2117 3797/1715/2117 3921/1842/2117
f 3922/1843/2118 3921/1842/2118 3919/1840/2118
f 3924/1845/2119 3922/1843/2119 3923/1844/2119
f 3926/1717/2120 3795/1716/2120 3922/1843/2120
s 0
f 3927/1847/5 3924/1845/2151 3925/1846/2137
f 3929/1849/5 3926/1717/6 3924/1845/2138
s 1
f 3927/1847/5 3928/1848/5 3931/1850/5
f 3929/1849/5 3927/1847/5 3930/1851/5
f 4044/1853/2123 3932/1856/2123 3930/1854/2123
f 3932/1856/2124 3934/1858/2124 3933/1857/2124
f 3934/1858/2125 3936/1860/2125 3935/1859/2125
f 3786/1708/5 3929/1849/5 3933/1852/5
f 3936/1860/2126 3937/2768/2126 3787/1861/2126
f 3939/1862/3 3938/1865/3 3936/1863/3
f 3938/1865/3 3940/1869/3 3937/1866/3
f 3939/1862/2127 3942/2012/2127 3941/1867/2127
f 3938/1865/2128 3941/1867/2128 3943/1868/2128
f 3945/1872/3 3944/1874/2229 3943/1868/3
f 3943/1868/3 3941/1867/3 3945/1872/3
f 3941/1867/3 3942/2012/3 3945/1872/3
f 3942/2012/3 4049/2010/3 4048/2008/3
f 4048/2008/3 4047/2007/3 4035/1993/3
f 4035/1993/3 4034/1991/3 4020/1972/3
f 4034/1991/3 4033/1989/3 4020/1972/3
f 4033/1989/3 4032/1988/3 4020/1972/3
f 4020/1972/3 4019/1970/3 4018/1969/3
f 4018/1969/3 4017/1968/3 4005/1870/3
f 4005/1870/3 4004/1952/3 4003/1951/3
f 4003/1951/3 4002/1949/2630 3990/1935/3
f 3990/1935/3 3989/1933/3 3988/1931/3
f 3988/1931/3 3987/1929/3 3990/1935/3
f 3987/1929/3 3975/1871/3 3990/1935/3
f 3975/1871/3 3974/1913/3 3972/1910/3
f 3974/1913/3 3973/1911/3 3972/1910/3
f 3972/1910/3 3960/1895/3 3975/1871/3
f 3960/1895/3 3959/1893/3 3945/1872/3
f 3959/1893/3 3958/1891/3 3945/1872/3
f 3958/1891/3 3957/1890/3 3945/1872/3
f 3942/2012/3 4048/2008/3 4035/1993/3
f 4020/1972/3 4018/1969/3 4035/1993/3
f 4018/1969/3 4005/1870/3 4035/1993/3
f 4005/1870/3 4003/1951/3 3990/1935/3
f 3945/1872/3 3942/2012/3 4005/1870/3
f 3942/2012/3 4035/1993/3 4005/1870/3
f 4005/1870/3 3990/1935/3 3975/1871/3
f 3975/1871/3 3960/1895/3 3945/1872/3
f 3946/1873/2129 3940/1869/2129 3943/1868/2129
f 3947/1875/2130 3946/1873/2130 3944/1874/2130
f 3946/1873/3 3948/1876/3 3937/1866/3
f 3947/1875/3 3950/1885/3 3948/1876/3
f 3937/1877/2131 3948/1880/2131 3949/1878/2131
f 3948/1880/2132 3950/1882/2132 3951/1881/2132
f 3950/1882/2133 3952/1886/2133 3953/1883/2133
f 3955/1884/3 3952/1889/3 3950/1885/3
f 3952/1886/2134 3954/1898/2134 4129/1887/2134
f 3956/1888/3 3954/1896/3 3952/1889/3
f 3955/1884/2135 3947/1875/2135 3945/1872/2135
f 3956/1888/2136 3955/1884/2136 3957/1890/2136
f 3961/1892/2137 3956/1888/2137 3958/1891/2137
f 3962/1894/2138 3961/1892/2138 3959/1893/2138
f 3961/1892/3 3963/1897/3 3954/1896/3
f 3962/1894/3 3965/1905/3 3963/1897/3
f 3954/1898/2121 3963/1900/2121 3964/1899/2121
f 3963/1900/2122 3965/1902/2122 3966/1901/2122
f 3965/1902/2139 3967/1906/2139 3968/1903/2139
f 3962/1894/3 3970/1909/3 3967/1904/3
f 3967/1906/1959 3969/1917/1959 4116/1907/1959
f 3971/1908/3 3969/1916/3 3967/1904/3
f 3970/1909/2140 3962/1894/2140 3960/1895/2140
f 3971/1908/2141 3970/1909/2141 3972/1910/2141
f 3976/1912/2142 3971/1908/2142 3973/1911/2142
f 3977/1914/2143 3976/1912/2143 3974/1913/2143
f 3971/1908/3 3976/1912/3 3978/1915/3
f 3977/1914/3 3980/1924/3 3978/1915/3
f 3969/1917/1958 3978/1919/1958 3979/1918/1958
f 3978/1919/2144 3980/1921/2144 3981/1920/2144
f 3980/1921/2145 3982/1925/2145 3983/1922/2145
f 3977/1914/3 3985/1927/3 3982/1923/3
f 3982/1925/2146 3984/1938/2146 4103/1926/2146
f 3985/1927/3 3986/1930/3 3984/1928/3
f 3985/1927/2147 3977/1914/2147 3975/1871/2147
f 3986/1930/2148 3985/1927/2148 3987/1929/2148
f 3991/1932/2123 3986/1930/2123 3988/1931/2123
f 3992/1934/2124 3991/1932/2124 3989/1933/2124
f 3986/1930/3 3991/1932/3 3993/1936/3
f 3991/1932/3 3992/1934/3 3995/1937/3
f 3984/1938/2149 3993/1940/2149 3994/1939/2149
f 3993/1940/2150 3995/1942/2150 3996/1941/2150
f 3995/1942/2127 3997/1945/2127 3998/1943/2127
f 4000/1944/3 3997/1948/3 3995/1937/3
f 3997/1945/2128 3999/1957/2128 4090/1946/2128
f 4000/1944/3 4001/1950/3 3999/1947/3
f 4000/1944/2125 3992/1934/2125 3990/1935/2125
f 4001/1950/2126 4000/1944/2126 4002/1949/2126
f 4001/1950/2131 4003/1951/2131 4004/1952/2131
f 4006/1953/2132 4004/1952/2132 4005/1870/2132
f 4006/1953/3 4008/1956/3 3999/1947/3
f 4006/1953/3 4007/1954/3 4010/1955/3
f 3999/1957/2129 4008/1959/2129 4009/1958/2129
f 4008/1959/2130 4010/1961/2130 4011/1960/2130
f 4010/1961/2135 4012/1964/2135 4013/1962/2135
f 4015/1963/3 4012/1967/3 4010/1955/3
f 4012/1964/2136 4014/1976/2136 4077/1965/2136
f 4016/1966/3 4014/1974/3 4012/1967/3
f 4007/1954/2133 4005/1870/2133 4017/1968/2133
f 4015/1963/2134 4017/1968/2134 4018/1969/2134
f 4016/1966/2121 4018/1969/2121 4019/1970/2121
f 4021/1971/2122 4019/1970/2122 4020/1972/2122
f 4021/1971/3 4023/1975/3 4014/1974/3
f 4022/1973/3 4025/1983/3 4023/1975/3
f 4014/1976/2137 4023/1978/2137 4024/1977/2137
f 4023/1978/2138 4025/1980/2138 4026/1979/2138
f 4025/1980/2140 4027/1984/2140 4028/1981/2140
f 4022/1973/3 4030/1986/3 4027/1982/3
f 4027/1984/2141 4029/1997/2141 4064/1985/2141
f 4030/1986/3 4031/1990/3 4029/1987/3
f 4022/1973/2139 4020/1972/2139 4032/1988/2139
f 4030/1986/1959 4032/1988/1959 4033/1989/1959
f 4031/1990/1958 4033/1989/1958 4034/1991/1958
f 4036/1992/2144 4034/1991/2144 4035/1993/2144
f 4031/1990/3 4036/1992/3 4038/1995/3
f 4036/1992/3 4037/1994/3 4040/1996/3
f 4029/1997/2142 4038/1999/2142 4039/1998/2142
f 4038/1999/2143 4040/2001/2143 4041/2000/2143
f 4040/2001/2147 4042/2004/2147 4043/2002/2147
f 4037/1994/3 4045/2005/3 4042/2003/3
f 4042/2004/2148 4044/1853/2148 3931/1855/2148
f 4045/2005/3 4046/2009/3 4044/2006/3
f 4037/1994/2145 4035/1993/2145 4047/2007/2145
f 4045/2005/2146 4047/2007/2146 4048/2008/2146
f 4046/2009/2149 4048/2008/2149 4049/2010/2149
f 4050/2011/2150 4049/2010/2150 3942/2012/2150
f 4046/2009/3 4050/2011/3 3932/2013/3
f 4050/2011/3 3939/1862/3 3934/1864/3
f 4052/2014/5 4041/2028/5 4043/2015/5
f 4051/2016/5 4043/2015/5 3931/1850/5
s 0
f 4051/2016/5 4053/2018/6 4054/2017/2135
f 3928/1848/5 3925/1846/6 4053/2018/2136
s 1
f 4053/2018/2152 4055/2020/2152 4056/2019/2152
f 4053/2018/2153 3925/1846/2153 3923/1844/2153
f 4055/2020/2154 3917/1838/2154 3915/1835/2154
f 4055/2020/2155 3923/1844/2155 3919/1840/2156
f 4057/2021/2157 4056/2019/2157 3915/1835/2157
f 4059/2022/2158 4054/2017/2158 4056/2019/2158
f 4057/2021/2159 3913/1832/2159 3911/1833/2159
f 4060/2024/2160 4059/2022/2160 4057/2021/2160
s 0
f 4061/2025/5 4059/2022/6 4060/2024/2129
f 4052/2014/5 4054/2017/2196 4059/2022/2130
s 1
f 4062/2026/5 4064/2031/5 4039/2027/5
f 4061/2025/5 4039/2027/5 4041/2028/5
s 0
f 4062/2026/5 4060/2024/6 4066/2029/2128
s 1
f 4063/2030/5 4028/2034/5 4064/2031/5
s 0
f 4063/2030/5 4066/2029/6 4067/2032/2127
s 1
f 4065/2033/5 4026/2044/5 4028/2034/5
f 4066/2029/2161 4068/2036/2161 4069/2035/2161
f 4060/2024/2162 4058/2023/2162 4068/2036/2162
f 4068/2036/2163 3909/1830/2163 3907/1827/2163
f 4068/2036/2164 4058/2023/2164 3911/1833/2164
f 4070/2037/2165 4069/2035/2165 3907/1827/2165
f 4072/2038/2166 4067/2032/2166 4069/2035/2166
f 4071/2039/2167 4070/2037/2167 3905/1825/2168
f 4072/2038/2169 4070/2037/2169 4071/2039/2169
s 0
f 4074/2041/5 4072/2038/6 4073/2040/2149
f 4065/2033/5 4067/2032/2151 4072/2038/2150
s 1
f 4075/2042/5 4077/2047/5 4024/2043/5
f 4065/2033/5 4074/2041/5 4024/2043/5
s 0
f 4075/2042/5 4073/2040/6 4079/2045/2146
s 1
f 4076/2046/5 4013/2050/5 4077/2047/5
s 0
f 4076/2046/5 4079/2045/2178 4080/2048/2145
s 1
f 4078/2049/5 4011/2060/5 4013/2050/5
f 4080/2048/2170 4079/2045/2170 4081/2051/2170
f 4079/2045/2171 4073/2040/2171 4071/2039/2171
f 4082/2052/2172 4081/2051/2172 3901/1823/2172
f 4081/2051/2173 4071/2039/2173 3903/1822/2173
f 4083/2053/2174 4082/2052/2174 3899/1818/2174
f 4080/2048/2175 4082/2052/2175 4083/2053/2175
f 4083/2053/2176 3897/1819/2176 3895/1814/2176
f 4085/2054/2177 4083/2053/2177 4084/2055/2177
s 0
f 4087/2057/5 4085/2054/6 4086/2056/1958
f 4078/2049/5 4080/2048/6 4085/2054/2144
s 1
f 4088/2058/5 4090/2063/5 4009/2059/5
f 4087/2057/5 4009/2059/5 4011/2060/5
s 0
f 4088/2058/5 4086/2056/6 4092/2061/1959
s 1
f 4089/2062/5 3998/2067/5 4090/2063/5
s 0
f 4089/2062/5 4092/2061/2178 4093/2064/2139
s 1
f 4089/2062/5 4091/2065/5 3996/2066/5
f 4092/2061/2179 4094/2069/2179 4095/2068/2179
f 4086/2056/2180 4084/2055/2180 4094/2069/2180
f 4095/2068/2181 4094/2069/2181 3893/1815/2181
f 4094/2069/2182 4084/2055/2182 3895/1814/2182
f 4096/2070/2183 4095/2068/2183 3891/1812/2183
f 4093/2064/2184 4095/2068/2184 4096/2070/2184
f 4097/2072/2185 4096/2070/2185 3889/1808/2185
f 4098/2071/2186 4096/2070/2186 4097/2072/2186
s 0
f 4100/2074/5 4098/2071/6 4099/2073/2121
f 4091/2065/5 4093/2064/6 4098/2071/2122
s 1
f 4101/2075/5 4103/2079/5 3994/2076/5
f 4100/2074/5 3994/2076/5 3996/2066/5
s 0
f 4101/2075/5 4099/2073/2151 4105/2077/2134
s 1
f 4102/2078/5 3983/2083/5 4103/2079/5
s 0
f 4102/2078/5 4105/2077/6 4106/2080/2133
s 1
f 4102/2078/5 4104/2081/5 3981/2082/5
f 4105/2077/2187 4107/2085/2187 4108/2084/2187
f 4099/2073/2188 4097/2072/2188 4107/2085/2188
f 4108/2084/2189 4107/2085/2189 3885/1804/2190
f 4107/2085/2191 4097/2072/2191 3887/1809/2191
f 4109/2086/2192 4108/2084/2192 3883/1805/2192
f 4111/2087/2193 4106/2080/2193 4108/2084/2193
f 4109/2086/2194 3881/1802/2194 3879/1799/2194
f 4111/2087/2195 4109/2086/2195 4110/2088/2195
s 0
f 4113/2090/5 4111/2087/2151 4112/2089/2131
f 4104/2081/5 4106/2080/6 4111/2087/2132
s 1
f 4114/2091/5 4116/2096/5 3979/2092/5
f 4104/2081/5 4113/2090/5 3979/2092/5
s 0
f 4114/2091/5 4112/2089/6 4118/2093/2126
s 1
f 4114/2091/5 4115/2094/5 3968/2095/5
s 0
f 4115/2094/5 4118/2093/6 4119/2097/2125
s 1
f 4117/2098/5 3966/2109/5 3968/2095/5
f 4118/2093/2197 4120/2100/2197 4121/2099/2197
f 4112/2089/2631 4110/2088/2631 4120/2100/2631
f 4120/2100/2199 3877/1796/2199 3875/1797/2199
f 4120/2100/2200 4110/2088/2200 3879/1799/2200
f 4121/2099/2201 3875/1797/2202 3873/1792/2202
f 4124/2102/2203 4119/2097/2203 4121/2099/2203
f 4122/2101/2204 3873/1792/2204 3871/1793/2204
f 4124/2102/2205 4122/2101/2205 4123/2103/2205
s 0
f 4126/2105/5 4124/2102/6 4125/2104/2123
f 4117/2098/5 4119/2097/6 4124/2102/2124
s 1
f 4126/2105/5 4127/2106/5 4129/2107/5
f 4126/2105/5 3964/2108/5 3966/2109/5
s 0
f 4127/2106/5 4125/2104/6 4131/2110/2148
s 1
f 4127/2106/5 4128/2111/5 3953/2112/5
s 0
f 4128/2111/5 4131/2110/6 4132/2113/2147
s 1
f 4128/2111/5 4130/2114/5 3951/2115/5
f 4132/2113/2206 4131/2110/2206 4133/2116/2206
f 4125/2104/2207 4123/2119/2207 4133/2118/2207
f 4133/2116/2208 3869/1788/2208 3867/1789/2208
f 4123/2119/2209 3871/1793/2209 3869/1788/2209
f 4134/2117/2210 3867/1789/2210 4135/1790/2210
f 3789/2120/2211 4132/2113/2211 4134/2117/2211
s 0
f 4130/2114/5 4132/2113/6 3789/2120/2143
s 1
f 3785/1702/5 3949/1706/5 3951/2115/5
s 0
f 3786/1708/5 3790/1707/6 3926/1717/2140
f 4137/2121/5 4141/2539/6 4140/2122/1959
s 1
f 4137/2121/3 4136/2123/3 4139/2124/3
s 0
f 4136/2123/5 4140/2122/6 4142/2126/1958
s 1
f 4136/2123/3 4138/2127/3 4287/2128/3
f 4140/2122/2212 4141/2539/2212 4145/2129/2213
f 4142/2126/2214 4140/2122/2214 4143/2130/2214
f 4146/2131/2215 4143/2130/2215 4144/2132/2215
f 4145/2129/2216 4487/2209/2216 4144/2132/2216
f 4146/2131/2217 4148/2133/2217 4149/2134/2217
f 4278/2136/2218 4142/2126/2218 4146/2131/2218
f 4149/2134/2219 4148/2133/2219 4150/2137/2219
f 4144/2132/2220 4153/2143/2220 4150/2137/2220
f 4151/2138/2221 4150/2137/2221 4152/2139/2221
f 4150/2137/2222 4153/2143/2222 4155/2141/2222
f 4144/2132/2223 4487/2209/2223 4154/2142/2223
f 4154/2142/2224 4156/2144/2224 4155/2141/2224
f 4156/2144/2225 4158/2204/2226 4157/2145/2226
f 4152/2139/2227 4155/2141/2227 4157/2145/2228
f 4159/2146/3 4157/2145/2632 4158/2204/3
f 4158/2204/3 4216/2203/2633 4212/2147/2229
f 4216/2203/2633 4214/2200/2634 4212/2147/2229
f 4212/2147/2229 4210/2198/3 4208/2196/3
f 4200/2187/3 4208/2196/3 4204/2192/3
f 4208/2196/3 4206/2193/2633 4204/2192/3
f 4212/2147/2229 4208/2196/3 4200/2187/3
f 4204/2192/3 4202/2189/2630 4200/2187/3
f 4200/2187/3 4198/2186/3 4196/2184/2635
f 4196/2184/2635 4194/2181/2636 4192/2179/2630
f 4190/2148/3 4196/2184/2635 4192/2179/2630
f 4190/2148/3 4188/2177/2637 4182/2170/2630
f 4188/2177/2637 4186/2174/3 4182/2170/2630
f 4186/2174/3 4184/2173/2638 4182/2170/2630
f 4182/2170/2630 4180/2168/2639 4174/2149/3
f 4180/2168/2639 4178/2166/2229 4174/2149/3
f 4178/2166/2229 4176/2164/2640 4174/2149/3
f 4174/2149/3 4172/2161/3 4170/2160/3
f 4170/2160/3 4168/2157/3 4166/2156/2641
f 4166/2156/2641 4164/2154/3 4170/2160/3
f 4164/2154/3 4162/2151/2635 4159/2146/3
f 4162/2151/2635 4160/2150/2632 4159/2146/3
f 4159/2146/3 4158/2204/3 4212/2147/2229
f 4159/2146/3 4212/2147/2229 4174/2149/3
f 4190/2148/3 4200/2187/3 4196/2184/2635
f 4174/2149/3 4170/2160/3 4159/2146/3
f 4159/2146/3 4170/2160/3 4164/2154/3
f 4190/2148/3 4212/2147/2229 4200/2187/3
f 4190/2148/3 4182/2170/2630 4174/2149/3
f 4161/2140/2230 4152/2139/2230 4159/2146/2231
f 4161/2140/2232 4160/2150/2642 4162/2151/2233
f 4165/2153/2234 4163/2152/2234 4162/2151/2235
f 4167/2155/2236 4165/2153/2236 4164/2154/2236
f 4167/2155/2237 4166/2156/2643 4168/2157/2238
f 4171/2159/2239 4169/2158/2239 4168/2157/2240
f 4171/2159/2242 4170/2160/2243 4172/2161/2243
f 4175/2163/2244 4173/2162/2244 4172/2161/2245
f 4175/2163/2246 4174/2149/2247 4176/2164/2247
f 4177/2165/2248 4176/2164/2644 4178/2166/2249
f 4179/2167/2250 4178/2166/2645 4180/2168/2251
f 4181/2169/2252 4180/2168/2253 4182/2170/2253
f 4185/2172/2254 4183/2171/2254 4182/2170/2255
f 4185/2172/2257 4184/2173/2258 4186/2174/2258
f 4189/2176/2259 4187/2175/2259 4186/2174/2260
f 4189/2176/2261 4188/2177/2262 4190/2148/2262
f 4191/2178/2263 4190/2148/2264 4192/2179/2264
f 4193/2180/2265 4192/2179/2646 4194/2181/2266
f 4197/2183/2267 4195/2182/2267 4194/2181/2268
f 4199/2185/2270 4197/2183/2270 4196/2184/2271
f 4199/2185/2272 4198/2186/2647 4200/2187/2273
f 4201/2188/2274 4200/2187/2648 4202/2189/2275
f 4205/2191/2276 4203/2190/2276 4202/2189/2277
f 4205/2191/2278 4204/2192/2649 4206/2193/2279
f 4209/2195/2280 4207/2194/2280 4206/2193/2281
f 4211/2197/2283 4209/2195/2283 4208/2196/2284
f 4211/2197/2286 4210/2198/2650 4212/2147/2287
f 4213/2199/2288 4212/2147/2651 4214/2200/2289
f 4217/2202/2290 4215/2201/2290 4214/2200/2291
f 4156/2144/2293 4217/2202/2293 4216/2203/2294
f 4220/2205/2295 4215/2201/2295 4217/2202/2295
f 4154/2142/2296 4218/2206/2296 4217/2202/2296
f 4221/2207/2297 4220/2205/2298 4218/2206/2298
f 4219/2208/2299 4218/2206/2652 4154/2142/2299
f 4221/2207/2300 4223/2212/2653 4222/2210/2300
f 4220/2205/2301 4222/2210/2301 4213/2199/2302
f 4225/2211/2303 4224/2213/2303 4222/2210/2303
f 4224/2213/2305 4211/2197/2305 4213/2199/2305
f 4225/2211/2306 4227/2216/2306 4226/2214/2306
f 4224/2213/2307 4226/2214/2307 4209/2195/2307
f 4229/2215/2308 4228/2217/2309 4226/2214/2309
f 4228/2217/2310 4207/2194/2310 4209/2195/2310
f 4231/2218/2311 4230/2219/2311 4228/2217/2311
f 4230/2219/2313 4205/2191/2313 4207/2194/2313
f 4231/2218/2314 4233/2221/2654 4232/2220/2314
f 4230/2219/2315 4232/2220/2315 4203/2190/2315
f 4233/2221/2316 4235/2224/2316 4234/2222/2317
f 4232/2220/2318 4234/2222/2318 4201/2188/2318
f 4237/2223/2319 4236/2225/2319 4234/2222/2319
f 4236/2225/2320 4199/2185/2320 4201/2188/2320
f 4237/2223/2321 4239/2228/2321 4238/2226/2322
f 4236/2225/2323 4238/2226/2323 4197/2183/2323
f 4241/2227/2324 4240/2229/2324 4238/2226/2324
f 4240/2229/2325 4195/2182/2326 4197/2183/2326
f 4241/2227/2327 4243/2231/2327 4242/2230/2328
f 4240/2229/2329 4242/2230/2329 4193/2180/2329
f 4243/2231/2330 4245/2234/2330 4244/2232/2330
f 4244/2232/2331 4191/2178/2331 4193/2180/2331
f 4247/2233/2332 4246/2236/2332 4244/2232/2332
f 4244/2232/2333 4246/2236/2333 4189/2176/2333
f 4247/2233/2334 4249/2238/2334 4248/2235/2334
f 4248/2235/2335 4187/2175/2335 4189/2176/2335
f 4251/2237/2336 4250/2239/2336 4248/2235/2336
f 4250/2239/2337 4185/2172/2337 4187/2175/2337
f 4251/2237/2338 4253/2242/2338 4252/2240/2338
f 4250/2239/2339 4252/2240/2339 4183/2171/2339
f 4255/2241/2340 4254/2243/2341 4252/2240/2341
f 4254/2243/2342 4181/2169/2342 4183/2171/2342
f 4257/2244/2343 4256/2245/2343 4254/2243/2343
f 4256/2245/2344 4179/2167/2344 4181/2169/2344
f 4259/2246/2345 4258/2247/2655 4256/2245/2346
f 4258/2247/2347 4177/2165/2347 4179/2167/2347
f 4259/2246/2348 4261/2249/2348 4260/2248/2348
f 4258/2247/2349 4260/2248/2349 4175/2163/2349
f 4261/2249/2350 4263/2252/2656 4262/2250/2350
f 4260/2248/2351 4262/2250/2351 4173/2162/2351
f 4265/2251/2352 4264/2253/2352 4262/2250/2352
f 4264/2253/2353 4171/2159/2353 4173/2162/2353
f 4267/2254/2354 4266/2255/2354 4264/2253/2354
f 4266/2255/2355 4169/2158/2355 4171/2159/2355
f 4267/2254/2356 4269/2257/2356 4268/2256/2357
f 4266/2255/2359 4268/2256/2359 4167/2155/2359
f 4269/2257/2360 4271/2259/2360 4270/2258/2360
f 4268/2256/2361 4270/2258/2361 4165/2153/2361
f 4271/2259/2362 4273/2261/2362 4272/2260/2363
f 4270/2258/2364 4272/2260/2364 4163/2152/2364
f 4149/2134/2365 4151/2138/2365 4272/2260/2365
f 4151/2138/2366 4161/2140/2366 4163/2152/2366
f 4147/2135/2367 4149/2134/2367 4273/2261/2367
f 4274/2263/2368 4273/2261/2368 4271/2259/2368
f 4276/2265/2369 4274/2263/2369 4275/2264/2369
f 4278/2136/2370 4147/2135/2370 4274/2262/2370
s 0
f 4279/2267/5 4276/2265/6 4277/2266/2146
f 4281/2269/5 4278/2136/2178 4276/2265/2145
s 1
f 4279/2267/3 4280/2268/3 4283/2270/3
f 4281/2269/3 4279/2267/3 4282/2271/3
f 4396/2273/2134 4284/2276/2134 4282/2274/2134
f 4284/2276/2133 4286/2278/2133 4285/2277/2133
f 4286/2278/2132 4288/2280/2132 4287/2279/2132
f 4138/2127/3 4281/2269/3 4285/2272/3
f 4288/2280/2131 4289/2769/2131 4139/2281/2131
f 4291/2282/5 4290/2285/5 4288/2283/5
f 4290/2285/5 4292/2289/5 4289/2286/5
f 4291/2282/2130 4294/2430/2130 4293/2287/2130
f 4290/2285/2129 4293/2287/2129 4295/2288/2129
f 4297/2291/5 4296/2294/5 4294/2430/5
f 4296/2294/5 4295/2288/5 4294/2430/5
f 4295/2288/5 4293/2287/5 4294/2430/5
f 4294/2430/5 4401/2428/5 4400/2426/5
f 4400/2426/5 4399/2425/5 4387/2410/5
f 4387/2410/5 4386/2408/5 4385/2407/5
f 4385/2407/5 4384/2406/5 4387/2410/5
f 4384/2406/5 4372/2390/5 4387/2410/5
f 4372/2390/5 4371/2388/5 4370/2387/5
f 4370/2387/5 4369/2386/5 4357/2292/5
f 4357/2292/5 4356/2370/5 4355/2368/5
f 4355/2368/5 4354/2367/5 4342/2353/5
f 4342/2353/5 4341/2351/5 4340/2349/5
f 4340/2349/5 4339/2347/5 4342/2353/5
f 4339/2347/5 4327/2332/5 4342/2353/5
f 4327/2332/5 4326/2330/5 4324/2327/5
f 4326/2330/5 4325/2328/5 4324/2327/5
f 4324/2327/5 4312/2290/5 4327/2332/5
f 4312/2290/5 4311/2312/5 4297/2291/5
f 4311/2312/5 4310/2310/5 4297/2291/5
f 4310/2310/5 4309/2309/5 4297/2291/5
f 4294/2430/5 4400/2426/5 4387/2410/5
f 4372/2390/5 4370/2387/5 4387/2410/5
f 4370/2387/5 4357/2292/5 4387/2410/5
f 4357/2292/5 4355/2368/5 4342/2353/5
f 4297/2291/5 4294/2430/5 4357/2292/5
f 4294/2430/5 4387/2410/5 4357/2292/5
f 4357/2292/5 4342/2353/5 4327/2332/5
f 4327/2332/5 4312/2290/5 4357/2292/5
f 4298/2293/2128 4292/2289/2128 4295/2288/2128
f 4299/2295/2127 4298/2293/2127 4296/2294/2127
f 4298/2293/5 4300/2296/5 4289/2286/5
f 4299/2295/5 4302/2304/5 4300/2296/5
f 4139/2297/2126 4289/2770/2126 4300/2298/2126
f 4301/2299/2125 4300/2298/2125 4302/2300/2125
f 4302/2300/2124 4304/2305/2124 4305/2302/2124
f 4307/2303/5 4304/2308/5 4302/2304/5
f 4304/2305/2123 4306/2771/2123 4481/2306/2123
f 4308/2307/5 4306/2314/5 4304/2308/5
f 4307/2303/2150 4299/2295/2150 4297/2291/2150
f 4308/2307/2149 4307/2303/2149 4309/2309/2149
f 4313/2311/2146 4308/2307/2146 4310/2310/2146
f 4314/2313/2145 4313/2311/2145 4311/2312/2145
f 4313/2311/5 4315/2315/5 4306/2314/5
f 4314/2313/5 4317/2322/5 4315/2315/5
f 4481/2306/2148 4306/2771/2148 4315/2316/2148
f 4316/2317/2147 4315/2316/2147 4317/2318/2147
f 4317/2318/2143 4319/2323/2143 4320/2320/2143
f 4314/2313/5 4322/2326/5 4319/2321/5
f 4319/2323/2142 4321/2335/2142 4468/2324/2142
f 4323/2325/5 4321/2334/5 4319/2321/5
f 4322/2326/2144 4314/2313/2144 4312/2290/2144
f 4323/2325/1958 4322/2326/1958 4324/2327/1958
f 4328/2329/1959 4323/2325/1959 4325/2328/1959
f 4329/2331/2139 4328/2329/2139 4326/2330/2139
f 4323/2325/5 4328/2329/5 4330/2333/5
f 4329/2331/5 4332/2342/5 4330/2333/5
f 4321/2335/2141 4330/2337/2141 4331/2336/2141
f 4330/2337/2140 4332/2339/2140 4333/2338/2140
f 4332/2339/2138 4334/2343/2138 4335/2340/2138
f 4329/2331/5 4337/2345/5 4334/2341/5
f 4334/2343/2137 4336/2356/2137 4455/2344/2137
f 4337/2345/5 4338/2348/5 4336/2346/5
f 4337/2345/2122 4329/2331/2122 4327/2332/2122
f 4338/2348/2121 4337/2345/2121 4339/2347/2121
f 4343/2350/2134 4338/2348/2134 4340/2349/2134
f 4344/2352/2133 4343/2350/2133 4341/2351/2133
f 4338/2348/5 4343/2350/5 4345/2354/5
f 4343/2350/5 4344/2352/5 4347/2355/5
f 4336/2356/2136 4345/2358/2136 4346/2357/2136
f 4345/2358/2135 4347/2360/2135 4348/2359/2135
f 4347/2360/2130 4349/2363/2130 4350/2361/2130
f 4352/2362/5 4349/2366/5 4347/2355/5
f 4349/2363/2129 4351/2375/2129 4442/2364/2129
f 4352/2362/5 4353/2369/5 4351/2365/5
f 4344/2352/2132 4342/2353/2132 4354/2367/2132
f 4352/2362/2131 4354/2367/2131 4355/2368/2131
f 4353/2369/2126 4355/2368/2126 4356/2370/2126
f 4358/2371/2125 4356/2370/2125 4357/2292/2125
f 4358/2371/5 4360/2374/5 4351/2365/5
f 4358/2371/5 4359/2372/5 4362/2373/5
f 4351/2375/2128 4360/2377/2128 4361/2376/2128
f 4360/2377/2127 4362/2379/2127 4363/2378/2127
f 4362/2379/2150 4364/2382/2150 4365/2380/2150
f 4367/2381/5 4364/2385/5 4362/2373/5
f 4364/2382/2149 4366/2394/2149 4429/2383/2149
f 4368/2384/5 4366/2392/5 4364/2385/5
f 4359/2372/2124 4357/2292/2124 4369/2386/2124
f 4367/2381/2123 4369/2386/2123 4370/2387/2123
f 4368/2384/2148 4370/2387/2148 4371/2388/2148
f 4373/2389/2147 4371/2388/2147 4372/2390/2147
f 4373/2389/5 4375/2393/5 4366/2392/5
f 4374/2391/5 4377/2401/5 4375/2393/5
f 4366/2394/2146 4375/2396/2146 4376/2395/2146
f 4375/2396/2145 4377/2398/2145 4378/2397/2145
f 4377/2398/2144 4379/2402/2144 4380/2399/2144
f 4374/2391/5 4382/2405/5 4379/2400/5
f 4379/2402/1958 4381/2415/1958 4416/2403/1958
f 4383/2404/5 4381/2413/5 4379/2400/5
f 4374/2391/2143 4372/2390/2143 4384/2406/2143
f 4382/2405/2142 4384/2406/2142 4385/2407/2142
f 4383/2404/2141 4385/2407/2141 4386/2408/2141
f 4388/2409/2140 4386/2408/2140 4387/2410/2140
f 4383/2404/5 4388/2409/5 4390/2412/5
f 4388/2409/5 4389/2411/5 4392/2414/5
f 4381/2415/1959 4390/2417/1959 4391/2416/1959
f 4390/2417/2139 4392/2419/2139 4393/2418/2139
f 4392/2419/2122 4394/2422/2122 4395/2420/2122
f 4397/2421/5 4394/2424/5 4392/2414/5
f 4394/2422/2121 4396/2273/2121 4283/2275/2121
f 4397/2421/5 4398/2427/5 4396/2423/5
f 4389/2411/2138 4387/2410/2138 4399/2425/2138
f 4397/2421/2137 4399/2425/2137 4400/2426/2137
f 4398/2427/2136 4400/2426/2136 4401/2428/2136
f 4402/2429/2135 4401/2428/2135 4294/2430/2135
f 4398/2427/5 4402/2429/5 4284/2431/5
f 4402/2429/5 4291/2282/5 4286/2284/5
f 4404/2432/3 4393/2446/3 4395/2433/3
f 4280/2268/3 4403/2434/3 4395/2433/3
s 0
f 4403/2434/5 4405/2436/2151 4406/2435/2150
f 4280/2268/5 4277/2266/6 4405/2436/2149
s 1
f 4405/2436/2371 4407/2438/2371 4408/2437/2371
f 4405/2436/2372 4277/2266/2372 4275/2264/2372
f 4407/2438/2373 4269/2257/2373 4267/2254/2373
f 4407/2438/2374 4275/2264/2374 4271/2259/2375
f 4409/2439/2376 4408/2437/2376 4267/2254/2376
f 4411/2440/2377 4406/2435/2377 4408/2437/2377
f 4409/2439/2378 4265/2251/2378 4263/2252/2378
f 4412/2442/2379 4411/2440/2379 4409/2439/2380
s 0
f 4413/2443/5 4411/2440/6 4412/2442/2128
f 4404/2432/5 4406/2435/6 4411/2440/2127
s 1
f 4414/2444/3 4416/2450/3 4391/2445/3
f 4404/2432/3 4413/2443/3 4391/2445/3
s 0
f 4414/2444/5 4412/2442/6 4418/2447/2129
s 1
f 4414/2444/3 4415/2448/3 4380/2449/3
s 0
f 4415/2448/5 4418/2447/2178 4419/2451/2130
s 1
f 4417/2452/3 4378/2462/3 4380/2449/3
f 4418/2447/2381 4420/2454/2381 4421/2453/2381
f 4412/2442/2657 4410/2441/2657 4420/2454/2657
f 4420/2454/2383 4261/2249/2383 4259/2246/2383
f 4420/2454/2384 4410/2441/2384 4263/2252/2384
f 4422/2455/2385 4421/2453/2385 4259/2246/2385
f 4424/2456/2386 4419/2451/2386 4421/2453/2386
f 4422/2455/2387 4257/2244/2388 4255/2241/2388
f 4424/2456/2389 4422/2455/2389 4423/2457/2389
s 0
f 4426/2459/5 4424/2456/6 4425/2458/2136
f 4417/2452/5 4419/2451/6 4424/2456/2135
s 1
f 4427/2460/3 4429/2466/3 4376/2461/3
f 4417/2452/3 4426/2459/3 4376/2461/3
s 0
f 4427/2460/5 4425/2458/2151 4431/2463/2137
s 1
f 4427/2460/3 4428/2464/3 4365/2465/3
s 0
f 4428/2464/5 4431/2463/6 4432/2467/2138
s 1
f 4430/2468/3 4363/2478/3 4365/2465/3
f 4432/2467/2390 4431/2463/2390 4433/2469/2390
f 4431/2463/2391 4425/2458/2391 4423/2457/2391
f 4434/2470/2392 4433/2469/2392 4253/2242/2392
f 4433/2469/2393 4423/2457/2393 4255/2241/2393
f 4435/2471/2394 4434/2470/2394 4251/2237/2394
f 4432/2467/2395 4434/2470/2395 4435/2471/2395
f 4435/2471/2396 4249/2238/2396 4247/2233/2396
f 4437/2472/2397 4435/2471/2397 4436/2473/2397
s 0
f 4439/2475/5 4437/2472/2178 4438/2474/2141
f 4430/2468/5 4432/2467/6 4437/2472/2140
s 1
f 4440/2476/3 4442/2481/3 4361/2477/3
f 4439/2475/3 4361/2477/3 4363/2478/3
s 0
f 4440/2476/5 4438/2474/6 4444/2479/2142
s 1
f 4441/2480/3 4350/2485/3 4442/2481/3
s 0
f 4441/2480/5 4444/2479/6 4445/2482/2143
s 1
f 4441/2480/3 4443/2483/3 4348/2484/3
f 4444/2479/2398 4446/2487/2398 4447/2486/2398
f 4438/2474/2399 4436/2473/2399 4446/2487/2399
f 4447/2486/2400 4446/2487/2400 4245/2234/2400
f 4446/2487/2401 4436/2473/2401 4247/2233/2401
f 4448/2488/2402 4447/2772/2402 4243/2231/2402
f 4445/2482/2403 4447/2772/2403 4448/2488/2403
f 4449/2490/2404 4448/2488/2404 4241/2227/2404
f 4450/2489/2405 4448/2488/2405 4449/2490/2405
s 0
f 4452/2492/5 4450/2489/6 4451/2491/2148
f 4443/2483/5 4445/2482/6 4450/2489/2147
s 1
f 4453/2493/3 4455/2497/3 4346/2494/3
f 4452/2492/3 4346/2494/3 4348/2484/3
s 0
f 4453/2493/5 4451/2491/6 4457/2495/2123
s 1
f 4454/2496/3 4335/2501/3 4455/2497/3
s 0
f 4454/2496/5 4457/2495/6 4458/2498/2124
s 1
f 4454/2496/3 4456/2499/3 4333/2500/3
f 4457/2495/2406 4459/2503/2406 4460/2502/2406
f 4451/2491/2407 4449/2490/2407 4459/2503/2407
f 4460/2502/2408 4459/2503/2408 4237/2223/2409
f 4449/2490/2410 4239/2228/2410 4237/2223/2410
f 4461/2504/2411 4460/2502/2411 4235/2224/2411
f 4458/2498/2412 4460/2502/2412 4461/2504/2412
f 4461/2504/2413 4233/2221/2413 4231/2218/2413
f 4463/2505/2414 4461/2504/2414 4462/2506/2414
s 0
f 4465/2508/5 4463/2505/6 4464/2507/2126
f 4456/2499/5 4458/2498/6 4463/2505/2125
s 1
f 4466/2509/3 4468/2514/3 4331/2510/3
f 4456/2499/3 4465/2508/3 4331/2510/3
s 0
f 4466/2509/5 4464/2507/2151 4470/2511/2131
s 1
f 4466/2509/3 4467/2512/3 4320/2513/3
s 0
f 4467/2512/5 4470/2511/6 4471/2515/2132
s 1
f 4469/2516/3 4318/2529/3 4320/2513/3
f 4470/2511/2415 4472/2519/2415 4473/2517/2415
f 4470/2511/2416 4464/2507/2416 4462/2506/2416
f 4472/2519/2417 4229/2215/2417 4227/2216/2417
f 4472/2518/2418 4462/2506/2418 4231/2218/2418
f 4473/2517/2419 4227/2216/2420 4225/2211/2420
f 4471/2515/2421 4473/2517/2421 4474/2520/2421
f 4474/2522/2422 4225/2211/2422 4223/2212/2422
f 4476/2521/2423 4474/2522/2423 4475/2523/2423
s 0
f 4478/2525/5 4476/2521/2151 4477/2524/2134
f 4469/2516/5 4471/2515/6 4476/2521/2133
s 1
f 4478/2525/3 4479/2526/3 4481/2527/3
f 4478/2525/3 4316/2528/3 4318/2529/3
s 0
f 4479/2526/5 4477/2524/6 4483/2530/2121
s 1
f 4479/2526/3 4480/2531/3 4305/2532/3
s 0
f 4480/2531/5 4483/2530/6 4484/2533/2122
s 1
f 4482/2534/3 4303/2540/3 4305/2532/3
f 4484/2533/2424 4483/2530/2424 4485/2535/2424
f 4477/2524/2425 4475/2523/2425 4485/2537/2425
f 4485/2535/2426 4221/2207/2426 4219/2208/2426
f 4475/2523/2427 4223/2212/2658 4221/2207/2427
f 4486/2538/2428 4219/2208/2428 4487/2209/2428
f 4141/2539/2429 4484/2533/2429 4486/2538/2429
s 0
f 4482/2534/5 4484/2533/2178 4141/2539/2139
s 1
f 4137/2121/3 4301/2125/3 4303/2540/3
s 0
f 4138/2127/5 4142/2126/6 4278/2136/2144
s 1
usemtl マテリアル.001
f 45/2773/2659 47/2774/2659 46/2775/2659
f 45/2773/2660 63/2776/2660 48/2777/2660
f 49/2778/2661 47/2774/2661 45/2773/2661
f 52/2779/1 45/2773/1 48/2777/1
f 49/2778/2662 51/2780/2662 50/2781/2662
f 52/2779/2663 51/2782/2663 49/2778/2663
f 52/2779/2664 54/2783/2664 53/2784/2664
f 52/2779/2665 55/2785/2665 54/2783/2665
f 53/2786/2666 56/2787/2666 58/2788/2666
f 59/2789/5 54/2790/5 55/2791/5
f 57/2792/2667 58/2793/2667 56/2787/2667
f 60/2794/2668 56/2787/2668 59/2789/2668
f 60/2795/2669 59/2796/2669 61/2797/2669
f 55/2791/2670 61/2797/2670 59/2789/2670
f 60/2795/2671 62/2798/2671 65/2799/2671
f 62/2798/2 63/2800/2 46/2801/2
f 48/2777/2672 63/2776/2672 55/2785/2672
f 64/2802/2673 65/2799/2673 62/2798/2673
f 64/2802/2674 46/2801/2674 47/2803/2674
f 65/2804/2675 68/2805/2675 66/2806/2675
f 60/2807/6 66/2808/6 57/2809/6
f 66/2806/2676 68/2805/2676 67/2810/2676
f 66/2808/2677 58/2788/2677 57/2809/2677
f 50/2811/2678 67/2812/2678 68/2805/2678
f 68/2805/3 47/2813/3 50/2811/3
f 58/2788/4 51/2782/4 53/2786/4
f 45/2773/2660 46/2775/2660 63/2776/2660
f 49/2778/2661 50/2781/2661 47/2774/2661
f 52/2779/1 49/2778/1 45/2773/1
f 52/2779/2663 53/2786/2663 51/2782/2663
f 52/2779/2665 48/2777/2665 55/2785/2665
f 53/2786/2666 54/2790/2666 56/2787/2666
f 59/2789/5 56/2787/5 54/2790/5
f 60/2794/2668 57/2792/2668 56/2787/2668
f 55/2791/2670 63/2800/2670 61/2797/2670
f 60/2795/2671 61/2797/2671 62/2798/2671
f 62/2798/2 61/2797/2 63/2800/2
f 64/2802/2674 62/2798/2674 46/2801/2674
f 65/2804/2675 64/2814/2675 68/2805/2675
f 60/2807/6 65/2815/6 66/2808/6
f 66/2808/2677 67/2812/2677 58/2788/2677
f 50/2811/2678 51/2782/2678 67/2812/2678
f 68/2805/3 64/2814/3 47/2813/3
f 58/2788/4 67/2812/4 51/2782/4
