# Blender 4.4.1
# www.blender.org
mtllib GameClearFont.mtl
o テキスト.001
v -14.125238 0.278044 0.061125
v -14.132307 0.309792 0.065333
v -14.143717 0.339317 0.069298
v -14.159138 0.366453 0.072996
v -14.178240 0.391029 0.076401
v -14.200693 0.412877 0.079486
v -14.226166 0.431827 0.082227
v -14.254330 0.447710 0.084598
v -14.284855 0.460359 0.086573
v -14.317408 0.469602 0.088128
v -14.351664 0.475272 0.089235
v -14.387287 0.477200 0.089870
v -14.422920 0.475272 0.090004
v -14.457190 0.469602 0.089636
v -14.489771 0.460359 0.088785
v -14.520330 0.447710 0.087468
v -14.548540 0.431827 0.085706
v -14.574066 0.412877 0.083515
v -14.596579 0.391029 0.080915
v -14.615751 0.366453 0.077923
v -14.631248 0.339317 0.074559
v -14.642742 0.309792 0.070841
v -14.649899 0.278044 0.066787
v -14.652391 0.244245 0.062415
v -14.649992 0.210513 0.057999
v -14.642923 0.178955 0.053816
v -14.631512 0.149715 0.049888
v -14.616091 0.122938 0.046237
v -14.596987 0.098768 0.042885
v -14.574535 0.077351 0.039856
v -14.549061 0.058832 0.037171
v -14.520897 0.043354 0.034853
v -14.490372 0.031064 0.032924
v -14.457815 0.022106 0.031407
v -14.423561 0.016625 0.030324
v -14.387938 0.014766 0.029698
v -14.351439 0.016625 0.029546
v -14.316599 0.022106 0.029883
v -14.283710 0.031064 0.030694
v -14.253057 0.043354 0.031962
v -14.224926 0.058832 0.033673
v -14.199610 0.077351 0.035810
v -14.177389 0.098768 0.038357
v -14.158558 0.122938 0.041300
v -14.143398 0.149715 0.044621
v -14.132200 0.178955 0.048305
v -14.125252 0.210513 0.052337
v -14.122839 0.244245 0.056701
v -14.156719 2.632907 0.367920
v -14.611801 2.632907 0.372830
v -14.604103 2.222627 0.319355
v -14.523256 0.873572 0.142920
v -14.250208 0.873572 0.139974
v -14.165569 2.222627 0.314623
v -11.233801 1.193451 0.149053
v -11.219408 1.238176 0.154718
v -11.199703 1.292801 0.161614
v -11.175589 1.355346 0.169493
v -11.147978 1.423831 0.178108
v -11.117773 1.496275 0.187210
v -11.085886 1.570700 0.196551
v -11.053225 1.645124 0.205884
v -11.020691 1.717568 0.214960
v -10.989202 1.786053 0.223533
v -10.959660 1.848598 0.231354
v -10.932972 1.903223 0.238174
v -10.910046 1.947948 0.243747
v -11.211933 2.034872 0.258317
v -11.232172 1.993801 0.253190
v -11.256962 1.941574 0.246661
v -11.285328 1.880365 0.239002
v -11.316288 1.812348 0.230484
v -11.348866 1.739694 0.221381
v -11.382078 1.664577 0.211964
v -11.414946 1.589171 0.202505
v -11.446487 1.515648 0.193278
v -11.475727 1.446182 0.184553
v -11.501682 1.382945 0.176604
v -11.523375 1.328110 0.169702
v -11.539822 1.283852 0.164120
v -12.618826 1.570945 0.213124
v -12.586679 1.476178 0.200445
v -12.551399 1.382184 0.187832
v -12.512800 1.289131 0.175306
v -12.470692 1.197189 0.162886
v -12.424892 1.106527 0.150594
v -12.375214 1.017314 0.138448
v -12.321465 0.929718 0.126468
v -12.263462 0.843909 0.114675
v -12.201019 0.760056 0.103089
v -12.133945 0.678328 0.091729
v -12.062059 0.598893 0.080616
v -11.964554 0.499279 0.066601
v -11.862446 0.405520 0.053297
v -11.756306 0.317532 0.040702
v -11.646713 0.235230 0.028808
v -11.534237 0.158530 0.017613
v -11.419455 0.087347 0.007111
v -11.302940 0.021597 -0.002703
v -11.185270 -0.038805 -0.011833
v -11.067020 -0.093943 -0.020284
v -10.948763 -0.143902 -0.028062
v -10.831072 -0.188766 -0.035170
v -10.714521 -0.228620 -0.041615
v -10.441143 0.004335 -0.014248
v -10.561888 0.036902 -0.008707
v -10.683716 0.075371 -0.002387
v -10.805824 0.119564 0.004682
v -10.927406 0.169297 0.012466
v -11.047659 0.224391 0.020934
v -11.165777 0.284664 0.030052
v -11.280960 0.349935 0.039789
v -11.392403 0.420024 0.050113
v -11.499298 0.494748 0.060991
v -11.600843 0.573927 0.072390
v -11.696236 0.657380 0.084280
v -11.784668 0.744925 0.096627
v -11.856310 0.823367 0.107609
v -11.924412 0.907134 0.119245
v -11.988714 0.995754 0.131471
v -12.048958 1.088756 0.144224
v -12.104891 1.185670 0.157440
v -12.156248 1.286025 0.171054
v -12.202772 1.389349 0.185002
v -12.244211 1.495173 0.199221
v -12.280304 1.603024 0.213646
v -12.310789 1.712434 0.228213
v -12.335415 1.822929 0.242859
v -12.353918 1.934041 0.257518
v -12.709843 1.840163 0.249142
v -12.702881 1.822267 0.246738
v -12.696392 1.805072 0.244430
v -12.690331 1.788552 0.242215
v -12.684658 1.772684 0.240088
v -12.679327 1.757445 0.238048
v -12.674297 1.742808 0.236089
v -12.669525 1.728752 0.234208
v -12.664970 1.715250 0.232402
v -12.660585 1.702280 0.230666
v -12.656330 1.689817 0.228999
v -12.652159 1.677837 0.227395
v -12.648029 1.666316 0.225851
v -10.315664 0.977880 0.111092
v -10.296810 1.028930 0.117532
v -10.272142 1.090157 0.125234
v -10.242750 1.159279 0.133912
v -10.209730 1.234015 0.143281
v -10.174177 1.312084 0.153057
v -10.137186 1.391202 0.162954
v -10.099854 1.469090 0.172688
v -10.063271 1.543464 0.181972
v -10.028536 1.612043 0.190522
v -9.996742 1.672545 0.198052
v -9.968988 1.722689 0.204278
v -9.946363 1.760193 0.208915
v -10.252367 1.861025 0.225339
v -10.275715 1.817609 0.219941
v -10.303659 1.763461 0.213195
v -10.335268 1.700596 0.205356
v -10.369600 1.631031 0.196673
v -10.405722 1.556782 0.187400
v -10.442690 1.479864 0.177789
v -10.479576 1.402295 0.168093
v -10.515440 1.326090 0.158563
v -10.549347 1.253265 0.149451
v -10.580359 1.185837 0.141011
v -10.607538 1.125822 0.133494
v -10.629948 1.075235 0.127153
v -8.315933 2.048780 0.228877
v -8.294041 2.085712 0.233447
v -8.270033 2.124902 0.238288
v -8.244213 2.165855 0.243339
v -8.216883 2.208076 0.248539
v -8.188345 2.251069 0.253826
v -8.158899 2.294339 0.259139
v -8.128851 2.337393 0.264418
v -8.098503 2.379734 0.269600
v -8.068157 2.420867 0.274626
v -8.038113 2.460299 0.279433
v -8.008677 2.497533 0.283961
v -7.980150 2.532075 0.288148
v -8.199305 2.612045 0.300920
v -8.227043 2.579032 0.296923
v -8.256136 2.542941 0.292541
v -8.286205 2.504314 0.287838
v -8.316885 2.463696 0.282883
v -8.347795 2.421628 0.277742
v -8.378563 2.378655 0.272482
v -8.408815 2.335320 0.267169
v -8.438173 2.292166 0.261870
v -8.466270 2.249737 0.256651
v -8.492725 2.208575 0.251580
v -8.517168 2.169223 0.246723
v -8.539221 2.132226 0.242146
v -8.783228 2.191335 0.252471
v -8.759508 2.230458 0.257307
v -8.734121 2.271079 0.262319
v -8.707296 2.312810 0.267460
v -8.679264 2.355266 0.272683
v -8.650253 2.398060 0.277939
v -8.620497 2.440805 0.283181
v -8.590223 2.483116 0.288360
v -8.559662 2.524606 0.293430
v -8.529047 2.564889 0.298342
v -8.498606 2.603578 0.303048
v -8.468571 2.640287 0.307501
v -8.439171 2.674630 0.311653
v -8.654188 2.754600 0.324381
v -8.683119 2.719927 0.320180
v -8.713663 2.682357 0.315621
v -8.745359 2.642468 0.310772
v -8.777750 2.600842 0.305704
v -8.810371 2.558056 0.300488
v -8.842762 2.514691 0.295194
v -8.874462 2.471325 0.289893
v -8.905016 2.428540 0.284655
v -8.933958 2.386913 0.279550
v -8.960829 2.347024 0.274649
v -8.985168 2.309454 0.270022
v -9.006514 2.274781 0.265740
v -7.992779 1.690437 0.178756
v -8.053946 1.689785 0.179332
v -8.115082 1.688699 0.179850
v -8.176088 1.687177 0.180310
v -8.236866 1.685222 0.180712
v -8.297314 1.682831 0.181053
v -8.357332 1.680006 0.181333
v -8.416821 1.676747 0.181550
v -8.475676 1.673052 0.181705
v -8.533800 1.668923 0.181795
v -8.591091 1.664360 0.181819
v -8.647449 1.659362 0.181777
v -8.639547 1.395114 0.147303
v -8.586123 1.401048 0.147499
v -8.531448 1.406655 0.147639
v -8.475655 1.411901 0.147719
v -8.418871 1.416748 0.147737
v -8.361225 1.421161 0.147689
v -8.302847 1.425103 0.147572
v -8.243868 1.428537 0.147383
v -8.184414 1.431429 0.147118
v -8.124617 1.433741 0.146773
v -8.064604 1.435437 0.146346
v -8.004507 1.436481 0.145834
v -7.944452 1.436837 0.145232
v -7.879459 1.436550 0.144493
v -7.814770 1.435694 0.143684
v -7.750338 1.434284 0.142805
v -7.686121 1.432330 0.141858
v -7.622078 1.429845 0.140844
v -7.558167 1.426841 0.139763
v -7.494339 1.423330 0.138617
v -7.430557 1.419324 0.137408
v -7.366776 1.414835 0.136135
v -7.302950 1.409875 0.134801
v -7.239042 1.404456 0.133406
v -7.175003 1.398591 0.131952
v -7.174637 1.659362 0.165884
v -7.230532 1.663630 0.167043
v -7.288454 1.667716 0.168199
v -7.348185 1.671586 0.169348
v -7.409512 1.675201 0.170480
v -7.472218 1.678527 0.171589
v -7.536087 1.681527 0.172669
v -7.600906 1.684165 0.173712
v -7.666456 1.686405 0.174710
v -7.732527 1.688210 0.175658
v -7.798897 1.689544 0.176548
v -7.865355 1.690371 0.177373
v -7.931684 1.690654 0.178125
v -7.207737 0.460848 0.010270
v -7.216042 0.420845 0.005154
v -7.231440 0.382073 0.000274
v -7.255239 0.345076 -0.004284
v -7.288746 0.310397 -0.008435
v -7.333269 0.278580 -0.012095
v -7.390110 0.250166 -0.015179
v -7.460579 0.225701 -0.017603
v -7.545979 0.205727 -0.019281
v -7.647621 0.190787 -0.020128
v -7.766809 0.181424 -0.020061
v -7.904848 0.178183 -0.018993
v -7.972393 0.178688 -0.018198
v -8.040451 0.180195 -0.017268
v -8.108854 0.182692 -0.016205
v -8.177429 0.186167 -0.015012
v -8.245998 0.190608 -0.013695
v -8.314398 0.196002 -0.012255
v -8.382452 0.202338 -0.010696
v -8.449984 0.209604 -0.009021
v -8.516827 0.217787 -0.007235
v -8.582809 0.226876 -0.005340
v -8.647751 0.236858 -0.003341
v -8.711489 0.247722 -0.001239
v -8.699474 -0.033911 -0.038020
v -8.642611 -0.040780 -0.039527
v -8.583750 -0.047432 -0.041028
v -8.522963 -0.053795 -0.042512
v -8.460323 -0.059795 -0.043969
v -8.395903 -0.065360 -0.045388
v -8.329773 -0.070419 -0.046760
v -8.262001 -0.074898 -0.048074
v -8.192665 -0.078725 -0.049320
v -8.121832 -0.081828 -0.050488
v -8.049578 -0.084134 -0.051568
v -7.975971 -0.085570 -0.052549
v -7.901083 -0.086065 -0.053422
v -7.743898 -0.082514 -0.054656
v -7.599321 -0.071852 -0.054828
v -7.467545 -0.054066 -0.053936
v -7.348774 -0.029146 -0.051974
v -7.243208 0.002921 -0.048940
v -7.151051 0.042147 -0.044830
v -7.072498 0.088545 -0.039640
v -7.007757 0.142125 -0.033365
v -6.957026 0.202902 -0.026004
v -6.920506 0.270885 -0.017550
v -6.898399 0.346088 -0.008002
v -6.890905 0.428523 0.002645
v -6.891371 0.461562 0.006949
v -6.892826 0.494649 0.011271
v -6.895227 0.527833 0.015615
v -6.898537 0.561162 0.019988
v -6.902704 0.594684 0.024396
v -6.907690 0.628447 0.028843
v -6.913452 0.662500 0.033337
v -6.919949 0.696892 0.037883
v -6.927132 0.731669 0.042486
v -6.934961 0.766881 0.047153
v -6.943394 0.802576 0.051889
v -6.952385 0.838802 0.056701
v -7.262703 0.814464 0.056882
v -7.253782 0.785930 0.053072
v -7.245564 0.757722 0.049313
v -7.238062 0.729876 0.045608
v -7.231297 0.702429 0.041963
v -7.225273 0.675416 0.038383
v -7.220013 0.648874 0.034872
v -7.215525 0.622839 0.031435
v -7.211828 0.597348 0.028078
v -7.208935 0.572436 0.024805
v -7.206861 0.548139 0.021621
v -7.205620 0.524495 0.018530
v -7.205221 0.501539 0.015538
v -6.320444 2.186753 0.225300
v -6.327126 2.216397 0.229230
v -6.333464 2.245390 0.233071
v -6.339457 2.273622 0.236810
v -6.345106 2.300985 0.240432
v -6.350412 2.327370 0.243923
v -6.355377 2.352669 0.247269
v -6.359997 2.376772 0.250455
v -6.364275 2.399571 0.253468
v -6.368210 2.420958 0.256294
v -6.371803 2.440824 0.258918
v -6.375051 2.459059 0.261326
v -6.378893 2.483792 0.264586
v -6.382219 2.509153 0.267923
v -6.385029 2.534900 0.271304
v -6.387320 2.560792 0.274698
v -6.389095 2.586588 0.278074
v -6.390350 2.612045 0.281401
v -6.391090 2.636923 0.284646
v -6.391315 2.660980 0.287779
v -6.391026 2.683975 0.290768
v -6.390219 2.705665 0.293582
v -6.388899 2.725811 0.296190
v -6.387062 2.744169 0.298559
v -6.784266 2.716353 0.299225
v -6.777929 2.696938 0.296631
v -6.771338 2.675483 0.293767
v -6.764576 2.652410 0.290692
v -6.757729 2.628142 0.287460
v -6.750883 2.603101 0.284127
v -6.744125 2.577710 0.280750
v -6.737539 2.552392 0.277384
v -6.731209 2.527568 0.274085
v -6.725224 2.503662 0.270909
v -6.719666 2.481096 0.267913
v -6.714624 2.460293 0.265151
v -6.710182 2.441675 0.262680
v -6.648487 2.184381 0.228531
v -6.715776 2.191622 0.230199
v -6.783154 2.199431 0.231943
v -6.850527 2.207796 0.233758
v -6.917814 2.216704 0.235644
v -6.984928 2.226142 0.237596
v -7.051785 2.236100 0.239613
v -7.118294 2.246566 0.241693
v -7.184372 2.257525 0.243832
v -7.249929 2.268968 0.246029
v -7.314886 2.280882 0.248280
v -7.379150 2.293255 0.250584
v -7.442642 2.306074 0.252937
v -7.443024 2.034872 0.217648
v -7.375149 2.022121 0.215256
v -7.306053 2.009938 0.212925
v -7.235895 1.998310 0.210655
v -7.164831 1.987225 0.208445
v -7.093018 1.976672 0.206297
v -7.020615 1.966637 0.204210
v -6.947781 1.957110 0.202184
v -6.874676 1.948077 0.200220
v -6.801451 1.939528 0.198317
v -6.728270 1.931449 0.196476
v -6.655289 1.923829 0.194697
v -6.582668 1.916656 0.192980
v -6.572376 1.878273 0.187874
v -6.562054 1.839648 0.182736
v -6.551676 1.800830 0.177572
v -6.541210 1.761868 0.172389
v -6.530628 1.722808 0.167191
v -6.519905 1.683701 0.161986
v -6.509008 1.644593 0.156779
v -6.497913 1.605534 0.151577
v -6.486584 1.566571 0.146384
v -6.474998 1.527753 0.141207
v -6.463123 1.489128 0.136053
v -6.450935 1.450745 0.130926
v -6.411238 1.322933 0.113865
v -6.366722 1.187672 0.095782
v -6.318079 1.046930 0.076941
v -6.265993 0.902675 0.057606
v -6.211149 0.756875 0.038040
v -6.154242 0.611497 0.018507
v -6.095947 0.468510 -0.000730
v -6.036959 0.329881 -0.019407
v -5.977961 0.197578 -0.037261
v -5.919641 0.073568 -0.054029
v -5.862686 -0.040179 -0.069446
v -5.807781 -0.141696 -0.083250
v -5.443567 -0.037388 -0.073605
v -5.506329 0.059061 -0.060377
v -5.570324 0.168041 -0.045504
v -5.634907 0.287598 -0.029248
v -5.699434 0.415774 -0.011871
v -5.763262 0.550614 0.006365
v -5.825748 0.690163 0.025200
v -5.886246 0.832464 0.044371
v -5.944117 0.975562 0.063618
v -5.998713 1.117501 0.082679
v -6.049391 1.256326 0.101292
v -6.095507 1.390080 0.119196
v -6.136421 1.516807 0.136129
v -6.145683 1.545840 0.140008
v -6.154932 1.575513 0.143969
v -6.164154 1.605741 0.148002
v -6.173330 1.636440 0.152096
v -6.182451 1.667525 0.156240
v -6.191498 1.698912 0.160422
v -6.200459 1.730517 0.164632
v -6.209318 1.762254 0.168858
v -6.218063 1.794039 0.173089
v -6.226679 1.825789 0.177313
v -6.235149 1.857417 0.181521
v -6.243464 1.888840 0.185700
v -6.209511 1.887175 0.185117
v -6.175917 1.885654 0.184556
v -6.142694 1.884277 0.184019
v -6.109859 1.883046 0.183504
v -6.077427 1.881959 0.183013
v -6.045412 1.881018 0.182545
v -6.013828 1.880221 0.182100
v -5.982687 1.879569 0.181679
v -5.952005 1.879062 0.181282
v -5.921801 1.878699 0.180909
v -5.892080 1.878482 0.180560
v -5.862865 1.878409 0.180235
v -5.818027 1.878550 0.179770
v -5.774450 1.878957 0.179353
v -5.732025 1.879604 0.178979
v -5.690634 1.880470 0.178645
v -5.650164 1.881528 0.178346
v -5.610497 1.882756 0.178078
v -5.571516 1.884128 0.177836
v -5.533112 1.885621 0.177616
v -5.495165 1.887210 0.177413
v -5.457563 1.888873 0.177224
v -5.420195 1.890583 0.177043
v -5.382940 1.892317 0.176867
v -5.370148 2.163519 0.212022
v -5.418793 2.158658 0.211914
v -5.465542 2.154473 0.211874
v -5.510567 2.150915 0.211897
v -5.554039 2.147937 0.211978
v -5.596132 2.145490 0.212114
v -5.637020 2.143527 0.212300
v -5.676870 2.141997 0.212531
v -5.715860 2.140854 0.212803
v -5.754156 2.140049 0.213111
v -5.791939 2.139534 0.213452
v -5.829372 2.139261 0.213820
v -5.866636 2.139180 0.214212
v -5.901024 2.139323 0.214602
v -5.935930 2.139744 0.215033
v -5.971354 2.140430 0.215505
v -6.007294 2.141369 0.216015
v -6.043749 2.142550 0.216562
v -6.080723 2.143961 0.217144
v -6.118212 2.145589 0.217761
v -6.156221 2.147422 0.218409
v -6.194744 2.149448 0.219089
v -6.233788 2.151655 0.219797
v -6.273344 2.154032 0.220533
v -6.313417 2.156565 0.221295
v -2.258909 2.253920 0.190214
v -2.304095 2.483398 0.220565
v -2.307938 2.510590 0.224145
v -2.311279 2.536647 0.227572
v -2.314134 2.561738 0.230869
v -2.316515 2.586033 0.234056
v -2.318438 2.609699 0.237157
v -2.319917 2.632907 0.240193
v -2.320964 2.655825 0.243186
v -2.321595 2.678622 0.246160
v -2.321825 2.701468 0.249136
v -2.321665 2.724531 0.252135
v -2.321132 2.747980 0.255181
v -2.320239 2.771985 0.258295
v -2.688467 2.754600 0.260006
v -2.681346 2.730859 0.256840
v -2.674398 2.706647 0.253614
v -2.667624 2.682073 0.250343
v -2.661022 2.657245 0.247041
v -2.654593 2.632273 0.243722
v -2.648336 2.607264 0.240399
v -2.642251 2.582328 0.237089
v -2.636340 2.557573 0.233803
v -2.630599 2.533108 0.230558
v -2.625030 2.509041 0.227365
v -2.619634 2.485481 0.224241
v -2.614408 2.462537 0.221199
v -2.569183 2.260874 0.194467
v -2.695493 2.266016 0.196499
v -2.825723 2.272753 0.198781
v -2.959141 2.281083 0.201305
v -3.095013 2.291007 0.204063
v -3.232606 2.302525 0.207046
v -3.371188 2.315635 0.210248
v -3.510026 2.330340 0.213660
v -3.648389 2.346638 0.217274
v -3.785542 2.364530 0.221082
v -3.920754 2.384015 0.225077
v -4.053292 2.405094 0.229250
v -4.182424 2.427767 0.233594
v -4.186936 2.160042 0.198802
v -4.062500 2.142893 0.195227
v -3.931844 2.126287 0.191656
v -3.795984 2.110333 0.188114
v -3.655946 2.095139 0.184626
v -3.512745 2.080815 0.181216
v -3.367401 2.067468 0.177911
v -3.220936 2.055208 0.174735
v -3.074369 2.044144 0.171714
v -2.928720 2.034383 0.168872
v -2.785007 2.026035 0.166235
v -2.644251 2.019208 0.163827
v -2.507473 2.014010 0.161675
v -2.488544 1.940296 0.151878
v -2.468841 1.865580 0.141942
v -2.448447 1.790453 0.131945
v -2.427450 1.715508 0.121965
v -2.405935 1.641335 0.112081
v -2.383987 1.568527 0.102369
v -2.361691 1.497674 0.092908
v -2.339133 1.429368 0.083775
v -2.316399 1.364202 0.075049
v -2.293571 1.302766 0.066808
v -2.270740 1.245651 0.059129
v -2.247987 1.193451 0.052090
v -2.338186 1.243820 0.059618
v -2.429083 1.288986 0.066477
v -2.520846 1.329106 0.072688
v -2.613653 1.364336 0.078274
v -2.707672 1.394834 0.083258
v -2.803077 1.420756 0.087661
v -2.900038 1.442260 0.091505
v -2.998730 1.459502 0.094814
v -3.099324 1.472639 0.097609
v -3.201992 1.481828 0.099913
v -3.306906 1.487227 0.101747
v -3.414238 1.488991 0.103135
v -3.572945 1.483215 0.104096
v -3.719900 1.466246 0.103474
v -3.854718 1.438630 0.101335
v -3.977011 1.400909 0.097745
v -4.086387 1.353626 0.092772
v -4.182460 1.297325 0.086482
v -4.264840 1.232549 0.078941
v -4.333139 1.159841 0.070216
v -4.386970 1.079744 0.060373
v -4.425941 0.992802 0.049480
v -4.449667 0.899559 0.037601
v -4.457758 0.800556 0.024805
v -4.439850 0.629133 0.002303
v -4.386808 0.476315 -0.018157
v -4.300415 0.341871 -0.036585
v -4.182450 0.225572 -0.052993
v -4.034696 0.127189 -0.067390
v -3.858934 0.046493 -0.079789
v -3.656947 -0.016746 -0.090198
v -3.430514 -0.062757 -0.098629
v -3.181417 -0.091770 -0.105093
v -2.911440 -0.104013 -0.109599
v -2.622363 -0.099717 -0.112160
v -2.315968 -0.079111 -0.112784
v -2.232840 0.195567 -0.077935
v -2.470749 0.173072 -0.078296
v -2.704460 0.161635 -0.077262
v -2.930831 0.161885 -0.074787
v -3.146711 0.174448 -0.070822
v -3.348957 0.199954 -0.065321
v -3.534418 0.239029 -0.058234
v -3.699950 0.292302 -0.049515
v -3.842406 0.360400 -0.039116
v -3.958639 0.443952 -0.026989
v -4.045500 0.543584 -0.013086
v -4.099845 0.659925 0.002641
v -4.118525 0.793602 0.020239
v -4.113109 0.857481 0.028494
v -4.097109 0.918402 0.036249
v -4.070629 0.975870 0.043442
v -4.033767 1.029391 0.050009
v -3.986626 1.078468 0.055887
v -3.929309 1.122608 0.061013
v -3.861913 1.161315 0.065323
v -3.784542 1.194095 0.068754
v -3.697297 1.220452 0.071243
v -3.600281 1.239891 0.072726
v -3.493591 1.251917 0.073139
v -3.377331 1.256036 0.072421
v -3.255116 1.253070 0.070716
v -3.134963 1.244189 0.068264
v -3.017375 1.229416 0.065072
v -2.902856 1.208776 0.061151
v -2.791907 1.182292 0.056507
v -2.685031 1.149989 0.051150
v -2.582731 1.111892 0.045088
v -2.485511 1.068023 0.038330
v -2.393872 1.018409 0.030885
v -2.308317 0.963071 0.022760
v -2.229350 0.902035 0.013965
v -2.157473 0.835325 0.004508
v -2.144380 0.822418 0.002687
v -2.131920 0.809715 0.000899
v -2.120034 0.797133 -0.000866
v -2.108665 0.784588 -0.002622
v -2.097755 0.771994 -0.004378
v -2.087249 0.759267 -0.006148
v -2.077087 0.746323 -0.007942
v -2.067213 0.733078 -0.009772
v -2.057570 0.719445 -0.011651
v -2.048099 0.705342 -0.013588
v -2.038744 0.690684 -0.015597
v -2.029448 0.675386 -0.017688
v -1.719032 0.769264 -0.008820
v -1.770697 0.859155 0.003435
v -1.820400 0.954395 0.016366
v -1.868086 1.054102 0.029856
v -1.913698 1.157394 0.043790
v -1.957180 1.263390 0.058054
v -1.998476 1.371210 0.072531
v -2.037531 1.479971 0.087106
v -2.074287 1.588793 0.101664
v -2.108687 1.696793 0.116090
v -2.140677 1.803092 0.130269
v -2.170199 1.906807 0.144085
v -2.197199 2.007056 0.157422
v -2.193062 2.007056 0.157377
v -2.123081 2.007342 0.156659
v -2.053817 2.008183 0.156022
v -1.985299 2.009556 0.155461
v -1.917555 2.011435 0.154974
v -1.850616 2.013797 0.154559
v -1.784509 2.016618 0.154213
v -1.719263 2.019873 0.153933
v -1.654907 2.023540 0.153715
v -1.591471 2.027592 0.153558
v -1.528982 2.032007 0.153459
v -1.467469 2.036759 0.153413
v -1.406961 2.041826 0.153420
v -1.402444 2.313028 0.188664
v -1.459244 2.305291 0.188270
v -1.519589 2.297784 0.187945
v -1.582894 2.290591 0.187692
v -1.648568 2.283796 0.187516
v -1.716022 2.277484 0.187422
v -1.784669 2.271739 0.187416
v -1.853917 2.266646 0.187500
v -1.923180 2.262290 0.187681
v -1.991866 2.258755 0.187962
v -2.059387 2.256125 0.188348
v -2.125154 2.254485 0.188844
v -2.188579 2.253920 0.189455
v 1.205589 2.835417 0.228504
v 1.165093 2.803390 0.224773
v 1.124940 2.770083 0.220872
v 1.085475 2.735799 0.216836
v 1.047042 2.700838 0.212701
v 1.009988 2.665503 0.208503
v 0.974658 2.630096 0.204276
v 0.941397 2.594918 0.200057
v 0.910549 2.560271 0.195881
v 0.882462 2.526458 0.191784
v 0.857478 2.493779 0.187801
v 0.835944 2.462537 0.183967
v 1.067452 2.340843 0.165632
v 1.087003 2.372293 0.169514
v 1.110160 2.405553 0.173593
v 1.136566 2.440262 0.177825
v 1.165861 2.476058 0.182167
v 1.197685 2.512578 0.186576
v 1.231679 2.549460 0.191009
v 1.267483 2.586342 0.195422
v 1.304736 2.622862 0.199773
v 1.343081 2.658658 0.204018
v 1.382157 2.693367 0.208113
v 1.421605 2.726627 0.212016
v 1.461063 2.758077 0.215683
v 1.246085 2.865862 0.232029
v 0.410444 1.313551 0.039033
v 0.412951 1.280954 0.034764
v 0.415746 1.248648 0.030530
v 0.418798 1.216631 0.026330
v 0.422082 1.184904 0.022166
v 0.425568 1.153466 0.018037
v 0.429225 1.122319 0.013944
v 0.433027 1.091461 0.009887
v 0.436945 1.060892 0.005867
v 0.440948 1.030614 0.001883
v 0.445009 1.000625 -0.002063
v 0.449099 0.970926 -0.005972
v -0.411421 0.970926 0.003313
v -0.411421 0.969536 0.003132
v -0.411409 0.965598 0.002620
v -0.411373 0.959463 0.001821
v -0.411294 0.951481 0.000782
v -0.411161 0.942002 -0.000454
v -0.410959 0.931376 -0.001839
v -0.410671 0.919953 -0.003328
v -0.410283 0.908084 -0.004877
v -0.409781 0.896118 -0.006440
v -0.409148 0.884405 -0.007971
v -0.408372 0.873296 -0.009425
v -0.407435 0.863141 -0.010756
v -0.396242 0.710516 -0.030740
v -0.384840 0.573669 -0.048671
v -0.373042 0.451721 -0.064669
v -0.360664 0.343788 -0.078848
v -0.347523 0.248991 -0.091327
v -0.333428 0.166448 -0.102221
v -0.318198 0.095277 -0.111647
v -0.301646 0.034598 -0.119722
v -0.283587 -0.016472 -0.126563
v -0.263835 -0.058813 -0.132286
v -0.242204 -0.093307 -0.137009
v -0.218509 -0.120835 -0.140847
v -0.202745 -0.134829 -0.142838
v -0.186389 -0.147314 -0.144639
v -0.169371 -0.158375 -0.146262
v -0.151616 -0.168095 -0.147719
v -0.133057 -0.176560 -0.149021
v -0.113619 -0.183854 -0.150180
v -0.093231 -0.190062 -0.151208
v -0.071823 -0.195267 -0.152116
v -0.049321 -0.199555 -0.152917
v -0.025655 -0.203010 -0.153622
v -0.000752 -0.205716 -0.154243
v 0.025458 -0.207758 -0.154791
v 0.051006 -0.209352 -0.155275
v 0.079888 -0.210656 -0.155756
v 0.111815 -0.211670 -0.156232
v 0.146501 -0.212394 -0.156701
v 0.183657 -0.212829 -0.157158
v 0.222999 -0.212974 -0.157602
v 0.264235 -0.212829 -0.158028
v 0.307082 -0.212394 -0.158434
v 0.351251 -0.211670 -0.158816
v 0.396454 -0.210656 -0.159172
v 0.442404 -0.209352 -0.159498
v 0.488815 -0.207758 -0.159791
v 0.490466 -0.189899 -0.157485
v 0.493254 -0.171218 -0.155084
v 0.497103 -0.151910 -0.152613
v 0.501945 -0.132167 -0.150096
v 0.507707 -0.112183 -0.147557
v 0.514318 -0.092150 -0.145022
v 0.521702 -0.072262 -0.142513
v 0.529792 -0.052712 -0.140056
v 0.538511 -0.033694 -0.137675
v 0.547790 -0.015400 -0.135395
v 0.557557 0.001977 -0.133239
v 0.567739 0.018243 -0.131232
v 0.523488 0.014249 -0.131274
v 0.479929 0.010919 -0.131237
v 0.437405 0.008193 -0.131133
v 0.396260 0.006009 -0.130974
v 0.356840 0.004309 -0.130769
v 0.319489 0.003032 -0.130533
v 0.284553 0.002116 -0.130275
v 0.252375 0.001502 -0.130007
v 0.223299 0.001130 -0.129742
v 0.197672 0.000939 -0.129490
v 0.175837 0.000868 -0.129264
v 0.158139 0.000858 -0.129074
v 0.142181 0.000213 -0.128986
v 0.127358 0.000037 -0.128849
v 0.113599 0.000369 -0.128657
v 0.100832 0.001245 -0.128406
v 0.088985 0.002700 -0.128089
v 0.077987 0.004770 -0.127700
v 0.067765 0.007492 -0.127236
v 0.058249 0.010903 -0.126689
v 0.049365 0.015038 -0.126055
v 0.041043 0.019933 -0.125328
v 0.033210 0.025626 -0.124503
v 0.025795 0.032151 -0.123574
v 0.010730 0.048169 -0.121327
v -0.003494 0.070478 -0.118270
v -0.016904 0.099571 -0.114339
v -0.029527 0.135944 -0.109470
v -0.041393 0.180092 -0.103596
v -0.052528 0.232510 -0.096655
v -0.062963 0.293693 -0.088580
v -0.072722 0.364135 -0.079307
v -0.081837 0.444332 -0.068772
v -0.090334 0.534779 -0.056910
v -0.098242 0.635971 -0.043656
v -0.105586 0.748402 -0.028945
v 0.494295 0.748402 -0.035419
v 0.527015 0.637870 -0.050156
v 0.566007 0.532300 -0.064315
v 0.612015 0.431728 -0.077900
v 0.665789 0.336191 -0.090913
v 0.728072 0.245724 -0.103358
v 0.799615 0.160363 -0.115239
v 0.881163 0.080146 -0.126558
v 0.973462 0.005108 -0.137319
v 1.077261 -0.064715 -0.147526
v 1.193307 -0.129286 -0.157181
v 1.322346 -0.188569 -0.166288
v 1.465126 -0.242528 -0.174851
v 1.474415 -0.227871 -0.173044
v 1.485546 -0.211911 -0.171087
v 1.498288 -0.194937 -0.169016
v 1.512410 -0.177238 -0.166865
v 1.527681 -0.159105 -0.164670
v 1.543873 -0.140827 -0.162466
v 1.560754 -0.122694 -0.160288
v 1.578093 -0.104995 -0.158172
v 1.595661 -0.088021 -0.156153
v 1.613229 -0.072061 -0.154265
v 1.630563 -0.057405 -0.152545
v 1.647436 -0.044342 -0.151027
v 1.523195 -0.001321 -0.144088
v 1.410580 0.046011 -0.136713
v 1.308975 0.097615 -0.128901
v 1.217762 0.153458 -0.120650
v 1.136322 0.213502 -0.111957
v 1.064039 0.277710 -0.102821
v 1.000294 0.346048 -0.093240
v 0.944471 0.418478 -0.083212
v 0.895950 0.494965 -0.072734
v 0.854115 0.575472 -0.061806
v 0.818348 0.659963 -0.050425
v 0.788031 0.748402 -0.038588
v 1.350677 0.748402 -0.044660
v 1.350965 0.953542 -0.017966
v 1.368701 0.943183 -0.019506
v 1.386753 0.932970 -0.021030
v 1.405092 0.922901 -0.022538
v 1.423692 0.912977 -0.024030
v 1.442520 0.903198 -0.025506
v 1.461549 0.893564 -0.026965
v 1.480751 0.884075 -0.028407
v 1.500098 0.874731 -0.029832
v 1.519559 0.865531 -0.031239
v 1.539106 0.856477 -0.032628
v 1.558712 0.847567 -0.033999
v 1.578346 0.838802 -0.035352
v 1.586349 0.848117 -0.034226
v 1.595747 0.858554 -0.032969
v 1.606380 0.869932 -0.031603
v 1.618093 0.882071 -0.030150
v 1.630726 0.894790 -0.028631
v 1.644119 0.907907 -0.027068
v 1.658118 0.921241 -0.025484
v 1.672563 0.934612 -0.023900
v 1.687292 0.947837 -0.022338
v 1.702152 0.960737 -0.020820
v 1.716981 0.973130 -0.019367
v 1.731625 0.984834 -0.018002
v 1.730340 0.070397 -0.136990
v 1.731002 0.039312 -0.141042
v 1.733147 0.010340 -0.144836
v 1.736875 -0.016581 -0.148379
v 1.742287 -0.041509 -0.151682
v 1.749482 -0.064505 -0.154752
v 1.758563 -0.085631 -0.157599
v 1.769629 -0.104945 -0.160232
v 1.782778 -0.122509 -0.162660
v 1.798115 -0.138382 -0.164891
v 1.815738 -0.152626 -0.166935
v 1.835747 -0.165301 -0.168800
v 1.858245 -0.176466 -0.170496
v 1.883080 -0.186188 -0.172029
v 1.910144 -0.194559 -0.173411
v 1.939594 -0.201674 -0.174654
v 1.971588 -0.207630 -0.175775
v 2.006285 -0.212523 -0.176786
v 2.043841 -0.216451 -0.177702
v 2.084415 -0.219509 -0.178538
v 2.128165 -0.221795 -0.179308
v 2.175250 -0.223405 -0.180025
v 2.225824 -0.224435 -0.180705
v 2.280049 -0.224982 -0.181361
v 2.338081 -0.225143 -0.182009
v 2.340762 -0.207738 -0.179773
v 2.344550 -0.188764 -0.177344
v 2.349345 -0.168534 -0.174763
v 2.355046 -0.147362 -0.172070
v 2.361553 -0.125563 -0.169303
v 2.368764 -0.103450 -0.166503
v 2.376578 -0.081337 -0.163709
v 2.384895 -0.059537 -0.160962
v 2.393613 -0.038366 -0.158301
v 2.402632 -0.018136 -0.155766
v 2.411849 0.000838 -0.153396
v 2.421165 0.018243 -0.151232
v 2.382174 0.017444 -0.150915
v 2.344014 0.016778 -0.150590
v 2.307005 0.016233 -0.150261
v 2.271461 0.015796 -0.149935
v 2.237697 0.015456 -0.149614
v 2.206032 0.015201 -0.149306
v 2.176780 0.015018 -0.149014
v 2.150258 0.014895 -0.148744
v 2.126780 0.014821 -0.148500
v 2.106664 0.014782 -0.148288
v 2.090224 0.014768 -0.148113
v 2.077780 0.014766 -0.147979
v 2.066051 0.015861 -0.147710
v 2.055642 0.017438 -0.147392
v 2.046499 0.019547 -0.147019
v 2.038565 0.022235 -0.146584
v 2.031779 0.025551 -0.146079
v 2.026087 0.029543 -0.145498
v 2.021429 0.034260 -0.144834
v 2.017750 0.039749 -0.144080
v 2.014991 0.046059 -0.143229
v 2.013096 0.053238 -0.142274
v 2.012006 0.061335 -0.141209
v 2.011663 0.070397 -0.140026
v 2.013070 1.071758 -0.009727
v 2.521935 1.071758 -0.015218
v 2.527936 0.957777 -0.030115
v 2.536074 0.842263 -0.045236
v 2.546596 0.725856 -0.060498
v 2.559746 0.609195 -0.075822
v 2.575769 0.492921 -0.091127
v 2.594913 0.377673 -0.106331
v 2.617417 0.264090 -0.121355
v 2.643533 0.152814 -0.136118
v 2.673501 0.044483 -0.150540
v 2.707569 -0.060262 -0.164538
v 2.745981 -0.160781 -0.178034
v 2.788982 -0.256436 -0.190946
v 2.802883 -0.246542 -0.189809
v 2.819427 -0.236105 -0.188629
v 2.838154 -0.225306 -0.187426
v 2.858606 -0.214326 -0.186218
v 2.880322 -0.203346 -0.185023
v 2.902843 -0.192547 -0.183861
v 2.925708 -0.182110 -0.182749
v 2.948456 -0.172216 -0.181707
v 2.970630 -0.163047 -0.180753
v 2.991767 -0.154783 -0.179906
v 3.011410 -0.147606 -0.179184
v 3.029097 -0.141696 -0.178606
v 2.975720 -0.015158 -0.161562
v 2.930630 0.118431 -0.143691
v 2.893131 0.257718 -0.125160
v 2.862535 0.401351 -0.106138
v 2.838147 0.547979 -0.086793
v 2.819280 0.696248 -0.067294
v 2.805238 0.844807 -0.047809
v 2.795333 0.992303 -0.028508
v 2.788871 1.137385 -0.009557
v 2.785162 1.278701 0.008873
v 2.783515 1.414897 0.026615
v 2.783238 1.544623 0.043500
v 2.784981 2.785892 0.205016
v 1.734153 2.785892 0.216356
v 1.731712 1.047419 -0.009858
v 1.658743 1.079440 -0.004903
v 1.588651 1.112934 0.000212
v 1.521377 1.147925 0.005491
v 1.456862 1.184437 0.010939
v 1.395051 1.222494 0.016559
v 1.335884 1.262121 0.022354
v 1.279306 1.303341 0.028329
v 1.225259 1.346179 0.034487
v 1.173683 1.390659 0.040832
v 1.124524 1.436805 0.047368
v 1.077724 1.484641 0.054098
v 1.033223 1.534192 0.061026
v 1.637241 1.534192 0.054509
v 1.637554 1.756716 0.083464
v 0.876325 1.756716 0.091678
v 0.862054 1.782071 0.095132
v 0.848127 1.807727 0.098621
v 0.834546 1.833698 0.102147
v 0.821309 1.859994 0.105712
v 0.808418 1.886629 0.109317
v 0.795873 1.913613 0.112964
v 0.783671 1.940960 0.116655
v 0.771816 1.968681 0.120390
v 0.760307 1.996789 0.124172
v 0.749142 2.025294 0.128003
v 0.738322 2.054211 0.131882
v 0.727847 2.083549 0.135813
v 1.476666 2.083549 0.127733
v 1.476979 2.306074 0.156688
v 0.661967 2.306074 0.165483
v 0.650048 2.355118 0.171994
v 0.638949 2.404910 0.178594
v 0.628628 2.455474 0.185285
v 0.619040 2.506835 0.192073
v 0.610142 2.559018 0.198960
v 0.601891 2.612045 0.205950
v 0.594246 2.665942 0.213046
v 0.587161 2.720732 0.220253
v 0.580595 2.776440 0.227573
v 0.574506 2.833089 0.235011
v 0.568848 2.890704 0.242570
v 0.563579 2.949309 0.250253
v 0.273956 2.931924 0.251116
v 0.280178 2.875056 0.243648
v 0.286631 2.819165 0.236305
v 0.293372 2.764216 0.229082
v 0.300460 2.710172 0.221972
v 0.307951 2.656998 0.214971
v 0.315903 2.604656 0.208074
v 0.324372 2.553112 0.201275
v 0.333417 2.502328 0.194568
v 0.343096 2.452269 0.187949
v 0.353465 2.402897 0.181412
v 0.364583 2.354178 0.174952
v 0.376505 2.306074 0.168563
v -0.033069 2.306074 0.172983
v -0.019206 2.314965 0.173990
v -0.004639 2.324183 0.175033
v 0.010474 2.333618 0.176098
v 0.025976 2.343161 0.177172
v 0.041707 2.352705 0.178244
v 0.057509 2.362139 0.179302
v 0.073226 2.371357 0.180332
v 0.088697 2.380249 0.181322
v 0.103766 2.388705 0.182260
v 0.118274 2.396619 0.183133
v 0.132063 2.403881 0.183929
v 0.144974 2.410382 0.184636
v 0.106950 2.442918 0.189281
v 0.069449 2.477700 0.194212
v 0.032640 2.514365 0.199380
v -0.003304 2.552551 0.204738
v -0.038214 2.591896 0.210234
v -0.071915 2.632038 0.215822
v -0.104236 2.672614 0.221451
v -0.135007 2.713263 0.227073
v -0.164053 2.753622 0.232639
v -0.191205 2.793329 0.238099
v -0.216289 2.832022 0.243405
v -0.239134 2.869339 0.248508
v -0.495723 2.806754 0.243132
v -0.468222 2.760715 0.236844
v -0.439426 2.714857 0.230566
v -0.409424 2.669360 0.224321
v -0.378302 2.624408 0.218135
v -0.346144 2.580179 0.212032
v -0.313035 2.536856 0.206037
v -0.279063 2.494620 0.200174
v -0.244315 2.453651 0.194468
v -0.208874 2.414131 0.188942
v -0.172829 2.376241 0.183622
v -0.136262 2.340161 0.178532
v -0.099262 2.306074 0.173697
v -0.570893 2.306074 0.178786
v -0.571206 2.083549 0.149831
v 0.438250 2.083549 0.138938
v 0.447687 2.054941 0.135114
v 0.457457 2.026502 0.131307
v 0.467543 1.998256 0.127522
v 0.477930 1.970227 0.123763
v 0.488605 1.942439 0.120031
v 0.499554 1.914918 0.116332
v 0.510761 1.887686 0.112667
v 0.522212 1.860767 0.109040
v 0.533894 1.834187 0.105455
v 0.545793 1.807969 0.101915
v 0.557893 1.782138 0.098423
v 0.570179 1.756716 0.094982
v -0.753697 1.756716 0.109267
v -0.754010 1.534192 0.080312
v -0.075523 1.534192 0.072991
v -0.125957 1.485116 0.067148
v -0.179680 1.437127 0.061483
v -0.236362 1.390442 0.056019
v -0.295669 1.345278 0.050781
v -0.357272 1.301852 0.045795
v -0.420840 1.260382 0.041084
v -0.486043 1.221085 0.036674
v -0.552549 1.184179 0.032588
v -0.620028 1.149881 0.028853
v -0.688151 1.118407 0.025492
v -0.756586 1.089976 0.022531
v -0.825001 1.064804 0.019993
v -0.809024 1.053476 0.018347
v -0.792244 1.040530 0.016481
v -0.774892 1.026232 0.014433
v -0.757196 1.010847 0.012240
v -0.739388 0.994641 0.009939
v -0.721695 0.977880 0.007566
v -0.704347 0.960830 0.005160
v -0.687572 0.943755 0.002757
v -0.671604 0.926921 0.000394
v -0.656669 0.910595 -0.001892
v -0.642996 0.895041 -0.004063
v -0.630816 0.880526 -0.006084
v -0.548967 0.916096 -0.002338
v -0.467272 0.956471 0.002035
v -0.386231 1.001241 0.006987
v -0.306348 1.049995 0.012469
v -0.228127 1.102322 0.018435
v -0.152071 1.157812 0.024836
v -0.078682 1.216055 0.031623
v -0.008465 1.276640 0.038750
v 0.058077 1.339157 0.046168
v 0.120442 1.403195 0.053828
v 0.178125 1.468343 0.061684
v 0.230622 1.534192 0.069687
v 0.702253 1.534192 0.064598
v 0.741484 1.478554 0.056934
v 0.782812 1.424620 0.049469
v 0.826269 1.372351 0.042198
v 0.871884 1.321712 0.035116
v 0.919684 1.272666 0.028217
v 0.969699 1.225178 0.021498
v 1.021955 1.179211 0.014952
v 1.076485 1.134729 0.008575
v 1.133315 1.091696 0.002361
v 1.192474 1.050075 -0.003694
v 1.253989 1.009831 -0.009595
v 1.317893 0.970926 -0.015347
v 0.738697 0.970926 -0.009097
v 0.733736 1.000625 -0.005179
v 0.729107 1.030614 -0.001226
v 0.724795 1.060892 0.002761
v 0.720785 1.091461 0.006782
v 0.717062 1.122319 0.010838
v 0.713614 1.153466 0.014929
v 0.710423 1.184904 0.019054
v 0.707478 1.216631 0.023215
v 0.704762 1.248648 0.027411
v 0.702262 1.280954 0.031642
v 0.699965 1.313551 0.035909
v 0.697853 1.346437 0.040211
v 0.408256 1.346437 0.043336
v 2.014432 2.041826 0.116501
v 2.015144 2.549460 0.182555
v 2.511599 2.549460 0.177198
v 2.510886 2.041826 0.111143
v 2.513983 1.301236 0.014732
v 2.013391 1.301236 0.020134
v 2.014105 1.808871 0.086188
v 2.510559 1.808871 0.080831
v 2.510193 1.548100 0.046899
v 6.641755 1.033339 -0.064673
v 6.627815 0.938829 -0.076822
v 6.605931 0.854123 -0.087609
v 6.577122 0.779051 -0.097068
v 6.542408 0.713443 -0.105231
v 6.502808 0.657132 -0.112132
v 6.459342 0.609948 -0.117804
v 6.413032 0.571722 -0.122278
v 6.364894 0.542284 -0.125590
v 6.315949 0.521467 -0.127771
v 6.267218 0.509100 -0.128854
v 6.219719 0.505016 -0.128873
v 6.170618 0.509939 -0.127703
v 6.120610 0.524992 -0.125204
v 6.069813 0.550596 -0.121324
v 6.018342 0.587175 -0.116008
v 5.966313 0.635150 -0.109204
v 5.913840 0.694944 -0.100856
v 5.861041 0.766980 -0.090912
v 5.808028 0.851680 -0.079317
v 5.754919 0.949467 -0.066018
v 5.701828 1.060764 -0.050962
v 5.648873 1.185992 -0.034093
v 5.596167 1.325575 -0.015360
v 5.570853 1.398560 -0.005588
v 5.546461 1.473103 0.004376
v 5.523047 1.549023 0.014508
v 5.500669 1.626137 0.024785
v 5.479384 1.704266 0.035182
v 5.459250 1.783228 0.045675
v 5.440324 1.862842 0.056240
v 5.422662 1.942926 0.066853
v 5.406322 2.023300 0.077489
v 5.391361 2.103783 0.088124
v 5.377837 2.184194 0.098734
v 5.365807 2.264350 0.109296
v 5.557861 2.233686 0.103233
v 5.736503 2.184767 0.094939
v 5.901101 2.119623 0.084685
v 6.051027 2.040281 0.072742
v 6.185652 1.948769 0.059380
v 6.304346 1.847117 0.044871
v 6.406480 1.737352 0.029484
v 6.491425 1.621502 0.013491
v 6.558552 1.501595 -0.002838
v 6.607232 1.379661 -0.019231
v 6.636834 1.257726 -0.035419
v 6.646731 1.137820 -0.051130
v 5.333643 1.094728 -0.042569
v 5.401101 0.937670 -0.063736
v 5.471567 0.795341 -0.083018
v 5.544985 0.667788 -0.100410
v 5.621296 0.555061 -0.115903
v 5.700444 0.457208 -0.129492
v 5.782371 0.374276 -0.141168
v 5.867019 0.306315 -0.150926
v 5.954332 0.253372 -0.158758
v 6.044251 0.215495 -0.164657
v 6.136721 0.192734 -0.168617
v 6.231681 0.185137 -0.170631
v 6.323529 0.192447 -0.170670
v 6.414119 0.214063 -0.168835
v 6.502171 0.249514 -0.165171
v 6.586407 0.298330 -0.159728
v 6.665546 0.360040 -0.152551
v 6.738311 0.434173 -0.143689
v 6.803421 0.520257 -0.133188
v 6.859599 0.617823 -0.121098
v 6.905563 0.726399 -0.107464
v 6.940036 0.845515 -0.092335
v 6.961738 0.974699 -0.075757
v 6.969391 1.113481 -0.057779
v 6.953358 1.299822 -0.033356
v 6.906087 1.480283 -0.009361
v 6.829616 1.652897 0.013927
v 6.725981 1.815696 0.036232
v 6.597219 1.966711 0.057274
v 6.445368 2.103976 0.076776
v 6.272465 2.225523 0.094459
v 6.080546 2.329382 0.110046
v 5.871649 2.413588 0.123259
v 5.647811 2.476171 0.133818
v 5.411069 2.515164 0.141447
v 5.163459 2.528599 0.145868
v 4.928901 2.516902 0.146876
v 4.709883 2.482835 0.144806
v 4.507327 2.427930 0.139847
v 4.322154 2.353721 0.132188
v 4.155285 2.261741 0.122018
v 4.007644 2.153523 0.109528
v 3.880149 2.030600 0.094907
v 3.773725 1.894507 0.078345
v 3.689290 1.746775 0.060031
v 3.627769 1.588938 0.040154
v 3.590081 1.422529 0.018905
v 3.577148 1.249082 -0.003528
v 3.588700 1.071692 -0.026737
v 3.623495 0.904913 -0.048817
v 3.680973 0.749217 -0.069699
v 3.760576 0.605074 -0.089316
v 3.861742 0.472957 -0.107601
v 3.983913 0.353334 -0.124487
v 4.126530 0.246677 -0.139906
v 4.289032 0.153458 -0.153791
v 4.470861 0.074146 -0.166074
v 4.671455 0.009213 -0.176689
v 4.890257 -0.040871 -0.185568
v 5.126706 -0.075634 -0.192643
v 5.321511 0.181660 -0.161262
v 5.288521 0.184408 -0.160548
v 5.255804 0.187422 -0.159803
v 5.223462 0.190678 -0.159030
v 5.191593 0.194151 -0.158234
v 5.160299 0.197817 -0.157419
v 5.129681 0.201652 -0.156590
v 5.099839 0.205632 -0.155750
v 5.070872 0.209733 -0.154904
v 5.042883 0.213930 -0.154056
v 5.015972 0.218200 -0.153210
v 4.990239 0.222518 -0.152370
v 4.965783 0.226860 -0.151541
v 4.833907 0.256873 -0.146212
v 4.704170 0.296592 -0.139643
v 4.578355 0.346163 -0.131835
v 4.458241 0.405729 -0.122787
v 4.345613 0.475437 -0.112500
v 4.242249 0.555431 -0.100974
v 4.149933 0.645856 -0.088210
v 4.070445 0.746857 -0.074209
v 4.005567 0.858578 -0.058970
v 3.957080 0.981164 -0.042493
v 3.926766 1.114761 -0.024780
v 3.916406 1.259513 -0.005831
v 3.924891 1.388715 0.010891
v 3.949744 1.513137 0.026815
v 3.990621 1.631764 0.041812
v 4.047175 1.743581 0.055753
v 4.119060 1.847576 0.068511
v 4.205929 1.942733 0.079957
v 4.307436 2.028039 0.089963
v 4.423237 2.102479 0.098401
v 4.552983 2.165040 0.105143
v 4.696329 2.214707 0.110059
v 4.852929 2.250467 0.113023
v 5.022436 2.271304 0.113906
v 5.036289 2.189051 0.103052
v 5.051220 2.105844 0.092063
v 5.067270 2.021888 0.080964
v 5.084483 1.937389 0.069781
v 5.102902 1.852552 0.058542
v 5.122571 1.767582 0.047272
v 5.143532 1.682684 0.035998
v 5.165830 1.598065 0.024745
v 5.189507 1.513928 0.013540
v 5.214609 1.430479 0.002410
v 5.241175 1.347924 -0.008621
v 5.269252 1.266467 -0.019524
v 9.832888 2.225237 0.056003
v 9.823880 2.255674 0.060061
v 9.815045 2.286136 0.064120
v 9.806383 2.316633 0.068183
v 9.797894 2.347180 0.072250
v 9.789576 2.377786 0.076322
v 9.781431 2.408465 0.080403
v 9.773458 2.439228 0.084492
v 9.765658 2.470088 0.088592
v 9.758031 2.501057 0.092705
v 9.750576 2.532146 0.096831
v 9.743294 2.563368 0.100973
v 10.810670 2.563368 0.089455
v 10.810992 2.792846 0.119315
v 7.997754 2.792846 0.149672
v 7.996914 2.194812 0.071855
v 7.545968 2.194812 0.076721
v 7.545636 1.958379 0.045956
v 7.996582 1.958379 0.041090
v 7.995732 1.353391 -0.037633
v 9.898806 1.353391 -0.058168
v 9.918588 1.322173 -0.062444
v 9.938729 1.291111 -0.066704
v 9.959245 1.260219 -0.070945
v 9.980148 1.229508 -0.075168
v 10.001453 1.198990 -0.079369
v 10.023176 1.168678 -0.083548
v 10.045331 1.138582 -0.087704
v 10.067930 1.108717 -0.091834
v 10.090990 1.079092 -0.095938
v 10.114524 1.049721 -0.100015
v 10.138547 1.020616 -0.104061
v 10.163073 0.991788 -0.108078
v 7.891797 0.991788 -0.083569
v 7.890059 -0.246005 -0.244633
v 8.216891 -0.246005 -0.248160
v 8.217120 -0.082588 -0.226896
v 10.062274 -0.082588 -0.246806
v 10.062035 -0.252959 -0.268975
v 10.376455 -0.252959 -0.272368
v 10.377895 0.772740 -0.138902
v 10.430408 0.725443 -0.145624
v 10.484659 0.679185 -0.152229
v 10.540664 0.633988 -0.158715
v 10.598438 0.589879 -0.165079
v 10.657994 0.546880 -0.171317
v 10.719349 0.505016 -0.177427
v 10.782515 0.464310 -0.183406
v 10.847506 0.424788 -0.189251
v 10.914337 0.386473 -0.194958
v 10.983025 0.349390 -0.200525
v 11.053580 0.313562 -0.205949
v 11.126020 0.279014 -0.211227
v 11.138325 0.295336 -0.209236
v 11.152269 0.312818 -0.207111
v 11.167594 0.331168 -0.204888
v 11.184039 0.350098 -0.202602
v 11.201347 0.369318 -0.200288
v 11.219259 0.388538 -0.197980
v 11.237514 0.407468 -0.195713
v 11.255856 0.425819 -0.193523
v 11.274023 0.443300 -0.191444
v 11.291759 0.459622 -0.189511
v 11.308802 0.474496 -0.187760
v 11.324894 0.487631 -0.186224
v 11.207813 0.542447 -0.177827
v 11.096267 0.600777 -0.169033
v 10.990098 0.662511 -0.159853
v 10.889149 0.727540 -0.150301
v 10.793261 0.795757 -0.140389
v 10.702274 0.867053 -0.130129
v 10.616034 0.941318 -0.119533
v 10.534378 1.018445 -0.108615
v 10.457151 1.098324 -0.097387
v 10.384195 1.180847 -0.085860
v 10.315351 1.265906 -0.074048
v 10.250460 1.353391 -0.061963
v 10.858616 1.353391 -0.068525
v 10.858933 1.579392 -0.039117
v 10.110115 1.579392 -0.031037
v 10.092830 1.609890 -0.026882
v 10.076032 1.640545 -0.022711
v 10.059694 1.671368 -0.018524
v 10.043788 1.702373 -0.014317
v 10.028284 1.733571 -0.010090
v 10.013154 1.764974 -0.005840
v 9.998369 1.796595 -0.001565
v 9.983900 1.828445 0.002736
v 9.969719 1.860536 0.007065
v 9.955797 1.892881 0.011425
v 9.942105 1.925491 0.015816
v 9.928615 1.958379 0.020242
v 11.248354 1.958379 0.006001
v 11.248686 2.194812 0.036766
v 9.842068 2.194812 0.051944
v 8.218302 0.758833 -0.117408
v 10.063456 0.758833 -0.137319
v 10.062601 0.150367 -0.216494
v 8.217447 0.150367 -0.196583
v 9.614240 1.926222 0.019449
v 9.626898 1.894088 0.015131
v 9.639787 1.862003 0.010816
v 9.652933 1.829990 0.006508
v 9.666368 1.798073 0.002210
v 9.680119 1.766278 -0.002076
v 9.694214 1.734627 -0.006347
v 9.708683 1.703146 -0.010601
v 9.723555 1.671857 -0.014833
v 9.738857 1.640786 -0.019041
v 9.754621 1.609956 -0.023224
v 9.770872 1.579392 -0.027377
v 8.310471 1.579392 -0.011618
v 8.311003 1.958379 0.037697
v 9.601783 1.958379 0.023768
v 9.412325 2.563368 0.104544
v 9.420560 2.532146 0.100392
v 9.428823 2.501057 0.096257
v 9.437145 2.470088 0.092137
v 9.445554 2.439228 0.088030
v 9.454077 2.408465 0.083935
v 9.462744 2.377786 0.079849
v 9.471583 2.347180 0.075771
v 9.480624 2.316633 0.071698
v 9.489894 2.286136 0.067629
v 9.499423 2.255674 0.063562
v 9.509240 2.225237 0.059495
v 9.519372 2.194812 0.055426
v 8.311335 2.194812 0.068462
v 8.311852 2.563368 0.116419
v -14.119905 0.213742 0.555234
v -14.126974 0.245490 0.559442
v -14.138384 0.275016 0.563407
v -14.153805 0.302151 0.567105
v -14.172907 0.326727 0.570510
v -14.195360 0.348575 0.573595
v -14.220833 0.367525 0.576336
v -14.248997 0.383409 0.578707
v -14.279522 0.396057 0.580682
v -14.312075 0.405300 0.582237
v -14.346331 0.410971 0.583344
v -14.381954 0.412898 0.583979
v -14.417587 0.410971 0.584113
v -14.451857 0.405300 0.583745
v -14.484438 0.396057 0.582893
v -14.514997 0.383408 0.581577
v -14.543207 0.367525 0.579815
v -14.568733 0.348575 0.577624
v -14.591246 0.326727 0.575024
v -14.610418 0.302151 0.572032
v -14.625916 0.275016 0.568668
v -14.637409 0.245490 0.564950
v -14.644566 0.213742 0.560896
v -14.647058 0.179943 0.556524
v -14.644659 0.146212 0.552108
v -14.637590 0.114653 0.547925
v -14.626179 0.085413 0.543997
v -14.610758 0.058636 0.540346
v -14.591654 0.034466 0.536994
v -14.569202 0.013049 0.533965
v -14.543728 -0.005470 0.531280
v -14.515564 -0.020947 0.528962
v -14.485039 -0.033237 0.527033
v -14.452482 -0.042195 0.525516
v -14.418228 -0.047676 0.524433
v -14.382605 -0.049536 0.523807
v -14.346106 -0.047676 0.523655
v -14.311266 -0.042195 0.523992
v -14.278378 -0.033237 0.524803
v -14.247725 -0.020947 0.526071
v -14.219593 -0.005470 0.527782
v -14.194277 0.013049 0.529919
v -14.172056 0.034466 0.532466
v -14.153225 0.058636 0.535409
v -14.138065 0.085413 0.538730
v -14.126867 0.114653 0.542414
v -14.119919 0.146212 0.546446
v -14.117506 0.179943 0.550810
v -14.151386 2.568605 0.862029
v -14.606468 2.568605 0.866939
v -14.598770 2.158325 0.813464
v -14.517923 0.809270 0.637029
v -14.244875 0.809270 0.634083
v -14.160236 2.158325 0.808732
v -11.228468 1.129149 0.643162
v -11.214075 1.173874 0.648827
v -11.194370 1.228500 0.655723
v -11.170256 1.291044 0.663602
v -11.142645 1.359529 0.672217
v -11.112440 1.431973 0.681319
v -11.080553 1.506398 0.690660
v -11.047892 1.580822 0.699993
v -11.015358 1.653266 0.709069
v -10.983870 1.721751 0.717642
v -10.954327 1.784296 0.725463
v -10.927639 1.838921 0.732283
v -10.904713 1.883646 0.737856
v -11.206600 1.970570 0.752426
v -11.226839 1.929499 0.747299
v -11.251629 1.877272 0.740770
v -11.279995 1.816063 0.733111
v -11.310955 1.748046 0.724593
v -11.343533 1.675392 0.715490
v -11.376745 1.600275 0.706073
v -11.409613 1.524869 0.696614
v -11.441154 1.451346 0.687387
v -11.470394 1.381880 0.678662
v -11.496349 1.318643 0.670713
v -11.518042 1.263808 0.663811
v -11.534489 1.219550 0.658229
v -12.613493 1.506643 0.707233
v -12.581347 1.411876 0.694554
v -12.546066 1.317882 0.681941
v -12.507467 1.224829 0.669415
v -12.465359 1.132887 0.656995
v -12.419559 1.042225 0.644703
v -12.369881 0.953012 0.632557
v -12.316132 0.865416 0.620577
v -12.258129 0.779607 0.608784
v -12.195686 0.695754 0.597198
v -12.128613 0.614026 0.585838
v -12.056726 0.534591 0.574725
v -11.959221 0.434977 0.560710
v -11.857113 0.341218 0.547406
v -11.750973 0.253230 0.534811
v -11.641380 0.170928 0.522917
v -11.528904 0.094228 0.511722
v -11.414122 0.023046 0.501220
v -11.297607 -0.042705 0.491406
v -11.179937 -0.103106 0.482276
v -11.061687 -0.158245 0.473825
v -10.943430 -0.208204 0.466047
v -10.825739 -0.253068 0.458939
v -10.709188 -0.292922 0.452494
v -10.435810 -0.059967 0.479861
v -10.556555 -0.027400 0.485402
v -10.678383 0.011069 0.491722
v -10.800491 0.055262 0.498791
v -10.922073 0.104995 0.506575
v -11.042326 0.160089 0.515043
v -11.160444 0.220362 0.524161
v -11.275627 0.285634 0.533898
v -11.387070 0.355722 0.544222
v -11.493965 0.430446 0.555100
v -11.595510 0.509625 0.566499
v -11.690903 0.593078 0.578389
v -11.779335 0.680623 0.590736
v -11.850977 0.759065 0.601718
v -11.919079 0.842832 0.613354
v -11.983381 0.931452 0.625580
v -12.043625 1.024454 0.638333
v -12.099558 1.121368 0.651549
v -12.150915 1.221723 0.665163
v -12.197439 1.325047 0.679111
v -12.238878 1.430871 0.693330
v -12.274971 1.538722 0.707755
v -12.305456 1.648132 0.722322
v -12.330082 1.758627 0.736968
v -12.348585 1.869739 0.751627
v -12.704510 1.775861 0.743251
v -12.697548 1.757965 0.740847
v -12.691059 1.740770 0.738539
v -12.684998 1.724250 0.736324
v -12.679325 1.708382 0.734197
v -12.673994 1.693143 0.732157
v -12.668964 1.678506 0.730198
v -12.664192 1.664450 0.728317
v -12.659637 1.650949 0.726511
v -12.655252 1.637978 0.724775
v -12.650997 1.625515 0.723108
v -12.646826 1.613535 0.721504
v -12.642696 1.602014 0.719960
v -10.310331 0.913578 0.605201
v -10.291477 0.964628 0.611641
v -10.266809 1.025855 0.619343
v -10.237417 1.094977 0.628021
v -10.204397 1.169713 0.637390
v -10.168844 1.247782 0.647166
v -10.131853 1.326900 0.657063
v -10.094521 1.404788 0.666797
v -10.057938 1.479162 0.676081
v -10.023203 1.547741 0.684631
v -9.991409 1.608243 0.692161
v -9.963655 1.658387 0.698387
v -9.941031 1.695891 0.703024
v -10.247034 1.796723 0.719448
v -10.270382 1.753307 0.714050
v -10.298326 1.699159 0.707304
v -10.329935 1.636294 0.699464
v -10.364267 1.566729 0.690782
v -10.400389 1.492480 0.681509
v -10.437357 1.415563 0.671898
v -10.474243 1.337993 0.662202
v -10.510107 1.261788 0.652672
v -10.544014 1.188963 0.643560
v -10.575026 1.121535 0.635120
v -10.602205 1.061520 0.627603
v -10.624615 1.010933 0.621262
v -8.310600 1.984478 0.722986
v -8.288708 2.021410 0.727556
v -8.264700 2.060601 0.732397
v -8.238880 2.101553 0.737448
v -8.211550 2.143774 0.742648
v -8.183012 2.186767 0.747935
v -8.153566 2.230037 0.753248
v -8.123518 2.273091 0.758527
v -8.093170 2.315432 0.763709
v -8.062824 2.356565 0.768735
v -8.032780 2.395997 0.773542
v -8.003344 2.433231 0.778070
v -7.974817 2.467773 0.782257
v -8.193972 2.547743 0.795029
v -8.221710 2.514730 0.791032
v -8.250803 2.478639 0.786650
v -8.280872 2.440012 0.781947
v -8.311552 2.399394 0.776992
v -8.342463 2.357326 0.771851
v -8.373230 2.314353 0.766591
v -8.403482 2.271018 0.761278
v -8.432840 2.227864 0.755979
v -8.460938 2.185435 0.750760
v -8.487392 2.144273 0.745689
v -8.511835 2.104921 0.740832
v -8.533888 2.067924 0.736255
v -8.777895 2.127033 0.746580
v -8.754175 2.166156 0.751416
v -8.728788 2.206777 0.756428
v -8.701963 2.248508 0.761569
v -8.673931 2.290964 0.766792
v -8.644920 2.333758 0.772048
v -8.615164 2.376503 0.777290
v -8.584890 2.418814 0.782469
v -8.554329 2.460304 0.787539
v -8.523714 2.500587 0.792451
v -8.493273 2.539276 0.797157
v -8.463238 2.575985 0.801610
v -8.433838 2.610328 0.805762
v -8.648855 2.690298 0.818490
v -8.677786 2.655625 0.814290
v -8.708330 2.618055 0.809730
v -8.740026 2.578166 0.804881
v -8.772417 2.536540 0.799813
v -8.805038 2.493754 0.794597
v -8.837429 2.450389 0.789303
v -8.869129 2.407023 0.784002
v -8.899683 2.364238 0.778764
v -8.928625 2.322611 0.773659
v -8.955496 2.282722 0.768758
v -8.979836 2.245152 0.764131
v -9.001181 2.210479 0.759849
v -7.987446 1.626135 0.672865
v -8.048613 1.625483 0.673441
v -8.109749 1.624397 0.673959
v -8.170755 1.622875 0.674419
v -8.231533 1.620920 0.674821
v -8.291981 1.618529 0.675162
v -8.351999 1.615704 0.675442
v -8.411488 1.612445 0.675659
v -8.470343 1.608750 0.675814
v -8.528467 1.604622 0.675904
v -8.585758 1.600058 0.675928
v -8.642117 1.595060 0.675886
v -8.634214 1.330812 0.641412
v -8.580790 1.336746 0.641608
v -8.526115 1.342353 0.641748
v -8.470322 1.347599 0.641828
v -8.413538 1.352446 0.641846
v -8.355892 1.356859 0.641798
v -8.297514 1.360801 0.641681
v -8.238535 1.364235 0.641492
v -8.179081 1.367127 0.641227
v -8.119284 1.369439 0.640882
v -8.059271 1.371135 0.640455
v -7.999174 1.372179 0.639943
v -7.939119 1.372535 0.639341
v -7.874126 1.372248 0.638602
v -7.809437 1.371392 0.637793
v -7.745005 1.369982 0.636914
v -7.680788 1.368028 0.635967
v -7.616745 1.365543 0.634953
v -7.552834 1.362539 0.633872
v -7.489006 1.359028 0.632726
v -7.425224 1.355022 0.631517
v -7.361443 1.350533 0.630244
v -7.297617 1.345573 0.628910
v -7.233709 1.340154 0.627515
v -7.169670 1.334289 0.626061
v -7.169304 1.595060 0.659993
v -7.225199 1.599328 0.661152
v -7.283121 1.603414 0.662308
v -7.342852 1.607284 0.663456
v -7.404179 1.610899 0.664589
v -7.466885 1.614225 0.665698
v -7.530754 1.617225 0.666778
v -7.595573 1.619863 0.667821
v -7.661123 1.622103 0.668819
v -7.727194 1.623908 0.669767
v -7.793564 1.625242 0.670657
v -7.860022 1.626069 0.671482
v -7.926352 1.626352 0.672234
v -7.202404 0.396546 0.504379
v -7.210709 0.356543 0.499263
v -7.226107 0.317771 0.494383
v -7.249907 0.280774 0.489825
v -7.283413 0.246095 0.485674
v -7.327936 0.214278 0.482014
v -7.384777 0.185864 0.478930
v -7.455246 0.161399 0.476506
v -7.540646 0.141425 0.474828
v -7.642288 0.126485 0.473981
v -7.761477 0.117122 0.474048
v -7.899515 0.113881 0.475116
v -7.967060 0.114386 0.475911
v -8.035118 0.115893 0.476841
v -8.103521 0.118390 0.477904
v -8.172096 0.121865 0.479097
v -8.240665 0.126306 0.480414
v -8.309065 0.131700 0.481854
v -8.377119 0.138036 0.483413
v -8.444651 0.145302 0.485088
v -8.511494 0.153485 0.486874
v -8.577477 0.162574 0.488769
v -8.642418 0.172556 0.490768
v -8.706156 0.183420 0.492870
v -8.694141 -0.098213 0.456089
v -8.637278 -0.105082 0.454582
v -8.578417 -0.111734 0.453081
v -8.517630 -0.118097 0.451597
v -8.454990 -0.124097 0.450140
v -8.390570 -0.129662 0.448721
v -8.324440 -0.134721 0.447349
v -8.256668 -0.139200 0.446035
v -8.187332 -0.143027 0.444789
v -8.116499 -0.146130 0.443621
v -8.044245 -0.148435 0.442541
v -7.970638 -0.149872 0.441560
v -7.895750 -0.150367 0.440687
v -7.738565 -0.146816 0.439453
v -7.593988 -0.136153 0.439281
v -7.462212 -0.118368 0.440173
v -7.343441 -0.093448 0.442135
v -7.237875 -0.061381 0.445169
v -7.145718 -0.022155 0.449279
v -7.067165 0.024243 0.454469
v -7.002424 0.077824 0.460744
v -6.951693 0.138600 0.468105
v -6.915173 0.206583 0.476559
v -6.893066 0.281786 0.486107
v -6.885572 0.364221 0.496754
v -6.886038 0.397260 0.501058
v -6.887493 0.430347 0.505380
v -6.889894 0.463531 0.509724
v -6.893204 0.496860 0.514097
v -6.897371 0.530382 0.518505
v -6.902357 0.564145 0.522952
v -6.908119 0.598199 0.527446
v -6.914616 0.632590 0.531992
v -6.921799 0.667367 0.536595
v -6.929628 0.702579 0.541262
v -6.938061 0.738274 0.545998
v -6.947052 0.774501 0.550810
v -7.257370 0.750162 0.550991
v -7.248449 0.721628 0.547181
v -7.240231 0.693420 0.543422
v -7.232729 0.665574 0.539717
v -7.225964 0.638127 0.536072
v -7.219940 0.611114 0.532492
v -7.214680 0.584572 0.528981
v -7.210192 0.558538 0.525544
v -7.206495 0.533046 0.522187
v -7.203602 0.508134 0.518914
v -7.201529 0.483838 0.515730
v -7.200287 0.460193 0.512639
v -7.199888 0.437237 0.509647
v -6.315111 2.122451 0.719409
v -6.321793 2.152095 0.723339
v -6.328131 2.181088 0.727180
v -6.334124 2.209320 0.730919
v -6.339773 2.236683 0.734541
v -6.345079 2.263068 0.738032
v -6.350044 2.288367 0.741378
v -6.354664 2.312470 0.744564
v -6.358942 2.335269 0.747577
v -6.362877 2.356656 0.750403
v -6.366470 2.376522 0.753027
v -6.369719 2.394758 0.755435
v -6.373560 2.419490 0.758695
v -6.376886 2.444851 0.762032
v -6.379696 2.470598 0.765413
v -6.381987 2.496490 0.768807
v -6.383762 2.522286 0.772183
v -6.385017 2.547743 0.775510
v -6.385757 2.572621 0.778755
v -6.385983 2.596678 0.781888
v -6.385693 2.619673 0.784877
v -6.384886 2.641363 0.787692
v -6.383566 2.661509 0.790299
v -6.381729 2.679867 0.792668
v -6.778933 2.652051 0.793334
v -6.772596 2.632636 0.790740
v -6.766005 2.611181 0.787876
v -6.759243 2.588108 0.784801
v -6.752396 2.563840 0.781569
v -6.745550 2.538799 0.778236
v -6.738792 2.513408 0.774859
v -6.732206 2.488090 0.771493
v -6.725876 2.463266 0.768194
v -6.719891 2.439360 0.765018
v -6.714333 2.416794 0.762022
v -6.709291 2.395991 0.759260
v -6.704849 2.377373 0.756789
v -6.643154 2.120079 0.722640
v -6.710443 2.127320 0.724308
v -6.777821 2.135129 0.726052
v -6.845194 2.143494 0.727867
v -6.912481 2.152402 0.729753
v -6.979595 2.161840 0.731705
v -7.046452 2.171798 0.733723
v -7.112961 2.182264 0.735802
v -7.179039 2.193223 0.737941
v -7.244596 2.204666 0.740138
v -7.309553 2.216580 0.742389
v -7.373817 2.228953 0.744693
v -7.437309 2.241772 0.747046
v -7.437691 1.970570 0.711757
v -7.369816 1.957820 0.709365
v -7.300720 1.945636 0.707034
v -7.230562 1.934008 0.704764
v -7.159498 1.922923 0.702554
v -7.087685 1.912370 0.700406
v -7.015282 1.902335 0.698319
v -6.942448 1.892808 0.696293
v -6.869343 1.883775 0.694329
v -6.796118 1.875226 0.692426
v -6.722937 1.867147 0.690585
v -6.649956 1.859527 0.688806
v -6.577335 1.852354 0.687089
v -6.567043 1.813971 0.681983
v -6.556721 1.775346 0.676845
v -6.546343 1.736528 0.671681
v -6.535877 1.697566 0.666498
v -6.525295 1.658506 0.661300
v -6.514572 1.619399 0.656095
v -6.503675 1.580291 0.650889
v -6.492580 1.541232 0.645686
v -6.481251 1.502269 0.640493
v -6.469666 1.463451 0.635316
v -6.457790 1.424826 0.630162
v -6.445602 1.386443 0.625035
v -6.405905 1.258631 0.607974
v -6.361389 1.123370 0.589891
v -6.312746 0.982628 0.571050
v -6.260660 0.838373 0.551715
v -6.205816 0.692573 0.532149
v -6.148909 0.547195 0.512616
v -6.090614 0.404208 0.493379
v -6.031626 0.265579 0.474702
v -5.972628 0.133276 0.456848
v -5.914309 0.009267 0.440080
v -5.857353 -0.104481 0.424663
v -5.802448 -0.205998 0.410859
v -5.438234 -0.101690 0.420504
v -5.500996 -0.005241 0.433732
v -5.564991 0.103740 0.448605
v -5.629574 0.223296 0.464861
v -5.694101 0.351472 0.482238
v -5.757929 0.486312 0.500474
v -5.820415 0.625861 0.519309
v -5.880913 0.768162 0.538480
v -5.938784 0.911260 0.557727
v -5.993380 1.053200 0.576788
v -6.044058 1.192024 0.595401
v -6.090174 1.325778 0.613305
v -6.131088 1.452505 0.630238
v -6.140350 1.481538 0.634117
v -6.149599 1.511211 0.638078
v -6.158821 1.541439 0.642111
v -6.167997 1.572138 0.646205
v -6.177118 1.603223 0.650349
v -6.186165 1.634610 0.654531
v -6.195126 1.666215 0.658741
v -6.203985 1.697952 0.662967
v -6.212730 1.729737 0.667198
v -6.221346 1.761487 0.671422
v -6.229816 1.793115 0.675630
v -6.238131 1.824538 0.679809
v -6.204178 1.822873 0.679226
v -6.170584 1.821352 0.678665
v -6.137362 1.819975 0.678128
v -6.104527 1.818744 0.677613
v -6.072094 1.817657 0.677122
v -6.040079 1.816716 0.676654
v -6.008495 1.815919 0.676209
v -5.977354 1.815267 0.675788
v -5.946672 1.814760 0.675391
v -5.916468 1.814397 0.675018
v -5.886747 1.814180 0.674669
v -5.857533 1.814107 0.674344
v -5.812695 1.814248 0.673879
v -5.769117 1.814655 0.673462
v -5.726692 1.815302 0.673088
v -5.685301 1.816168 0.672754
v -5.644831 1.817226 0.672455
v -5.605164 1.818454 0.672187
v -5.566183 1.819826 0.671945
v -5.527779 1.821319 0.671725
v -5.489832 1.822908 0.671522
v -5.452230 1.824571 0.671333
v -5.414862 1.826281 0.671152
v -5.377607 1.828015 0.670976
v -5.364815 2.099217 0.706131
v -5.413460 2.094356 0.706023
v -5.460209 2.090171 0.705983
v -5.505234 2.086613 0.706006
v -5.548706 2.083635 0.706087
v -5.590799 2.081188 0.706223
v -5.631687 2.079225 0.706409
v -5.671537 2.077695 0.706640
v -5.710527 2.076552 0.706912
v -5.748823 2.075747 0.707220
v -5.786606 2.075232 0.707561
v -5.824039 2.074959 0.707929
v -5.861303 2.074878 0.708321
v -5.895691 2.075021 0.708711
v -5.930597 2.075442 0.709142
v -5.966021 2.076128 0.709614
v -6.001961 2.077067 0.710124
v -6.038416 2.078249 0.710671
v -6.075390 2.079659 0.711253
v -6.112879 2.081287 0.711870
v -6.150888 2.083120 0.712518
v -6.189411 2.085146 0.713198
v -6.228455 2.087353 0.713906
v -6.268011 2.089730 0.714642
v -6.308084 2.092263 0.715405
v -2.253578 2.189618 0.684323
v -2.298764 2.419096 0.714674
v -2.302607 2.446288 0.718254
v -2.305948 2.472345 0.721681
v -2.308803 2.497436 0.724978
v -2.311184 2.521731 0.728165
v -2.313107 2.545397 0.731266
v -2.314586 2.568605 0.734302
v -2.315633 2.591523 0.737295
v -2.316264 2.614320 0.740269
v -2.316494 2.637166 0.743245
v -2.316334 2.660229 0.746244
v -2.315801 2.683678 0.749290
v -2.314908 2.707683 0.752404
v -2.683136 2.690298 0.754115
v -2.676015 2.666557 0.750949
v -2.669067 2.642345 0.747723
v -2.662292 2.617771 0.744452
v -2.655691 2.592943 0.741150
v -2.649262 2.567971 0.737831
v -2.643005 2.542962 0.734509
v -2.636920 2.518026 0.731198
v -2.631009 2.493271 0.727912
v -2.625268 2.468806 0.724667
v -2.619699 2.444739 0.721474
v -2.614303 2.421179 0.718350
v -2.609077 2.398235 0.715308
v -2.563852 2.196572 0.688576
v -2.690162 2.201715 0.690608
v -2.820392 2.208451 0.692890
v -2.953810 2.216781 0.695414
v -3.089682 2.226705 0.698172
v -3.227275 2.238223 0.701155
v -3.365857 2.251333 0.704357
v -3.504695 2.266038 0.707769
v -3.643058 2.282336 0.711383
v -3.780211 2.300228 0.715191
v -3.915423 2.319713 0.719186
v -4.047961 2.340792 0.723359
v -4.177093 2.363465 0.727703
v -4.181605 2.095740 0.692911
v -4.057169 2.078591 0.689336
v -3.926513 2.061985 0.685765
v -3.790653 2.046031 0.682223
v -3.650615 2.030837 0.678735
v -3.507414 2.016513 0.675325
v -3.362070 2.003166 0.672020
v -3.215605 1.990906 0.668844
v -3.069038 1.979842 0.665823
v -2.923388 1.970081 0.662981
v -2.779675 1.961733 0.660344
v -2.638920 1.954906 0.657936
v -2.502142 1.949708 0.655784
v -2.483213 1.875994 0.645987
v -2.463510 1.801278 0.636051
v -2.443116 1.726151 0.626054
v -2.422119 1.651206 0.616074
v -2.400604 1.577033 0.606190
v -2.378656 1.504225 0.596478
v -2.356359 1.433372 0.587017
v -2.333802 1.365066 0.577884
v -2.311068 1.299900 0.569158
v -2.288240 1.238464 0.560917
v -2.265409 1.181350 0.553238
v -2.242656 1.129149 0.546199
v -2.332855 1.179518 0.553727
v -2.423752 1.224684 0.560586
v -2.515515 1.264804 0.566797
v -2.608322 1.300034 0.572383
v -2.702341 1.330532 0.577367
v -2.797746 1.356454 0.581770
v -2.894707 1.377958 0.585614
v -2.993399 1.395200 0.588923
v -3.093993 1.408337 0.591718
v -3.196661 1.417526 0.594022
v -3.301575 1.422925 0.595856
v -3.408907 1.424690 0.597244
v -3.567614 1.418913 0.598205
v -3.714569 1.401945 0.597583
v -3.849387 1.374328 0.595444
v -3.971680 1.336607 0.591854
v -4.081056 1.289324 0.586881
v -4.177129 1.233023 0.580591
v -4.259509 1.168247 0.573050
v -4.327808 1.095539 0.564325
v -4.381639 1.015442 0.554483
v -4.420610 0.928500 0.543589
v -4.444336 0.835257 0.531710
v -4.452427 0.736254 0.518914
v -4.434519 0.564831 0.496412
v -4.381477 0.412013 0.475952
v -4.295084 0.277569 0.457524
v -4.177119 0.161270 0.441116
v -4.029365 0.062888 0.426719
v -3.853603 -0.017809 0.414320
v -3.651616 -0.081048 0.403911
v -3.425183 -0.127059 0.395480
v -3.176086 -0.156071 0.389016
v -2.906109 -0.168315 0.384510
v -2.617032 -0.164019 0.381949
v -2.310637 -0.143413 0.381325
v -2.227509 0.131266 0.416174
v -2.465418 0.108770 0.415813
v -2.699129 0.097333 0.416847
v -2.925500 0.097583 0.419322
v -3.141380 0.110146 0.423287
v -3.343626 0.135652 0.428788
v -3.529087 0.174727 0.435875
v -3.694619 0.228000 0.444594
v -3.837075 0.296099 0.454993
v -3.953308 0.379650 0.467120
v -4.040169 0.479282 0.481023
v -4.094514 0.595623 0.496750
v -4.113194 0.729300 0.514348
v -4.107778 0.793179 0.522603
v -4.091778 0.854100 0.530358
v -4.065298 0.911568 0.537551
v -4.028436 0.965089 0.544118
v -3.981295 1.014166 0.549996
v -3.923978 1.058306 0.555122
v -3.856582 1.097013 0.559432
v -3.779211 1.129793 0.562863
v -3.691966 1.156150 0.565352
v -3.594950 1.175589 0.566835
v -3.488260 1.187615 0.567248
v -3.372000 1.191734 0.566530
v -3.249784 1.188768 0.564825
v -3.129632 1.179887 0.562373
v -3.012044 1.165114 0.559182
v -2.897525 1.144474 0.555260
v -2.786576 1.117990 0.550616
v -2.679700 1.085687 0.545259
v -2.577400 1.047590 0.539197
v -2.480180 1.003721 0.532439
v -2.388541 0.954107 0.524994
v -2.302986 0.898769 0.516869
v -2.224019 0.837734 0.508074
v -2.152142 0.771024 0.498617
v -2.139049 0.758116 0.496796
v -2.126589 0.745413 0.495008
v -2.114703 0.732831 0.493243
v -2.103333 0.720286 0.491487
v -2.092424 0.707692 0.489731
v -2.081918 0.694965 0.487961
v -2.071756 0.682021 0.486167
v -2.061882 0.668776 0.484337
v -2.052238 0.655143 0.482458
v -2.042768 0.641041 0.480521
v -2.033413 0.626382 0.478512
v -2.024117 0.611084 0.476421
v -1.713701 0.704962 0.485289
v -1.765366 0.794853 0.497544
v -1.815069 0.890093 0.510475
v -1.862755 0.989800 0.523965
v -1.908367 1.093092 0.537899
v -1.951849 1.199088 0.552163
v -1.993145 1.306908 0.566640
v -2.032200 1.415669 0.581215
v -2.068956 1.524491 0.595773
v -2.103356 1.632491 0.610199
v -2.135346 1.738790 0.624378
v -2.164868 1.842505 0.638194
v -2.191868 1.942755 0.651531
v -2.187731 1.942755 0.651486
v -2.117750 1.943040 0.650769
v -2.048486 1.943881 0.650131
v -1.979968 1.945254 0.649570
v -1.912224 1.947133 0.649083
v -1.845284 1.949495 0.648668
v -1.779178 1.952316 0.648322
v -1.713932 1.955572 0.648042
v -1.649576 1.959238 0.647824
v -1.586140 1.963290 0.647667
v -1.523651 1.967705 0.647568
v -1.462138 1.972457 0.647522
v -1.401630 1.977524 0.647529
v -1.397113 2.248726 0.682773
v -1.453913 2.240989 0.682379
v -1.514258 2.233482 0.682054
v -1.577563 2.226289 0.681801
v -1.643237 2.219494 0.681625
v -1.710691 2.213182 0.681531
v -1.779338 2.207437 0.681525
v -1.848586 2.202344 0.681609
v -1.917849 2.197988 0.681790
v -1.986535 2.194453 0.682071
v -2.054056 2.191823 0.682457
v -2.119823 2.190183 0.682953
v -2.183248 2.189618 0.683564
v 1.210920 2.771115 0.722613
v 1.170424 2.739088 0.718882
v 1.130271 2.705781 0.714981
v 1.090806 2.671497 0.710945
v 1.052373 2.636536 0.706810
v 1.015319 2.601201 0.702612
v 0.979989 2.565794 0.698385
v 0.946728 2.530616 0.694166
v 0.915880 2.495969 0.689990
v 0.887793 2.462156 0.685893
v 0.862809 2.429477 0.681910
v 0.841275 2.398235 0.678076
v 1.072783 2.276541 0.659741
v 1.092334 2.307991 0.663623
v 1.115491 2.341251 0.667702
v 1.141897 2.375960 0.671934
v 1.171192 2.411756 0.676276
v 1.203016 2.448276 0.680685
v 1.237010 2.485158 0.685118
v 1.272814 2.522040 0.689531
v 1.310067 2.558560 0.693882
v 1.348413 2.594356 0.698127
v 1.387488 2.629065 0.702222
v 1.426936 2.662325 0.706125
v 1.466394 2.693775 0.709792
v 1.251416 2.801560 0.726138
v 0.415775 1.249249 0.533142
v 0.418283 1.216652 0.528873
v 0.421077 1.184346 0.524639
v 0.424129 1.152329 0.520439
v 0.427413 1.120602 0.516275
v 0.430899 1.089164 0.512146
v 0.434556 1.058017 0.508053
v 0.438358 1.027159 0.503996
v 0.442276 0.996590 0.499976
v 0.446279 0.966312 0.495992
v 0.450340 0.936324 0.492046
v 0.454430 0.906625 0.488137
v -0.406090 0.906625 0.497422
v -0.406090 0.905234 0.497241
v -0.406078 0.901296 0.496729
v -0.406042 0.895162 0.495930
v -0.405963 0.887179 0.494891
v -0.405830 0.877700 0.493656
v -0.405628 0.867074 0.492270
v -0.405340 0.855651 0.490781
v -0.404952 0.843782 0.489232
v -0.404449 0.831816 0.487669
v -0.403817 0.820103 0.486138
v -0.403041 0.808994 0.484684
v -0.402104 0.798839 0.483353
v -0.390911 0.646214 0.463369
v -0.379509 0.509367 0.445438
v -0.367711 0.387419 0.429440
v -0.355333 0.279486 0.415261
v -0.342192 0.184689 0.402782
v -0.328097 0.102146 0.391888
v -0.312867 0.030975 0.382462
v -0.296315 -0.029704 0.374387
v -0.278256 -0.080774 0.367546
v -0.258504 -0.123115 0.361823
v -0.236873 -0.157609 0.357100
v -0.213178 -0.185137 0.353262
v -0.197414 -0.199131 0.351271
v -0.181058 -0.211616 0.349470
v -0.164040 -0.222677 0.347847
v -0.146285 -0.232397 0.346390
v -0.127726 -0.240862 0.345088
v -0.108288 -0.248156 0.343929
v -0.087900 -0.254364 0.342901
v -0.066492 -0.259569 0.341993
v -0.043990 -0.263857 0.341192
v -0.020324 -0.267312 0.340487
v 0.004579 -0.270018 0.339866
v 0.030789 -0.272060 0.339318
v 0.056337 -0.273654 0.338834
v 0.085219 -0.274958 0.338353
v 0.117146 -0.275972 0.337877
v 0.151832 -0.276696 0.337408
v 0.188988 -0.277131 0.336951
v 0.228330 -0.277276 0.336507
v 0.269567 -0.277131 0.336081
v 0.312413 -0.276696 0.335675
v 0.356582 -0.275972 0.335293
v 0.401785 -0.274958 0.334937
v 0.447735 -0.273654 0.334611
v 0.494146 -0.272060 0.334318
v 0.495797 -0.254201 0.336624
v 0.498585 -0.235520 0.339025
v 0.502434 -0.216212 0.341496
v 0.507277 -0.196469 0.344013
v 0.513038 -0.176484 0.346552
v 0.519649 -0.156452 0.349087
v 0.527033 -0.136564 0.351596
v 0.535123 -0.117014 0.354053
v 0.543842 -0.097996 0.356434
v 0.553121 -0.079701 0.358714
v 0.562888 -0.062325 0.360870
v 0.573070 -0.046059 0.362877
v 0.528819 -0.050053 0.362835
v 0.485260 -0.053383 0.362872
v 0.442736 -0.056109 0.362976
v 0.401591 -0.058292 0.363135
v 0.362171 -0.059993 0.363340
v 0.324821 -0.061270 0.363576
v 0.289884 -0.062186 0.363834
v 0.257706 -0.062800 0.364102
v 0.228630 -0.063172 0.364367
v 0.203003 -0.063363 0.364619
v 0.181168 -0.063433 0.364845
v 0.163470 -0.063443 0.365035
v 0.147512 -0.064089 0.365123
v 0.132689 -0.064264 0.365260
v 0.118930 -0.063932 0.365452
v 0.106163 -0.063057 0.365703
v 0.094316 -0.061602 0.366020
v 0.083318 -0.059532 0.366409
v 0.073096 -0.056810 0.366873
v 0.063580 -0.053399 0.367420
v 0.054696 -0.049264 0.368054
v 0.046374 -0.044369 0.368781
v 0.038541 -0.038676 0.369606
v 0.031126 -0.032151 0.370535
v 0.016061 -0.016132 0.372782
v 0.001837 0.006176 0.375839
v -0.011573 0.035269 0.379770
v -0.024196 0.071642 0.384639
v -0.036062 0.115790 0.390513
v -0.047197 0.168208 0.397454
v -0.057631 0.229391 0.405529
v -0.067391 0.299833 0.414802
v -0.076506 0.380030 0.425337
v -0.085003 0.470477 0.437199
v -0.092911 0.571669 0.450453
v -0.100255 0.684100 0.465164
v 0.499626 0.684100 0.458690
v 0.532346 0.573568 0.443953
v 0.571338 0.467998 0.429794
v 0.617346 0.367426 0.416209
v 0.671120 0.271889 0.403196
v 0.733403 0.181422 0.390751
v 0.804946 0.096061 0.378870
v 0.886494 0.015844 0.367551
v 0.978793 -0.059194 0.356790
v 1.082592 -0.129017 0.346583
v 1.198638 -0.193587 0.336928
v 1.327677 -0.252871 0.327821
v 1.470457 -0.306830 0.319258
v 1.479746 -0.292173 0.321065
v 1.490877 -0.276213 0.323022
v 1.503619 -0.259239 0.325093
v 1.517741 -0.241540 0.327244
v 1.533012 -0.223407 0.329439
v 1.549204 -0.205129 0.331643
v 1.566085 -0.186996 0.333821
v 1.583424 -0.169297 0.335937
v 1.600992 -0.152323 0.337956
v 1.618560 -0.136363 0.339844
v 1.635894 -0.121706 0.341564
v 1.652767 -0.108644 0.343082
v 1.528526 -0.065623 0.350021
v 1.415911 -0.018291 0.357396
v 1.314306 0.033313 0.365208
v 1.223093 0.089156 0.373459
v 1.141653 0.149200 0.382152
v 1.069370 0.213408 0.391288
v 1.005625 0.281746 0.400869
v 0.949802 0.354176 0.410897
v 0.901281 0.430663 0.421375
v 0.859447 0.511170 0.432303
v 0.823679 0.595661 0.443685
v 0.793362 0.684100 0.455521
v 1.356009 0.684100 0.449449
v 1.356297 0.889240 0.476143
v 1.374032 0.878881 0.474603
v 1.392084 0.868668 0.473079
v 1.410423 0.858599 0.471571
v 1.429023 0.848675 0.470079
v 1.447851 0.838897 0.468603
v 1.466880 0.829262 0.467144
v 1.486082 0.819773 0.465702
v 1.505429 0.810429 0.464277
v 1.524890 0.801230 0.462870
v 1.544437 0.792175 0.461481
v 1.564043 0.783265 0.460110
v 1.583677 0.774501 0.458757
v 1.591681 0.783815 0.459883
v 1.601078 0.794252 0.461140
v 1.611712 0.805630 0.462506
v 1.623424 0.817769 0.463959
v 1.636057 0.830488 0.465478
v 1.649450 0.843605 0.467041
v 1.663449 0.856939 0.468625
v 1.677894 0.870310 0.470209
v 1.692623 0.883536 0.471771
v 1.707483 0.896435 0.473289
v 1.722312 0.908828 0.474742
v 1.736956 0.920532 0.476107
v 1.735671 0.006095 0.357119
v 1.736333 -0.024990 0.353067
v 1.738478 -0.053962 0.349273
v 1.742206 -0.080883 0.345730
v 1.747618 -0.105811 0.342427
v 1.754813 -0.128807 0.339357
v 1.763894 -0.149932 0.336510
v 1.774960 -0.169247 0.333877
v 1.788109 -0.186811 0.331449
v 1.803446 -0.202684 0.329218
v 1.821069 -0.216928 0.327174
v 1.841078 -0.229602 0.325309
v 1.863576 -0.240768 0.323613
v 1.888412 -0.250490 0.322080
v 1.915475 -0.258861 0.320698
v 1.944925 -0.265976 0.319455
v 1.976919 -0.271931 0.318334
v 2.011616 -0.276825 0.317323
v 2.049172 -0.280753 0.316407
v 2.089746 -0.283811 0.315571
v 2.133496 -0.286097 0.314801
v 2.180581 -0.287706 0.314084
v 2.231155 -0.288737 0.313404
v 2.285380 -0.289284 0.312748
v 2.343412 -0.289445 0.312100
v 2.346093 -0.272040 0.314336
v 2.349881 -0.253066 0.316765
v 2.354676 -0.232836 0.319346
v 2.360377 -0.211664 0.322039
v 2.366884 -0.189865 0.324806
v 2.374095 -0.167752 0.327606
v 2.381909 -0.145639 0.330400
v 2.390226 -0.123839 0.333147
v 2.398944 -0.102668 0.335808
v 2.407963 -0.082438 0.338343
v 2.417180 -0.063464 0.340713
v 2.426497 -0.046059 0.342877
v 2.387505 -0.046858 0.343194
v 2.349345 -0.047524 0.343519
v 2.312336 -0.048069 0.343848
v 2.276792 -0.048505 0.344174
v 2.243028 -0.048846 0.344495
v 2.211363 -0.049101 0.344803
v 2.182111 -0.049284 0.345095
v 2.155589 -0.049407 0.345365
v 2.132111 -0.049481 0.345609
v 2.111995 -0.049520 0.345821
v 2.095555 -0.049534 0.345996
v 2.083111 -0.049536 0.346130
v 2.071382 -0.048441 0.346399
v 2.060973 -0.046864 0.346717
v 2.051830 -0.044755 0.347090
v 2.043896 -0.042067 0.347525
v 2.037110 -0.038751 0.348030
v 2.031418 -0.034759 0.348611
v 2.026760 -0.030042 0.349275
v 2.023081 -0.024553 0.350029
v 2.020322 -0.018243 0.350880
v 2.018427 -0.011064 0.351835
v 2.017337 -0.002967 0.352900
v 2.016994 0.006095 0.354083
v 2.018401 1.007456 0.484382
v 2.527267 1.007456 0.478891
v 2.533267 0.893475 0.463994
v 2.541405 0.777961 0.448873
v 2.551927 0.661554 0.433611
v 2.565077 0.544893 0.418287
v 2.581100 0.428619 0.402982
v 2.600244 0.313371 0.387778
v 2.622748 0.199788 0.372754
v 2.648864 0.088512 0.357991
v 2.678832 -0.019819 0.343569
v 2.712900 -0.124564 0.329571
v 2.751312 -0.225083 0.316075
v 2.794313 -0.320738 0.303163
v 2.808214 -0.310844 0.304300
v 2.824758 -0.300407 0.305480
v 2.843485 -0.289608 0.306683
v 2.863937 -0.278628 0.307891
v 2.885653 -0.267648 0.309086
v 2.908174 -0.256849 0.310248
v 2.931039 -0.246412 0.311360
v 2.953787 -0.236518 0.312402
v 2.975961 -0.227349 0.313356
v 2.997098 -0.219085 0.314203
v 3.016741 -0.211908 0.314925
v 3.034428 -0.205998 0.315503
v 2.981051 -0.079460 0.332547
v 2.935961 0.054129 0.350418
v 2.898462 0.193416 0.368949
v 2.867867 0.337049 0.387971
v 2.843478 0.483677 0.407316
v 2.824611 0.631946 0.426815
v 2.810569 0.780505 0.446300
v 2.800664 0.928001 0.465601
v 2.794202 1.073083 0.484552
v 2.790493 1.214399 0.502982
v 2.788846 1.350595 0.520724
v 2.788569 1.480321 0.537609
v 2.790312 2.721591 0.699125
v 1.739484 2.721591 0.710465
v 1.737043 0.983117 0.484251
v 1.664074 1.015138 0.489206
v 1.593982 1.048632 0.494321
v 1.526708 1.083623 0.499600
v 1.462193 1.120135 0.505048
v 1.400382 1.158192 0.510668
v 1.341215 1.197819 0.516463
v 1.284637 1.239039 0.522438
v 1.230590 1.281877 0.528596
v 1.179014 1.326357 0.534941
v 1.129855 1.372503 0.541477
v 1.083055 1.420339 0.548207
v 1.038554 1.469890 0.555135
v 1.642572 1.469890 0.548618
v 1.642885 1.692414 0.577573
v 0.881656 1.692414 0.585787
v 0.867385 1.717769 0.589241
v 0.853458 1.743425 0.592730
v 0.839877 1.769396 0.596256
v 0.826640 1.795692 0.599821
v 0.813749 1.822327 0.603426
v 0.801204 1.849311 0.607073
v 0.789002 1.876658 0.610764
v 0.777147 1.904379 0.614499
v 0.765638 1.932487 0.618281
v 0.754473 1.960992 0.622111
v 0.743653 1.989909 0.625991
v 0.733178 2.019247 0.629922
v 1.481997 2.019247 0.621842
v 1.482310 2.241772 0.650797
v 0.667298 2.241772 0.659592
v 0.655379 2.290816 0.666103
v 0.644280 2.340608 0.672703
v 0.633959 2.391172 0.679394
v 0.624371 2.442533 0.686182
v 0.615473 2.494716 0.693069
v 0.607222 2.547743 0.700059
v 0.599577 2.601640 0.707155
v 0.592492 2.656430 0.714362
v 0.585926 2.712138 0.721682
v 0.579837 2.768787 0.729120
v 0.574179 2.826402 0.736679
v 0.568910 2.885007 0.744362
v 0.279287 2.867622 0.745225
v 0.285509 2.810754 0.737757
v 0.291962 2.754863 0.730414
v 0.298703 2.699914 0.723191
v 0.305791 2.645870 0.716081
v 0.313282 2.592696 0.709080
v 0.321234 2.540354 0.702183
v 0.329703 2.488810 0.695384
v 0.338748 2.438026 0.688677
v 0.348427 2.387967 0.682058
v 0.358796 2.338595 0.675521
v 0.369914 2.289876 0.669061
v 0.381836 2.241772 0.662672
v -0.027738 2.241772 0.667092
v -0.013875 2.250663 0.668099
v 0.000692 2.259881 0.669142
v 0.015805 2.269316 0.670207
v 0.031307 2.278859 0.671281
v 0.047038 2.288403 0.672353
v 0.062840 2.297837 0.673411
v 0.078557 2.307055 0.674441
v 0.094028 2.315947 0.675431
v 0.109097 2.324404 0.676369
v 0.123605 2.332317 0.677242
v 0.137394 2.339579 0.678038
v 0.150305 2.346080 0.678745
v 0.112281 2.378616 0.683390
v 0.074780 2.413398 0.688321
v 0.037971 2.450063 0.693489
v 0.002027 2.488249 0.698847
v -0.032883 2.527594 0.704343
v -0.066584 2.567736 0.709931
v -0.098905 2.608312 0.715560
v -0.129676 2.648961 0.721182
v -0.158722 2.689320 0.726748
v -0.185874 2.729027 0.732208
v -0.210958 2.767720 0.737514
v -0.233803 2.805037 0.742617
v -0.490392 2.742452 0.737241
v -0.462891 2.696413 0.730953
v -0.434095 2.650555 0.724675
v -0.404093 2.605058 0.718430
v -0.372971 2.560106 0.712244
v -0.340813 2.515877 0.706141
v -0.307704 2.472554 0.700146
v -0.273732 2.430318 0.694283
v -0.238984 2.389349 0.688577
v -0.203543 2.349829 0.683051
v -0.167498 2.311939 0.677731
v -0.130931 2.275859 0.672642
v -0.093931 2.241772 0.667806
v -0.565562 2.241772 0.672895
v -0.565875 2.019247 0.643940
v 0.443581 2.019247 0.633047
v 0.453018 1.990639 0.629223
v 0.462788 1.962200 0.625416
v 0.472874 1.933954 0.621631
v 0.483261 1.905925 0.617872
v 0.493937 1.878137 0.614140
v 0.504885 1.850616 0.610441
v 0.516092 1.823384 0.606776
v 0.527543 1.796465 0.603149
v 0.539225 1.769885 0.599564
v 0.551124 1.743667 0.596024
v 0.563224 1.717836 0.592532
v 0.575510 1.692414 0.589091
v -0.748366 1.692414 0.603376
v -0.748679 1.469890 0.574421
v -0.070192 1.469890 0.567100
v -0.120626 1.420814 0.561257
v -0.174349 1.372825 0.555592
v -0.231030 1.326140 0.550128
v -0.290338 1.280976 0.544890
v -0.351941 1.237550 0.539904
v -0.415509 1.196080 0.535193
v -0.480712 1.156783 0.530783
v -0.547218 1.119877 0.526697
v -0.614697 1.085579 0.522962
v -0.682820 1.054105 0.519601
v -0.751255 1.025674 0.516640
v -0.819670 1.000502 0.514102
v -0.803693 0.989174 0.512456
v -0.786913 0.976228 0.510590
v -0.769561 0.961930 0.508542
v -0.751865 0.946545 0.506349
v -0.734057 0.930340 0.504048
v -0.716364 0.913579 0.501675
v -0.699016 0.896528 0.499269
v -0.682241 0.879453 0.496866
v -0.666273 0.862620 0.494503
v -0.651338 0.846293 0.492217
v -0.637665 0.830739 0.490046
v -0.625484 0.816224 0.488025
v -0.543636 0.851794 0.491771
v -0.461941 0.892169 0.496144
v -0.380900 0.936939 0.501096
v -0.301017 0.985693 0.506578
v -0.222795 1.038020 0.512544
v -0.146740 1.093510 0.518945
v -0.073351 1.151753 0.525732
v -0.003134 1.212338 0.532859
v 0.063408 1.274855 0.540277
v 0.125773 1.338893 0.547937
v 0.183456 1.404041 0.555793
v 0.235953 1.469890 0.563796
v 0.707584 1.469890 0.558707
v 0.746815 1.414253 0.551043
v 0.788143 1.360318 0.543578
v 0.831600 1.308049 0.536307
v 0.877215 1.257410 0.529225
v 0.925015 1.208364 0.522326
v 0.975030 1.160876 0.515607
v 1.027287 1.114909 0.509061
v 1.081816 1.070427 0.502684
v 1.138646 1.027394 0.496470
v 1.197805 0.985773 0.490415
v 1.259320 0.945529 0.484514
v 1.323224 0.906625 0.478762
v 0.744028 0.906625 0.485012
v 0.739067 0.936324 0.488930
v 0.734438 0.966312 0.492883
v 0.730126 0.996590 0.496870
v 0.726116 1.027159 0.500891
v 0.722393 1.058017 0.504947
v 0.718945 1.089164 0.509038
v 0.715755 1.120602 0.513163
v 0.712809 1.152329 0.517324
v 0.710093 1.184346 0.521520
v 0.707593 1.216652 0.525751
v 0.705296 1.249249 0.530018
v 0.703184 1.282135 0.534320
v 0.413587 1.282135 0.537445
v 2.019763 1.977524 0.610610
v 2.020475 2.485158 0.676664
v 2.516930 2.485158 0.671307
v 2.516217 1.977524 0.605252
v 2.519314 1.236934 0.508841
v 2.018723 1.236934 0.514243
v 2.019436 1.744569 0.580297
v 2.515890 1.744569 0.574940
v 2.515524 1.483798 0.541008
v 6.647087 0.969037 0.429436
v 6.633147 0.874527 0.417287
v 6.611263 0.789821 0.406500
v 6.582454 0.714749 0.397041
v 6.547740 0.649141 0.388878
v 6.508140 0.592830 0.381977
v 6.464674 0.545646 0.376305
v 6.418364 0.507420 0.371831
v 6.370226 0.477982 0.368519
v 6.321281 0.457165 0.366338
v 6.272550 0.444798 0.365255
v 6.225051 0.440714 0.365236
v 6.175950 0.445637 0.366406
v 6.125942 0.460690 0.368905
v 6.075145 0.486294 0.372785
v 6.023674 0.522873 0.378101
v 5.971645 0.570848 0.384905
v 5.919172 0.630642 0.393253
v 5.866373 0.702678 0.403197
v 5.813360 0.787378 0.414792
v 5.760251 0.885165 0.428091
v 5.707160 0.996462 0.443147
v 5.654205 1.121690 0.460016
v 5.601499 1.261273 0.478749
v 5.576185 1.334258 0.488521
v 5.551793 1.408801 0.498485
v 5.528379 1.484721 0.508617
v 5.506001 1.561835 0.518894
v 5.484716 1.639964 0.529291
v 5.464582 1.718926 0.539784
v 5.445656 1.798540 0.550349
v 5.427994 1.878624 0.560962
v 5.411654 1.958998 0.571598
v 5.396693 2.039481 0.582233
v 5.383169 2.119892 0.592843
v 5.371139 2.200048 0.603405
v 5.563193 2.169384 0.597342
v 5.741835 2.120465 0.589048
v 5.906433 2.055321 0.578794
v 6.056359 1.975979 0.566851
v 6.190984 1.884467 0.553489
v 6.309678 1.782815 0.538980
v 6.411812 1.673050 0.523593
v 6.496757 1.557200 0.507600
v 6.563884 1.437293 0.491271
v 6.612564 1.315359 0.474878
v 6.642166 1.193424 0.458690
v 6.652063 1.073518 0.442979
v 5.338975 1.030426 0.451540
v 5.406433 0.873368 0.430373
v 5.476899 0.731039 0.411091
v 5.550317 0.603486 0.393699
v 5.626628 0.490759 0.378206
v 5.705776 0.392906 0.364617
v 5.787703 0.309974 0.352941
v 5.872351 0.242013 0.343183
v 5.959664 0.189070 0.335351
v 6.049583 0.151194 0.329452
v 6.142053 0.128432 0.325492
v 6.237013 0.120835 0.323478
v 6.328861 0.128145 0.323439
v 6.419451 0.149761 0.325274
v 6.507503 0.185212 0.328938
v 6.591739 0.234028 0.334381
v 6.670878 0.295738 0.341558
v 6.743643 0.369871 0.350420
v 6.808753 0.455955 0.360921
v 6.864931 0.553521 0.373011
v 6.910895 0.662097 0.386645
v 6.945368 0.781213 0.401774
v 6.967070 0.910397 0.418352
v 6.974723 1.049179 0.436330
v 6.958690 1.235520 0.460753
v 6.911419 1.415981 0.484748
v 6.834948 1.588595 0.508036
v 6.731313 1.751394 0.530341
v 6.602551 1.902409 0.551383
v 6.450700 2.039674 0.570885
v 6.277797 2.161221 0.588568
v 6.085878 2.265080 0.604155
v 5.876981 2.349286 0.617368
v 5.653143 2.411869 0.627927
v 5.416401 2.450862 0.635556
v 5.168791 2.464297 0.639977
v 4.934233 2.452600 0.640985
v 4.715215 2.418533 0.638915
v 4.512659 2.363628 0.633956
v 4.327486 2.289419 0.626297
v 4.160617 2.197439 0.616127
v 4.012976 2.089221 0.603637
v 3.885481 1.966298 0.589016
v 3.779057 1.830205 0.572454
v 3.694622 1.682473 0.554140
v 3.633101 1.524636 0.534263
v 3.595413 1.358227 0.513014
v 3.582480 1.184780 0.490581
v 3.594032 1.007390 0.467372
v 3.628827 0.840611 0.445292
v 3.686305 0.684915 0.424410
v 3.765908 0.540773 0.404793
v 3.867074 0.408655 0.386508
v 3.989245 0.289032 0.369622
v 4.131862 0.182375 0.354203
v 4.294364 0.089156 0.340318
v 4.476193 0.009844 0.328035
v 4.676787 -0.055089 0.317420
v 4.895589 -0.105173 0.308541
v 5.132038 -0.139936 0.301466
v 5.326843 0.117358 0.332847
v 5.293853 0.120106 0.333561
v 5.261136 0.123120 0.334306
v 5.228794 0.126376 0.335079
v 5.196925 0.129849 0.335875
v 5.165631 0.133515 0.336690
v 5.135013 0.137350 0.337519
v 5.105171 0.141330 0.338359
v 5.076204 0.145431 0.339205
v 5.048215 0.149628 0.340053
v 5.021304 0.153898 0.340899
v 4.995571 0.158216 0.341739
v 4.971115 0.162558 0.342568
v 4.839239 0.192571 0.347897
v 4.709502 0.232290 0.354466
v 4.583687 0.281861 0.362274
v 4.463573 0.341428 0.371322
v 4.350945 0.411135 0.381609
v 4.247581 0.491129 0.393135
v 4.155265 0.581554 0.405899
v 4.075777 0.682555 0.419900
v 4.010899 0.794276 0.435139
v 3.962412 0.916862 0.451616
v 3.932098 1.050459 0.469329
v 3.921738 1.195211 0.488278
v 3.930223 1.324413 0.505000
v 3.955076 1.448835 0.520924
v 3.995953 1.567462 0.535921
v 4.052507 1.679279 0.549862
v 4.124392 1.783274 0.562620
v 4.211261 1.878431 0.574066
v 4.312768 1.963737 0.584072
v 4.428569 2.038177 0.592510
v 4.558315 2.100738 0.599252
v 4.701661 2.150405 0.604168
v 4.858261 2.186165 0.607132
v 5.027768 2.207002 0.608015
v 5.041621 2.124749 0.597161
v 5.056552 2.041542 0.586172
v 5.072602 1.957586 0.575073
v 5.089815 1.873087 0.563890
v 5.108234 1.788250 0.552651
v 5.127903 1.703280 0.541381
v 5.148864 1.618382 0.530107
v 5.171162 1.533763 0.518854
v 5.194839 1.449626 0.507649
v 5.219941 1.366177 0.496519
v 5.246507 1.283622 0.485488
v 5.274584 1.202165 0.474585
v 9.838220 2.160935 0.550112
v 9.829212 2.191372 0.554170
v 9.820377 2.221834 0.558229
v 9.811715 2.252331 0.562292
v 9.803226 2.282878 0.566359
v 9.794908 2.313484 0.570431
v 9.786762 2.344163 0.574512
v 9.778790 2.374926 0.578601
v 9.770990 2.405786 0.582701
v 9.763363 2.436755 0.586814
v 9.755908 2.467844 0.590940
v 9.748626 2.499066 0.595082
v 10.816001 2.499066 0.583564
v 10.816323 2.728544 0.613424
v 8.003086 2.728544 0.643781
v 8.002246 2.130510 0.565964
v 7.551300 2.130510 0.570830
v 7.550968 1.894077 0.540065
v 8.001914 1.894077 0.535199
v 8.001064 1.289089 0.456476
v 9.904137 1.289089 0.435941
v 9.923920 1.257871 0.431665
v 9.944061 1.226809 0.427405
v 9.964577 1.195917 0.423164
v 9.985479 1.165206 0.418941
v 10.006785 1.134688 0.414740
v 10.028508 1.104376 0.410561
v 10.050662 1.074281 0.406405
v 10.073262 1.044415 0.402275
v 10.096322 1.014790 0.398171
v 10.119856 0.985419 0.394094
v 10.143879 0.956314 0.390048
v 10.168405 0.927486 0.386031
v 7.897129 0.927486 0.410540
v 7.895391 -0.310307 0.249476
v 8.222223 -0.310307 0.245949
v 8.222452 -0.146890 0.267213
v 10.067606 -0.146890 0.247303
v 10.067367 -0.317261 0.225134
v 10.381787 -0.317261 0.221741
v 10.383227 0.708439 0.355207
v 10.435740 0.661142 0.348485
v 10.489990 0.614883 0.341880
v 10.545996 0.569687 0.335394
v 10.603769 0.525577 0.329030
v 10.663326 0.482578 0.322792
v 10.724680 0.440714 0.316682
v 10.787846 0.400008 0.310703
v 10.852838 0.360486 0.304858
v 10.919669 0.322172 0.299151
v 10.988357 0.285088 0.293584
v 11.058912 0.249260 0.288160
v 11.131351 0.214712 0.282882
v 11.143657 0.231035 0.284873
v 11.157600 0.248516 0.286998
v 11.172925 0.266866 0.289221
v 11.189371 0.285796 0.291507
v 11.206679 0.305016 0.293821
v 11.224590 0.324236 0.296129
v 11.242846 0.343166 0.298396
v 11.261188 0.361517 0.300586
v 11.279355 0.378998 0.302665
v 11.297090 0.395320 0.304597
v 11.314134 0.410194 0.306349
v 11.330226 0.423329 0.307885
v 11.213145 0.478145 0.316282
v 11.101599 0.536475 0.325076
v 10.995430 0.598209 0.334256
v 10.894481 0.663239 0.343808
v 10.798592 0.731455 0.353720
v 10.707606 0.802751 0.363980
v 10.621365 0.877016 0.374576
v 10.539710 0.954143 0.385494
v 10.462483 1.034022 0.396722
v 10.389527 1.116545 0.408249
v 10.320683 1.201604 0.420061
v 10.255792 1.289089 0.432146
v 10.863948 1.289089 0.425584
v 10.864265 1.515090 0.454992
v 10.115447 1.515090 0.463072
v 10.098161 1.545588 0.467227
v 10.081364 1.576243 0.471398
v 10.065026 1.607067 0.475585
v 10.049120 1.638071 0.479792
v 10.033616 1.669269 0.484019
v 10.018486 1.700672 0.488269
v 10.003700 1.732293 0.492544
v 9.989232 1.764143 0.496845
v 9.975051 1.796234 0.501174
v 9.961129 1.828579 0.505534
v 9.947437 1.861189 0.509925
v 9.933947 1.894077 0.514351
v 11.253686 1.894077 0.500110
v 11.254018 2.130510 0.530875
v 9.847399 2.130510 0.546053
v 8.223634 0.694531 0.376701
v 10.068787 0.694531 0.356790
v 10.067932 0.086065 0.277615
v 8.222779 0.086065 0.297526
v 9.619572 1.861920 0.513558
v 9.632230 1.829786 0.509240
v 9.645118 1.797701 0.504925
v 9.658265 1.765688 0.500617
v 9.671700 1.733771 0.496319
v 9.685450 1.701976 0.492033
v 9.699546 1.670325 0.487762
v 9.714015 1.638844 0.483508
v 9.728887 1.607555 0.479276
v 9.744189 1.576484 0.475068
v 9.759953 1.545654 0.470885
v 9.776204 1.515090 0.466733
v 8.315803 1.515090 0.482491
v 8.316335 1.894077 0.531806
v 9.607115 1.894077 0.517877
v 9.417657 2.499066 0.598653
v 9.425892 2.467844 0.594501
v 9.434156 2.436755 0.590366
v 9.442478 2.405786 0.586246
v 9.450886 2.374926 0.582139
v 9.459409 2.344163 0.578044
v 9.468076 2.313484 0.573958
v 9.476915 2.282878 0.569880
v 9.485955 2.252331 0.565807
v 9.495226 2.221834 0.561738
v 9.504755 2.191372 0.557671
v 9.514571 2.160935 0.553604
v 9.524704 2.130510 0.549535
v 8.316667 2.130510 0.562571
v 8.317184 2.499066 0.610528
v 9.838220 2.160935 0.550112
v 9.832888 2.225237 0.056003
v 9.829212 2.191372 0.554170
v 9.823880 2.255674 0.060061
v 9.820377 2.221834 0.558229
v 9.815045 2.286136 0.064120
v 9.811715 2.252331 0.562292
v 9.806383 2.316633 0.068183
v 9.803226 2.282878 0.566359
v 9.797894 2.347180 0.072250
v 9.794908 2.313484 0.570431
v 9.789576 2.377786 0.076322
v 9.786762 2.344163 0.574512
v 9.781431 2.408465 0.080403
v 9.778790 2.374926 0.578601
v 9.773458 2.439228 0.084492
v 9.770990 2.405786 0.582701
v 9.765658 2.470088 0.088592
v 9.763363 2.436755 0.586814
v 9.758031 2.501057 0.092705
v 9.755908 2.467844 0.590940
v 9.750576 2.532146 0.096831
v 9.748626 2.499066 0.595082
v 9.743294 2.563368 0.100973
v 10.816001 2.499066 0.583564
v 10.810670 2.563368 0.089455
v 10.816323 2.728544 0.613424
v 10.810992 2.792846 0.119315
v 8.003086 2.728544 0.643781
v 7.997754 2.792846 0.149672
v 8.002246 2.130510 0.565964
v 7.996914 2.194812 0.071855
v 7.551300 2.130510 0.570830
v 7.545968 2.194812 0.076721
v 7.550968 1.894077 0.540065
v 7.545636 1.958379 0.045956
v 8.001914 1.894077 0.535199
v 7.996582 1.958379 0.041090
v 8.001064 1.289089 0.456476
v 7.995732 1.353391 -0.037633
v 9.904137 1.289089 0.435941
v 9.898806 1.353391 -0.058168
v 9.923920 1.257871 0.431665
v 9.918588 1.322173 -0.062444
v 9.944061 1.226809 0.427405
v 9.938729 1.291111 -0.066704
v 9.964577 1.195917 0.423164
v 9.959245 1.260219 -0.070945
v 9.985479 1.165206 0.418941
v 9.980148 1.229508 -0.075168
v 10.006785 1.134688 0.414740
v 10.001453 1.198990 -0.079369
v 10.028508 1.104376 0.410561
v 10.023176 1.168678 -0.083548
v 10.050662 1.074281 0.406405
v 10.045331 1.138582 -0.087704
v 10.073262 1.044415 0.402275
v 10.067930 1.108717 -0.091834
v 10.096322 1.014790 0.398171
v 10.090990 1.079092 -0.095938
v 10.119856 0.985419 0.394094
v 10.114524 1.049721 -0.100015
v 10.143879 0.956314 0.390048
v 10.138547 1.020616 -0.104061
v 10.168405 0.927486 0.386031
v 10.163073 0.991788 -0.108078
v 7.897129 0.927486 0.410540
v 7.891797 0.991788 -0.083569
v 7.895391 -0.310307 0.249476
v 7.890059 -0.246005 -0.244633
v 8.222223 -0.310307 0.245949
v 8.216891 -0.246005 -0.248160
v 8.222452 -0.146890 0.267213
v 8.217120 -0.082588 -0.226896
v 10.067606 -0.146890 0.247303
v 10.062274 -0.082588 -0.246806
v 10.067367 -0.317261 0.225134
v 10.062035 -0.252959 -0.268975
v 10.381787 -0.317261 0.221741
v 10.376455 -0.252959 -0.272368
v 10.383227 0.708439 0.355207
v 10.377895 0.772740 -0.138902
v 10.435740 0.661142 0.348485
v 10.430408 0.725443 -0.145624
v 10.489990 0.614883 0.341880
v 10.484659 0.679185 -0.152229
v 10.545996 0.569687 0.335394
v 10.540664 0.633988 -0.158715
v 10.603769 0.525577 0.329030
v 10.598438 0.589879 -0.165079
v 10.663326 0.482578 0.322792
v 10.657994 0.546880 -0.171317
v 10.724680 0.440714 0.316682
v 10.719349 0.505016 -0.177427
v 10.787846 0.400008 0.310703
v 10.782515 0.464310 -0.183406
v 10.852838 0.360486 0.304858
v 10.847506 0.424788 -0.189251
v 10.919669 0.322172 0.299151
v 10.914337 0.386473 -0.194958
v 10.988357 0.285088 0.293584
v 10.983025 0.349390 -0.200525
v 11.058912 0.249260 0.288160
v 11.053580 0.313562 -0.205949
v 11.131351 0.214712 0.282882
v 11.126020 0.279014 -0.211227
v 11.143657 0.231035 0.284873
v 11.138325 0.295336 -0.209236
v 11.157600 0.248516 0.286998
v 11.152269 0.312818 -0.207111
v 11.172925 0.266866 0.289221
v 11.167594 0.331168 -0.204888
v 11.189371 0.285796 0.291507
v 11.184039 0.350098 -0.202602
v 11.206679 0.305016 0.293821
v 11.201347 0.369318 -0.200288
v 11.224590 0.324236 0.296129
v 11.219259 0.388538 -0.197980
v 11.242846 0.343166 0.298396
v 11.237514 0.407468 -0.195713
v 11.261188 0.361517 0.300586
v 11.255856 0.425819 -0.193523
v 11.279355 0.378998 0.302665
v 11.274023 0.443300 -0.191444
v 11.297090 0.395320 0.304597
v 11.291759 0.459622 -0.189511
v 11.314134 0.410194 0.306349
v 11.308802 0.474496 -0.187760
v 11.330226 0.423329 0.307885
v 11.324894 0.487631 -0.186224
v 11.213145 0.478145 0.316282
v 11.207813 0.542447 -0.177827
v 11.101599 0.536475 0.325076
v 11.096267 0.600777 -0.169033
v 10.995430 0.598209 0.334256
v 10.990098 0.662511 -0.159853
v 10.894481 0.663239 0.343808
v 10.889149 0.727540 -0.150301
v 10.798592 0.731455 0.353720
v 10.793261 0.795757 -0.140389
v 10.707606 0.802751 0.363980
v 10.702274 0.867053 -0.130129
v 10.621365 0.877016 0.374576
v 10.616034 0.941318 -0.119533
v 10.539710 0.954143 0.385494
v 10.534378 1.018445 -0.108615
v 10.462483 1.034022 0.396722
v 10.457151 1.098324 -0.097387
v 10.389527 1.116545 0.408249
v 10.384195 1.180847 -0.085860
v 10.320683 1.201604 0.420061
v 10.315351 1.265906 -0.074048
v 10.255792 1.289089 0.432146
v 10.250460 1.353391 -0.061963
v 10.863948 1.289089 0.425584
v 10.858616 1.353391 -0.068525
v 10.864265 1.515090 0.454992
v 10.858933 1.579392 -0.039117
v 10.115447 1.515090 0.463072
v 10.110115 1.579392 -0.031037
v 10.098161 1.545588 0.467227
v 10.092830 1.609890 -0.026882
v 10.081364 1.576243 0.471398
v 10.076032 1.640545 -0.022711
v 10.065026 1.607067 0.475585
v 10.059694 1.671368 -0.018524
v 10.049120 1.638071 0.479792
v 10.043788 1.702373 -0.014317
v 10.033616 1.669269 0.484019
v 10.028284 1.733571 -0.010090
v 10.018486 1.700672 0.488269
v 10.013154 1.764974 -0.005840
v 10.003700 1.732293 0.492544
v 9.998369 1.796595 -0.001565
v 9.989232 1.764143 0.496845
v 9.983900 1.828445 0.002736
v 9.975051 1.796234 0.501174
v 9.969719 1.860536 0.007065
v 9.961129 1.828579 0.505534
v 9.955797 1.892881 0.011425
v 9.947437 1.861189 0.509925
v 9.942105 1.925491 0.015816
v 9.933947 1.894077 0.514351
v 9.928615 1.958379 0.020242
v 11.253686 1.894077 0.500110
v 11.248354 1.958379 0.006001
v 11.254018 2.130510 0.530875
v 11.248686 2.194812 0.036766
v 9.847399 2.130510 0.546053
v 9.842068 2.194812 0.051944
v 8.223634 0.694531 0.376701
v 8.218302 0.758833 -0.117408
v 10.068787 0.694531 0.356790
v 10.063456 0.758833 -0.137319
v 10.067932 0.086065 0.277615
v 10.062601 0.150367 -0.216494
v 8.222779 0.086065 0.297526
v 8.217447 0.150367 -0.196583
v 9.619572 1.861920 0.513558
v 9.614240 1.926222 0.019449
v 9.632230 1.829786 0.509240
v 9.626898 1.894088 0.015131
v 9.645118 1.797701 0.504925
v 9.639787 1.862003 0.010816
v 9.658265 1.765688 0.500617
v 9.652933 1.829990 0.006508
v 9.671700 1.733771 0.496319
v 9.666368 1.798073 0.002210
v 9.685450 1.701976 0.492033
v 9.680119 1.766278 -0.002076
v 9.699546 1.670325 0.487762
v 9.694214 1.734627 -0.006347
v 9.714015 1.638844 0.483508
v 9.708683 1.703146 -0.010601
v 9.728887 1.607555 0.479276
v 9.723555 1.671857 -0.014833
v 9.744189 1.576484 0.475068
v 9.738857 1.640786 -0.019041
v 9.759953 1.545654 0.470885
v 9.754621 1.609956 -0.023224
v 9.776204 1.515090 0.466733
v 9.770872 1.579392 -0.027377
v 8.315803 1.515090 0.482491
v 8.310471 1.579392 -0.011618
v 8.316335 1.894077 0.531806
v 8.311003 1.958379 0.037697
v 9.607115 1.894077 0.517877
v 9.601783 1.958379 0.023768
v 9.417657 2.499066 0.598653
v 9.412325 2.563368 0.104544
v 9.425892 2.467844 0.594501
v 9.420560 2.532146 0.100392
v 9.434156 2.436755 0.590366
v 9.428823 2.501057 0.096257
v 9.442478 2.405786 0.586246
v 9.437145 2.470088 0.092137
v 9.450886 2.374926 0.582139
v 9.445554 2.439228 0.088030
v 9.459409 2.344163 0.578044
v 9.454077 2.408465 0.083935
v 9.468076 2.313484 0.573958
v 9.462744 2.377786 0.079849
v 9.476915 2.282878 0.569880
v 9.471583 2.347180 0.075771
v 9.485955 2.252331 0.565807
v 9.480624 2.316633 0.071698
v 9.495226 2.221834 0.561738
v 9.489894 2.286136 0.067629
v 9.504755 2.191372 0.557671
v 9.499423 2.255674 0.063562
v 9.514571 2.160935 0.553604
v 9.509240 2.225237 0.059495
v 9.524704 2.130510 0.549535
v 9.519372 2.194812 0.055426
v 8.316667 2.130510 0.562571
v 8.311335 2.194812 0.068462
v 8.317184 2.499066 0.610528
v 8.311852 2.563368 0.116419
v 6.647087 0.969037 0.429436
v 6.641755 1.033339 -0.064673
v 6.633147 0.874527 0.417287
v 6.627815 0.938829 -0.076822
v 6.611263 0.789821 0.406500
v 6.605931 0.854123 -0.087609
v 6.582454 0.714749 0.397041
v 6.577122 0.779051 -0.097068
v 6.547740 0.649141 0.388878
v 6.542408 0.713443 -0.105231
v 6.508140 0.592830 0.381977
v 6.502808 0.657132 -0.112132
v 6.464674 0.545646 0.376305
v 6.459342 0.609948 -0.117804
v 6.418364 0.507420 0.371831
v 6.413032 0.571722 -0.122278
v 6.370226 0.477982 0.368519
v 6.364894 0.542284 -0.125590
v 6.321281 0.457165 0.366338
v 6.315949 0.521467 -0.127771
v 6.272550 0.444798 0.365255
v 6.267218 0.509100 -0.128854
v 6.225051 0.440714 0.365236
v 6.219719 0.505016 -0.128873
v 6.175950 0.445637 0.366406
v 6.170618 0.509939 -0.127703
v 6.125942 0.460690 0.368905
v 6.120610 0.524992 -0.125204
v 6.075145 0.486294 0.372785
v 6.069813 0.550596 -0.121324
v 6.023674 0.522873 0.378101
v 6.018342 0.587175 -0.116008
v 5.971645 0.570848 0.384905
v 5.966313 0.635150 -0.109204
v 5.919172 0.630642 0.393253
v 5.913840 0.694944 -0.100856
v 5.866373 0.702678 0.403197
v 5.861041 0.766980 -0.090912
v 5.813360 0.787378 0.414792
v 5.808028 0.851680 -0.079317
v 5.760251 0.885165 0.428091
v 5.754919 0.949467 -0.066018
v 5.707160 0.996462 0.443147
v 5.701828 1.060764 -0.050962
v 5.654205 1.121690 0.460016
v 5.648873 1.185992 -0.034093
v 5.601499 1.261273 0.478749
v 5.596167 1.325575 -0.015360
v 5.576185 1.334258 0.488521
v 5.570853 1.398560 -0.005588
v 5.551793 1.408801 0.498485
v 5.546461 1.473103 0.004376
v 5.528379 1.484721 0.508617
v 5.523047 1.549023 0.014508
v 5.506001 1.561835 0.518894
v 5.500669 1.626137 0.024785
v 5.484716 1.639964 0.529291
v 5.479384 1.704266 0.035182
v 5.464582 1.718926 0.539784
v 5.459250 1.783228 0.045675
v 5.445656 1.798540 0.550349
v 5.440324 1.862842 0.056240
v 5.427994 1.878624 0.560962
v 5.422662 1.942926 0.066853
v 5.411654 1.958998 0.571598
v 5.406322 2.023300 0.077489
v 5.396693 2.039481 0.582233
v 5.391361 2.103783 0.088124
v 5.383169 2.119892 0.592843
v 5.377837 2.184194 0.098734
v 5.371139 2.200048 0.603405
v 5.365807 2.264350 0.109296
v 5.563193 2.169384 0.597342
v 5.557861 2.233686 0.103233
v 5.741835 2.120465 0.589048
v 5.736503 2.184767 0.094939
v 5.906433 2.055321 0.578794
v 5.901101 2.119623 0.084685
v 6.056359 1.975979 0.566851
v 6.051027 2.040281 0.072742
v 6.190984 1.884467 0.553489
v 6.185652 1.948769 0.059380
v 6.309678 1.782815 0.538980
v 6.304346 1.847117 0.044871
v 6.411812 1.673050 0.523593
v 6.406480 1.737352 0.029484
v 6.496757 1.557200 0.507600
v 6.491425 1.621502 0.013491
v 6.563884 1.437293 0.491271
v 6.558552 1.501595 -0.002838
v 6.612564 1.315359 0.474878
v 6.607232 1.379661 -0.019231
v 6.642166 1.193424 0.458690
v 6.636834 1.257726 -0.035419
v 6.652063 1.073518 0.442979
v 6.646731 1.137820 -0.051130
v 5.338975 1.030426 0.451540
v 5.333643 1.094728 -0.042569
v 5.406433 0.873368 0.430373
v 5.401101 0.937670 -0.063736
v 5.476899 0.731039 0.411091
v 5.471567 0.795341 -0.083018
v 5.550317 0.603486 0.393699
v 5.544985 0.667788 -0.100410
v 5.626628 0.490759 0.378206
v 5.621296 0.555061 -0.115903
v 5.705776 0.392906 0.364617
v 5.700444 0.457208 -0.129492
v 5.787703 0.309974 0.352941
v 5.782371 0.374276 -0.141168
v 5.872351 0.242013 0.343183
v 5.867019 0.306315 -0.150926
v 5.959664 0.189070 0.335351
v 5.954332 0.253372 -0.158758
v 6.049583 0.151194 0.329452
v 6.044251 0.215495 -0.164657
v 6.142053 0.128432 0.325492
v 6.136721 0.192734 -0.168617
v 6.237013 0.120835 0.323478
v 6.231681 0.185137 -0.170631
v 6.328861 0.128145 0.323439
v 6.323529 0.192447 -0.170670
v 6.419451 0.149761 0.325274
v 6.414119 0.214063 -0.168835
v 6.507503 0.185212 0.328938
v 6.502171 0.249514 -0.165171
v 6.591739 0.234028 0.334381
v 6.586407 0.298330 -0.159728
v 6.670878 0.295738 0.341558
v 6.665546 0.360040 -0.152551
v 6.743643 0.369871 0.350420
v 6.738311 0.434173 -0.143689
v 6.808753 0.455955 0.360921
v 6.803421 0.520257 -0.133188
v 6.864931 0.553521 0.373011
v 6.859599 0.617823 -0.121098
v 6.910895 0.662097 0.386645
v 6.905563 0.726399 -0.107464
v 6.945368 0.781213 0.401774
v 6.940036 0.845515 -0.092335
v 6.967070 0.910397 0.418352
v 6.961738 0.974699 -0.075757
v 6.974723 1.049179 0.436330
v 6.969391 1.113481 -0.057779
v 6.958690 1.235520 0.460753
v 6.953358 1.299822 -0.033356
v 6.911419 1.415981 0.484748
v 6.906087 1.480283 -0.009361
v 6.834948 1.588595 0.508036
v 6.829616 1.652897 0.013927
v 6.731313 1.751394 0.530341
v 6.725981 1.815696 0.036232
v 6.602551 1.902409 0.551383
v 6.597219 1.966711 0.057274
v 6.450700 2.039674 0.570885
v 6.445368 2.103976 0.076776
v 6.277797 2.161221 0.588568
v 6.272465 2.225523 0.094459
v 6.085878 2.265080 0.604155
v 6.080546 2.329382 0.110046
v 5.876981 2.349286 0.617368
v 5.871649 2.413588 0.123259
v 5.653143 2.411869 0.627927
v 5.647811 2.476171 0.133818
v 5.416401 2.450862 0.635556
v 5.411069 2.515164 0.141447
v 5.168791 2.464297 0.639977
v 5.163459 2.528599 0.145868
v 4.934233 2.452600 0.640985
v 4.928901 2.516902 0.146876
v 4.715215 2.418533 0.638915
v 4.709883 2.482835 0.144806
v 4.512659 2.363628 0.633956
v 4.507327 2.427930 0.139847
v 4.327486 2.289419 0.626297
v 4.322154 2.353721 0.132188
v 4.160617 2.197439 0.616127
v 4.155285 2.261741 0.122018
v 4.012976 2.089221 0.603637
v 4.007644 2.153523 0.109528
v 3.885481 1.966298 0.589016
v 3.880149 2.030600 0.094907
v 3.779057 1.830205 0.572454
v 3.773725 1.894507 0.078345
v 3.694622 1.682473 0.554140
v 3.689290 1.746775 0.060031
v 3.633101 1.524636 0.534263
v 3.627769 1.588938 0.040154
v 3.595413 1.358227 0.513014
v 3.590081 1.422529 0.018905
v 3.582480 1.184780 0.490581
v 3.577148 1.249082 -0.003528
v 3.594032 1.007390 0.467372
v 3.588700 1.071692 -0.026737
v 3.628827 0.840611 0.445292
v 3.623495 0.904913 -0.048817
v 3.686305 0.684915 0.424410
v 3.680973 0.749217 -0.069699
v 3.765908 0.540773 0.404793
v 3.760576 0.605074 -0.089316
v 3.867074 0.408655 0.386508
v 3.861742 0.472957 -0.107601
v 3.989245 0.289032 0.369622
v 3.983913 0.353334 -0.124487
v 4.131862 0.182375 0.354203
v 4.126530 0.246677 -0.139906
v 4.294364 0.089156 0.340318
v 4.289032 0.153458 -0.153791
v 4.476193 0.009844 0.328035
v 4.470861 0.074146 -0.166074
v 4.676787 -0.055089 0.317420
v 4.671455 0.009213 -0.176689
v 4.895589 -0.105173 0.308541
v 4.890257 -0.040871 -0.185568
v 5.132038 -0.139936 0.301466
v 5.126706 -0.075634 -0.192643
v 5.326843 0.117358 0.332847
v 5.321511 0.181660 -0.161262
v 5.293853 0.120106 0.333561
v 5.288521 0.184408 -0.160548
v 5.261136 0.123120 0.334306
v 5.255804 0.187422 -0.159803
v 5.228794 0.126376 0.335079
v 5.223462 0.190678 -0.159030
v 5.196925 0.129849 0.335875
v 5.191593 0.194151 -0.158234
v 5.165631 0.133515 0.336690
v 5.160299 0.197817 -0.157419
v 5.135013 0.137350 0.337519
v 5.129681 0.201652 -0.156590
v 5.105171 0.141330 0.338359
v 5.099839 0.205632 -0.155750
v 5.076204 0.145431 0.339205
v 5.070872 0.209733 -0.154904
v 5.048215 0.149628 0.340053
v 5.042883 0.213930 -0.154056
v 5.021304 0.153898 0.340899
v 5.015972 0.218200 -0.153210
v 4.995571 0.158216 0.341739
v 4.990239 0.222518 -0.152370
v 4.971115 0.162558 0.342568
v 4.965783 0.226860 -0.151541
v 4.839239 0.192571 0.347897
v 4.833907 0.256873 -0.146212
v 4.709502 0.232290 0.354466
v 4.704170 0.296592 -0.139643
v 4.583687 0.281861 0.362274
v 4.578355 0.346163 -0.131835
v 4.463573 0.341428 0.371322
v 4.458241 0.405729 -0.122787
v 4.350945 0.411135 0.381609
v 4.345613 0.475437 -0.112500
v 4.247581 0.491129 0.393135
v 4.242249 0.555431 -0.100974
v 4.155265 0.581554 0.405899
v 4.149933 0.645856 -0.088210
v 4.075777 0.682555 0.419900
v 4.070445 0.746857 -0.074209
v 4.010899 0.794276 0.435139
v 4.005567 0.858578 -0.058970
v 3.962412 0.916862 0.451616
v 3.957080 0.981164 -0.042493
v 3.932098 1.050459 0.469329
v 3.926766 1.114761 -0.024780
v 3.921738 1.195211 0.488278
v 3.916406 1.259513 -0.005831
v 3.930223 1.324413 0.505000
v 3.924891 1.388715 0.010891
v 3.955076 1.448835 0.520924
v 3.949744 1.513137 0.026815
v 3.995953 1.567462 0.535921
v 3.990621 1.631764 0.041812
v 4.052507 1.679279 0.549862
v 4.047175 1.743581 0.055753
v 4.124392 1.783274 0.562620
v 4.119060 1.847576 0.068511
v 4.211261 1.878431 0.574066
v 4.205929 1.942733 0.079957
v 4.312768 1.963737 0.584072
v 4.307436 2.028039 0.089963
v 4.428569 2.038177 0.592510
v 4.423237 2.102479 0.098401
v 4.558315 2.100738 0.599252
v 4.552983 2.165040 0.105143
v 4.701661 2.150405 0.604168
v 4.696329 2.214707 0.110059
v 4.858261 2.186165 0.607132
v 4.852929 2.250467 0.113023
v 5.027768 2.207002 0.608015
v 5.022436 2.271304 0.113906
v 5.041621 2.124749 0.597161
v 5.036289 2.189051 0.103052
v 5.056552 2.041542 0.586172
v 5.051220 2.105844 0.092063
v 5.072602 1.957586 0.575073
v 5.067270 2.021888 0.080964
v 5.089815 1.873087 0.563890
v 5.084483 1.937389 0.069781
v 5.108234 1.788250 0.552651
v 5.102902 1.852552 0.058542
v 5.127903 1.703280 0.541381
v 5.122571 1.767582 0.047272
v 5.148864 1.618382 0.530107
v 5.143532 1.682684 0.035998
v 5.171162 1.533763 0.518854
v 5.165830 1.598065 0.024745
v 5.194839 1.449626 0.507649
v 5.189507 1.513928 0.013540
v 5.219941 1.366177 0.496519
v 5.214609 1.430479 0.002410
v 5.246507 1.283622 0.485488
v 5.241175 1.347924 -0.008621
v 5.274584 1.202165 0.474585
v 5.269252 1.266467 -0.019524
v 1.210920 2.771115 0.722613
v 1.205589 2.835417 0.228504
v 1.170424 2.739088 0.718882
v 1.165093 2.803390 0.224773
v 1.130271 2.705781 0.714981
v 1.124940 2.770083 0.220872
v 1.090806 2.671497 0.710945
v 1.085475 2.735799 0.216836
v 1.052373 2.636536 0.706810
v 1.047042 2.700838 0.212701
v 1.015319 2.601201 0.702612
v 1.009988 2.665503 0.208503
v 0.979989 2.565794 0.698385
v 0.974658 2.630096 0.204276
v 0.946728 2.530616 0.694166
v 0.941397 2.594918 0.200057
v 0.915880 2.495969 0.689990
v 0.910549 2.560271 0.195881
v 0.887793 2.462156 0.685893
v 0.882462 2.526458 0.191784
v 0.862809 2.429477 0.681910
v 0.857478 2.493779 0.187801
v 0.841275 2.398235 0.678076
v 0.835944 2.462537 0.183967
v 1.072783 2.276541 0.659741
v 1.067452 2.340843 0.165632
v 1.092334 2.307991 0.663623
v 1.087003 2.372293 0.169514
v 1.115491 2.341251 0.667702
v 1.110160 2.405553 0.173593
v 1.141897 2.375960 0.671934
v 1.136566 2.440262 0.177825
v 1.171192 2.411756 0.676276
v 1.165861 2.476058 0.182167
v 1.203016 2.448276 0.680685
v 1.197685 2.512578 0.186576
v 1.237010 2.485158 0.685118
v 1.231679 2.549460 0.191009
v 1.272814 2.522040 0.689531
v 1.267483 2.586342 0.195422
v 1.310067 2.558560 0.693882
v 1.304736 2.622862 0.199773
v 1.348413 2.594356 0.698127
v 1.343081 2.658658 0.204018
v 1.387488 2.629065 0.702222
v 1.382157 2.693367 0.208113
v 1.426936 2.662325 0.706125
v 1.421605 2.726627 0.212016
v 1.466394 2.693775 0.709792
v 1.461063 2.758077 0.215683
v 1.251416 2.801560 0.726138
v 1.246085 2.865862 0.232029
v 0.415775 1.249249 0.533142
v 0.410444 1.313551 0.039033
v 0.418283 1.216652 0.528873
v 0.412951 1.280954 0.034764
v 0.421077 1.184346 0.524639
v 0.415746 1.248648 0.030530
v 0.424129 1.152329 0.520439
v 0.418798 1.216631 0.026330
v 0.427413 1.120602 0.516275
v 0.422082 1.184904 0.022166
v 0.430899 1.089164 0.512146
v 0.425568 1.153466 0.018037
v 0.434556 1.058017 0.508053
v 0.429225 1.122319 0.013944
v 0.438358 1.027159 0.503996
v 0.433027 1.091461 0.009887
v 0.442276 0.996590 0.499976
v 0.436945 1.060892 0.005867
v 0.446279 0.966312 0.495992
v 0.440948 1.030614 0.001883
v 0.450340 0.936324 0.492046
v 0.445009 1.000625 -0.002063
v 0.454430 0.906625 0.488137
v 0.449099 0.970926 -0.005972
v -0.406090 0.906625 0.497422
v -0.411421 0.970926 0.003313
v -0.406090 0.905234 0.497241
v -0.411421 0.969536 0.003132
v -0.406078 0.901296 0.496729
v -0.411409 0.965598 0.002620
v -0.406042 0.895162 0.495930
v -0.411373 0.959463 0.001821
v -0.405963 0.887179 0.494891
v -0.411294 0.951481 0.000782
v -0.405830 0.877700 0.493656
v -0.411161 0.942002 -0.000454
v -0.405628 0.867074 0.492270
v -0.410959 0.931376 -0.001839
v -0.405340 0.855651 0.490781
v -0.410671 0.919953 -0.003328
v -0.404952 0.843782 0.489232
v -0.410283 0.908084 -0.004877
v -0.404449 0.831816 0.487669
v -0.409781 0.896118 -0.006440
v -0.403817 0.820103 0.486138
v -0.409148 0.884405 -0.007971
v -0.403041 0.808994 0.484684
v -0.408372 0.873296 -0.009425
v -0.402104 0.798839 0.483353
v -0.407435 0.863141 -0.010756
v -0.390911 0.646214 0.463369
v -0.396242 0.710516 -0.030740
v -0.379509 0.509367 0.445438
v -0.384840 0.573669 -0.048671
v -0.367711 0.387419 0.429440
v -0.373042 0.451721 -0.064669
v -0.355333 0.279486 0.415261
v -0.360664 0.343788 -0.078848
v -0.342192 0.184689 0.402782
v -0.347523 0.248991 -0.091327
v -0.328097 0.102146 0.391888
v -0.333428 0.166448 -0.102221
v -0.312867 0.030975 0.382462
v -0.318198 0.095277 -0.111647
v -0.296315 -0.029704 0.374387
v -0.301646 0.034598 -0.119722
v -0.278256 -0.080774 0.367546
v -0.283587 -0.016472 -0.126563
v -0.258504 -0.123115 0.361823
v -0.263835 -0.058813 -0.132286
v -0.236873 -0.157609 0.357100
v -0.242204 -0.093307 -0.137009
v -0.213178 -0.185137 0.353262
v -0.218509 -0.120835 -0.140847
v -0.197414 -0.199131 0.351271
v -0.202745 -0.134829 -0.142838
v -0.181058 -0.211616 0.349470
v -0.186389 -0.147314 -0.144639
v -0.164040 -0.222677 0.347847
v -0.169371 -0.158375 -0.146262
v -0.146285 -0.232397 0.346390
v -0.151616 -0.168095 -0.147719
v -0.127726 -0.240862 0.345088
v -0.133057 -0.176560 -0.149021
v -0.108288 -0.248156 0.343929
v -0.113619 -0.183854 -0.150180
v -0.087900 -0.254364 0.342901
v -0.093231 -0.190062 -0.151208
v -0.066492 -0.259569 0.341993
v -0.071823 -0.195267 -0.152116
v -0.043990 -0.263857 0.341192
v -0.049321 -0.199555 -0.152917
v -0.020324 -0.267312 0.340487
v -0.025655 -0.203010 -0.153622
v 0.004579 -0.270018 0.339866
v -0.000752 -0.205716 -0.154243
v 0.030789 -0.272060 0.339318
v 0.025458 -0.207758 -0.154791
v 0.056337 -0.273654 0.338834
v 0.051006 -0.209352 -0.155275
v 0.085219 -0.274958 0.338353
v 0.079888 -0.210656 -0.155756
v 0.117146 -0.275972 0.337877
v 0.111815 -0.211670 -0.156232
v 0.151832 -0.276696 0.337408
v 0.146501 -0.212394 -0.156701
v 0.188988 -0.277131 0.336951
v 0.183657 -0.212829 -0.157158
v 0.228330 -0.277276 0.336507
v 0.222999 -0.212974 -0.157602
v 0.269567 -0.277131 0.336081
v 0.264235 -0.212829 -0.158028
v 0.312413 -0.276696 0.335675
v 0.307082 -0.212394 -0.158434
v 0.356582 -0.275972 0.335293
v 0.351251 -0.211670 -0.158816
v 0.401785 -0.274958 0.334937
v 0.396454 -0.210656 -0.159172
v 0.447735 -0.273654 0.334611
v 0.442404 -0.209352 -0.159498
v 0.494146 -0.272060 0.334318
v 0.488815 -0.207758 -0.159791
v 0.495797 -0.254201 0.336624
v 0.490466 -0.189899 -0.157485
v 0.498585 -0.235520 0.339025
v 0.493254 -0.171218 -0.155084
v 0.502434 -0.216212 0.341496
v 0.497103 -0.151910 -0.152613
v 0.507277 -0.196469 0.344013
v 0.501945 -0.132167 -0.150096
v 0.513038 -0.176484 0.346552
v 0.507707 -0.112183 -0.147557
v 0.519649 -0.156452 0.349087
v 0.514318 -0.092150 -0.145022
v 0.527033 -0.136564 0.351596
v 0.521702 -0.072262 -0.142513
v 0.535123 -0.117014 0.354053
v 0.529792 -0.052712 -0.140056
v 0.543842 -0.097996 0.356434
v 0.538511 -0.033694 -0.137675
v 0.553121 -0.079701 0.358714
v 0.547790 -0.015400 -0.135395
v 0.562888 -0.062325 0.360870
v 0.557557 0.001977 -0.133239
v 0.573070 -0.046059 0.362877
v 0.567739 0.018243 -0.131232
v 0.528819 -0.050053 0.362835
v 0.523488 0.014249 -0.131274
v 0.485260 -0.053383 0.362872
v 0.479929 0.010919 -0.131237
v 0.442736 -0.056109 0.362976
v 0.437405 0.008193 -0.131133
v 0.401591 -0.058292 0.363135
v 0.396260 0.006009 -0.130974
v 0.362171 -0.059993 0.363340
v 0.356840 0.004309 -0.130769
v 0.324821 -0.061270 0.363576
v 0.319489 0.003032 -0.130533
v 0.289884 -0.062186 0.363834
v 0.284553 0.002116 -0.130275
v 0.257706 -0.062800 0.364102
v 0.252375 0.001502 -0.130007
v 0.228630 -0.063172 0.364367
v 0.223299 0.001130 -0.129742
v 0.203003 -0.063363 0.364619
v 0.197672 0.000939 -0.129490
v 0.181168 -0.063433 0.364845
v 0.175837 0.000868 -0.129264
v 0.163470 -0.063443 0.365035
v 0.158139 0.000858 -0.129074
v 0.147512 -0.064089 0.365123
v 0.142181 0.000213 -0.128986
v 0.132689 -0.064264 0.365260
v 0.127358 0.000037 -0.128849
v 0.118930 -0.063932 0.365452
v 0.113599 0.000369 -0.128657
v 0.106163 -0.063057 0.365703
v 0.100832 0.001245 -0.128406
v 0.094316 -0.061602 0.366020
v 0.088985 0.002700 -0.128089
v 0.083318 -0.059532 0.366409
v 0.077987 0.004770 -0.127700
v 0.073096 -0.056810 0.366873
v 0.067765 0.007492 -0.127236
v 0.063580 -0.053399 0.367420
v 0.058249 0.010903 -0.126689
v 0.054696 -0.049264 0.368054
v 0.049365 0.015038 -0.126055
v 0.046374 -0.044369 0.368781
v 0.041043 0.019933 -0.125328
v 0.038541 -0.038676 0.369606
v 0.033210 0.025626 -0.124503
v 0.031126 -0.032151 0.370535
v 0.025795 0.032151 -0.123574
v 0.016061 -0.016132 0.372782
v 0.010730 0.048169 -0.121327
v 0.001837 0.006176 0.375839
v -0.003494 0.070478 -0.118270
v -0.011573 0.035269 0.379770
v -0.016904 0.099571 -0.114339
v -0.024196 0.071642 0.384639
v -0.029527 0.135944 -0.109470
v -0.036062 0.115790 0.390513
v -0.041393 0.180092 -0.103596
v -0.047197 0.168208 0.397454
v -0.052528 0.232510 -0.096655
v -0.057631 0.229391 0.405529
v -0.062963 0.293693 -0.088580
v -0.067391 0.299833 0.414802
v -0.072722 0.364135 -0.079307
v -0.076506 0.380030 0.425337
v -0.081837 0.444332 -0.068772
v -0.085003 0.470477 0.437199
v -0.090334 0.534779 -0.056910
v -0.092911 0.571669 0.450453
v -0.098242 0.635971 -0.043656
v -0.100255 0.684100 0.465164
v -0.105586 0.748402 -0.028945
v 0.499626 0.684100 0.458690
v 0.494295 0.748402 -0.035419
v 0.532346 0.573568 0.443953
v 0.527015 0.637870 -0.050156
v 0.571338 0.467998 0.429794
v 0.566007 0.532300 -0.064315
v 0.617346 0.367426 0.416209
v 0.612015 0.431728 -0.077900
v 0.671120 0.271889 0.403196
v 0.665789 0.336191 -0.090913
v 0.733403 0.181422 0.390751
v 0.728072 0.245724 -0.103358
v 0.804946 0.096061 0.378870
v 0.799615 0.160363 -0.115239
v 0.886494 0.015844 0.367551
v 0.881163 0.080146 -0.126558
v 0.978793 -0.059194 0.356790
v 0.973462 0.005108 -0.137319
v 1.082592 -0.129017 0.346583
v 1.077261 -0.064715 -0.147526
v 1.198638 -0.193587 0.336928
v 1.193307 -0.129286 -0.157181
v 1.327677 -0.252871 0.327821
v 1.322346 -0.188569 -0.166288
v 1.470457 -0.306830 0.319258
v 1.465126 -0.242528 -0.174851
v 1.479746 -0.292173 0.321065
v 1.474415 -0.227871 -0.173044
v 1.490877 -0.276213 0.323022
v 1.485546 -0.211911 -0.171087
v 1.503619 -0.259239 0.325093
v 1.498288 -0.194937 -0.169016
v 1.517741 -0.241540 0.327244
v 1.512410 -0.177238 -0.166865
v 1.533012 -0.223407 0.329439
v 1.527681 -0.159105 -0.164670
v 1.549204 -0.205129 0.331643
v 1.543873 -0.140827 -0.162466
v 1.566085 -0.186996 0.333821
v 1.560754 -0.122694 -0.160288
v 1.583424 -0.169297 0.335937
v 1.578093 -0.104995 -0.158172
v 1.600992 -0.152323 0.337956
v 1.595661 -0.088021 -0.156153
v 1.618560 -0.136363 0.339844
v 1.613229 -0.072061 -0.154265
v 1.635894 -0.121706 0.341564
v 1.630563 -0.057405 -0.152545
v 1.652767 -0.108644 0.343082
v 1.647436 -0.044342 -0.151027
v 1.528526 -0.065623 0.350021
v 1.523195 -0.001321 -0.144088
v 1.415911 -0.018291 0.357396
v 1.410580 0.046011 -0.136713
v 1.314306 0.033313 0.365208
v 1.308975 0.097615 -0.128901
v 1.223093 0.089156 0.373459
v 1.217762 0.153458 -0.120650
v 1.141653 0.149200 0.382152
v 1.136322 0.213502 -0.111957
v 1.069370 0.213408 0.391288
v 1.064039 0.277710 -0.102821
v 1.005625 0.281746 0.400869
v 1.000294 0.346048 -0.093240
v 0.949802 0.354176 0.410897
v 0.944471 0.418478 -0.083212
v 0.901281 0.430663 0.421375
v 0.895950 0.494965 -0.072734
v 0.859447 0.511170 0.432303
v 0.854115 0.575472 -0.061806
v 0.823679 0.595661 0.443685
v 0.818348 0.659963 -0.050425
v 0.793362 0.684100 0.455521
v 0.788031 0.748402 -0.038588
v 1.356009 0.684100 0.449449
v 1.350677 0.748402 -0.044660
v 1.356297 0.889240 0.476143
v 1.350965 0.953542 -0.017966
v 1.374032 0.878881 0.474603
v 1.368701 0.943183 -0.019506
v 1.392084 0.868668 0.473079
v 1.386753 0.932970 -0.021030
v 1.410423 0.858599 0.471571
v 1.405092 0.922901 -0.022538
v 1.429023 0.848675 0.470079
v 1.423692 0.912977 -0.024030
v 1.447851 0.838897 0.468603
v 1.442520 0.903198 -0.025506
v 1.466880 0.829262 0.467144
v 1.461549 0.893564 -0.026965
v 1.486082 0.819773 0.465702
v 1.480751 0.884075 -0.028407
v 1.505429 0.810429 0.464277
v 1.500098 0.874731 -0.029832
v 1.524890 0.801230 0.462870
v 1.519559 0.865531 -0.031239
v 1.544437 0.792175 0.461481
v 1.539106 0.856477 -0.032628
v 1.564043 0.783265 0.460110
v 1.558712 0.847567 -0.033999
v 1.583677 0.774501 0.458757
v 1.578346 0.838802 -0.035352
v 1.591681 0.783815 0.459883
v 1.586349 0.848117 -0.034226
v 1.601078 0.794252 0.461140
v 1.595747 0.858554 -0.032969
v 1.611712 0.805630 0.462506
v 1.606380 0.869932 -0.031603
v 1.623424 0.817769 0.463959
v 1.618093 0.882071 -0.030150
v 1.636057 0.830488 0.465478
v 1.630726 0.894790 -0.028631
v 1.649450 0.843605 0.467041
v 1.644119 0.907907 -0.027068
v 1.663449 0.856939 0.468625
v 1.658118 0.921241 -0.025484
v 1.677894 0.870310 0.470209
v 1.672563 0.934612 -0.023900
v 1.692623 0.883536 0.471771
v 1.687292 0.947837 -0.022338
v 1.707483 0.896435 0.473289
v 1.702152 0.960737 -0.020820
v 1.722312 0.908828 0.474742
v 1.716981 0.973130 -0.019367
v 1.736956 0.920532 0.476107
v 1.731625 0.984834 -0.018002
v 1.735671 0.006095 0.357119
v 1.730340 0.070397 -0.136990
v 1.736333 -0.024990 0.353067
v 1.731002 0.039312 -0.141042
v 1.738478 -0.053962 0.349273
v 1.733147 0.010340 -0.144836
v 1.742206 -0.080883 0.345730
v 1.736875 -0.016581 -0.148379
v 1.747618 -0.105811 0.342427
v 1.742287 -0.041509 -0.151682
v 1.754813 -0.128807 0.339357
v 1.749482 -0.064505 -0.154752
v 1.763894 -0.149932 0.336510
v 1.758563 -0.085631 -0.157599
v 1.774960 -0.169247 0.333877
v 1.769629 -0.104945 -0.160232
v 1.788109 -0.186811 0.331449
v 1.782778 -0.122509 -0.162660
v 1.803446 -0.202684 0.329218
v 1.798115 -0.138382 -0.164891
v 1.821069 -0.216928 0.327174
v 1.815738 -0.152626 -0.166935
v 1.841078 -0.229602 0.325309
v 1.835747 -0.165301 -0.168800
v 1.863576 -0.240768 0.323613
v 1.858245 -0.176466 -0.170496
v 1.888412 -0.250490 0.322080
v 1.883080 -0.186188 -0.172029
v 1.915475 -0.258861 0.320698
v 1.910144 -0.194559 -0.173411
v 1.944925 -0.265976 0.319455
v 1.939594 -0.201674 -0.174654
v 1.976919 -0.271931 0.318334
v 1.971588 -0.207630 -0.175775
v 2.011616 -0.276825 0.317323
v 2.006285 -0.212523 -0.176786
v 2.049172 -0.280753 0.316407
v 2.043841 -0.216451 -0.177702
v 2.089746 -0.283811 0.315571
v 2.084415 -0.219509 -0.178538
v 2.133496 -0.286097 0.314801
v 2.128165 -0.221795 -0.179308
v 2.180581 -0.287706 0.314084
v 2.175250 -0.223405 -0.180025
v 2.231155 -0.288737 0.313404
v 2.225824 -0.224435 -0.180705
v 2.285380 -0.289284 0.312748
v 2.280049 -0.224982 -0.181361
v 2.343412 -0.289445 0.312100
v 2.338081 -0.225143 -0.182009
v 2.346093 -0.272040 0.314336
v 2.340762 -0.207738 -0.179773
v 2.349881 -0.253066 0.316765
v 2.344550 -0.188764 -0.177344
v 2.354676 -0.232836 0.319346
v 2.349345 -0.168534 -0.174763
v 2.360377 -0.211664 0.322039
v 2.355046 -0.147362 -0.172070
v 2.366884 -0.189865 0.324806
v 2.361553 -0.125563 -0.169303
v 2.374095 -0.167752 0.327606
v 2.368764 -0.103450 -0.166503
v 2.381909 -0.145639 0.330400
v 2.376578 -0.081337 -0.163709
v 2.390226 -0.123839 0.333147
v 2.384895 -0.059537 -0.160962
v 2.398944 -0.102668 0.335808
v 2.393613 -0.038366 -0.158301
v 2.407963 -0.082438 0.338343
v 2.402632 -0.018136 -0.155766
v 2.417180 -0.063464 0.340713
v 2.411849 0.000838 -0.153396
v 2.426497 -0.046059 0.342877
v 2.421165 0.018243 -0.151232
v 2.387505 -0.046858 0.343194
v 2.382174 0.017444 -0.150915
v 2.349345 -0.047524 0.343519
v 2.344014 0.016778 -0.150590
v 2.312336 -0.048069 0.343848
v 2.307005 0.016233 -0.150261
v 2.276792 -0.048505 0.344174
v 2.271461 0.015796 -0.149935
v 2.243028 -0.048846 0.344495
v 2.237697 0.015456 -0.149614
v 2.211363 -0.049101 0.344803
v 2.206032 0.015201 -0.149306
v 2.182111 -0.049284 0.345095
v 2.176780 0.015018 -0.149014
v 2.155589 -0.049407 0.345365
v 2.150258 0.014895 -0.148744
v 2.132111 -0.049481 0.345609
v 2.126780 0.014821 -0.148500
v 2.111995 -0.049520 0.345821
v 2.106664 0.014782 -0.148288
v 2.095555 -0.049534 0.345996
v 2.090224 0.014768 -0.148113
v 2.083111 -0.049536 0.346130
v 2.077780 0.014766 -0.147979
v 2.071382 -0.048441 0.346399
v 2.066051 0.015861 -0.147710
v 2.060973 -0.046864 0.346717
v 2.055642 0.017438 -0.147392
v 2.051830 -0.044755 0.347090
v 2.046499 0.019547 -0.147019
v 2.043896 -0.042067 0.347525
v 2.038565 0.022235 -0.146584
v 2.037110 -0.038751 0.348030
v 2.031779 0.025551 -0.146079
v 2.031418 -0.034759 0.348611
v 2.026087 0.029543 -0.145498
v 2.026760 -0.030042 0.349275
v 2.021429 0.034260 -0.144834
v 2.023081 -0.024553 0.350029
v 2.017750 0.039749 -0.144080
v 2.020322 -0.018243 0.350880
v 2.014991 0.046059 -0.143229
v 2.018427 -0.011064 0.351835
v 2.013096 0.053238 -0.142274
v 2.017337 -0.002967 0.352900
v 2.012006 0.061335 -0.141209
v 2.016994 0.006095 0.354083
v 2.011663 0.070397 -0.140026
v 2.018401 1.007456 0.484382
v 2.013070 1.071758 -0.009727
v 2.527267 1.007456 0.478891
v 2.521935 1.071758 -0.015218
v 2.533267 0.893475 0.463994
v 2.527936 0.957777 -0.030115
v 2.541405 0.777961 0.448873
v 2.536074 0.842263 -0.045236
v 2.551927 0.661554 0.433611
v 2.546596 0.725856 -0.060498
v 2.565077 0.544893 0.418287
v 2.559746 0.609195 -0.075822
v 2.581100 0.428619 0.402982
v 2.575769 0.492921 -0.091127
v 2.600244 0.313371 0.387778
v 2.594913 0.377673 -0.106331
v 2.622748 0.199788 0.372754
v 2.617417 0.264090 -0.121355
v 2.648864 0.088512 0.357991
v 2.643533 0.152814 -0.136118
v 2.678832 -0.019819 0.343569
v 2.673501 0.044483 -0.150540
v 2.712900 -0.124564 0.329571
v 2.707569 -0.060262 -0.164538
v 2.751312 -0.225083 0.316075
v 2.745981 -0.160781 -0.178034
v 2.794313 -0.320738 0.303163
v 2.788982 -0.256436 -0.190946
v 2.808214 -0.310844 0.304300
v 2.802883 -0.246542 -0.189809
v 2.824758 -0.300407 0.305480
v 2.819427 -0.236105 -0.188629
v 2.843485 -0.289608 0.306683
v 2.838154 -0.225306 -0.187426
v 2.863937 -0.278628 0.307891
v 2.858606 -0.214326 -0.186218
v 2.885653 -0.267648 0.309086
v 2.880322 -0.203346 -0.185023
v 2.908174 -0.256849 0.310248
v 2.902843 -0.192547 -0.183861
v 2.931039 -0.246412 0.311360
v 2.925708 -0.182110 -0.182749
v 2.953787 -0.236518 0.312402
v 2.948456 -0.172216 -0.181707
v 2.975961 -0.227349 0.313356
v 2.970630 -0.163047 -0.180753
v 2.997098 -0.219085 0.314203
v 2.991767 -0.154783 -0.179906
v 3.016741 -0.211908 0.314925
v 3.011410 -0.147606 -0.179184
v 3.034428 -0.205998 0.315503
v 3.029097 -0.141696 -0.178606
v 2.981051 -0.079460 0.332547
v 2.975720 -0.015158 -0.161562
v 2.935961 0.054129 0.350418
v 2.930630 0.118431 -0.143691
v 2.898462 0.193416 0.368949
v 2.893131 0.257718 -0.125160
v 2.867867 0.337049 0.387971
v 2.862535 0.401351 -0.106138
v 2.843478 0.483677 0.407316
v 2.838147 0.547979 -0.086793
v 2.824611 0.631946 0.426815
v 2.819280 0.696248 -0.067294
v 2.810569 0.780505 0.446300
v 2.805238 0.844807 -0.047809
v 2.800664 0.928001 0.465601
v 2.795333 0.992303 -0.028508
v 2.794202 1.073083 0.484552
v 2.788871 1.137385 -0.009557
v 2.790493 1.214399 0.502982
v 2.785162 1.278701 0.008873
v 2.788846 1.350595 0.520724
v 2.783515 1.414897 0.026615
v 2.788569 1.480321 0.537609
v 2.783238 1.544623 0.043500
v 2.790312 2.721591 0.699125
v 2.784981 2.785892 0.205016
v 1.739484 2.721591 0.710465
v 1.734153 2.785892 0.216356
v 1.737043 0.983117 0.484251
v 1.731712 1.047419 -0.009858
v 1.664074 1.015138 0.489206
v 1.658743 1.079440 -0.004903
v 1.593982 1.048632 0.494321
v 1.588651 1.112934 0.000212
v 1.526708 1.083623 0.499600
v 1.521377 1.147925 0.005491
v 1.462193 1.120135 0.505048
v 1.456862 1.184437 0.010939
v 1.400382 1.158192 0.510668
v 1.395051 1.222494 0.016559
v 1.341215 1.197819 0.516463
v 1.335884 1.262121 0.022354
v 1.284637 1.239039 0.522438
v 1.279306 1.303341 0.028329
v 1.230590 1.281877 0.528596
v 1.225259 1.346179 0.034487
v 1.179014 1.326357 0.534941
v 1.173683 1.390659 0.040832
v 1.129855 1.372503 0.541477
v 1.124524 1.436805 0.047368
v 1.083055 1.420339 0.548207
v 1.077724 1.484641 0.054098
v 1.038554 1.469890 0.555135
v 1.033223 1.534192 0.061026
v 1.642572 1.469890 0.548618
v 1.637241 1.534192 0.054509
v 1.642885 1.692414 0.577573
v 1.637554 1.756716 0.083464
v 0.881656 1.692414 0.585787
v 0.876325 1.756716 0.091678
v 0.867385 1.717769 0.589241
v 0.862054 1.782071 0.095132
v 0.853458 1.743425 0.592730
v 0.848127 1.807727 0.098621
v 0.839877 1.769396 0.596256
v 0.834546 1.833698 0.102147
v 0.826640 1.795692 0.599821
v 0.821309 1.859994 0.105712
v 0.813749 1.822327 0.603426
v 0.808418 1.886629 0.109317
v 0.801204 1.849311 0.607073
v 0.795873 1.913613 0.112964
v 0.789002 1.876658 0.610764
v 0.783671 1.940960 0.116655
v 0.777147 1.904379 0.614499
v 0.771816 1.968681 0.120390
v 0.765638 1.932487 0.618281
v 0.760307 1.996789 0.124172
v 0.754473 1.960992 0.622111
v 0.749142 2.025294 0.128003
v 0.743653 1.989909 0.625991
v 0.738322 2.054211 0.131882
v 0.733178 2.019247 0.629922
v 0.727847 2.083549 0.135813
v 1.481997 2.019247 0.621842
v 1.476666 2.083549 0.127733
v 1.482310 2.241772 0.650797
v 1.476979 2.306074 0.156688
v 0.667298 2.241772 0.659592
v 0.661967 2.306074 0.165483
v 0.655379 2.290816 0.666103
v 0.650048 2.355118 0.171994
v 0.644280 2.340608 0.672703
v 0.638949 2.404910 0.178594
v 0.633959 2.391172 0.679394
v 0.628628 2.455474 0.185285
v 0.624371 2.442533 0.686182
v 0.619040 2.506835 0.192073
v 0.615473 2.494716 0.693069
v 0.610142 2.559018 0.198960
v 0.607222 2.547743 0.700059
v 0.601891 2.612045 0.205950
v 0.599577 2.601640 0.707155
v 0.594246 2.665942 0.213046
v 0.592492 2.656430 0.714362
v 0.587161 2.720732 0.220253
v 0.585926 2.712138 0.721682
v 0.580595 2.776440 0.227573
v 0.579837 2.768787 0.729120
v 0.574506 2.833089 0.235011
v 0.574179 2.826402 0.736679
v 0.568848 2.890704 0.242570
v 0.568910 2.885007 0.744362
v 0.563579 2.949309 0.250253
v 0.279287 2.867622 0.745225
v 0.273956 2.931924 0.251116
v 0.285509 2.810754 0.737757
v 0.280178 2.875056 0.243648
v 0.291962 2.754863 0.730414
v 0.286631 2.819165 0.236305
v 0.298703 2.699914 0.723191
v 0.293372 2.764216 0.229082
v 0.305791 2.645870 0.716081
v 0.300460 2.710172 0.221972
v 0.313282 2.592696 0.709080
v 0.307951 2.656998 0.214971
v 0.321234 2.540354 0.702183
v 0.315903 2.604656 0.208074
v 0.329703 2.488810 0.695384
v 0.324372 2.553112 0.201275
v 0.338748 2.438026 0.688677
v 0.333417 2.502328 0.194568
v 0.348427 2.387967 0.682058
v 0.343096 2.452269 0.187949
v 0.358796 2.338595 0.675521
v 0.353465 2.402897 0.181412
v 0.369914 2.289876 0.669061
v 0.364583 2.354178 0.174952
v 0.381836 2.241772 0.662672
v 0.376505 2.306074 0.168563
v -0.027738 2.241772 0.667092
v -0.033069 2.306074 0.172983
v -0.013875 2.250663 0.668099
v -0.019206 2.314965 0.173990
v 0.000692 2.259881 0.669142
v -0.004639 2.324183 0.175033
v 0.015805 2.269316 0.670207
v 0.010474 2.333618 0.176098
v 0.031307 2.278859 0.671281
v 0.025976 2.343161 0.177172
v 0.047038 2.288403 0.672353
v 0.041707 2.352705 0.178244
v 0.062840 2.297837 0.673411
v 0.057509 2.362139 0.179302
v 0.078557 2.307055 0.674441
v 0.073226 2.371357 0.180332
v 0.094028 2.315947 0.675431
v 0.088697 2.380249 0.181322
v 0.109097 2.324404 0.676369
v 0.103766 2.388705 0.182260
v 0.123605 2.332317 0.677242
v 0.118274 2.396619 0.183133
v 0.137394 2.339579 0.678038
v 0.132063 2.403881 0.183929
v 0.150305 2.346080 0.678745
v 0.144974 2.410382 0.184636
v 0.112281 2.378616 0.683390
v 0.106950 2.442918 0.189281
v 0.074780 2.413398 0.688321
v 0.069449 2.477700 0.194212
v 0.037971 2.450063 0.693489
v 0.032640 2.514365 0.199380
v 0.002027 2.488249 0.698847
v -0.003304 2.552551 0.204738
v -0.032883 2.527594 0.704343
v -0.038214 2.591896 0.210234
v -0.066584 2.567736 0.709931
v -0.071915 2.632038 0.215822
v -0.098905 2.608312 0.715560
v -0.104236 2.672614 0.221451
v -0.129676 2.648961 0.721182
v -0.135007 2.713263 0.227073
v -0.158722 2.689320 0.726748
v -0.164053 2.753622 0.232639
v -0.185874 2.729027 0.732208
v -0.191205 2.793329 0.238099
v -0.210958 2.767720 0.737514
v -0.216289 2.832022 0.243405
v -0.233803 2.805037 0.742617
v -0.239134 2.869339 0.248508
v -0.490392 2.742452 0.737241
v -0.495723 2.806754 0.243132
v -0.462891 2.696413 0.730953
v -0.468222 2.760715 0.236844
v -0.434095 2.650555 0.724675
v -0.439426 2.714857 0.230566
v -0.404093 2.605058 0.718430
v -0.409424 2.669360 0.224321
v -0.372971 2.560106 0.712244
v -0.378302 2.624408 0.218135
v -0.340813 2.515877 0.706141
v -0.346144 2.580179 0.212032
v -0.307704 2.472554 0.700146
v -0.313035 2.536856 0.206037
v -0.273732 2.430318 0.694283
v -0.279063 2.494620 0.200174
v -0.238984 2.389349 0.688577
v -0.244315 2.453651 0.194468
v -0.203543 2.349829 0.683051
v -0.208874 2.414131 0.188942
v -0.167498 2.311939 0.677731
v -0.172829 2.376241 0.183622
v -0.130931 2.275859 0.672642
v -0.136262 2.340161 0.178532
v -0.093931 2.241772 0.667806
v -0.099262 2.306074 0.173697
v -0.565562 2.241772 0.672895
v -0.570893 2.306074 0.178786
v -0.565875 2.019247 0.643940
v -0.571206 2.083549 0.149831
v 0.443581 2.019247 0.633047
v 0.438250 2.083549 0.138938
v 0.453018 1.990639 0.629223
v 0.447687 2.054941 0.135114
v 0.462788 1.962200 0.625416
v 0.457457 2.026502 0.131307
v 0.472874 1.933954 0.621631
v 0.467543 1.998256 0.127522
v 0.483261 1.905925 0.617872
v 0.477930 1.970227 0.123763
v 0.493937 1.878137 0.614140
v 0.488605 1.942439 0.120031
v 0.504885 1.850616 0.610441
v 0.499554 1.914918 0.116332
v 0.516092 1.823384 0.606776
v 0.510761 1.887686 0.112667
v 0.527543 1.796465 0.603149
v 0.522212 1.860767 0.109040
v 0.539225 1.769885 0.599564
v 0.533894 1.834187 0.105455
v 0.551124 1.743667 0.596024
v 0.545793 1.807969 0.101915
v 0.563224 1.717836 0.592532
v 0.557893 1.782138 0.098423
v 0.575510 1.692414 0.589091
v 0.570179 1.756716 0.094982
v -0.748366 1.692414 0.603376
v -0.753697 1.756716 0.109267
v -0.748679 1.469890 0.574421
v -0.754010 1.534192 0.080312
v -0.070192 1.469890 0.567100
v -0.075523 1.534192 0.072991
v -0.120626 1.420814 0.561257
v -0.125957 1.485116 0.067148
v -0.174349 1.372825 0.555592
v -0.179680 1.437127 0.061483
v -0.231030 1.326140 0.550128
v -0.236362 1.390442 0.056019
v -0.290338 1.280976 0.544890
v -0.295669 1.345278 0.050781
v -0.351941 1.237550 0.539904
v -0.357272 1.301852 0.045795
v -0.415509 1.196080 0.535193
v -0.420840 1.260382 0.041084
v -0.480712 1.156783 0.530783
v -0.486043 1.221085 0.036674
v -0.547218 1.119877 0.526697
v -0.552549 1.184179 0.032588
v -0.614697 1.085579 0.522962
v -0.620028 1.149881 0.028853
v -0.682820 1.054105 0.519601
v -0.688151 1.118407 0.025492
v -0.751255 1.025674 0.516640
v -0.756586 1.089976 0.022531
v -0.819670 1.000502 0.514102
v -0.825001 1.064804 0.019993
v -0.803693 0.989174 0.512456
v -0.809024 1.053476 0.018347
v -0.786913 0.976228 0.510590
v -0.792244 1.040530 0.016481
v -0.769561 0.961930 0.508542
v -0.774892 1.026232 0.014433
v -0.751865 0.946545 0.506349
v -0.757196 1.010847 0.012240
v -0.734057 0.930340 0.504048
v -0.739388 0.994641 0.009939
v -0.716364 0.913579 0.501675
v -0.721695 0.977880 0.007566
v -0.699016 0.896528 0.499269
v -0.704347 0.960830 0.005160
v -0.682241 0.879453 0.496866
v -0.687572 0.943755 0.002757
v -0.666273 0.862620 0.494503
v -0.671604 0.926921 0.000394
v -0.651338 0.846293 0.492217
v -0.656669 0.910595 -0.001892
v -0.637665 0.830739 0.490046
v -0.642996 0.895041 -0.004063
v -0.625484 0.816224 0.488025
v -0.630816 0.880526 -0.006084
v -0.543636 0.851794 0.491771
v -0.548967 0.916096 -0.002338
v -0.461941 0.892169 0.496144
v -0.467272 0.956471 0.002035
v -0.380900 0.936939 0.501096
v -0.386231 1.001241 0.006987
v -0.301017 0.985693 0.506578
v -0.306348 1.049995 0.012469
v -0.222795 1.038020 0.512544
v -0.228127 1.102322 0.018435
v -0.146740 1.093510 0.518945
v -0.152071 1.157812 0.024836
v -0.073351 1.151753 0.525732
v -0.078682 1.216055 0.031623
v -0.003134 1.212338 0.532859
v -0.008465 1.276640 0.038750
v 0.063408 1.274855 0.540277
v 0.058077 1.339157 0.046168
v 0.125773 1.338893 0.547937
v 0.120442 1.403195 0.053828
v 0.183456 1.404041 0.555793
v 0.178125 1.468343 0.061684
v 0.235953 1.469890 0.563796
v 0.230622 1.534192 0.069687
v 0.707584 1.469890 0.558707
v 0.702253 1.534192 0.064598
v 0.746815 1.414253 0.551043
v 0.741484 1.478554 0.056934
v 0.788143 1.360318 0.543578
v 0.782812 1.424620 0.049469
v 0.831600 1.308049 0.536307
v 0.826269 1.372351 0.042198
v 0.877215 1.257410 0.529225
v 0.871884 1.321712 0.035116
v 0.925015 1.208364 0.522326
v 0.919684 1.272666 0.028217
v 0.975030 1.160876 0.515607
v 0.969699 1.225178 0.021498
v 1.027287 1.114909 0.509061
v 1.021955 1.179211 0.014952
v 1.081816 1.070427 0.502684
v 1.076485 1.134729 0.008575
v 1.138646 1.027394 0.496470
v 1.133315 1.091696 0.002361
v 1.197805 0.985773 0.490415
v 1.192474 1.050075 -0.003694
v 1.259320 0.945529 0.484514
v 1.253989 1.009831 -0.009595
v 1.323224 0.906625 0.478762
v 1.317893 0.970926 -0.015347
v 0.744028 0.906625 0.485012
v 0.738697 0.970926 -0.009097
v 0.739067 0.936324 0.488930
v 0.733736 1.000625 -0.005179
v 0.734438 0.966312 0.492883
v 0.729107 1.030614 -0.001226
v 0.730126 0.996590 0.496870
v 0.724795 1.060892 0.002761
v 0.726116 1.027159 0.500891
v 0.720785 1.091461 0.006782
v 0.722393 1.058017 0.504947
v 0.717062 1.122319 0.010838
v 0.718945 1.089164 0.509038
v 0.713614 1.153466 0.014929
v 0.715755 1.120602 0.513163
v 0.710423 1.184904 0.019054
v 0.712809 1.152329 0.517324
v 0.707478 1.216631 0.023215
v 0.710093 1.184346 0.521520
v 0.704762 1.248648 0.027411
v 0.707593 1.216652 0.525751
v 0.702262 1.280954 0.031642
v 0.705296 1.249249 0.530018
v 0.699965 1.313551 0.035909
v 0.703184 1.282135 0.534320
v 0.697853 1.346437 0.040211
v 0.413587 1.282135 0.537445
v 0.408256 1.346437 0.043336
v 2.019763 1.977524 0.610610
v 2.014432 2.041826 0.116501
v 2.020475 2.485158 0.676664
v 2.015144 2.549460 0.182555
v 2.516930 2.485158 0.671307
v 2.511599 2.549460 0.177198
v 2.516217 1.977524 0.605252
v 2.510886 2.041826 0.111143
v 2.519314 1.236934 0.508841
v 2.513983 1.301236 0.014732
v 2.018723 1.236934 0.514243
v 2.013391 1.301236 0.020134
v 2.019436 1.744569 0.580297
v 2.014105 1.808871 0.086188
v 2.515890 1.744569 0.574940
v 2.510559 1.808871 0.080831
v 2.515524 1.483798 0.541008
v 2.510193 1.548100 0.046899
v -2.253578 2.189618 0.684323
v -2.258909 2.253920 0.190214
v -2.298764 2.419096 0.714674
v -2.304095 2.483398 0.220565
v -2.302607 2.446288 0.718254
v -2.307938 2.510590 0.224145
v -2.305948 2.472345 0.721681
v -2.311279 2.536647 0.227572
v -2.308803 2.497436 0.724978
v -2.314134 2.561738 0.230869
v -2.311184 2.521731 0.728165
v -2.316515 2.586033 0.234056
v -2.313107 2.545397 0.731266
v -2.318438 2.609699 0.237157
v -2.314586 2.568605 0.734302
v -2.319917 2.632907 0.240193
v -2.315633 2.591523 0.737295
v -2.320964 2.655825 0.243186
v -2.316264 2.614320 0.740269
v -2.321595 2.678622 0.246160
v -2.316494 2.637166 0.743245
v -2.321825 2.701468 0.249136
v -2.316334 2.660229 0.746244
v -2.321665 2.724531 0.252135
v -2.315801 2.683678 0.749290
v -2.321132 2.747980 0.255181
v -2.314908 2.707683 0.752404
v -2.320239 2.771985 0.258295
v -2.683136 2.690298 0.754115
v -2.688467 2.754600 0.260006
v -2.676015 2.666557 0.750949
v -2.681346 2.730859 0.256840
v -2.669067 2.642345 0.747723
v -2.674398 2.706647 0.253614
v -2.662292 2.617771 0.744452
v -2.667624 2.682073 0.250343
v -2.655691 2.592943 0.741150
v -2.661022 2.657245 0.247041
v -2.649262 2.567971 0.737831
v -2.654593 2.632273 0.243722
v -2.643005 2.542962 0.734509
v -2.648336 2.607264 0.240399
v -2.636920 2.518026 0.731198
v -2.642251 2.582328 0.237089
v -2.631009 2.493271 0.727912
v -2.636340 2.557573 0.233803
v -2.625268 2.468806 0.724667
v -2.630599 2.533108 0.230558
v -2.619699 2.444739 0.721474
v -2.625030 2.509041 0.227365
v -2.614303 2.421179 0.718350
v -2.619634 2.485481 0.224241
v -2.609077 2.398235 0.715308
v -2.614408 2.462537 0.221199
v -2.563852 2.196572 0.688576
v -2.569183 2.260874 0.194467
v -2.690162 2.201715 0.690608
v -2.695493 2.266016 0.196499
v -2.820392 2.208451 0.692890
v -2.825723 2.272753 0.198781
v -2.953810 2.216781 0.695414
v -2.959141 2.281083 0.201305
v -3.089682 2.226705 0.698172
v -3.095013 2.291007 0.204063
v -3.227275 2.238223 0.701155
v -3.232606 2.302525 0.207046
v -3.365857 2.251333 0.704357
v -3.371188 2.315635 0.210248
v -3.504695 2.266038 0.707769
v -3.510026 2.330340 0.213660
v -3.643058 2.282336 0.711383
v -3.648389 2.346638 0.217274
v -3.780211 2.300228 0.715191
v -3.785542 2.364530 0.221082
v -3.915423 2.319713 0.719186
v -3.920754 2.384015 0.225077
v -4.047961 2.340792 0.723359
v -4.053292 2.405094 0.229250
v -4.177093 2.363465 0.727703
v -4.182424 2.427767 0.233594
v -4.181605 2.095740 0.692911
v -4.186936 2.160042 0.198802
v -4.057169 2.078591 0.689336
v -4.062500 2.142893 0.195227
v -3.926513 2.061985 0.685765
v -3.931844 2.126287 0.191656
v -3.790653 2.046031 0.682223
v -3.795984 2.110333 0.188114
v -3.650615 2.030837 0.678735
v -3.655946 2.095139 0.184626
v -3.507414 2.016513 0.675325
v -3.512745 2.080815 0.181216
v -3.362070 2.003166 0.672020
v -3.367401 2.067468 0.177911
v -3.215605 1.990906 0.668844
v -3.220936 2.055208 0.174735
v -3.069038 1.979842 0.665823
v -3.074369 2.044144 0.171714
v -2.923388 1.970081 0.662981
v -2.928720 2.034383 0.168872
v -2.779675 1.961733 0.660344
v -2.785007 2.026035 0.166235
v -2.638920 1.954906 0.657936
v -2.644251 2.019208 0.163827
v -2.502142 1.949708 0.655784
v -2.507473 2.014010 0.161675
v -2.483213 1.875994 0.645987
v -2.488544 1.940296 0.151878
v -2.463510 1.801278 0.636051
v -2.468841 1.865580 0.141942
v -2.443116 1.726151 0.626054
v -2.448447 1.790453 0.131945
v -2.422119 1.651206 0.616074
v -2.427450 1.715508 0.121965
v -2.400604 1.577033 0.606190
v -2.405935 1.641335 0.112081
v -2.378656 1.504225 0.596478
v -2.383987 1.568527 0.102369
v -2.356359 1.433372 0.587017
v -2.361691 1.497674 0.092908
v -2.333802 1.365066 0.577884
v -2.339133 1.429368 0.083775
v -2.311068 1.299900 0.569158
v -2.316399 1.364202 0.075049
v -2.288240 1.238464 0.560917
v -2.293571 1.302766 0.066808
v -2.265409 1.181350 0.553238
v -2.270740 1.245651 0.059129
v -2.242656 1.129149 0.546199
v -2.247987 1.193451 0.052090
v -2.332855 1.179518 0.553727
v -2.338186 1.243820 0.059618
v -2.423752 1.224684 0.560586
v -2.429083 1.288986 0.066477
v -2.515515 1.264804 0.566797
v -2.520846 1.329106 0.072688
v -2.608322 1.300034 0.572383
v -2.613653 1.364336 0.078274
v -2.702341 1.330532 0.577367
v -2.707672 1.394834 0.083258
v -2.797746 1.356454 0.581770
v -2.803077 1.420756 0.087661
v -2.894707 1.377958 0.585614
v -2.900038 1.442260 0.091505
v -2.993399 1.395200 0.588923
v -2.998730 1.459502 0.094814
v -3.093993 1.408337 0.591718
v -3.099324 1.472639 0.097609
v -3.196661 1.417526 0.594022
v -3.201992 1.481828 0.099913
v -3.301575 1.422925 0.595856
v -3.306906 1.487227 0.101747
v -3.408907 1.424690 0.597244
v -3.414238 1.488991 0.103135
v -3.567614 1.418913 0.598205
v -3.572945 1.483215 0.104096
v -3.714569 1.401945 0.597583
v -3.719900 1.466246 0.103474
v -3.849387 1.374328 0.595444
v -3.854718 1.438630 0.101335
v -3.971680 1.336607 0.591854
v -3.977011 1.400909 0.097745
v -4.081056 1.289324 0.586881
v -4.086387 1.353626 0.092772
v -4.177129 1.233023 0.580591
v -4.182460 1.297325 0.086482
v -4.259509 1.168247 0.573050
v -4.264840 1.232549 0.078941
v -4.327808 1.095539 0.564325
v -4.333139 1.159841 0.070216
v -4.381639 1.015442 0.554483
v -4.386970 1.079744 0.060373
v -4.420610 0.928500 0.543589
v -4.425941 0.992802 0.049480
v -4.444336 0.835257 0.531710
v -4.449667 0.899559 0.037601
v -4.452427 0.736254 0.518914
v -4.457758 0.800556 0.024805
v -4.434519 0.564831 0.496412
v -4.439850 0.629133 0.002303
v -4.381477 0.412013 0.475952
v -4.386808 0.476315 -0.018157
v -4.295084 0.277569 0.457524
v -4.300415 0.341871 -0.036585
v -4.177119 0.161270 0.441116
v -4.182450 0.225572 -0.052993
v -4.029365 0.062888 0.426719
v -4.034696 0.127189 -0.067390
v -3.853603 -0.017809 0.414320
v -3.858934 0.046493 -0.079789
v -3.651616 -0.081048 0.403911
v -3.656947 -0.016746 -0.090198
v -3.425183 -0.127059 0.395480
v -3.430514 -0.062757 -0.098629
v -3.176086 -0.156071 0.389016
v -3.181417 -0.091770 -0.105093
v -2.906109 -0.168315 0.384510
v -2.911440 -0.104013 -0.109599
v -2.617032 -0.164019 0.381949
v -2.622363 -0.099717 -0.112160
v -2.310637 -0.143413 0.381325
v -2.315968 -0.079111 -0.112784
v -2.227509 0.131266 0.416174
v -2.232840 0.195567 -0.077935
v -2.465418 0.108770 0.415813
v -2.470749 0.173072 -0.078296
v -2.699129 0.097333 0.416847
v -2.704460 0.161635 -0.077262
v -2.925500 0.097583 0.419322
v -2.930831 0.161885 -0.074787
v -3.141380 0.110146 0.423287
v -3.146711 0.174448 -0.070822
v -3.343626 0.135652 0.428788
v -3.348957 0.199954 -0.065321
v -3.529087 0.174727 0.435875
v -3.534418 0.239029 -0.058234
v -3.694619 0.228000 0.444594
v -3.699950 0.292302 -0.049515
v -3.837075 0.296099 0.454993
v -3.842406 0.360400 -0.039116
v -3.953308 0.379650 0.467120
v -3.958639 0.443952 -0.026989
v -4.040169 0.479282 0.481023
v -4.045500 0.543584 -0.013086
v -4.094514 0.595623 0.496750
v -4.099845 0.659925 0.002641
v -4.113194 0.729300 0.514348
v -4.118525 0.793602 0.020239
v -4.107778 0.793179 0.522603
v -4.113109 0.857481 0.028494
v -4.091778 0.854100 0.530358
v -4.097109 0.918402 0.036249
v -4.065298 0.911568 0.537551
v -4.070629 0.975870 0.043442
v -4.028436 0.965089 0.544118
v -4.033767 1.029391 0.050009
v -3.981295 1.014166 0.549996
v -3.986626 1.078468 0.055887
v -3.923978 1.058306 0.555122
v -3.929309 1.122608 0.061013
v -3.856582 1.097013 0.559432
v -3.861913 1.161315 0.065323
v -3.779211 1.129793 0.562863
v -3.784542 1.194095 0.068754
v -3.691966 1.156150 0.565352
v -3.697297 1.220452 0.071243
v -3.594950 1.175589 0.566835
v -3.600281 1.239891 0.072726
v -3.488260 1.187615 0.567248
v -3.493591 1.251917 0.073139
v -3.372000 1.191734 0.566530
v -3.377331 1.256036 0.072421
v -3.249784 1.188768 0.564825
v -3.255116 1.253070 0.070716
v -3.129632 1.179887 0.562373
v -3.134963 1.244189 0.068264
v -3.012044 1.165114 0.559182
v -3.017375 1.229416 0.065072
v -2.897525 1.144474 0.555260
v -2.902856 1.208776 0.061151
v -2.786576 1.117990 0.550616
v -2.791907 1.182292 0.056507
v -2.679700 1.085687 0.545259
v -2.685031 1.149989 0.051150
v -2.577400 1.047590 0.539197
v -2.582731 1.111892 0.045088
v -2.480180 1.003721 0.532439
v -2.485511 1.068023 0.038330
v -2.388541 0.954107 0.524994
v -2.393872 1.018409 0.030885
v -2.302986 0.898769 0.516869
v -2.308317 0.963071 0.022760
v -2.224019 0.837734 0.508074
v -2.229350 0.902035 0.013965
v -2.152142 0.771024 0.498617
v -2.157473 0.835325 0.004508
v -2.139049 0.758116 0.496796
v -2.144380 0.822418 0.002687
v -2.126589 0.745413 0.495008
v -2.131920 0.809715 0.000899
v -2.114703 0.732831 0.493243
v -2.120034 0.797133 -0.000866
v -2.103333 0.720286 0.491487
v -2.108665 0.784588 -0.002622
v -2.092424 0.707692 0.489731
v -2.097755 0.771994 -0.004378
v -2.081918 0.694965 0.487961
v -2.087249 0.759267 -0.006148
v -2.071756 0.682021 0.486167
v -2.077087 0.746323 -0.007942
v -2.061882 0.668776 0.484337
v -2.067213 0.733078 -0.009772
v -2.052238 0.655143 0.482458
v -2.057570 0.719445 -0.011651
v -2.042768 0.641041 0.480521
v -2.048099 0.705342 -0.013588
v -2.033413 0.626382 0.478512
v -2.038744 0.690684 -0.015597
v -2.024117 0.611084 0.476421
v -2.029448 0.675386 -0.017688
v -1.713701 0.704962 0.485289
v -1.719032 0.769264 -0.008820
v -1.765366 0.794853 0.497544
v -1.770697 0.859155 0.003435
v -1.815069 0.890093 0.510475
v -1.820400 0.954395 0.016366
v -1.862755 0.989800 0.523965
v -1.868086 1.054102 0.029856
v -1.908367 1.093092 0.537899
v -1.913698 1.157394 0.043790
v -1.951849 1.199088 0.552163
v -1.957180 1.263390 0.058054
v -1.993145 1.306908 0.566640
v -1.998476 1.371210 0.072531
v -2.032200 1.415669 0.581215
v -2.037531 1.479971 0.087106
v -2.068956 1.524491 0.595773
v -2.074287 1.588793 0.101664
v -2.103356 1.632491 0.610199
v -2.108687 1.696793 0.116090
v -2.135346 1.738790 0.624378
v -2.140677 1.803092 0.130269
v -2.164868 1.842505 0.638194
v -2.170199 1.906807 0.144085
v -2.191868 1.942755 0.651531
v -2.197199 2.007056 0.157422
v -2.187731 1.942755 0.651486
v -2.193062 2.007056 0.157377
v -2.117750 1.943040 0.650769
v -2.123081 2.007342 0.156659
v -2.048486 1.943881 0.650131
v -2.053817 2.008183 0.156022
v -1.979968 1.945254 0.649570
v -1.985299 2.009556 0.155461
v -1.912224 1.947133 0.649083
v -1.917555 2.011435 0.154974
v -1.845284 1.949495 0.648668
v -1.850616 2.013797 0.154559
v -1.779178 1.952316 0.648322
v -1.784509 2.016618 0.154213
v -1.713932 1.955572 0.648042
v -1.719263 2.019873 0.153933
v -1.649576 1.959238 0.647824
v -1.654907 2.023540 0.153715
v -1.586140 1.963290 0.647667
v -1.591471 2.027592 0.153558
v -1.523651 1.967705 0.647568
v -1.528982 2.032007 0.153459
v -1.462138 1.972457 0.647522
v -1.467469 2.036759 0.153413
v -1.401630 1.977524 0.647529
v -1.406961 2.041826 0.153420
v -1.397113 2.248726 0.682773
v -1.402444 2.313028 0.188664
v -1.453913 2.240989 0.682379
v -1.459244 2.305291 0.188270
v -1.514258 2.233482 0.682054
v -1.519589 2.297784 0.187945
v -1.577563 2.226289 0.681801
v -1.582894 2.290591 0.187692
v -1.643237 2.219494 0.681625
v -1.648568 2.283796 0.187516
v -1.710691 2.213182 0.681531
v -1.716022 2.277484 0.187422
v -1.779338 2.207437 0.681525
v -1.784669 2.271739 0.187416
v -1.848586 2.202344 0.681609
v -1.853917 2.266646 0.187500
v -1.917849 2.197988 0.681790
v -1.923180 2.262290 0.187681
v -1.986535 2.194453 0.682071
v -1.991866 2.258755 0.187962
v -2.054056 2.191823 0.682457
v -2.059387 2.256125 0.188348
v -2.119823 2.190183 0.682953
v -2.125154 2.254485 0.188844
v -2.183248 2.189618 0.683564
v -2.188579 2.253920 0.189455
v -7.987446 1.626135 0.672865
v -7.992779 1.690437 0.178756
v -8.048613 1.625483 0.673441
v -8.053946 1.689785 0.179332
v -8.109749 1.624397 0.673959
v -8.115082 1.688699 0.179850
v -8.170755 1.622875 0.674419
v -8.176088 1.687177 0.180310
v -8.231533 1.620920 0.674821
v -8.236866 1.685222 0.180712
v -8.291981 1.618529 0.675162
v -8.297314 1.682831 0.181053
v -8.351999 1.615704 0.675442
v -8.357332 1.680006 0.181333
v -8.411488 1.612445 0.675659
v -8.416821 1.676747 0.181550
v -8.470343 1.608750 0.675814
v -8.475676 1.673052 0.181705
v -8.528467 1.604622 0.675904
v -8.533800 1.668923 0.181795
v -8.585758 1.600058 0.675928
v -8.591091 1.664360 0.181819
v -8.642117 1.595060 0.675886
v -8.647449 1.659362 0.181777
v -8.634214 1.330812 0.641412
v -8.639547 1.395114 0.147303
v -8.580790 1.336746 0.641608
v -8.586123 1.401048 0.147499
v -8.526115 1.342353 0.641748
v -8.531448 1.406655 0.147639
v -8.470322 1.347599 0.641828
v -8.475655 1.411901 0.147719
v -8.413538 1.352446 0.641846
v -8.418871 1.416748 0.147737
v -8.355892 1.356859 0.641798
v -8.361225 1.421161 0.147689
v -8.297514 1.360801 0.641681
v -8.302847 1.425103 0.147572
v -8.238535 1.364235 0.641492
v -8.243868 1.428537 0.147383
v -8.179081 1.367127 0.641227
v -8.184414 1.431429 0.147118
v -8.119284 1.369439 0.640882
v -8.124617 1.433741 0.146773
v -8.059271 1.371135 0.640455
v -8.064604 1.435437 0.146346
v -7.999174 1.372179 0.639943
v -8.004507 1.436481 0.145834
v -7.939119 1.372535 0.639341
v -7.944452 1.436837 0.145232
v -7.874126 1.372248 0.638602
v -7.879459 1.436550 0.144493
v -7.809437 1.371392 0.637793
v -7.814770 1.435694 0.143684
v -7.745005 1.369982 0.636914
v -7.750338 1.434284 0.142805
v -7.680788 1.368028 0.635967
v -7.686121 1.432330 0.141858
v -7.616745 1.365543 0.634953
v -7.622078 1.429845 0.140844
v -7.552834 1.362539 0.633872
v -7.558167 1.426841 0.139763
v -7.489006 1.359028 0.632726
v -7.494339 1.423330 0.138617
v -7.425224 1.355022 0.631517
v -7.430557 1.419324 0.137408
v -7.361443 1.350533 0.630244
v -7.366776 1.414835 0.136135
v -7.297617 1.345573 0.628910
v -7.302950 1.409875 0.134801
v -7.233709 1.340154 0.627515
v -7.239042 1.404456 0.133406
v -7.169670 1.334289 0.626061
v -7.175003 1.398591 0.131952
v -7.169304 1.595060 0.659993
v -7.174637 1.659362 0.165884
v -7.225199 1.599328 0.661152
v -7.230532 1.663630 0.167043
v -7.283121 1.603414 0.662308
v -7.288454 1.667716 0.168199
v -7.342852 1.607284 0.663456
v -7.348185 1.671586 0.169348
v -7.404179 1.610899 0.664589
v -7.409512 1.675201 0.170480
v -7.466885 1.614225 0.665698
v -7.472218 1.678527 0.171589
v -7.530754 1.617225 0.666778
v -7.536087 1.681527 0.172669
v -7.595573 1.619863 0.667821
v -7.600906 1.684165 0.173712
v -7.661123 1.622103 0.668819
v -7.666456 1.686405 0.174710
v -7.727194 1.623908 0.669767
v -7.732527 1.688210 0.175658
v -7.793564 1.625242 0.670657
v -7.798897 1.689544 0.176548
v -7.860022 1.626069 0.671482
v -7.865355 1.690371 0.177373
v -7.926352 1.626352 0.672234
v -7.931684 1.690654 0.178125
v -7.202404 0.396546 0.504379
v -7.207737 0.460848 0.010270
v -7.210709 0.356543 0.499263
v -7.216042 0.420845 0.005154
v -7.226107 0.317771 0.494383
v -7.231440 0.382073 0.000274
v -7.249907 0.280774 0.489825
v -7.255239 0.345076 -0.004284
v -7.283413 0.246095 0.485674
v -7.288746 0.310397 -0.008435
v -7.327936 0.214278 0.482014
v -7.333269 0.278580 -0.012095
v -7.384777 0.185864 0.478930
v -7.390110 0.250166 -0.015179
v -7.455246 0.161399 0.476506
v -7.460579 0.225701 -0.017603
v -7.540646 0.141425 0.474828
v -7.545979 0.205727 -0.019281
v -7.642288 0.126485 0.473981
v -7.647621 0.190787 -0.020128
v -7.761477 0.117122 0.474048
v -7.766809 0.181424 -0.020061
v -7.899515 0.113881 0.475116
v -7.904848 0.178183 -0.018993
v -7.967060 0.114386 0.475911
v -7.972393 0.178688 -0.018198
v -8.035118 0.115893 0.476841
v -8.040451 0.180195 -0.017268
v -8.103521 0.118390 0.477904
v -8.108854 0.182692 -0.016205
v -8.172096 0.121865 0.479097
v -8.177429 0.186167 -0.015012
v -8.240665 0.126306 0.480414
v -8.245998 0.190608 -0.013695
v -8.309065 0.131700 0.481854
v -8.314398 0.196002 -0.012255
v -8.377119 0.138036 0.483413
v -8.382452 0.202338 -0.010696
v -8.444651 0.145302 0.485088
v -8.449984 0.209604 -0.009021
v -8.511494 0.153485 0.486874
v -8.516827 0.217787 -0.007235
v -8.577477 0.162574 0.488769
v -8.582809 0.226876 -0.005340
v -8.642418 0.172556 0.490768
v -8.647751 0.236858 -0.003341
v -8.706156 0.183420 0.492870
v -8.711489 0.247722 -0.001239
v -8.694141 -0.098213 0.456089
v -8.699474 -0.033911 -0.038020
v -8.637278 -0.105082 0.454582
v -8.642611 -0.040780 -0.039527
v -8.578417 -0.111734 0.453081
v -8.583750 -0.047432 -0.041028
v -8.517630 -0.118097 0.451597
v -8.522963 -0.053795 -0.042512
v -8.454990 -0.124097 0.450140
v -8.460323 -0.059795 -0.043969
v -8.390570 -0.129662 0.448721
v -8.395903 -0.065360 -0.045388
v -8.324440 -0.134721 0.447349
v -8.329773 -0.070419 -0.046760
v -8.256668 -0.139200 0.446035
v -8.262001 -0.074898 -0.048074
v -8.187332 -0.143027 0.444789
v -8.192665 -0.078725 -0.049320
v -8.116499 -0.146130 0.443621
v -8.121832 -0.081828 -0.050488
v -8.044245 -0.148435 0.442541
v -8.049578 -0.084134 -0.051568
v -7.970638 -0.149872 0.441560
v -7.975971 -0.085570 -0.052549
v -7.895750 -0.150367 0.440687
v -7.901083 -0.086065 -0.053422
v -7.738565 -0.146816 0.439453
v -7.743898 -0.082514 -0.054656
v -7.593988 -0.136153 0.439281
v -7.599321 -0.071852 -0.054828
v -7.462212 -0.118368 0.440173
v -7.467545 -0.054066 -0.053936
v -7.343441 -0.093448 0.442135
v -7.348774 -0.029146 -0.051974
v -7.237875 -0.061381 0.445169
v -7.243208 0.002921 -0.048940
v -7.145718 -0.022155 0.449279
v -7.151051 0.042147 -0.044830
v -7.067165 0.024243 0.454469
v -7.072498 0.088545 -0.039640
v -7.002424 0.077824 0.460744
v -7.007757 0.142125 -0.033365
v -6.951693 0.138600 0.468105
v -6.957026 0.202902 -0.026004
v -6.915173 0.206583 0.476559
v -6.920506 0.270885 -0.017550
v -6.893066 0.281786 0.486107
v -6.898399 0.346088 -0.008002
v -6.885572 0.364221 0.496754
v -6.890905 0.428523 0.002645
v -6.886038 0.397260 0.501058
v -6.891371 0.461562 0.006949
v -6.887493 0.430347 0.505380
v -6.892826 0.494649 0.011271
v -6.889894 0.463531 0.509724
v -6.895227 0.527833 0.015615
v -6.893204 0.496860 0.514097
v -6.898537 0.561162 0.019988
v -6.897371 0.530382 0.518505
v -6.902704 0.594684 0.024396
v -6.902357 0.564145 0.522952
v -6.907690 0.628447 0.028843
v -6.908119 0.598199 0.527446
v -6.913452 0.662500 0.033337
v -6.914616 0.632590 0.531992
v -6.919949 0.696892 0.037883
v -6.921799 0.667367 0.536595
v -6.927132 0.731669 0.042486
v -6.929628 0.702579 0.541262
v -6.934961 0.766881 0.047153
v -6.938061 0.738274 0.545998
v -6.943394 0.802576 0.051889
v -6.947052 0.774501 0.550810
v -6.952385 0.838802 0.056701
v -7.257370 0.750162 0.550991
v -7.262703 0.814464 0.056882
v -7.248449 0.721628 0.547181
v -7.253782 0.785930 0.053072
v -7.240231 0.693420 0.543422
v -7.245564 0.757722 0.049313
v -7.232729 0.665574 0.539717
v -7.238062 0.729876 0.045608
v -7.225964 0.638127 0.536072
v -7.231297 0.702429 0.041963
v -7.219940 0.611114 0.532492
v -7.225273 0.675416 0.038383
v -7.214680 0.584572 0.528981
v -7.220013 0.648874 0.034872
v -7.210192 0.558538 0.525544
v -7.215525 0.622839 0.031435
v -7.206495 0.533046 0.522187
v -7.211828 0.597348 0.028078
v -7.203602 0.508134 0.518914
v -7.208935 0.572436 0.024805
v -7.201529 0.483838 0.515730
v -7.206861 0.548139 0.021621
v -7.200287 0.460193 0.512639
v -7.205620 0.524495 0.018530
v -7.199888 0.437237 0.509647
v -7.205221 0.501539 0.015538
v -8.310600 1.984478 0.722986
v -8.315933 2.048780 0.228877
v -8.288708 2.021410 0.727556
v -8.294041 2.085712 0.233447
v -8.264700 2.060601 0.732397
v -8.270033 2.124902 0.238288
v -8.238880 2.101553 0.737448
v -8.244213 2.165855 0.243339
v -8.211550 2.143774 0.742648
v -8.216883 2.208076 0.248539
v -8.183012 2.186767 0.747935
v -8.188345 2.251069 0.253826
v -8.153566 2.230037 0.753248
v -8.158899 2.294339 0.259139
v -8.123518 2.273091 0.758527
v -8.128851 2.337393 0.264418
v -8.093170 2.315432 0.763709
v -8.098503 2.379734 0.269600
v -8.062824 2.356565 0.768735
v -8.068157 2.420867 0.274626
v -8.032780 2.395997 0.773542
v -8.038113 2.460299 0.279433
v -8.003344 2.433231 0.778070
v -8.008677 2.497533 0.283961
v -7.974817 2.467773 0.782257
v -7.980150 2.532075 0.288148
v -8.193972 2.547743 0.795029
v -8.199305 2.612045 0.300920
v -8.221710 2.514730 0.791032
v -8.227043 2.579032 0.296923
v -8.250803 2.478639 0.786650
v -8.256136 2.542941 0.292541
v -8.280872 2.440012 0.781947
v -8.286205 2.504314 0.287838
v -8.311552 2.399394 0.776992
v -8.316885 2.463696 0.282883
v -8.342463 2.357326 0.771851
v -8.347795 2.421628 0.277742
v -8.373230 2.314353 0.766591
v -8.378563 2.378655 0.272482
v -8.403482 2.271018 0.761278
v -8.408815 2.335320 0.267169
v -8.432840 2.227864 0.755979
v -8.438173 2.292166 0.261870
v -8.460938 2.185435 0.750760
v -8.466270 2.249737 0.256651
v -8.487392 2.144273 0.745689
v -8.492725 2.208575 0.251580
v -8.511835 2.104921 0.740832
v -8.517168 2.169223 0.246723
v -8.533888 2.067924 0.736255
v -8.539221 2.132226 0.242146
v -8.777895 2.127033 0.746580
v -8.783228 2.191335 0.252471
v -8.754175 2.166156 0.751416
v -8.759508 2.230458 0.257307
v -8.728788 2.206777 0.756428
v -8.734121 2.271079 0.262319
v -8.701963 2.248508 0.761569
v -8.707296 2.312810 0.267460
v -8.673931 2.290964 0.766792
v -8.679264 2.355266 0.272683
v -8.644920 2.333758 0.772048
v -8.650253 2.398060 0.277939
v -8.615164 2.376503 0.777290
v -8.620497 2.440805 0.283181
v -8.584890 2.418814 0.782469
v -8.590223 2.483116 0.288360
v -8.554329 2.460304 0.787539
v -8.559662 2.524606 0.293430
v -8.523714 2.500587 0.792451
v -8.529047 2.564889 0.298342
v -8.493273 2.539276 0.797157
v -8.498606 2.603578 0.303048
v -8.463238 2.575985 0.801610
v -8.468571 2.640287 0.307501
v -8.433838 2.610328 0.805762
v -8.439171 2.674630 0.311653
v -8.648855 2.690298 0.818490
v -8.654188 2.754600 0.324381
v -8.677786 2.655625 0.814290
v -8.683119 2.719927 0.320180
v -8.708330 2.618055 0.809730
v -8.713663 2.682357 0.315621
v -8.740026 2.578166 0.804881
v -8.745359 2.642468 0.310772
v -8.772417 2.536540 0.799813
v -8.777750 2.600842 0.305704
v -8.805038 2.493754 0.794597
v -8.810371 2.558056 0.300488
v -8.837429 2.450389 0.789303
v -8.842762 2.514691 0.295194
v -8.869129 2.407023 0.784002
v -8.874462 2.471325 0.289893
v -8.899683 2.364238 0.778764
v -8.905016 2.428540 0.284655
v -8.928625 2.322611 0.773659
v -8.933958 2.386913 0.279550
v -8.955496 2.282722 0.768758
v -8.960829 2.347024 0.274649
v -8.979836 2.245152 0.764131
v -8.985168 2.309454 0.270022
v -9.001181 2.210479 0.759849
v -9.006514 2.274781 0.265740
v -6.315111 2.122451 0.719409
v -6.320444 2.186753 0.225300
v -6.321793 2.152095 0.723339
v -6.327126 2.216397 0.229230
v -6.328131 2.181088 0.727180
v -6.333464 2.245390 0.233071
v -6.334124 2.209320 0.730919
v -6.339457 2.273622 0.236810
v -6.339773 2.236683 0.734541
v -6.345106 2.300985 0.240432
v -6.345079 2.263068 0.738032
v -6.350412 2.327370 0.243923
v -6.350044 2.288367 0.741378
v -6.355377 2.352669 0.247269
v -6.354664 2.312470 0.744564
v -6.359997 2.376772 0.250455
v -6.358942 2.335269 0.747577
v -6.364275 2.399571 0.253468
v -6.362877 2.356656 0.750403
v -6.368210 2.420958 0.256294
v -6.366470 2.376522 0.753027
v -6.371803 2.440824 0.258918
v -6.369719 2.394758 0.755435
v -6.375051 2.459059 0.261326
v -6.373560 2.419490 0.758695
v -6.378893 2.483792 0.264586
v -6.376886 2.444851 0.762032
v -6.382219 2.509153 0.267923
v -6.379696 2.470598 0.765413
v -6.385029 2.534900 0.271304
v -6.381987 2.496490 0.768807
v -6.387320 2.560792 0.274698
v -6.383762 2.522286 0.772183
v -6.389095 2.586588 0.278074
v -6.385017 2.547743 0.775510
v -6.390350 2.612045 0.281401
v -6.385757 2.572621 0.778755
v -6.391090 2.636923 0.284646
v -6.385983 2.596678 0.781888
v -6.391315 2.660980 0.287779
v -6.385693 2.619673 0.784877
v -6.391026 2.683975 0.290768
v -6.384886 2.641363 0.787692
v -6.390219 2.705665 0.293582
v -6.383566 2.661509 0.790299
v -6.388899 2.725811 0.296190
v -6.381729 2.679867 0.792668
v -6.387062 2.744169 0.298559
v -6.778933 2.652051 0.793334
v -6.784266 2.716353 0.299225
v -6.772596 2.632636 0.790740
v -6.777929 2.696938 0.296631
v -6.766005 2.611181 0.787876
v -6.771338 2.675483 0.293767
v -6.759243 2.588108 0.784801
v -6.764576 2.652410 0.290692
v -6.752396 2.563840 0.781569
v -6.757729 2.628142 0.287460
v -6.745550 2.538799 0.778236
v -6.750883 2.603101 0.284127
v -6.738792 2.513408 0.774859
v -6.744125 2.577710 0.280750
v -6.732206 2.488090 0.771493
v -6.737539 2.552392 0.277384
v -6.725876 2.463266 0.768194
v -6.731209 2.527568 0.274085
v -6.719891 2.439360 0.765018
v -6.725224 2.503662 0.270909
v -6.714333 2.416794 0.762022
v -6.719666 2.481096 0.267913
v -6.709291 2.395991 0.759260
v -6.714624 2.460293 0.265151
v -6.704849 2.377373 0.756789
v -6.710182 2.441675 0.262680
v -6.643154 2.120079 0.722640
v -6.648487 2.184381 0.228531
v -6.710443 2.127320 0.724308
v -6.715776 2.191622 0.230199
v -6.777821 2.135129 0.726052
v -6.783154 2.199431 0.231943
v -6.845194 2.143494 0.727867
v -6.850527 2.207796 0.233758
v -6.912481 2.152402 0.729753
v -6.917814 2.216704 0.235644
v -6.979595 2.161840 0.731705
v -6.984928 2.226142 0.237596
v -7.046452 2.171798 0.733723
v -7.051785 2.236100 0.239613
v -7.112961 2.182264 0.735802
v -7.118294 2.246566 0.241693
v -7.179039 2.193223 0.737941
v -7.184372 2.257525 0.243832
v -7.244596 2.204666 0.740138
v -7.249929 2.268968 0.246029
v -7.309553 2.216580 0.742389
v -7.314886 2.280882 0.248280
v -7.373817 2.228953 0.744693
v -7.379150 2.293255 0.250584
v -7.437309 2.241772 0.747046
v -7.442642 2.306074 0.252937
v -7.437691 1.970570 0.711757
v -7.443024 2.034872 0.217648
v -7.369816 1.957820 0.709365
v -7.375149 2.022121 0.215256
v -7.300720 1.945636 0.707034
v -7.306053 2.009938 0.212925
v -7.230562 1.934008 0.704764
v -7.235895 1.998310 0.210655
v -7.159498 1.922923 0.702554
v -7.164831 1.987225 0.208445
v -7.087685 1.912370 0.700406
v -7.093018 1.976672 0.206297
v -7.015282 1.902335 0.698319
v -7.020615 1.966637 0.204210
v -6.942448 1.892808 0.696293
v -6.947781 1.957110 0.202184
v -6.869343 1.883775 0.694329
v -6.874676 1.948077 0.200220
v -6.796118 1.875226 0.692426
v -6.801451 1.939528 0.198317
v -6.722937 1.867147 0.690585
v -6.728270 1.931449 0.196476
v -6.649956 1.859527 0.688806
v -6.655289 1.923829 0.194697
v -6.577335 1.852354 0.687089
v -6.582668 1.916656 0.192980
v -6.567043 1.813971 0.681983
v -6.572376 1.878273 0.187874
v -6.556721 1.775346 0.676845
v -6.562054 1.839648 0.182736
v -6.546343 1.736528 0.671681
v -6.551676 1.800830 0.177572
v -6.535877 1.697566 0.666498
v -6.541210 1.761868 0.172389
v -6.525295 1.658506 0.661300
v -6.530628 1.722808 0.167191
v -6.514572 1.619399 0.656095
v -6.519905 1.683701 0.161986
v -6.503675 1.580291 0.650889
v -6.509008 1.644593 0.156779
v -6.492580 1.541232 0.645686
v -6.497913 1.605534 0.151577
v -6.481251 1.502269 0.640493
v -6.486584 1.566571 0.146384
v -6.469666 1.463451 0.635316
v -6.474998 1.527753 0.141207
v -6.457790 1.424826 0.630162
v -6.463123 1.489128 0.136053
v -6.445602 1.386443 0.625035
v -6.450935 1.450745 0.130926
v -6.405905 1.258631 0.607974
v -6.411238 1.322933 0.113865
v -6.361389 1.123370 0.589891
v -6.366722 1.187672 0.095782
v -6.312746 0.982628 0.571050
v -6.318079 1.046930 0.076941
v -6.260660 0.838373 0.551715
v -6.265993 0.902675 0.057606
v -6.205816 0.692573 0.532149
v -6.211149 0.756875 0.038040
v -6.148909 0.547195 0.512616
v -6.154242 0.611497 0.018507
v -6.090614 0.404208 0.493379
v -6.095947 0.468510 -0.000730
v -6.031626 0.265579 0.474702
v -6.036959 0.329881 -0.019407
v -5.972628 0.133276 0.456848
v -5.977961 0.197578 -0.037261
v -5.914309 0.009267 0.440080
v -5.919641 0.073568 -0.054029
v -5.857353 -0.104481 0.424663
v -5.862686 -0.040179 -0.069446
v -5.802448 -0.205998 0.410859
v -5.807781 -0.141696 -0.083250
v -5.438234 -0.101690 0.420504
v -5.443567 -0.037388 -0.073605
v -5.500996 -0.005241 0.433732
v -5.506329 0.059061 -0.060377
v -5.564991 0.103740 0.448605
v -5.570324 0.168041 -0.045504
v -5.629574 0.223296 0.464861
v -5.634907 0.287598 -0.029248
v -5.694101 0.351472 0.482238
v -5.699434 0.415774 -0.011871
v -5.757929 0.486312 0.500474
v -5.763262 0.550614 0.006365
v -5.820415 0.625861 0.519309
v -5.825748 0.690163 0.025200
v -5.880913 0.768162 0.538480
v -5.886246 0.832464 0.044371
v -5.938784 0.911260 0.557727
v -5.944117 0.975562 0.063618
v -5.993380 1.053200 0.576788
v -5.998713 1.117501 0.082679
v -6.044058 1.192024 0.595401
v -6.049391 1.256326 0.101292
v -6.090174 1.325778 0.613305
v -6.095507 1.390080 0.119196
v -6.131088 1.452505 0.630238
v -6.136421 1.516807 0.136129
v -6.140350 1.481538 0.634117
v -6.145683 1.545840 0.140008
v -6.149599 1.511211 0.638078
v -6.154932 1.575513 0.143969
v -6.158821 1.541439 0.642111
v -6.164154 1.605741 0.148002
v -6.167997 1.572138 0.646205
v -6.173330 1.636440 0.152096
v -6.177118 1.603223 0.650349
v -6.182451 1.667525 0.156240
v -6.186165 1.634610 0.654531
v -6.191498 1.698912 0.160422
v -6.195126 1.666215 0.658741
v -6.200459 1.730517 0.164632
v -6.203985 1.697952 0.662967
v -6.209318 1.762254 0.168858
v -6.212730 1.729737 0.667198
v -6.218063 1.794039 0.173089
v -6.221346 1.761487 0.671422
v -6.226679 1.825789 0.177313
v -6.229816 1.793115 0.675630
v -6.235149 1.857417 0.181521
v -6.238131 1.824538 0.679809
v -6.243464 1.888840 0.185700
v -6.204178 1.822873 0.679226
v -6.209511 1.887175 0.185117
v -6.170584 1.821352 0.678665
v -6.175917 1.885654 0.184556
v -6.137362 1.819975 0.678128
v -6.142694 1.884277 0.184019
v -6.104527 1.818744 0.677613
v -6.109859 1.883046 0.183504
v -6.072094 1.817657 0.677122
v -6.077427 1.881959 0.183013
v -6.040079 1.816716 0.676654
v -6.045412 1.881018 0.182545
v -6.008495 1.815919 0.676209
v -6.013828 1.880221 0.182100
v -5.977354 1.815267 0.675788
v -5.982687 1.879569 0.181679
v -5.946672 1.814760 0.675391
v -5.952005 1.879062 0.181282
v -5.916468 1.814397 0.675018
v -5.921801 1.878699 0.180909
v -5.886747 1.814180 0.674669
v -5.892080 1.878482 0.180560
v -5.857533 1.814107 0.674344
v -5.862865 1.878409 0.180235
v -5.812695 1.814248 0.673879
v -5.818027 1.878550 0.179770
v -5.769117 1.814655 0.673462
v -5.774450 1.878957 0.179353
v -5.726692 1.815302 0.673088
v -5.732025 1.879604 0.178979
v -5.685301 1.816168 0.672754
v -5.690634 1.880470 0.178645
v -5.644831 1.817226 0.672455
v -5.650164 1.881528 0.178346
v -5.605164 1.818454 0.672187
v -5.610497 1.882756 0.178078
v -5.566183 1.819826 0.671945
v -5.571516 1.884128 0.177836
v -5.527779 1.821319 0.671725
v -5.533112 1.885621 0.177616
v -5.489832 1.822908 0.671522
v -5.495165 1.887210 0.177413
v -5.452230 1.824571 0.671333
v -5.457563 1.888873 0.177224
v -5.414862 1.826281 0.671152
v -5.420195 1.890583 0.177043
v -5.377607 1.828015 0.670976
v -5.382940 1.892317 0.176867
v -5.364815 2.099217 0.706131
v -5.370148 2.163519 0.212022
v -5.413460 2.094356 0.706023
v -5.418793 2.158658 0.211914
v -5.460209 2.090171 0.705983
v -5.465542 2.154473 0.211874
v -5.505234 2.086613 0.706006
v -5.510567 2.150915 0.211897
v -5.548706 2.083635 0.706087
v -5.554039 2.147937 0.211978
v -5.590799 2.081188 0.706223
v -5.596132 2.145490 0.212114
v -5.631687 2.079225 0.706409
v -5.637020 2.143527 0.212300
v -5.671537 2.077695 0.706640
v -5.676870 2.141997 0.212531
v -5.710527 2.076552 0.706912
v -5.715860 2.140854 0.212803
v -5.748823 2.075747 0.707220
v -5.754156 2.140049 0.213111
v -5.786606 2.075232 0.707561
v -5.791939 2.139534 0.213452
v -5.824039 2.074959 0.707929
v -5.829372 2.139261 0.213820
v -5.861303 2.074878 0.708321
v -5.866636 2.139180 0.214212
v -5.895691 2.075021 0.708711
v -5.901024 2.139323 0.214602
v -5.930597 2.075442 0.709142
v -5.935930 2.139744 0.215033
v -5.966021 2.076128 0.709614
v -5.971354 2.140430 0.215505
v -6.001961 2.077067 0.710124
v -6.007294 2.141369 0.216015
v -6.038416 2.078249 0.710671
v -6.043749 2.142550 0.216562
v -6.075390 2.079659 0.711253
v -6.080723 2.143961 0.217144
v -6.112879 2.081287 0.711870
v -6.118212 2.145589 0.217761
v -6.150888 2.083120 0.712518
v -6.156221 2.147422 0.218409
v -6.189411 2.085146 0.713198
v -6.194744 2.149448 0.219089
v -6.228455 2.087353 0.713906
v -6.233788 2.151655 0.219797
v -6.268011 2.089730 0.714642
v -6.273344 2.154032 0.220533
v -6.308084 2.092263 0.715405
v -6.313417 2.156565 0.221295
v -11.228468 1.129149 0.643162
v -11.233801 1.193451 0.149053
v -11.214075 1.173874 0.648827
v -11.219408 1.238176 0.154718
v -11.194370 1.228500 0.655723
v -11.199703 1.292801 0.161614
v -11.170256 1.291044 0.663602
v -11.175589 1.355346 0.169493
v -11.142645 1.359529 0.672217
v -11.147978 1.423831 0.178108
v -11.112440 1.431973 0.681319
v -11.117773 1.496275 0.187210
v -11.080553 1.506398 0.690660
v -11.085886 1.570700 0.196551
v -11.047892 1.580822 0.699993
v -11.053225 1.645124 0.205884
v -11.015358 1.653266 0.709069
v -11.020691 1.717568 0.214960
v -10.983870 1.721751 0.717642
v -10.989202 1.786053 0.223533
v -10.954327 1.784296 0.725463
v -10.959660 1.848598 0.231354
v -10.927639 1.838921 0.732283
v -10.932972 1.903223 0.238174
v -10.904713 1.883646 0.737856
v -10.910046 1.947948 0.243747
v -11.206600 1.970570 0.752426
v -11.211933 2.034872 0.258317
v -11.226839 1.929499 0.747299
v -11.232172 1.993801 0.253190
v -11.251629 1.877272 0.740770
v -11.256962 1.941574 0.246661
v -11.279995 1.816063 0.733111
v -11.285328 1.880365 0.239002
v -11.310955 1.748046 0.724593
v -11.316288 1.812348 0.230484
v -11.343533 1.675392 0.715490
v -11.348866 1.739694 0.221381
v -11.376745 1.600275 0.706073
v -11.382078 1.664577 0.211964
v -11.409613 1.524869 0.696614
v -11.414946 1.589171 0.202505
v -11.441154 1.451346 0.687387
v -11.446487 1.515648 0.193278
v -11.470394 1.381880 0.678662
v -11.475727 1.446182 0.184553
v -11.496349 1.318643 0.670713
v -11.501682 1.382945 0.176604
v -11.518042 1.263808 0.663811
v -11.523375 1.328110 0.169702
v -11.534489 1.219550 0.658229
v -11.539822 1.283852 0.164120
v -12.613493 1.506643 0.707233
v -12.618826 1.570945 0.213124
v -12.581347 1.411876 0.694554
v -12.586679 1.476178 0.200445
v -12.546066 1.317882 0.681941
v -12.551399 1.382184 0.187832
v -12.507467 1.224829 0.669415
v -12.512800 1.289131 0.175306
v -12.465359 1.132887 0.656995
v -12.470692 1.197189 0.162886
v -12.419559 1.042225 0.644703
v -12.424892 1.106527 0.150594
v -12.369881 0.953012 0.632557
v -12.375214 1.017314 0.138448
v -12.316132 0.865416 0.620577
v -12.321465 0.929718 0.126468
v -12.258129 0.779607 0.608784
v -12.263462 0.843909 0.114675
v -12.195686 0.695754 0.597198
v -12.201019 0.760056 0.103089
v -12.128613 0.614026 0.585838
v -12.133945 0.678328 0.091729
v -12.056726 0.534591 0.574725
v -12.062059 0.598893 0.080616
v -11.959221 0.434977 0.560710
v -11.964554 0.499279 0.066601
v -11.857113 0.341218 0.547406
v -11.862446 0.405520 0.053297
v -11.750973 0.253230 0.534811
v -11.756306 0.317532 0.040702
v -11.641380 0.170928 0.522917
v -11.646713 0.235230 0.028808
v -11.528904 0.094228 0.511722
v -11.534237 0.158530 0.017613
v -11.414122 0.023046 0.501220
v -11.419455 0.087347 0.007111
v -11.297607 -0.042705 0.491406
v -11.302940 0.021597 -0.002703
v -11.179937 -0.103106 0.482276
v -11.185270 -0.038805 -0.011833
v -11.061687 -0.158245 0.473825
v -11.067020 -0.093943 -0.020284
v -10.943430 -0.208204 0.466047
v -10.948763 -0.143902 -0.028062
v -10.825739 -0.253068 0.458939
v -10.831072 -0.188766 -0.035170
v -10.709188 -0.292922 0.452494
v -10.714521 -0.228620 -0.041615
v -10.435810 -0.059967 0.479861
v -10.441143 0.004335 -0.014248
v -10.556555 -0.027400 0.485402
v -10.561888 0.036902 -0.008707
v -10.678383 0.011069 0.491722
v -10.683716 0.075371 -0.002387
v -10.800491 0.055262 0.498791
v -10.805824 0.119564 0.004682
v -10.922073 0.104995 0.506575
v -10.927406 0.169297 0.012466
v -11.042326 0.160089 0.515043
v -11.047659 0.224391 0.020934
v -11.160444 0.220362 0.524161
v -11.165777 0.284664 0.030052
v -11.275627 0.285634 0.533898
v -11.280960 0.349935 0.039789
v -11.387070 0.355722 0.544222
v -11.392403 0.420024 0.050113
v -11.493965 0.430446 0.555100
v -11.499298 0.494748 0.060991
v -11.595510 0.509625 0.566499
v -11.600843 0.573927 0.072390
v -11.690903 0.593078 0.578389
v -11.696236 0.657380 0.084280
v -11.779335 0.680623 0.590736
v -11.784668 0.744925 0.096627
v -11.850977 0.759065 0.601718
v -11.856310 0.823367 0.107609
v -11.919079 0.842832 0.613354
v -11.924412 0.907134 0.119245
v -11.983381 0.931452 0.625580
v -11.988714 0.995754 0.131471
v -12.043625 1.024454 0.638333
v -12.048958 1.088756 0.144224
v -12.099558 1.121368 0.651549
v -12.104891 1.185670 0.157440
v -12.150915 1.221723 0.665163
v -12.156248 1.286025 0.171054
v -12.197439 1.325047 0.679111
v -12.202772 1.389349 0.185002
v -12.238878 1.430871 0.693330
v -12.244211 1.495173 0.199221
v -12.274971 1.538722 0.707755
v -12.280304 1.603024 0.213646
v -12.305456 1.648132 0.722322
v -12.310789 1.712434 0.228213
v -12.330082 1.758627 0.736968
v -12.335415 1.822929 0.242859
v -12.348585 1.869739 0.751627
v -12.353918 1.934041 0.257518
v -12.704510 1.775861 0.743251
v -12.709843 1.840163 0.249142
v -12.697548 1.757965 0.740847
v -12.702881 1.822267 0.246738
v -12.691059 1.740770 0.738539
v -12.696392 1.805072 0.244430
v -12.684998 1.724250 0.736324
v -12.690331 1.788552 0.242215
v -12.679325 1.708382 0.734197
v -12.684658 1.772684 0.240088
v -12.673994 1.693143 0.732157
v -12.679327 1.757445 0.238048
v -12.668964 1.678506 0.730198
v -12.674297 1.742808 0.236089
v -12.664192 1.664450 0.728317
v -12.669525 1.728752 0.234208
v -12.659637 1.650949 0.726511
v -12.664970 1.715250 0.232402
v -12.655252 1.637978 0.724775
v -12.660585 1.702280 0.230666
v -12.650997 1.625515 0.723108
v -12.656330 1.689817 0.228999
v -12.646826 1.613535 0.721504
v -12.652159 1.677837 0.227395
v -12.642696 1.602014 0.719960
v -12.648029 1.666316 0.225851
v -10.310331 0.913578 0.605201
v -10.315664 0.977880 0.111092
v -10.291477 0.964628 0.611641
v -10.296810 1.028930 0.117532
v -10.266809 1.025855 0.619343
v -10.272142 1.090157 0.125234
v -10.237417 1.094977 0.628021
v -10.242750 1.159279 0.133912
v -10.204397 1.169713 0.637390
v -10.209730 1.234015 0.143281
v -10.168844 1.247782 0.647166
v -10.174177 1.312084 0.153057
v -10.131853 1.326900 0.657063
v -10.137186 1.391202 0.162954
v -10.094521 1.404788 0.666797
v -10.099854 1.469090 0.172688
v -10.057938 1.479162 0.676081
v -10.063271 1.543464 0.181972
v -10.023203 1.547741 0.684631
v -10.028536 1.612043 0.190522
v -9.991409 1.608243 0.692161
v -9.996742 1.672545 0.198052
v -9.963655 1.658387 0.698387
v -9.968988 1.722689 0.204278
v -9.941031 1.695891 0.703024
v -9.946363 1.760193 0.208915
v -10.247034 1.796723 0.719448
v -10.252367 1.861025 0.225339
v -10.270382 1.753307 0.714050
v -10.275715 1.817609 0.219941
v -10.298326 1.699159 0.707304
v -10.303659 1.763461 0.213195
v -10.329935 1.636294 0.699464
v -10.335268 1.700596 0.205356
v -10.364267 1.566729 0.690782
v -10.369600 1.631031 0.196673
v -10.400389 1.492480 0.681509
v -10.405722 1.556782 0.187400
v -10.437357 1.415563 0.671898
v -10.442690 1.479864 0.177789
v -10.474243 1.337993 0.662202
v -10.479576 1.402295 0.168093
v -10.510107 1.261788 0.652672
v -10.515440 1.326090 0.158563
v -10.544014 1.188963 0.643560
v -10.549347 1.253265 0.149451
v -10.575026 1.121535 0.635120
v -10.580359 1.185837 0.141011
v -10.602205 1.061520 0.627603
v -10.607538 1.125822 0.133494
v -10.624615 1.010933 0.621262
v -10.629948 1.075235 0.127153
v -14.151386 2.568605 0.862029
v -14.156719 2.632907 0.367920
v -14.606468 2.568605 0.866939
v -14.611801 2.632907 0.372830
v -14.598770 2.158325 0.813464
v -14.604103 2.222627 0.319355
v -14.517923 0.809270 0.637029
v -14.523256 0.873572 0.142920
v -14.244875 0.809270 0.634083
v -14.250208 0.873572 0.139974
v -14.160236 2.158325 0.808732
v -14.165569 2.222627 0.314623
v -14.119905 0.213742 0.555234
v -14.125238 0.278044 0.061125
v -14.126974 0.245490 0.559442
v -14.132307 0.309792 0.065333
v -14.138384 0.275016 0.563407
v -14.143717 0.339317 0.069298
v -14.153805 0.302151 0.567105
v -14.159138 0.366453 0.072996
v -14.172907 0.326727 0.570510
v -14.178240 0.391029 0.076401
v -14.195360 0.348575 0.573595
v -14.200693 0.412877 0.079486
v -14.220833 0.367525 0.576336
v -14.226166 0.431827 0.082227
v -14.248997 0.383409 0.578707
v -14.254330 0.447710 0.084598
v -14.279522 0.396057 0.580682
v -14.284855 0.460359 0.086573
v -14.312075 0.405300 0.582237
v -14.317408 0.469602 0.088128
v -14.346331 0.410971 0.583344
v -14.351664 0.475272 0.089235
v -14.381954 0.412898 0.583979
v -14.387287 0.477200 0.089870
v -14.417587 0.410971 0.584113
v -14.422920 0.475272 0.090004
v -14.451857 0.405300 0.583745
v -14.457190 0.469602 0.089636
v -14.484438 0.396057 0.582893
v -14.489771 0.460359 0.088785
v -14.514997 0.383408 0.581577
v -14.520330 0.447710 0.087468
v -14.543207 0.367525 0.579815
v -14.548540 0.431827 0.085706
v -14.568733 0.348575 0.577624
v -14.574066 0.412877 0.083515
v -14.591246 0.326727 0.575024
v -14.596579 0.391029 0.080915
v -14.610418 0.302151 0.572032
v -14.615751 0.366453 0.077923
v -14.625916 0.275016 0.568668
v -14.631248 0.339317 0.074559
v -14.637409 0.245490 0.564950
v -14.642742 0.309792 0.070841
v -14.644566 0.213742 0.560896
v -14.649899 0.278044 0.066787
v -14.647058 0.179943 0.556524
v -14.652391 0.244245 0.062415
v -14.644659 0.146212 0.552108
v -14.649992 0.210513 0.057999
v -14.637590 0.114653 0.547925
v -14.642923 0.178955 0.053816
v -14.626179 0.085413 0.543997
v -14.631512 0.149715 0.049888
v -14.610758 0.058636 0.540346
v -14.616091 0.122938 0.046237
v -14.591654 0.034466 0.536994
v -14.596987 0.098768 0.042885
v -14.569202 0.013049 0.533965
v -14.574535 0.077351 0.039856
v -14.543728 -0.005470 0.531280
v -14.549061 0.058832 0.037171
v -14.515564 -0.020947 0.528962
v -14.520897 0.043354 0.034853
v -14.485039 -0.033237 0.527033
v -14.490372 0.031064 0.032924
v -14.452482 -0.042195 0.525516
v -14.457815 0.022106 0.031407
v -14.418228 -0.047676 0.524433
v -14.423561 0.016625 0.030324
v -14.382605 -0.049536 0.523807
v -14.387938 0.014766 0.029698
v -14.346106 -0.047676 0.523655
v -14.351439 0.016625 0.029546
v -14.311266 -0.042195 0.523992
v -14.316599 0.022106 0.029883
v -14.278378 -0.033237 0.524803
v -14.283710 0.031064 0.030694
v -14.247725 -0.020947 0.526071
v -14.253057 0.043354 0.031962
v -14.219593 -0.005470 0.527782
v -14.224926 0.058832 0.033673
v -14.194277 0.013049 0.529919
v -14.199610 0.077351 0.035810
v -14.172056 0.034466 0.532466
v -14.177389 0.098768 0.038357
v -14.153225 0.058636 0.535409
v -14.158558 0.122938 0.041300
v -14.138065 0.085413 0.538730
v -14.143398 0.149715 0.044621
v -14.126867 0.114653 0.542414
v -14.132200 0.178955 0.048305
v -14.119919 0.146212 0.546446
v -14.125252 0.210513 0.052337
v -14.117506 0.179943 0.550810
v -14.122839 0.244245 0.056701
vn -0.0107 0.1290 -0.9916
vn 0.0107 -0.1290 0.9916
vn 0.9588 0.2830 0.0265
vn 0.9603 0.2779 0.0258
vn 0.9618 0.2727 0.0251
vn 0.9633 0.2674 0.0244
vn 0.9648 0.2620 0.0237
vn 0.9663 0.2565 0.0230
vn 0.9678 0.2509 0.0222
vn 0.9692 0.2452 0.0215
vn 0.9707 0.2395 0.0207
vn 0.9721 0.2336 0.0199
vn 0.9735 0.2277 0.0191
vn 0.7168 -0.6904 -0.0976
vn 0.6454 -0.7565 -0.1054
vn 0.6475 0.7565 0.0915
vn -0.6454 0.7565 0.1054
vn -0.6475 -0.7565 -0.0915
vn -0.4543 -0.8840 -0.1101
vn -0.8441 -0.5328 -0.0602
vn -0.8383 -0.5417 -0.0615
vn -0.8322 -0.5509 -0.0627
vn -0.8257 -0.5604 -0.0640
vn -0.8189 -0.5702 -0.0654
vn -0.8116 -0.5803 -0.0668
vn -0.8040 -0.5907 -0.0682
vn -0.7960 -0.6013 -0.0697
vn -0.7876 -0.6121 -0.0712
vn -0.7787 -0.6232 -0.0727
vn -0.7694 -0.6344 -0.0743
vn -0.8543 0.5141 0.0761
vn 0.3157 -0.9405 -0.1258
vn -0.6627 -0.7435 -0.0896
vn -0.6422 -0.7610 -0.0921
vn -0.6213 -0.7779 -0.0945
vn -0.6000 -0.7941 -0.0969
vn -0.5785 -0.8097 -0.0991
vn -0.5567 -0.8245 -0.1013
vn -0.5346 -0.8387 -0.1034
vn -0.5125 -0.8522 -0.1054
vn -0.4902 -0.8650 -0.1073
vn -0.4679 -0.8770 -0.1091
vn -0.4456 -0.8884 -0.1108
vn 0.2063 -0.9700 -0.1285
vn 0.7923 -0.6039 -0.0871
vn 0.7769 -0.6233 -0.0895
vn 0.7635 -0.6393 -0.0914
vn 0.7513 -0.6533 -0.0931
vn 0.7397 -0.6663 -0.0947
vn 0.7281 -0.6787 -0.0962
vn 0.7160 -0.6913 -0.0977
vn 0.7028 -0.7045 -0.0993
vn 0.6878 -0.7189 -0.1010
vn 0.6699 -0.7353 -0.1029
vn 0.6475 -0.7548 -0.1052
vn 0.9882 0.1531 0.0093
vn 0.4477 0.8873 0.1106
vn 0.4871 0.8667 0.1075
vn 0.5262 0.8440 0.1042
vn 0.5646 0.8192 0.1005
vn 0.6022 0.7925 0.0966
vn 0.6385 0.7640 0.0925
vn 0.6733 0.7341 0.0883
vn 0.7063 0.7029 0.0839
vn 0.7374 0.6708 0.0793
vn 0.7664 0.6381 0.0748
vn 0.7931 0.6050 0.0702
vn 0.8360 -0.5429 -0.0797
vn 0.4726 0.8746 0.1087
vn 0.8753 0.4806 0.0531
vn 0.8820 0.4684 0.0514
vn 0.8883 0.4565 0.0498
vn 0.8942 0.4450 0.0483
vn 0.8997 0.4340 0.0468
vn 0.9048 0.4234 0.0453
vn 0.9095 0.4133 0.0440
vn 0.9139 0.4037 0.0427
vn 0.9179 0.3947 0.0415
vn 0.9215 0.3863 0.0403
vn 0.9248 0.3785 0.0393
vn 0.7646 -0.6380 -0.0913
vn 0.5512 0.8281 0.1018
vn -0.9325 -0.3593 -0.0367
vn -0.9302 -0.3650 -0.0375
vn -0.9276 -0.3716 -0.0384
vn -0.9245 -0.3791 -0.0394
vn -0.9210 -0.3875 -0.0405
vn -0.9169 -0.3968 -0.0417
vn -0.9124 -0.4070 -0.0431
vn -0.9073 -0.4181 -0.0446
vn -0.9016 -0.4300 -0.0462
vn -0.8953 -0.4428 -0.0480
vn -0.8883 -0.4565 -0.0498
vn -0.7936 0.6022 0.0869
vn -0.5248 -0.8448 -0.1043
vn -0.5631 -0.8202 -0.1007
vn -0.9672 -0.2531 -0.0225
vn -0.9666 -0.2553 -0.0228
vn -0.9658 -0.2582 -0.0232
vn -0.9648 -0.2619 -0.0237
vn -0.9636 -0.2664 -0.0243
vn -0.9621 -0.2715 -0.0250
vn -0.9604 -0.2774 -0.0257
vn -0.9585 -0.2840 -0.0266
vn -0.9563 -0.2912 -0.0276
vn -0.9538 -0.2992 -0.0286
vn -0.9510 -0.3077 -0.0298
vn -0.7445 0.6609 0.0940
vn -0.9953 0.0940 0.0230
vn -0.9804 0.1939 0.0358
vn -0.9530 0.2989 0.0492
vn -0.9114 0.4068 0.0628
vn -0.8540 0.5146 0.0762
vn -0.7802 0.6192 0.0890
vn -0.6895 0.7172 0.1008
vn -0.5823 0.8053 0.1111
vn -0.4591 0.8803 0.1195
vn -0.3202 0.9390 0.1257
vn -0.1660 0.9777 0.1290
vn 0.0085 0.9916 0.1290
vn 0.1971 0.9725 0.1244
vn 0.3734 0.9204 0.1158
vn 0.5194 0.8481 0.1048
vn 0.6331 0.7685 0.0932
vn 0.7188 0.6904 0.0821
vn 0.7825 0.6185 0.0720
vn 0.8299 0.5543 0.0632
vn 0.8655 0.4978 0.0554
vn 0.8925 0.4483 0.0487
vn 0.9133 0.4050 0.0428
vn 0.9295 0.3668 0.0377
vn 0.9411 0.3363 0.0336
vn 0.9484 0.3155 0.0308
vn 0.9537 0.2993 0.0287
vn 0.9586 0.2834 0.0265
vn 0.9632 0.2677 0.0244
vn 0.9674 0.2521 0.0224
vn 0.9714 0.2366 0.0203
vn 0.9751 0.2210 0.0182
vn 0.9786 0.2052 0.0161
vn 0.9818 0.1892 0.0140
vn 0.9849 0.1728 0.0119
vn 0.9877 0.1559 0.0096
vn 0.6223 -0.7754 -0.1076
vn -0.2139 -0.9690 -0.1238
vn -0.3197 -0.9400 -0.1189
vn -0.4220 -0.8996 -0.1125
vn -0.5193 -0.8481 -0.1048
vn -0.6107 -0.7861 -0.0957
vn -0.6955 -0.7135 -0.0853
vn -0.7731 -0.6299 -0.0736
vn -0.8430 -0.5345 -0.0605
vn -0.9038 -0.4255 -0.0456
vn -0.9532 -0.3009 -0.0289
vn -0.9873 -0.1586 -0.0100
vn -0.9998 -0.0185 0.0084
vn -0.9289 -0.3684 -0.0379
vn -0.9092 -0.4141 -0.0441
vn -0.8835 -0.4656 -0.0511
vn -0.8500 -0.5235 -0.0590
vn -0.8060 -0.5881 -0.0678
vn -0.7482 -0.6589 -0.0777
vn -0.6730 -0.7343 -0.0883
vn -0.5768 -0.8108 -0.0993
vn -0.4578 -0.8823 -0.1099
vn -0.3174 -0.9408 -0.1190
vn -0.1621 -0.9787 -0.1256
vn -0.0016 -0.9916 -0.1290
vn 0.1557 -0.9793 -0.1291
vn 0.3041 -0.9442 -0.1262
vn 0.4398 -0.8900 -0.1206
vn 0.5612 -0.8200 -0.1128
vn 0.6677 -0.7373 -0.1032
vn 0.7590 -0.6446 -0.0921
vn 0.8352 -0.5441 -0.0798
vn 0.8965 -0.4380 -0.0667
vn 0.9430 -0.3284 -0.0529
vn 0.9753 -0.2175 -0.0388
vn 0.9939 -0.1075 -0.0247
vn 0.9998 0.0165 -0.0086
vn 0.9855 0.1691 0.0114
vn 0.9445 0.3268 0.0323
vn 0.8828 0.4670 0.0512
vn 0.8064 0.5875 0.0678
vn 0.7201 0.6890 0.0819
vn 0.6273 0.7731 0.0938
vn 0.5299 0.8417 0.1038
vn 0.4291 0.8963 0.1120
vn 0.3253 0.9382 0.1186
vn 0.2190 0.9679 0.1236
vn 0.1106 0.9857 0.1271
vn 0.0036 0.9916 0.1290
vn -0.1012 0.9864 0.1295
vn -0.2081 0.9696 0.1284
vn -0.3181 0.9397 0.1257
vn -0.4295 0.8949 0.1211
vn -0.5398 0.8340 0.1144
vn -0.6460 0.7561 0.1054
vn -0.7445 0.6610 0.0941
vn -0.8316 0.5496 0.0805
vn -0.9034 0.4239 0.0649
vn -0.9566 0.2874 0.0477
vn -0.9891 0.1445 0.0295
vn -0.9999 0.0032 0.0112
vn -0.9909 -0.1343 -0.0068
vn -0.9616 -0.2733 -0.0252
vn -0.9104 -0.4114 -0.0437
vn -0.8388 -0.5410 -0.0613
vn -0.7512 -0.6555 -0.0772
vn -0.6538 -0.7512 -0.0907
vn -0.5527 -0.8271 -0.1017
vn -0.4529 -0.8847 -0.1102
vn -0.3577 -0.9265 -0.1167
vn -0.2689 -0.9555 -0.1214
vn -0.1871 -0.9744 -0.1248
vn 0.3492 -0.9287 -0.1246
vn 0.8677 0.4940 0.0549
vn 0.0895 0.9878 0.1276
vn 0.0981 0.9870 0.1274
vn 0.1065 0.9861 0.1272
vn 0.1146 0.9853 0.1270
vn 0.1227 0.9843 0.1268
vn 0.1306 0.9833 0.1266
vn 0.1386 0.9823 0.1263
vn 0.1468 0.9811 0.1261
vn 0.1551 0.9799 0.1258
vn 0.1637 0.9785 0.1256
vn 0.1729 0.9769 0.1253
vn 0.2013 0.9716 0.1243
vn 0.2606 0.9577 0.1218
vn 0.3333 0.9354 0.1181
vn 0.4094 0.9053 0.1134
vn 0.4895 0.8654 0.1073
vn 0.5735 0.8131 0.0996
vn 0.6602 0.7457 0.0899
vn 0.7470 0.6602 0.0779
vn 0.8293 0.5552 0.0633
vn 0.9010 0.4313 0.0464
vn 0.9559 0.2924 0.0277
vn 0.9893 0.1459 0.0083
vn 0.9999 0.0043 -0.0102
vn 0.9914 -0.1277 -0.0273
vn 0.9656 -0.2563 -0.0438
vn 0.9219 -0.3829 -0.0598
vn 0.8608 -0.5034 -0.0748
vn 0.7840 -0.6144 -0.0884
vn 0.6944 -0.7126 -0.1002
vn 0.5951 -0.7961 -0.1100
vn 0.4901 -0.8637 -0.1177
vn 0.3827 -0.9156 -0.1233
vn 0.2760 -0.9527 -0.1270
vn 0.1724 -0.9765 -0.1289
vn -0.5363 -0.8377 -0.1032
vn -0.9854 -0.1699 -0.0115
vn -0.9835 -0.1805 -0.0129
vn -0.9813 -0.1918 -0.0144
vn -0.9789 -0.2038 -0.0160
vn -0.9761 -0.2166 -0.0177
vn -0.9730 -0.2301 -0.0194
vn -0.9694 -0.2445 -0.0214
vn -0.9654 -0.2599 -0.0234
vn -0.9607 -0.2763 -0.0256
vn -0.9555 -0.2937 -0.0279
vn -0.9495 -0.3123 -0.0304
vn -0.9419 -0.3344 -0.0334
vn -0.6131 0.7825 0.1084
vn -0.6319 0.7677 0.1067
vn -0.6496 0.7530 0.1050
vn -0.6669 0.7380 0.1032
vn -0.6840 0.7224 0.1014
vn -0.7015 0.7057 0.0994
vn -0.7197 0.6875 0.0972
vn -0.7391 0.6669 0.0948
vn -0.7604 0.6429 0.0919
vn -0.7841 0.6143 0.0884
vn -0.8111 0.5788 0.0841
vn -0.9598 -0.2795 -0.0260
vn 0.2235 -0.9662 -0.1282
vn 0.8370 -0.5414 -0.0795
vn 0.8104 -0.5798 -0.0842
vn 0.7871 -0.6105 -0.0879
vn 0.7662 -0.6361 -0.0911
vn 0.7470 -0.6582 -0.0937
vn 0.7288 -0.6779 -0.0961
vn 0.7112 -0.6961 -0.0983
vn 0.6937 -0.7132 -0.1003
vn 0.6757 -0.7300 -0.1023
vn 0.6569 -0.7468 -0.1043
vn 0.6365 -0.7640 -0.1063
vn 0.9916 0.1292 0.0061
vn -0.0803 0.9883 0.1295
vn -0.9974 -0.0717 0.0014
vn -0.9967 -0.0814 0.0002
vn -0.9959 -0.0904 -0.0010
vn -0.9951 -0.0987 -0.0021
vn -0.9943 -0.1062 -0.0031
vn -0.9936 -0.1129 -0.0040
vn -0.9929 -0.1188 -0.0048
vn -0.9923 -0.1240 -0.0054
vn -0.9917 -0.1283 -0.0060
vn -0.9913 -0.1318 -0.0065
vn -0.9909 -0.1344 -0.0068
vn -0.6886 0.7181 0.1009
vn -0.6459 0.7561 0.1054
vn -0.9999 -0.0028 0.0104
vn -0.9999 -0.0057 0.0100
vn -0.9999 -0.0091 0.0096
vn -0.9999 -0.0130 0.0091
vn -0.9998 -0.0177 0.0085
vn -0.9997 -0.0231 0.0078
vn -0.9995 -0.0298 0.0069
vn -0.9993 -0.0381 0.0058
vn -0.9988 -0.0486 0.0045
vn -0.9981 -0.0622 0.0027
vn -0.9967 -0.0808 0.0002
vn -0.9966 -0.0825 -0.0000
vn -0.9969 -0.0782 0.0006
vn -0.9960 -0.0895 -0.0009
vn -0.9945 -0.1047 -0.0029
vn -0.9922 -0.1249 -0.0056
vn -0.9884 -0.1517 -0.0091
vn -0.9822 -0.1871 -0.0137
vn -0.9721 -0.2338 -0.0199
vn -0.9551 -0.2951 -0.0281
vn -0.9266 -0.3740 -0.0387
vn -0.8799 -0.4723 -0.0520
vn -0.8069 -0.5868 -0.0677
vn -0.7153 -0.6939 -0.0826
vn -0.6393 -0.7634 -0.0924
vn -0.5800 -0.8086 -0.0990
vn -0.5168 -0.8497 -0.1050
vn -0.4517 -0.8853 -0.1103
vn -0.3870 -0.9149 -0.1149
vn -0.3249 -0.9383 -0.1186
vn -0.2671 -0.9560 -0.1215
vn -0.2147 -0.9688 -0.1238
vn -0.1685 -0.9777 -0.1254
vn -0.1286 -0.9836 -0.1266
vn -0.0950 -0.9873 -0.1275
vn -0.0719 -0.9892 -0.1280
vn -0.0555 -0.9902 -0.1283
vn -0.0401 -0.9909 -0.1285
vn -0.0279 -0.9913 -0.1287
vn -0.0178 -0.9915 -0.1288
vn -0.0091 -0.9916 -0.1289
vn -0.0015 -0.9916 -0.1290
vn 0.0055 -0.9916 -0.1291
vn 0.0120 -0.9916 -0.1292
vn 0.0182 -0.9914 -0.1292
vn 0.0242 -0.9913 -0.1293
vn 0.0302 -0.9911 -0.1293
vn 0.6320 -0.7676 -0.1067
vn 0.9928 -0.1165 -0.0259
vn 0.9853 -0.1675 -0.0324
vn 0.9765 -0.2122 -0.0381
vn 0.9667 -0.2523 -0.0433
vn 0.9560 -0.2894 -0.0480
vn 0.9444 -0.3245 -0.0524
vn 0.9318 -0.3585 -0.0567
vn 0.9177 -0.3925 -0.0610
vn 0.9018 -0.4271 -0.0653
vn 0.8834 -0.4634 -0.0698
vn 0.8615 -0.5022 -0.0747
vn 0.7807 0.6206 0.0723
vn -0.0824 0.9882 0.1295
vn -0.0693 0.9892 0.1295
vn -0.0576 0.9899 0.1294
vn -0.0471 0.9905 0.1294
vn -0.0376 0.9909 0.1294
vn -0.0291 0.9912 0.1293
vn -0.0214 0.9914 0.1292
vn -0.0147 0.9915 0.1292
vn -0.0088 0.9916 0.1291
vn -0.0040 0.9916 0.1291
vn -0.0005 0.9916 0.1291
vn -0.0193 0.9914 0.1292
vn -0.0250 0.9913 0.1293
vn 0.0076 0.9916 0.1290
vn 0.0480 0.9906 0.1284
vn 0.0973 0.9871 0.1274
vn 0.1560 0.9797 0.1258
vn 0.2242 0.9667 0.1234
vn 0.3009 0.9461 0.1199
vn 0.3836 0.9163 0.1151
vn 0.4687 0.8766 0.1090
vn 0.5518 0.8278 0.1018
vn 0.6284 0.7722 0.0937
vn 0.6985 0.7106 0.0849
vn 0.7912 0.6075 0.0705
vn 0.8792 0.4736 0.0521
vn 0.9286 0.3692 0.0380
vn 0.9565 0.2906 0.0275
vn 0.9727 0.2313 0.0196
vn 0.9824 0.1863 0.0136
vn 0.9884 0.1515 0.0091
vn 0.9922 0.1244 0.0055
vn 0.9947 0.1029 0.0027
vn 0.9963 0.0857 0.0004
vn 0.9974 0.0717 -0.0014
vn 0.6664 -0.7384 -0.1033
vn -0.5530 -0.8270 -0.1017
vn -0.9497 -0.3116 -0.0303
vn -0.9254 -0.3769 -0.0391
vn -0.8927 -0.4481 -0.0487
vn -0.8504 -0.5228 -0.0589
vn -0.7984 -0.5981 -0.0692
vn -0.7376 -0.6705 -0.0793
vn -0.6701 -0.7369 -0.0887
vn -0.5987 -0.7951 -0.0970
vn -0.5264 -0.8438 -0.1041
vn -0.4559 -0.8832 -0.1100
vn -0.3894 -0.9139 -0.1147
vn 0.2774 -0.9523 -0.1269
vn 0.8344 -0.5453 -0.0800
vn 0.8121 -0.5775 -0.0839
vn 0.7929 -0.6031 -0.0870
vn 0.7755 -0.6249 -0.0897
vn 0.7590 -0.6445 -0.0921
vn 0.7426 -0.6631 -0.0943
vn 0.7255 -0.6814 -0.0965
vn 0.7070 -0.7002 -0.0988
vn 0.6862 -0.7204 -0.1012
vn 0.6616 -0.7427 -0.1038
vn 0.6315 -0.7680 -0.1068
vn 0.9786 0.2049 0.0161
vn 0.3611 0.9252 0.1165
vn 0.4241 0.8986 0.1124
vn 0.4916 0.8642 0.1072
vn 0.5620 0.8210 0.1008
vn 0.6329 0.7686 0.0932
vn 0.7016 0.7075 0.0845
vn 0.7652 0.6394 0.0749
vn 0.8214 0.5667 0.0649
vn 0.8685 0.4927 0.0547
vn 0.9062 0.4206 0.0450
vn 0.9349 0.3530 0.0358
vn 0.7471 -0.6580 -0.0937
vn 0.4040 -0.9066 -0.1223
vn -0.5024 -0.8581 -0.1062
vn -0.4908 -0.8646 -0.1072
vn -0.4800 -0.8706 -0.1081
vn -0.4698 -0.8760 -0.1089
vn -0.4603 -0.8810 -0.1097
vn -0.4513 -0.8855 -0.1104
vn -0.4429 -0.8897 -0.1110
vn -0.4351 -0.8935 -0.1116
vn -0.4277 -0.8969 -0.1121
vn -0.4209 -0.9001 -0.1126
vn -0.4146 -0.9030 -0.1130
vn 0.1925 -0.9728 -0.1287
vn 0.7531 -0.6513 -0.0929
vn 0.7392 -0.6668 -0.0947
vn 0.7275 -0.6793 -0.0963
vn 0.7170 -0.6902 -0.0976
vn 0.7070 -0.7003 -0.0988
vn 0.6971 -0.7099 -0.0999
vn 0.6870 -0.7196 -0.1011
vn 0.6762 -0.7296 -0.1022
vn 0.6643 -0.7403 -0.1035
vn 0.6509 -0.7519 -0.1049
vn 0.6353 -0.7649 -0.1064
vn -0.3427 -0.9321 -0.1176
vn -0.9999 -0.0112 0.0093
vn -0.9988 -0.0482 0.0045
vn -0.9944 -0.1052 -0.0030
vn -0.9848 -0.1733 -0.0119
vn -0.9672 -0.2529 -0.0225
vn -0.9386 -0.3432 -0.0345
vn -0.8960 -0.4414 -0.0478
vn -0.8376 -0.5428 -0.0616
vn -0.7639 -0.6409 -0.0752
vn -0.6783 -0.7296 -0.0876
vn -0.5863 -0.8041 -0.0983
vn -0.4941 -0.8628 -0.1070
vn -0.4086 -0.9057 -0.1135
vn -0.3337 -0.9353 -0.1181
vn -0.2685 -0.9556 -0.1215
vn -0.2119 -0.9694 -0.1239
vn -0.1640 -0.9784 -0.1256
vn -0.1242 -0.9841 -0.1267
vn -0.0917 -0.9876 -0.1275
vn -0.0656 -0.9896 -0.1281
vn -0.0449 -0.9907 -0.1284
vn -0.0289 -0.9913 -0.1287
vn -0.0167 -0.9915 -0.1289
vn -0.0079 -0.9916 -0.1290
vn 0.5954 -0.7959 -0.1100
vn 0.9849 -0.1699 -0.0327
vn 0.9773 -0.2085 -0.0377
vn 0.9698 -0.2402 -0.0417
vn 0.9625 -0.2675 -0.0452
vn 0.9552 -0.2921 -0.0483
vn 0.9476 -0.3154 -0.0513
vn 0.9395 -0.3383 -0.0542
vn 0.9305 -0.3618 -0.0571
vn 0.9202 -0.3869 -0.0603
vn 0.9077 -0.4147 -0.0638
vn 0.8921 -0.4468 -0.0678
vn 0.7876 0.6120 0.0712
vn -0.0177 0.9915 0.1292
vn -0.0148 0.9915 0.1292
vn -0.0122 0.9915 0.1292
vn -0.0099 0.9916 0.1291
vn -0.0078 0.9916 0.1291
vn -0.0058 0.9916 0.1291
vn -0.0041 0.9916 0.1291
vn -0.0025 0.9916 0.1291
vn -0.0012 0.9916 0.1291
vn -0.0000 0.9916 0.1290
vn 0.0009 0.9916 0.1290
vn 0.0482 0.9906 0.1284
vn 0.1238 0.9842 0.1267
vn 0.1902 0.9738 0.1247
vn 0.2762 0.9534 0.1211
vn 0.3840 0.9161 0.1151
vn 0.5113 0.8529 0.1055
vn 0.6482 0.7560 0.0914
vn 0.7766 0.6258 0.0731
vn 0.8782 0.4754 0.0524
vn 0.9450 0.3254 0.0322
vn 0.9811 0.1931 0.0145
vn 0.9998 0.0192 -0.0083
vn -0.6304 -0.7706 -0.0935
vn -0.9981 -0.0618 0.0027
vn -0.9968 -0.0802 0.0003
vn -0.9949 -0.1007 -0.0024
vn -0.9923 -0.1236 -0.0054
vn -0.9888 -0.1491 -0.0087
vn -0.9840 -0.1775 -0.0125
vn -0.9777 -0.2093 -0.0167
vn -0.9693 -0.2449 -0.0214
vn -0.9582 -0.2847 -0.0267
vn -0.9437 -0.3292 -0.0327
vn -0.9246 -0.3789 -0.0393
vn -0.2151 -0.9687 -0.1237
vn 0.5592 -0.8213 -0.1129
vn 0.5189 -0.8470 -0.1158
vn 0.4884 -0.8646 -0.1178
vn 0.4642 -0.8777 -0.1192
vn 0.4438 -0.8880 -0.1204
vn 0.4257 -0.8967 -0.1213
vn 0.4088 -0.9044 -0.1221
vn 0.3921 -0.9117 -0.1229
vn 0.3747 -0.9189 -0.1236
vn 0.3551 -0.9265 -0.1244
vn 0.3313 -0.9352 -0.1253
vn 0.8813 -0.4674 -0.0703
vn 0.9360 0.3502 0.0355
vn 0.9576 0.2867 0.0270
vn 0.9726 0.2318 0.0197
vn 0.9827 0.1846 0.0134
vn 0.9895 0.1441 0.0081
vn 0.9940 0.1097 0.0036
vn 0.9967 0.0806 -0.0003
vn 0.9984 0.0562 -0.0035
vn 0.9993 0.0362 -0.0061
vn 0.9998 0.0202 -0.0082
vn 0.9999 0.0084 -0.0097
vn 0.9999 0.0017 -0.0106
vn -0.4557 0.8821 0.1197
vn 0.4204 0.9003 0.1126
vn 0.4503 0.8860 0.1104
vn 0.4810 0.8700 0.1080
vn 0.5125 0.8522 0.1054
vn 0.5444 0.8325 0.1025
vn 0.5767 0.8109 0.0993
vn 0.6089 0.7874 0.0959
vn 0.6409 0.7620 0.0923
vn 0.6725 0.7348 0.0884
vn 0.7031 0.7060 0.0843
vn 0.7328 0.6758 0.0800
vn 0.8616 -0.5021 -0.0746
vn 0.4736 0.8740 0.1086
vn 0.8770 0.4776 0.0527
vn 0.8842 0.4643 0.0509
vn 0.8913 0.4507 0.0490
vn 0.8982 0.4370 0.0472
vn 0.9049 0.4232 0.0453
vn 0.9114 0.4093 0.0434
vn 0.9176 0.3953 0.0415
vn 0.9236 0.3812 0.0396
vn 0.9294 0.3672 0.0378
vn 0.9349 0.3532 0.0359
vn 0.9401 0.3391 0.0340
vn 0.7509 -0.6538 -0.0932
vn 0.5696 0.8158 0.1000
vn 0.9743 0.2245 0.0187
vn 0.9783 0.2067 0.0163
vn 0.9817 0.1900 0.0141
vn 0.9846 0.1743 0.0121
vn 0.9871 0.1596 0.0101
vn 0.9892 0.1460 0.0083
vn 0.9910 0.1335 0.0067
vn 0.9925 0.1220 0.0052
vn 0.9938 0.1115 0.0038
vn 0.9948 0.1020 0.0025
vn 0.9956 0.0934 0.0014
vn 0.5910 0.8007 0.0978
vn -0.7059 0.7014 0.0989
vn -0.9938 -0.1112 -0.0038
vn -0.9930 -0.1176 -0.0046
vn -0.9921 -0.1252 -0.0056
vn -0.9910 -0.1339 -0.0067
vn -0.9896 -0.1438 -0.0080
vn -0.9879 -0.1549 -0.0095
vn -0.9858 -0.1673 -0.0111
vn -0.9834 -0.1809 -0.0129
vn -0.9805 -0.1958 -0.0149
vn -0.9772 -0.2118 -0.0170
vn -0.9732 -0.2291 -0.0193
vn -0.7209 0.6862 0.0971
vn 0.9292 0.3676 0.0378
vn 0.5396 -0.8341 -0.1144
vn 0.5344 -0.8374 -0.1147
vn 0.5292 -0.8406 -0.1151
vn 0.5238 -0.8440 -0.1155
vn 0.5179 -0.8475 -0.1159
vn 0.5115 -0.8514 -0.1163
vn 0.5043 -0.8556 -0.1168
vn 0.4960 -0.8603 -0.1173
vn 0.4863 -0.8658 -0.1179
vn 0.4745 -0.8722 -0.1186
vn 0.4599 -0.8799 -0.1195
vn 0.9886 -0.1476 -0.0299
vn 0.6688 0.7381 0.0888
vn 0.6964 0.7126 0.0852
vn 0.7203 0.6888 0.0819
vn 0.7413 0.6665 0.0787
vn 0.7600 0.6455 0.0758
vn 0.7770 0.6253 0.0730
vn 0.7925 0.6058 0.0703
vn 0.8071 0.5865 0.0676
vn 0.8211 0.5671 0.0649
vn 0.8346 0.5473 0.0622
vn 0.8482 0.5263 0.0593
vn 0.3437 0.9317 0.1175
vn -0.8886 0.4535 0.0686
vn -0.8548 -0.5157 -0.0579
vn -0.8431 -0.5343 -0.0604
vn -0.8309 -0.5529 -0.0630
vn -0.8180 -0.5714 -0.0655
vn -0.8043 -0.5902 -0.0681
vn -0.7897 -0.6094 -0.0708
vn -0.7739 -0.6290 -0.0735
vn -0.7567 -0.6493 -0.0763
vn -0.7378 -0.6704 -0.0793
vn -0.7168 -0.6924 -0.0824
vn -0.6935 -0.7153 -0.0856
vn -0.8864 0.4577 0.0691
vn -0.5424 -0.8338 -0.1027
vn -0.9485 -0.3152 -0.0308
vn -0.9446 -0.3266 -0.0323
vn -0.9407 -0.3377 -0.0338
vn -0.9366 -0.3487 -0.0353
vn -0.9324 -0.3596 -0.0367
vn -0.9281 -0.3704 -0.0382
vn -0.9237 -0.3812 -0.0396
vn -0.9191 -0.3919 -0.0411
vn -0.9144 -0.4027 -0.0425
vn -0.9095 -0.4134 -0.0440
vn -0.9044 -0.4242 -0.0454
vn -0.7825 0.6164 0.0887
vn -0.8803 -0.4715 -0.0519
vn -0.6843 0.7221 0.1014
vn -0.6535 0.7496 0.1046
vn -0.6233 0.7745 0.1075
vn -0.5935 0.7973 0.1102
vn -0.5637 0.8183 0.1126
vn -0.5336 0.8379 0.1148
vn -0.5029 0.8564 0.1169
vn -0.4713 0.8739 0.1188
vn -0.4382 0.8907 0.1206
vn -0.4033 0.9069 0.1224
vn -0.3660 0.9223 0.1240
vn -0.9854 0.1669 0.0324
vn -0.5986 -0.7952 -0.0970
vn -0.6272 -0.7732 -0.0938
vn -0.6498 -0.7546 -0.0912
vn -0.6682 -0.7386 -0.0889
vn -0.6839 -0.7243 -0.0869
vn -0.6978 -0.7112 -0.0850
vn -0.7106 -0.6987 -0.0833
vn -0.7228 -0.6863 -0.0815
vn -0.7349 -0.6735 -0.0797
vn -0.7476 -0.6596 -0.0778
vn -0.7616 -0.6436 -0.0755
vn -0.2037 -0.9711 -0.1242
vn 0.4227 -0.8981 -0.1214
vn 0.4654 -0.8770 -0.1192
vn 0.5045 -0.8555 -0.1168
vn 0.5409 -0.8333 -0.1143
vn 0.5752 -0.8104 -0.1117
vn 0.6081 -0.7864 -0.1089
vn 0.6400 -0.7610 -0.1059
vn 0.6716 -0.7338 -0.1027
vn 0.7031 -0.7041 -0.0992
vn 0.7350 -0.6713 -0.0953
vn 0.7677 -0.6343 -0.0908
vn 0.4111 -0.9034 -0.1220
vn -0.4357 -0.8931 -0.1115
vn -0.8082 -0.5850 -0.0674
vn -0.7843 -0.6163 -0.0717
vn -0.7591 -0.6465 -0.0759
vn -0.7329 -0.6756 -0.0800
vn -0.7058 -0.7034 -0.0839
vn -0.6782 -0.7297 -0.0876
vn -0.6501 -0.7544 -0.0912
vn -0.6218 -0.7775 -0.0945
vn -0.5935 -0.7989 -0.0976
vn -0.5654 -0.8187 -0.1004
vn -0.5378 -0.8368 -0.1031
vn -0.9335 0.3540 0.0561
vn 0.5938 0.7987 0.0975
vn 0.9875 0.1574 0.0098
vn 0.9893 0.1457 0.0083
vn 0.9909 0.1347 0.0068
vn 0.9922 0.1242 0.0055
vn 0.9934 0.1144 0.0042
vn 0.9945 0.1051 0.0029
vn 0.9953 0.0965 0.0018
vn 0.9961 0.0884 0.0008
vn 0.9967 0.0809 -0.0002
vn 0.9973 0.0739 -0.0011
vn 0.9977 0.0674 -0.0020
vn 0.6267 0.7736 0.0939
vn -0.6668 0.7381 0.1032
vn -0.6507 0.7520 0.1049
vn -0.9999 -0.0082 0.0097
vn 0.5843 0.8055 0.0985
vn 0.9862 0.1652 0.0109
vn 0.9911 0.1327 0.0066
vn 0.9928 0.1195 0.0048
vn 0.9945 0.1049 0.0029
vn 0.9960 0.0892 0.0009
vn 0.9974 0.0725 -0.0013
vn 0.9985 0.0551 -0.0036
vn 0.9993 0.0374 -0.0059
vn 0.9998 0.0199 -0.0082
vn 0.9999 0.0029 -0.0104
vn 0.9998 -0.0132 -0.0125
vn 0.9995 -0.0281 -0.0144
vn 0.6377 0.7647 0.0926
vn -0.7549 0.6493 0.0926
vn -0.9602 -0.2783 -0.0259
vn -0.9632 -0.2677 -0.0244
vn -0.9658 -0.2584 -0.0232
vn -0.9679 -0.2503 -0.0221
vn -0.9697 -0.2433 -0.0212
vn -0.9712 -0.2373 -0.0204
vn -0.9725 -0.2322 -0.0197
vn -0.9735 -0.2279 -0.0192
vn -0.9743 -0.2245 -0.0187
vn -0.9749 -0.2220 -0.0184
vn -0.9753 -0.2203 -0.0182
vn -0.9758 -0.2182 -0.0179
vn -0.6968 0.7103 0.1000
vn 0.0479 0.9906 0.1284
vn 0.0588 0.9900 0.1282
vn 0.0695 0.9893 0.1280
vn 0.0802 0.9886 0.1278
vn 0.0909 0.9877 0.1275
vn 0.1019 0.9866 0.1273
vn 0.1134 0.9854 0.1270
vn 0.1255 0.9840 0.1267
vn 0.1385 0.9823 0.1263
vn 0.1524 0.9803 0.1259
vn 0.1677 0.9778 0.1254
vn -0.5609 0.8201 0.1128
vn -0.7119 -0.6974 -0.0831
vn -0.1337 -0.9829 -0.1265
vn -0.1237 -0.9842 -0.1267
vn -0.1145 -0.9853 -0.1270
vn -0.1059 -0.9862 -0.1272
vn -0.0976 -0.9870 -0.1274
vn -0.0895 -0.9878 -0.1276
vn -0.0814 -0.9885 -0.1278
vn -0.0730 -0.9891 -0.1279
vn -0.0643 -0.9897 -0.1281
vn -0.0550 -0.9902 -0.1283
vn -0.0450 -0.9907 -0.1284
vn -0.5830 -0.8065 -0.0987
vn -0.9682 -0.2491 -0.0220
vn -0.9665 -0.2556 -0.0228
vn -0.9645 -0.2629 -0.0238
vn -0.9622 -0.2710 -0.0249
vn -0.9596 -0.2803 -0.0261
vn -0.9563 -0.2909 -0.0275
vn -0.9525 -0.3032 -0.0292
vn -0.9477 -0.3176 -0.0311
vn -0.9417 -0.3347 -0.0334
vn -0.9340 -0.3553 -0.0362
vn -0.9239 -0.3806 -0.0396
vn -0.5550 0.8241 0.1132
vn 0.4703 0.8758 0.1089
vn 0.4267 0.8974 0.1122
vn 0.3816 0.9171 0.1152
vn 0.3354 0.9347 0.1180
vn 0.2888 0.9498 0.1205
vn 0.2425 0.9624 0.1226
vn 0.1972 0.9724 0.1244
vn 0.1534 0.9801 0.1259
vn 0.1116 0.9856 0.1271
vn 0.0722 0.9891 0.1279
vn 0.0356 0.9911 0.1286
vn -0.0087 0.9916 0.1291
vn -0.0748 0.9888 0.1295
vn -0.1577 0.9790 0.1291
vn -0.2485 0.9602 0.1276
vn -0.3473 0.9294 0.1247
vn -0.4535 0.8832 0.1198
vn -0.5649 0.8175 0.1125
vn -0.6771 0.7287 0.1021
vn -0.7835 0.6151 0.0885
vn -0.8754 0.4780 0.0716
vn -0.9448 0.3234 0.0523
vn -0.9865 0.1609 0.0316
vn -0.9999 -0.0125 0.0092
vn -0.9763 -0.2159 -0.0176
vn -0.9001 -0.4333 -0.0467
vn -0.7780 -0.6240 -0.0728
vn -0.6336 -0.7681 -0.0931
vn -0.4904 -0.8649 -0.1073
vn -0.3620 -0.9249 -0.1165
vn -0.2522 -0.9599 -0.1222
vn -0.1601 -0.9791 -0.1257
vn -0.0825 -0.9884 -0.1277
vn 0.0399 -0.9908 -0.1294
vn 0.5809 -0.8064 -0.1112
vn 0.6977 0.7114 0.0850
vn -0.0707 0.9891 0.1295
vn -0.0227 0.9914 0.1293
vn 0.0312 0.9912 0.1287
vn 0.0937 0.9874 0.1275
vn 0.1683 0.9777 0.1254
vn 0.2596 0.9580 0.1219
vn 0.3728 0.9206 0.1158
vn 0.5124 0.8523 0.1054
vn 0.6751 0.7325 0.0880
vn 0.8388 0.5410 0.0614
vn 0.9589 0.2823 0.0264
vn 0.9996 0.0281 -0.0071
vn 0.9856 -0.1661 -0.0323
vn 0.9418 -0.3318 -0.0533
vn 0.8701 -0.4874 -0.0728
vn 0.7764 -0.6238 -0.0896
vn 0.6693 -0.7358 -0.1030
vn 0.5571 -0.8227 -0.1131
vn 0.4463 -0.8868 -0.1202
vn 0.3411 -0.9317 -0.1249
vn 0.2435 -0.9614 -0.1277
vn 0.1542 -0.9796 -0.1291
vn 0.0730 -0.9889 -0.1295
vn 0.0042 -0.9916 -0.1291
vn -0.0508 -0.9904 -0.1283
vn -0.1014 -0.9867 -0.1273
vn -0.1536 -0.9801 -0.1259
vn -0.2077 -0.9703 -0.1240
vn -0.2640 -0.9568 -0.1217
vn -0.3228 -0.9390 -0.1187
vn -0.3840 -0.9161 -0.1151
vn -0.4478 -0.8873 -0.1106
vn -0.5138 -0.8514 -0.1053
vn -0.5815 -0.8075 -0.0988
vn -0.6500 -0.7544 -0.0912
vn -0.6947 -0.7142 -0.0854
vn -0.7114 -0.6979 -0.0831
vn -0.7237 -0.6853 -0.0814
vn -0.7372 -0.6710 -0.0794
vn -0.7516 -0.6551 -0.0771
vn -0.7665 -0.6379 -0.0747
vn -0.7817 -0.6194 -0.0722
vn -0.7969 -0.6001 -0.0695
vn -0.8117 -0.5803 -0.0668
vn -0.8389 -0.5408 -0.0613
vn -0.8509 -0.5220 -0.0587
vn -0.3186 -0.9404 -0.1189
vn 0.9005 -0.4299 -0.0657
vn 0.8787 0.4745 0.0523
vn 0.8960 0.4415 0.0478
vn 0.9099 0.4125 0.0439
vn 0.9213 0.3869 0.0404
vn 0.9306 0.3640 0.0373
vn 0.9385 0.3436 0.0346
vn 0.9452 0.3250 0.0321
vn 0.9509 0.3080 0.0298
vn 0.9603 0.2777 0.0258
vn 0.9643 0.2639 0.0239
vn 0.7270 -0.6798 -0.0963
vn 0.0007 -0.9916 -0.1291
vn 0.0068 -0.9916 -0.1291
vn 0.0148 -0.9915 -0.1292
vn 0.0227 -0.9914 -0.1293
vn 0.0304 -0.9911 -0.1293
vn 0.0379 -0.9909 -0.1294
vn 0.0452 -0.9906 -0.1294
vn 0.0524 -0.9902 -0.1294
vn 0.0594 -0.9898 -0.1295
vn 0.0663 -0.9894 -0.1295
vn 0.0795 -0.9884 -0.1295
vn 0.6776 -0.7283 -0.1021
vn -0.1289 0.9832 0.1293
vn -0.1178 0.9846 0.1294
vn -0.1074 0.9858 0.1294
vn -0.0975 0.9868 0.1295
vn -0.0876 0.9877 0.1295
vn -0.0776 0.9885 0.1295
vn -0.0672 0.9893 0.1295
vn -0.0562 0.9900 0.1294
vn -0.0441 0.9906 0.1294
vn -0.0308 0.9911 0.1293
vn -0.0157 0.9915 0.1292
vn -0.0031 0.9916 0.1291
vn -0.0129 0.9915 0.1292
vn -0.0201 0.9914 0.1292
vn -0.0274 0.9912 0.1293
vn -0.0347 0.9910 0.1293
vn -0.0422 0.9907 0.1294
vn -0.0499 0.9903 0.1294
vn -0.0578 0.9899 0.1294
vn -0.0659 0.9894 0.1295
vn -0.0744 0.9888 0.1295
vn -0.0832 0.9881 0.1295
vn -0.6941 0.7129 0.1003
vn -0.5872 -0.8035 -0.0982
vn 0.1057 -0.9859 -0.1294
vn 0.0973 -0.9868 -0.1295
vn 0.0887 -0.9876 -0.1295
vn 0.0800 -0.9884 -0.1295
vn 0.0711 -0.9890 -0.1295
vn 0.0619 -0.9897 -0.1295
vn 0.0426 -0.9907 -0.1294
vn 0.0323 -0.9911 -0.1293
vn 0.0216 -0.9914 -0.1292
vn 0.0104 -0.9916 -0.1292
vn -0.0006 -0.9916 -0.1290
vn -0.0103 -0.9916 -0.1289
vn -0.0191 -0.9915 -0.1288
vn -0.0278 -0.9913 -0.1287
vn -0.0363 -0.9910 -0.1286
vn -0.0446 -0.9907 -0.1284
vn -0.0527 -0.9903 -0.1283
vn -0.0607 -0.9899 -0.1282
vn -0.0684 -0.9894 -0.1280
vn -0.0758 -0.9889 -0.1279
vn -0.0830 -0.9883 -0.1277
vn -0.0899 -0.9877 -0.1276
vn 0.6040 -0.7895 -0.1093
vn 0.6812 0.7269 0.0872
vn 0.0752 0.9889 0.1279
vn 0.0636 0.9897 0.1281
vn 0.0578 0.9901 0.1282
vn 0.0517 0.9904 0.1283
vn 0.0455 0.9907 0.1284
vn 0.0391 0.9909 0.1285
vn 0.0324 0.9912 0.1286
vn 0.0253 0.9914 0.1287
vn 0.0178 0.9915 0.1288
vn 0.0098 0.9916 0.1289
vn 0.0018 0.9916 0.1290
vn -0.9912 0.1295 0.0275
vn -0.9582 0.2821 0.0470
vn -0.8902 0.4505 0.0682
vn -0.7850 0.6131 0.0883
vn -0.6544 0.7489 0.1045
vn -0.5173 0.8479 0.1159
vn -0.3895 0.9128 0.1230
vn -0.2789 0.9519 0.1269
vn -0.1868 0.9739 0.1288
vn -0.1114 0.9853 0.1294
vn -0.0067 0.9916 0.1291
vn 0.0163 0.9915 0.1289
vn 0.0309 0.9912 0.1287
vn 0.0453 0.9907 0.1284
vn 0.0595 0.9900 0.1282
vn 0.0736 0.9891 0.1279
vn 0.0877 0.9879 0.1276
vn 0.1020 0.9866 0.1273
vn 0.1165 0.9850 0.1269
vn 0.1314 0.9832 0.1265
vn 0.1467 0.9811 0.1261
vn 0.1626 0.9787 0.1256
vn -0.5829 0.8050 0.1110
vn -0.6867 -0.7218 -0.0865
vn -0.1184 -0.9848 -0.1269
vn -0.1105 -0.9857 -0.1271
vn -0.1019 -0.9866 -0.1273
vn -0.0928 -0.9875 -0.1275
vn -0.0832 -0.9883 -0.1277
vn -0.0731 -0.9891 -0.1279
vn -0.0624 -0.9898 -0.1281
vn -0.0512 -0.9904 -0.1283
vn -0.0395 -0.9909 -0.1285
vn -0.0273 -0.9913 -0.1287
vn -0.0146 -0.9916 -0.1289
vn 0.0067 -0.9916 -0.1291
vn 0.0471 -0.9905 -0.1294
vn 0.1031 -0.9862 -0.1295
vn 0.1696 -0.9770 -0.1290
vn 0.2487 -0.9601 -0.1276
vn 0.3426 -0.9311 -0.1249
vn 0.4525 -0.8837 -0.1199
vn 0.5764 -0.8095 -0.1116
vn 0.8296 -0.5525 -0.0809
vn 0.9257 -0.3738 -0.0586
vn 0.9824 -0.1833 -0.0345
vn 0.9992 -0.0363 -0.0155
vn 0.9995 0.0299 -0.0069
vn 0.9983 0.0585 -0.0032
vn 0.9963 0.0855 0.0004
vn 0.9939 0.1106 0.0037
vn 0.9910 0.1339 0.0067
vn 0.9878 0.1552 0.0095
vn 0.9846 0.1747 0.0121
vn 0.9813 0.1921 0.0144
vn 0.9781 0.2076 0.0165
vn 0.9751 0.2212 0.0183
vn 0.9723 0.2329 0.0198
vn 0.5312 0.8409 0.1037
vn -0.7706 0.6308 0.0904
vn -0.9580 -0.2857 -0.0268
vn -0.9634 -0.2669 -0.0243
vn -0.9688 -0.2470 -0.0217
vn -0.9739 -0.2261 -0.0189
vn -0.9788 -0.2040 -0.0160
vn -0.9878 -0.1555 -0.0096
vn -0.9917 -0.1287 -0.0060
vn -0.9950 -0.0999 -0.0023
vn -0.9976 -0.0690 0.0018
vn -0.9993 -0.0357 0.0061
vn -0.9997 0.0205 0.0135
vn 0.2906 -0.9484 -0.1266
vn 0.8581 -0.5078 -0.0753
vn 0.8510 -0.5195 -0.0768
vn 0.8445 -0.5299 -0.0781
vn 0.8381 -0.5397 -0.0793
vn 0.8318 -0.5492 -0.0804
vn 0.8253 -0.5588 -0.0816
vn 0.8184 -0.5687 -0.0828
vn 0.8107 -0.5793 -0.0841
vn 0.8021 -0.5910 -0.0856
vn 0.7921 -0.6042 -0.0872
vn 0.7800 -0.6195 -0.0890
vn 0.9482 0.3162 0.0309
vn -0.2300 0.9647 0.1280
vn -0.7743 0.6264 0.0899
vn -0.7860 0.6119 0.0881
vn -0.7956 0.5996 0.0866
vn -0.8040 0.5885 0.0853
vn -0.8115 0.5783 0.0840
vn -0.8185 0.5685 0.0828
vn -0.8253 0.5588 0.0816
vn -0.8322 0.5487 0.0804
vn -0.8393 0.5379 0.0791
vn -0.8471 0.5257 0.0776
vn -0.8559 0.5115 0.0758
vn -0.9213 -0.3867 -0.0404
vn 0.2868 -0.9496 -0.1267
vn 0.8533 -0.5158 -0.0763
vn 0.8464 -0.5269 -0.0777
vn 0.8397 -0.5373 -0.0790
vn 0.8330 -0.5474 -0.0802
vn 0.8261 -0.5576 -0.0815
vn 0.8189 -0.5679 -0.0827
vn 0.8112 -0.5787 -0.0841
vn 0.8027 -0.5902 -0.0855
vn 0.7932 -0.6028 -0.0870
vn 0.7821 -0.6168 -0.0887
vn 0.7691 -0.6327 -0.0906
vn 0.9525 0.3032 0.0292
vn -0.2285 0.9651 0.1281
vn -0.7741 0.6267 0.0899
vn -0.7816 0.6174 0.0888
vn -0.7882 0.6091 0.0878
vn -0.7943 0.6012 0.0868
vn -0.8003 0.5935 0.0859
vn -0.8063 0.5854 0.0849
vn -0.8125 0.5768 0.0838
vn -0.8194 0.5672 0.0827
vn -0.8271 0.5561 0.0813
vn -0.8362 0.5427 0.0796
vn -0.8472 0.5256 0.0775
vn -0.9242 -0.3799 -0.0395
vn 0.9766 0.2145 0.0174
vn 0.9779 0.2085 0.0166
vn 0.9791 0.2029 0.0158
vn 0.9801 0.1978 0.0152
vn 0.9811 0.1930 0.0145
vn 0.9820 0.1886 0.0139
vn 0.9834 0.1810 0.0129
vn 0.9840 0.1778 0.0125
vn 0.9845 0.1751 0.0122
vn 0.9866 0.1631 0.0106
vn 0.9900 0.1408 0.0076
vn 0.9929 0.1186 0.0047
vn 0.9952 0.0980 0.0020
vn 0.9969 0.0785 -0.0005
vn 0.9982 0.0594 -0.0030
vn 0.9992 0.0402 -0.0055
vn 0.9998 0.0206 -0.0081
vn 0.9999 -0.0002 -0.0108
vn 0.9996 -0.0231 -0.0138
vn 0.9986 -0.0490 -0.0172
vn 0.9966 -0.0798 -0.0211
vn 0.6474 0.7566 0.0915
vn -0.7709 0.6305 0.0904
vn -0.9540 -0.2984 -0.0285
vn -0.9584 -0.2841 -0.0266
vn -0.9616 -0.2732 -0.0252
vn -0.9641 -0.2646 -0.0240
vn -0.9660 -0.2575 -0.0231
vn -0.9676 -0.2517 -0.0223
vn -0.9689 -0.2467 -0.0216
vn -0.9700 -0.2423 -0.0211
vn -0.9710 -0.2384 -0.0205
vn -0.9718 -0.2348 -0.0201
vn -0.9727 -0.2313 -0.0196
vn -0.9730 -0.2301 -0.0195
vn -0.6725 0.7329 0.1026
vn 0.1133 0.9854 0.1270
vn 0.1215 0.9845 0.1268
vn 0.1296 0.9835 0.1266
vn 0.1377 0.9824 0.1264
vn 0.1458 0.9812 0.1261
vn 0.1540 0.9800 0.1259
vn 0.1622 0.9787 0.1256
vn 0.1705 0.9774 0.1254
vn 0.1789 0.9759 0.1251
vn 0.1875 0.9743 0.1248
vn 0.1963 0.9726 0.1245
vn -0.5543 0.8246 0.1133
vn -0.7276 -0.6812 -0.0808
vn -0.1819 -0.9753 -0.1250
vn -0.1713 -0.9772 -0.1253
vn -0.1614 -0.9789 -0.1256
vn -0.1523 -0.9803 -0.1259
vn -0.1438 -0.9815 -0.1262
vn -0.1359 -0.9826 -0.1264
vn -0.1216 -0.9844 -0.1268
vn -0.1151 -0.9852 -0.1270
vn -0.1090 -0.9859 -0.1271
vn -0.1033 -0.9865 -0.1273
vn -0.6073 -0.7887 -0.0961
vn -0.9665 -0.2557 -0.0228
vn -0.9664 -0.2559 -0.0229
vn -0.9653 -0.2600 -0.0234
vn -0.9644 -0.2634 -0.0239
vn -0.9617 -0.2730 -0.0252
vn -0.9599 -0.2793 -0.0260
vn -0.9577 -0.2865 -0.0270
vn -0.9552 -0.2947 -0.0281
vn -0.9547 -0.2961 -0.0282
vn -0.9532 -0.3010 -0.0289
vn -0.9483 -0.3158 -0.0309
vn -0.9437 -0.3291 -0.0326
vn -0.9392 -0.3416 -0.0343
vn -0.9346 -0.3539 -0.0360
vn -0.9297 -0.3664 -0.0377
vn -0.9243 -0.3797 -0.0394
vn -0.9180 -0.3944 -0.0414
vn -0.9105 -0.4112 -0.0437
vn -0.9011 -0.4311 -0.0464
vn -0.8886 -0.4559 -0.0497
vn -0.3447 -0.9313 -0.1175
vn 0.9085 -0.4131 -0.0636
vn 0.8525 0.5194 0.0584
vn 0.8731 0.4847 0.0537
vn 0.8883 0.4566 0.0498
vn 0.9001 0.4332 0.0467
vn 0.9097 0.4130 0.0439
vn 0.9178 0.3949 0.0415
vn 0.9249 0.3783 0.0393
vn 0.9313 0.3624 0.0371
vn 0.9373 0.3466 0.0350
vn 0.9433 0.3304 0.0328
vn 0.9493 0.3128 0.0305
vn 0.9529 0.3019 0.0290
vn 0.9544 0.2972 0.0284
vn 0.9563 0.2912 0.0276
vn 0.9579 0.2857 0.0268
vn 0.9594 0.2807 0.0262
vn 0.9608 0.2760 0.0256
vn 0.9621 0.2717 0.0250
vn 0.9642 0.2640 0.0240
vn 0.9652 0.2606 0.0235
vn 0.9660 0.2574 0.0231
vn 0.9668 0.2544 0.0227
vn 0.7050 -0.7023 -0.0990
vn -0.0489 -0.9905 -0.1284
vn -0.0451 -0.9907 -0.1284
vn -0.0412 -0.9909 -0.1285
vn -0.0372 -0.9910 -0.1286
vn -0.0331 -0.9911 -0.1286
vn -0.0247 -0.9914 -0.1287
vn -0.0203 -0.9915 -0.1288
vn -0.0158 -0.9915 -0.1289
vn -0.0111 -0.9916 -0.1289
vn -0.0063 -0.9916 -0.1290
vn -0.0011 -0.9916 -0.1290
vn 0.0049 -0.9916 -0.1291
vn 0.0110 -0.9916 -0.1292
vn 0.0168 -0.9915 -0.1292
vn 0.0223 -0.9914 -0.1293
vn 0.0274 -0.9912 -0.1293
vn 0.0319 -0.9911 -0.1293
vn 0.0359 -0.9909 -0.1293
vn 0.0393 -0.9908 -0.1294
vn 0.0420 -0.9907 -0.1294
vn 0.0439 -0.9906 -0.1294
vn 0.0451 -0.9906 -0.1294
vn 0.6518 -0.7511 -0.1048
vn 0.6172 0.7810 0.0950
vn -0.0937 0.9871 0.1295
vn -0.0833 0.9881 0.1295
vn -0.0728 0.9889 0.1295
vn -0.0623 0.9896 0.1295
vn -0.0521 0.9902 0.1294
vn -0.0421 0.9907 0.1294
vn -0.0327 0.9911 0.1293
vn -0.0240 0.9913 0.1293
vn -0.0161 0.9915 0.1292
vn -0.0092 0.9916 0.1291
vn -0.0034 0.9916 0.1291
vn 0.0024 0.9916 0.1290
vn 0.0096 0.9916 0.1289
vn 0.0172 0.9915 0.1288
vn 0.0243 0.9914 0.1288
vn 0.0369 0.9910 0.1286
vn 0.0425 0.9908 0.1285
vn 0.0475 0.9906 0.1284
vn 0.0522 0.9904 0.1283
vn 0.0563 0.9901 0.1282
vn 0.0601 0.9899 0.1282
vn 0.0634 0.9897 0.1281
vn 0.6021 0.7926 0.0966
vn 0.4064 -0.9055 -0.1222
vn 0.9471 -0.3167 -0.0514
vn 0.9377 -0.3430 -0.0548
vn 0.9312 -0.3601 -0.0569
vn 0.9262 -0.3724 -0.0585
vn 0.9221 -0.3823 -0.0597
vn 0.9185 -0.3907 -0.0608
vn 0.9151 -0.3985 -0.0617
vn 0.9115 -0.4064 -0.0627
vn 0.9076 -0.4150 -0.0638
vn 0.9026 -0.4255 -0.0651
vn 0.8955 -0.4399 -0.0669
vn 0.8865 0.4599 0.0503
vn -0.3565 0.9260 0.1244
vn -0.9015 0.4279 0.0654
vn -0.9066 0.4172 0.0641
vn -0.9099 0.4100 0.0632
vn -0.9124 0.4044 0.0625
vn -0.9146 0.3995 0.0619
vn -0.9167 0.3948 0.0613
vn -0.9189 0.3898 0.0606
vn -0.9214 0.3840 0.0599
vn -0.9244 0.3768 0.0590
vn -0.9285 0.3669 0.0578
vn -0.9345 0.3514 0.0558
vn -0.8608 -0.5057 -0.0565
vn -0.9524 -0.3034 -0.0292
vn -0.9426 -0.3323 -0.0331
vn -0.9311 -0.3628 -0.0372
vn -0.9178 -0.3948 -0.0415
vn -0.9025 -0.4282 -0.0460
vn -0.8850 -0.4629 -0.0507
vn -0.8651 -0.4985 -0.0555
vn -0.8428 -0.5348 -0.0605
vn -0.8179 -0.5716 -0.0656
vn -0.7905 -0.6084 -0.0707
vn -0.7604 -0.6450 -0.0757
vn -0.7314 -0.6772 -0.0802
vn -0.6991 -0.7100 -0.0848
vn -0.6611 -0.7449 -0.0898
vn -0.6233 -0.7763 -0.0943
vn -0.5859 -0.8044 -0.0984
vn -0.5493 -0.8294 -0.1020
vn -0.5133 -0.8517 -0.1053
vn -0.4781 -0.8716 -0.1083
vn -0.4436 -0.8893 -0.1109
vn -0.4098 -0.9051 -0.1134
vn -0.3765 -0.9192 -0.1156
vn -0.3435 -0.9318 -0.1175
vn 0.1707 -0.9768 -0.1290
vn 0.9607 0.2765 0.0256
vn 0.2842 0.9511 0.1207
vn 0.3243 0.9385 0.1186
vn 0.3632 0.9244 0.1164
vn 0.4014 0.9088 0.1139
vn 0.4395 0.8913 0.1113
vn 0.4778 0.8718 0.1083
vn 0.5168 0.8497 0.1050
vn 0.5567 0.8245 0.1013
vn 0.5979 0.7957 0.0971
vn 0.6406 0.7623 0.0923
vn 0.6847 0.7236 0.0868
vn 0.7244 0.6846 0.0813
vn 0.7604 0.6450 0.0757
vn 0.7956 0.6018 0.0697
vn 0.8270 0.5586 0.0638
vn 0.8550 0.5154 0.0578
vn 0.8802 0.4718 0.0519
vn 0.9027 0.4278 0.0459
vn 0.9229 0.3829 0.0399
vn 0.9409 0.3370 0.0337
vn 0.9568 0.2896 0.0274
vn 0.9704 0.2404 0.0208
vn 0.4730 0.8743 0.1087
vn -0.8543 0.5143 0.0761
vn -0.9348 -0.3534 -0.0359
vn -0.9381 -0.3445 -0.0347
vn -0.9411 -0.3364 -0.0336
vn -0.9436 -0.3293 -0.0327
vn -0.9457 -0.3236 -0.0319
vn -0.9472 -0.3193 -0.0313
vn -0.9480 -0.3167 -0.0310
vn -0.9482 -0.3161 -0.0309
vn -0.9476 -0.3178 -0.0311
vn -0.9462 -0.3220 -0.0317
vn -0.9438 -0.3290 -0.0326
vn -0.9498 -0.3114 -0.0303
vn 0.3850 -0.9147 -0.1232
vn 0.9338 -0.3534 -0.0561
vn 0.9249 -0.3755 -0.0589
vn 0.9186 -0.3906 -0.0607
vn 0.9135 -0.4020 -0.0622
vn 0.9092 -0.4116 -0.0634
vn 0.9050 -0.4204 -0.0645
vn 0.9008 -0.4292 -0.0656
vn 0.8960 -0.4389 -0.0668
vn 0.8901 -0.4507 -0.0683
vn 0.8816 -0.4668 -0.0703
vn 0.8673 -0.4924 -0.0734
vn 0.9124 0.4071 0.0431
vn -0.3250 0.9373 0.1255
vn -0.8861 0.4583 0.0692
vn -0.8924 0.4462 0.0677
vn -0.8964 0.4382 0.0667
vn -0.8993 0.4324 0.0660
vn -0.9015 0.4278 0.0654
vn -0.9034 0.4238 0.0649
vn -0.9052 0.4202 0.0644
vn -0.9069 0.4165 0.0640
vn -0.9087 0.4125 0.0635
vn -0.9109 0.4079 0.0629
vn -0.9137 0.4015 0.0621
vn -0.8794 -0.4731 -0.0521
vn 0.6539 0.7511 0.0907
vn -0.6518 0.7511 0.1048
vn -0.9992 -0.0400 0.0056
vn -0.6281 -0.7725 -0.0938
vn 0.6259 -0.7725 -0.1073
vn 0.9991 -0.0400 -0.0160
vn 0.9896 0.1436 0.0080
vn 0.9576 0.2868 0.0270
vn 0.9047 0.4236 0.0454
vn 0.8335 0.5489 0.0624
vn 0.7478 0.6593 0.0777
vn 0.6517 0.7530 0.0910
vn 0.5486 0.8299 0.1021
vn 0.4413 0.8905 0.1111
vn 0.3317 0.9359 0.1182
vn 0.2213 0.9674 0.1235
vn 0.1110 0.9857 0.1271
vn 0.0014 0.9916 0.1290
vn -0.1082 0.9857 0.1294
vn -0.2186 0.9673 0.1282
vn -0.3291 0.9359 0.1254
vn -0.4387 0.8905 0.1206
vn -0.5462 0.8299 0.1139
vn -0.7460 0.6593 0.0939
vn -0.8320 0.5489 0.0804
vn -0.9035 0.4236 0.0649
vn -0.9568 0.2868 0.0476
vn -0.9892 0.1436 0.0294
vn -0.9999 -0.0001 0.0108
vn -0.9895 -0.1443 -0.0081
vn -0.9570 -0.2889 -0.0273
vn -0.9028 -0.4276 -0.0459
vn -0.8297 -0.5546 -0.0632
vn -0.7418 -0.6660 -0.0787
vn -0.6437 -0.7597 -0.0919
vn -0.5393 -0.8358 -0.1029
vn -0.4317 -0.8950 -0.1118
vn -0.3231 -0.9389 -0.1187
vn -0.1073 -0.9861 -0.1272
vn -0.0020 -0.9916 -0.1290
vn 0.1027 -0.9863 -0.1295
vn 0.2095 -0.9693 -0.1284
vn 0.3188 -0.9394 -0.1257
vn 0.4293 -0.8950 -0.1211
vn 0.5391 -0.8345 -0.1144
vn 0.6455 -0.7564 -0.1054
vn 0.7450 -0.6604 -0.0940
vn 0.8332 -0.5472 -0.0802
vn 0.9055 -0.4195 -0.0644
vn 0.9583 -0.2818 -0.0470
vn 0.9897 -0.1401 -0.0289
vn 0.9999 0.0011 -0.0106
vt 1.000000 0.000000
vt 0.924528 0.000000
vt 0.905660 0.000000
vt 0.943396 0.000000
vt 0.981132 0.000000
vt 0.962264 0.000000
vt 0.188679 0.000000
vt 0.226415 0.000000
vt 0.207547 0.000000
vt 0.169811 0.000000
vt 0.245283 0.000000
vt 0.150943 0.000000
vt 0.264151 0.000000
vt 0.132075 0.000000
vt 0.283019 0.000000
vt 0.113208 0.000000
vt 0.301887 0.000000
vt 0.094340 0.000000
vt 0.320755 0.000000
vt 0.075472 0.000000
vt 0.339623 0.000000
vt 0.056604 0.000000
vt 0.358491 0.000000
vt 0.037736 0.000000
vt 0.377358 0.000000
vt 0.018868 0.000000
vt 0.396226 0.000000
vt 0.000000 0.000000
vt 0.415094 0.000000
vt 0.433962 0.000000
vt 0.886792 0.000000
vt 0.867925 0.000000
vt 0.452830 0.000000
vt 0.471698 0.000000
vt 0.849057 0.000000
vt 0.490566 0.000000
vt 0.830189 0.000000
vt 0.509434 0.000000
vt 0.811321 0.000000
vt 0.528302 0.000000
vt 0.792453 0.000000
vt 0.547170 0.000000
vt 0.773585 0.000000
vt 0.566038 0.000000
vt 0.754717 0.000000
vt 0.735849 0.000000
vt 0.584906 0.000000
vt 0.716981 0.000000
vt 0.603774 0.000000
vt 0.698113 0.000000
vt 0.622642 0.000000
vt 0.679245 0.000000
vt 0.641509 0.000000
vt 0.660377 0.000000
vt 0.106195 0.000000
vt 0.123894 0.000000
vt 0.115044 0.000000
vt 0.132743 0.000000
vt 0.097345 0.000000
vt 0.141593 0.000000
vt 0.646018 0.000000
vt 0.663717 0.000000
vt 0.654867 0.000000
vt 0.088496 0.000000
vt 0.150442 0.000000
vt 0.884956 0.000000
vt 0.902655 0.000000
vt 0.893805 0.000000
vt 0.079646 0.000000
vt 0.672566 0.000000
vt 0.637168 0.000000
vt 0.681416 0.000000
vt 0.911504 0.000000
vt 0.159292 0.000000
vt 0.690265 0.000000
vt 0.699115 0.000000
vt 0.070796 0.000000
vt 0.707965 0.000000
vt 0.920354 0.000000
vt 0.876106 0.000000
vt 0.716814 0.000000
vt 0.725664 0.000000
vt 0.168142 0.000000
vt 0.734513 0.000000
vt 0.867257 0.000000
vt 0.061947 0.000000
vt 0.743363 0.000000
vt 0.628319 0.000000
vt 0.752212 0.000000
vt 0.929204 0.000000
vt 0.761062 0.000000
vt 0.769912 0.000000
vt 0.858407 0.000000
vt 0.230089 0.000000
vt 0.176991 0.000000
vt 0.053097 0.000000
vt 0.938053 0.000000
vt 0.849558 0.000000
vt 0.619469 0.000000
vt 0.185841 0.000000
vt 0.238938 0.000000
vt 0.044248 0.000000
vt 0.946903 0.000000
vt 0.840708 0.000000
vt 0.194690 0.000000
vt 0.035398 0.000000
vt 0.610619 0.000000
vt 0.955752 0.000000
vt 0.247788 0.000000
vt 0.831858 0.000000
vt 0.203540 0.000000
vt 0.026549 0.000000
vt 0.964602 0.000000
vt 0.823009 0.000000
vt 0.601770 0.000000
vt 0.212389 0.000000
vt 0.256637 0.000000
vt 0.017699 0.000000
vt 0.221239 0.000000
vt 0.973451 0.000000
vt 0.814159 0.000000
vt 0.008850 0.000000
vt 0.265487 0.000000
vt 0.592920 0.000000
vt 0.982301 0.000000
vt 0.805310 0.000000
vt 0.274336 0.000000
vt 0.991150 0.000000
vt 0.584071 0.000000
vt 0.796460 0.000000
vt 0.283186 0.000000
vt 0.787611 0.000000
vt 0.575221 0.000000
vt 0.778761 0.000000
vt 0.292035 0.000000
vt 0.566372 0.000000
vt 0.300885 0.000000
vt 0.557522 0.000000
vt 0.309735 0.000000
vt 0.548673 0.000000
vt 0.318584 0.000000
vt 0.539823 0.000000
vt 0.327434 0.000000
vt 0.530973 0.000000
vt 0.336283 0.000000
vt 0.522124 0.000000
vt 0.345133 0.000000
vt 0.513274 0.000000
vt 0.504425 0.000000
vt 0.353982 0.000000
vt 0.495575 0.000000
vt 0.362832 0.000000
vt 0.486726 0.000000
vt 0.371681 0.000000
vt 0.477876 0.000000
vt 0.469027 0.000000
vt 0.380531 0.000000
vt 0.460177 0.000000
vt 0.389381 0.000000
vt 0.451327 0.000000
vt 0.442478 0.000000
vt 0.398230 0.000000
vt 0.433628 0.000000
vt 0.407080 0.000000
vt 0.415929 0.000000
vt 0.424779 0.000000
vt 0.589286 0.000000
vt 0.595238 0.000000
vt 0.592262 0.000000
vt 0.586310 0.000000
vt 0.598214 0.000000
vt 0.583333 0.000000
vt 0.601190 0.000000
vt 0.580357 0.000000
vt 0.604167 0.000000
vt 0.577381 0.000000
vt 0.607143 0.000000
vt 0.574405 0.000000
vt 0.610119 0.000000
vt 0.571429 0.000000
vt 0.613095 0.000000
vt 0.568452 0.000000
vt 0.616071 0.000000
vt 0.565476 0.000000
vt 0.619048 0.000000
vt 0.562500 0.000000
vt 0.622024 0.000000
vt 0.559524 0.000000
vt 0.625000 0.000000
vt 0.556548 0.000000
vt 0.627976 0.000000
vt 0.630952 0.000000
vt 0.553571 0.000000
vt 0.633929 0.000000
vt 0.550595 0.000000
vt 0.547619 0.000000
vt 0.544643 0.000000
vt 0.541667 0.000000
vt 0.538690 0.000000
vt 0.535714 0.000000
vt 0.666667 0.000000
vt 0.672619 0.000000
vt 0.669643 0.000000
vt 0.532738 0.000000
vt 0.663690 0.000000
vt 0.660714 0.000000
vt 0.529762 0.000000
vt 0.657738 0.000000
vt 0.654762 0.000000
vt 0.651786 0.000000
vt 0.526786 0.000000
vt 0.648810 0.000000
vt 0.645833 0.000000
vt 0.642857 0.000000
vt 0.523810 0.000000
vt 0.639881 0.000000
vt 0.636905 0.000000
vt 0.925595 0.000000
vt 0.931548 0.000000
vt 0.928571 0.000000
vt 0.934524 0.000000
vt 0.997024 0.000000
vt 0.937500 0.000000
vt 0.994048 0.000000
vt 0.991071 0.000000
vt 0.940476 0.000000
vt 0.988095 0.000000
vt 0.943452 0.000000
vt 0.985119 0.000000
vt 0.982143 0.000000
vt 0.946429 0.000000
vt 0.979167 0.000000
vt 0.949405 0.000000
vt 0.976190 0.000000
vt 0.952381 0.000000
vt 0.973214 0.000000
vt 0.955357 0.000000
vt 0.970238 0.000000
vt 0.958333 0.000000
vt 0.967262 0.000000
vt 0.961310 0.000000
vt 0.964286 0.000000
vt 0.675595 0.000000
vt 0.678571 0.000000
vt 0.681548 0.000000
vt 0.684524 0.000000
vt 0.687500 0.000000
vt 0.690476 0.000000
vt 0.693452 0.000000
vt 0.696429 0.000000
vt 0.699405 0.000000
vt 0.702381 0.000000
vt 0.705357 0.000000
vt 0.708333 0.000000
vt 0.854167 0.000000
vt 0.711310 0.000000
vt 0.922619 0.000000
vt 0.919643 0.000000
vt 0.916667 0.000000
vt 0.857143 0.000000
vt 0.851190 0.000000
vt 0.913690 0.000000
vt 0.860119 0.000000
vt 0.863095 0.000000
vt 0.910714 0.000000
vt 0.866071 0.000000
vt 0.907738 0.000000
vt 0.869048 0.000000
vt 0.904762 0.000000
vt 0.872024 0.000000
vt 0.901786 0.000000
vt 0.875000 0.000000
vt 0.898810 0.000000
vt 0.877976 0.000000
vt 0.895833 0.000000
vt 0.880952 0.000000
vt 0.883929 0.000000
vt 0.892857 0.000000
vt 0.886905 0.000000
vt 0.889881 0.000000
vt 0.714286 0.000000
vt 0.848214 0.000000
vt 0.717262 0.000000
vt 0.845238 0.000000
vt 0.720238 0.000000
vt 0.842262 0.000000
vt 0.839286 0.000000
vt 0.723214 0.000000
vt 0.836310 0.000000
vt 0.726190 0.000000
vt 0.833333 0.000000
vt 0.297619 0.000000
vt 0.154762 0.000000
vt 0.300595 0.000000
vt 0.157738 0.000000
vt 0.294643 0.000000
vt 0.160714 0.000000
vt 0.291667 0.000000
vt 0.163690 0.000000
vt 0.288690 0.000000
vt 0.166667 0.000000
vt 0.285714 0.000000
vt 0.169643 0.000000
vt 0.282738 0.000000
vt 0.729167 0.000000
vt 0.172619 0.000000
vt 0.279762 0.000000
vt 0.175595 0.000000
vt 0.276786 0.000000
vt 0.178571 0.000000
vt 0.273810 0.000000
vt 0.181548 0.000000
vt 0.270833 0.000000
vt 0.184524 0.000000
vt 0.267857 0.000000
vt 0.830357 0.000000
vt 0.187500 0.000000
vt 0.264881 0.000000
vt 0.261905 0.000000
vt 0.258929 0.000000
vt 0.255952 0.000000
vt 0.252976 0.000000
vt 0.250000 0.000000
vt 0.247024 0.000000
vt 0.244048 0.000000
vt 0.241071 0.000000
vt 0.238095 0.000000
vt 0.235119 0.000000
vt 0.232143 0.000000
vt 0.229167 0.000000
vt 0.226190 0.000000
vt 0.223214 0.000000
vt 0.220238 0.000000
vt 0.217262 0.000000
vt 0.214286 0.000000
vt 0.211310 0.000000
vt 0.208333 0.000000
vt 0.205357 0.000000
vt 0.202381 0.000000
vt 0.199405 0.000000
vt 0.196429 0.000000
vt 0.193452 0.000000
vt 0.190476 0.000000
vt 0.732143 0.000000
vt 0.827381 0.000000
vt 0.824405 0.000000
vt 0.735119 0.000000
vt 0.821429 0.000000
vt 0.738095 0.000000
vt 0.818452 0.000000
vt 0.741071 0.000000
vt 0.815476 0.000000
vt 0.744048 0.000000
vt 0.747024 0.000000
vt 0.812500 0.000000
vt 0.750000 0.000000
vt 0.809524 0.000000
vt 0.752976 0.000000
vt 0.806548 0.000000
vt 0.755952 0.000000
vt 0.803571 0.000000
vt 0.758929 0.000000
vt 0.479167 0.000000
vt 0.485119 0.000000
vt 0.482143 0.000000
vt 0.800595 0.000000
vt 0.488095 0.000000
vt 0.476190 0.000000
vt 0.491071 0.000000
vt 0.473214 0.000000
vt 0.494048 0.000000
vt 0.761905 0.000000
vt 0.470238 0.000000
vt 0.497024 0.000000
vt 0.500000 0.000000
vt 0.467262 0.000000
vt 0.797619 0.000000
vt 0.502976 0.000000
vt 0.464286 0.000000
vt 0.505952 0.000000
vt 0.461310 0.000000
vt 0.508929 0.000000
vt 0.764881 0.000000
vt 0.511905 0.000000
vt 0.458333 0.000000
vt 0.514881 0.000000
vt 0.455357 0.000000
vt 0.794643 0.000000
vt 0.517857 0.000000
vt 0.452381 0.000000
vt 0.520833 0.000000
vt 0.303571 0.000000
vt 0.449405 0.000000
vt 0.767857 0.000000
vt 0.446429 0.000000
vt 0.306548 0.000000
vt 0.443452 0.000000
vt 0.309524 0.000000
vt 0.791667 0.000000
vt 0.312500 0.000000
vt 0.440476 0.000000
vt 0.315476 0.000000
vt 0.770833 0.000000
vt 0.318452 0.000000
vt 0.788690 0.000000
vt 0.321429 0.000000
vt 0.437500 0.000000
vt 0.324405 0.000000
vt 0.369048 0.000000
vt 0.375000 0.000000
vt 0.372024 0.000000
vt 0.366071 0.000000
vt 0.363095 0.000000
vt 0.327381 0.000000
vt 0.360119 0.000000
vt 0.357143 0.000000
vt 0.330357 0.000000
vt 0.434524 0.000000
vt 0.354167 0.000000
vt 0.773810 0.000000
vt 0.351190 0.000000
vt 0.333333 0.000000
vt 0.348214 0.000000
vt 0.345238 0.000000
vt 0.342262 0.000000
vt 0.336310 0.000000
vt 0.339286 0.000000
vt 0.785714 0.000000
vt 0.431548 0.000000
vt 0.428571 0.000000
vt 0.776786 0.000000
vt 0.782738 0.000000
vt 0.425595 0.000000
vt 0.422619 0.000000
vt 0.419643 0.000000
vt 0.377976 0.000000
vt 0.779762 0.000000
vt 0.380952 0.000000
vt 0.383929 0.000000
vt 0.386905 0.000000
vt 0.416667 0.000000
vt 0.389881 0.000000
vt 0.392857 0.000000
vt 0.395833 0.000000
vt 0.413690 0.000000
vt 0.398810 0.000000
vt 0.401786 0.000000
vt 0.404762 0.000000
vt 0.410714 0.000000
vt 0.407738 0.000000
vt 0.113095 0.000000
vt 0.119048 0.000000
vt 0.116071 0.000000
vt 0.122024 0.000000
vt 0.125000 0.000000
vt 0.110119 0.000000
vt 0.127976 0.000000
vt 0.107143 0.000000
vt 0.035714 0.000000
vt 0.041667 0.000000
vt 0.038690 0.000000
vt 0.104167 0.000000
vt 0.130952 0.000000
vt 0.044643 0.000000
vt 0.101190 0.000000
vt 0.133929 0.000000
vt 0.047619 0.000000
vt 0.032738 0.000000
vt 0.098214 0.000000
vt 0.136905 0.000000
vt 0.050595 0.000000
vt 0.029762 0.000000
vt 0.095238 0.000000
vt 0.139881 0.000000
vt 0.053571 0.000000
vt 0.026786 0.000000
vt 0.092262 0.000000
vt 0.142857 0.000000
vt 0.056548 0.000000
vt 0.023810 0.000000
vt 0.089286 0.000000
vt 0.145833 0.000000
vt 0.020833 0.000000
vt 0.059524 0.000000
vt 0.086310 0.000000
vt 0.148810 0.000000
vt 0.017857 0.000000
vt 0.062500 0.000000
vt 0.083333 0.000000
vt 0.151786 0.000000
vt 0.014881 0.000000
vt 0.065476 0.000000
vt 0.080357 0.000000
vt 0.077381 0.000000
vt 0.011905 0.000000
vt 0.068452 0.000000
vt 0.071429 0.000000
vt 0.008929 0.000000
vt 0.074405 0.000000
vt 0.005952 0.000000
vt 0.002976 0.000000
vt 0.063830 0.000000
vt 0.074468 0.000000
vt 0.069149 0.000000
vt 0.079787 0.000000
vt 0.058511 0.000000
vt 0.085106 0.000000
vt 0.053191 0.000000
vt 0.090426 0.000000
vt 0.047872 0.000000
vt 0.095745 0.000000
vt 0.042553 0.000000
vt 0.101064 0.000000
vt 0.037234 0.000000
vt 0.031915 0.000000
vt 0.106383 0.000000
vt 0.026596 0.000000
vt 0.111702 0.000000
vt 0.021277 0.000000
vt 0.117021 0.000000
vt 0.015957 0.000000
vt 0.122340 0.000000
vt 0.010638 0.000000
vt 0.127660 0.000000
vt 0.005319 0.000000
vt 0.132979 0.000000
vt 0.138298 0.000000
vt 0.143617 0.000000
vt 0.202128 0.000000
vt 0.212766 0.000000
vt 0.207447 0.000000
vt 0.196809 0.000000
vt 0.191489 0.000000
vt 0.186170 0.000000
vt 0.180851 0.000000
vt 0.175532 0.000000
vt 0.170213 0.000000
vt 0.930851 0.000000
vt 0.941489 0.000000
vt 0.936170 0.000000
vt 0.946809 0.000000
vt 0.164894 0.000000
vt 0.952128 0.000000
vt 0.159574 0.000000
vt 0.957447 0.000000
vt 0.962766 0.000000
vt 0.154255 0.000000
vt 0.968085 0.000000
vt 0.148936 0.000000
vt 0.973404 0.000000
vt 0.978723 0.000000
vt 0.984043 0.000000
vt 0.989362 0.000000
vt 0.994681 0.000000
vt 0.218085 0.000000
vt 0.223404 0.000000
vt 0.228723 0.000000
vt 0.234043 0.000000
vt 0.239362 0.000000
vt 0.244681 0.000000
vt 0.255319 0.000000
vt 0.260638 0.000000
vt 0.925532 0.000000
vt 0.920213 0.000000
vt 0.265957 0.000000
vt 0.914894 0.000000
vt 0.909574 0.000000
vt 0.271277 0.000000
vt 0.904255 0.000000
vt 0.898936 0.000000
vt 0.276596 0.000000
vt 0.893617 0.000000
vt 0.861702 0.000000
vt 0.281915 0.000000
vt 0.888298 0.000000
vt 0.882979 0.000000
vt 0.877660 0.000000
vt 0.872340 0.000000
vt 0.867021 0.000000
vt 0.856383 0.000000
vt 0.287234 0.000000
vt 0.851064 0.000000
vt 0.292553 0.000000
vt 0.845745 0.000000
vt 0.297872 0.000000
vt 0.303191 0.000000
vt 0.840426 0.000000
vt 0.308511 0.000000
vt 0.835106 0.000000
vt 0.313830 0.000000
vt 0.319149 0.000000
vt 0.398936 0.000000
vt 0.409574 0.000000
vt 0.404255 0.000000
vt 0.393617 0.000000
vt 0.414894 0.000000
vt 0.388298 0.000000
vt 0.829787 0.000000
vt 0.382979 0.000000
vt 0.420213 0.000000
vt 0.377660 0.000000
vt 0.372340 0.000000
vt 0.425532 0.000000
vt 0.324468 0.000000
vt 0.367021 0.000000
vt 0.430851 0.000000
vt 0.361702 0.000000
vt 0.824468 0.000000
vt 0.356383 0.000000
vt 0.329787 0.000000
vt 0.436170 0.000000
vt 0.351064 0.000000
vt 0.335106 0.000000
vt 0.441489 0.000000
vt 0.345745 0.000000
vt 0.664894 0.000000
vt 0.819149 0.000000
vt 0.670213 0.000000
vt 0.659574 0.000000
vt 0.675532 0.000000
vt 0.654255 0.000000
vt 0.340426 0.000000
vt 0.680851 0.000000
vt 0.648936 0.000000
vt 0.446809 0.000000
vt 0.686170 0.000000
vt 0.643617 0.000000
vt 0.691489 0.000000
vt 0.638298 0.000000
vt 0.696809 0.000000
vt 0.632979 0.000000
vt 0.452128 0.000000
vt 0.813830 0.000000
vt 0.702128 0.000000
vt 0.627660 0.000000
vt 0.707447 0.000000
vt 0.457447 0.000000
vt 0.622340 0.000000
vt 0.712766 0.000000
vt 0.808511 0.000000
vt 0.617021 0.000000
vt 0.718085 0.000000
vt 0.462766 0.000000
vt 0.611702 0.000000
vt 0.723404 0.000000
vt 0.803191 0.000000
vt 0.606383 0.000000
vt 0.728723 0.000000
vt 0.468085 0.000000
vt 0.797872 0.000000
vt 0.601064 0.000000
vt 0.734043 0.000000
vt 0.739362 0.000000
vt 0.744681 0.000000
vt 0.473404 0.000000
vt 0.595745 0.000000
vt 0.755319 0.000000
vt 0.760638 0.000000
vt 0.792553 0.000000
vt 0.787234 0.000000
vt 0.781915 0.000000
vt 0.776596 0.000000
vt 0.771277 0.000000
vt 0.765957 0.000000
vt 0.590426 0.000000
vt 0.478723 0.000000
vt 0.585106 0.000000
vt 0.484043 0.000000
vt 0.579787 0.000000
vt 0.574468 0.000000
vt 0.489362 0.000000
vt 0.569149 0.000000
vt 0.563830 0.000000
vt 0.494681 0.000000
vt 0.558511 0.000000
vt 0.531915 0.000000
vt 0.542553 0.000000
vt 0.537234 0.000000
vt 0.553191 0.000000
vt 0.547872 0.000000
vt 0.505319 0.000000
vt 0.510638 0.000000
vt 0.515957 0.000000
vt 0.526596 0.000000
vt 0.521277 0.000000
vt 0.705394 0.000000
vt 0.709544 0.000000
vt 0.707469 0.000000
vt 0.711618 0.000000
vt 0.703319 0.000000
vt 0.713693 0.000000
vt 0.784232 0.000000
vt 0.788382 0.000000
vt 0.786307 0.000000
vt 0.049793 0.000000
vt 0.051867 0.000000
vt 0.002075 0.000000
vt 0.701245 0.000000
vt 0.782158 0.000000
vt 0.715768 0.000000
vt 0.790456 0.000000
vt 0.004149 0.000000
vt 0.780083 0.000000
vt 0.614108 0.000000
vt 0.987552 0.000000
vt 0.616183 0.000000
vt 0.618257 0.000000
vt 0.985477 0.000000
vt 0.620332 0.000000
vt 0.699170 0.000000
vt 0.006224 0.000000
vt 0.717842 0.000000
vt 0.792531 0.000000
vt 0.047718 0.000000
vt 0.778008 0.000000
vt 0.008299 0.000000
vt 0.045643 0.000000
vt 0.697095 0.000000
vt 0.794606 0.000000
vt 0.775934 0.000000
vt 0.719917 0.000000
vt 0.010373 0.000000
vt 0.043568 0.000000
vt 0.773859 0.000000
vt 0.796681 0.000000
vt 0.695021 0.000000
vt 0.012448 0.000000
vt 0.041494 0.000000
vt 0.721992 0.000000
vt 0.771784 0.000000
vt 0.014523 0.000000
vt 0.798755 0.000000
vt 0.039419 0.000000
vt 0.692946 0.000000
vt 0.724066 0.000000
vt 0.016598 0.000000
vt 0.769710 0.000000
vt 0.037344 0.000000
vt 0.800830 0.000000
vt 0.018672 0.000000
vt 0.690871 0.000000
vt 0.726141 0.000000
vt 0.767635 0.000000
vt 0.989627 0.000000
vt 0.983402 0.000000
vt 0.035270 0.000000
vt 0.802905 0.000000
vt 0.020747 0.000000
vt 0.765560 0.000000
vt 0.033195 0.000000
vt 0.688797 0.000000
vt 0.728216 0.000000
vt 0.804979 0.000000
vt 0.022822 0.000000
vt 0.763485 0.000000
vt 0.031120 0.000000
vt 0.029046 0.000000
vt 0.026971 0.000000
vt 0.024896 0.000000
vt 0.686722 0.000000
vt 0.807054 0.000000
vt 0.730290 0.000000
vt 0.761411 0.000000
vt 0.809129 0.000000
vt 0.759336 0.000000
vt 0.684647 0.000000
vt 0.757261 0.000000
vt 0.732365 0.000000
vt 0.755187 0.000000
vt 0.753112 0.000000
vt 0.751037 0.000000
vt 0.811203 0.000000
vt 0.748963 0.000000
vt 0.746888 0.000000
vt 0.682573 0.000000
vt 0.734440 0.000000
vt 0.744813 0.000000
vt 0.742739 0.000000
vt 0.813278 0.000000
vt 0.740664 0.000000
vt 0.738589 0.000000
vt 0.736515 0.000000
vt 0.678423 0.000000
vt 0.680498 0.000000
vt 0.815353 0.000000
vt 0.817427 0.000000
vt 0.676349 0.000000
vt 0.674274 0.000000
vt 0.819502 0.000000
vt 0.821577 0.000000
vt 0.823651 0.000000
vt 0.672199 0.000000
vt 0.997925 0.000000
vt 0.995851 0.000000
vt 0.825726 0.000000
vt 0.670124 0.000000
vt 0.827801 0.000000
vt 0.668050 0.000000
vt 0.829876 0.000000
vt 0.665975 0.000000
vt 0.831950 0.000000
vt 0.663900 0.000000
vt 0.834025 0.000000
vt 0.661826 0.000000
vt 0.836100 0.000000
vt 0.659751 0.000000
vt 0.838174 0.000000
vt 0.657676 0.000000
vt 0.840249 0.000000
vt 0.655602 0.000000
vt 0.993776 0.000000
vt 0.842324 0.000000
vt 0.653527 0.000000
vt 0.844398 0.000000
vt 0.651452 0.000000
vt 0.647303 0.000000
vt 0.649378 0.000000
vt 0.846473 0.000000
vt 0.848548 0.000000
vt 0.991701 0.000000
vt 0.612033 0.000000
vt 0.645228 0.000000
vt 0.643154 0.000000
vt 0.927386 0.000000
vt 0.929461 0.000000
vt 0.925311 0.000000
vt 0.923236 0.000000
vt 0.850622 0.000000
vt 0.852697 0.000000
vt 0.854772 0.000000
vt 0.641079 0.000000
vt 0.931535 0.000000
vt 0.921162 0.000000
vt 0.856846 0.000000
vt 0.639004 0.000000
vt 0.933610 0.000000
vt 0.609959 0.000000
vt 0.919087 0.000000
vt 0.636929 0.000000
vt 0.858921 0.000000
vt 0.935685 0.000000
vt 0.977178 0.000000
vt 0.981328 0.000000
vt 0.979253 0.000000
vt 0.053942 0.000000
vt 0.634855 0.000000
vt 0.860996 0.000000
vt 0.917012 0.000000
vt 0.937759 0.000000
vt 0.975104 0.000000
vt 0.056017 0.000000
vt 0.632780 0.000000
vt 0.863071 0.000000
vt 0.973029 0.000000
vt 0.058091 0.000000
vt 0.607884 0.000000
vt 0.537344 0.000000
vt 0.914938 0.000000
vt 0.939834 0.000000
vt 0.630705 0.000000
vt 0.865145 0.000000
vt 0.970954 0.000000
vt 0.060166 0.000000
vt 0.941909 0.000000
vt 0.628631 0.000000
vt 0.867220 0.000000
vt 0.968880 0.000000
vt 0.062241 0.000000
vt 0.912863 0.000000
vt 0.966805 0.000000
vt 0.064315 0.000000
vt 0.626556 0.000000
vt 0.869295 0.000000
vt 0.943983 0.000000
vt 0.910788 0.000000
vt 0.964730 0.000000
vt 0.066390 0.000000
vt 0.871369 0.000000
vt 0.624481 0.000000
vt 0.605809 0.000000
vt 0.539419 0.000000
vt 0.946058 0.000000
vt 0.962656 0.000000
vt 0.068465 0.000000
vt 0.873444 0.000000
vt 0.622407 0.000000
vt 0.908714 0.000000
vt 0.948133 0.000000
vt 0.960581 0.000000
vt 0.070539 0.000000
vt 0.875519 0.000000
vt 0.541494 0.000000
vt 0.535270 0.000000
vt 0.877593 0.000000
vt 0.958506 0.000000
vt 0.072614 0.000000
vt 0.879668 0.000000
vt 0.950207 0.000000
vt 0.906639 0.000000
vt 0.408714 0.000000
vt 0.881743 0.000000
vt 0.956432 0.000000
vt 0.074689 0.000000
vt 0.883817 0.000000
vt 0.885892 0.000000
vt 0.952282 0.000000
vt 0.904564 0.000000
vt 0.954357 0.000000
vt 0.076763 0.000000
vt 0.887967 0.000000
vt 0.603734 0.000000
vt 0.410788 0.000000
vt 0.406639 0.000000
vt 0.890041 0.000000
vt 0.404564 0.000000
vt 0.078838 0.000000
vt 0.080913 0.000000
vt 0.082988 0.000000
vt 0.085062 0.000000
vt 0.892116 0.000000
vt 0.402490 0.000000
vt 0.358921 0.000000
vt 0.087137 0.000000
vt 0.543568 0.000000
vt 0.902490 0.000000
vt 0.360996 0.000000
vt 0.356846 0.000000
vt 0.089212 0.000000
vt 0.400415 0.000000
vt 0.894191 0.000000
vt 0.363071 0.000000
vt 0.091286 0.000000
vt 0.398340 0.000000
vt 0.365145 0.000000
vt 0.093361 0.000000
vt 0.896266 0.000000
vt 0.367220 0.000000
vt 0.396266 0.000000
vt 0.095436 0.000000
vt 0.900415 0.000000
vt 0.898340 0.000000
vt 0.369295 0.000000
vt 0.097510 0.000000
vt 0.394191 0.000000
vt 0.371369 0.000000
vt 0.099585 0.000000
vt 0.392116 0.000000
vt 0.373444 0.000000
vt 0.101660 0.000000
vt 0.375519 0.000000
vt 0.390042 0.000000
vt 0.377593 0.000000
vt 0.103734 0.000000
vt 0.387967 0.000000
vt 0.379668 0.000000
vt 0.354772 0.000000
vt 0.280083 0.000000
vt 0.278008 0.000000
vt 0.105809 0.000000
vt 0.385892 0.000000
vt 0.381743 0.000000
vt 0.383817 0.000000
vt 0.601660 0.000000
vt 0.545643 0.000000
vt 0.352697 0.000000
vt 0.282158 0.000000
vt 0.275934 0.000000
vt 0.547718 0.000000
vt 0.107884 0.000000
vt 0.599585 0.000000
vt 0.350622 0.000000
vt 0.284232 0.000000
vt 0.273859 0.000000
vt 0.549793 0.000000
vt 0.348548 0.000000
vt 0.109959 0.000000
vt 0.597510 0.000000
vt 0.271784 0.000000
vt 0.286307 0.000000
vt 0.346473 0.000000
vt 0.551867 0.000000
vt 0.112033 0.000000
vt 0.269710 0.000000
vt 0.288382 0.000000
vt 0.344398 0.000000
vt 0.595436 0.000000
vt 0.553942 0.000000
vt 0.267635 0.000000
vt 0.342324 0.000000
vt 0.114108 0.000000
vt 0.290456 0.000000
vt 0.265560 0.000000
vt 0.340249 0.000000
vt 0.556017 0.000000
vt 0.593361 0.000000
vt 0.116183 0.000000
vt 0.292531 0.000000
vt 0.263485 0.000000
vt 0.338174 0.000000
vt 0.261411 0.000000
vt 0.118257 0.000000
vt 0.294606 0.000000
vt 0.336100 0.000000
vt 0.558091 0.000000
vt 0.259336 0.000000
vt 0.591286 0.000000
vt 0.257261 0.000000
vt 0.334025 0.000000
vt 0.120332 0.000000
vt 0.296681 0.000000
vt 0.255187 0.000000
vt 0.533195 0.000000
vt 0.412863 0.000000
vt 0.531120 0.000000
vt 0.529046 0.000000
vt 0.253112 0.000000
vt 0.526971 0.000000
vt 0.331950 0.000000
vt 0.560166 0.000000
vt 0.524896 0.000000
vt 0.414938 0.000000
vt 0.122407 0.000000
vt 0.522822 0.000000
vt 0.251037 0.000000
vt 0.520747 0.000000
vt 0.248963 0.000000
vt 0.518672 0.000000
vt 0.516598 0.000000
vt 0.246888 0.000000
vt 0.514523 0.000000
vt 0.483402 0.000000
vt 0.487552 0.000000
vt 0.485477 0.000000
vt 0.201245 0.000000
vt 0.205394 0.000000
vt 0.203320 0.000000
vt 0.489627 0.000000
vt 0.512448 0.000000
vt 0.491701 0.000000
vt 0.493776 0.000000
vt 0.510373 0.000000
vt 0.495851 0.000000
vt 0.497925 0.000000
vt 0.244813 0.000000
vt 0.502075 0.000000
vt 0.504149 0.000000
vt 0.506224 0.000000
vt 0.508299 0.000000
vt 0.207469 0.000000
vt 0.209544 0.000000
vt 0.242739 0.000000
vt 0.417012 0.000000
vt 0.211618 0.000000
vt 0.240664 0.000000
vt 0.213693 0.000000
vt 0.298755 0.000000
vt 0.238589 0.000000
vt 0.215768 0.000000
vt 0.217842 0.000000
vt 0.236515 0.000000
vt 0.219917 0.000000
vt 0.199170 0.000000
vt 0.221992 0.000000
vt 0.234440 0.000000
vt 0.224066 0.000000
vt 0.226141 0.000000
vt 0.228216 0.000000
vt 0.230290 0.000000
vt 0.481328 0.000000
vt 0.232365 0.000000
vt 0.329876 0.000000
vt 0.589212 0.000000
vt 0.197095 0.000000
vt 0.124481 0.000000
vt 0.419087 0.000000
vt 0.479253 0.000000
vt 0.195021 0.000000
vt 0.477178 0.000000
vt 0.421162 0.000000
vt 0.327801 0.000000
vt 0.192946 0.000000
vt 0.325726 0.000000
vt 0.126556 0.000000
vt 0.475104 0.000000
vt 0.562241 0.000000
vt 0.423237 0.000000
vt 0.300830 0.000000
vt 0.323651 0.000000
vt 0.190871 0.000000
vt 0.473029 0.000000
vt 0.425311 0.000000
vt 0.321577 0.000000
vt 0.188797 0.000000
vt 0.128631 0.000000
vt 0.470954 0.000000
vt 0.427386 0.000000
vt 0.319502 0.000000
vt 0.186722 0.000000
vt 0.130705 0.000000
vt 0.429461 0.000000
vt 0.317427 0.000000
vt 0.468880 0.000000
vt 0.302905 0.000000
vt 0.184647 0.000000
vt 0.132780 0.000000
vt 0.431535 0.000000
vt 0.315353 0.000000
vt 0.587137 0.000000
vt 0.134855 0.000000
vt 0.466805 0.000000
vt 0.585062 0.000000
vt 0.182573 0.000000
vt 0.433610 0.000000
vt 0.582988 0.000000
vt 0.136929 0.000000
vt 0.313278 0.000000
vt 0.580913 0.000000
vt 0.578838 0.000000
vt 0.576764 0.000000
vt 0.574689 0.000000
vt 0.572614 0.000000
vt 0.570539 0.000000
vt 0.568465 0.000000
vt 0.566390 0.000000
vt 0.564315 0.000000
vt 0.435685 0.000000
vt 0.139004 0.000000
vt 0.464730 0.000000
vt 0.180498 0.000000
vt 0.437759 0.000000
vt 0.141079 0.000000
vt 0.311203 0.000000
vt 0.143154 0.000000
vt 0.439834 0.000000
vt 0.309129 0.000000
vt 0.307054 0.000000
vt 0.304979 0.000000
vt 0.462656 0.000000
vt 0.178423 0.000000
vt 0.145228 0.000000
vt 0.441909 0.000000
vt 0.147303 0.000000
vt 0.149378 0.000000
vt 0.443983 0.000000
vt 0.151452 0.000000
vt 0.153527 0.000000
vt 0.446058 0.000000
vt 0.460581 0.000000
vt 0.176349 0.000000
vt 0.155602 0.000000
vt 0.174274 0.000000
vt 0.157676 0.000000
vt 0.172199 0.000000
vt 0.159751 0.000000
vt 0.170124 0.000000
vt 0.161826 0.000000
vt 0.168050 0.000000
vt 0.163900 0.000000
vt 0.448133 0.000000
vt 0.165975 0.000000
vt 0.450207 0.000000
vt 0.452282 0.000000
vt 0.454357 0.000000
vt 0.456432 0.000000
vt 0.458506 0.000000
vt 0.525641 0.000000
vt 0.538462 0.000000
vt 0.532051 0.000000
vt 0.544872 0.000000
vt 0.519231 0.000000
vt 0.551282 0.000000
vt 0.512821 0.000000
vt 0.557692 0.000000
vt 0.506410 0.000000
vt 0.564103 0.000000
vt 0.224359 0.000000
vt 0.923077 0.000000
vt 0.929487 0.000000
vt 0.230769 0.000000
vt 0.217949 0.000000
vt 0.570513 0.000000
vt 0.910256 0.000000
vt 0.237179 0.000000
vt 0.493590 0.000000
vt 0.903846 0.000000
vt 0.935897 0.000000
vt 0.243590 0.000000
vt 0.211538 0.000000
vt 0.897436 0.000000
vt 0.576923 0.000000
vt 0.942308 0.000000
vt 0.487179 0.000000
vt 0.205128 0.000000
vt 0.891026 0.000000
vt 0.256410 0.000000
vt 0.884615 0.000000
vt 0.198718 0.000000
vt 0.948718 0.000000
vt 0.480769 0.000000
vt 0.262821 0.000000
vt 0.192308 0.000000
vt 0.878205 0.000000
vt 0.955128 0.000000
vt 0.589744 0.000000
vt 0.185897 0.000000
vt 0.961538 0.000000
vt 0.871795 0.000000
vt 0.269231 0.000000
vt 0.474359 0.000000
vt 0.179487 0.000000
vt 0.967949 0.000000
vt 0.596154 0.000000
vt 0.865385 0.000000
vt 0.275641 0.000000
vt 0.173077 0.000000
vt 0.974359 0.000000
vt 0.467949 0.000000
vt 0.858974 0.000000
vt 0.282051 0.000000
vt 0.980769 0.000000
vt 0.602564 0.000000
vt 0.160256 0.000000
vt 0.987179 0.000000
vt 0.852564 0.000000
vt 0.288462 0.000000
vt 0.461538 0.000000
vt 0.153846 0.000000
vt 0.993590 0.000000
vt 0.608974 0.000000
vt 0.147436 0.000000
vt 0.846154 0.000000
vt 0.294872 0.000000
vt 0.141026 0.000000
vt 0.455128 0.000000
vt 0.307692 0.000000
vt 0.839744 0.000000
vt 0.301282 0.000000
vt 0.615385 0.000000
vt 0.134615 0.000000
vt 0.448718 0.000000
vt 0.314103 0.000000
vt 0.621795 0.000000
vt 0.128205 0.000000
vt 0.006410 0.000000
vt 0.826923 0.000000
vt 0.442308 0.000000
vt 0.121795 0.000000
vt 0.012821 0.000000
vt 0.320513 0.000000
vt 0.628205 0.000000
vt 0.820513 0.000000
vt 0.019231 0.000000
vt 0.115385 0.000000
vt 0.435897 0.000000
vt 0.326923 0.000000
vt 0.025641 0.000000
vt 0.108974 0.000000
vt 0.634615 0.000000
vt 0.814103 0.000000
vt 0.429487 0.000000
vt 0.032051 0.000000
vt 0.102564 0.000000
vt 0.038462 0.000000
vt 0.807692 0.000000
vt 0.096154 0.000000
vt 0.423077 0.000000
vt 0.044872 0.000000
vt 0.641026 0.000000
vt 0.089744 0.000000
vt 0.051282 0.000000
vt 0.801282 0.000000
vt 0.339744 0.000000
vt 0.057692 0.000000
vt 0.076923 0.000000
vt 0.064103 0.000000
vt 0.070513 0.000000
vt 0.794872 0.000000
vt 0.647436 0.000000
vt 0.346154 0.000000
vt 0.410256 0.000000
vt 0.788462 0.000000
vt 0.352564 0.000000
vt 0.403846 0.000000
vt 0.653846 0.000000
vt 0.782051 0.000000
vt 0.358974 0.000000
vt 0.397436 0.000000
vt 0.775641 0.000000
vt 0.769231 0.000000
vt 0.365385 0.000000
vt 0.391026 0.000000
vt 0.660256 0.000000
vt 0.762821 0.000000
vt 0.756410 0.000000
vt 0.371795 0.000000
vt 0.384615 0.000000
vt 0.743590 0.000000
vt 0.737179 0.000000
vt 0.730769 0.000000
vt 0.724359 0.000000
vt 0.717949 0.000000
vt 0.711538 0.000000
vt 0.378205 0.000000
vt 0.705128 0.000000
vt 0.698718 0.000000
vt 0.692308 0.000000
vt 0.685897 0.000000
vt 0.673077 0.000000
vt 0.679487 0.000000
vt 0.093750 0.000000
vt 0.109375 0.000000
vt 0.101562 0.000000
vt 0.085938 0.000000
vt 0.890625 0.000000
vt 0.117188 0.000000
vt 0.078125 0.000000
vt 0.898438 0.000000
vt 0.992188 0.000000
vt 0.906250 0.000000
vt 0.070312 0.000000
vt 0.914062 0.000000
vt 0.921875 0.000000
vt 0.054688 0.000000
vt 0.929688 0.000000
vt 0.046875 0.000000
vt 0.039062 0.000000
vt 0.031250 0.000000
vt 0.945312 0.000000
vt 0.023438 0.000000
vt 0.953125 0.000000
vt 0.015625 0.000000
vt 0.960938 0.000000
vt 0.007812 0.000000
vt 0.968750 0.000000
vt 0.976562 0.000000
vt 0.734375 0.000000
vt 0.984375 0.000000
vt 0.718750 0.000000
vt 0.726562 0.000000
vt 0.132812 0.000000
vt 0.710938 0.000000
vt 0.703125 0.000000
vt 0.882812 0.000000
vt 0.773438 0.000000
vt 0.867188 0.000000
vt 0.140625 0.000000
vt 0.148438 0.000000
vt 0.781250 0.000000
vt 0.695312 0.000000
vt 0.789062 0.000000
vt 0.796875 0.000000
vt 0.679688 0.000000
vt 0.804688 0.000000
vt 0.671875 0.000000
vt 0.664062 0.000000
vt 0.820312 0.000000
vt 0.656250 0.000000
vt 0.828125 0.000000
vt 0.648438 0.000000
vt 0.835938 0.000000
vt 0.640625 0.000000
vt 0.843750 0.000000
vt 0.632812 0.000000
vt 0.851562 0.000000
vt 0.859375 0.000000
vt 0.617188 0.000000
vt 0.601562 0.000000
vt 0.609375 0.000000
vt 0.593750 0.000000
vt 0.585938 0.000000
vt 0.156250 0.000000
vt 0.164062 0.000000
vt 0.171875 0.000000
vt 0.179688 0.000000
vt 0.578125 0.000000
vt 0.195312 0.000000
vt 0.203125 0.000000
vt 0.570312 0.000000
vt 0.210938 0.000000
vt 0.218750 0.000000
vt 0.226562 0.000000
vt 0.234375 0.000000
vt 0.242188 0.000000
vt 0.554688 0.000000
vt 0.257812 0.000000
vt 0.742188 0.000000
vt 0.265625 0.000000
vt 0.546875 0.000000
vt 0.539062 0.000000
vt 0.531250 0.000000
vt 0.320312 0.000000
vt 0.304688 0.000000
vt 0.757812 0.000000
vt 0.765625 0.000000
vt 0.523438 0.000000
vt 0.328125 0.000000
vt 0.335938 0.000000
vt 0.515625 0.000000
vt 0.343750 0.000000
vt 0.507812 0.000000
vt 0.351562 0.000000
vt 0.359375 0.000000
vt 0.367188 0.000000
vt 0.492188 0.000000
vt 0.484375 0.000000
vt 0.476562 0.000000
vt 0.468750 0.000000
vt 0.460938 0.000000
vt 0.382812 0.000000
vt 0.453125 0.000000
vt 0.445312 0.000000
vt 0.390625 0.000000
vt 0.429688 0.000000
vt 0.398438 0.000000
vt 0.421875 0.000000
vt 0.414062 0.000000
vt 0.406250 0.000000
vt 0.289062 0.000000
vt 0.281250 0.000000
vt 0.296875 0.000000
vt 0.273438 0.000000
vt 0.000000 1.000000
vt 0.010526 1.000000
vt 0.010526 0.000000
vt 0.021053 1.000000
vt 0.021053 0.000000
vt 0.031579 1.000000
vt 0.031579 0.000000
vt 0.042105 1.000000
vt 0.042105 0.000000
vt 0.052632 1.000000
vt 0.052632 0.000000
vt 0.063158 1.000000
vt 0.063158 0.000000
vt 0.073684 1.000000
vt 0.073684 0.000000
vt 0.084211 1.000000
vt 0.084211 0.000000
vt 0.094737 1.000000
vt 0.094737 0.000000
vt 0.105263 1.000000
vt 0.105263 0.000000
vt 0.115789 1.000000
vt 0.115789 0.000000
vt 0.126316 1.000000
vt 0.126316 0.000000
vt 0.136842 1.000000
vt 0.136842 0.000000
vt 0.147368 1.000000
vt 0.147368 0.000000
vt 0.157895 1.000000
vt 0.157895 0.000000
vt 0.168421 1.000000
vt 0.168421 0.000000
vt 0.178947 1.000000
vt 0.178947 0.000000
vt 0.189474 1.000000
vt 0.189474 0.000000
vt 0.200000 1.000000
vt 0.200000 0.000000
vt 0.210526 1.000000
vt 0.210526 0.000000
vt 0.221053 1.000000
vt 0.221053 0.000000
vt 0.231579 1.000000
vt 0.231579 0.000000
vt 0.242105 1.000000
vt 0.242105 0.000000
vt 0.252632 1.000000
vt 0.252632 0.000000
vt 0.263158 1.000000
vt 0.263158 0.000000
vt 0.273684 1.000000
vt 0.273684 0.000000
vt 0.284211 1.000000
vt 0.284211 0.000000
vt 0.294737 1.000000
vt 0.294737 0.000000
vt 0.305263 1.000000
vt 0.305263 0.000000
vt 0.315789 1.000000
vt 0.315789 0.000000
vt 0.326316 1.000000
vt 0.326316 0.000000
vt 0.336842 1.000000
vt 0.336842 0.000000
vt 0.347368 1.000000
vt 0.347368 0.000000
vt 0.357895 1.000000
vt 0.357895 0.000000
vt 0.368421 1.000000
vt 0.368421 0.000000
vt 0.378947 1.000000
vt 0.378947 0.000000
vt 0.389474 1.000000
vt 0.389474 0.000000
vt 0.400000 1.000000
vt 0.400000 0.000000
vt 0.410526 1.000000
vt 0.410526 0.000000
vt 0.421053 1.000000
vt 0.421053 0.000000
vt 0.431579 1.000000
vt 0.431579 0.000000
vt 0.442105 1.000000
vt 0.442105 0.000000
vt 0.452632 1.000000
vt 0.452632 0.000000
vt 0.463158 1.000000
vt 0.463158 0.000000
vt 0.473684 1.000000
vt 0.473684 0.000000
vt 0.484211 1.000000
vt 0.484211 0.000000
vt 0.494737 1.000000
vt 0.494737 0.000000
vt 0.505263 1.000000
vt 0.505263 0.000000
vt 0.515789 1.000000
vt 0.515789 0.000000
vt 0.526316 1.000000
vt 0.526316 0.000000
vt 0.536842 1.000000
vt 0.536842 0.000000
vt 0.547368 1.000000
vt 0.547368 0.000000
vt 0.557895 1.000000
vt 0.557895 0.000000
vt 0.568421 1.000000
vt 0.568421 0.000000
vt 0.578947 1.000000
vt 0.578947 0.000000
vt 0.589474 1.000000
vt 0.589474 0.000000
vt 0.600000 1.000000
vt 0.600000 0.000000
vt 0.610526 1.000000
vt 0.610526 0.000000
vt 0.621053 1.000000
vt 0.621053 0.000000
vt 0.631579 1.000000
vt 0.631579 0.000000
vt 0.642105 1.000000
vt 0.642105 0.000000
vt 0.652632 1.000000
vt 0.652632 0.000000
vt 0.663158 1.000000
vt 0.663158 0.000000
vt 0.673684 1.000000
vt 0.673684 0.000000
vt 0.684211 1.000000
vt 0.684211 0.000000
vt 0.694737 1.000000
vt 0.694737 0.000000
vt 0.705263 1.000000
vt 0.705263 0.000000
vt 0.715789 1.000000
vt 0.715789 0.000000
vt 0.726316 1.000000
vt 0.726316 0.000000
vt 0.736842 1.000000
vt 0.736842 0.000000
vt 0.747368 1.000000
vt 0.747368 0.000000
vt 0.757895 1.000000
vt 0.757895 0.000000
vt 0.768421 1.000000
vt 0.768421 0.000000
vt 0.778947 1.000000
vt 0.778947 0.000000
vt 0.789474 1.000000
vt 0.789474 0.000000
vt 0.800000 1.000000
vt 0.800000 0.000000
vt 0.810526 1.000000
vt 0.810526 0.000000
vt 0.821053 1.000000
vt 0.821053 0.000000
vt 0.831579 1.000000
vt 0.831579 0.000000
vt 0.842105 1.000000
vt 0.842105 0.000000
vt 0.852632 1.000000
vt 0.852632 0.000000
vt 0.863158 1.000000
vt 0.863158 0.000000
vt 0.873684 1.000000
vt 0.873684 0.000000
vt 0.884211 1.000000
vt 0.884211 0.000000
vt 0.894737 1.000000
vt 0.894737 0.000000
vt 0.905263 1.000000
vt 0.905263 0.000000
vt 0.915789 1.000000
vt 0.915789 0.000000
vt 0.926316 1.000000
vt 0.926316 0.000000
vt 0.936842 1.000000
vt 0.936842 0.000000
vt 0.947368 1.000000
vt 0.947368 0.000000
vt 0.957895 1.000000
vt 0.957895 0.000000
vt 0.968421 1.000000
vt 0.968421 0.000000
vt 0.978947 1.000000
vt 0.978947 0.000000
vt 0.989474 1.000000
vt 0.989474 0.000000
vt 1.000000 1.000000
vt 0.250000 1.000000
vt 0.500000 1.000000
vt 0.750000 1.000000
vt 0.066667 1.000000
vt 0.066667 0.000000
vt 0.133333 1.000000
vt 0.133333 0.000000
vt 0.266667 1.000000
vt 0.266667 0.000000
vt 0.333333 1.000000
vt 0.466667 1.000000
vt 0.466667 0.000000
vt 0.533333 1.000000
vt 0.533333 0.000000
vt 0.666667 1.000000
vt 0.733333 1.000000
vt 0.733333 0.000000
vt 0.866667 1.000000
vt 0.866667 0.000000
vt 0.933333 1.000000
vt 0.933333 0.000000
vt 0.020833 1.000000
vt 0.041667 1.000000
vt 0.062500 1.000000
vt 0.083333 1.000000
vt 0.104167 1.000000
vt 0.125000 1.000000
vt 0.145833 1.000000
vt 0.166667 1.000000
vt 0.187500 1.000000
vt 0.208333 1.000000
vt 0.229167 1.000000
vt 0.270833 1.000000
vt 0.291667 1.000000
vt 0.312500 1.000000
vt 0.354167 1.000000
vt 0.375000 1.000000
vt 0.395833 1.000000
vt 0.416667 1.000000
vt 0.437500 1.000000
vt 0.458333 1.000000
vt 0.479167 1.000000
vt 0.520833 1.000000
vt 0.541667 1.000000
vt 0.562500 1.000000
vt 0.583333 1.000000
vt 0.604167 1.000000
vt 0.625000 1.000000
vt 0.645833 1.000000
vt 0.687500 1.000000
vt 0.708333 1.000000
vt 0.729167 1.000000
vt 0.770833 1.000000
vt 0.791667 1.000000
vt 0.812500 1.000000
vt 0.833333 1.000000
vt 0.854167 1.000000
vt 0.875000 1.000000
vt 0.895833 1.000000
vt 0.916667 1.000000
vt 0.937500 1.000000
vt 0.958333 1.000000
vt 0.979167 1.000000
vt 0.009174 1.000000
vt 0.009174 0.000000
vt 0.018349 1.000000
vt 0.018349 0.000000
vt 0.027523 1.000000
vt 0.027523 0.000000
vt 0.036697 1.000000
vt 0.036697 0.000000
vt 0.045872 1.000000
vt 0.045872 0.000000
vt 0.055046 1.000000
vt 0.055046 0.000000
vt 0.064220 1.000000
vt 0.064220 0.000000
vt 0.073394 1.000000
vt 0.073394 0.000000
vt 0.082569 1.000000
vt 0.082569 0.000000
vt 0.091743 1.000000
vt 0.091743 0.000000
vt 0.100917 1.000000
vt 0.100917 0.000000
vt 0.110092 1.000000
vt 0.110092 0.000000
vt 0.119266 1.000000
vt 0.119266 0.000000
vt 0.128440 1.000000
vt 0.128440 0.000000
vt 0.137615 1.000000
vt 0.137615 0.000000
vt 0.146789 1.000000
vt 0.146789 0.000000
vt 0.155963 1.000000
vt 0.155963 0.000000
vt 0.165138 1.000000
vt 0.165138 0.000000
vt 0.174312 1.000000
vt 0.174312 0.000000
vt 0.183486 1.000000
vt 0.183486 0.000000
vt 0.192661 1.000000
vt 0.192661 0.000000
vt 0.201835 1.000000
vt 0.201835 0.000000
vt 0.211009 1.000000
vt 0.211009 0.000000
vt 0.220183 1.000000
vt 0.220183 0.000000
vt 0.229358 1.000000
vt 0.229358 0.000000
vt 0.238532 1.000000
vt 0.238532 0.000000
vt 0.247706 1.000000
vt 0.247706 0.000000
vt 0.256881 1.000000
vt 0.256881 0.000000
vt 0.266055 1.000000
vt 0.266055 0.000000
vt 0.275229 1.000000
vt 0.275229 0.000000
vt 0.284404 1.000000
vt 0.284404 0.000000
vt 0.293578 1.000000
vt 0.293578 0.000000
vt 0.302752 1.000000
vt 0.302752 0.000000
vt 0.311927 1.000000
vt 0.311927 0.000000
vt 0.321101 1.000000
vt 0.321101 0.000000
vt 0.330275 1.000000
vt 0.330275 0.000000
vt 0.339450 1.000000
vt 0.339450 0.000000
vt 0.348624 1.000000
vt 0.348624 0.000000
vt 0.357798 1.000000
vt 0.357798 0.000000
vt 0.366972 1.000000
vt 0.366972 0.000000
vt 0.376147 1.000000
vt 0.376147 0.000000
vt 0.385321 1.000000
vt 0.385321 0.000000
vt 0.394495 1.000000
vt 0.394495 0.000000
vt 0.403670 1.000000
vt 0.403670 0.000000
vt 0.412844 1.000000
vt 0.412844 0.000000
vt 0.422018 1.000000
vt 0.422018 0.000000
vt 0.431193 1.000000
vt 0.431193 0.000000
vt 0.440367 1.000000
vt 0.440367 0.000000
vt 0.449541 1.000000
vt 0.449541 0.000000
vt 0.458716 1.000000
vt 0.458716 0.000000
vt 0.467890 1.000000
vt 0.467890 0.000000
vt 0.477064 1.000000
vt 0.477064 0.000000
vt 0.486239 1.000000
vt 0.486239 0.000000
vt 0.495413 1.000000
vt 0.495413 0.000000
vt 0.504587 1.000000
vt 0.504587 0.000000
vt 0.513761 1.000000
vt 0.513761 0.000000
vt 0.522936 1.000000
vt 0.522936 0.000000
vt 0.532110 1.000000
vt 0.532110 0.000000
vt 0.541284 1.000000
vt 0.541284 0.000000
vt 0.550459 1.000000
vt 0.550459 0.000000
vt 0.559633 1.000000
vt 0.559633 0.000000
vt 0.568807 1.000000
vt 0.568807 0.000000
vt 0.577982 1.000000
vt 0.577982 0.000000
vt 0.587156 1.000000
vt 0.587156 0.000000
vt 0.596330 1.000000
vt 0.596330 0.000000
vt 0.605505 1.000000
vt 0.605505 0.000000
vt 0.614679 1.000000
vt 0.614679 0.000000
vt 0.623853 1.000000
vt 0.623853 0.000000
vt 0.633027 1.000000
vt 0.633027 0.000000
vt 0.642202 1.000000
vt 0.642202 0.000000
vt 0.651376 1.000000
vt 0.651376 0.000000
vt 0.660550 1.000000
vt 0.660550 0.000000
vt 0.669725 1.000000
vt 0.669725 0.000000
vt 0.678899 1.000000
vt 0.678899 0.000000
vt 0.688073 1.000000
vt 0.688073 0.000000
vt 0.697248 1.000000
vt 0.697248 0.000000
vt 0.706422 1.000000
vt 0.706422 0.000000
vt 0.715596 1.000000
vt 0.715596 0.000000
vt 0.724771 1.000000
vt 0.724771 0.000000
vt 0.733945 1.000000
vt 0.733945 0.000000
vt 0.743119 1.000000
vt 0.743119 0.000000
vt 0.752294 1.000000
vt 0.752294 0.000000
vt 0.761468 1.000000
vt 0.761468 0.000000
vt 0.770642 1.000000
vt 0.770642 0.000000
vt 0.779817 1.000000
vt 0.779817 0.000000
vt 0.788991 1.000000
vt 0.788991 0.000000
vt 0.798165 1.000000
vt 0.798165 0.000000
vt 0.807339 1.000000
vt 0.807339 0.000000
vt 0.816514 1.000000
vt 0.816514 0.000000
vt 0.825688 1.000000
vt 0.825688 0.000000
vt 0.834862 1.000000
vt 0.834862 0.000000
vt 0.844037 1.000000
vt 0.844037 0.000000
vt 0.853211 1.000000
vt 0.853211 0.000000
vt 0.862385 1.000000
vt 0.862385 0.000000
vt 0.871560 1.000000
vt 0.871560 0.000000
vt 0.880734 1.000000
vt 0.880734 0.000000
vt 0.889908 1.000000
vt 0.889908 0.000000
vt 0.899083 1.000000
vt 0.899083 0.000000
vt 0.908257 1.000000
vt 0.908257 0.000000
vt 0.917431 1.000000
vt 0.917431 0.000000
vt 0.926606 1.000000
vt 0.926606 0.000000
vt 0.935780 1.000000
vt 0.935780 0.000000
vt 0.944954 1.000000
vt 0.944954 0.000000
vt 0.954128 1.000000
vt 0.954128 0.000000
vt 0.963303 1.000000
vt 0.963303 0.000000
vt 0.972477 1.000000
vt 0.972477 0.000000
vt 0.981651 1.000000
vt 0.981651 0.000000
vt 0.990826 1.000000
vt 0.990826 0.000000
vt 0.038462 1.000000
vt 0.076923 1.000000
vt 0.115385 1.000000
vt 0.153846 1.000000
vt 0.192308 1.000000
vt 0.230769 1.000000
vt 0.269231 1.000000
vt 0.307692 1.000000
vt 0.346154 1.000000
vt 0.384615 1.000000
vt 0.423077 1.000000
vt 0.461538 1.000000
vt 0.538462 1.000000
vt 0.576923 1.000000
vt 0.615385 1.000000
vt 0.653846 1.000000
vt 0.692308 1.000000
vt 0.730769 1.000000
vt 0.769231 1.000000
vt 0.807692 1.000000
vt 0.846154 1.000000
vt 0.884615 1.000000
vt 0.923077 1.000000
vt 0.961538 1.000000
vt 0.002232 1.000000
vt 0.002232 0.000000
vt 0.004464 1.000000
vt 0.004464 0.000000
vt 0.006696 1.000000
vt 0.006696 0.000000
vt 0.008929 1.000000
vt 0.011161 1.000000
vt 0.011161 0.000000
vt 0.013393 1.000000
vt 0.013393 0.000000
vt 0.015625 1.000000
vt 0.017857 1.000000
vt 0.020089 1.000000
vt 0.020089 0.000000
vt 0.022321 1.000000
vt 0.022321 0.000000
vt 0.024554 1.000000
vt 0.024554 0.000000
vt 0.026786 1.000000
vt 0.029018 1.000000
vt 0.029018 0.000000
vt 0.031250 1.000000
vt 0.033482 1.000000
vt 0.033482 0.000000
vt 0.035714 1.000000
vt 0.037946 1.000000
vt 0.037946 0.000000
vt 0.040179 1.000000
vt 0.040179 0.000000
vt 0.042411 1.000000
vt 0.042411 0.000000
vt 0.044643 1.000000
vt 0.046875 1.000000
vt 0.049107 1.000000
vt 0.049107 0.000000
vt 0.051339 1.000000
vt 0.051339 0.000000
vt 0.053571 1.000000
vt 0.055804 1.000000
vt 0.055804 0.000000
vt 0.058036 1.000000
vt 0.058036 0.000000
vt 0.060268 1.000000
vt 0.060268 0.000000
vt 0.064732 1.000000
vt 0.064732 0.000000
vt 0.066964 1.000000
vt 0.066964 0.000000
vt 0.069196 1.000000
vt 0.069196 0.000000
vt 0.071429 1.000000
vt 0.073661 1.000000
vt 0.073661 0.000000
vt 0.075893 1.000000
vt 0.075893 0.000000
vt 0.078125 1.000000
vt 0.080357 1.000000
vt 0.082589 1.000000
vt 0.082589 0.000000
vt 0.084821 1.000000
vt 0.084821 0.000000
vt 0.087054 1.000000
vt 0.087054 0.000000
vt 0.089286 1.000000
vt 0.091518 1.000000
vt 0.091518 0.000000
vt 0.093750 1.000000
vt 0.095982 1.000000
vt 0.095982 0.000000
vt 0.098214 1.000000
vt 0.100446 1.000000
vt 0.100446 0.000000
vt 0.102679 1.000000
vt 0.102679 0.000000
vt 0.104911 1.000000
vt 0.104911 0.000000
vt 0.107143 1.000000
vt 0.109375 1.000000
vt 0.111607 1.000000
vt 0.111607 0.000000
vt 0.113839 1.000000
vt 0.113839 0.000000
vt 0.116071 1.000000
vt 0.118304 1.000000
vt 0.118304 0.000000
vt 0.120536 1.000000
vt 0.120536 0.000000
vt 0.122768 1.000000
vt 0.122768 0.000000
vt 0.127232 1.000000
vt 0.127232 0.000000
vt 0.129464 1.000000
vt 0.129464 0.000000
vt 0.131696 1.000000
vt 0.131696 0.000000
vt 0.133929 1.000000
vt 0.136161 1.000000
vt 0.136161 0.000000
vt 0.138393 1.000000
vt 0.138393 0.000000
vt 0.140625 1.000000
vt 0.142857 1.000000
vt 0.145089 1.000000
vt 0.145089 0.000000
vt 0.147321 1.000000
vt 0.147321 0.000000
vt 0.149554 1.000000
vt 0.149554 0.000000
vt 0.151786 1.000000
vt 0.154018 1.000000
vt 0.154018 0.000000
vt 0.156250 1.000000
vt 0.158482 1.000000
vt 0.158482 0.000000
vt 0.160714 1.000000
vt 0.162946 1.000000
vt 0.162946 0.000000
vt 0.165179 1.000000
vt 0.165179 0.000000
vt 0.167411 1.000000
vt 0.167411 0.000000
vt 0.169643 1.000000
vt 0.171875 1.000000
vt 0.174107 1.000000
vt 0.174107 0.000000
vt 0.176339 1.000000
vt 0.176339 0.000000
vt 0.178571 1.000000
vt 0.180804 1.000000
vt 0.180804 0.000000
vt 0.183036 1.000000
vt 0.183036 0.000000
vt 0.185268 1.000000
vt 0.185268 0.000000
vt 0.189732 1.000000
vt 0.189732 0.000000
vt 0.191964 1.000000
vt 0.191964 0.000000
vt 0.194196 1.000000
vt 0.194196 0.000000
vt 0.196429 1.000000
vt 0.198661 1.000000
vt 0.198661 0.000000
vt 0.200893 1.000000
vt 0.200893 0.000000
vt 0.203125 1.000000
vt 0.205357 1.000000
vt 0.207589 1.000000
vt 0.207589 0.000000
vt 0.209821 1.000000
vt 0.209821 0.000000
vt 0.212054 1.000000
vt 0.212054 0.000000
vt 0.214286 1.000000
vt 0.216518 1.000000
vt 0.216518 0.000000
vt 0.218750 1.000000
vt 0.220982 1.000000
vt 0.220982 0.000000
vt 0.223214 1.000000
vt 0.225446 1.000000
vt 0.225446 0.000000
vt 0.227679 1.000000
vt 0.227679 0.000000
vt 0.229911 1.000000
vt 0.229911 0.000000
vt 0.232143 1.000000
vt 0.234375 1.000000
vt 0.236607 1.000000
vt 0.236607 0.000000
vt 0.238839 1.000000
vt 0.238839 0.000000
vt 0.241071 1.000000
vt 0.243304 1.000000
vt 0.243304 0.000000
vt 0.245536 1.000000
vt 0.245536 0.000000
vt 0.247768 1.000000
vt 0.247768 0.000000
vt 0.252232 1.000000
vt 0.252232 0.000000
vt 0.254464 1.000000
vt 0.254464 0.000000
vt 0.256696 1.000000
vt 0.256696 0.000000
vt 0.258929 1.000000
vt 0.261161 1.000000
vt 0.261161 0.000000
vt 0.263393 1.000000
vt 0.263393 0.000000
vt 0.265625 1.000000
vt 0.267857 1.000000
vt 0.270089 1.000000
vt 0.270089 0.000000
vt 0.272321 1.000000
vt 0.272321 0.000000
vt 0.274554 1.000000
vt 0.274554 0.000000
vt 0.276786 1.000000
vt 0.279018 1.000000
vt 0.279018 0.000000
vt 0.281250 1.000000
vt 0.283482 1.000000
vt 0.283482 0.000000
vt 0.285714 1.000000
vt 0.287946 1.000000
vt 0.287946 0.000000
vt 0.290179 1.000000
vt 0.290179 0.000000
vt 0.292411 1.000000
vt 0.292411 0.000000
vt 0.294643 1.000000
vt 0.296875 1.000000
vt 0.299107 1.000000
vt 0.299107 0.000000
vt 0.301339 1.000000
vt 0.301339 0.000000
vt 0.303571 1.000000
vt 0.305804 1.000000
vt 0.305804 0.000000
vt 0.308036 1.000000
vt 0.308036 0.000000
vt 0.310268 1.000000
vt 0.310268 0.000000
vt 0.314732 1.000000
vt 0.314732 0.000000
vt 0.316964 1.000000
vt 0.316964 0.000000
vt 0.319196 1.000000
vt 0.319196 0.000000
vt 0.321429 1.000000
vt 0.323661 1.000000
vt 0.323661 0.000000
vt 0.325893 1.000000
vt 0.325893 0.000000
vt 0.328125 1.000000
vt 0.330357 1.000000
vt 0.332589 1.000000
vt 0.332589 0.000000
vt 0.334821 1.000000
vt 0.334821 0.000000
vt 0.337054 1.000000
vt 0.337054 0.000000
vt 0.339286 1.000000
vt 0.341518 1.000000
vt 0.341518 0.000000
vt 0.343750 1.000000
vt 0.345982 1.000000
vt 0.345982 0.000000
vt 0.348214 1.000000
vt 0.350446 1.000000
vt 0.350446 0.000000
vt 0.352679 1.000000
vt 0.352679 0.000000
vt 0.354911 1.000000
vt 0.354911 0.000000
vt 0.357143 1.000000
vt 0.359375 1.000000
vt 0.361607 1.000000
vt 0.361607 0.000000
vt 0.363839 1.000000
vt 0.363839 0.000000
vt 0.366071 1.000000
vt 0.368304 1.000000
vt 0.368304 0.000000
vt 0.370536 1.000000
vt 0.370536 0.000000
vt 0.372768 1.000000
vt 0.372768 0.000000
vt 0.377232 1.000000
vt 0.377232 0.000000
vt 0.379464 1.000000
vt 0.379464 0.000000
vt 0.381696 1.000000
vt 0.381696 0.000000
vt 0.383929 1.000000
vt 0.386161 1.000000
vt 0.386161 0.000000
vt 0.388393 1.000000
vt 0.388393 0.000000
vt 0.390625 1.000000
vt 0.392857 1.000000
vt 0.395089 1.000000
vt 0.395089 0.000000
vt 0.397321 1.000000
vt 0.397321 0.000000
vt 0.399554 1.000000
vt 0.399554 0.000000
vt 0.401786 1.000000
vt 0.404018 1.000000
vt 0.404018 0.000000
vt 0.406250 1.000000
vt 0.408482 1.000000
vt 0.408482 0.000000
vt 0.410714 1.000000
vt 0.412946 1.000000
vt 0.412946 0.000000
vt 0.415179 1.000000
vt 0.415179 0.000000
vt 0.417411 1.000000
vt 0.417411 0.000000
vt 0.419643 1.000000
vt 0.421875 1.000000
vt 0.424107 1.000000
vt 0.424107 0.000000
vt 0.426339 1.000000
vt 0.426339 0.000000
vt 0.428571 1.000000
vt 0.430804 1.000000
vt 0.430804 0.000000
vt 0.433036 1.000000
vt 0.433036 0.000000
vt 0.435268 1.000000
vt 0.435268 0.000000
vt 0.439732 1.000000
vt 0.439732 0.000000
vt 0.441964 1.000000
vt 0.441964 0.000000
vt 0.444196 1.000000
vt 0.444196 0.000000
vt 0.446429 1.000000
vt 0.448661 1.000000
vt 0.448661 0.000000
vt 0.450893 1.000000
vt 0.450893 0.000000
vt 0.453125 1.000000
vt 0.455357 1.000000
vt 0.457589 1.000000
vt 0.457589 0.000000
vt 0.459821 1.000000
vt 0.459821 0.000000
vt 0.462054 1.000000
vt 0.462054 0.000000
vt 0.464286 1.000000
vt 0.466518 1.000000
vt 0.466518 0.000000
vt 0.468750 1.000000
vt 0.470982 1.000000
vt 0.470982 0.000000
vt 0.473214 1.000000
vt 0.475446 1.000000
vt 0.475446 0.000000
vt 0.477679 1.000000
vt 0.477679 0.000000
vt 0.479911 1.000000
vt 0.479911 0.000000
vt 0.482143 1.000000
vt 0.484375 1.000000
vt 0.486607 1.000000
vt 0.486607 0.000000
vt 0.488839 1.000000
vt 0.488839 0.000000
vt 0.491071 1.000000
vt 0.493304 1.000000
vt 0.493304 0.000000
vt 0.495536 1.000000
vt 0.495536 0.000000
vt 0.497768 1.000000
vt 0.497768 0.000000
vt 0.502232 1.000000
vt 0.502232 0.000000
vt 0.504464 1.000000
vt 0.504464 0.000000
vt 0.506696 1.000000
vt 0.506696 0.000000
vt 0.508929 1.000000
vt 0.511161 1.000000
vt 0.511161 0.000000
vt 0.513393 1.000000
vt 0.513393 0.000000
vt 0.515625 1.000000
vt 0.517857 1.000000
vt 0.520089 1.000000
vt 0.520089 0.000000
vt 0.522321 1.000000
vt 0.522321 0.000000
vt 0.524554 1.000000
vt 0.524554 0.000000
vt 0.526786 1.000000
vt 0.529018 1.000000
vt 0.529018 0.000000
vt 0.531250 1.000000
vt 0.533482 1.000000
vt 0.533482 0.000000
vt 0.535714 1.000000
vt 0.537946 1.000000
vt 0.537946 0.000000
vt 0.540179 1.000000
vt 0.540179 0.000000
vt 0.542411 1.000000
vt 0.542411 0.000000
vt 0.544643 1.000000
vt 0.546875 1.000000
vt 0.549107 1.000000
vt 0.549107 0.000000
vt 0.551339 1.000000
vt 0.551339 0.000000
vt 0.553571 1.000000
vt 0.555804 1.000000
vt 0.555804 0.000000
vt 0.558036 1.000000
vt 0.558036 0.000000
vt 0.560268 1.000000
vt 0.560268 0.000000
vt 0.564732 1.000000
vt 0.564732 0.000000
vt 0.566964 1.000000
vt 0.566964 0.000000
vt 0.569196 1.000000
vt 0.569196 0.000000
vt 0.571429 1.000000
vt 0.573661 1.000000
vt 0.573661 0.000000
vt 0.575893 1.000000
vt 0.575893 0.000000
vt 0.578125 1.000000
vt 0.580357 1.000000
vt 0.582589 1.000000
vt 0.582589 0.000000
vt 0.584821 1.000000
vt 0.584821 0.000000
vt 0.587054 1.000000
vt 0.587054 0.000000
vt 0.589286 1.000000
vt 0.591518 1.000000
vt 0.591518 0.000000
vt 0.593750 1.000000
vt 0.595982 1.000000
vt 0.595982 0.000000
vt 0.598214 1.000000
vt 0.600446 1.000000
vt 0.600446 0.000000
vt 0.602679 1.000000
vt 0.602679 0.000000
vt 0.604911 1.000000
vt 0.604911 0.000000
vt 0.607143 1.000000
vt 0.609375 1.000000
vt 0.611607 1.000000
vt 0.611607 0.000000
vt 0.613839 1.000000
vt 0.613839 0.000000
vt 0.616071 1.000000
vt 0.618304 1.000000
vt 0.618304 0.000000
vt 0.620536 1.000000
vt 0.620536 0.000000
vt 0.622768 1.000000
vt 0.622768 0.000000
vt 0.627232 1.000000
vt 0.627232 0.000000
vt 0.629464 1.000000
vt 0.629464 0.000000
vt 0.631696 1.000000
vt 0.631696 0.000000
vt 0.633929 1.000000
vt 0.636161 1.000000
vt 0.636161 0.000000
vt 0.638393 1.000000
vt 0.638393 0.000000
vt 0.640625 1.000000
vt 0.642857 1.000000
vt 0.645089 1.000000
vt 0.645089 0.000000
vt 0.647321 1.000000
vt 0.647321 0.000000
vt 0.649554 1.000000
vt 0.649554 0.000000
vt 0.651786 1.000000
vt 0.654018 1.000000
vt 0.654018 0.000000
vt 0.656250 1.000000
vt 0.658482 1.000000
vt 0.658482 0.000000
vt 0.660714 1.000000
vt 0.662946 1.000000
vt 0.662946 0.000000
vt 0.665179 1.000000
vt 0.665179 0.000000
vt 0.667411 1.000000
vt 0.667411 0.000000
vt 0.669643 1.000000
vt 0.671875 1.000000
vt 0.674107 1.000000
vt 0.674107 0.000000
vt 0.676339 1.000000
vt 0.676339 0.000000
vt 0.678571 1.000000
vt 0.680804 1.000000
vt 0.680804 0.000000
vt 0.683036 1.000000
vt 0.683036 0.000000
vt 0.685268 1.000000
vt 0.685268 0.000000
vt 0.689732 1.000000
vt 0.689732 0.000000
vt 0.691964 1.000000
vt 0.691964 0.000000
vt 0.694196 1.000000
vt 0.694196 0.000000
vt 0.696429 1.000000
vt 0.698661 1.000000
vt 0.698661 0.000000
vt 0.700893 1.000000
vt 0.700893 0.000000
vt 0.703125 1.000000
vt 0.705357 1.000000
vt 0.707589 1.000000
vt 0.707589 0.000000
vt 0.709821 1.000000
vt 0.709821 0.000000
vt 0.712054 1.000000
vt 0.712054 0.000000
vt 0.714286 1.000000
vt 0.716518 1.000000
vt 0.716518 0.000000
vt 0.718750 1.000000
vt 0.720982 1.000000
vt 0.720982 0.000000
vt 0.723214 1.000000
vt 0.725446 1.000000
vt 0.725446 0.000000
vt 0.727679 1.000000
vt 0.727679 0.000000
vt 0.729911 1.000000
vt 0.729911 0.000000
vt 0.732143 1.000000
vt 0.734375 1.000000
vt 0.736607 1.000000
vt 0.736607 0.000000
vt 0.738839 1.000000
vt 0.738839 0.000000
vt 0.741071 1.000000
vt 0.743304 1.000000
vt 0.743304 0.000000
vt 0.745536 1.000000
vt 0.745536 0.000000
vt 0.747768 1.000000
vt 0.747768 0.000000
vt 0.752232 1.000000
vt 0.752232 0.000000
vt 0.754464 1.000000
vt 0.754464 0.000000
vt 0.756696 1.000000
vt 0.756696 0.000000
vt 0.758929 1.000000
vt 0.761161 1.000000
vt 0.761161 0.000000
vt 0.763393 1.000000
vt 0.763393 0.000000
vt 0.765625 1.000000
vt 0.767857 1.000000
vt 0.770089 1.000000
vt 0.770089 0.000000
vt 0.772321 1.000000
vt 0.772321 0.000000
vt 0.774554 1.000000
vt 0.774554 0.000000
vt 0.776786 1.000000
vt 0.779018 1.000000
vt 0.779018 0.000000
vt 0.781250 1.000000
vt 0.783482 1.000000
vt 0.783482 0.000000
vt 0.785714 1.000000
vt 0.787946 1.000000
vt 0.787946 0.000000
vt 0.790179 1.000000
vt 0.790179 0.000000
vt 0.792411 1.000000
vt 0.792411 0.000000
vt 0.794643 1.000000
vt 0.796875 1.000000
vt 0.799107 1.000000
vt 0.799107 0.000000
vt 0.801339 1.000000
vt 0.801339 0.000000
vt 0.803571 1.000000
vt 0.805804 1.000000
vt 0.805804 0.000000
vt 0.808036 1.000000
vt 0.808036 0.000000
vt 0.810268 1.000000
vt 0.810268 0.000000
vt 0.814732 1.000000
vt 0.814732 0.000000
vt 0.816964 1.000000
vt 0.816964 0.000000
vt 0.819196 1.000000
vt 0.819196 0.000000
vt 0.821429 1.000000
vt 0.823661 1.000000
vt 0.823661 0.000000
vt 0.825893 1.000000
vt 0.825893 0.000000
vt 0.828125 1.000000
vt 0.830357 1.000000
vt 0.832589 1.000000
vt 0.832589 0.000000
vt 0.834821 1.000000
vt 0.834821 0.000000
vt 0.837054 1.000000
vt 0.837054 0.000000
vt 0.839286 1.000000
vt 0.841518 1.000000
vt 0.841518 0.000000
vt 0.843750 1.000000
vt 0.845982 1.000000
vt 0.845982 0.000000
vt 0.848214 1.000000
vt 0.850446 1.000000
vt 0.850446 0.000000
vt 0.852679 1.000000
vt 0.852679 0.000000
vt 0.854911 1.000000
vt 0.854911 0.000000
vt 0.857143 1.000000
vt 0.859375 1.000000
vt 0.861607 1.000000
vt 0.861607 0.000000
vt 0.863839 1.000000
vt 0.863839 0.000000
vt 0.866071 1.000000
vt 0.868304 1.000000
vt 0.868304 0.000000
vt 0.870536 1.000000
vt 0.870536 0.000000
vt 0.872768 1.000000
vt 0.872768 0.000000
vt 0.877232 1.000000
vt 0.877232 0.000000
vt 0.879464 1.000000
vt 0.879464 0.000000
vt 0.881696 1.000000
vt 0.881696 0.000000
vt 0.883929 1.000000
vt 0.886161 1.000000
vt 0.886161 0.000000
vt 0.888393 1.000000
vt 0.888393 0.000000
vt 0.890625 1.000000
vt 0.892857 1.000000
vt 0.895089 1.000000
vt 0.895089 0.000000
vt 0.897321 1.000000
vt 0.897321 0.000000
vt 0.899554 1.000000
vt 0.899554 0.000000
vt 0.901786 1.000000
vt 0.904018 1.000000
vt 0.904018 0.000000
vt 0.906250 1.000000
vt 0.908482 1.000000
vt 0.908482 0.000000
vt 0.910714 1.000000
vt 0.912946 1.000000
vt 0.912946 0.000000
vt 0.915179 1.000000
vt 0.915179 0.000000
vt 0.917411 1.000000
vt 0.917411 0.000000
vt 0.919643 1.000000
vt 0.921875 1.000000
vt 0.924107 1.000000
vt 0.924107 0.000000
vt 0.926339 1.000000
vt 0.926339 0.000000
vt 0.928571 1.000000
vt 0.930804 1.000000
vt 0.930804 0.000000
vt 0.933036 1.000000
vt 0.933036 0.000000
vt 0.935268 1.000000
vt 0.935268 0.000000
vt 0.939732 1.000000
vt 0.939732 0.000000
vt 0.941964 1.000000
vt 0.941964 0.000000
vt 0.944196 1.000000
vt 0.944196 0.000000
vt 0.946429 1.000000
vt 0.948661 1.000000
vt 0.948661 0.000000
vt 0.950893 1.000000
vt 0.950893 0.000000
vt 0.953125 1.000000
vt 0.955357 1.000000
vt 0.957589 1.000000
vt 0.957589 0.000000
vt 0.959821 1.000000
vt 0.959821 0.000000
vt 0.962054 1.000000
vt 0.962054 0.000000
vt 0.964286 1.000000
vt 0.966518 1.000000
vt 0.966518 0.000000
vt 0.968750 1.000000
vt 0.970982 1.000000
vt 0.970982 0.000000
vt 0.973214 1.000000
vt 0.975446 1.000000
vt 0.975446 0.000000
vt 0.977679 1.000000
vt 0.977679 0.000000
vt 0.979911 1.000000
vt 0.979911 0.000000
vt 0.982143 1.000000
vt 0.984375 1.000000
vt 0.986607 1.000000
vt 0.986607 0.000000
vt 0.988839 1.000000
vt 0.988839 0.000000
vt 0.991071 1.000000
vt 0.993304 1.000000
vt 0.993304 0.000000
vt 0.995536 1.000000
vt 0.995536 0.000000
vt 0.997768 1.000000
vt 0.997768 0.000000
vt 0.005291 1.000000
vt 0.005291 0.000000
vt 0.010582 1.000000
vt 0.010582 0.000000
vt 0.015873 1.000000
vt 0.015873 0.000000
vt 0.021164 1.000000
vt 0.021164 0.000000
vt 0.026455 1.000000
vt 0.026455 0.000000
vt 0.031746 1.000000
vt 0.031746 0.000000
vt 0.037037 1.000000
vt 0.037037 0.000000
vt 0.042328 1.000000
vt 0.042328 0.000000
vt 0.047619 1.000000
vt 0.052910 1.000000
vt 0.052910 0.000000
vt 0.058201 1.000000
vt 0.058201 0.000000
vt 0.063492 1.000000
vt 0.063492 0.000000
vt 0.068783 1.000000
vt 0.068783 0.000000
vt 0.074074 1.000000
vt 0.074074 0.000000
vt 0.079365 1.000000
vt 0.079365 0.000000
vt 0.084656 1.000000
vt 0.084656 0.000000
vt 0.089947 1.000000
vt 0.089947 0.000000
vt 0.095238 1.000000
vt 0.100529 1.000000
vt 0.100529 0.000000
vt 0.105820 1.000000
vt 0.105820 0.000000
vt 0.111111 1.000000
vt 0.111111 0.000000
vt 0.116402 1.000000
vt 0.116402 0.000000
vt 0.121693 1.000000
vt 0.121693 0.000000
vt 0.126984 1.000000
vt 0.126984 0.000000
vt 0.132275 1.000000
vt 0.132275 0.000000
vt 0.137566 1.000000
vt 0.137566 0.000000
vt 0.148148 1.000000
vt 0.148148 0.000000
vt 0.153439 1.000000
vt 0.153439 0.000000
vt 0.158730 1.000000
vt 0.158730 0.000000
vt 0.164021 1.000000
vt 0.164021 0.000000
vt 0.169312 1.000000
vt 0.169312 0.000000
vt 0.174603 1.000000
vt 0.174603 0.000000
vt 0.179894 1.000000
vt 0.179894 0.000000
vt 0.185185 1.000000
vt 0.185185 0.000000
vt 0.190476 1.000000
vt 0.195767 1.000000
vt 0.195767 0.000000
vt 0.201058 1.000000
vt 0.201058 0.000000
vt 0.206349 1.000000
vt 0.206349 0.000000
vt 0.211640 1.000000
vt 0.211640 0.000000
vt 0.216931 1.000000
vt 0.216931 0.000000
vt 0.222222 1.000000
vt 0.222222 0.000000
vt 0.227513 1.000000
vt 0.227513 0.000000
vt 0.232804 1.000000
vt 0.232804 0.000000
vt 0.238095 1.000000
vt 0.243386 1.000000
vt 0.243386 0.000000
vt 0.248677 1.000000
vt 0.248677 0.000000
vt 0.253968 1.000000
vt 0.253968 0.000000
vt 0.259259 1.000000
vt 0.259259 0.000000
vt 0.264550 1.000000
vt 0.264550 0.000000
vt 0.269841 1.000000
vt 0.269841 0.000000
vt 0.275132 1.000000
vt 0.275132 0.000000
vt 0.280423 1.000000
vt 0.280423 0.000000
vt 0.291005 1.000000
vt 0.291005 0.000000
vt 0.296296 1.000000
vt 0.296296 0.000000
vt 0.301587 1.000000
vt 0.301587 0.000000
vt 0.306878 1.000000
vt 0.306878 0.000000
vt 0.312169 1.000000
vt 0.312169 0.000000
vt 0.317460 1.000000
vt 0.317460 0.000000
vt 0.322751 1.000000
vt 0.322751 0.000000
vt 0.328042 1.000000
vt 0.328042 0.000000
vt 0.338624 1.000000
vt 0.338624 0.000000
vt 0.343915 1.000000
vt 0.343915 0.000000
vt 0.349206 1.000000
vt 0.349206 0.000000
vt 0.354497 1.000000
vt 0.354497 0.000000
vt 0.359788 1.000000
vt 0.359788 0.000000
vt 0.365079 1.000000
vt 0.365079 0.000000
vt 0.370370 1.000000
vt 0.370370 0.000000
vt 0.375661 1.000000
vt 0.375661 0.000000
vt 0.380952 1.000000
vt 0.386243 1.000000
vt 0.386243 0.000000
vt 0.391534 1.000000
vt 0.391534 0.000000
vt 0.396825 1.000000
vt 0.396825 0.000000
vt 0.402116 1.000000
vt 0.402116 0.000000
vt 0.407407 1.000000
vt 0.407407 0.000000
vt 0.412698 1.000000
vt 0.412698 0.000000
vt 0.417989 1.000000
vt 0.417989 0.000000
vt 0.423280 1.000000
vt 0.423280 0.000000
vt 0.433862 1.000000
vt 0.433862 0.000000
vt 0.439153 1.000000
vt 0.439153 0.000000
vt 0.444444 1.000000
vt 0.444444 0.000000
vt 0.449735 1.000000
vt 0.449735 0.000000
vt 0.455026 1.000000
vt 0.455026 0.000000
vt 0.460317 1.000000
vt 0.460317 0.000000
vt 0.465608 1.000000
vt 0.465608 0.000000
vt 0.470899 1.000000
vt 0.470899 0.000000
vt 0.476190 1.000000
vt 0.481481 1.000000
vt 0.481481 0.000000
vt 0.486772 1.000000
vt 0.486772 0.000000
vt 0.492063 1.000000
vt 0.492063 0.000000
vt 0.497355 1.000000
vt 0.497355 0.000000
vt 0.502645 1.000000
vt 0.502645 0.000000
vt 0.507937 1.000000
vt 0.507937 0.000000
vt 0.513228 1.000000
vt 0.513228 0.000000
vt 0.518519 1.000000
vt 0.518519 0.000000
vt 0.523810 1.000000
vt 0.529101 1.000000
vt 0.529101 0.000000
vt 0.534392 1.000000
vt 0.534392 0.000000
vt 0.539683 1.000000
vt 0.539683 0.000000
vt 0.544974 1.000000
vt 0.544974 0.000000
vt 0.550265 1.000000
vt 0.550265 0.000000
vt 0.555556 1.000000
vt 0.555556 0.000000
vt 0.560847 1.000000
vt 0.560847 0.000000
vt 0.566138 1.000000
vt 0.566138 0.000000
vt 0.576720 1.000000
vt 0.576720 0.000000
vt 0.582011 1.000000
vt 0.582011 0.000000
vt 0.587302 1.000000
vt 0.587302 0.000000
vt 0.592593 1.000000
vt 0.592593 0.000000
vt 0.597884 1.000000
vt 0.597884 0.000000
vt 0.603175 1.000000
vt 0.603175 0.000000
vt 0.608466 1.000000
vt 0.608466 0.000000
vt 0.613757 1.000000
vt 0.613757 0.000000
vt 0.619048 1.000000
vt 0.624339 1.000000
vt 0.624339 0.000000
vt 0.629630 1.000000
vt 0.629630 0.000000
vt 0.634921 1.000000
vt 0.634921 0.000000
vt 0.640212 1.000000
vt 0.640212 0.000000
vt 0.645503 1.000000
vt 0.645503 0.000000
vt 0.650794 1.000000
vt 0.650794 0.000000
vt 0.656085 1.000000
vt 0.656085 0.000000
vt 0.661376 1.000000
vt 0.661376 0.000000
vt 0.671958 1.000000
vt 0.671958 0.000000
vt 0.677249 1.000000
vt 0.677249 0.000000
vt 0.682540 1.000000
vt 0.682540 0.000000
vt 0.687831 1.000000
vt 0.687831 0.000000
vt 0.693122 1.000000
vt 0.693122 0.000000
vt 0.698413 1.000000
vt 0.698413 0.000000
vt 0.703704 1.000000
vt 0.703704 0.000000
vt 0.708995 1.000000
vt 0.708995 0.000000
vt 0.719577 1.000000
vt 0.719577 0.000000
vt 0.724868 1.000000
vt 0.724868 0.000000
vt 0.730159 1.000000
vt 0.730159 0.000000
vt 0.735450 1.000000
vt 0.735450 0.000000
vt 0.740741 1.000000
vt 0.740741 0.000000
vt 0.746032 1.000000
vt 0.746032 0.000000
vt 0.751323 1.000000
vt 0.751323 0.000000
vt 0.756614 1.000000
vt 0.756614 0.000000
vt 0.761905 1.000000
vt 0.767196 1.000000
vt 0.767196 0.000000
vt 0.772487 1.000000
vt 0.772487 0.000000
vt 0.777778 1.000000
vt 0.777778 0.000000
vt 0.783069 1.000000
vt 0.783069 0.000000
vt 0.788360 1.000000
vt 0.788360 0.000000
vt 0.793651 1.000000
vt 0.793651 0.000000
vt 0.798942 1.000000
vt 0.798942 0.000000
vt 0.804233 1.000000
vt 0.804233 0.000000
vt 0.809524 1.000000
vt 0.814815 1.000000
vt 0.814815 0.000000
vt 0.820106 1.000000
vt 0.820106 0.000000
vt 0.825397 1.000000
vt 0.825397 0.000000
vt 0.830688 1.000000
vt 0.830688 0.000000
vt 0.835979 1.000000
vt 0.835979 0.000000
vt 0.841270 1.000000
vt 0.841270 0.000000
vt 0.846561 1.000000
vt 0.846561 0.000000
vt 0.851852 1.000000
vt 0.851852 0.000000
vt 0.862434 1.000000
vt 0.862434 0.000000
vt 0.867725 1.000000
vt 0.867725 0.000000
vt 0.873016 1.000000
vt 0.873016 0.000000
vt 0.878307 1.000000
vt 0.878307 0.000000
vt 0.883598 1.000000
vt 0.883598 0.000000
vt 0.888889 1.000000
vt 0.888889 0.000000
vt 0.894180 1.000000
vt 0.894180 0.000000
vt 0.899471 1.000000
vt 0.899471 0.000000
vt 0.904762 1.000000
vt 0.910053 1.000000
vt 0.910053 0.000000
vt 0.915344 1.000000
vt 0.915344 0.000000
vt 0.920635 1.000000
vt 0.920635 0.000000
vt 0.925926 1.000000
vt 0.925926 0.000000
vt 0.931217 1.000000
vt 0.931217 0.000000
vt 0.936508 1.000000
vt 0.936508 0.000000
vt 0.941799 1.000000
vt 0.941799 0.000000
vt 0.947090 1.000000
vt 0.947090 0.000000
vt 0.952381 1.000000
vt 0.957672 1.000000
vt 0.957672 0.000000
vt 0.962963 1.000000
vt 0.962963 0.000000
vt 0.968254 1.000000
vt 0.968254 0.000000
vt 0.973545 1.000000
vt 0.973545 0.000000
vt 0.978836 1.000000
vt 0.978836 0.000000
vt 0.984127 1.000000
vt 0.984127 0.000000
vt 0.989418 1.000000
vt 0.989418 0.000000
vt 0.994709 1.000000
vt 0.994709 0.000000
vt 0.020000 1.000000
vt 0.020000 0.000000
vt 0.040000 1.000000
vt 0.040000 0.000000
vt 0.060000 1.000000
vt 0.060000 0.000000
vt 0.080000 1.000000
vt 0.080000 0.000000
vt 0.100000 1.000000
vt 0.100000 0.000000
vt 0.120000 1.000000
vt 0.120000 0.000000
vt 0.140000 1.000000
vt 0.140000 0.000000
vt 0.160000 1.000000
vt 0.160000 0.000000
vt 0.180000 1.000000
vt 0.180000 0.000000
vt 0.220000 1.000000
vt 0.220000 0.000000
vt 0.240000 1.000000
vt 0.240000 0.000000
vt 0.260000 1.000000
vt 0.260000 0.000000
vt 0.280000 1.000000
vt 0.280000 0.000000
vt 0.300000 1.000000
vt 0.300000 0.000000
vt 0.320000 1.000000
vt 0.320000 0.000000
vt 0.340000 1.000000
vt 0.340000 0.000000
vt 0.360000 1.000000
vt 0.360000 0.000000
vt 0.380000 1.000000
vt 0.380000 0.000000
vt 0.420000 1.000000
vt 0.420000 0.000000
vt 0.440000 1.000000
vt 0.440000 0.000000
vt 0.460000 1.000000
vt 0.460000 0.000000
vt 0.480000 1.000000
vt 0.480000 0.000000
vt 0.520000 1.000000
vt 0.520000 0.000000
vt 0.540000 1.000000
vt 0.540000 0.000000
vt 0.560000 1.000000
vt 0.560000 0.000000
vt 0.580000 1.000000
vt 0.580000 0.000000
vt 0.620000 1.000000
vt 0.620000 0.000000
vt 0.640000 1.000000
vt 0.640000 0.000000
vt 0.660000 1.000000
vt 0.660000 0.000000
vt 0.680000 1.000000
vt 0.680000 0.000000
vt 0.700000 1.000000
vt 0.700000 0.000000
vt 0.720000 1.000000
vt 0.720000 0.000000
vt 0.740000 1.000000
vt 0.740000 0.000000
vt 0.760000 1.000000
vt 0.760000 0.000000
vt 0.780000 1.000000
vt 0.780000 0.000000
vt 0.820000 1.000000
vt 0.820000 0.000000
vt 0.840000 1.000000
vt 0.840000 0.000000
vt 0.860000 1.000000
vt 0.860000 0.000000
vt 0.880000 1.000000
vt 0.880000 0.000000
vt 0.900000 1.000000
vt 0.900000 0.000000
vt 0.920000 1.000000
vt 0.920000 0.000000
vt 0.940000 1.000000
vt 0.940000 0.000000
vt 0.960000 1.000000
vt 0.960000 0.000000
vt 0.980000 1.000000
vt 0.980000 0.000000
vt 0.013514 1.000000
vt 0.013514 0.000000
vt 0.027027 1.000000
vt 0.027027 0.000000
vt 0.040541 1.000000
vt 0.040541 0.000000
vt 0.054054 1.000000
vt 0.054054 0.000000
vt 0.067568 1.000000
vt 0.067568 0.000000
vt 0.081081 1.000000
vt 0.081081 0.000000
vt 0.094595 1.000000
vt 0.094595 0.000000
vt 0.108108 1.000000
vt 0.108108 0.000000
vt 0.121622 1.000000
vt 0.121622 0.000000
vt 0.135135 1.000000
vt 0.135135 0.000000
vt 0.148649 1.000000
vt 0.148649 0.000000
vt 0.162162 1.000000
vt 0.162162 0.000000
vt 0.175676 1.000000
vt 0.175676 0.000000
vt 0.189189 1.000000
vt 0.189189 0.000000
vt 0.202703 1.000000
vt 0.202703 0.000000
vt 0.216216 1.000000
vt 0.216216 0.000000
vt 0.229730 1.000000
vt 0.229730 0.000000
vt 0.243243 1.000000
vt 0.243243 0.000000
vt 0.256757 1.000000
vt 0.256757 0.000000
vt 0.270270 1.000000
vt 0.270270 0.000000
vt 0.283784 1.000000
vt 0.283784 0.000000
vt 0.297297 1.000000
vt 0.297297 0.000000
vt 0.310811 1.000000
vt 0.310811 0.000000
vt 0.324324 1.000000
vt 0.324324 0.000000
vt 0.337838 1.000000
vt 0.337838 0.000000
vt 0.351351 1.000000
vt 0.351351 0.000000
vt 0.364865 1.000000
vt 0.364865 0.000000
vt 0.378378 1.000000
vt 0.378378 0.000000
vt 0.391892 1.000000
vt 0.391892 0.000000
vt 0.405405 1.000000
vt 0.405405 0.000000
vt 0.418919 1.000000
vt 0.418919 0.000000
vt 0.432432 1.000000
vt 0.432432 0.000000
vt 0.445946 1.000000
vt 0.445946 0.000000
vt 0.459459 1.000000
vt 0.459459 0.000000
vt 0.472973 1.000000
vt 0.472973 0.000000
vt 0.486486 1.000000
vt 0.486486 0.000000
vt 0.513514 1.000000
vt 0.513514 0.000000
vt 0.527027 1.000000
vt 0.527027 0.000000
vt 0.540541 1.000000
vt 0.540541 0.000000
vt 0.554054 1.000000
vt 0.554054 0.000000
vt 0.567568 1.000000
vt 0.567568 0.000000
vt 0.581081 1.000000
vt 0.581081 0.000000
vt 0.594595 1.000000
vt 0.594595 0.000000
vt 0.608108 1.000000
vt 0.608108 0.000000
vt 0.621622 1.000000
vt 0.621622 0.000000
vt 0.635135 1.000000
vt 0.635135 0.000000
vt 0.648649 1.000000
vt 0.648649 0.000000
vt 0.662162 1.000000
vt 0.662162 0.000000
vt 0.675676 1.000000
vt 0.675676 0.000000
vt 0.689189 1.000000
vt 0.689189 0.000000
vt 0.702703 1.000000
vt 0.702703 0.000000
vt 0.716216 1.000000
vt 0.716216 0.000000
vt 0.729730 1.000000
vt 0.729730 0.000000
vt 0.743243 1.000000
vt 0.743243 0.000000
vt 0.756757 1.000000
vt 0.756757 0.000000
vt 0.770270 1.000000
vt 0.770270 0.000000
vt 0.783784 1.000000
vt 0.783784 0.000000
vt 0.797297 1.000000
vt 0.797297 0.000000
vt 0.810811 1.000000
vt 0.810811 0.000000
vt 0.824324 1.000000
vt 0.824324 0.000000
vt 0.837838 1.000000
vt 0.837838 0.000000
vt 0.851351 1.000000
vt 0.851351 0.000000
vt 0.864865 1.000000
vt 0.864865 0.000000
vt 0.878378 1.000000
vt 0.878378 0.000000
vt 0.891892 1.000000
vt 0.891892 0.000000
vt 0.905405 1.000000
vt 0.905405 0.000000
vt 0.918919 1.000000
vt 0.918919 0.000000
vt 0.932432 1.000000
vt 0.932432 0.000000
vt 0.945946 1.000000
vt 0.945946 0.000000
vt 0.959459 1.000000
vt 0.959459 0.000000
vt 0.972973 1.000000
vt 0.972973 0.000000
vt 0.986486 1.000000
vt 0.986486 0.000000
vt 0.006211 1.000000
vt 0.006211 0.000000
vt 0.012422 1.000000
vt 0.012422 0.000000
vt 0.018634 1.000000
vt 0.018634 0.000000
vt 0.024845 1.000000
vt 0.024845 0.000000
vt 0.031056 1.000000
vt 0.031056 0.000000
vt 0.037267 1.000000
vt 0.037267 0.000000
vt 0.043478 1.000000
vt 0.043478 0.000000
vt 0.049689 1.000000
vt 0.049689 0.000000
vt 0.055901 1.000000
vt 0.055901 0.000000
vt 0.062112 1.000000
vt 0.062112 0.000000
vt 0.068323 1.000000
vt 0.068323 0.000000
vt 0.074534 1.000000
vt 0.074534 0.000000
vt 0.080745 1.000000
vt 0.080745 0.000000
vt 0.086957 1.000000
vt 0.086957 0.000000
vt 0.093168 1.000000
vt 0.093168 0.000000
vt 0.099379 1.000000
vt 0.099379 0.000000
vt 0.105590 1.000000
vt 0.105590 0.000000
vt 0.111801 1.000000
vt 0.111801 0.000000
vt 0.118012 1.000000
vt 0.118012 0.000000
vt 0.124224 1.000000
vt 0.124224 0.000000
vt 0.130435 1.000000
vt 0.130435 0.000000
vt 0.136646 1.000000
vt 0.136646 0.000000
vt 0.149068 1.000000
vt 0.149068 0.000000
vt 0.155280 1.000000
vt 0.155280 0.000000
vt 0.161491 1.000000
vt 0.161491 0.000000
vt 0.167702 1.000000
vt 0.167702 0.000000
vt 0.173913 1.000000
vt 0.173913 0.000000
vt 0.180124 1.000000
vt 0.180124 0.000000
vt 0.186335 1.000000
vt 0.186335 0.000000
vt 0.192547 1.000000
vt 0.192547 0.000000
vt 0.198758 1.000000
vt 0.198758 0.000000
vt 0.204969 1.000000
vt 0.204969 0.000000
vt 0.211180 1.000000
vt 0.211180 0.000000
vt 0.217391 1.000000
vt 0.217391 0.000000
vt 0.223602 1.000000
vt 0.223602 0.000000
vt 0.229814 1.000000
vt 0.229814 0.000000
vt 0.236025 1.000000
vt 0.236025 0.000000
vt 0.242236 1.000000
vt 0.242236 0.000000
vt 0.248447 1.000000
vt 0.248447 0.000000
vt 0.254658 1.000000
vt 0.254658 0.000000
vt 0.260870 1.000000
vt 0.260870 0.000000
vt 0.267081 1.000000
vt 0.267081 0.000000
vt 0.273292 1.000000
vt 0.273292 0.000000
vt 0.279503 1.000000
vt 0.279503 0.000000
vt 0.291925 1.000000
vt 0.291925 0.000000
vt 0.298137 1.000000
vt 0.298137 0.000000
vt 0.304348 1.000000
vt 0.304348 0.000000
vt 0.310559 1.000000
vt 0.310559 0.000000
vt 0.316770 1.000000
vt 0.316770 0.000000
vt 0.322981 1.000000
vt 0.322981 0.000000
vt 0.329193 1.000000
vt 0.329193 0.000000
vt 0.335404 1.000000
vt 0.335404 0.000000
vt 0.341615 1.000000
vt 0.341615 0.000000
vt 0.347826 1.000000
vt 0.347826 0.000000
vt 0.354037 1.000000
vt 0.354037 0.000000
vt 0.360248 1.000000
vt 0.360248 0.000000
vt 0.366460 1.000000
vt 0.366460 0.000000
vt 0.372671 1.000000
vt 0.372671 0.000000
vt 0.378882 1.000000
vt 0.378882 0.000000
vt 0.385093 1.000000
vt 0.385093 0.000000
vt 0.391304 1.000000
vt 0.391304 0.000000
vt 0.397516 1.000000
vt 0.397516 0.000000
vt 0.403727 1.000000
vt 0.403727 0.000000
vt 0.409938 1.000000
vt 0.409938 0.000000
vt 0.416149 1.000000
vt 0.416149 0.000000
vt 0.422360 1.000000
vt 0.422360 0.000000
vt 0.434783 1.000000
vt 0.434783 0.000000
vt 0.440994 1.000000
vt 0.440994 0.000000
vt 0.447205 1.000000
vt 0.447205 0.000000
vt 0.453416 1.000000
vt 0.453416 0.000000
vt 0.459627 1.000000
vt 0.459627 0.000000
vt 0.465839 1.000000
vt 0.465839 0.000000
vt 0.472050 1.000000
vt 0.472050 0.000000
vt 0.478261 1.000000
vt 0.478261 0.000000
vt 0.484472 1.000000
vt 0.484472 0.000000
vt 0.490683 1.000000
vt 0.490683 0.000000
vt 0.496894 1.000000
vt 0.496894 0.000000
vt 0.503106 1.000000
vt 0.503106 0.000000
vt 0.509317 1.000000
vt 0.509317 0.000000
vt 0.515528 1.000000
vt 0.515528 0.000000
vt 0.521739 1.000000
vt 0.521739 0.000000
vt 0.527950 1.000000
vt 0.527950 0.000000
vt 0.534162 1.000000
vt 0.534162 0.000000
vt 0.540373 1.000000
vt 0.540373 0.000000
vt 0.546584 1.000000
vt 0.546584 0.000000
vt 0.552795 1.000000
vt 0.552795 0.000000
vt 0.559006 1.000000
vt 0.559006 0.000000
vt 0.565217 1.000000
vt 0.565217 0.000000
vt 0.577640 1.000000
vt 0.577640 0.000000
vt 0.583851 1.000000
vt 0.583851 0.000000
vt 0.590062 1.000000
vt 0.590062 0.000000
vt 0.596273 1.000000
vt 0.596273 0.000000
vt 0.602484 1.000000
vt 0.602484 0.000000
vt 0.608696 1.000000
vt 0.608696 0.000000
vt 0.614907 1.000000
vt 0.614907 0.000000
vt 0.621118 1.000000
vt 0.621118 0.000000
vt 0.627329 1.000000
vt 0.627329 0.000000
vt 0.633540 1.000000
vt 0.633540 0.000000
vt 0.639752 1.000000
vt 0.639752 0.000000
vt 0.645963 1.000000
vt 0.645963 0.000000
vt 0.652174 1.000000
vt 0.652174 0.000000
vt 0.658385 1.000000
vt 0.658385 0.000000
vt 0.664596 1.000000
vt 0.664596 0.000000
vt 0.670807 1.000000
vt 0.670807 0.000000
vt 0.677019 1.000000
vt 0.677019 0.000000
vt 0.683230 1.000000
vt 0.683230 0.000000
vt 0.689441 1.000000
vt 0.689441 0.000000
vt 0.695652 1.000000
vt 0.695652 0.000000
vt 0.701863 1.000000
vt 0.701863 0.000000
vt 0.708075 1.000000
vt 0.708075 0.000000
vt 0.720497 1.000000
vt 0.720497 0.000000
vt 0.726708 1.000000
vt 0.726708 0.000000
vt 0.732919 1.000000
vt 0.732919 0.000000
vt 0.739130 1.000000
vt 0.739130 0.000000
vt 0.745342 1.000000
vt 0.745342 0.000000
vt 0.751553 1.000000
vt 0.751553 0.000000
vt 0.757764 1.000000
vt 0.757764 0.000000
vt 0.763975 1.000000
vt 0.763975 0.000000
vt 0.770186 1.000000
vt 0.770186 0.000000
vt 0.776398 1.000000
vt 0.776398 0.000000
vt 0.782609 1.000000
vt 0.782609 0.000000
vt 0.788820 1.000000
vt 0.788820 0.000000
vt 0.795031 1.000000
vt 0.795031 0.000000
vt 0.801242 1.000000
vt 0.801242 0.000000
vt 0.807453 1.000000
vt 0.807453 0.000000
vt 0.813665 1.000000
vt 0.813665 0.000000
vt 0.819876 1.000000
vt 0.819876 0.000000
vt 0.826087 1.000000
vt 0.826087 0.000000
vt 0.832298 1.000000
vt 0.832298 0.000000
vt 0.838509 1.000000
vt 0.838509 0.000000
vt 0.844720 1.000000
vt 0.844720 0.000000
vt 0.850932 1.000000
vt 0.850932 0.000000
vt 0.863354 1.000000
vt 0.863354 0.000000
vt 0.869565 1.000000
vt 0.869565 0.000000
vt 0.875776 1.000000
vt 0.875776 0.000000
vt 0.881988 1.000000
vt 0.881988 0.000000
vt 0.888199 1.000000
vt 0.888199 0.000000
vt 0.894410 1.000000
vt 0.894410 0.000000
vt 0.900621 1.000000
vt 0.900621 0.000000
vt 0.906832 1.000000
vt 0.906832 0.000000
vt 0.913043 1.000000
vt 0.913043 0.000000
vt 0.919255 1.000000
vt 0.919255 0.000000
vt 0.925466 1.000000
vt 0.925466 0.000000
vt 0.931677 1.000000
vt 0.931677 0.000000
vt 0.937888 1.000000
vt 0.937888 0.000000
vt 0.944099 1.000000
vt 0.944099 0.000000
vt 0.950311 1.000000
vt 0.950311 0.000000
vt 0.956522 1.000000
vt 0.956522 0.000000
vt 0.962733 1.000000
vt 0.962733 0.000000
vt 0.968944 1.000000
vt 0.968944 0.000000
vt 0.975155 1.000000
vt 0.975155 0.000000
vt 0.981366 1.000000
vt 0.981366 0.000000
vt 0.987578 1.000000
vt 0.987578 0.000000
vt 0.993789 1.000000
vt 0.993789 0.000000
vt 0.016129 1.000000
vt 0.016129 0.000000
vt 0.032258 1.000000
vt 0.032258 0.000000
vt 0.048387 1.000000
vt 0.048387 0.000000
vt 0.064516 1.000000
vt 0.064516 0.000000
vt 0.080645 1.000000
vt 0.080645 0.000000
vt 0.096774 1.000000
vt 0.096774 0.000000
vt 0.112903 1.000000
vt 0.112903 0.000000
vt 0.129032 1.000000
vt 0.129032 0.000000
vt 0.145161 1.000000
vt 0.145161 0.000000
vt 0.161290 1.000000
vt 0.161290 0.000000
vt 0.177419 1.000000
vt 0.177419 0.000000
vt 0.193548 1.000000
vt 0.193548 0.000000
vt 0.209677 1.000000
vt 0.209677 0.000000
vt 0.225806 1.000000
vt 0.225806 0.000000
vt 0.241935 1.000000
vt 0.241935 0.000000
vt 0.258065 1.000000
vt 0.258065 0.000000
vt 0.274194 1.000000
vt 0.274194 0.000000
vt 0.290323 1.000000
vt 0.290323 0.000000
vt 0.306452 1.000000
vt 0.306452 0.000000
vt 0.322581 1.000000
vt 0.322581 0.000000
vt 0.338710 1.000000
vt 0.338710 0.000000
vt 0.354839 1.000000
vt 0.354839 0.000000
vt 0.370968 1.000000
vt 0.370968 0.000000
vt 0.387097 1.000000
vt 0.387097 0.000000
vt 0.403226 1.000000
vt 0.403226 0.000000
vt 0.419355 1.000000
vt 0.419355 0.000000
vt 0.435484 1.000000
vt 0.435484 0.000000
vt 0.451613 1.000000
vt 0.451613 0.000000
vt 0.467742 1.000000
vt 0.467742 0.000000
vt 0.483871 1.000000
vt 0.483871 0.000000
vt 0.516129 1.000000
vt 0.516129 0.000000
vt 0.532258 1.000000
vt 0.532258 0.000000
vt 0.548387 1.000000
vt 0.548387 0.000000
vt 0.564516 1.000000
vt 0.564516 0.000000
vt 0.580645 1.000000
vt 0.580645 0.000000
vt 0.596774 1.000000
vt 0.596774 0.000000
vt 0.612903 1.000000
vt 0.612903 0.000000
vt 0.629032 1.000000
vt 0.629032 0.000000
vt 0.645161 1.000000
vt 0.645161 0.000000
vt 0.661290 1.000000
vt 0.661290 0.000000
vt 0.677419 1.000000
vt 0.677419 0.000000
vt 0.693548 1.000000
vt 0.693548 0.000000
vt 0.709677 1.000000
vt 0.709677 0.000000
vt 0.725806 1.000000
vt 0.725806 0.000000
vt 0.741935 1.000000
vt 0.741935 0.000000
vt 0.758065 1.000000
vt 0.758065 0.000000
vt 0.774194 1.000000
vt 0.774194 0.000000
vt 0.790323 1.000000
vt 0.790323 0.000000
vt 0.806452 1.000000
vt 0.806452 0.000000
vt 0.822581 1.000000
vt 0.822581 0.000000
vt 0.838710 1.000000
vt 0.838710 0.000000
vt 0.854839 1.000000
vt 0.854839 0.000000
vt 0.870968 1.000000
vt 0.870968 0.000000
vt 0.887097 1.000000
vt 0.887097 0.000000
vt 0.903226 1.000000
vt 0.903226 0.000000
vt 0.919355 1.000000
vt 0.919355 0.000000
vt 0.935484 1.000000
vt 0.935484 0.000000
vt 0.951613 1.000000
vt 0.951613 0.000000
vt 0.967742 1.000000
vt 0.967742 0.000000
vt 0.983871 1.000000
vt 0.983871 0.000000
s 0
f 54/1/1 50/2/1 49/3/1
f 54/1/1 51/4/1 50/2/1
f 53/5/1 51/4/1 54/1/1
f 53/5/1 52/6/1 51/4/1
f 11/7/1 13/8/1 12/9/1
f 10/10/1 13/8/1 11/7/1
f 10/10/1 14/11/1 13/8/1
f 9/12/1 14/11/1 10/10/1
f 9/12/1 15/13/1 14/11/1
f 8/14/1 15/13/1 9/12/1
f 8/14/1 16/15/1 15/13/1
f 7/16/1 16/15/1 8/14/1
f 7/16/1 17/17/1 16/15/1
f 6/18/1 17/17/1 7/16/1
f 6/18/1 18/19/1 17/17/1
f 5/20/1 18/19/1 6/18/1
f 5/20/1 19/21/1 18/19/1
f 4/22/1 19/21/1 5/20/1
f 4/22/1 20/23/1 19/21/1
f 3/24/1 20/23/1 4/22/1
f 3/24/1 21/25/1 20/23/1
f 2/26/1 21/25/1 3/24/1
f 2/26/1 22/27/1 21/25/1
f 1/28/1 22/27/1 2/26/1
f 1/28/1 23/29/1 22/27/1
f 1/28/1 24/30/1 23/29/1
f 48/31/1 24/30/1 1/28/1
f 47/32/1 24/30/1 48/31/1
f 47/32/1 25/33/1 24/30/1
f 47/32/1 26/34/1 25/33/1
f 46/35/1 26/34/1 47/32/1
f 46/35/1 27/36/1 26/34/1
f 45/37/1 27/36/1 46/35/1
f 45/37/1 28/38/1 27/36/1
f 44/39/1 28/38/1 45/37/1
f 44/39/1 29/40/1 28/38/1
f 43/41/1 29/40/1 44/39/1
f 43/41/1 30/42/1 29/40/1
f 42/43/1 30/42/1 43/41/1
f 42/43/1 31/44/1 30/42/1
f 41/45/1 31/44/1 42/43/1
f 40/46/1 31/44/1 41/45/1
f 40/46/1 32/47/1 31/44/1
f 39/48/1 32/47/1 40/46/1
f 39/48/1 33/49/1 32/47/1
f 38/50/1 33/49/1 39/48/1
f 38/50/1 34/51/1 33/49/1
f 37/52/1 34/51/1 38/50/1
f 37/52/1 35/53/1 34/51/1
f 36/54/1 35/53/1 37/52/1
f 67/55/1 69/56/1 68/57/1
f 67/55/1 70/58/1 69/56/1
f 66/59/1 70/58/1 67/55/1
f 66/59/1 71/60/1 70/58/1
f 128/61/1 130/62/1 129/63/1
f 65/64/1 71/60/1 66/59/1
f 65/64/1 72/65/1 71/60/1
f 155/66/1 157/67/1 156/68/1
f 64/69/1 72/65/1 65/64/1
f 128/61/1 131/70/1 130/62/1
f 127/71/1 131/70/1 128/61/1
f 127/71/1 132/72/1 131/70/1
f 155/66/1 158/73/1 157/67/1
f 64/69/1 73/74/1 72/65/1
f 127/71/1 133/75/1 132/72/1
f 127/71/1 134/76/1 133/75/1
f 63/77/1 73/74/1 64/69/1
f 127/71/1 135/78/1 134/76/1
f 155/66/1 159/79/1 158/73/1
f 154/80/1 159/79/1 155/66/1
f 127/71/1 136/81/1 135/78/1
f 127/71/1 137/82/1 136/81/1
f 63/77/1 74/83/1 73/74/1
f 127/71/1 138/84/1 137/82/1
f 153/85/1 159/79/1 154/80/1
f 62/86/1 74/83/1 63/77/1
f 127/71/1 139/87/1 138/84/1
f 126/88/1 139/87/1 127/71/1
f 126/88/1 140/89/1 139/87/1
f 153/85/1 160/90/1 159/79/1
f 126/88/1 141/91/1 140/89/1
f 126/88/1 142/92/1 141/91/1
f 152/93/1 160/90/1 153/85/1
f 126/88/1 81/94/1 142/92/1
f 62/86/1 75/95/1 74/83/1
f 61/96/1 75/95/1 62/86/1
f 152/93/1 161/97/1 160/90/1
f 151/98/1 161/97/1 152/93/1
f 125/99/1 81/94/1 126/88/1
f 61/96/1 76/100/1 75/95/1
f 125/99/1 82/101/1 81/94/1
f 60/102/1 76/100/1 61/96/1
f 151/98/1 162/103/1 161/97/1
f 150/104/1 162/103/1 151/98/1
f 60/102/1 77/105/1 76/100/1
f 59/106/1 77/105/1 60/102/1
f 124/107/1 82/101/1 125/99/1
f 150/104/1 163/108/1 162/103/1
f 124/107/1 83/109/1 82/101/1
f 149/110/1 163/108/1 150/104/1
f 59/106/1 78/111/1 77/105/1
f 58/112/1 78/111/1 59/106/1
f 149/110/1 164/113/1 163/108/1
f 148/114/1 164/113/1 149/110/1
f 123/115/1 83/109/1 124/107/1
f 58/112/1 79/116/1 78/111/1
f 123/115/1 84/117/1 83/109/1
f 57/118/1 79/116/1 58/112/1
f 57/118/1 80/119/1 79/116/1
f 148/114/1 165/120/1 164/113/1
f 147/121/1 165/120/1 148/114/1
f 56/122/1 80/119/1 57/118/1
f 123/115/1 85/123/1 84/117/1
f 122/124/1 85/123/1 123/115/1
f 56/122/1 55/28/1 80/119/1
f 147/121/1 166/125/1 165/120/1
f 146/126/1 166/125/1 147/121/1
f 122/124/1 86/127/1 85/123/1
f 146/126/1 167/128/1 166/125/1
f 121/129/1 86/127/1 122/124/1
f 145/130/1 167/128/1 146/126/1
f 145/130/1 168/1/1 167/128/1
f 121/129/1 87/131/1 86/127/1
f 144/132/1 168/1/1 145/130/1
f 120/133/1 87/131/1 121/129/1
f 144/132/1 143/134/1 168/1/1
f 120/133/1 88/135/1 87/131/1
f 119/136/1 88/135/1 120/133/1
f 119/136/1 89/137/1 88/135/1
f 118/138/1 89/137/1 119/136/1
f 118/138/1 90/139/1 89/137/1
f 117/140/1 90/139/1 118/138/1
f 117/140/1 91/141/1 90/139/1
f 116/142/1 91/141/1 117/140/1
f 116/142/1 92/143/1 91/141/1
f 115/144/1 92/143/1 116/142/1
f 115/144/1 93/145/1 92/143/1
f 114/146/1 93/145/1 115/144/1
f 114/146/1 94/147/1 93/145/1
f 113/148/1 94/147/1 114/146/1
f 112/149/1 94/147/1 113/148/1
f 112/149/1 95/150/1 94/147/1
f 111/151/1 95/150/1 112/149/1
f 111/151/1 96/152/1 95/150/1
f 110/153/1 96/152/1 111/151/1
f 110/153/1 97/154/1 96/152/1
f 109/155/1 97/154/1 110/153/1
f 108/156/1 97/154/1 109/155/1
f 108/156/1 98/157/1 97/154/1
f 107/158/1 98/157/1 108/156/1
f 107/158/1 99/159/1 98/157/1
f 106/160/1 99/159/1 107/158/1
f 105/161/1 99/159/1 106/160/1
f 105/161/1 100/162/1 99/159/1
f 104/163/1 100/162/1 105/161/1
f 104/163/1 101/164/1 100/162/1
f 104/163/1 102/165/1 101/164/1
f 104/163/1 103/166/1 102/165/1
f 367/167/1 369/168/1 368/169/1
f 366/170/1 369/168/1 367/167/1
f 366/170/1 370/171/1 369/168/1
f 365/172/1 370/171/1 366/170/1
f 365/172/1 371/173/1 370/171/1
f 364/174/1 371/173/1 365/172/1
f 364/174/1 372/175/1 371/173/1
f 363/176/1 372/175/1 364/174/1
f 363/176/1 373/177/1 372/175/1
f 362/178/1 373/177/1 363/176/1
f 362/178/1 374/179/1 373/177/1
f 361/180/1 374/179/1 362/178/1
f 361/180/1 375/181/1 374/179/1
f 360/182/1 375/181/1 361/180/1
f 360/182/1 376/183/1 375/181/1
f 359/184/1 376/183/1 360/182/1
f 359/184/1 377/185/1 376/183/1
f 358/186/1 377/185/1 359/184/1
f 358/186/1 378/187/1 377/185/1
f 357/188/1 378/187/1 358/186/1
f 357/188/1 379/189/1 378/187/1
f 356/190/1 379/189/1 357/188/1
f 356/190/1 380/191/1 379/189/1
f 356/190/1 381/192/1 380/191/1
f 355/193/1 381/192/1 356/190/1
f 355/193/1 382/194/1 381/192/1
f 354/195/1 382/194/1 355/193/1
f 353/196/1 382/194/1 354/195/1
f 352/197/1 382/194/1 353/196/1
f 351/198/1 382/194/1 352/197/1
f 350/199/1 382/194/1 351/198/1
f 349/200/1 382/194/1 350/199/1
f 393/201/1 395/202/1 394/203/1
f 348/204/1 382/194/1 349/200/1
f 392/205/1 395/202/1 393/201/1
f 391/206/1 395/202/1 392/205/1
f 347/207/1 382/194/1 348/204/1
f 390/208/1 395/202/1 391/206/1
f 389/209/1 395/202/1 390/208/1
f 388/210/1 395/202/1 389/209/1
f 346/211/1 382/194/1 347/207/1
f 387/212/1 395/202/1 388/210/1
f 386/213/1 395/202/1 387/212/1
f 385/214/1 395/202/1 386/213/1
f 345/215/1 382/194/1 346/211/1
f 384/216/1 395/202/1 385/214/1
f 383/217/1 395/202/1 384/216/1
f 382/194/1 395/202/1 383/217/1
f 505/1/1 382/194/1 345/215/1
f 505/1/1 395/202/1 382/194/1
f 480/218/1 482/219/1 481/220/1
f 480/218/1 483/221/1 482/219/1
f 504/222/1 395/202/1 505/1/1
f 480/218/1 484/223/1 483/221/1
f 503/224/1 395/202/1 504/222/1
f 502/225/1 395/202/1 503/224/1
f 480/218/1 485/226/1 484/223/1
f 501/227/1 395/202/1 502/225/1
f 480/218/1 486/228/1 485/226/1
f 500/229/1 395/202/1 501/227/1
f 499/230/1 395/202/1 500/229/1
f 480/218/1 487/231/1 486/228/1
f 498/232/1 395/202/1 499/230/1
f 480/218/1 488/233/1 487/231/1
f 497/234/1 395/202/1 498/232/1
f 480/218/1 489/235/1 488/233/1
f 496/236/1 395/202/1 497/234/1
f 480/218/1 490/237/1 489/235/1
f 495/238/1 395/202/1 496/236/1
f 480/218/1 491/239/1 490/237/1
f 494/240/1 395/202/1 495/238/1
f 480/218/1 492/241/1 491/239/1
f 493/242/1 395/202/1 494/240/1
f 480/218/1 493/242/1 492/241/1
f 480/218/1 395/202/1 493/242/1
f 480/218/1 396/243/1 395/202/1
f 480/218/1 397/244/1 396/243/1
f 480/218/1 398/245/1 397/244/1
f 480/218/1 399/246/1 398/245/1
f 480/218/1 400/247/1 399/246/1
f 480/218/1 401/248/1 400/247/1
f 480/218/1 402/249/1 401/248/1
f 480/218/1 403/250/1 402/249/1
f 480/218/1 404/251/1 403/250/1
f 480/218/1 405/252/1 404/251/1
f 480/218/1 406/253/1 405/252/1
f 480/218/1 407/254/1 406/253/1
f 480/218/1 456/255/1 407/254/1
f 456/255/1 408/256/1 407/254/1
f 479/257/1 456/255/1 480/218/1
f 478/258/1 456/255/1 479/257/1
f 477/259/1 456/255/1 478/258/1
f 477/259/1 457/260/1 456/255/1
f 455/261/1 408/256/1 456/255/1
f 476/262/1 457/260/1 477/259/1
f 476/262/1 458/263/1 457/260/1
f 476/262/1 459/264/1 458/263/1
f 475/265/1 459/264/1 476/262/1
f 475/265/1 460/266/1 459/264/1
f 474/267/1 460/266/1 475/265/1
f 474/267/1 461/268/1 460/266/1
f 473/269/1 461/268/1 474/267/1
f 473/269/1 462/270/1 461/268/1
f 472/271/1 462/270/1 473/269/1
f 472/271/1 463/272/1 462/270/1
f 471/273/1 463/272/1 472/271/1
f 471/273/1 464/274/1 463/272/1
f 470/275/1 464/274/1 471/273/1
f 470/275/1 465/276/1 464/274/1
f 470/275/1 466/277/1 465/276/1
f 469/278/1 466/277/1 470/275/1
f 469/278/1 467/279/1 466/277/1
f 468/280/1 467/279/1 469/278/1
f 455/261/1 409/281/1 408/256/1
f 454/282/1 409/281/1 455/261/1
f 454/282/1 410/283/1 409/281/1
f 453/284/1 410/283/1 454/282/1
f 453/284/1 411/285/1 410/283/1
f 452/286/1 411/285/1 453/284/1
f 451/287/1 411/285/1 452/286/1
f 451/287/1 412/288/1 411/285/1
f 450/289/1 412/288/1 451/287/1
f 450/289/1 413/290/1 412/288/1
f 449/291/1 413/290/1 450/289/1
f 269/292/1 221/293/1 270/294/1
f 269/292/1 222/295/1 221/293/1
f 268/296/1 222/295/1 269/292/1
f 268/296/1 223/297/1 222/295/1
f 267/298/1 223/297/1 268/296/1
f 267/298/1 224/299/1 223/297/1
f 266/300/1 224/299/1 267/298/1
f 266/300/1 225/301/1 224/299/1
f 265/302/1 225/301/1 266/300/1
f 265/302/1 226/303/1 225/301/1
f 264/304/1 226/303/1 265/302/1
f 449/291/1 414/305/1 413/290/1
f 264/304/1 227/306/1 226/303/1
f 263/307/1 227/306/1 264/304/1
f 263/307/1 228/308/1 227/306/1
f 262/309/1 228/308/1 263/307/1
f 262/309/1 229/310/1 228/308/1
f 261/311/1 229/310/1 262/309/1
f 261/311/1 230/312/1 229/310/1
f 260/313/1 230/312/1 261/311/1
f 260/313/1 231/314/1 230/312/1
f 259/315/1 231/314/1 260/313/1
f 448/316/1 414/305/1 449/291/1
f 259/315/1 232/317/1 231/314/1
f 258/318/1 232/317/1 259/315/1
f 257/319/1 232/317/1 258/318/1
f 257/319/1 256/320/1 232/317/1
f 256/320/1 255/321/1 232/317/1
f 255/321/1 254/322/1 232/317/1
f 254/322/1 253/323/1 232/317/1
f 253/323/1 252/324/1 232/317/1
f 252/324/1 251/325/1 232/317/1
f 251/325/1 250/326/1 232/317/1
f 250/326/1 249/327/1 232/317/1
f 249/327/1 248/328/1 232/317/1
f 248/328/1 247/329/1 232/317/1
f 247/329/1 246/330/1 232/317/1
f 246/330/1 245/331/1 232/317/1
f 245/331/1 244/332/1 232/317/1
f 244/332/1 243/333/1 232/317/1
f 243/333/1 242/334/1 232/317/1
f 242/334/1 241/335/1 232/317/1
f 241/335/1 240/336/1 232/317/1
f 240/336/1 239/337/1 232/317/1
f 239/337/1 238/338/1 232/317/1
f 238/338/1 237/339/1 232/317/1
f 237/339/1 236/340/1 232/317/1
f 236/340/1 235/341/1 232/317/1
f 235/341/1 234/342/1 232/317/1
f 234/342/1 233/343/1 232/317/1
f 448/316/1 415/344/1 414/305/1
f 447/345/1 415/344/1 448/316/1
f 446/346/1 415/344/1 447/345/1
f 446/346/1 416/347/1 415/344/1
f 445/348/1 416/347/1 446/346/1
f 445/348/1 417/349/1 416/347/1
f 444/350/1 417/349/1 445/348/1
f 444/350/1 418/351/1 417/349/1
f 443/352/1 418/351/1 444/350/1
f 443/352/1 419/353/1 418/351/1
f 443/352/1 420/354/1 419/353/1
f 442/355/1 420/354/1 443/352/1
f 442/355/1 421/356/1 420/354/1
f 441/357/1 421/356/1 442/355/1
f 441/357/1 422/358/1 421/356/1
f 440/359/1 422/358/1 441/357/1
f 440/359/1 423/360/1 422/358/1
f 439/361/1 423/360/1 440/359/1
f 439/361/1 424/362/1 423/360/1
f 330/363/1 332/364/1 331/365/1
f 438/366/1 424/362/1 439/361/1
f 330/363/1 333/367/1 332/364/1
f 329/368/1 333/367/1 330/363/1
f 329/368/1 334/369/1 333/367/1
f 328/370/1 334/369/1 329/368/1
f 328/370/1 335/371/1 334/369/1
f 438/366/1 425/372/1 424/362/1
f 327/373/1 335/371/1 328/370/1
f 327/373/1 336/374/1 335/371/1
f 327/373/1 337/375/1 336/374/1
f 326/376/1 337/375/1 327/373/1
f 437/377/1 425/372/1 438/366/1
f 326/376/1 338/378/1 337/375/1
f 325/379/1 338/378/1 326/376/1
f 325/379/1 339/380/1 338/378/1
f 324/381/1 339/380/1 325/379/1
f 324/381/1 340/382/1 339/380/1
f 437/377/1 426/383/1 425/372/1
f 324/381/1 341/384/1 340/382/1
f 323/385/1 341/384/1 324/381/1
f 323/385/1 342/386/1 341/384/1
f 322/387/1 342/386/1 323/385/1
f 436/388/1 426/383/1 437/377/1
f 322/387/1 343/389/1 342/386/1
f 321/390/1 343/389/1 322/387/1
f 321/390/1 344/391/1 343/389/1
f 321/390/1 271/392/1 344/391/1
f 320/393/1 271/392/1 321/390/1
f 436/388/1 427/394/1 426/383/1
f 319/395/1 271/392/1 320/393/1
f 319/395/1 272/396/1 271/392/1
f 318/397/1 272/396/1 319/395/1
f 318/397/1 273/398/1 272/396/1
f 435/399/1 427/394/1 436/388/1
f 318/397/1 274/400/1 273/398/1
f 317/401/1 274/400/1 318/397/1
f 317/401/1 275/402/1 274/400/1
f 435/399/1 428/403/1 427/394/1
f 317/401/1 276/404/1 275/402/1
f 434/405/1 428/403/1 435/399/1
f 317/401/1 277/406/1 276/404/1
f 316/407/1 277/406/1 317/401/1
f 316/407/1 278/408/1 277/406/1
f 293/409/1 295/410/1 294/411/1
f 292/412/1 295/410/1 293/409/1
f 291/413/1 295/410/1 292/412/1
f 316/407/1 279/414/1 278/408/1
f 290/415/1 295/410/1 291/413/1
f 289/416/1 295/410/1 290/415/1
f 316/407/1 280/417/1 279/414/1
f 315/418/1 280/417/1 316/407/1
f 288/419/1 295/410/1 289/416/1
f 434/405/1 429/420/1 428/403/1
f 287/421/1 295/410/1 288/419/1
f 315/418/1 281/422/1 280/417/1
f 286/423/1 295/410/1 287/421/1
f 285/424/1 295/410/1 286/423/1
f 284/425/1 295/410/1 285/424/1
f 315/418/1 282/426/1 281/422/1
f 283/427/1 295/410/1 284/425/1
f 282/426/1 295/410/1 283/427/1
f 315/418/1 295/410/1 282/426/1
f 433/428/1 429/420/1 434/405/1
f 314/429/1 295/410/1 315/418/1
f 313/430/1 295/410/1 314/429/1
f 433/428/1 430/431/1 429/420/1
f 432/432/1 430/431/1 433/428/1
f 312/433/1 295/410/1 313/430/1
f 311/434/1 295/410/1 312/433/1
f 310/435/1 295/410/1 311/434/1
f 310/435/1 296/436/1 295/410/1
f 431/437/1 430/431/1 432/432/1
f 310/435/1 297/438/1 296/436/1
f 310/435/1 298/439/1 297/438/1
f 310/435/1 299/440/1 298/439/1
f 309/441/1 299/440/1 310/435/1
f 309/441/1 300/442/1 299/440/1
f 309/441/1 301/443/1 300/442/1
f 309/441/1 302/444/1 301/443/1
f 308/445/1 302/444/1 309/441/1
f 308/445/1 303/446/1 302/444/1
f 308/445/1 304/447/1 303/446/1
f 308/445/1 305/448/1 304/447/1
f 307/449/1 305/448/1 308/445/1
f 307/449/1 306/450/1 305/448/1
f 207/451/1 209/452/1 208/453/1
f 207/451/1 210/454/1 209/452/1
f 207/451/1 211/455/1 210/454/1
f 206/456/1 211/455/1 207/451/1
f 206/456/1 212/457/1 211/455/1
f 205/458/1 212/457/1 206/456/1
f 181/459/1 183/460/1 182/461/1
f 204/462/1 212/457/1 205/458/1
f 204/462/1 213/463/1 212/457/1
f 181/459/1 184/464/1 183/460/1
f 203/465/1 213/463/1 204/462/1
f 203/465/1 214/466/1 213/463/1
f 181/459/1 185/467/1 184/464/1
f 180/468/1 185/467/1 181/459/1
f 202/469/1 214/466/1 203/465/1
f 202/469/1 215/470/1 214/466/1
f 180/468/1 186/471/1 185/467/1
f 179/472/1 186/471/1 180/468/1
f 201/473/1 215/470/1 202/469/1
f 201/473/1 216/474/1 215/470/1
f 179/472/1 187/475/1 186/471/1
f 178/476/1 187/475/1 179/472/1
f 200/477/1 216/474/1 201/473/1
f 200/477/1 217/478/1 216/474/1
f 178/476/1 188/479/1 187/475/1
f 177/480/1 188/479/1 178/476/1
f 199/481/1 217/478/1 200/477/1
f 199/481/1 218/482/1 217/478/1
f 176/483/1 188/479/1 177/480/1
f 176/483/1 189/484/1 188/479/1
f 198/485/1 218/482/1 199/481/1
f 198/485/1 219/486/1 218/482/1
f 175/487/1 189/484/1 176/483/1
f 175/487/1 190/488/1 189/484/1
f 197/489/1 219/486/1 198/485/1
f 197/489/1 220/490/1 219/486/1
f 174/491/1 190/488/1 175/487/1
f 174/491/1 191/492/1 190/488/1
f 197/489/1 196/493/1 220/490/1
f 196/493/1 195/494/1 220/490/1
f 173/495/1 191/492/1 174/491/1
f 173/495/1 192/496/1 191/492/1
f 173/495/1 193/497/1 192/496/1
f 172/498/1 193/497/1 173/495/1
f 172/498/1 194/499/1 193/497/1
f 171/500/1 194/499/1 172/498/1
f 171/500/1 170/501/1 194/499/1
f 170/501/1 169/28/1 194/499/1
f 518/502/1 520/503/1 519/504/1
f 518/502/1 521/505/1 520/503/1
f 517/506/1 521/505/1 518/502/1
f 517/506/1 522/507/1 521/505/1
f 516/508/1 522/507/1 517/506/1
f 516/508/1 523/509/1 522/507/1
f 515/510/1 523/509/1 516/508/1
f 515/510/1 524/511/1 523/509/1
f 514/512/1 524/511/1 515/510/1
f 514/512/1 525/513/1 524/511/1
f 513/514/1 525/513/1 514/512/1
f 512/515/1 525/513/1 513/514/1
f 512/515/1 526/516/1 525/513/1
f 511/517/1 526/516/1 512/515/1
f 511/517/1 527/518/1 526/516/1
f 510/519/1 527/518/1 511/517/1
f 510/519/1 528/520/1 527/518/1
f 509/521/1 528/520/1 510/519/1
f 509/521/1 529/522/1 528/520/1
f 508/523/1 529/522/1 509/521/1
f 508/523/1 530/524/1 529/522/1
f 507/525/1 530/524/1 508/523/1
f 507/525/1 531/526/1 530/524/1
f 507/525/1 532/527/1 531/526/1
f 506/28/1 532/527/1 507/525/1
f 506/28/1 533/528/1 532/527/1
f 544/529/1 546/530/1 545/531/1
f 543/532/1 546/530/1 544/529/1
f 542/533/1 546/530/1 543/532/1
f 541/534/1 546/530/1 542/533/1
f 540/535/1 546/530/1 541/534/1
f 539/536/1 546/530/1 540/535/1
f 538/537/1 546/530/1 539/536/1
f 681/538/1 683/539/1 682/540/1
f 681/538/1 684/541/1 683/539/1
f 537/542/1 546/530/1 538/537/1
f 681/538/1 685/543/1 684/541/1
f 536/544/1 546/530/1 537/542/1
f 681/538/1 686/545/1 685/543/1
f 681/538/1 687/546/1 686/545/1
f 535/547/1 546/530/1 536/544/1
f 681/538/1 688/548/1 687/546/1
f 534/549/1 546/530/1 535/547/1
f 681/538/1 689/550/1 688/548/1
f 681/538/1 690/551/1 689/550/1
f 533/528/1 546/530/1 534/549/1
f 681/538/1 691/552/1 690/551/1
f 506/28/1 546/530/1 533/528/1
f 681/538/1 692/553/1 691/552/1
f 681/538/1 693/554/1 692/553/1
f 681/538/1 694/1/1 693/554/1
f 681/538/1 506/28/1 694/1/1
f 681/538/1 546/530/1 506/28/1
f 681/538/1 547/555/1 546/530/1
f 681/538/1 548/556/1 547/555/1
f 681/538/1 549/557/1 548/556/1
f 681/538/1 550/558/1 549/557/1
f 681/538/1 551/559/1 550/558/1
f 681/538/1 552/560/1 551/559/1
f 681/538/1 553/323/1 552/560/1
f 681/538/1 554/561/1 553/323/1
f 681/538/1 555/562/1 554/561/1
f 680/563/1 555/562/1 681/538/1
f 679/564/1 555/562/1 680/563/1
f 679/564/1 556/565/1 555/562/1
f 678/566/1 556/565/1 679/564/1
f 677/567/1 556/565/1 678/566/1
f 677/567/1 557/568/1 556/565/1
f 676/569/1 557/568/1 677/567/1
f 675/570/1 557/568/1 676/569/1
f 675/570/1 558/571/1 557/568/1
f 674/572/1 558/571/1 675/570/1
f 674/572/1 668/573/1 558/571/1
f 668/573/1 559/574/1 558/571/1
f 673/575/1 668/573/1 674/572/1
f 672/576/1 668/573/1 673/575/1
f 671/577/1 668/573/1 672/576/1
f 670/578/1 668/573/1 671/577/1
f 669/579/1 668/573/1 670/578/1
f 667/580/1 559/574/1 668/573/1
f 667/580/1 560/581/1 559/574/1
f 666/582/1 560/581/1 667/580/1
f 666/582/1 561/583/1 560/581/1
f 665/584/1 561/583/1 666/582/1
f 665/584/1 562/585/1 561/583/1
f 665/584/1 563/586/1 562/585/1
f 664/587/1 563/586/1 665/584/1
f 664/587/1 564/588/1 563/586/1
f 663/589/1 564/588/1 664/587/1
f 663/589/1 565/590/1 564/588/1
f 663/589/1 566/591/1 565/590/1
f 581/592/1 583/593/1 582/594/1
f 580/595/1 583/593/1 581/592/1
f 580/595/1 584/596/1 583/593/1
f 579/597/1 584/596/1 580/595/1
f 662/598/1 566/591/1 663/589/1
f 578/599/1 584/596/1 579/597/1
f 578/599/1 585/600/1 584/596/1
f 577/601/1 585/600/1 578/599/1
f 576/602/1 585/600/1 577/601/1
f 576/602/1 586/603/1 585/600/1
f 662/598/1 567/604/1 566/591/1
f 575/605/1 586/603/1 576/602/1
f 575/605/1 587/606/1 586/603/1
f 574/607/1 587/606/1 575/605/1
f 661/608/1 567/604/1 662/598/1
f 573/609/1 587/606/1 574/607/1
f 661/608/1 568/610/1 567/604/1
f 573/609/1 588/611/1 587/606/1
f 572/612/1 588/611/1 573/609/1
f 661/608/1 569/613/1 568/610/1
f 572/612/1 589/614/1 588/611/1
f 571/615/1 631/616/1 572/612/1
f 631/616/1 589/614/1 572/612/1
f 660/617/1 569/613/1 661/608/1
f 571/615/1 632/618/1 631/616/1
f 630/619/1 589/614/1 631/616/1
f 571/615/1 633/620/1 632/618/1
f 629/621/1 589/614/1 630/619/1
f 660/617/1 570/622/1 569/613/1
f 571/615/1 634/623/1 633/620/1
f 570/622/1 634/623/1 571/615/1
f 628/624/1 589/614/1 629/621/1
f 628/624/1 590/625/1 589/614/1
f 570/622/1 635/626/1 634/623/1
f 627/627/1 590/625/1 628/624/1
f 570/622/1 636/628/1 635/626/1
f 626/629/1 590/625/1 627/627/1
f 660/617/1 636/628/1 570/622/1
f 660/617/1 637/630/1 636/628/1
f 625/631/1 590/625/1 626/629/1
f 625/631/1 591/632/1 590/625/1
f 659/633/1 637/630/1 660/617/1
f 659/633/1 638/634/1 637/630/1
f 624/635/1 591/632/1 625/631/1
f 659/633/1 639/636/1 638/634/1
f 624/635/1 592/637/1 591/632/1
f 623/638/1 592/637/1 624/635/1
f 659/633/1 640/639/1 639/636/1
f 658/640/1 640/639/1 659/633/1
f 622/641/1 592/637/1 623/638/1
f 658/640/1 641/642/1 640/639/1
f 622/641/1 593/643/1 592/637/1
f 621/644/1 593/643/1 622/641/1
f 658/640/1 642/645/1 641/642/1
f 657/646/1 642/645/1 658/640/1
f 620/647/1 593/643/1 621/644/1
f 657/646/1 643/648/1 642/645/1
f 620/647/1 594/649/1 593/643/1
f 656/650/1 643/648/1 657/646/1
f 619/651/1 594/649/1 620/647/1
f 656/650/1 644/652/1 643/648/1
f 656/650/1 645/653/1 644/652/1
f 656/650/1 646/654/1 645/653/1
f 619/651/1 595/655/1 594/649/1
f 656/650/1 647/356/1 646/654/1
f 618/656/1 595/655/1 619/651/1
f 656/650/1 648/657/1 647/356/1
f 656/650/1 649/658/1 648/657/1
f 655/659/1 654/660/1 656/650/1
f 654/660/1 653/661/1 656/650/1
f 653/661/1 652/662/1 656/650/1
f 652/662/1 651/663/1 656/650/1
f 651/663/1 650/664/1 656/650/1
f 650/664/1 649/658/1 656/650/1
f 617/665/1 595/655/1 618/656/1
f 617/665/1 596/666/1 595/655/1
f 616/667/1 596/666/1 617/665/1
f 616/667/1 597/668/1 596/666/1
f 615/669/1 597/668/1 616/667/1
f 614/670/1 597/668/1 615/669/1
f 614/670/1 598/671/1 597/668/1
f 613/672/1 598/671/1 614/670/1
f 612/673/1 598/671/1 613/672/1
f 612/673/1 599/674/1 598/671/1
f 611/675/1 599/674/1 612/673/1
f 606/676/1 608/677/1 607/678/1
f 610/679/1 599/674/1 611/675/1
f 606/676/1 609/680/1 608/677/1
f 609/680/1 599/674/1 610/679/1
f 606/676/1 599/674/1 609/680/1
f 606/676/1 600/375/1 599/674/1
f 606/676/1 601/681/1 600/375/1
f 606/676/1 602/682/1 601/681/1
f 606/676/1 603/683/1 602/682/1
f 605/684/1 603/683/1 606/676/1
f 605/684/1 604/685/1 603/683/1
f 1035/686/1 1037/687/1 1036/688/1
f 1035/686/1 1038/689/1 1037/687/1
f 1034/690/1 1038/689/1 1035/686/1
f 1034/690/1 1039/691/1 1038/689/1
f 1073/692/1 1075/693/1 1074/694/1
f 719/695/1 695/28/1 720/696/1
f 719/695/1 696/697/1 695/28/1
f 1033/698/1 1039/691/1 1034/690/1
f 1072/699/1 1075/693/1 1073/692/1
f 1033/698/1 1040/700/1 1039/691/1
f 1072/699/1 1076/701/1 1075/693/1
f 719/695/1 697/702/1 696/697/1
f 1071/703/1 1076/701/1 1072/699/1
f 991/704/1 1171/705/1 992/706/1
f 1171/705/1 993/707/1 992/706/1
f 1171/705/1 1170/708/1 993/707/1
f 1170/708/1 994/709/1 993/707/1
f 1032/710/1 1040/700/1 1033/698/1
f 719/695/1 698/711/1 697/702/1
f 1032/710/1 1041/712/1 1040/700/1
f 1071/703/1 1077/713/1 1076/701/1
f 718/714/1 698/711/1 719/695/1
f 1070/715/1 1077/713/1 1071/703/1
f 718/714/1 699/716/1 698/711/1
f 717/717/1 699/716/1 718/714/1
f 1031/718/1 1041/712/1 1032/710/1
f 1070/715/1 1078/719/1 1077/713/1
f 1069/720/1 1078/719/1 1070/715/1
f 1031/718/1 1042/721/1 1041/712/1
f 717/717/1 700/722/1 699/716/1
f 716/723/1 700/722/1 717/717/1
f 1068/724/1 1078/719/1 1069/720/1
f 1068/724/1 1079/725/1 1078/719/1
f 1030/726/1 1042/721/1 1031/718/1
f 716/723/1 701/727/1 700/722/1
f 715/728/1 701/727/1 716/723/1
f 1030/726/1 1043/729/1 1042/721/1
f 1067/730/1 1079/725/1 1068/724/1
f 715/728/1 702/731/1 701/727/1
f 1067/730/1 1080/732/1 1079/725/1
f 714/733/1 702/731/1 715/728/1
f 1029/734/1 1043/729/1 1030/726/1
f 1029/734/1 1044/735/1 1043/729/1
f 714/733/1 703/736/1 702/731/1
f 1066/737/1 1080/732/1 1067/730/1
f 713/738/1 703/736/1 714/733/1
f 1066/737/1 1081/739/1 1080/732/1
f 713/738/1 704/740/1 703/736/1
f 1028/741/1 1044/735/1 1029/734/1
f 1028/741/1 1045/742/1 1044/735/1
f 1065/743/1 1081/739/1 1066/737/1
f 991/704/1 1172/744/1 1171/705/1
f 1169/745/1 994/709/1 1170/708/1
f 712/746/1 704/740/1 713/738/1
f 1065/743/1 1082/747/1 1081/739/1
f 712/746/1 705/748/1 704/740/1
f 1064/749/1 1082/747/1 1065/743/1
f 711/750/1 705/748/1 712/746/1
f 1027/751/1 1045/742/1 1028/741/1
f 1027/751/1 1046/752/1 1045/742/1
f 1064/749/1 1083/753/1 1082/747/1
f 711/750/1 706/754/1 705/748/1
f 1063/755/1 1083/753/1 1064/749/1
f 710/756/1 706/754/1 711/750/1
f 710/756/1 709/757/1 706/754/1
f 709/757/1 708/758/1 706/754/1
f 708/758/1 707/759/1 706/754/1
f 1026/760/1 1046/752/1 1027/751/1
f 1063/755/1 1084/761/1 1083/753/1
f 1026/760/1 1047/762/1 1046/752/1
f 1062/763/1 1084/761/1 1063/755/1
f 1062/763/1 1085/764/1 1084/761/1
f 1061/765/1 1085/764/1 1062/763/1
f 1025/766/1 1047/762/1 1026/760/1
f 1060/767/1 1085/764/1 1061/765/1
f 1025/766/1 1048/768/1 1047/762/1
f 1059/769/1 1085/764/1 1060/767/1
f 1058/770/1 1085/764/1 1059/769/1
f 1057/771/1 1085/764/1 1058/770/1
f 1057/771/1 1086/772/1 1085/764/1
f 1056/773/1 1086/772/1 1057/771/1
f 1055/774/1 1086/772/1 1056/773/1
f 1024/775/1 1048/768/1 1025/766/1
f 1024/775/1 1049/776/1 1048/768/1
f 1054/777/1 1086/772/1 1055/774/1
f 1053/778/1 1086/772/1 1054/777/1
f 1053/778/1 1087/779/1 1086/772/1
f 1052/780/1 1087/779/1 1053/778/1
f 1051/781/1 1087/779/1 1052/780/1
f 1050/782/1 1087/779/1 1051/781/1
f 1022/783/1 1024/775/1 1023/784/1
f 1022/783/1 1049/776/1 1024/775/1
f 1022/783/1 1050/782/1 1049/776/1
f 1022/783/1 1087/779/1 1050/782/1
f 1022/783/1 1088/785/1 1087/779/1
f 1022/783/1 1089/786/1 1088/785/1
f 1021/787/1 1089/786/1 1022/783/1
f 1020/788/1 1090/789/1 1021/787/1
f 1090/789/1 1089/786/1 1021/787/1
f 1020/788/1 1091/790/1 1090/789/1
f 1020/788/1 1092/791/1 1091/790/1
f 1019/792/1 1092/791/1 1020/788/1
f 991/704/1 1176/793/1 1172/744/1
f 1176/793/1 1169/745/1 1172/744/1
f 1176/793/1 1175/794/1 1169/745/1
f 1175/794/1 994/709/1 1169/745/1
f 1019/792/1 1093/795/1 1092/791/1
f 1018/796/1 1093/795/1 1019/792/1
f 1018/796/1 1094/797/1 1093/795/1
f 1017/798/1 1094/797/1 1018/796/1
f 1017/798/1 1095/799/1 1094/797/1
f 1016/800/1 1095/799/1 1017/798/1
f 1016/800/1 1096/801/1 1095/799/1
f 1015/802/1 1096/801/1 1016/800/1
f 1015/802/1 1097/803/1 1096/801/1
f 1014/804/1 1097/803/1 1015/802/1
f 1014/804/1 1098/805/1 1097/803/1
f 1013/806/1 1098/805/1 1014/804/1
f 1013/806/1 1099/807/1 1098/805/1
f 1012/808/1 1099/807/1 1013/806/1
f 1012/808/1 1100/809/1 1099/807/1
f 1011/810/1 1100/809/1 1012/808/1
f 991/704/1 1177/1/1 1176/793/1
f 1174/811/1 994/709/1 1175/794/1
f 1011/810/1 1101/812/1 1100/809/1
f 1010/813/1 1101/812/1 1011/810/1
f 1010/813/1 1102/814/1 1101/812/1
f 1009/815/1 1102/814/1 1010/813/1
f 1007/816/1 1009/815/1 1008/817/1
f 1007/816/1 1102/814/1 1009/815/1
f 1007/816/1 1103/818/1 1102/814/1
f 1007/816/1 1104/819/1 1103/818/1
f 991/704/1 1173/820/1 1177/1/1
f 990/821/1 1173/820/1 991/704/1
f 1006/822/1 1104/819/1 1007/816/1
f 1005/823/1 1142/824/1 1006/822/1
f 1142/824/1 1104/819/1 1006/822/1
f 1005/823/1 1143/825/1 1142/824/1
f 1141/826/1 1104/819/1 1142/824/1
f 1140/827/1 1105/828/1 1141/826/1
f 1105/828/2 1104/819/2 1141/826/2
f 1140/827/1 1106/829/1 1105/828/1
f 1140/827/1 1107/830/1 1106/829/1
f 1004/831/1 1143/825/1 1005/823/1
f 1004/831/1 1144/832/1 1143/825/1
f 1139/833/1 1107/830/1 1140/827/1
f 1139/833/1 1108/834/1 1107/830/1
f 1003/835/1 1144/832/1 1004/831/1
f 1003/835/1 1145/836/1 1144/832/1
f 989/837/1 1173/820/1 990/821/1
f 1138/838/1 1108/834/1 1139/833/1
f 1002/839/1 1145/836/1 1003/835/1
f 1138/838/1 1109/840/1 1108/834/1
f 1002/839/1 1146/841/1 1145/836/1
f 1166/842/1 1168/843/1 1167/844/1
f 1166/842/1 721/845/1 1168/843/1
f 1001/846/1 1146/841/1 1002/839/1
f 1138/838/1 1110/847/1 1109/840/1
f 1137/848/1 1110/847/1 1138/838/1
f 1001/846/1 1147/849/1 1146/841/1
f 1165/850/1 721/845/1 1166/842/1
f 1165/850/1 722/851/1 721/845/1
f 1000/852/1 1147/849/1 1001/846/1
f 1137/848/1 1111/853/1 1110/847/1
f 989/837/1 1174/811/1 1173/820/1
f 989/837/1 994/709/1 1174/811/1
f 1164/854/1 722/851/1 1165/850/1
f 1164/854/1 723/855/1 722/851/1
f 988/856/1 954/857/1 989/837/1
f 954/857/1 994/709/1 989/837/1
f 1136/858/1 1111/853/1 1137/848/1
f 1000/852/1 1148/859/1 1147/849/1
f 999/860/1 1148/859/1 1000/852/1
f 1136/858/1 1112/861/1 1111/853/1
f 1163/862/1 723/855/1 1164/854/1
f 1163/862/1 724/863/1 723/855/1
f 999/860/1 1149/864/1 1148/859/1
f 998/865/1 1149/864/1 999/860/1
f 1136/858/1 1113/866/1 1112/861/1
f 1162/867/1 724/863/1 1163/862/1
f 1162/867/1 725/868/1 724/863/1
f 1135/869/1 1113/866/1 1136/858/1
f 1161/870/1 725/868/1 1162/867/1
f 1161/870/1 726/871/1 725/868/1
f 997/872/1 1149/864/1 998/865/1
f 1135/869/1 1114/873/1 1113/866/1
f 997/872/1 1150/874/1 1149/864/1
f 1134/875/1 1114/873/1 1135/869/1
f 1160/876/1 726/871/1 1161/870/1
f 1160/876/1 727/877/1 726/871/1
f 1134/875/1 1115/878/1 1114/873/1
f 996/879/1 1150/874/1 997/872/1
f 987/880/1 955/881/1 988/856/1
f 955/881/1 954/857/1 988/856/1
f 996/879/1 1151/882/1 1150/874/1
f 1159/883/1 727/877/1 1160/876/1
f 1159/883/1 728/884/1 727/877/1
f 1134/875/1 1116/885/1 1115/878/1
f 995/886/1 1151/882/1 996/879/1
f 1133/887/1 1116/885/1 1134/875/1
f 995/886/1 1152/888/1 1151/882/1
f 1158/889/1 728/884/1 1159/883/1
f 1158/889/1 729/890/1 728/884/1
f 1133/887/1 1117/891/1 1116/885/1
f 994/709/1 1152/888/1 995/886/1
f 987/880/1 956/892/1 955/881/1
f 953/893/1 994/709/1 954/857/1
f 1133/887/1 1118/894/1 1117/891/1
f 1157/895/1 729/890/1 1158/889/1
f 1157/895/1 730/896/1 729/890/1
f 1133/887/1 1119/897/1 1118/894/1
f 994/709/1 1153/898/1 1152/888/1
f 1132/899/1 1119/897/1 1133/887/1
f 953/893/1 892/900/1 994/709/1
f 892/900/1 1153/898/1 994/709/1
f 1132/899/1 1120/901/1 1119/897/1
f 1156/902/1 730/896/1 1157/895/1
f 1156/902/1 731/903/1 730/896/1
f 1132/899/1 1121/904/1 1120/901/1
f 1132/899/1 1122/905/1 1121/904/1
f 892/900/1 1154/906/1 1153/898/1
f 1131/907/1 1122/905/1 1132/899/1
f 1155/908/1 731/903/1 1156/902/1
f 1155/908/1 732/909/1 731/903/1
f 1131/907/1 1123/910/1 1122/905/1
f 986/911/1 956/892/1 987/880/1
f 953/893/1 893/912/1 892/900/1
f 891/913/1 1154/906/1 892/900/1
f 1131/907/1 1124/914/1 1123/910/1
f 890/915/1 1154/906/1 891/913/1
f 890/915/1 1155/908/1 1154/906/1
f 890/915/1 732/909/1 1155/908/1
f 890/915/1 733/916/1 732/909/1
f 890/915/1 734/917/1 733/916/1
f 890/915/1 735/918/1 734/917/1
f 890/915/1 736/919/1 735/918/1
f 1131/907/1 1125/920/1 1124/914/1
f 889/921/1 868/922/1 890/915/1
f 868/922/1 736/919/1 890/915/1
f 868/922/1 737/923/1 736/919/1
f 986/911/1 957/924/1 956/892/1
f 1130/925/1 1125/920/1 1131/907/1
f 889/921/1 869/926/1 868/922/1
f 867/927/1 737/923/1 868/922/1
f 867/927/1 738/928/1 737/923/1
f 888/929/1 869/926/1 889/921/1
f 1130/925/1 1126/930/1 1125/920/1
f 888/929/1 870/931/1 869/926/1
f 867/927/1 739/932/1 738/928/1
f 887/933/1 870/931/1 888/929/1
f 887/933/1 871/934/1 870/931/1
f 867/927/1 740/935/1 739/932/1
f 1130/925/1 1127/936/1 1126/930/1
f 887/933/1 872/937/1 871/934/1
f 886/938/1 872/937/1 887/933/1
f 867/927/1 741/939/1 740/935/1
f 1129/940/1 1128/941/1 1130/925/1
f 1128/941/1 1127/936/1 1130/925/1
f 886/938/1 873/942/1 872/937/1
f 867/927/1 742/943/1 741/939/1
f 885/944/1 873/942/1 886/938/1
f 885/944/1 874/945/1 873/942/1
f 867/927/1 743/946/1 742/943/1
f 884/947/1 874/945/1 885/944/1
f 884/947/1 875/948/1 874/945/1
f 867/927/1 744/949/1 743/946/1
f 884/947/1 876/950/1 875/948/1
f 883/951/1 876/950/1 884/947/1
f 883/951/1 877/952/1 876/950/1
f 867/927/1 745/953/1 744/949/1
f 882/954/1 877/952/1 883/951/1
f 882/954/1 878/955/1 877/952/1
f 867/927/1 866/956/1 745/953/1
f 866/956/1 830/957/1 745/953/1
f 830/957/1 829/958/1 745/953/1
f 829/958/1 746/959/1 745/953/1
f 881/960/1 878/955/1 882/954/1
f 881/960/1 879/961/1 878/955/1
f 880/962/1 879/961/1 881/960/1
f 985/963/1 957/924/1 986/911/1
f 985/963/1 958/964/1 957/924/1
f 865/965/1 830/957/1 866/956/1
f 865/965/1 831/966/1 830/957/1
f 828/967/1 746/959/1 829/958/1
f 985/963/1 959/968/1 958/964/1
f 828/967/1 747/969/1 746/959/1
f 984/970/1 959/968/1 985/963/1
f 864/971/1 831/966/1 865/965/1
f 864/971/1 832/972/1 831/966/1
f 827/973/1 747/969/1 828/967/1
f 984/970/1 960/974/1 959/968/1
f 863/975/1 832/972/1 864/971/1
f 827/973/1 748/976/1 747/969/1
f 983/977/1 960/974/1 984/970/1
f 826/978/1 748/976/1 827/973/1
f 863/975/1 833/979/1 832/972/1
f 862/980/1 833/979/1 863/975/1
f 983/977/1 961/981/1 960/974/1
f 826/978/1 749/982/1 748/976/1
f 825/983/1 749/982/1 826/978/1
f 862/980/1 834/984/1 833/979/1
f 861/985/1 834/984/1 862/980/1
f 982/986/1 961/981/1 983/977/1
f 982/986/1 962/987/1 961/981/1
f 824/988/1 749/982/1 825/983/1
f 860/989/1 834/984/1 861/985/1
f 824/988/1 750/990/1 749/982/1
f 860/989/1 835/991/1 834/984/1
f 823/992/1 750/990/1 824/988/1
f 859/993/1 835/991/1 860/989/1
f 982/986/1 963/994/1 962/987/1
f 981/995/1 963/994/1 982/986/1
f 823/992/1 751/996/1 750/990/1
f 859/993/1 836/997/1 835/991/1
f 822/998/1 751/996/1 823/992/1
f 858/999/1 836/997/1 859/993/1
f 821/1000/1 751/996/1 822/998/1
f 821/1000/1 752/1001/1 751/996/1
f 858/999/1 837/1002/1 836/997/1
f 857/1003/1 837/1002/1 858/999/1
f 981/995/1 964/1004/1 963/994/1
f 820/1005/1 752/1001/1 821/1000/1
f 980/1006/1 964/1004/1 981/995/1
f 819/1007/1 752/1001/1 820/1005/1
f 856/1008/1 837/1002/1 857/1003/1
f 819/1007/1 753/1009/1 752/1001/1
f 856/1008/1 838/1010/1 837/1002/1
f 818/1011/1 753/1009/1 819/1007/1
f 952/1012/1 893/912/1 953/893/1
f 952/1012/1 894/1013/1 893/912/1
f 951/1014/1 894/1013/1 952/1012/1
f 950/1015/1 894/1013/1 951/1014/1
f 817/1016/1 753/1009/1 818/1011/1
f 949/1017/1 894/1013/1 950/1015/1
f 855/1018/1 838/1010/1 856/1008/1
f 980/1006/1 965/1019/1 964/1004/1
f 948/1020/1 894/1013/1 949/1017/1
f 948/1020/1 895/1021/1 894/1013/1
f 817/1016/1 754/1022/1 753/1009/1
f 947/1023/1 895/1021/1 948/1020/1
f 816/1024/1 754/1022/1 817/1016/1
f 946/1025/1 895/1021/1 947/1023/1
f 815/1026/1 754/1022/1 816/1024/1
f 945/1027/1 895/1021/1 946/1025/1
f 944/1028/1 895/1021/1 945/1027/1
f 814/1029/1 754/1022/1 815/1026/1
f 943/1030/1 895/1021/1 944/1028/1
f 928/1031/1 930/1032/1 929/1033/1
f 792/1034/1 794/1035/1 793/1036/1
f 928/1031/1 931/1037/1 930/1032/1
f 942/1038/1 895/1021/1 943/1030/1
f 928/1031/1 932/1039/1 931/1037/1
f 928/1031/1 933/1040/1 932/1039/1
f 941/1041/1 895/1021/1 942/1038/1
f 928/1031/1 934/1042/1 933/1040/1
f 928/1031/1 935/1043/1 934/1042/1
f 928/1031/1 936/375/1 935/1043/1
f 813/1044/1 754/1022/1 814/1029/1
f 928/1031/1 937/1045/1 936/375/1
f 928/1031/1 938/1046/1 937/1045/1
f 928/1031/1 939/1047/1 938/1046/1
f 928/1031/1 940/1048/1 939/1047/1
f 928/1031/1 941/1041/1 940/1048/1
f 928/1031/1 895/1021/1 941/1041/1
f 792/1034/1 795/1049/1 794/1035/1
f 792/1034/1 796/1050/1 795/1049/1
f 812/1051/1 754/1022/1 813/1044/1
f 928/1031/1 896/1052/1 895/1021/1
f 792/1034/1 797/1053/1 796/1050/1
f 811/1054/1 754/1022/1 812/1051/1
f 792/1034/1 798/1055/1 797/1053/1
f 855/1018/1 839/1056/1 838/1010/1
f 810/1057/1 754/1022/1 811/1054/1
f 792/1034/1 799/1058/1 798/1055/1
f 792/1034/1 800/1059/1 799/1058/1
f 809/1060/1 754/1022/1 810/1057/1
f 792/1034/1 801/1061/1 800/1059/1
f 791/1062/1 801/1061/1 792/1034/1
f 791/1062/1 802/1063/1 801/1061/1
f 808/1064/1 754/1022/1 809/1060/1
f 791/1062/1 803/1065/1 802/1063/1
f 791/1062/1 804/1066/1 803/1065/1
f 791/1062/1 805/1067/1 804/1066/1
f 791/1062/1 806/1068/1 805/1067/1
f 927/1069/1 896/1052/1 928/1031/1
f 807/1070/1 754/1022/1 808/1064/1
f 791/1062/1 807/1070/1 806/1068/1
f 791/1062/1 754/1022/1 807/1070/1
f 854/1071/1 839/1056/1 855/1018/1
f 979/1072/1 965/1019/1 980/1006/1
f 790/1073/1 754/1022/1 791/1062/1
f 790/1073/1 755/1074/1 754/1022/1
f 927/1069/1 897/1075/1 896/1052/1
f 926/1076/1 897/1075/1 927/1069/1
f 789/1077/1 755/1074/1 790/1073/1
f 925/1078/1 897/1075/1 926/1076/1
f 925/1078/1 898/1079/1 897/1075/1
f 853/1080/1 839/1056/1 854/1071/1
f 788/1081/1 755/1074/1 789/1077/1
f 852/1082/1 839/1056/1 853/1080/1
f 788/1081/1 756/1083/1 755/1074/1
f 924/1084/1 898/1079/1 925/1078/1
f 979/1072/1 966/1085/1 965/1019/1
f 924/1084/1 899/1086/1 898/1079/1
f 852/1082/1 840/1087/1 839/1056/1
f 851/1088/1 840/1087/1 852/1082/1
f 787/1089/1 756/1083/1 788/1081/1
f 923/1090/1 899/1086/1 924/1084/1
f 923/1090/1 900/1091/1 899/1086/1
f 850/1092/1 840/1087/1 851/1088/1
f 786/1093/1 756/1083/1 787/1089/1
f 786/1093/1 757/1094/1 756/1083/1
f 922/1095/1 900/1091/1 923/1090/1
f 922/1095/1 901/1096/1 900/1091/1
f 849/1097/1 840/1087/1 850/1092/1
f 785/1098/1 757/1094/1 786/1093/1
f 785/1098/1 758/1099/1 757/1094/1
f 922/1095/1 902/1100/1 901/1096/1
f 848/1101/1 840/1087/1 849/1097/1
f 921/1102/1 902/1100/1 922/1095/1
f 848/1101/1 841/1103/1 840/1087/1
f 784/1104/1 758/1099/1 785/1098/1
f 784/1104/1 759/1105/1 758/1099/1
f 921/1102/1 903/1106/1 902/1100/1
f 847/1107/1 841/1103/1 848/1101/1
f 978/1108/1 966/1085/1 979/1072/1
f 784/1104/1 760/1109/1 759/1105/1
f 920/1110/1 903/1106/1 921/1102/1
f 977/1111/1 966/1085/1 978/1108/1
f 783/1112/1 760/1109/1 784/1104/1
f 920/1110/1 904/1113/1 903/1106/1
f 976/1114/1 966/1085/1 977/1111/1
f 783/1112/1 761/1115/1 760/1109/1
f 846/1116/1 841/1103/1 847/1107/1
f 976/1114/1 975/1117/1 966/1085/1
f 975/1117/1 974/1118/1 966/1085/1
f 974/1118/1 973/1119/1 966/1085/1
f 973/1119/1 972/1120/1 966/1085/1
f 972/1120/1 971/1121/1 966/1085/1
f 971/1121/1 970/1122/1 966/1085/1
f 970/1122/1 969/1123/1 966/1085/1
f 969/1123/1 968/1124/1 966/1085/1
f 968/1124/1 967/1125/1 966/1085/1
f 920/1110/1 905/1126/1 904/1113/1
f 783/1112/1 762/1127/1 761/1115/1
f 919/1128/1 905/1126/1 920/1110/1
f 782/1129/1 762/1127/1 783/1112/1
f 919/1128/1 906/1130/1 905/1126/1
f 782/1129/1 763/1131/1 762/1127/1
f 845/1132/1 841/1103/1 846/1116/1
f 782/1129/1 764/1133/1 763/1131/1
f 919/1128/1 907/1134/1 906/1130/1
f 845/1132/1 844/1135/1 841/1103/1
f 844/1135/1 843/1136/1 841/1103/1
f 843/1136/1 842/1137/1 841/1103/1
f 918/1138/1 907/1134/1 919/1128/1
f 781/1139/1 764/1133/1 782/1129/1
f 781/1139/1 765/1140/1 764/1133/1
f 918/1138/1 908/1141/1 907/1134/1
f 781/1139/1 766/1142/1 765/1140/1
f 781/1139/1 767/1143/1 766/1142/1
f 918/1138/1 909/1144/1 908/1141/1
f 781/1139/1 768/1145/1 767/1143/1
f 781/1139/1 769/1146/1 768/1145/1
f 918/1138/1 910/1147/1 909/1144/1
f 917/1148/1 910/1147/1 918/1138/1
f 780/1149/1 769/1146/1 781/1139/1
f 780/1149/1 770/1150/1 769/1146/1
f 779/1151/1 770/1150/1 780/1149/1
f 779/1151/1 771/1152/1 770/1150/1
f 778/1153/1 771/1152/1 779/1151/1
f 778/1153/1 772/1154/1 771/1152/1
f 777/1155/1 772/1154/1 778/1153/1
f 777/1155/1 773/1156/1 772/1154/1
f 776/1157/1 773/1156/1 777/1155/1
f 776/1157/1 774/1158/1 773/1156/1
f 917/1148/1 911/1159/1 910/1147/1
f 775/1160/1 774/1158/1 776/1157/1
f 917/1148/1 912/1161/1 911/1159/1
f 917/1148/1 913/1162/1 912/1161/1
f 917/1148/1 914/1163/1 913/1162/1
f 917/1148/1 915/1164/1 914/1163/1
f 917/1148/1 916/1165/1 915/1164/1
f 1260/1166/1 1262/1167/1 1261/1168/1
f 1260/1166/1 1263/1169/1 1262/1167/1
f 1259/1170/1 1263/1169/1 1260/1166/1
f 1259/1170/1 1264/1171/1 1263/1169/1
f 1258/1172/1 1264/1171/1 1259/1170/1
f 1258/1172/1 1265/1173/1 1264/1171/1
f 1257/1174/1 1265/1173/1 1258/1172/1
f 1257/1174/1 1266/1175/1 1265/1173/1
f 1256/375/1 1213/1176/1 1257/1174/1
f 1213/1176/1 1322/1177/1 1257/1174/1
f 1322/1177/1 1266/1175/1 1257/1174/1
f 1213/1176/1 1323/1178/1 1322/1177/1
f 1321/259/1 1266/1175/1 1322/1177/1
f 1256/375/1 1214/1179/1 1213/1176/1
f 1212/1180/1 1323/1178/1 1213/1176/1
f 1321/259/1 1267/1181/1 1266/1175/1
f 1320/1182/1 1267/1181/1 1321/259/1
f 1256/375/1 1215/1183/1 1214/1179/1
f 1255/1184/1 1215/1183/1 1256/375/1
f 1319/1185/1 1267/1181/1 1320/1182/1
f 1212/1180/1 1324/1186/1 1323/1178/1
f 1255/1184/1 1216/1187/1 1215/1183/1
f 1211/1188/1 1324/1186/1 1212/1180/1
f 1318/1189/1 1267/1181/1 1319/1185/1
f 1318/1189/1 1268/1190/1 1267/1181/1
f 1255/1184/1 1217/323/1 1216/1187/1
f 1211/1188/1 1325/1191/1 1324/1186/1
f 1254/1192/1 1217/323/1 1255/1184/1
f 1210/1193/1 1325/1191/1 1211/1188/1
f 1317/1194/1 1268/1190/1 1318/1189/1
f 1254/1192/1 1218/1195/1 1217/323/1
f 1317/1194/1 1269/172/1 1268/1190/1
f 1316/1196/1 1269/172/1 1317/1194/1
f 1209/1197/1 1325/1191/1 1210/1193/1
f 1209/1197/1 1326/1198/1 1325/1191/1
f 1253/1199/1 1218/1195/1 1254/1192/1
f 1253/1199/1 1219/1200/1 1218/1195/1
f 1208/1201/1 1326/1198/1 1209/1197/1
f 1315/1202/1 1269/172/1 1316/1196/1
f 1208/1201/1 1327/1203/1 1326/1198/1
f 1315/1202/1 1270/1204/1 1269/172/1
f 1207/1205/1 1327/1203/1 1208/1201/1
f 1207/1205/1 1328/1206/1 1327/1203/1
f 1314/1207/1 1270/1204/1 1315/1202/1
f 1253/1199/1 1220/1208/1 1219/1200/1
f 1252/1209/1 1220/1208/1 1253/1199/1
f 1206/1210/1 1328/1206/1 1207/1205/1
f 1206/1210/1 1329/1211/1 1328/1206/1
f 1314/1207/1 1271/1212/1 1270/1204/1
f 1313/1213/1 1271/1212/1 1314/1207/1
f 1252/1209/1 1221/1214/1 1220/1208/1
f 1205/1215/1 1329/1211/1 1206/1210/1
f 1205/1215/1 1330/1216/1 1329/1211/1
f 1251/1217/1 1221/1214/1 1252/1209/1
f 1312/1218/1 1271/1212/1 1313/1213/1
f 1204/301/1 1330/1216/1 1205/1215/1
f 1251/1217/1 1222/1219/1 1221/1214/1
f 1204/301/1 1331/1220/1 1330/1216/1
f 1312/1218/1 1272/1221/1 1271/1212/1
f 1203/1222/1 1331/1220/1 1204/301/1
f 1203/1222/1 1332/1223/1 1331/1220/1
f 1311/1224/1 1272/1221/1 1312/1218/1
f 1251/1217/1 1223/1225/1 1222/1219/1
f 1250/1226/1 1223/1225/1 1251/1217/1
f 1202/1227/1 1332/1223/1 1203/1222/1
f 1202/1227/1 1333/1228/1 1332/1223/1
f 1311/1224/1 1273/1229/1 1272/1221/1
f 1201/1230/1 1333/1228/1 1202/1227/1
f 1310/1231/1 1273/1229/1 1311/1224/1
f 1250/1226/1 1224/1232/1 1223/1225/1
f 1201/1230/1 1334/1/1 1333/1228/1
f 1200/1233/1 1334/1/1 1201/1230/1
f 1249/1234/1 1224/1232/1 1250/1226/1
f 1200/1233/1 1226/1235/1 1334/1/1
f 1309/1236/1 1273/1229/1 1310/1231/1
f 1249/1234/1 1225/1237/1 1224/1232/1
f 1309/1236/1 1274/1238/1 1273/1229/1
f 1199/1239/1 1226/1235/1 1200/1233/1
f 1249/1234/1 1178/28/1 1225/1237/1
f 1308/291/1 1274/1238/1 1309/1236/1
f 1248/1240/1 1178/28/1 1249/1234/1
f 1199/1239/1 1227/1241/1 1226/1235/1
f 1308/291/1 1275/1242/1 1274/1238/1
f 1198/1243/1 1227/1241/1 1199/1239/1
f 1248/1240/1 1179/1244/1 1178/28/1
f 1307/1245/1 1275/1242/1 1308/291/1
f 1247/1246/1 1179/1244/1 1248/1240/1
f 1197/1247/1 1227/1241/1 1198/1243/1
f 1247/1246/1 1180/1248/1 1179/1244/1
f 1197/1247/1 1228/1249/1 1227/1241/1
f 1307/1245/1 1276/1250/1 1275/1242/1
f 1306/1251/1 1276/1250/1 1307/1245/1
f 1247/1246/1 1181/1252/1 1180/1248/1
f 1196/1253/1 1228/1249/1 1197/1247/1
f 1246/1254/1 1181/1252/1 1247/1246/1
f 1196/1253/1 1229/1255/1 1228/1249/1
f 1246/1254/1 1182/1256/1 1181/1252/1
f 1195/1257/1 1229/1255/1 1196/1253/1
f 1306/1251/1 1277/1258/1 1276/1250/1
f 1305/1259/1 1277/1258/1 1306/1251/1
f 1245/1260/1 1182/1256/1 1246/1254/1
f 1245/1260/1 1183/1261/1 1182/1256/1
f 1194/1262/1 1229/1255/1 1195/1257/1
f 1194/1262/1 1230/422/1 1229/1255/1
f 1245/1260/1 1184/1263/1 1183/1261/1
f 1304/1264/1 1277/1258/1 1305/1259/1
f 1193/1265/1 1230/422/1 1194/1262/1
f 1244/1266/1 1184/1263/1 1245/1260/1
f 1244/1266/1 1185/1267/1 1184/1263/1
f 1304/1264/1 1278/1268/1 1277/1258/1
f 1192/1269/1 1230/422/1 1193/1265/1
f 1244/1266/1 1186/1270/1 1185/1267/1
f 1303/1271/1 1278/1268/1 1304/1264/1
f 1192/1269/1 1231/1272/1 1230/422/1
f 1191/489/1 1231/1272/1 1192/1269/1
f 1244/1266/1 1187/1273/1 1186/1270/1
f 1190/1274/1 1231/1272/1 1191/489/1
f 1244/1266/1 1188/1275/1 1187/1273/1
f 1243/441/1 1188/1275/1 1244/1266/1
f 1189/1276/1 1231/1272/1 1190/1274/1
f 1243/441/1 1189/1276/1 1188/1275/1
f 1243/441/1 1231/1272/1 1189/1276/1
f 1302/1277/1 1278/1268/1 1303/1271/1
f 1302/1277/1 1279/1278/1 1278/1268/1
f 1243/441/1 1232/1279/1 1231/1272/1
f 1242/1280/1 1232/1279/1 1243/441/1
f 1301/1281/1 1279/1278/1 1302/1277/1
f 1242/1280/1 1233/1282/1 1232/1279/1
f 1241/1283/1 1233/1282/1 1242/1280/1
f 1301/1281/1 1280/1284/1 1279/1278/1
f 1300/1285/1 1280/1284/1 1301/1281/1
f 1241/1283/1 1234/1286/1 1233/1282/1
f 1240/1287/1 1234/1286/1 1241/1283/1
f 1299/1288/1 1280/1284/1 1300/1285/1
f 1298/1289/1 1280/1284/1 1299/1288/1
f 1240/1287/1 1235/1290/1 1234/1286/1
f 1239/1291/1 1235/1290/1 1240/1287/1
f 1298/1289/1 1281/1292/1 1280/1284/1
f 1297/1293/1 1281/1292/1 1298/1289/1
f 1296/1294/1 1281/1292/1 1297/1293/1
f 1295/356/1 1281/1292/1 1296/1294/1
f 1239/1291/1 1236/1295/1 1235/1290/1
f 1238/1296/1 1236/1295/1 1239/1291/1
f 1294/1297/1 1281/1292/1 1295/356/1
f 1293/1298/1 1281/1292/1 1294/1297/1
f 1292/1299/1 1281/1292/1 1293/1298/1
f 1291/1300/1 1281/1292/1 1292/1299/1
f 1290/1301/1 1281/1292/1 1291/1300/1
f 1289/1302/1 1281/1292/1 1290/1301/1
f 1238/1296/1 1237/1303/1 1236/1295/1
f 1288/1304/1 1281/1292/1 1289/1302/1
f 1287/1305/1 1281/1292/1 1288/1304/1
f 1286/1306/1 1281/1292/1 1287/1305/1
f 1285/1307/1 1281/1292/1 1286/1306/1
f 1285/1307/1 1282/201/1 1281/1292/1
f 1285/1307/1 1283/1308/1 1282/201/1
f 1285/1307/1 1284/1309/1 1283/1308/1
f 1347/1310/1 1349/1311/1 1348/1312/1
f 1347/1310/1 1346/1313/1 1349/1311/1
f 1346/1313/1 1449/1314/1 1349/1311/1
f 1449/1314/1 1463/1/1 1349/1311/1
f 1463/1/1 1350/1315/1 1349/1311/1
f 1345/1316/1 1449/1314/1 1346/1313/1
f 1345/1316/1 1450/1317/1 1449/1314/1
f 1462/1318/1 1350/1315/1 1463/1/1
f 1345/1316/1 1451/1319/1 1450/1317/1
f 1344/1320/1 1451/1319/1 1345/1316/1
f 1344/1320/1 1452/1321/1 1451/1319/1
f 1343/488/1 1452/1321/1 1344/1320/1
f 1343/488/1 1453/1322/1 1452/1321/1
f 1342/1323/1 1453/1322/1 1343/488/1
f 1342/1323/1 1454/1324/1 1453/1322/1
f 1341/1325/1 1454/1324/1 1342/1323/1
f 1340/1326/1 1454/1324/1 1341/1325/1
f 1340/1326/1 1455/223/1 1454/1324/1
f 1339/1327/1 1455/223/1 1340/1326/1
f 1339/1327/1 1456/1328/1 1455/223/1
f 1338/1329/1 1456/1328/1 1339/1327/1
f 1338/1329/1 1457/1330/1 1456/1328/1
f 1337/1331/1 1457/1330/1 1338/1329/1
f 1337/1331/1 1458/1332/1 1457/1330/1
f 1336/1333/1 1458/1332/1 1337/1331/1
f 1336/1333/1 1459/1334/1 1458/1332/1
f 1335/28/1 1459/1334/1 1336/1333/1
f 1335/28/1 1460/1335/1 1459/1334/1
f 1429/1336/1 1460/1335/1 1335/28/1
f 1429/1336/1 1461/1337/1 1460/1335/1
f 1427/1338/1 1429/1336/1 1428/1339/1
f 1427/1338/1 1461/1337/1 1429/1336/1
f 1427/1338/1 1462/1318/1 1461/1337/1
f 1427/1338/1 1350/1315/1 1462/1318/1
f 1427/1338/1 1351/455/1 1350/1315/1
f 1427/1338/1 1352/1340/1 1351/455/1
f 1426/1341/2 1352/1340/2 1427/1338/2
f 1425/1342/1 1448/1343/1 1426/1341/1
f 1448/1343/1 1352/1340/1 1426/1341/1
f 1425/1342/1 1434/1344/1 1448/1343/1
f 1447/272/2 1352/1340/2 1448/1343/2
f 1446/1345/1 1353/1346/1 1447/272/1
f 1353/1346/1 1352/1340/1 1447/272/1
f 1446/1345/1 1354/1347/1 1353/1346/1
f 1425/1342/1 1435/1348/1 1434/1344/1
f 1424/1349/1 1435/1348/1 1425/1342/1
f 1424/1349/1 1436/1350/1 1435/1348/1
f 1423/247/1 1436/1350/1 1424/1349/1
f 1423/247/1 1437/1351/1 1436/1350/1
f 1422/1352/1 1437/1351/1 1423/247/1
f 1422/1352/1 1438/1353/1 1437/1351/1
f 1421/1354/1 1438/1353/1 1422/1352/1
f 1421/1354/1 1439/355/1 1438/1353/1
f 1420/1355/1 1439/355/1 1421/1354/1
f 1420/1355/1 1440/1356/1 1439/355/1
f 1419/1357/1 1440/1356/1 1420/1355/1
f 1419/1357/1 1441/1358/1 1440/1356/1
f 1418/1359/1 1441/1358/1 1419/1357/1
f 1418/1359/1 1442/1360/1 1441/1358/1
f 1417/1361/1 1442/1360/1 1418/1359/1
f 1417/1361/1 1443/1362/1 1442/1360/1
f 1416/1363/1 1443/1362/1 1417/1361/1
f 1416/1363/1 1444/1364/1 1443/1362/1
f 1415/189/1 1444/1364/1 1416/1363/1
f 1415/189/1 1445/1365/1 1444/1364/1
f 1414/1366/1 1445/1365/1 1415/189/1
f 1412/1367/1 1414/1366/1 1413/1368/1
f 1412/1367/1 1445/1365/1 1414/1366/1
f 1412/1367/1 1446/1345/1 1445/1365/1
f 1412/1367/1 1354/1347/1 1446/1345/1
f 1411/1369/1 1354/1347/1 1412/1367/1
f 1410/1370/1 1355/1371/1 1411/1369/1
f 1355/1371/1 1354/1347/1 1411/1369/1
f 1410/1370/1 1356/1372/1 1355/1371/1
f 1410/1370/1 1357/1373/1 1356/1372/1
f 1410/1370/1 1358/1374/1 1357/1373/1
f 1409/1375/1 1358/1374/1 1410/1370/1
f 1409/1375/1 1359/317/1 1358/1374/1
f 1409/1375/1 1360/1376/1 1359/317/1
f 1409/1375/1 1361/1377/1 1360/1376/1
f 1408/1378/1 1361/1377/1 1409/1375/1
f 1408/1378/1 1362/1379/1 1361/1377/1
f 1408/1378/1 1363/1380/1 1362/1379/1
f 1408/1378/1 1364/1381/1 1363/1380/1
f 1407/186/1 1364/1381/1 1408/1378/1
f 1407/186/1 1365/1382/1 1364/1381/1
f 1407/186/1 1366/1383/1 1365/1382/1
f 1407/186/1 1367/323/1 1366/1383/1
f 1406/1384/1 1367/323/1 1407/186/1
f 1406/1384/1 1368/1385/1 1367/323/1
f 1406/1384/1 1430/1386/1 1368/1385/1
f 1430/1386/1 1369/1387/1 1368/1385/1
f 1405/1388/1 1430/1386/1 1406/1384/1
f 1404/1389/1 1430/1386/1 1405/1388/1
f 1403/1390/1 1375/400/1 1404/1389/1
f 1375/400/1 1430/1386/1 1404/1389/1
f 1403/1390/1 1376/1391/1 1375/400/1
f 1374/1392/1 1431/356/1 1375/400/1
f 1431/356/1 1430/1386/1 1375/400/1
f 1374/1392/1 1432/1393/1 1431/356/1
f 1433/1394/1 1369/1387/1 1430/1386/1
f 1402/1395/1 1376/1391/1 1403/1390/1
f 1402/1395/1 1377/1396/1 1376/1391/1
f 1402/1395/1 1378/1397/1 1377/1396/1
f 1401/1398/1 1378/1397/1 1402/1395/1
f 1401/1398/1 1379/1399/1 1378/1397/1
f 1400/1400/1 1379/1399/1 1401/1398/1
f 1400/1400/1 1380/1401/1 1379/1399/1
f 1400/1400/1 1381/1402/1 1380/1401/1
f 1399/375/1 1381/1402/1 1400/1400/1
f 1399/375/1 1382/1403/1 1381/1402/1
f 1398/1404/1 1382/1403/1 1399/375/1
f 1397/1405/1 1382/1403/1 1398/1404/1
f 1397/1405/1 1383/410/1 1382/1403/1
f 1396/1406/1 1383/410/1 1397/1405/1
f 1395/1407/1 1383/410/1 1396/1406/1
f 1394/1408/1 1383/410/1 1395/1407/1
f 1394/1408/1 1384/1409/1 1383/410/1
f 1393/1410/1 1384/1409/1 1394/1408/1
f 1392/1411/1 1384/1409/1 1393/1410/1
f 1392/1411/1 1385/1412/1 1384/1409/1
f 1391/407/1 1385/1412/1 1392/1411/1
f 1390/1413/1 1385/1412/1 1391/407/1
f 1390/1413/1 1386/1414/1 1385/1412/1
f 1389/1415/1 1386/1414/1 1390/1413/1
f 1389/1415/1 1388/1416/1 1386/1414/1
f 1388/1416/1 1387/1417/1 1386/1414/1
f 1374/1392/1 1372/1418/1 1432/1393/1
f 1372/1418/1 1433/1394/1 1432/1393/1
f 1372/1418/1 1371/1419/1 1433/1394/1
f 1371/1419/1 1369/1387/1 1433/1394/1
f 1374/1392/1 1373/1420/1 1372/1418/1
f 1370/1421/1 1369/1387/1 1371/1419/1
f 1517/1/2 1512/3/2 1513/2/2
f 1517/1/2 1513/2/2 1514/4/2
f 1516/5/2 1517/1/2 1514/4/2
f 1516/5/2 1514/4/2 1515/6/2
f 1474/7/2 1475/9/2 1476/8/2
f 1473/10/2 1474/7/2 1476/8/2
f 1473/10/2 1476/8/2 1477/11/2
f 1472/12/2 1473/10/2 1477/11/2
f 1472/12/2 1477/11/2 1478/13/2
f 1471/14/2 1472/12/2 1478/13/2
f 1471/14/2 1478/13/2 1479/15/2
f 1470/16/2 1471/14/2 1479/15/2
f 1470/16/2 1479/15/2 1480/17/2
f 1469/18/2 1470/16/2 1480/17/2
f 1469/18/2 1480/17/2 1481/19/2
f 1468/20/2 1469/18/2 1481/19/2
f 1468/20/2 1481/19/2 1482/21/2
f 1467/22/2 1468/20/2 1482/21/2
f 1467/22/2 1482/21/2 1483/23/2
f 1466/24/2 1467/22/2 1483/23/2
f 1466/24/2 1483/23/2 1484/25/2
f 1465/26/2 1466/24/2 1484/25/2
f 1465/26/2 1484/25/2 1485/27/2
f 1464/28/2 1465/26/2 1485/27/2
f 1464/28/2 1485/27/2 1486/29/2
f 1464/28/2 1486/29/2 1487/30/2
f 1511/31/2 1464/28/2 1487/30/2
f 1510/32/2 1511/31/2 1487/30/2
f 1510/32/2 1487/30/2 1488/33/2
f 1510/32/2 1488/33/2 1489/34/2
f 1509/35/2 1510/32/2 1489/34/2
f 1509/35/2 1489/34/2 1490/36/2
f 1508/37/2 1509/35/2 1490/36/2
f 1508/37/2 1490/36/2 1491/38/2
f 1507/39/2 1508/37/2 1491/38/2
f 1507/39/2 1491/38/2 1492/40/2
f 1506/41/2 1507/39/2 1492/40/2
f 1506/41/2 1492/40/2 1493/42/2
f 1505/43/2 1506/41/2 1493/42/2
f 1505/43/2 1493/42/2 1494/44/2
f 1504/45/2 1505/43/2 1494/44/2
f 1503/46/2 1504/45/2 1494/44/2
f 1503/46/2 1494/44/2 1495/47/2
f 1502/48/2 1503/46/2 1495/47/2
f 1502/48/2 1495/47/2 1496/49/2
f 1501/50/2 1502/48/2 1496/49/2
f 1501/50/2 1496/49/2 1497/51/2
f 1500/52/2 1501/50/2 1497/51/2
f 1500/52/2 1497/51/2 1498/53/2
f 1499/54/2 1500/52/2 1498/53/2
f 1530/55/2 1531/57/2 1532/56/2
f 1530/55/2 1532/56/2 1533/58/2
f 1529/59/2 1530/55/2 1533/58/2
f 1529/59/2 1533/58/2 1534/60/2
f 1591/61/2 1592/63/2 1593/62/2
f 1528/64/2 1529/59/2 1534/60/2
f 1528/64/2 1534/60/2 1535/65/2
f 1618/66/2 1619/68/2 1620/67/2
f 1527/69/2 1528/64/2 1535/65/2
f 1591/61/2 1593/62/2 1594/70/2
f 1590/71/2 1591/61/2 1594/70/2
f 1590/71/2 1594/70/2 1595/72/2
f 1618/66/2 1620/67/2 1621/73/2
f 1527/69/2 1535/65/2 1536/74/2
f 1590/71/2 1595/72/2 1596/75/2
f 1590/71/2 1596/75/2 1597/76/2
f 1526/77/2 1527/69/2 1536/74/2
f 1590/71/2 1597/76/2 1598/78/2
f 1618/66/2 1621/73/2 1622/79/2
f 1617/80/2 1618/66/2 1622/79/2
f 1590/71/2 1598/78/2 1599/81/2
f 1590/71/2 1599/81/2 1600/82/2
f 1526/77/2 1536/74/2 1537/83/2
f 1590/71/2 1600/82/2 1601/84/2
f 1616/85/2 1617/80/2 1622/79/2
f 1525/86/2 1526/77/2 1537/83/2
f 1590/71/2 1601/84/2 1602/87/2
f 1589/88/2 1590/71/2 1602/87/2
f 1589/88/2 1602/87/2 1603/89/2
f 1616/85/2 1622/79/2 1623/90/2
f 1589/88/2 1603/89/2 1604/91/2
f 1589/88/2 1604/91/2 1605/92/2
f 1615/93/2 1616/85/2 1623/90/2
f 1589/88/2 1605/92/2 1544/94/2
f 1525/86/2 1537/83/2 1538/95/2
f 1524/96/2 1525/86/2 1538/95/2
f 1615/93/2 1623/90/2 1624/97/2
f 1614/98/2 1615/93/2 1624/97/2
f 1588/99/2 1589/88/2 1544/94/2
f 1524/96/2 1538/95/2 1539/100/2
f 1588/99/2 1544/94/2 1545/101/2
f 1523/102/2 1524/96/2 1539/100/2
f 1614/98/2 1624/97/2 1625/103/2
f 1613/104/2 1614/98/2 1625/103/2
f 1523/102/2 1539/100/2 1540/105/2
f 1522/106/2 1523/102/2 1540/105/2
f 1587/107/2 1588/99/2 1545/101/2
f 1613/104/2 1625/103/2 1626/108/2
f 1587/107/2 1545/101/2 1546/109/2
f 1612/110/2 1613/104/2 1626/108/2
f 1522/106/2 1540/105/2 1541/111/2
f 1521/112/2 1522/106/2 1541/111/2
f 1612/110/2 1626/108/2 1627/113/2
f 1611/114/2 1612/110/2 1627/113/2
f 1586/115/2 1587/107/2 1546/109/2
f 1521/112/2 1541/111/2 1542/116/2
f 1586/115/2 1546/109/2 1547/117/2
f 1520/118/2 1521/112/2 1542/116/2
f 1520/118/2 1542/116/2 1543/119/2
f 1611/114/2 1627/113/2 1628/120/2
f 1610/121/2 1611/114/2 1628/120/2
f 1519/122/2 1520/118/2 1543/119/2
f 1586/115/2 1547/117/2 1548/123/2
f 1585/124/2 1586/115/2 1548/123/2
f 1519/122/2 1543/119/2 1518/28/2
f 1610/121/2 1628/120/2 1629/125/2
f 1609/126/2 1610/121/2 1629/125/2
f 1585/124/2 1548/123/2 1549/127/2
f 1609/126/2 1629/125/2 1630/128/2
f 1584/129/2 1585/124/2 1549/127/2
f 1608/130/2 1609/126/2 1630/128/2
f 1608/130/2 1630/128/2 1631/1/2
f 1584/129/2 1549/127/2 1550/131/2
f 1607/132/2 1608/130/2 1631/1/2
f 1583/133/2 1584/129/2 1550/131/2
f 1607/132/2 1631/1/2 1606/134/2
f 1583/133/2 1550/131/2 1551/135/2
f 1582/136/2 1583/133/2 1551/135/2
f 1582/136/2 1551/135/2 1552/137/2
f 1581/138/2 1582/136/2 1552/137/2
f 1581/138/2 1552/137/2 1553/139/2
f 1580/140/2 1581/138/2 1553/139/2
f 1580/140/2 1553/139/2 1554/141/2
f 1579/142/2 1580/140/2 1554/141/2
f 1579/142/2 1554/141/2 1555/143/2
f 1578/144/2 1579/142/2 1555/143/2
f 1578/144/2 1555/143/2 1556/145/2
f 1577/146/2 1578/144/2 1556/145/2
f 1577/146/2 1556/145/2 1557/147/2
f 1576/148/2 1577/146/2 1557/147/2
f 1575/149/2 1576/148/2 1557/147/2
f 1575/149/2 1557/147/2 1558/150/2
f 1574/151/2 1575/149/2 1558/150/2
f 1574/151/2 1558/150/2 1559/152/2
f 1573/153/2 1574/151/2 1559/152/2
f 1573/153/2 1559/152/2 1560/154/2
f 1572/155/2 1573/153/2 1560/154/2
f 1571/156/2 1572/155/2 1560/154/2
f 1571/156/2 1560/154/2 1561/157/2
f 1570/158/2 1571/156/2 1561/157/2
f 1570/158/2 1561/157/2 1562/159/2
f 1569/160/2 1570/158/2 1562/159/2
f 1568/161/2 1569/160/2 1562/159/2
f 1568/161/2 1562/159/2 1563/162/2
f 1567/163/2 1568/161/2 1563/162/2
f 1567/163/2 1563/162/2 1564/164/2
f 1567/163/2 1564/164/2 1565/165/2
f 1567/163/2 1565/165/2 1566/166/2
f 1830/167/2 1831/169/2 1832/168/2
f 1829/170/2 1830/167/2 1832/168/2
f 1829/170/2 1832/168/2 1833/171/2
f 1828/172/2 1829/170/2 1833/171/2
f 1828/172/2 1833/171/2 1834/173/2
f 1827/174/2 1828/172/2 1834/173/2
f 1827/174/2 1834/173/2 1835/175/2
f 1826/176/2 1827/174/2 1835/175/2
f 1826/176/2 1835/175/2 1836/177/2
f 1825/178/2 1826/176/2 1836/177/2
f 1825/178/2 1836/177/2 1837/179/2
f 1824/180/2 1825/178/2 1837/179/2
f 1824/180/2 1837/179/2 1838/181/2
f 1823/182/2 1824/180/2 1838/181/2
f 1823/182/2 1838/181/2 1839/183/2
f 1822/184/2 1823/182/2 1839/183/2
f 1822/184/2 1839/183/2 1840/185/2
f 1821/186/2 1822/184/2 1840/185/2
f 1821/186/2 1840/185/2 1841/187/2
f 1820/188/2 1821/186/2 1841/187/2
f 1820/188/2 1841/187/2 1842/189/2
f 1819/190/2 1820/188/2 1842/189/2
f 1819/190/2 1842/189/2 1843/191/2
f 1819/190/2 1843/191/2 1844/192/2
f 1818/193/2 1819/190/2 1844/192/2
f 1818/193/2 1844/192/2 1845/194/2
f 1817/195/2 1818/193/2 1845/194/2
f 1816/196/2 1817/195/2 1845/194/2
f 1815/197/2 1816/196/2 1845/194/2
f 1814/198/2 1815/197/2 1845/194/2
f 1813/199/2 1814/198/2 1845/194/2
f 1812/200/2 1813/199/2 1845/194/2
f 1856/201/2 1857/203/2 1858/202/2
f 1811/204/2 1812/200/2 1845/194/2
f 1855/205/2 1856/201/2 1858/202/2
f 1854/206/2 1855/205/2 1858/202/2
f 1810/207/2 1811/204/2 1845/194/2
f 1853/208/2 1854/206/2 1858/202/2
f 1852/209/2 1853/208/2 1858/202/2
f 1851/210/2 1852/209/2 1858/202/2
f 1809/211/2 1810/207/2 1845/194/2
f 1850/212/2 1851/210/2 1858/202/2
f 1849/213/2 1850/212/2 1858/202/2
f 1848/214/2 1849/213/2 1858/202/2
f 1808/215/2 1809/211/2 1845/194/2
f 1847/216/2 1848/214/2 1858/202/2
f 1846/217/2 1847/216/2 1858/202/2
f 1845/194/2 1846/217/2 1858/202/2
f 1968/1/2 1808/215/2 1845/194/2
f 1968/1/2 1845/194/2 1858/202/2
f 1943/218/2 1944/220/2 1945/219/2
f 1943/218/2 1945/219/2 1946/221/2
f 1967/222/2 1968/1/2 1858/202/2
f 1943/218/2 1946/221/2 1947/223/2
f 1966/224/2 1967/222/2 1858/202/2
f 1965/225/2 1966/224/2 1858/202/2
f 1943/218/2 1947/223/2 1948/226/2
f 1964/227/2 1965/225/2 1858/202/2
f 1943/218/2 1948/226/2 1949/228/2
f 1963/229/2 1964/227/2 1858/202/2
f 1962/230/2 1963/229/2 1858/202/2
f 1943/218/2 1949/228/2 1950/231/2
f 1961/232/2 1962/230/2 1858/202/2
f 1943/218/2 1950/231/2 1951/233/2
f 1960/234/2 1961/232/2 1858/202/2
f 1943/218/2 1951/233/2 1952/235/2
f 1959/236/2 1960/234/2 1858/202/2
f 1943/218/2 1952/235/2 1953/237/2
f 1958/238/2 1959/236/2 1858/202/2
f 1943/218/2 1953/237/2 1954/239/2
f 1957/240/2 1958/238/2 1858/202/2
f 1943/218/2 1954/239/2 1955/241/2
f 1956/242/2 1957/240/2 1858/202/2
f 1943/218/2 1955/241/2 1956/242/2
f 1943/218/2 1956/242/2 1858/202/2
f 1943/218/2 1858/202/2 1859/243/2
f 1943/218/2 1859/243/2 1860/244/2
f 1943/218/2 1860/244/2 1861/245/2
f 1943/218/2 1861/245/2 1862/246/2
f 1943/218/2 1862/246/2 1863/247/2
f 1943/218/2 1863/247/2 1864/248/2
f 1943/218/2 1864/248/2 1865/249/2
f 1943/218/2 1865/249/2 1866/250/2
f 1943/218/2 1866/250/2 1867/251/2
f 1943/218/2 1867/251/2 1868/252/2
f 1943/218/2 1868/252/2 1869/253/2
f 1943/218/2 1869/253/2 1870/254/2
f 1943/218/2 1870/254/2 1919/255/2
f 1919/255/2 1870/254/2 1871/256/2
f 1942/257/2 1943/218/2 1919/255/2
f 1941/258/2 1942/257/2 1919/255/2
f 1940/259/2 1941/258/2 1919/255/2
f 1940/259/2 1919/255/2 1920/260/2
f 1918/261/2 1919/255/2 1871/256/2
f 1939/262/2 1940/259/2 1920/260/2
f 1939/262/2 1920/260/2 1921/263/2
f 1939/262/2 1921/263/2 1922/264/2
f 1938/265/2 1939/262/2 1922/264/2
f 1938/265/2 1922/264/2 1923/266/2
f 1937/267/2 1938/265/2 1923/266/2
f 1937/267/2 1923/266/2 1924/268/2
f 1936/269/2 1937/267/2 1924/268/2
f 1936/269/2 1924/268/2 1925/270/2
f 1935/271/2 1936/269/2 1925/270/2
f 1935/271/2 1925/270/2 1926/272/2
f 1934/273/2 1935/271/2 1926/272/2
f 1934/273/2 1926/272/2 1927/274/2
f 1933/275/2 1934/273/2 1927/274/2
f 1933/275/2 1927/274/2 1928/276/2
f 1933/275/2 1928/276/2 1929/277/2
f 1932/278/2 1933/275/2 1929/277/2
f 1932/278/2 1929/277/2 1930/279/2
f 1931/280/2 1932/278/2 1930/279/2
f 1918/261/2 1871/256/2 1872/281/2
f 1917/282/2 1918/261/2 1872/281/2
f 1917/282/2 1872/281/2 1873/283/2
f 1916/284/2 1917/282/2 1873/283/2
f 1916/284/2 1873/283/2 1874/285/2
f 1915/286/2 1916/284/2 1874/285/2
f 1914/287/2 1915/286/2 1874/285/2
f 1914/287/2 1874/285/2 1875/288/2
f 1913/289/2 1914/287/2 1875/288/2
f 1913/289/2 1875/288/2 1876/290/2
f 1912/291/2 1913/289/2 1876/290/2
f 1732/292/2 1733/294/2 1684/293/2
f 1732/292/2 1684/293/2 1685/295/2
f 1731/296/2 1732/292/2 1685/295/2
f 1731/296/2 1685/295/2 1686/297/2
f 1730/298/2 1731/296/2 1686/297/2
f 1730/298/2 1686/297/2 1687/299/2
f 1729/300/2 1730/298/2 1687/299/2
f 1729/300/2 1687/299/2 1688/301/2
f 1728/302/2 1729/300/2 1688/301/2
f 1728/302/2 1688/301/2 1689/303/2
f 1727/304/2 1728/302/2 1689/303/2
f 1912/291/2 1876/290/2 1877/305/2
f 1727/304/2 1689/303/2 1690/306/2
f 1726/307/2 1727/304/2 1690/306/2
f 1726/307/2 1690/306/2 1691/308/2
f 1725/309/2 1726/307/2 1691/308/2
f 1725/309/2 1691/308/2 1692/310/2
f 1724/311/2 1725/309/2 1692/310/2
f 1724/311/2 1692/310/2 1693/312/2
f 1723/313/2 1724/311/2 1693/312/2
f 1723/313/2 1693/312/2 1694/314/2
f 1722/315/2 1723/313/2 1694/314/2
f 1911/316/2 1912/291/2 1877/305/2
f 1722/315/2 1694/314/2 1695/317/2
f 1721/318/2 1722/315/2 1695/317/2
f 1720/319/2 1721/318/2 1695/317/2
f 1720/319/2 1695/317/2 1719/320/2
f 1719/320/2 1695/317/2 1718/321/2
f 1718/321/2 1695/317/2 1717/322/2
f 1717/322/2 1695/317/2 1716/323/2
f 1716/323/2 1695/317/2 1715/324/2
f 1715/324/2 1695/317/2 1714/325/2
f 1714/325/2 1695/317/2 1713/326/2
f 1713/326/2 1695/317/2 1712/327/2
f 1712/327/2 1695/317/2 1711/328/2
f 1711/328/2 1695/317/2 1710/329/2
f 1710/329/2 1695/317/2 1709/330/2
f 1709/330/2 1695/317/2 1708/331/2
f 1708/331/2 1695/317/2 1707/332/2
f 1707/332/2 1695/317/2 1706/333/2
f 1706/333/2 1695/317/2 1705/334/2
f 1705/334/2 1695/317/2 1704/335/2
f 1704/335/2 1695/317/2 1703/336/2
f 1703/336/2 1695/317/2 1702/337/2
f 1702/337/2 1695/317/2 1701/338/2
f 1701/338/2 1695/317/2 1700/339/2
f 1700/339/2 1695/317/2 1699/340/2
f 1699/340/2 1695/317/2 1698/341/2
f 1698/341/2 1695/317/2 1697/342/2
f 1697/342/2 1695/317/2 1696/343/2
f 1911/316/2 1877/305/2 1878/344/2
f 1910/345/2 1911/316/2 1878/344/2
f 1909/346/2 1910/345/2 1878/344/2
f 1909/346/2 1878/344/2 1879/347/2
f 1908/348/2 1909/346/2 1879/347/2
f 1908/348/2 1879/347/2 1880/349/2
f 1907/350/2 1908/348/2 1880/349/2
f 1907/350/2 1880/349/2 1881/351/2
f 1906/352/2 1907/350/2 1881/351/2
f 1906/352/2 1881/351/2 1882/353/2
f 1906/352/2 1882/353/2 1883/354/2
f 1905/355/2 1906/352/2 1883/354/2
f 1905/355/2 1883/354/2 1884/356/2
f 1904/357/2 1905/355/2 1884/356/2
f 1904/357/2 1884/356/2 1885/358/2
f 1903/359/2 1904/357/2 1885/358/2
f 1903/359/2 1885/358/2 1886/360/2
f 1902/361/2 1903/359/2 1886/360/2
f 1902/361/2 1886/360/2 1887/362/2
f 1793/363/2 1794/365/2 1795/364/2
f 1901/366/2 1902/361/2 1887/362/2
f 1793/363/2 1795/364/2 1796/367/2
f 1792/368/2 1793/363/2 1796/367/2
f 1792/368/2 1796/367/2 1797/369/2
f 1791/370/2 1792/368/2 1797/369/2
f 1791/370/2 1797/369/2 1798/371/2
f 1901/366/2 1887/362/2 1888/372/2
f 1790/373/2 1791/370/2 1798/371/2
f 1790/373/2 1798/371/2 1799/374/2
f 1790/373/2 1799/374/2 1800/375/2
f 1789/376/2 1790/373/2 1800/375/2
f 1900/377/2 1901/366/2 1888/372/2
f 1789/376/2 1800/375/2 1801/378/2
f 1788/379/2 1789/376/2 1801/378/2
f 1788/379/2 1801/378/2 1802/380/2
f 1787/381/2 1788/379/2 1802/380/2
f 1787/381/2 1802/380/2 1803/382/2
f 1900/377/2 1888/372/2 1889/383/2
f 1787/381/2 1803/382/2 1804/384/2
f 1786/385/2 1787/381/2 1804/384/2
f 1786/385/2 1804/384/2 1805/386/2
f 1785/387/2 1786/385/2 1805/386/2
f 1899/388/2 1900/377/2 1889/383/2
f 1785/387/2 1805/386/2 1806/389/2
f 1784/390/2 1785/387/2 1806/389/2
f 1784/390/2 1806/389/2 1807/391/2
f 1784/390/2 1807/391/2 1734/392/2
f 1783/393/2 1784/390/2 1734/392/2
f 1899/388/2 1889/383/2 1890/394/2
f 1782/395/2 1783/393/2 1734/392/2
f 1782/395/2 1734/392/2 1735/396/2
f 1781/397/2 1782/395/2 1735/396/2
f 1781/397/2 1735/396/2 1736/398/2
f 1898/399/2 1899/388/2 1890/394/2
f 1781/397/2 1736/398/2 1737/400/2
f 1780/401/2 1781/397/2 1737/400/2
f 1780/401/2 1737/400/2 1738/402/2
f 1898/399/2 1890/394/2 1891/403/2
f 1780/401/2 1738/402/2 1739/404/2
f 1897/405/2 1898/399/2 1891/403/2
f 1780/401/2 1739/404/2 1740/406/2
f 1779/407/2 1780/401/2 1740/406/2
f 1779/407/2 1740/406/2 1741/408/2
f 1756/409/2 1757/411/2 1758/410/2
f 1755/412/2 1756/409/2 1758/410/2
f 1754/413/2 1755/412/2 1758/410/2
f 1779/407/2 1741/408/2 1742/414/2
f 1753/415/2 1754/413/2 1758/410/2
f 1752/416/2 1753/415/2 1758/410/2
f 1779/407/2 1742/414/2 1743/417/2
f 1778/418/2 1779/407/2 1743/417/2
f 1751/419/2 1752/416/2 1758/410/2
f 1897/405/2 1891/403/2 1892/420/2
f 1750/421/2 1751/419/2 1758/410/2
f 1778/418/2 1743/417/2 1744/422/2
f 1749/423/2 1750/421/2 1758/410/2
f 1748/424/2 1749/423/2 1758/410/2
f 1747/425/2 1748/424/2 1758/410/2
f 1778/418/2 1744/422/2 1745/426/2
f 1746/427/2 1747/425/2 1758/410/2
f 1745/426/2 1746/427/2 1758/410/2
f 1778/418/2 1745/426/2 1758/410/2
f 1896/428/2 1897/405/2 1892/420/2
f 1777/429/2 1778/418/2 1758/410/2
f 1776/430/2 1777/429/2 1758/410/2
f 1896/428/2 1892/420/2 1893/431/2
f 1895/432/2 1896/428/2 1893/431/2
f 1775/433/2 1776/430/2 1758/410/2
f 1774/434/2 1775/433/2 1758/410/2
f 1773/435/2 1774/434/2 1758/410/2
f 1773/435/2 1758/410/2 1759/436/2
f 1894/437/2 1895/432/2 1893/431/2
f 1773/435/2 1759/436/2 1760/438/2
f 1773/435/2 1760/438/2 1761/439/2
f 1773/435/2 1761/439/2 1762/440/2
f 1772/441/2 1773/435/2 1762/440/2
f 1772/441/2 1762/440/2 1763/442/2
f 1772/441/2 1763/442/2 1764/443/2
f 1772/441/2 1764/443/2 1765/444/2
f 1771/445/2 1772/441/2 1765/444/2
f 1771/445/2 1765/444/2 1766/446/2
f 1771/445/2 1766/446/2 1767/447/2
f 1771/445/2 1767/447/2 1768/448/2
f 1770/449/2 1771/445/2 1768/448/2
f 1770/449/2 1768/448/2 1769/450/2
f 1670/451/2 1671/453/2 1672/452/2
f 1670/451/2 1672/452/2 1673/454/2
f 1670/451/2 1673/454/2 1674/455/2
f 1669/456/2 1670/451/2 1674/455/2
f 1669/456/2 1674/455/2 1675/457/2
f 1668/458/2 1669/456/2 1675/457/2
f 1644/459/2 1645/461/2 1646/460/2
f 1667/462/2 1668/458/2 1675/457/2
f 1667/462/2 1675/457/2 1676/463/2
f 1644/459/2 1646/460/2 1647/464/2
f 1666/465/2 1667/462/2 1676/463/2
f 1666/465/2 1676/463/2 1677/466/2
f 1644/459/2 1647/464/2 1648/467/2
f 1643/468/2 1644/459/2 1648/467/2
f 1665/469/2 1666/465/2 1677/466/2
f 1665/469/2 1677/466/2 1678/470/2
f 1643/468/2 1648/467/2 1649/471/2
f 1642/472/2 1643/468/2 1649/471/2
f 1664/473/2 1665/469/2 1678/470/2
f 1664/473/2 1678/470/2 1679/474/2
f 1642/472/2 1649/471/2 1650/475/2
f 1641/476/2 1642/472/2 1650/475/2
f 1663/477/2 1664/473/2 1679/474/2
f 1663/477/2 1679/474/2 1680/478/2
f 1641/476/2 1650/475/2 1651/479/2
f 1640/480/2 1641/476/2 1651/479/2
f 1662/481/2 1663/477/2 1680/478/2
f 1662/481/2 1680/478/2 1681/482/2
f 1639/483/2 1640/480/2 1651/479/2
f 1639/483/2 1651/479/2 1652/484/2
f 1661/485/2 1662/481/2 1681/482/2
f 1661/485/2 1681/482/2 1682/486/2
f 1638/487/2 1639/483/2 1652/484/2
f 1638/487/2 1652/484/2 1653/488/2
f 1660/489/2 1661/485/2 1682/486/2
f 1660/489/2 1682/486/2 1683/490/2
f 1637/491/2 1638/487/2 1653/488/2
f 1637/491/2 1653/488/2 1654/492/2
f 1660/489/2 1683/490/2 1659/493/2
f 1659/493/2 1683/490/2 1658/494/2
f 1636/495/2 1637/491/2 1654/492/2
f 1636/495/2 1654/492/2 1655/496/2
f 1636/495/2 1655/496/2 1656/497/2
f 1635/498/2 1636/495/2 1656/497/2
f 1635/498/2 1656/497/2 1657/499/2
f 1634/500/2 1635/498/2 1657/499/2
f 1634/500/2 1657/499/2 1633/501/2
f 1633/501/2 1657/499/2 1632/28/2
f 1981/502/2 1982/504/2 1983/503/2
f 1981/502/2 1983/503/2 1984/505/2
f 1980/506/2 1981/502/2 1984/505/2
f 1980/506/2 1984/505/2 1985/507/2
f 1979/508/2 1980/506/2 1985/507/2
f 1979/508/2 1985/507/2 1986/509/2
f 1978/510/2 1979/508/2 1986/509/2
f 1978/510/2 1986/509/2 1987/511/2
f 1977/512/2 1978/510/2 1987/511/2
f 1977/512/2 1987/511/2 1988/513/2
f 1976/514/2 1977/512/2 1988/513/2
f 1975/515/2 1976/514/2 1988/513/2
f 1975/515/2 1988/513/2 1989/516/2
f 1974/517/2 1975/515/2 1989/516/2
f 1974/517/2 1989/516/2 1990/518/2
f 1973/519/2 1974/517/2 1990/518/2
f 1973/519/2 1990/518/2 1991/520/2
f 1972/521/2 1973/519/2 1991/520/2
f 1972/521/2 1991/520/2 1992/522/2
f 1971/523/2 1972/521/2 1992/522/2
f 1971/523/2 1992/522/2 1993/524/2
f 1970/525/2 1971/523/2 1993/524/2
f 1970/525/2 1993/524/2 1994/526/2
f 1970/525/2 1994/526/2 1995/527/2
f 1969/28/2 1970/525/2 1995/527/2
f 1969/28/2 1995/527/2 1996/528/2
f 2007/529/2 2008/531/2 2009/530/2
f 2006/532/2 2007/529/2 2009/530/2
f 2005/533/2 2006/532/2 2009/530/2
f 2004/534/2 2005/533/2 2009/530/2
f 2003/535/2 2004/534/2 2009/530/2
f 2002/536/2 2003/535/2 2009/530/2
f 2001/537/2 2002/536/2 2009/530/2
f 2144/538/2 2145/540/2 2146/539/2
f 2144/538/2 2146/539/2 2147/541/2
f 2000/542/2 2001/537/2 2009/530/2
f 2144/538/2 2147/541/2 2148/543/2
f 1999/544/2 2000/542/2 2009/530/2
f 2144/538/2 2148/543/2 2149/545/2
f 2144/538/2 2149/545/2 2150/546/2
f 1998/547/2 1999/544/2 2009/530/2
f 2144/538/2 2150/546/2 2151/548/2
f 1997/549/2 1998/547/2 2009/530/2
f 2144/538/2 2151/548/2 2152/550/2
f 2144/538/2 2152/550/2 2153/551/2
f 1996/528/2 1997/549/2 2009/530/2
f 2144/538/2 2153/551/2 2154/552/2
f 1969/28/2 1996/528/2 2009/530/2
f 2144/538/2 2154/552/2 2155/553/2
f 2144/538/2 2155/553/2 2156/554/2
f 2144/538/2 2156/554/2 2157/1/2
f 2144/538/2 2157/1/2 1969/28/2
f 2144/538/2 1969/28/2 2009/530/2
f 2144/538/2 2009/530/2 2010/555/2
f 2144/538/2 2010/555/2 2011/556/2
f 2144/538/2 2011/556/2 2012/557/2
f 2144/538/2 2012/557/2 2013/558/2
f 2144/538/2 2013/558/2 2014/559/2
f 2144/538/2 2014/559/2 2015/560/2
f 2144/538/2 2015/560/2 2016/323/2
f 2144/538/2 2016/323/2 2017/561/2
f 2144/538/2 2017/561/2 2018/562/2
f 2143/563/2 2144/538/2 2018/562/2
f 2142/564/2 2143/563/2 2018/562/2
f 2142/564/2 2018/562/2 2019/565/2
f 2141/566/2 2142/564/2 2019/565/2
f 2140/567/2 2141/566/2 2019/565/2
f 2140/567/2 2019/565/2 2020/568/2
f 2139/569/2 2140/567/2 2020/568/2
f 2138/570/2 2139/569/2 2020/568/2
f 2138/570/2 2020/568/2 2021/571/2
f 2137/572/2 2138/570/2 2021/571/2
f 2137/572/2 2021/571/2 2131/573/2
f 2131/573/2 2021/571/2 2022/574/2
f 2136/575/2 2137/572/2 2131/573/2
f 2135/576/2 2136/575/2 2131/573/2
f 2134/577/2 2135/576/2 2131/573/2
f 2133/578/2 2134/577/2 2131/573/2
f 2132/579/2 2133/578/2 2131/573/2
f 2130/580/2 2131/573/2 2022/574/2
f 2130/580/2 2022/574/2 2023/581/2
f 2129/582/2 2130/580/2 2023/581/2
f 2129/582/2 2023/581/2 2024/583/2
f 2128/584/2 2129/582/2 2024/583/2
f 2128/584/2 2024/583/2 2025/585/2
f 2128/584/2 2025/585/2 2026/586/2
f 2127/587/2 2128/584/2 2026/586/2
f 2127/587/2 2026/586/2 2027/588/2
f 2126/589/2 2127/587/2 2027/588/2
f 2126/589/2 2027/588/2 2028/590/2
f 2126/589/2 2028/590/2 2029/591/2
f 2044/592/2 2045/594/2 2046/593/2
f 2043/595/2 2044/592/2 2046/593/2
f 2043/595/2 2046/593/2 2047/596/2
f 2042/597/2 2043/595/2 2047/596/2
f 2125/598/2 2126/589/2 2029/591/2
f 2041/599/2 2042/597/2 2047/596/2
f 2041/599/2 2047/596/2 2048/600/2
f 2040/601/2 2041/599/2 2048/600/2
f 2039/602/2 2040/601/2 2048/600/2
f 2039/602/2 2048/600/2 2049/603/2
f 2125/598/2 2029/591/2 2030/604/2
f 2038/605/2 2039/602/2 2049/603/2
f 2038/605/2 2049/603/2 2050/606/2
f 2037/607/2 2038/605/2 2050/606/2
f 2124/608/2 2125/598/2 2030/604/2
f 2036/609/2 2037/607/2 2050/606/2
f 2124/608/2 2030/604/2 2031/610/2
f 2036/609/2 2050/606/2 2051/611/2
f 2035/612/2 2036/609/2 2051/611/2
f 2124/608/2 2031/610/2 2032/613/2
f 2035/612/2 2051/611/2 2052/614/2
f 2034/615/2 2035/612/2 2094/616/2
f 2094/616/2 2035/612/2 2052/614/2
f 2123/617/2 2124/608/2 2032/613/2
f 2034/615/2 2094/616/2 2095/618/2
f 2093/619/2 2094/616/2 2052/614/2
f 2034/615/2 2095/618/2 2096/620/2
f 2092/621/2 2093/619/2 2052/614/2
f 2123/617/2 2032/613/2 2033/622/2
f 2034/615/2 2096/620/2 2097/623/2
f 2033/622/2 2034/615/2 2097/623/2
f 2091/624/2 2092/621/2 2052/614/2
f 2091/624/2 2052/614/2 2053/625/2
f 2033/622/2 2097/623/2 2098/626/2
f 2090/627/2 2091/624/2 2053/625/2
f 2033/622/2 2098/626/2 2099/628/2
f 2089/629/2 2090/627/2 2053/625/2
f 2123/617/2 2033/622/2 2099/628/2
f 2123/617/2 2099/628/2 2100/630/2
f 2088/631/2 2089/629/2 2053/625/2
f 2088/631/2 2053/625/2 2054/632/2
f 2122/633/2 2123/617/2 2100/630/2
f 2122/633/2 2100/630/2 2101/634/2
f 2087/635/2 2088/631/2 2054/632/2
f 2122/633/2 2101/634/2 2102/636/2
f 2087/635/2 2054/632/2 2055/637/2
f 2086/638/2 2087/635/2 2055/637/2
f 2122/633/2 2102/636/2 2103/639/2
f 2121/640/2 2122/633/2 2103/639/2
f 2085/641/2 2086/638/2 2055/637/2
f 2121/640/2 2103/639/2 2104/642/2
f 2085/641/2 2055/637/2 2056/643/2
f 2084/644/2 2085/641/2 2056/643/2
f 2121/640/2 2104/642/2 2105/645/2
f 2120/646/2 2121/640/2 2105/645/2
f 2083/647/2 2084/644/2 2056/643/2
f 2120/646/2 2105/645/2 2106/648/2
f 2083/647/2 2056/643/2 2057/649/2
f 2119/650/2 2120/646/2 2106/648/2
f 2082/651/2 2083/647/2 2057/649/2
f 2119/650/2 2106/648/2 2107/652/2
f 2119/650/2 2107/652/2 2108/653/2
f 2119/650/2 2108/653/2 2109/654/2
f 2082/651/2 2057/649/2 2058/655/2
f 2119/650/2 2109/654/2 2110/356/2
f 2081/656/2 2082/651/2 2058/655/2
f 2119/650/2 2110/356/2 2111/657/2
f 2119/650/2 2111/657/2 2112/658/2
f 2118/659/2 2119/650/2 2117/660/2
f 2117/660/2 2119/650/2 2116/661/2
f 2116/661/2 2119/650/2 2115/662/2
f 2115/662/2 2119/650/2 2114/663/2
f 2114/663/2 2119/650/2 2113/664/2
f 2113/664/2 2119/650/2 2112/658/2
f 2080/665/2 2081/656/2 2058/655/2
f 2080/665/2 2058/655/2 2059/666/2
f 2079/667/2 2080/665/2 2059/666/2
f 2079/667/2 2059/666/2 2060/668/2
f 2078/669/2 2079/667/2 2060/668/2
f 2077/670/2 2078/669/2 2060/668/2
f 2077/670/2 2060/668/2 2061/671/2
f 2076/672/2 2077/670/2 2061/671/2
f 2075/673/2 2076/672/2 2061/671/2
f 2075/673/2 2061/671/2 2062/674/2
f 2074/675/2 2075/673/2 2062/674/2
f 2069/676/2 2070/678/2 2071/677/2
f 2073/679/2 2074/675/2 2062/674/2
f 2069/676/2 2071/677/2 2072/680/2
f 2072/680/2 2073/679/2 2062/674/2
f 2069/676/2 2072/680/2 2062/674/2
f 2069/676/2 2062/674/2 2063/375/2
f 2069/676/2 2063/375/2 2064/681/2
f 2069/676/2 2064/681/2 2065/682/2
f 2069/676/2 2065/682/2 2066/683/2
f 2068/684/2 2069/676/2 2066/683/2
f 2068/684/2 2066/683/2 2067/685/2
f 2498/686/2 2499/688/2 2500/687/2
f 2498/686/2 2500/687/2 2501/689/2
f 2497/690/2 2498/686/2 2501/689/2
f 2497/690/2 2501/689/2 2502/691/2
f 2536/692/2 2537/694/2 2538/693/2
f 2182/695/2 2183/696/2 2158/28/2
f 2182/695/2 2158/28/2 2159/697/2
f 2496/698/2 2497/690/2 2502/691/2
f 2535/699/2 2536/692/2 2538/693/2
f 2496/698/2 2502/691/2 2503/700/2
f 2535/699/2 2538/693/2 2539/701/2
f 2182/695/2 2159/697/2 2160/702/2
f 2534/703/2 2535/699/2 2539/701/2
f 2454/704/2 2455/706/2 2634/705/2
f 2634/705/2 2455/706/2 2456/707/2
f 2634/705/2 2456/707/2 2633/708/2
f 2633/708/2 2456/707/2 2457/709/2
f 2495/710/2 2496/698/2 2503/700/2
f 2182/695/2 2160/702/2 2161/711/2
f 2495/710/2 2503/700/2 2504/712/2
f 2534/703/2 2539/701/2 2540/713/2
f 2181/714/2 2182/695/2 2161/711/2
f 2533/715/2 2534/703/2 2540/713/2
f 2181/714/2 2161/711/2 2162/716/2
f 2180/717/2 2181/714/2 2162/716/2
f 2494/718/2 2495/710/2 2504/712/2
f 2533/715/2 2540/713/2 2541/719/2
f 2532/720/2 2533/715/2 2541/719/2
f 2494/718/2 2504/712/2 2505/721/2
f 2180/717/2 2162/716/2 2163/722/2
f 2179/723/2 2180/717/2 2163/722/2
f 2531/724/2 2532/720/2 2541/719/2
f 2531/724/2 2541/719/2 2542/725/2
f 2493/726/2 2494/718/2 2505/721/2
f 2179/723/2 2163/722/2 2164/727/2
f 2178/728/2 2179/723/2 2164/727/2
f 2493/726/2 2505/721/2 2506/729/2
f 2530/730/2 2531/724/2 2542/725/2
f 2178/728/2 2164/727/2 2165/731/2
f 2530/730/2 2542/725/2 2543/732/2
f 2177/733/2 2178/728/2 2165/731/2
f 2492/734/2 2493/726/2 2506/729/2
f 2492/734/2 2506/729/2 2507/735/2
f 2177/733/2 2165/731/2 2166/736/2
f 2529/737/2 2530/730/2 2543/732/2
f 2176/738/2 2177/733/2 2166/736/2
f 2529/737/2 2543/732/2 2544/739/2
f 2176/738/2 2166/736/2 2167/740/2
f 2491/741/2 2492/734/2 2507/735/2
f 2491/741/2 2507/735/2 2508/742/2
f 2528/743/2 2529/737/2 2544/739/2
f 2454/704/2 2634/705/2 2635/744/2
f 2632/745/2 2633/708/2 2457/709/2
f 2175/746/2 2176/738/2 2167/740/2
f 2528/743/2 2544/739/2 2545/747/2
f 2175/746/2 2167/740/2 2168/748/2
f 2527/749/2 2528/743/2 2545/747/2
f 2174/750/2 2175/746/2 2168/748/2
f 2490/751/2 2491/741/2 2508/742/2
f 2490/751/2 2508/742/2 2509/752/2
f 2527/749/2 2545/747/2 2546/753/2
f 2174/750/2 2168/748/2 2169/754/2
f 2526/755/2 2527/749/2 2546/753/2
f 2173/756/2 2174/750/2 2169/754/2
f 2173/756/2 2169/754/2 2172/757/2
f 2172/757/2 2169/754/2 2171/758/2
f 2171/758/2 2169/754/2 2170/759/2
f 2489/760/2 2490/751/2 2509/752/2
f 2526/755/2 2546/753/2 2547/761/2
f 2489/760/2 2509/752/2 2510/762/2
f 2525/763/2 2526/755/2 2547/761/2
f 2525/763/2 2547/761/2 2548/764/2
f 2524/765/2 2525/763/2 2548/764/2
f 2488/766/2 2489/760/2 2510/762/2
f 2523/767/2 2524/765/2 2548/764/2
f 2488/766/2 2510/762/2 2511/768/2
f 2522/769/2 2523/767/2 2548/764/2
f 2521/770/2 2522/769/2 2548/764/2
f 2520/771/2 2521/770/2 2548/764/2
f 2520/771/2 2548/764/2 2549/772/2
f 2519/773/2 2520/771/2 2549/772/2
f 2518/774/2 2519/773/2 2549/772/2
f 2487/775/2 2488/766/2 2511/768/2
f 2487/775/2 2511/768/2 2512/776/2
f 2517/777/2 2518/774/2 2549/772/2
f 2516/778/2 2517/777/2 2549/772/2
f 2516/778/2 2549/772/2 2550/779/2
f 2515/780/2 2516/778/2 2550/779/2
f 2514/781/2 2515/780/2 2550/779/2
f 2513/782/2 2514/781/2 2550/779/2
f 2485/783/2 2486/784/2 2487/775/2
f 2485/783/2 2487/775/2 2512/776/2
f 2485/783/2 2512/776/2 2513/782/2
f 2485/783/2 2513/782/2 2550/779/2
f 2485/783/2 2550/779/2 2551/785/2
f 2485/783/2 2551/785/2 2552/786/2
f 2484/787/1 2485/783/1 2552/786/1
f 2483/788/2 2484/787/2 2553/789/2
f 2553/789/2 2484/787/2 2552/786/2
f 2483/788/2 2553/789/2 2554/790/2
f 2483/788/2 2554/790/2 2555/791/2
f 2482/792/2 2483/788/2 2555/791/2
f 2454/704/2 2635/744/2 2639/793/2
f 2639/793/2 2635/744/2 2632/745/2
f 2639/793/2 2632/745/2 2638/794/2
f 2638/794/2 2632/745/2 2457/709/2
f 2482/792/2 2555/791/2 2556/795/2
f 2481/796/2 2482/792/2 2556/795/2
f 2481/796/2 2556/795/2 2557/797/2
f 2480/798/2 2481/796/2 2557/797/2
f 2480/798/2 2557/797/2 2558/799/2
f 2479/800/2 2480/798/2 2558/799/2
f 2479/800/2 2558/799/2 2559/801/2
f 2478/802/2 2479/800/2 2559/801/2
f 2478/802/2 2559/801/2 2560/803/2
f 2477/804/2 2478/802/2 2560/803/2
f 2477/804/2 2560/803/2 2561/805/2
f 2476/806/2 2477/804/2 2561/805/2
f 2476/806/2 2561/805/2 2562/807/2
f 2475/808/2 2476/806/2 2562/807/2
f 2475/808/2 2562/807/2 2563/809/2
f 2474/810/2 2475/808/2 2563/809/2
f 2454/704/2 2639/793/2 2640/1/2
f 2637/811/2 2638/794/2 2457/709/2
f 2474/810/2 2563/809/2 2564/812/2
f 2473/813/2 2474/810/2 2564/812/2
f 2473/813/2 2564/812/2 2565/814/2
f 2472/815/2 2473/813/2 2565/814/2
f 2470/816/2 2471/817/2 2472/815/2
f 2470/816/2 2472/815/2 2565/814/2
f 2470/816/2 2565/814/2 2566/818/2
f 2470/816/2 2566/818/2 2567/819/2
f 2454/704/2 2640/1/2 2636/820/2
f 2453/821/2 2454/704/2 2636/820/2
f 2469/822/1 2470/816/1 2567/819/1
f 2468/823/2 2469/822/2 2605/824/2
f 2605/824/1 2469/822/1 2567/819/1
f 2468/823/2 2605/824/2 2606/825/2
f 2604/826/1 2605/824/1 2567/819/1
f 2603/827/2 2604/826/2 2568/828/2
f 2568/828/1 2604/826/1 2567/819/1
f 2603/827/2 2568/828/2 2569/829/2
f 2603/827/2 2569/829/2 2570/830/2
f 2467/831/2 2468/823/2 2606/825/2
f 2467/831/2 2606/825/2 2607/832/2
f 2602/833/2 2603/827/2 2570/830/2
f 2602/833/2 2570/830/2 2571/834/2
f 2466/835/2 2467/831/2 2607/832/2
f 2466/835/2 2607/832/2 2608/836/2
f 2452/837/2 2453/821/2 2636/820/2
f 2601/838/2 2602/833/2 2571/834/2
f 2465/839/2 2466/835/2 2608/836/2
f 2601/838/2 2571/834/2 2572/840/2
f 2465/839/2 2608/836/2 2609/841/2
f 2629/842/2 2630/844/2 2631/843/2
f 2629/842/2 2631/843/2 2184/845/2
f 2464/846/2 2465/839/2 2609/841/2
f 2601/838/2 2572/840/2 2573/847/2
f 2600/848/2 2601/838/2 2573/847/2
f 2464/846/2 2609/841/2 2610/849/2
f 2628/850/2 2629/842/2 2184/845/2
f 2628/850/2 2184/845/2 2185/851/2
f 2463/852/2 2464/846/2 2610/849/2
f 2600/848/2 2573/847/2 2574/853/2
f 2452/837/2 2636/820/2 2637/811/2
f 2452/837/2 2637/811/2 2457/709/2
f 2627/854/2 2628/850/2 2185/851/2
f 2627/854/2 2185/851/2 2186/855/2
f 2451/856/2 2452/837/2 2417/857/2
f 2417/857/2 2452/837/2 2457/709/2
f 2599/858/2 2600/848/2 2574/853/2
f 2463/852/2 2610/849/2 2611/859/2
f 2462/860/2 2463/852/2 2611/859/2
f 2599/858/2 2574/853/2 2575/861/2
f 2626/862/2 2627/854/2 2186/855/2
f 2626/862/2 2186/855/2 2187/863/2
f 2462/860/2 2611/859/2 2612/864/2
f 2461/865/2 2462/860/2 2612/864/2
f 2599/858/2 2575/861/2 2576/866/2
f 2625/867/2 2626/862/2 2187/863/2
f 2625/867/2 2187/863/2 2188/868/2
f 2598/869/2 2599/858/2 2576/866/2
f 2624/870/2 2625/867/2 2188/868/2
f 2624/870/2 2188/868/2 2189/871/2
f 2460/872/2 2461/865/2 2612/864/2
f 2598/869/2 2576/866/2 2577/873/2
f 2460/872/2 2612/864/2 2613/874/2
f 2597/875/2 2598/869/2 2577/873/2
f 2623/876/2 2624/870/2 2189/871/2
f 2623/876/2 2189/871/2 2190/877/2
f 2597/875/2 2577/873/2 2578/878/2
f 2459/879/2 2460/872/2 2613/874/2
f 2450/880/2 2451/856/2 2418/881/2
f 2418/881/2 2451/856/2 2417/857/2
f 2459/879/2 2613/874/2 2614/882/2
f 2622/883/2 2623/876/2 2190/877/2
f 2622/883/2 2190/877/2 2191/884/2
f 2597/875/2 2578/878/2 2579/885/2
f 2458/886/2 2459/879/2 2614/882/2
f 2596/887/2 2597/875/2 2579/885/2
f 2458/886/2 2614/882/2 2615/888/2
f 2621/889/2 2622/883/2 2191/884/2
f 2621/889/2 2191/884/2 2192/890/2
f 2596/887/2 2579/885/2 2580/891/2
f 2457/709/2 2458/886/2 2615/888/2
f 2450/880/2 2418/881/2 2419/892/2
f 2416/893/2 2417/857/2 2457/709/2
f 2596/887/2 2580/891/2 2581/894/2
f 2620/895/2 2621/889/2 2192/890/2
f 2620/895/2 2192/890/2 2193/896/2
f 2596/887/2 2581/894/2 2582/897/2
f 2457/709/2 2615/888/2 2616/898/2
f 2595/899/2 2596/887/2 2582/897/2
f 2416/893/2 2457/709/2 2355/900/2
f 2355/900/2 2457/709/2 2616/898/2
f 2595/899/2 2582/897/2 2583/901/2
f 2619/902/2 2620/895/2 2193/896/2
f 2619/902/2 2193/896/2 2194/903/2
f 2595/899/2 2583/901/2 2584/904/2
f 2595/899/2 2584/904/2 2585/905/2
f 2355/900/2 2616/898/2 2617/906/2
f 2594/907/2 2595/899/2 2585/905/2
f 2618/908/2 2619/902/2 2194/903/2
f 2618/908/2 2194/903/2 2195/909/2
f 2594/907/2 2585/905/2 2586/910/2
f 2449/911/2 2450/880/2 2419/892/2
f 2416/893/2 2355/900/2 2356/912/2
f 2354/913/2 2355/900/2 2617/906/2
f 2594/907/2 2586/910/2 2587/914/2
f 2353/915/2 2354/913/2 2617/906/2
f 2353/915/2 2617/906/2 2618/908/2
f 2353/915/2 2618/908/2 2195/909/2
f 2353/915/2 2195/909/2 2196/916/2
f 2353/915/2 2196/916/2 2197/917/2
f 2353/915/2 2197/917/2 2198/918/2
f 2353/915/2 2198/918/2 2199/919/2
f 2594/907/2 2587/914/2 2588/920/2
f 2352/921/2 2353/915/2 2331/922/2
f 2331/922/2 2353/915/2 2199/919/2
f 2331/922/2 2199/919/2 2200/923/2
f 2449/911/2 2419/892/2 2420/924/2
f 2593/925/2 2594/907/2 2588/920/2
f 2352/921/2 2331/922/2 2332/926/2
f 2330/927/2 2331/922/2 2200/923/2
f 2330/927/2 2200/923/2 2201/928/2
f 2351/929/2 2352/921/2 2332/926/2
f 2593/925/2 2588/920/2 2589/930/2
f 2351/929/2 2332/926/2 2333/931/2
f 2330/927/2 2201/928/2 2202/932/2
f 2350/933/2 2351/929/2 2333/931/2
f 2350/933/2 2333/931/2 2334/934/2
f 2330/927/2 2202/932/2 2203/935/2
f 2593/925/2 2589/930/2 2590/936/2
f 2350/933/2 2334/934/2 2335/937/2
f 2349/938/2 2350/933/2 2335/937/2
f 2330/927/2 2203/935/2 2204/939/2
f 2592/940/2 2593/925/2 2591/941/2
f 2591/941/2 2593/925/2 2590/936/2
f 2349/938/2 2335/937/2 2336/942/2
f 2330/927/2 2204/939/2 2205/943/2
f 2348/944/2 2349/938/2 2336/942/2
f 2348/944/2 2336/942/2 2337/945/2
f 2330/927/2 2205/943/2 2206/946/2
f 2347/947/2 2348/944/2 2337/945/2
f 2347/947/2 2337/945/2 2338/948/2
f 2330/927/2 2206/946/2 2207/949/2
f 2347/947/2 2338/948/2 2339/950/2
f 2346/951/2 2347/947/2 2339/950/2
f 2346/951/2 2339/950/2 2340/952/2
f 2330/927/2 2207/949/2 2208/953/2
f 2345/954/2 2346/951/2 2340/952/2
f 2345/954/2 2340/952/2 2341/955/2
f 2330/927/2 2208/953/2 2329/956/2
f 2329/956/2 2208/953/2 2293/957/2
f 2293/957/2 2208/953/2 2292/958/2
f 2292/958/2 2208/953/2 2209/959/2
f 2344/960/2 2345/954/2 2341/955/2
f 2344/960/2 2341/955/2 2342/961/2
f 2343/962/2 2344/960/2 2342/961/2
f 2448/963/2 2449/911/2 2420/924/2
f 2448/963/2 2420/924/2 2421/964/2
f 2328/965/2 2329/956/2 2293/957/2
f 2328/965/2 2293/957/2 2294/966/2
f 2291/967/2 2292/958/2 2209/959/2
f 2448/963/2 2421/964/2 2422/968/2
f 2291/967/2 2209/959/2 2210/969/2
f 2447/970/2 2448/963/2 2422/968/2
f 2327/971/2 2328/965/2 2294/966/2
f 2327/971/2 2294/966/2 2295/972/2
f 2290/973/2 2291/967/2 2210/969/2
f 2447/970/2 2422/968/2 2423/974/2
f 2326/975/2 2327/971/2 2295/972/2
f 2290/973/2 2210/969/2 2211/976/2
f 2446/977/2 2447/970/2 2423/974/2
f 2289/978/2 2290/973/2 2211/976/2
f 2326/975/2 2295/972/2 2296/979/2
f 2325/980/2 2326/975/2 2296/979/2
f 2446/977/2 2423/974/2 2424/981/2
f 2289/978/2 2211/976/2 2212/982/2
f 2288/983/2 2289/978/2 2212/982/2
f 2325/980/2 2296/979/2 2297/984/2
f 2324/985/2 2325/980/2 2297/984/2
f 2445/986/2 2446/977/2 2424/981/2
f 2445/986/2 2424/981/2 2425/987/2
f 2287/988/2 2288/983/2 2212/982/2
f 2323/989/2 2324/985/2 2297/984/2
f 2287/988/2 2212/982/2 2213/990/2
f 2323/989/2 2297/984/2 2298/991/2
f 2286/992/2 2287/988/2 2213/990/2
f 2322/993/2 2323/989/2 2298/991/2
f 2445/986/2 2425/987/2 2426/994/2
f 2444/995/2 2445/986/2 2426/994/2
f 2286/992/2 2213/990/2 2214/996/2
f 2322/993/2 2298/991/2 2299/997/2
f 2285/998/2 2286/992/2 2214/996/2
f 2321/999/2 2322/993/2 2299/997/2
f 2284/1000/2 2285/998/2 2214/996/2
f 2284/1000/2 2214/996/2 2215/1001/2
f 2321/999/2 2299/997/2 2300/1002/2
f 2320/1003/2 2321/999/2 2300/1002/2
f 2444/995/2 2426/994/2 2427/1004/2
f 2283/1005/2 2284/1000/2 2215/1001/2
f 2443/1006/2 2444/995/2 2427/1004/2
f 2282/1007/2 2283/1005/2 2215/1001/2
f 2319/1008/2 2320/1003/2 2300/1002/2
f 2282/1007/2 2215/1001/2 2216/1009/2
f 2319/1008/2 2300/1002/2 2301/1010/2
f 2281/1011/2 2282/1007/2 2216/1009/2
f 2415/1012/2 2416/893/2 2356/912/2
f 2415/1012/2 2356/912/2 2357/1013/2
f 2414/1014/2 2415/1012/2 2357/1013/2
f 2413/1015/2 2414/1014/2 2357/1013/2
f 2280/1016/2 2281/1011/2 2216/1009/2
f 2412/1017/2 2413/1015/2 2357/1013/2
f 2318/1018/2 2319/1008/2 2301/1010/2
f 2443/1006/2 2427/1004/2 2428/1019/2
f 2411/1020/2 2412/1017/2 2357/1013/2
f 2411/1020/2 2357/1013/2 2358/1021/2
f 2280/1016/2 2216/1009/2 2217/1022/2
f 2410/1023/2 2411/1020/2 2358/1021/2
f 2279/1024/2 2280/1016/2 2217/1022/2
f 2409/1025/2 2410/1023/2 2358/1021/2
f 2278/1026/2 2279/1024/2 2217/1022/2
f 2408/1027/2 2409/1025/2 2358/1021/2
f 2407/1028/2 2408/1027/2 2358/1021/2
f 2277/1029/2 2278/1026/2 2217/1022/2
f 2406/1030/2 2407/1028/2 2358/1021/2
f 2391/1031/2 2392/1033/2 2393/1032/2
f 2255/1034/2 2256/1036/2 2257/1035/2
f 2391/1031/2 2393/1032/2 2394/1037/2
f 2405/1038/2 2406/1030/2 2358/1021/2
f 2391/1031/2 2394/1037/2 2395/1039/2
f 2391/1031/2 2395/1039/2 2396/1040/2
f 2404/1041/2 2405/1038/2 2358/1021/2
f 2391/1031/2 2396/1040/2 2397/1042/2
f 2391/1031/2 2397/1042/2 2398/1043/2
f 2391/1031/2 2398/1043/2 2399/375/2
f 2276/1044/2 2277/1029/2 2217/1022/2
f 2391/1031/2 2399/375/2 2400/1045/2
f 2391/1031/2 2400/1045/2 2401/1046/2
f 2391/1031/2 2401/1046/2 2402/1047/2
f 2391/1031/2 2402/1047/2 2403/1048/2
f 2391/1031/2 2403/1048/2 2404/1041/2
f 2391/1031/2 2404/1041/2 2358/1021/2
f 2255/1034/2 2257/1035/2 2258/1049/2
f 2255/1034/2 2258/1049/2 2259/1050/2
f 2275/1051/2 2276/1044/2 2217/1022/2
f 2391/1031/2 2358/1021/2 2359/1052/2
f 2255/1034/2 2259/1050/2 2260/1053/2
f 2274/1054/2 2275/1051/2 2217/1022/2
f 2255/1034/2 2260/1053/2 2261/1055/2
f 2318/1018/2 2301/1010/2 2302/1056/2
f 2273/1057/2 2274/1054/2 2217/1022/2
f 2255/1034/2 2261/1055/2 2262/1058/2
f 2255/1034/2 2262/1058/2 2263/1059/2
f 2272/1060/2 2273/1057/2 2217/1022/2
f 2255/1034/2 2263/1059/2 2264/1061/2
f 2254/1062/2 2255/1034/2 2264/1061/2
f 2254/1062/2 2264/1061/2 2265/1063/2
f 2271/1064/2 2272/1060/2 2217/1022/2
f 2254/1062/2 2265/1063/2 2266/1065/2
f 2254/1062/2 2266/1065/2 2267/1066/2
f 2254/1062/2 2267/1066/2 2268/1067/2
f 2254/1062/2 2268/1067/2 2269/1068/2
f 2390/1069/2 2391/1031/2 2359/1052/2
f 2270/1070/2 2271/1064/2 2217/1022/2
f 2254/1062/2 2269/1068/2 2270/1070/2
f 2254/1062/2 2270/1070/2 2217/1022/2
f 2317/1071/2 2318/1018/2 2302/1056/2
f 2442/1072/2 2443/1006/2 2428/1019/2
f 2253/1073/2 2254/1062/2 2217/1022/2
f 2253/1073/2 2217/1022/2 2218/1074/2
f 2390/1069/2 2359/1052/2 2360/1075/2
f 2389/1076/2 2390/1069/2 2360/1075/2
f 2252/1077/2 2253/1073/2 2218/1074/2
f 2388/1078/2 2389/1076/2 2360/1075/2
f 2388/1078/2 2360/1075/2 2361/1079/2
f 2316/1080/2 2317/1071/2 2302/1056/2
f 2251/1081/2 2252/1077/2 2218/1074/2
f 2315/1082/2 2316/1080/2 2302/1056/2
f 2251/1081/2 2218/1074/2 2219/1083/2
f 2387/1084/2 2388/1078/2 2361/1079/2
f 2442/1072/2 2428/1019/2 2429/1085/2
f 2387/1084/2 2361/1079/2 2362/1086/2
f 2315/1082/2 2302/1056/2 2303/1087/2
f 2314/1088/2 2315/1082/2 2303/1087/2
f 2250/1089/2 2251/1081/2 2219/1083/2
f 2386/1090/2 2387/1084/2 2362/1086/2
f 2386/1090/2 2362/1086/2 2363/1091/2
f 2313/1092/2 2314/1088/2 2303/1087/2
f 2249/1093/2 2250/1089/2 2219/1083/2
f 2249/1093/2 2219/1083/2 2220/1094/2
f 2385/1095/2 2386/1090/2 2363/1091/2
f 2385/1095/2 2363/1091/2 2364/1096/2
f 2312/1097/2 2313/1092/2 2303/1087/2
f 2248/1098/2 2249/1093/2 2220/1094/2
f 2248/1098/2 2220/1094/2 2221/1099/2
f 2385/1095/2 2364/1096/2 2365/1100/2
f 2311/1101/2 2312/1097/2 2303/1087/2
f 2384/1102/2 2385/1095/2 2365/1100/2
f 2311/1101/2 2303/1087/2 2304/1103/2
f 2247/1104/2 2248/1098/2 2221/1099/2
f 2247/1104/2 2221/1099/2 2222/1105/2
f 2384/1102/2 2365/1100/2 2366/1106/2
f 2310/1107/2 2311/1101/2 2304/1103/2
f 2441/1108/2 2442/1072/2 2429/1085/2
f 2247/1104/2 2222/1105/2 2223/1109/2
f 2383/1110/2 2384/1102/2 2366/1106/2
f 2440/1111/2 2441/1108/2 2429/1085/2
f 2246/1112/2 2247/1104/2 2223/1109/2
f 2383/1110/2 2366/1106/2 2367/1113/2
f 2439/1114/2 2440/1111/2 2429/1085/2
f 2246/1112/2 2223/1109/2 2224/1115/2
f 2309/1116/2 2310/1107/2 2304/1103/2
f 2439/1114/2 2429/1085/2 2438/1117/2
f 2438/1117/2 2429/1085/2 2437/1118/2
f 2437/1118/2 2429/1085/2 2436/1119/2
f 2436/1119/2 2429/1085/2 2435/1120/2
f 2435/1120/2 2429/1085/2 2434/1121/2
f 2434/1121/2 2429/1085/2 2433/1122/2
f 2433/1122/2 2429/1085/2 2432/1123/2
f 2432/1123/2 2429/1085/2 2431/1124/2
f 2431/1124/2 2429/1085/2 2430/1125/2
f 2383/1110/2 2367/1113/2 2368/1126/2
f 2246/1112/2 2224/1115/2 2225/1127/2
f 2382/1128/2 2383/1110/2 2368/1126/2
f 2245/1129/2 2246/1112/2 2225/1127/2
f 2382/1128/2 2368/1126/2 2369/1130/2
f 2245/1129/2 2225/1127/2 2226/1131/2
f 2308/1132/2 2309/1116/2 2304/1103/2
f 2245/1129/2 2226/1131/2 2227/1133/2
f 2382/1128/2 2369/1130/2 2370/1134/2
f 2308/1132/2 2304/1103/2 2307/1135/2
f 2307/1135/2 2304/1103/2 2306/1136/2
f 2306/1136/2 2304/1103/2 2305/1137/2
f 2381/1138/2 2382/1128/2 2370/1134/2
f 2244/1139/2 2245/1129/2 2227/1133/2
f 2244/1139/2 2227/1133/2 2228/1140/2
f 2381/1138/2 2370/1134/2 2371/1141/2
f 2244/1139/2 2228/1140/2 2229/1142/2
f 2244/1139/2 2229/1142/2 2230/1143/2
f 2381/1138/2 2371/1141/2 2372/1144/2
f 2244/1139/2 2230/1143/2 2231/1145/2
f 2244/1139/2 2231/1145/2 2232/1146/2
f 2381/1138/2 2372/1144/2 2373/1147/2
f 2380/1148/2 2381/1138/2 2373/1147/2
f 2243/1149/2 2244/1139/2 2232/1146/2
f 2243/1149/2 2232/1146/2 2233/1150/2
f 2242/1151/2 2243/1149/2 2233/1150/2
f 2242/1151/2 2233/1150/2 2234/1152/2
f 2241/1153/2 2242/1151/2 2234/1152/2
f 2241/1153/2 2234/1152/2 2235/1154/2
f 2240/1155/2 2241/1153/2 2235/1154/2
f 2240/1155/2 2235/1154/2 2236/1156/2
f 2239/1157/2 2240/1155/2 2236/1156/2
f 2239/1157/2 2236/1156/2 2237/1158/2
f 2380/1148/2 2373/1147/2 2374/1159/2
f 2238/1160/2 2239/1157/2 2237/1158/2
f 2380/1148/2 2374/1159/2 2375/1161/2
f 2380/1148/2 2375/1161/2 2376/1162/2
f 2380/1148/2 2376/1162/2 2377/1163/2
f 2380/1148/2 2377/1163/2 2378/1164/2
f 2380/1148/2 2378/1164/2 2379/1165/2
f 2723/1166/2 2724/1168/2 2725/1167/2
f 2723/1166/2 2725/1167/2 2726/1169/2
f 2722/1170/2 2723/1166/2 2726/1169/2
f 2722/1170/2 2726/1169/2 2727/1171/2
f 2721/1172/2 2722/1170/2 2727/1171/2
f 2721/1172/2 2727/1171/2 2728/1173/2
f 2720/1174/2 2721/1172/2 2728/1173/2
f 2720/1174/2 2728/1173/2 2729/1175/2
f 2719/375/2 2720/1174/2 2676/1176/2
f 2676/1176/2 2720/1174/2 2785/1177/2
f 2785/1177/2 2720/1174/2 2729/1175/2
f 2676/1176/2 2785/1177/2 2786/1178/2
f 2784/259/2 2785/1177/2 2729/1175/2
f 2719/375/2 2676/1176/2 2677/1179/2
f 2675/1180/2 2676/1176/2 2786/1178/2
f 2784/259/2 2729/1175/2 2730/1181/2
f 2783/1182/2 2784/259/2 2730/1181/2
f 2719/375/2 2677/1179/2 2678/1183/2
f 2718/1184/2 2719/375/2 2678/1183/2
f 2782/1185/2 2783/1182/2 2730/1181/2
f 2675/1180/2 2786/1178/2 2787/1186/2
f 2718/1184/2 2678/1183/2 2679/1187/2
f 2674/1188/2 2675/1180/2 2787/1186/2
f 2781/1189/2 2782/1185/2 2730/1181/2
f 2781/1189/2 2730/1181/2 2731/1190/2
f 2718/1184/2 2679/1187/2 2680/323/2
f 2674/1188/2 2787/1186/2 2788/1191/2
f 2717/1192/2 2718/1184/2 2680/323/2
f 2673/1193/2 2674/1188/2 2788/1191/2
f 2780/1194/2 2781/1189/2 2731/1190/2
f 2717/1192/2 2680/323/2 2681/1195/2
f 2780/1194/2 2731/1190/2 2732/172/2
f 2779/1196/2 2780/1194/2 2732/172/2
f 2672/1197/2 2673/1193/2 2788/1191/2
f 2672/1197/2 2788/1191/2 2789/1198/2
f 2716/1199/2 2717/1192/2 2681/1195/2
f 2716/1199/2 2681/1195/2 2682/1200/2
f 2671/1201/2 2672/1197/2 2789/1198/2
f 2778/1202/2 2779/1196/2 2732/172/2
f 2671/1201/2 2789/1198/2 2790/1203/2
f 2778/1202/2 2732/172/2 2733/1204/2
f 2670/1205/2 2671/1201/2 2790/1203/2
f 2670/1205/2 2790/1203/2 2791/1206/2
f 2777/1207/2 2778/1202/2 2733/1204/2
f 2716/1199/2 2682/1200/2 2683/1208/2
f 2715/1209/2 2716/1199/2 2683/1208/2
f 2669/1210/2 2670/1205/2 2791/1206/2
f 2669/1210/2 2791/1206/2 2792/1211/2
f 2777/1207/2 2733/1204/2 2734/1212/2
f 2776/1213/2 2777/1207/2 2734/1212/2
f 2715/1209/2 2683/1208/2 2684/1214/2
f 2668/1215/2 2669/1210/2 2792/1211/2
f 2668/1215/2 2792/1211/2 2793/1216/2
f 2714/1217/2 2715/1209/2 2684/1214/2
f 2775/1218/2 2776/1213/2 2734/1212/2
f 2667/301/2 2668/1215/2 2793/1216/2
f 2714/1217/2 2684/1214/2 2685/1219/2
f 2667/301/2 2793/1216/2 2794/1220/2
f 2775/1218/2 2734/1212/2 2735/1221/2
f 2666/1222/2 2667/301/2 2794/1220/2
f 2666/1222/2 2794/1220/2 2795/1223/2
f 2774/1224/2 2775/1218/2 2735/1221/2
f 2714/1217/2 2685/1219/2 2686/1225/2
f 2713/1226/2 2714/1217/2 2686/1225/2
f 2665/1227/2 2666/1222/2 2795/1223/2
f 2665/1227/2 2795/1223/2 2796/1228/2
f 2774/1224/2 2735/1221/2 2736/1229/2
f 2664/1230/2 2665/1227/2 2796/1228/2
f 2773/1231/2 2774/1224/2 2736/1229/2
f 2713/1226/2 2686/1225/2 2687/1232/2
f 2664/1230/2 2796/1228/2 2797/1/2
f 2663/1233/2 2664/1230/2 2797/1/2
f 2712/1234/2 2713/1226/2 2687/1232/2
f 2663/1233/2 2797/1/2 2689/1235/2
f 2772/1236/2 2773/1231/2 2736/1229/2
f 2712/1234/2 2687/1232/2 2688/1237/2
f 2772/1236/2 2736/1229/2 2737/1238/2
f 2662/1239/2 2663/1233/2 2689/1235/2
f 2712/1234/2 2688/1237/2 2641/28/2
f 2771/291/2 2772/1236/2 2737/1238/2
f 2711/1240/2 2712/1234/2 2641/28/2
f 2662/1239/2 2689/1235/2 2690/1241/2
f 2771/291/2 2737/1238/2 2738/1242/2
f 2661/1243/2 2662/1239/2 2690/1241/2
f 2711/1240/2 2641/28/2 2642/1244/2
f 2770/1245/2 2771/291/2 2738/1242/2
f 2710/1246/2 2711/1240/2 2642/1244/2
f 2660/1247/2 2661/1243/2 2690/1241/2
f 2710/1246/2 2642/1244/2 2643/1248/2
f 2660/1247/2 2690/1241/2 2691/1249/2
f 2770/1245/2 2738/1242/2 2739/1250/2
f 2769/1251/2 2770/1245/2 2739/1250/2
f 2710/1246/2 2643/1248/2 2644/1252/2
f 2659/1253/2 2660/1247/2 2691/1249/2
f 2709/1254/2 2710/1246/2 2644/1252/2
f 2659/1253/2 2691/1249/2 2692/1255/2
f 2709/1254/2 2644/1252/2 2645/1256/2
f 2658/1257/2 2659/1253/2 2692/1255/2
f 2769/1251/2 2739/1250/2 2740/1258/2
f 2768/1259/2 2769/1251/2 2740/1258/2
f 2708/1260/2 2709/1254/2 2645/1256/2
f 2708/1260/2 2645/1256/2 2646/1261/2
f 2657/1262/2 2658/1257/2 2692/1255/2
f 2657/1262/2 2692/1255/2 2693/422/2
f 2708/1260/2 2646/1261/2 2647/1263/2
f 2767/1264/2 2768/1259/2 2740/1258/2
f 2656/1265/2 2657/1262/2 2693/422/2
f 2707/1266/2 2708/1260/2 2647/1263/2
f 2707/1266/2 2647/1263/2 2648/1267/2
f 2767/1264/2 2740/1258/2 2741/1268/2
f 2655/1269/2 2656/1265/2 2693/422/2
f 2707/1266/2 2648/1267/2 2649/1270/2
f 2766/1271/2 2767/1264/2 2741/1268/2
f 2655/1269/2 2693/422/2 2694/1272/2
f 2654/489/2 2655/1269/2 2694/1272/2
f 2707/1266/2 2649/1270/2 2650/1273/2
f 2653/1274/2 2654/489/2 2694/1272/2
f 2707/1266/2 2650/1273/2 2651/1275/2
f 2706/441/2 2707/1266/2 2651/1275/2
f 2652/1276/2 2653/1274/2 2694/1272/2
f 2706/441/2 2651/1275/2 2652/1276/2
f 2706/441/2 2652/1276/2 2694/1272/2
f 2765/1277/2 2766/1271/2 2741/1268/2
f 2765/1277/2 2741/1268/2 2742/1278/2
f 2706/441/2 2694/1272/2 2695/1279/2
f 2705/1280/2 2706/441/2 2695/1279/2
f 2764/1281/2 2765/1277/2 2742/1278/2
f 2705/1280/2 2695/1279/2 2696/1282/2
f 2704/1283/2 2705/1280/2 2696/1282/2
f 2764/1281/2 2742/1278/2 2743/1284/2
f 2763/1285/2 2764/1281/2 2743/1284/2
f 2704/1283/2 2696/1282/2 2697/1286/2
f 2703/1287/2 2704/1283/2 2697/1286/2
f 2762/1288/2 2763/1285/2 2743/1284/2
f 2761/1289/2 2762/1288/2 2743/1284/2
f 2703/1287/2 2697/1286/2 2698/1290/2
f 2702/1291/2 2703/1287/2 2698/1290/2
f 2761/1289/2 2743/1284/2 2744/1292/2
f 2760/1293/2 2761/1289/2 2744/1292/2
f 2759/1294/2 2760/1293/2 2744/1292/2
f 2758/356/2 2759/1294/2 2744/1292/2
f 2702/1291/2 2698/1290/2 2699/1295/2
f 2701/1296/2 2702/1291/2 2699/1295/2
f 2757/1297/2 2758/356/2 2744/1292/2
f 2756/1298/2 2757/1297/2 2744/1292/2
f 2755/1299/2 2756/1298/2 2744/1292/2
f 2754/1300/2 2755/1299/2 2744/1292/2
f 2753/1301/2 2754/1300/2 2744/1292/2
f 2752/1302/2 2753/1301/2 2744/1292/2
f 2701/1296/2 2699/1295/2 2700/1303/2
f 2751/1304/2 2752/1302/2 2744/1292/2
f 2750/1305/2 2751/1304/2 2744/1292/2
f 2749/1306/2 2750/1305/2 2744/1292/2
f 2748/1307/2 2749/1306/2 2744/1292/2
f 2748/1307/2 2744/1292/2 2745/201/2
f 2748/1307/2 2745/201/2 2746/1308/2
f 2748/1307/2 2746/1308/2 2747/1309/2
f 2810/1310/2 2811/1312/2 2812/1311/2
f 2810/1310/2 2812/1311/2 2809/1313/2
f 2809/1313/2 2812/1311/2 2912/1314/2
f 2912/1314/2 2812/1311/2 2926/1/2
f 2926/1/2 2812/1311/2 2813/1315/2
f 2808/1316/2 2809/1313/2 2912/1314/2
f 2808/1316/2 2912/1314/2 2913/1317/2
f 2925/1318/2 2926/1/2 2813/1315/2
f 2808/1316/2 2913/1317/2 2914/1319/2
f 2807/1320/2 2808/1316/2 2914/1319/2
f 2807/1320/2 2914/1319/2 2915/1321/2
f 2806/488/2 2807/1320/2 2915/1321/2
f 2806/488/2 2915/1321/2 2916/1322/2
f 2805/1323/2 2806/488/2 2916/1322/2
f 2805/1323/2 2916/1322/2 2917/1324/2
f 2804/1325/2 2805/1323/2 2917/1324/2
f 2803/1326/2 2804/1325/2 2917/1324/2
f 2803/1326/2 2917/1324/2 2918/223/2
f 2802/1327/2 2803/1326/2 2918/223/2
f 2802/1327/2 2918/223/2 2919/1328/2
f 2801/1329/2 2802/1327/2 2919/1328/2
f 2801/1329/2 2919/1328/2 2920/1330/2
f 2800/1331/2 2801/1329/2 2920/1330/2
f 2800/1331/2 2920/1330/2 2921/1332/2
f 2799/1333/2 2800/1331/2 2921/1332/2
f 2799/1333/2 2921/1332/2 2922/1334/2
f 2798/28/2 2799/1333/2 2922/1334/2
f 2798/28/2 2922/1334/2 2923/1335/2
f 2892/1336/2 2798/28/2 2923/1335/2
f 2892/1336/2 2923/1335/2 2924/1337/2
f 2890/1338/2 2891/1339/2 2892/1336/2
f 2890/1338/2 2892/1336/2 2924/1337/2
f 2890/1338/2 2924/1337/2 2925/1318/2
f 2890/1338/2 2925/1318/2 2813/1315/2
f 2890/1338/2 2813/1315/2 2814/455/2
f 2890/1338/2 2814/455/2 2815/1340/2
f 2889/1341/1 2890/1338/1 2815/1340/1
f 2888/1342/2 2889/1341/2 2911/1343/2
f 2911/1343/2 2889/1341/2 2815/1340/2
f 2888/1342/2 2911/1343/2 2897/1344/2
f 2910/272/1 2911/1343/1 2815/1340/1
f 2909/1345/2 2910/272/2 2816/1346/2
f 2816/1346/1 2910/272/1 2815/1340/1
f 2909/1345/2 2816/1346/2 2817/1347/2
f 2888/1342/2 2897/1344/2 2898/1348/2
f 2887/1349/2 2888/1342/2 2898/1348/2
f 2887/1349/2 2898/1348/2 2899/1350/2
f 2886/247/2 2887/1349/2 2899/1350/2
f 2886/247/2 2899/1350/2 2900/1351/2
f 2885/1352/2 2886/247/2 2900/1351/2
f 2885/1352/2 2900/1351/2 2901/1353/2
f 2884/1354/2 2885/1352/2 2901/1353/2
f 2884/1354/2 2901/1353/2 2902/355/2
f 2883/1355/2 2884/1354/2 2902/355/2
f 2883/1355/2 2902/355/2 2903/1356/2
f 2882/1357/2 2883/1355/2 2903/1356/2
f 2882/1357/2 2903/1356/2 2904/1358/2
f 2881/1359/2 2882/1357/2 2904/1358/2
f 2881/1359/2 2904/1358/2 2905/1360/2
f 2880/1361/2 2881/1359/2 2905/1360/2
f 2880/1361/2 2905/1360/2 2906/1362/2
f 2879/1363/2 2880/1361/2 2906/1362/2
f 2879/1363/2 2906/1362/2 2907/1364/2
f 2878/189/2 2879/1363/2 2907/1364/2
f 2878/189/2 2907/1364/2 2908/1365/2
f 2877/1366/2 2878/189/2 2908/1365/2
f 2875/1367/2 2876/1368/2 2877/1366/2
f 2875/1367/2 2877/1366/2 2908/1365/2
f 2875/1367/2 2908/1365/2 2909/1345/2
f 2875/1367/2 2909/1345/2 2817/1347/2
f 2874/1369/1 2875/1367/1 2817/1347/1
f 2873/1370/2 2874/1369/2 2818/1371/2
f 2818/1371/1 2874/1369/1 2817/1347/1
f 2873/1370/2 2818/1371/2 2819/1372/2
f 2873/1370/2 2819/1372/2 2820/1373/2
f 2873/1370/2 2820/1373/2 2821/1374/2
f 2872/1375/2 2873/1370/2 2821/1374/2
f 2872/1375/2 2821/1374/2 2822/317/2
f 2872/1375/2 2822/317/2 2823/1376/2
f 2872/1375/2 2823/1376/2 2824/1377/2
f 2871/1378/2 2872/1375/2 2824/1377/2
f 2871/1378/2 2824/1377/2 2825/1379/2
f 2871/1378/2 2825/1379/2 2826/1380/2
f 2871/1378/2 2826/1380/2 2827/1381/2
f 2870/186/2 2871/1378/2 2827/1381/2
f 2870/186/2 2827/1381/2 2828/1382/2
f 2870/186/2 2828/1382/2 2829/1383/2
f 2870/186/2 2829/1383/2 2830/323/2
f 2869/1384/2 2870/186/2 2830/323/2
f 2869/1384/2 2830/323/2 2831/1385/2
f 2869/1384/2 2831/1385/2 2893/1386/2
f 2893/1386/2 2831/1385/2 2832/1387/2
f 2868/1388/2 2869/1384/2 2893/1386/2
f 2867/1389/2 2868/1388/2 2893/1386/2
f 2866/1390/2 2867/1389/2 2838/400/2
f 2838/400/2 2867/1389/2 2893/1386/2
f 2866/1390/2 2838/400/2 2839/1391/2
f 2837/1392/2 2838/400/2 2894/356/2
f 2894/356/2 2838/400/2 2893/1386/2
f 2837/1392/2 2894/356/2 2895/1393/2
f 2896/1394/2 2893/1386/2 2832/1387/2
f 2865/1395/2 2866/1390/2 2839/1391/2
f 2865/1395/2 2839/1391/2 2840/1396/2
f 2865/1395/2 2840/1396/2 2841/1397/2
f 2864/1398/2 2865/1395/2 2841/1397/2
f 2864/1398/2 2841/1397/2 2842/1399/2
f 2863/1400/2 2864/1398/2 2842/1399/2
f 2863/1400/2 2842/1399/2 2843/1401/2
f 2863/1400/2 2843/1401/2 2844/1402/2
f 2862/375/2 2863/1400/2 2844/1402/2
f 2862/375/2 2844/1402/2 2845/1403/2
f 2861/1404/2 2862/375/2 2845/1403/2
f 2860/1405/2 2861/1404/2 2845/1403/2
f 2860/1405/2 2845/1403/2 2846/410/2
f 2859/1406/2 2860/1405/2 2846/410/2
f 2858/1407/2 2859/1406/2 2846/410/2
f 2857/1408/2 2858/1407/2 2846/410/2
f 2857/1408/2 2846/410/2 2847/1409/2
f 2856/1410/2 2857/1408/2 2847/1409/2
f 2855/1411/2 2856/1410/2 2847/1409/2
f 2855/1411/2 2847/1409/2 2848/1412/2
f 2854/407/2 2855/1411/2 2848/1412/2
f 2853/1413/2 2854/407/2 2848/1412/2
f 2853/1413/2 2848/1412/2 2849/1414/2
f 2852/1415/2 2853/1413/2 2849/1414/2
f 2852/1415/2 2849/1414/2 2851/1416/2
f 2851/1416/2 2849/1414/2 2850/1417/2
f 2837/1392/2 2895/1393/2 2835/1418/2
f 2835/1418/2 2895/1393/2 2896/1394/2
f 2835/1418/2 2896/1394/2 2834/1419/2
f 2834/1419/2 2896/1394/2 2832/1387/2
f 2837/1392/2 2835/1418/2 2836/1420/2
f 2833/1421/2 2834/1419/2 2832/1387/2
s 1
f 2928/1422/3 2930/1423/4 2929/1424/4 2927/28/3
f 2930/1423/4 2932/1425/5 2931/1426/5 2929/1424/4
f 2932/1425/5 2934/1427/6 2933/1428/6 2931/1426/5
f 2934/1427/6 2936/1429/7 2935/1430/7 2933/1428/6
f 2936/1429/7 2938/1431/8 2937/1432/8 2935/1430/7
f 2938/1431/8 2940/1433/9 2939/1434/9 2937/1432/8
f 2940/1433/9 2942/1435/10 2941/1436/10 2939/1434/9
f 2942/1435/10 2944/1437/11 2943/1438/11 2941/1436/10
f 2944/1437/11 2946/1439/12 2945/1440/12 2943/1438/11
f 2946/1439/12 2948/1441/13 2947/1442/13 2945/1440/12
f 2948/1441/13 2950/1443/14 2949/1444/14 2947/1442/13
f 2950/1443/14 2952/1445/15 2951/1446/15 2949/1444/14
f 2952/1445/15 2954/1447/16 2953/1448/16 2951/1446/15
f 2954/1447/16 2956/1449/17 2955/1450/17 2953/1448/16
f 2956/1449/17 2958/1451/17 2957/1452/17 2955/1450/17
f 2958/1451/17 2960/1453/17 2959/1454/17 2957/1452/17
f 2960/1453/17 2962/1455/18 2961/1456/18 2959/1454/17
f 2962/1455/18 2964/1457/18 2963/1458/18 2961/1456/18
f 2964/1457/18 2966/1459/18 2965/1460/18 2963/1458/18
f 2966/1459/18 2968/1461/19 2967/1462/19 2965/1460/18
f 2968/1461/19 2970/1463/20 2969/1464/20 2967/1462/19
f 2970/1463/20 2972/1465/21 2971/1466/21 2969/1464/20
f 2972/1465/21 2974/1467/22 2973/1468/22 2971/1466/21
f 2974/1467/22 2976/1469/23 2975/1470/23 2973/1468/22
f 2976/1469/23 2978/1471/24 2977/1472/24 2975/1470/23
f 2978/1471/24 2980/1473/25 2979/1474/25 2977/1472/24
f 2980/1473/25 2982/1475/26 2981/1476/26 2979/1474/25
f 2982/1475/26 2984/1477/27 2983/1478/27 2981/1476/26
f 2984/1477/27 2986/1479/28 2985/1480/28 2983/1478/27
f 2986/1479/28 2988/1481/29 2987/1482/29 2985/1480/28
f 2988/1481/29 2990/1483/30 2989/1484/30 2987/1482/29
f 2990/1483/30 2992/1485/31 2991/1486/31 2989/1484/30
f 2992/1485/31 2994/1487/17 2993/1488/17 2991/1486/31
f 2994/1487/17 2996/1489/18 2995/1490/18 2993/1488/17
f 2996/1489/18 2998/1491/15 2997/1492/15 2995/1490/18
f 2998/1491/15 3000/1493/15 2999/1494/15 2997/1492/15
f 3000/1493/15 3002/1495/18 3001/1496/18 2999/1494/15
f 3002/1495/18 3004/1497/18 3003/1498/18 3001/1496/18
f 3004/1497/18 3006/1499/15 3005/1500/15 3003/1498/18
f 3006/1499/15 3008/1501/32 3007/1502/32 3005/1500/15
f 3008/1501/32 3010/1503/33 3009/1504/33 3007/1502/32
f 3010/1503/33 3012/1505/34 3011/1506/34 3009/1504/33
f 3012/1505/34 3014/1507/35 3013/1508/35 3011/1506/34
f 3014/1507/35 3016/1509/36 3015/1510/36 3013/1508/35
f 3016/1509/36 3018/1511/37 3017/1512/37 3015/1510/36
f 3018/1511/37 3020/1513/38 3019/1514/38 3017/1512/37
f 3020/1513/38 3022/1515/39 3021/1516/39 3019/1514/38
f 3022/1515/39 3024/1517/40 3023/1518/40 3021/1516/39
f 3024/1517/40 3026/1519/41 3025/1520/41 3023/1518/40
f 3026/1519/41 3028/1521/42 3027/1522/42 3025/1520/41
f 3028/1521/42 3030/1523/43 3029/1524/43 3027/1522/42
f 3030/1523/43 3032/1525/44 3031/1526/44 3029/1524/43
f 3032/1525/44 3034/1527/45 3033/1528/45 3031/1526/44
f 3034/1527/45 3036/1529/46 3035/1530/46 3033/1528/45
f 3036/1529/46 3038/1531/47 3037/1532/47 3035/1530/46
f 3038/1531/47 3040/1533/48 3039/1534/48 3037/1532/47
f 3040/1533/48 3042/1535/49 3041/1536/49 3039/1534/48
f 3042/1535/49 3044/1537/50 3043/1538/50 3041/1536/49
f 3044/1537/50 3046/1539/51 3045/1540/51 3043/1538/50
f 3046/1539/51 3048/1541/52 3047/1542/52 3045/1540/51
f 3048/1541/52 3050/1543/53 3049/1544/53 3047/1542/52
f 3050/1543/53 3052/1545/54 3051/1546/54 3049/1544/53
f 3052/1545/54 3054/1547/55 3053/1548/55 3051/1546/54
f 3054/1547/55 3056/1549/56 3055/1550/56 3053/1548/55
f 3056/1549/56 3058/1551/57 3057/1552/57 3055/1550/56
f 3058/1551/57 3060/1553/58 3059/1554/58 3057/1552/57
f 3060/1553/58 3062/1555/59 3061/1556/59 3059/1554/58
f 3062/1555/59 3064/1557/60 3063/1558/60 3061/1556/59
f 3064/1557/60 3066/1559/61 3065/1560/61 3063/1558/60
f 3066/1559/61 3068/1561/62 3067/1562/62 3065/1560/61
f 3068/1561/62 3070/1563/63 3069/1564/63 3067/1562/62
f 3070/1563/63 3072/1565/64 3071/1566/64 3069/1564/63
f 3072/1565/64 3074/1567/65 3073/1568/65 3071/1566/64
f 3074/1567/65 3076/1569/66 3075/1570/66 3073/1568/65
f 3076/1569/66 3078/1571/67 3077/1572/67 3075/1570/66
f 3078/1571/67 3080/1573/68 3079/1574/68 3077/1572/67
f 3080/1573/68 3082/1575/15 3081/1576/15 3079/1574/68
f 3082/1575/15 3084/1577/16 3083/1578/16 3081/1576/15
f 3084/1577/16 3086/1579/69 3085/1580/69 3083/1578/16
f 3086/1579/69 3088/1581/70 3087/1582/70 3085/1580/69
f 3088/1581/70 3090/1583/71 3089/1584/71 3087/1582/70
f 3090/1583/71 3092/1585/72 3091/1586/72 3089/1584/71
f 3092/1585/72 3094/1587/73 3093/1588/73 3091/1586/72
f 3094/1587/73 3096/1589/74 3095/1590/74 3093/1588/73
f 3096/1589/74 3098/1591/75 3097/1592/75 3095/1590/74
f 3098/1591/75 3100/1593/76 3099/1594/76 3097/1592/75
f 3100/1593/76 3102/1595/77 3101/1596/77 3099/1594/76
f 3102/1595/77 3104/1597/78 3103/1598/78 3101/1596/77
f 3104/1597/78 3106/1599/79 3105/1600/79 3103/1598/78
f 3106/1599/79 3108/1601/80 3107/1602/80 3105/1600/79
f 3108/1601/80 3110/1603/81 3109/1604/81 3107/1602/80
f 3110/1603/81 3112/1605/15 3111/1606/15 3109/1604/81
f 3112/1605/15 3114/1607/16 3113/1608/16 3111/1606/15
f 3114/1607/16 3116/1609/82 3115/1610/82 3113/1608/16
f 3116/1609/82 2928/1611/3 2927/1/3 3115/1610/82
f 3118/1422/15 3120/1612/18 3119/323/18 3117/28/15
f 3120/1612/18 3122/1613/17 3121/375/17 3119/323/18
f 3122/1613/17 3124/1614/16 3123/356/16 3121/375/17
f 3124/1614/16 3118/1611/15 3117/1/15 3123/356/16
f 3126/1422/83 3128/1615/84 3127/1616/84 3125/28/83
f 3128/1615/84 3130/1617/85 3129/1618/85 3127/1616/84
f 3130/1617/85 3132/1459/86 3131/1460/86 3129/1618/85
f 3132/1459/86 3134/1619/87 3133/1620/87 3131/1460/86
f 3134/1619/87 3136/1621/88 3135/422/88 3133/1620/87
f 3136/1621/88 3138/1497/89 3137/1498/89 3135/422/88
f 3138/1497/89 3140/1622/90 3139/1623/90 3137/1498/89
f 3140/1622/90 3142/1624/91 3141/1625/91 3139/1623/90
f 3142/1624/91 3144/1535/92 3143/1536/92 3141/1625/91
f 3144/1535/92 3146/1626/93 3145/201/93 3143/1536/92
f 3146/1626/93 3148/1627/94 3147/1628/94 3145/201/93
f 3148/1627/94 3150/1573/16 3149/1574/16 3147/1628/94
f 3150/1573/16 3152/1629/15 3151/1630/15 3149/1574/16
f 3152/1629/15 3154/1631/95 3153/1632/95 3151/1630/15
f 3154/1631/95 3126/1611/83 3125/1/83 3153/1632/95
f 3156/1422/96 3158/1615/97 3157/1616/97 3155/28/96
f 3158/1615/97 3160/1617/98 3159/1618/98 3157/1616/97
f 3160/1617/98 3162/1459/99 3161/1460/99 3159/1618/98
f 3162/1459/99 3164/1619/100 3163/1620/100 3161/1460/99
f 3164/1619/100 3166/1621/101 3165/422/101 3163/1620/100
f 3166/1621/101 3168/1497/102 3167/1498/102 3165/422/101
f 3168/1497/102 3170/1622/103 3169/1623/103 3167/1498/102
f 3170/1622/103 3172/1624/104 3171/1625/104 3169/1623/103
f 3172/1624/104 3174/1535/105 3173/1536/105 3171/1625/104
f 3174/1535/105 3176/1626/106 3175/201/106 3173/1536/105
f 3176/1626/106 3178/1627/107 3177/1628/107 3175/201/106
f 3178/1627/107 3180/1573/108 3179/1574/108 3177/1628/107
f 3180/1573/108 3182/1629/16 3181/1630/16 3179/1574/108
f 3182/1629/16 3184/1631/15 3183/1632/15 3181/1630/16
f 3184/1631/15 3156/1611/96 3155/1/96 3183/1632/15
f 3186/1422/109 3188/1633/110 3187/483/110 3185/28/109
f 3188/1633/110 3190/1634/111 3189/460/111 3187/483/110
f 3190/1634/111 3192/1635/112 3191/488/112 3189/460/111
f 3192/1635/112 3194/1636/113 3193/489/113 3191/488/112
f 3194/1636/113 3196/1637/114 3195/462/114 3193/489/113
f 3196/1637/114 3198/1638/115 3197/455/115 3195/462/114
f 3198/1638/115 3200/1639/116 3199/482/116 3197/455/115
f 3200/1639/116 3202/1640/117 3201/301/117 3199/482/116
f 3202/1640/117 3204/1641/118 3203/317/118 3201/301/117
f 3204/1641/118 3206/1642/119 3205/337/119 3203/317/118
f 3206/1642/119 3208/1643/120 3207/330/120 3205/337/119
f 3208/1643/120 3210/1612/121 3209/323/121 3207/330/120
f 3210/1612/121 3212/1644/122 3211/313/122 3209/323/121
f 3212/1644/122 3214/1645/123 3213/298/123 3211/313/122
f 3214/1645/123 3216/1646/124 3215/400/124 3213/298/123
f 3216/1646/124 3218/1621/125 3217/422/125 3215/400/124
f 3218/1621/125 3220/1647/126 3219/419/126 3217/422/125
f 3220/1647/126 3222/1648/127 3221/410/127 3219/419/126
f 3222/1648/127 3224/1649/128 3223/444/128 3221/410/127
f 3224/1649/128 3226/1650/129 3225/441/129 3223/444/128
f 3226/1650/129 3228/1651/130 3227/407/130 3225/441/129
f 3228/1651/130 3230/1652/131 3229/385/131 3227/407/130
f 3230/1652/131 3232/1653/132 3231/363/132 3229/385/131
f 3232/1653/132 3234/1613/133 3233/375/133 3231/363/132
f 3234/1613/133 3236/1654/134 3235/391/134 3233/375/133
f 3236/1654/134 3238/1655/135 3237/198/135 3235/391/134
f 3238/1655/135 3240/1656/136 3239/186/136 3237/198/135
f 3240/1656/136 3242/1657/137 3241/172/137 3239/186/136
f 3242/1657/137 3244/1658/138 3243/175/138 3241/172/137
f 3244/1658/138 3246/1659/139 3245/189/139 3243/175/138
f 3246/1659/139 3248/1660/140 3247/213/140 3245/189/139
f 3248/1660/140 3250/1626/141 3249/201/141 3247/213/140
f 3250/1626/141 3252/1661/142 3251/247/142 3249/201/141
f 3252/1661/142 3254/1662/143 3253/254/143 3251/247/142
f 3254/1662/143 3256/1663/144 3255/305/144 3253/254/143
f 3256/1663/144 3258/1614/145 3257/356/145 3255/305/144
f 3258/1614/145 3260/1664/146 3259/403/146 3257/356/145
f 3260/1664/146 3262/1665/147 3261/399/147 3259/403/146
f 3262/1665/147 3264/1666/148 3263/355/148 3261/399/147
f 3264/1666/148 3266/1667/149 3265/291/149 3263/355/148
f 3266/1667/149 3268/1668/150 3267/255/150 3265/291/149
f 3268/1668/150 3270/1669/151 3269/272/151 3267/255/150
f 3270/1669/151 3272/1670/152 3271/275/152 3269/272/151
f 3272/1670/152 3274/1671/153 3273/259/153 3271/275/152
f 3274/1671/153 3276/1672/154 3275/223/154 3273/259/153
f 3276/1672/154 3278/1673/155 3277/239/155 3275/223/154
f 3278/1673/155 3280/1674/156 3279/232/156 3277/239/155
f 3280/1674/156 3186/1611/109 3185/1/109 3279/232/156
f 3282/1422/157 3284/1675/158 3283/1676/158 3281/28/157
f 3284/1675/158 3286/1677/159 3285/1678/159 3283/1676/158
f 3286/1677/159 3288/1679/160 3287/1680/160 3285/1678/159
f 3288/1679/160 3290/1681/161 3289/1682/161 3287/1680/160
f 3290/1681/161 3292/1683/162 3291/1684/162 3289/1682/161
f 3292/1683/162 3294/1685/163 3293/1686/163 3291/1684/162
f 3294/1685/163 3296/1687/164 3295/1688/164 3293/1686/163
f 3296/1687/164 3298/1689/165 3297/1690/165 3295/1688/164
f 3298/1689/165 3300/1691/166 3299/1692/166 3297/1690/165
f 3300/1691/166 3302/1693/167 3301/1694/167 3299/1692/166
f 3302/1693/167 3304/1695/168 3303/1696/168 3301/1694/167
f 3304/1695/168 3306/1697/169 3305/1698/169 3303/1696/168
f 3306/1697/169 3308/1699/170 3307/1700/170 3305/1698/169
f 3308/1699/170 3310/1701/171 3309/1702/171 3307/1700/170
f 3310/1701/171 3312/1703/172 3311/1704/172 3309/1702/171
f 3312/1703/172 3314/1705/173 3313/1706/173 3311/1704/172
f 3314/1705/173 3316/1707/174 3315/1708/174 3313/1706/173
f 3316/1707/174 3318/1709/175 3317/1710/175 3315/1708/174
f 3318/1709/175 3320/1711/176 3319/1712/176 3317/1710/175
f 3320/1711/176 3322/1713/177 3321/1714/177 3319/1712/176
f 3322/1713/177 3324/1715/178 3323/1716/178 3321/1714/177
f 3324/1715/178 3326/1717/179 3325/1718/179 3323/1716/178
f 3326/1717/179 3328/1719/180 3327/1720/180 3325/1718/179
f 3328/1719/180 3330/1721/181 3329/1722/181 3327/1720/180
f 3330/1721/181 3332/1723/182 3331/1724/182 3329/1722/181
f 3332/1723/182 3334/1725/183 3333/1726/183 3331/1724/182
f 3334/1725/183 3336/1727/184 3335/1728/184 3333/1726/183
f 3336/1727/184 3338/1729/185 3337/1730/185 3335/1728/184
f 3338/1729/185 3340/1731/186 3339/1732/186 3337/1730/185
f 3340/1731/186 3342/1733/187 3341/1734/187 3339/1732/186
f 3342/1733/187 3344/1735/188 3343/1736/188 3341/1734/187
f 3344/1735/188 3346/1737/189 3345/1738/189 3343/1736/188
f 3346/1737/189 3348/1739/190 3347/1740/190 3345/1738/189
f 3348/1739/190 3350/1741/191 3349/1742/191 3347/1740/190
f 3350/1741/191 3352/1743/192 3351/1744/192 3349/1742/191
f 3352/1743/192 3354/1745/193 3353/1746/193 3351/1744/192
f 3354/1745/193 3356/1747/194 3355/1748/194 3353/1746/193
f 3356/1747/194 3358/1749/195 3357/1750/195 3355/1748/194
f 3358/1749/195 3360/1751/196 3359/1752/196 3357/1750/195
f 3360/1751/196 3362/1753/197 3361/1754/197 3359/1752/196
f 3362/1753/197 3364/1755/198 3363/1756/198 3361/1754/197
f 3364/1755/198 3366/1757/199 3365/1758/199 3363/1756/198
f 3366/1757/199 3368/1759/200 3367/1760/200 3365/1758/199
f 3368/1759/200 3370/1761/201 3369/1762/201 3367/1760/200
f 3370/1761/201 3372/1763/202 3371/1764/202 3369/1762/201
f 3372/1763/202 3374/1765/203 3373/1766/203 3371/1764/202
f 3374/1765/203 3376/1767/204 3375/1768/204 3373/1766/203
f 3376/1767/204 3378/1769/205 3377/1770/205 3375/1768/204
f 3378/1769/205 3380/1771/206 3379/1772/206 3377/1770/205
f 3380/1771/206 3382/1773/207 3381/1774/207 3379/1772/206
f 3382/1773/207 3384/1775/208 3383/1776/208 3381/1774/207
f 3384/1775/208 3386/1777/209 3385/1778/209 3383/1776/208
f 3386/1777/209 3388/1779/210 3387/1780/210 3385/1778/209
f 3388/1779/210 3390/1781/211 3389/1782/211 3387/1780/210
f 3390/1781/211 3392/1783/212 3391/1784/212 3389/1782/211
f 3392/1783/212 3394/1785/213 3393/1786/213 3391/1784/212
f 3394/1785/213 3396/1787/214 3395/1788/214 3393/1786/213
f 3396/1787/214 3398/1789/215 3397/1790/215 3395/1788/214
f 3398/1789/215 3400/1791/216 3399/1792/216 3397/1790/215
f 3400/1791/216 3402/1793/217 3401/1794/217 3399/1792/216
f 3402/1793/217 3404/1795/218 3403/1796/218 3401/1794/217
f 3404/1795/218 3406/1797/219 3405/1798/219 3403/1796/218
f 3406/1797/219 3408/1799/220 3407/1800/220 3405/1798/219
f 3408/1799/220 3410/1801/221 3409/1802/221 3407/1800/220
f 3410/1801/221 3412/1803/222 3411/1804/222 3409/1802/221
f 3412/1803/222 3414/1805/223 3413/1806/223 3411/1804/222
f 3414/1805/223 3416/1807/224 3415/1808/224 3413/1806/223
f 3416/1807/224 3418/1809/225 3417/1810/225 3415/1808/224
f 3418/1809/225 3420/1811/226 3419/1812/226 3417/1810/225
f 3420/1811/226 3422/1813/227 3421/1814/227 3419/1812/226
f 3422/1813/227 3424/1815/228 3423/1816/228 3421/1814/227
f 3424/1815/228 3426/1817/229 3425/1818/229 3423/1816/228
f 3426/1817/229 3428/1819/230 3427/1820/230 3425/1818/229
f 3428/1819/230 3430/1821/231 3429/1822/231 3427/1820/230
f 3430/1821/231 3432/1823/232 3431/1824/232 3429/1822/231
f 3432/1823/232 3434/1825/233 3433/1826/233 3431/1824/232
f 3434/1825/233 3436/1827/234 3435/1828/234 3433/1826/233
f 3436/1827/234 3438/1829/235 3437/1830/235 3435/1828/234
f 3438/1829/235 3440/1831/236 3439/1832/236 3437/1830/235
f 3440/1831/236 3442/1833/237 3441/1834/237 3439/1832/236
f 3442/1833/237 3444/1835/238 3443/1836/238 3441/1834/237
f 3444/1835/238 3446/1837/239 3445/1838/239 3443/1836/238
f 3446/1837/239 3448/1839/240 3447/1840/240 3445/1838/239
f 3448/1839/240 3450/1841/241 3449/1842/241 3447/1840/240
f 3450/1841/241 3452/1843/242 3451/1844/242 3449/1842/241
f 3452/1843/242 3454/1845/243 3453/1846/243 3451/1844/242
f 3454/1845/243 3456/1847/244 3455/1848/244 3453/1846/243
f 3456/1847/244 3458/1849/245 3457/1850/245 3455/1848/244
f 3458/1849/245 3460/1851/246 3459/1852/246 3457/1850/245
f 3460/1851/246 3462/1853/247 3461/1854/247 3459/1852/246
f 3462/1853/247 3464/1855/248 3463/1856/248 3461/1854/247
f 3464/1855/248 3466/1857/249 3465/1858/249 3463/1856/248
f 3466/1857/249 3468/1859/250 3467/1860/250 3465/1858/249
f 3468/1859/250 3470/1861/251 3469/1862/251 3467/1860/250
f 3470/1861/251 3472/1863/252 3471/1864/252 3469/1862/251
f 3472/1863/252 3474/1865/253 3473/1866/253 3471/1864/252
f 3474/1865/253 3476/1867/254 3475/1868/254 3473/1866/253
f 3476/1867/254 3478/1869/255 3477/1870/255 3475/1868/254
f 3478/1869/255 3480/1871/256 3479/1872/256 3477/1870/255
f 3480/1871/256 3482/1873/257 3481/1874/257 3479/1872/256
f 3482/1873/257 3484/1875/258 3483/1876/258 3481/1874/257
f 3484/1875/258 3486/1877/259 3485/1878/259 3483/1876/258
f 3486/1877/259 3488/1879/260 3487/1880/260 3485/1878/259
f 3488/1879/260 3490/1881/261 3489/1882/261 3487/1880/260
f 3490/1881/261 3492/1883/262 3491/1884/262 3489/1882/261
f 3492/1883/262 3494/1885/263 3493/1886/263 3491/1884/262
f 3494/1885/263 3496/1887/264 3495/1888/264 3493/1886/263
f 3496/1887/264 3498/1889/265 3497/1890/265 3495/1888/264
f 3498/1889/265 3282/1611/157 3281/1/157 3497/1890/265
f 3500/1422/266 3502/1891/267 3501/1263/267 3499/28/266
f 3502/1891/267 3504/1892/268 3503/1274/268 3501/1263/267
f 3504/1892/268 3506/1893/269 3505/1253/269 3503/1274/268
f 3506/1893/269 3508/1894/270 3507/1227/270 3505/1253/269
f 3508/1894/270 3510/1895/271 3509/1201/271 3507/1227/270
f 3510/1895/271 3512/1896/272 3511/1179/272 3509/1201/271
f 3512/1896/272 3514/1897/273 3513/1208/273 3511/1179/272
f 3514/1897/273 3516/1898/274 3515/1235/274 3513/1208/273
f 3516/1898/274 3518/1899/275 3517/1279/275 3515/1235/274
f 3518/1899/275 3520/1900/276 3519/1296/276 3517/1279/275
f 3520/1900/276 3522/1901/277 3521/1266/277 3519/1296/276
f 3522/1901/277 3524/1902/278 3523/1226/278 3521/1266/277
f 3524/1902/278 3526/1613/279 3525/375/279 3523/1226/278
f 3526/1613/279 3528/1903/280 3527/1167/280 3525/375/279
f 3528/1903/280 3530/1904/281 3529/1190/281 3527/1167/280
f 3530/1904/281 3532/1905/282 3531/1238/282 3529/1190/281
f 3532/1905/282 3534/1906/283 3533/1284/283 3531/1238/282
f 3534/1906/283 3536/1907/284 3535/1306/284 3533/1284/283
f 3536/1907/284 3538/1908/285 3537/1299/285 3535/1306/284
f 3538/1908/285 3540/1909/286 3539/1289/286 3537/1299/285
f 3540/1909/286 3542/1910/287 3541/1264/287 3539/1289/286
f 3542/1910/287 3544/1911/288 3543/1231/288 3541/1264/287
f 3544/1911/288 3546/1912/289 3545/1196/289 3543/1231/288
f 3546/1912/289 3548/1913/290 3547/1177/290 3545/1196/289
f 3548/1913/290 3550/1914/291 3549/1206/291 3547/1177/290
f 3550/1914/291 3500/1611/266 3499/1/266 3549/1206/291
f 3552/1422/292 3554/1915/293 3553/1916/293 3551/28/292
f 3554/1915/293 3556/1917/294 3555/1918/294 3553/1916/293
f 3556/1917/294 3558/1919/295 3557/1920/295 3555/1918/294
f 3558/1919/295 3560/1921/296 3559/498/296 3557/1920/295
f 3560/1921/296 3562/1922/297 3561/1923/297 3559/498/296
f 3562/1922/297 3564/1924/298 3563/1925/298 3561/1923/297
f 3564/1924/298 3566/1926/299 3565/1331/299 3563/1925/298
f 3566/1926/299 3568/1927/300 3567/487/300 3565/1331/299
f 3568/1927/300 3570/1928/301 3569/1929/301 3567/487/300
f 3570/1928/301 3572/1930/302 3571/1931/302 3569/1929/301
f 3572/1930/302 3574/1932/303 3573/1933/303 3571/1931/302
f 3574/1932/303 3576/1934/304 3575/476/304 3573/1933/303
f 3576/1934/304 3578/1935/305 3577/1936/305 3575/476/304
f 3578/1935/305 3580/1937/306 3579/1327/306 3577/1936/305
f 3580/1937/306 3582/1938/307 3581/1939/307 3579/1327/306
f 3582/1938/307 3584/1940/308 3583/459/308 3581/1939/307
f 3584/1940/308 3586/1941/309 3585/1942/309 3583/459/308
f 3586/1941/309 3588/1943/310 3587/1944/310 3585/1942/309
f 3588/1943/310 3590/1945/311 3589/1946/311 3587/1944/310
f 3590/1945/311 3592/1947/312 3591/464/312 3589/1946/311
f 3592/1947/312 3594/1948/313 3593/1325/313 3591/464/312
f 3594/1948/313 3596/1949/314 3595/1950/314 3593/1325/313
f 3596/1949/314 3598/1951/315 3597/1952/315 3595/1950/314
f 3598/1951/315 3600/1953/316 3599/475/316 3597/1952/315
f 3600/1953/316 3602/1954/317 3601/1955/317 3599/475/316
f 3602/1954/317 3604/1956/318 3603/1957/318 3601/1955/317
f 3604/1956/318 3606/1958/319 3605/1959/319 3603/1957/318
f 3606/1958/319 3608/1635/320 3607/488/320 3605/1959/319
f 3608/1635/320 3610/1960/321 3609/1961/321 3607/488/320
f 3610/1960/321 3612/1962/322 3611/1963/322 3609/1961/321
f 3612/1962/322 3614/1964/323 3613/1965/323 3611/1963/322
f 3614/1964/323 3616/1966/324 3615/497/324 3613/1965/323
f 3616/1966/324 3618/1967/325 3617/1968/325 3615/497/324
f 3618/1967/325 3620/1969/326 3619/1970/326 3617/1968/325
f 3620/1969/326 3622/1971/327 3621/1316/327 3619/1970/326
f 3622/1971/327 3624/1972/328 3623/493/328 3621/1316/327
f 3624/1972/328 3626/1973/329 3625/1974/329 3623/493/328
f 3626/1973/329 3628/1975/330 3627/1976/330 3625/1974/329
f 3628/1975/330 3630/1977/331 3629/1978/331 3627/1976/330
f 3630/1977/331 3632/1979/332 3631/481/332 3629/1978/331
f 3632/1979/332 3634/1980/333 3633/1981/333 3631/481/332
f 3634/1980/333 3636/1982/334 3635/1310/334 3633/1981/333
f 3636/1982/334 3638/1983/335 3637/1984/335 3635/1310/334
f 3638/1983/335 3640/1985/336 3639/469/336 3637/1984/335
f 3640/1985/336 3642/1986/337 3641/1987/337 3639/469/336
f 3642/1986/337 3644/1988/338 3643/1989/338 3641/1987/337
f 3644/1988/338 3646/1990/339 3645/1991/339 3643/1989/338
f 3646/1990/339 3648/1992/340 3647/458/340 3645/1991/339
f 3648/1992/340 3650/1993/341 3649/1311/341 3647/458/340
f 3650/1993/341 3652/1994/342 3651/1995/342 3649/1311/341
f 3652/1994/342 3654/1996/343 3653/1997/343 3651/1995/342
f 3654/1996/343 3656/1998/344 3655/453/344 3653/1997/343
f 3656/1998/344 3658/1999/345 3657/2000/345 3655/453/344
f 3658/1999/345 3660/2001/346 3659/2002/346 3657/2000/345
f 3660/2001/346 3662/2003/347 3661/2004/347 3659/2002/346
f 3662/2003/347 3664/1638/348 3663/455/348 3661/2004/347
f 3664/1638/348 3666/2005/349 3665/2006/349 3663/455/348
f 3666/2005/349 3668/2007/350 3667/2008/350 3665/2006/349
f 3668/2007/350 3670/2009/351 3669/2010/351 3667/2008/350
f 3670/2009/351 3672/2011/352 3671/466/352 3669/2010/351
f 3672/2011/352 3674/2012/353 3673/2013/353 3671/466/352
f 3674/2012/353 3676/2014/354 3675/2015/354 3673/2013/353
f 3676/2014/354 3678/2016/355 3677/1346/355 3675/2015/354
f 3678/2016/355 3680/2017/356 3679/478/356 3677/1346/355
f 3680/2017/356 3682/2018/357 3681/2019/357 3679/478/356
f 3682/2018/357 3684/2020/358 3683/2021/358 3681/2019/357
f 3684/2020/358 3686/2022/359 3685/2023/359 3683/2021/358
f 3686/2022/359 3688/2024/360 3687/490/360 3685/2023/359
f 3688/2024/360 3690/2025/361 3689/2026/361 3687/490/360
f 3690/2025/361 3692/2027/362 3691/1371/362 3689/2026/361
f 3692/2027/362 3694/2028/363 3693/2029/363 3691/1371/362
f 3694/2028/363 3696/2030/364 3695/297/364 3693/2029/363
f 3696/2030/364 3698/2031/365 3697/2032/365 3695/297/364
f 3698/2031/365 3700/2033/366 3699/2034/366 3697/2032/365
f 3700/2033/366 3702/2035/367 3701/2036/367 3699/2034/366
f 3702/2035/367 3704/2037/368 3703/303/368 3701/2036/367
f 3704/2037/368 3706/2038/369 3705/1373/369 3703/303/368
f 3706/2038/369 3708/2039/370 3707/2040/370 3705/1373/369
f 3708/2039/370 3710/2041/371 3709/2042/371 3707/2040/370
f 3710/2041/371 3712/2043/372 3711/310/372 3709/2042/371
f 3712/2043/372 3714/2044/373 3713/2045/373 3711/310/372
f 3714/2044/373 3716/2046/374 3715/2047/374 3713/2045/373
f 3716/2046/374 3718/2048/375 3717/2049/375 3715/2047/374
f 3718/2048/375 3720/1641/376 3719/317/376 3717/2049/375
f 3720/1641/376 3722/2050/377 3721/2051/377 3719/317/376
f 3722/2050/377 3724/2052/378 3723/2053/378 3721/2051/377
f 3724/2052/378 3726/2054/379 3725/2055/379 3723/2053/378
f 3726/2054/379 3728/2056/380 3727/341/380 3725/2055/379
f 3728/2056/380 3730/2057/381 3729/2058/381 3727/341/380
f 3730/2057/381 3732/2059/382 3731/2060/382 3729/2058/381
f 3732/2059/382 3734/2061/383 3733/1377/383 3731/2060/382
f 3734/2061/383 3736/2062/384 3735/338/384 3733/1377/383
f 3736/2062/384 3738/2063/385 3737/2064/385 3735/338/384
f 3738/2063/385 3740/2065/386 3739/2066/386 3737/2064/385
f 3740/2065/386 3742/2067/387 3741/2068/387 3739/2066/386
f 3742/2067/387 3744/2069/388 3743/335/388 3741/2068/387
f 3744/2069/388 3746/2070/389 3745/2071/389 3743/335/388
f 3746/2070/389 3748/2072/390 3747/1380/390 3745/2071/389
f 3748/2072/390 3750/2073/391 3749/2074/391 3747/1380/390
f 3750/2073/391 3752/2075/392 3751/332/392 3749/2074/391
f 3752/2075/392 3754/2076/393 3753/2077/393 3751/332/392
f 3754/2076/393 3756/2078/394 3755/2079/394 3753/2077/393
f 3756/2078/394 3758/2080/395 3757/2081/395 3755/2079/394
f 3758/2080/395 3760/2082/396 3759/329/396 3757/2081/395
f 3760/2082/396 3762/2083/397 3761/1382/397 3759/329/396
f 3762/2083/397 3764/2084/398 3763/2085/398 3761/1382/397
f 3764/2084/398 3766/2086/399 3765/2087/399 3763/2085/398
f 3766/2086/399 3768/2088/400 3767/326/400 3765/2087/399
f 3768/2088/400 3770/2089/401 3769/2090/401 3767/326/400
f 3770/2089/401 3772/2091/402 3771/2092/402 3769/2090/401
f 3772/2091/402 3774/2093/403 3773/2094/403 3771/2092/402
f 3774/2093/403 3776/1612/404 3775/323/404 3773/2094/403
f 3776/1612/404 3778/2095/405 3777/2096/405 3775/323/404
f 3778/2095/405 3780/2097/406 3779/2098/406 3777/2096/405
f 3780/2097/406 3782/2099/407 3781/2100/407 3779/2098/406
f 3782/2099/407 3784/2101/408 3783/320/408 3781/2100/407
f 3784/2101/408 3786/2102/409 3785/2103/409 3783/320/408
f 3786/2102/409 3788/2104/410 3787/2105/410 3785/2103/409
f 3788/2104/410 3790/2106/411 3789/1387/411 3787/2105/410
f 3790/2106/411 3792/2107/412 3791/315/412 3789/1387/411
f 3792/2107/412 3794/2108/413 3793/2109/413 3791/315/412
f 3794/2108/413 3796/2110/414 3795/2111/414 3793/2109/413
f 3796/2110/414 3798/2112/415 3797/2113/415 3795/2111/414
f 3798/2112/415 3800/2114/416 3799/309/416 3797/2113/415
f 3800/2114/416 3802/2115/417 3801/2116/417 3799/309/416
f 3802/2115/417 3804/2117/418 3803/1419/418 3801/2116/417
f 3804/2117/418 3806/2118/419 3805/2119/419 3803/1419/418
f 3806/2118/419 3808/2120/420 3807/302/420 3805/2119/419
f 3808/2120/420 3810/2121/421 3809/2122/421 3807/302/420
f 3810/2121/421 3812/2123/422 3811/2124/422 3809/2122/421
f 3812/2123/422 3814/2125/423 3813/2126/423 3811/2124/422
f 3814/2125/423 3816/2127/424 3815/296/424 3813/2126/423
f 3816/2127/424 3818/2128/425 3817/1420/425 3815/296/424
f 3818/2128/425 3820/2129/426 3819/2130/426 3817/1420/425
f 3820/2129/426 3822/2131/427 3821/2132/427 3819/2130/426
f 3822/2131/427 3824/2133/428 3823/392/428 3821/2132/427
f 3824/2133/428 3826/2134/429 3825/2135/429 3823/392/428
f 3826/2134/429 3828/2136/430 3827/2137/430 3825/2135/429
f 3828/2136/430 3830/2138/431 3829/2139/431 3827/2137/430
f 3830/2138/431 3832/1646/432 3831/400/432 3829/2139/431
f 3832/1646/432 3834/2140/433 3833/2141/433 3831/400/432
f 3834/2140/433 3836/2142/434 3835/2143/434 3833/2141/433
f 3836/2142/434 3838/2144/435 3837/2145/435 3835/2143/434
f 3838/2144/435 3840/2146/436 3839/406/436 3837/2145/435
f 3840/2146/436 3842/2147/437 3841/2148/437 3839/406/436
f 3842/2147/437 3844/2149/15 3843/2150/15 3841/2148/437
f 3844/2149/15 3846/2151/438 3845/1396/438 3843/2150/15
f 3846/2151/438 3848/2152/439 3847/417/439 3845/1396/438
f 3848/2152/439 3850/2153/440 3849/2154/440 3847/417/439
f 3850/2153/440 3852/2155/441 3851/2156/441 3849/2154/440
f 3852/2155/441 3854/2157/442 3853/2158/442 3851/2156/441
f 3854/2157/442 3856/2159/443 3855/427/443 3853/2158/442
f 3856/2159/443 3858/2160/444 3857/2161/444 3855/427/443
f 3858/2160/444 3860/2162/445 3859/1399/445 3857/2161/444
f 3860/2162/445 3862/2163/446 3861/2164/446 3859/1399/445
f 3862/2163/446 3864/2165/447 3863/423/447 3861/2164/446
f 3864/2165/447 3866/2166/448 3865/2167/448 3863/423/447
f 3866/2166/448 3868/2168/449 3867/2169/449 3865/2167/448
f 3868/2168/449 3870/2170/450 3869/2171/450 3867/2169/449
f 3870/2170/450 3872/2172/451 3871/416/451 3869/2171/450
f 3872/2172/451 3874/2173/452 3873/1402/452 3871/416/451
f 3874/2173/452 3876/2174/453 3875/2175/453 3873/1402/452
f 3876/2174/453 3878/2176/454 3877/2177/454 3875/2175/453
f 3878/2176/454 3880/2178/455 3879/412/455 3877/2177/454
f 3880/2178/455 3882/2179/456 3881/2180/456 3879/412/455
f 3882/2179/456 3884/2181/457 3883/2182/457 3881/2180/456
f 3884/2181/457 3886/2183/458 3885/2184/458 3883/2182/457
f 3886/2183/458 3888/1648/459 3887/410/459 3885/2184/458
f 3888/1648/459 3890/2185/460 3889/2186/460 3887/410/459
f 3890/2185/460 3892/2187/461 3891/2188/461 3889/2186/460
f 3892/2187/461 3894/2189/462 3893/2190/462 3891/2188/461
f 3894/2189/462 3896/2191/463 3895/439/463 3893/2190/462
f 3896/2191/463 3898/2192/464 3897/2193/464 3895/439/463
f 3898/2192/464 3900/2194/465 3899/2195/465 3897/2193/464
f 3900/2194/465 3902/2196/466 3901/1412/466 3899/2195/465
f 3902/2196/466 3904/2197/467 3903/443/467 3901/1412/466
f 3904/2197/467 3906/2198/468 3905/2199/468 3903/443/467
f 3906/2198/468 3908/2200/469 3907/2201/469 3905/2199/468
f 3908/2200/469 3910/2202/470 3909/2203/470 3907/2201/469
f 3910/2202/470 3912/2204/471 3911/447/471 3909/2203/470
f 3912/2204/471 3914/2205/472 3913/2206/472 3911/447/471
f 3914/2205/472 3916/2207/473 3915/1417/473 3913/2206/472
f 3916/2207/473 3918/2208/474 3917/2209/474 3915/1417/473
f 3918/2208/474 3920/2210/475 3919/449/475 3917/2209/474
f 3920/2210/475 3922/2211/476 3921/2212/476 3919/449/475
f 3922/2211/476 3924/2213/477 3923/2214/477 3921/2212/476
f 3924/2213/477 3926/2215/478 3925/2216/478 3923/2214/477
f 3926/2215/478 3928/2217/479 3927/435/479 3925/2216/478
f 3928/2217/479 3930/2218/480 3929/1415/480 3927/435/479
f 3930/2218/480 3932/2219/481 3931/2220/481 3929/1415/480
f 3932/2219/481 3934/2221/482 3933/2222/482 3931/2220/481
f 3934/2221/482 3936/2223/483 3935/430/483 3933/2222/482
f 3936/2223/483 3938/2224/484 3937/2225/484 3935/430/483
f 3938/2224/484 3940/2226/485 3939/2227/485 3937/2225/484
f 3940/2226/485 3942/2228/486 3941/2229/486 3939/2227/485
f 3942/2228/486 3944/1651/487 3943/407/487 3941/2229/486
f 3944/1651/487 3946/2230/488 3945/2231/488 3943/407/487
f 3946/2230/488 3948/2232/489 3947/2233/489 3945/2231/488
f 3948/2232/489 3950/2234/490 3949/2235/490 3947/2233/489
f 3950/2234/490 3952/2236/491 3951/395/491 3949/2235/490
f 3952/2236/491 3954/2237/492 3953/2238/492 3951/395/491
f 3954/2237/492 3956/2239/493 3955/2240/493 3953/2238/492
f 3956/2239/493 3958/2241/494 3957/1410/494 3955/2240/493
f 3958/2241/494 3960/2242/495 3959/387/495 3957/1410/494
f 3960/2242/495 3962/2243/496 3961/2244/496 3959/387/495
f 3962/2243/496 3964/2245/497 3963/2246/497 3961/2244/496
f 3964/2245/497 3966/2247/498 3965/2248/498 3963/2246/497
f 3966/2247/498 3968/2249/499 3967/379/499 3965/2248/498
f 3968/2249/499 3970/2250/500 3969/2251/500 3967/379/499
f 3970/2250/500 3972/2252/501 3971/1407/501 3969/2251/500
f 3972/2252/501 3974/2253/502 3973/2254/502 3971/1407/501
f 3974/2253/502 3976/2255/503 3975/370/503 3973/2254/502
f 3976/2255/503 3978/2256/504 3977/2257/504 3975/370/503
f 3978/2256/504 3980/2258/505 3979/2259/505 3977/2257/504
f 3980/2258/505 3982/2260/506 3981/2261/506 3979/2259/505
f 3982/2260/506 3984/2262/507 3983/365/507 3981/2261/506
f 3984/2262/507 3986/2263/508 3985/1405/508 3983/365/507
f 3986/2263/508 3988/2264/509 3987/2265/509 3985/1405/508
f 3988/2264/509 3990/2266/510 3989/2267/510 3987/2265/509
f 3990/2266/510 3992/2268/511 3991/369/511 3989/2267/510
f 3992/2268/511 3994/2269/512 3993/2270/512 3991/369/511
f 3994/2269/512 3996/2271/513 3995/2272/513 3993/2270/512
f 3996/2271/513 3998/2273/514 3997/2274/514 3995/2272/513
f 3998/2273/514 4000/1613/515 3999/375/515 3997/2274/514
f 4000/1613/515 4002/2275/516 4001/2276/516 3999/375/515
f 4002/2275/516 4004/2277/517 4003/2278/517 4001/2276/516
f 4004/2277/517 4006/2279/518 4005/2280/518 4003/2278/517
f 4006/2279/518 4008/2281/519 4007/382/519 4005/2280/518
f 4008/2281/519 4010/2282/520 4009/2283/520 4007/382/519
f 4010/2282/520 4012/2284/521 4011/2285/521 4009/2283/520
f 4012/2284/521 4014/2286/398 4013/1398/398 4011/2285/521
f 4014/2286/398 4016/2287/522 4015/389/522 4013/1398/398
f 4016/2287/522 4018/2288/15 4017/2289/15 4015/389/522
f 4018/2288/15 4020/2290/523 4019/2291/523 4017/2289/15
f 4020/2290/523 4022/2292/524 4021/2293/524 4019/2291/523
f 4022/2292/524 4024/2294/525 4023/211/525 4021/2293/524
f 4024/2294/525 4026/2295/526 4025/2296/526 4023/211/525
f 4026/2295/526 4028/2297/527 4027/1390/527 4025/2296/526
f 4028/2297/527 4030/2298/528 4029/2299/528 4027/1390/527
f 4030/2298/528 4032/2300/529 4031/200/529 4029/2299/528
f 4032/2300/529 4034/2301/530 4033/2302/530 4031/200/529
f 4034/2301/530 4036/2303/531 4035/2304/531 4033/2302/530
f 4036/2303/531 4038/2305/532 4037/2306/532 4035/2304/531
f 4038/2305/532 4040/2307/533 4039/197/533 4037/2306/532
f 4040/2307/533 4042/2308/534 4041/1388/534 4039/197/533
f 4042/2308/534 4044/2309/535 4043/2310/535 4041/1388/534
f 4044/2309/535 4046/2311/536 4045/2312/536 4043/2310/535
f 4046/2311/536 4048/2313/537 4047/193/537 4045/2312/536
f 4048/2313/537 4050/2314/538 4049/2315/538 4047/193/537
f 4050/2314/538 4052/2316/539 4051/2317/539 4049/2315/538
f 4052/2316/539 4054/2318/540 4053/2319/540 4051/2317/539
f 4054/2318/540 4056/1656/541 4055/186/541 4053/2319/540
f 4056/1656/541 4058/2320/542 4057/2321/542 4055/186/541
f 4058/2320/542 4060/2322/543 4059/2323/543 4057/2321/542
f 4060/2322/543 4062/2324/544 4061/2325/544 4059/2323/543
f 4062/2324/544 4064/2326/545 4063/180/545 4061/2325/544
f 4064/2326/545 4066/2327/546 4065/2328/546 4063/180/545
f 4066/2327/546 4068/2329/547 4067/2330/547 4065/2328/546
f 4068/2329/547 4070/2331/548 4069/1375/548 4067/2330/547
f 4070/2331/548 4072/2332/549 4071/174/549 4069/1375/548
f 4072/2332/549 4074/2333/550 4073/2334/550 4071/174/549
f 4074/2333/550 4076/2335/551 4075/2336/551 4073/2334/550
f 4076/2335/551 4078/2337/552 4077/2338/552 4075/2336/551
f 4078/2337/552 4080/2339/553 4079/167/553 4077/2338/552
f 4080/2339/553 4082/2340/554 4081/2341/554 4079/167/553
f 4082/2340/554 4084/2342/555 4083/1369/555 4081/2341/554
f 4084/2342/555 4086/2343/556 4085/2344/556 4083/1369/555
f 4086/2343/556 4088/2345/557 4087/171/557 4085/2344/556
f 4088/2345/557 4090/2346/558 4089/2347/558 4087/171/557
f 4090/2346/558 4092/2348/559 4091/2349/559 4089/2347/558
f 4092/2348/559 4094/2350/16 4093/2351/16 4091/2349/559
f 4094/2350/16 4096/2352/17 4095/177/17 4093/2351/16
f 4096/2352/17 4098/2353/560 4097/1368/560 4095/177/17
f 4098/2353/560 4100/2354/561 4099/2355/561 4097/1368/560
f 4100/2354/561 4102/2356/562 4101/2357/562 4099/2355/561
f 4102/2356/562 4104/2358/563 4103/183/563 4101/2357/562
f 4104/2358/563 4106/2359/564 4105/2360/564 4103/183/563
f 4106/2359/564 4108/2361/565 4107/2362/565 4105/2360/564
f 4108/2361/565 4110/2363/566 4109/2364/566 4107/2362/565
f 4110/2363/566 4112/1659/567 4111/189/567 4109/2364/566
f 4112/1659/567 4114/2365/568 4113/2366/568 4111/189/567
f 4114/2365/568 4116/2367/569 4115/2368/569 4113/2366/568
f 4116/2367/569 4118/2369/570 4117/2370/570 4115/2368/569
f 4118/2369/570 4120/2371/571 4119/194/571 4117/2370/570
f 4120/2371/571 4122/2372/572 4121/2373/572 4119/194/571
f 4122/2372/572 4124/2374/15 4123/2375/15 4121/2373/572
f 4124/2374/15 4126/2376/16 4125/1361/16 4123/2375/15
f 4126/2376/16 4128/2377/573 4127/214/573 4125/1361/16
f 4128/2377/573 4130/2378/574 4129/2379/574 4127/214/573
f 4130/2378/574 4132/2380/575 4131/2381/575 4129/2379/574
f 4132/2380/575 4134/2382/576 4133/2383/576 4131/2381/575
f 4134/2382/576 4136/2384/577 4135/210/577 4133/2383/576
f 4136/2384/577 4138/2385/578 4137/2386/578 4135/210/577
f 4138/2385/578 4140/2387/579 4139/1357/579 4137/2386/578
f 4140/2387/579 4142/2388/580 4141/2389/580 4139/1357/579
f 4142/2388/580 4144/2390/581 4143/206/581 4141/2389/580
f 4144/2390/581 4146/2391/582 4145/2392/582 4143/206/581
f 4146/2391/582 4148/2393/583 4147/2394/583 4145/2392/582
f 4148/2393/583 4150/2395/584 4149/2396/584 4147/2394/583
f 4150/2395/584 4152/2397/585 4151/203/585 4149/2396/584
f 4152/2397/585 4154/2398/15 4153/1354/15 4151/203/585
f 4154/2398/15 4156/2399/16 4155/2400/16 4153/1354/15
f 4156/2399/16 4158/2401/586 4157/2402/586 4155/2400/16
f 4158/2401/586 4160/2403/587 4159/244/587 4157/2402/586
f 4160/2403/587 4162/2404/588 4161/2405/588 4159/244/587
f 4162/2404/588 4164/2406/589 4163/2407/589 4161/2405/588
f 4164/2406/589 4166/2408/590 4165/2409/590 4163/2407/589
f 4166/2408/590 4168/1661/591 4167/247/591 4165/2409/590
f 4168/1661/591 4170/2410/592 4169/2411/592 4167/247/591
f 4170/2410/592 4172/2412/593 4171/2413/593 4169/2411/592
f 4172/2412/593 4174/2414/594 4173/2415/594 4171/2413/593
f 4174/2414/594 4176/2416/595 4175/250/595 4173/2415/594
f 4176/2416/595 4178/2417/596 4177/2418/596 4175/250/595
f 4178/2417/596 4180/2419/597 4179/2420/597 4177/2418/596
f 4180/2419/597 4182/2421/598 4181/1342/598 4179/2420/597
f 4182/2421/598 4184/2422/599 4183/253/599 4181/1342/598
f 4184/2422/599 4186/2423/600 4185/2424/600 4183/253/599
f 4186/2423/600 4188/2425/601 4187/2426/601 4185/2424/600
f 4188/2425/601 4190/2427/602 4189/2428/602 4187/2426/601
f 4190/2427/602 4192/2429/603 4191/281/603 4189/2428/602
f 4192/2429/603 4194/2430/604 4193/2431/604 4191/281/603
f 4194/2430/604 4196/2432/605 4195/1338/605 4193/2431/604
f 4196/2432/605 4198/2433/606 4197/2434/606 4195/1338/605
f 4198/2433/606 4200/2435/607 4199/288/607 4197/2434/606
f 4200/2435/607 4202/2436/608 4201/2437/608 4199/288/607
f 4202/2436/608 4204/2438/609 4203/2439/609 4201/2437/608
f 4204/2438/609 4206/2440/610 4205/2441/610 4203/2439/609
f 4206/2440/610 4208/2442/611 4207/344/611 4205/2441/610
f 4208/2442/611 4210/2443/612 4209/1336/612 4207/344/611
f 4210/2443/612 4212/2444/613 4211/2445/613 4209/1336/612
f 4212/2444/613 4214/2446/614 4213/2447/614 4211/2445/613
f 4214/2446/614 4216/2448/615 4215/351/615 4213/2447/614
f 4216/2448/615 4218/2449/616 4217/2450/616 4215/351/615
f 4218/2449/616 4220/2451/617 4219/2452/617 4217/2450/616
f 4220/2451/617 4222/2453/618 4221/2454/618 4219/2452/617
f 4222/2453/618 4224/1614/619 4223/356/619 4221/2454/618
f 4224/1614/619 4226/2455/620 4225/2456/620 4223/356/619
f 4226/2455/620 4228/2457/621 4227/2458/621 4225/2456/620
f 4228/2457/621 4230/2459/622 4229/2460/622 4227/2458/621
f 4230/2459/622 4232/2461/623 4231/362/623 4229/2460/622
f 4232/2461/623 4234/2462/624 4233/2463/624 4231/362/623
f 4234/2462/624 4236/2464/625 4235/2465/625 4233/2463/624
f 4236/2464/625 4238/2466/626 4237/1394/626 4235/2465/625
f 4238/2466/626 4240/2467/627 4239/394/627 4237/1394/626
f 4240/2467/627 4242/2468/628 4241/2469/628 4239/394/627
f 4242/2468/628 4244/2470/629 4243/2471/629 4241/2469/628
f 4244/2470/629 4246/2472/630 4245/2473/630 4243/2471/629
f 4246/2472/630 4248/2474/631 4247/431/631 4245/2473/630
f 4248/2474/631 4250/2475/632 4249/2476/632 4247/431/631
f 4250/2475/632 4252/2477/633 4251/1348/633 4249/2476/632
f 4252/2477/633 4254/2478/634 4253/2479/634 4251/1348/633
f 4254/2478/634 4256/2480/635 4255/428/635 4253/2479/634
f 4256/2480/635 4258/2481/636 4257/2482/636 4255/428/635
f 4258/2481/636 4260/2483/637 4259/2484/637 4257/2482/636
f 4260/2483/637 4262/2485/638 4261/2486/638 4259/2484/637
f 4262/2485/638 4264/2487/639 4263/388/639 4261/2486/638
f 4264/2487/639 4266/2488/640 4265/1351/640 4263/388/639
f 4266/2488/640 4268/2489/641 4267/2490/641 4265/1351/640
f 4268/2489/641 4270/2491/642 4269/2492/642 4267/2490/641
f 4270/2491/642 4272/2493/643 4271/361/643 4269/2492/642
f 4272/2493/643 4274/2494/644 4273/2495/644 4271/361/643
f 4274/2494/644 4276/2496/645 4275/2497/645 4273/2495/644
f 4276/2496/645 4278/2498/646 4277/2499/646 4275/2497/645
f 4278/2498/646 4280/1666/647 4279/355/647 4277/2499/646
f 4280/1666/647 4282/2500/648 4281/2501/648 4279/355/647
f 4282/2500/648 4284/2502/649 4283/2503/649 4281/2501/648
f 4284/2502/649 4286/2504/17 4285/2505/17 4283/2503/649
f 4286/2504/17 4288/2506/18 4287/348/18 4285/2505/17
f 4288/2506/18 4290/2507/650 4289/2508/650 4287/348/18
f 4290/2507/650 4292/2509/651 4291/2510/651 4289/2508/650
f 4292/2509/651 4294/2511/652 4293/1358/652 4291/2510/651
f 4294/2511/652 4296/2512/653 4295/316/653 4293/1358/652
f 4296/2512/653 4298/2513/654 4297/2514/654 4295/316/653
f 4298/2513/654 4300/2515/655 4299/2516/655 4297/2514/654
f 4300/2515/655 4302/2517/656 4301/2518/656 4299/2516/655
f 4302/2517/656 4304/2519/657 4303/287/657 4301/2518/656
f 4304/2519/657 4306/2520/658 4305/2521/658 4303/287/657
f 4306/2520/658 4308/2522/659 4307/1362/659 4305/2521/658
f 4308/2522/659 4310/2523/660 4309/2524/660 4307/1362/659
f 4310/2523/660 4312/2525/661 4311/282/661 4309/2524/660
f 4312/2525/661 4314/2526/662 4313/2527/662 4311/282/661
f 4314/2526/662 4316/2528/17 4315/2529/17 4313/2527/662
f 4316/2528/17 4318/2530/18 4317/2531/18 4315/2529/17
f 4318/2530/18 4320/2532/663 4319/260/663 4317/2531/18
f 4320/2532/663 4322/2533/664 4321/1365/664 4319/260/663
f 4322/2533/664 4324/2534/665 4323/2535/665 4321/1365/664
f 4324/2534/665 4326/2536/666 4325/2537/666 4323/2535/665
f 4326/2536/666 4328/2538/667 4327/266/667 4325/2537/666
f 4328/2538/667 4330/2539/668 4329/2540/668 4327/266/667
f 4330/2539/668 4332/2541/669 4331/2542/669 4329/2540/668
f 4332/2541/669 4334/2543/670 4333/2544/670 4331/2542/669
f 4334/2543/670 4336/1669/671 4335/272/671 4333/2544/670
f 4336/1669/671 4338/2545/672 4337/2546/672 4335/272/671
f 4338/2545/672 4340/2547/673 4339/2548/673 4337/2546/672
f 4340/2547/673 4342/2549/674 4341/2550/674 4339/2548/673
f 4342/2549/674 4344/2551/675 4343/277/675 4341/2550/674
f 4344/2551/675 4346/2552/676 4345/2553/676 4343/277/675
f 4346/2552/676 4348/2554/677 4347/2555/677 4345/2553/676
f 4348/2554/677 4350/2556/678 4349/1314/678 4347/2555/677
f 4350/2556/678 4352/2557/679 4351/278/679 4349/1314/678
f 4352/2557/679 4354/2558/680 4353/2559/680 4351/278/679
f 4354/2558/680 4356/2560/681 4355/2561/681 4353/2559/680
f 4356/2560/681 4358/2562/682 4357/2563/682 4355/2561/681
f 4358/2562/682 4360/2564/683 4359/271/683 4357/2563/682
f 4360/2564/683 4362/2565/684 4361/2566/684 4359/271/683
f 4362/2565/684 4364/2567/685 4363/1319/685 4361/2566/684
f 4364/2567/685 4366/2568/686 4365/2569/686 4363/1319/685
f 4366/2568/686 4368/2570/687 4367/265/687 4365/2569/686
f 4368/2570/687 4370/2571/688 4369/2572/688 4367/265/687
f 4370/2571/688 4372/2573/689 4371/2574/689 4369/2572/688
f 4372/2573/689 4374/2575/690 4373/2576/690 4371/2574/689
f 4374/2575/690 4376/2577/691 4375/258/691 4373/2576/690
f 4376/2577/691 4378/2578/692 4377/1322/692 4375/258/691
f 4378/2578/692 4380/2579/693 4379/2580/693 4377/1322/692
f 4380/2579/693 4382/2581/694 4381/2582/694 4379/2580/693
f 4382/2581/694 4384/2583/695 4383/220/695 4381/2582/694
f 4384/2583/695 4386/2584/696 4385/2585/696 4383/220/695
f 4386/2584/696 4388/2586/697 4387/2587/697 4385/2585/696
f 4388/2586/697 4390/2588/698 4389/2589/698 4387/2587/697
f 4390/2588/698 4392/1672/699 4391/223/699 4389/2589/698
f 4392/1672/699 4394/2590/700 4393/2591/700 4391/223/699
f 4394/2590/700 4396/2592/701 4395/2593/701 4393/2591/700
f 4396/2592/701 4398/2594/702 4397/2595/702 4395/2593/701
f 4398/2594/702 4400/2596/703 4399/231/703 4397/2595/702
f 4400/2596/703 4402/2597/704 4401/2598/704 4399/231/703
f 4402/2597/704 4404/2599/705 4403/2600/705 4401/2598/704
f 4404/2599/705 4406/2601/706 4405/1330/706 4403/2600/705
f 4406/2601/706 4408/2602/707 4407/237/707 4405/1330/706
f 4408/2602/707 4410/2603/708 4409/2604/708 4407/237/707
f 4410/2603/708 4412/2605/709 4411/2606/709 4409/2604/708
f 4412/2605/709 4414/2607/710 4413/2608/710 4411/2606/709
f 4414/2607/710 4416/2609/711 4415/242/711 4413/2608/710
f 4416/2609/711 4418/2610/712 4417/2611/712 4415/242/711
f 4418/2610/712 4420/2612/713 4419/1334/713 4417/2611/712
f 4420/2612/713 4422/2613/714 4421/2614/714 4419/1334/713
f 4422/2613/714 4424/2615/715 4423/236/715 4421/2614/714
f 4424/2615/715 4426/2616/716 4425/2617/716 4423/236/715
f 4426/2616/716 4428/2618/717 4427/2619/717 4425/2617/716
f 4428/2618/717 4430/2620/718 4429/2621/718 4427/2619/717
f 4430/2620/718 4432/2622/719 4431/230/719 4429/2621/718
f 4432/2622/719 4434/2623/720 4433/1337/720 4431/230/719
f 4434/2623/720 4436/2624/721 4435/2625/721 4433/1337/720
f 4436/2624/721 4438/2626/722 4437/2627/722 4435/2625/721
f 4438/2626/722 4440/2628/723 4439/225/723 4437/2627/722
f 4440/2628/723 4442/2629/724 4441/2630/724 4439/225/723
f 4442/2629/724 4444/2631/725 4443/2632/725 4441/2630/724
f 4444/2631/725 4446/2633/726 4445/2634/726 4443/2632/725
f 4446/2633/726 3552/1611/292 3551/1/292 4445/2634/726
f 4448/1422/16 4450/1612/15 4449/323/15 4447/28/16
f 4450/1612/15 4452/1613/18 4451/375/18 4449/323/15
f 4452/1613/18 4454/1614/17 4453/356/17 4451/375/18
f 4454/1614/17 4448/1611/16 4447/1/16 4453/356/17
f 4456/1422/727 4458/1459/16 4457/1460/16 4455/28/727
f 4458/1459/16 4460/1497/15 4459/1498/15 4457/1460/16
f 4460/1497/15 4462/1535/18 4461/1536/18 4459/1498/15
f 4462/1535/18 4464/1573/728 4463/1574/728 4461/1536/18
f 4464/1573/728 4456/1611/727 4455/1/727 4463/1574/728
f 4466/1422/729 4468/2635/730 4467/2636/730 4465/28/729
f 4468/2635/730 4470/2637/731 4469/2638/731 4467/2636/730
f 4470/2637/731 4472/2639/732 4471/2640/732 4469/2638/731
f 4472/2639/732 4474/2641/733 4473/2642/733 4471/2640/732
f 4474/2641/733 4476/2643/734 4475/2644/734 4473/2642/733
f 4476/2643/734 4478/2645/735 4477/2646/735 4475/2644/734
f 4478/2645/735 4480/2647/736 4479/2648/736 4477/2646/735
f 4480/2647/736 4482/2649/737 4481/2650/737 4479/2648/736
f 4482/2649/737 4484/2651/738 4483/467/738 4481/2650/737
f 4484/2651/738 4486/2652/739 4485/2653/739 4483/467/738
f 4486/2652/739 4488/2654/740 4487/2655/740 4485/2653/739
f 4488/2654/740 4490/2656/741 4489/2657/741 4487/2655/740
f 4490/2656/741 4492/2658/742 4491/2659/742 4489/2657/741
f 4492/2658/742 4494/2660/743 4493/2661/743 4491/2659/742
f 4494/2660/743 4496/2662/744 4495/2663/744 4493/2661/743
f 4496/2662/744 4498/2664/745 4497/2665/745 4495/2663/744
f 4498/2664/745 4500/2666/746 4499/2667/746 4497/2665/745
f 4500/2666/746 4502/2668/747 4501/473/747 4499/2667/746
f 4502/2668/747 4504/2669/748 4503/2670/748 4501/473/747
f 4504/2669/748 4506/2671/749 4505/2672/749 4503/2670/748
f 4506/2671/749 4508/2673/750 4507/2674/750 4505/2672/749
f 4508/2673/750 4510/2675/751 4509/2676/751 4507/2674/750
f 4510/2675/751 4512/2677/752 4511/2678/752 4509/2676/751
f 4512/2677/752 4514/2679/753 4513/2680/753 4511/2678/752
f 4514/2679/753 4516/2681/754 4515/2682/754 4513/2680/753
f 4516/2681/754 4518/2683/755 4517/2684/755 4515/2682/754
f 4518/2683/755 4520/2017/756 4519/478/756 4517/2684/755
f 4520/2017/756 4522/2685/757 4521/2686/757 4519/478/756
f 4522/2685/757 4524/2687/758 4523/2688/758 4521/2686/757
f 4524/2687/758 4526/2689/759 4525/2690/759 4523/2688/758
f 4526/2689/759 4528/2691/760 4527/2692/760 4525/2690/759
f 4528/2691/760 4530/2693/761 4529/2694/761 4527/2692/760
f 4530/2693/761 4532/2695/762 4531/2696/762 4529/2694/761
f 4532/2695/762 4534/2697/763 4533/2698/763 4531/2696/762
f 4534/2697/763 4536/2699/764 4535/2700/764 4533/2698/763
f 4536/2699/764 4538/2701/765 4537/343/765 4535/2700/764
f 4538/2701/765 4540/2702/766 4539/2703/766 4537/343/765
f 4540/2702/766 4542/2704/767 4541/2705/767 4539/2703/766
f 4542/2704/767 4544/2706/768 4543/2707/768 4541/2705/767
f 4544/2706/768 4546/2708/769 4545/2709/769 4543/2707/768
f 4546/2708/769 4548/2710/770 4547/2711/770 4545/2709/769
f 4548/2710/770 4550/2712/771 4549/2713/771 4547/2711/770
f 4550/2712/771 4552/2714/772 4551/2715/772 4549/2713/771
f 4552/2714/772 4554/2716/773 4553/2717/773 4551/2715/772
f 4554/2716/773 4556/2718/774 4555/327/774 4553/2717/773
f 4556/2718/774 4558/2719/775 4557/2720/775 4555/327/774
f 4558/2719/775 4560/2721/776 4559/2722/776 4557/2720/775
f 4560/2721/776 4562/2723/777 4561/2724/777 4559/2722/776
f 4562/2723/777 4564/2725/778 4563/2726/778 4561/2724/777
f 4564/2725/778 4566/2727/779 4565/2728/779 4563/2726/778
f 4566/2727/779 4568/2729/780 4567/2730/780 4565/2728/779
f 4568/2729/780 4570/2731/781 4569/2732/781 4567/2730/780
f 4570/2731/781 4572/2733/782 4571/2734/782 4569/2732/781
f 4572/2733/782 4574/2120/783 4573/302/783 4571/2734/782
f 4574/2120/783 4576/2735/784 4575/2736/784 4573/302/783
f 4576/2735/784 4578/2737/785 4577/2738/785 4575/2736/784
f 4578/2737/785 4580/2739/786 4579/2740/786 4577/2738/785
f 4580/2739/786 4582/2741/787 4581/2742/787 4579/2740/786
f 4582/2741/787 4584/2743/788 4583/2744/788 4581/2742/787
f 4584/2743/788 4586/2745/789 4585/2746/789 4583/2744/788
f 4586/2745/789 4588/2747/790 4587/2748/790 4585/2746/789
f 4588/2747/790 4590/2749/791 4589/2750/791 4587/2748/790
f 4590/2749/791 4592/1621/792 4591/422/792 4589/2750/791
f 4592/1621/792 4594/2751/793 4593/2752/793 4591/422/792
f 4594/2751/793 4596/2753/794 4595/2754/794 4593/2752/793
f 4596/2753/794 4598/2755/795 4597/2756/795 4595/2754/794
f 4598/2755/795 4600/2757/796 4599/2758/796 4597/2756/795
f 4600/2757/796 4602/2759/797 4601/2760/797 4599/2758/796
f 4602/2759/797 4604/2761/798 4603/2762/798 4601/2760/797
f 4604/2761/798 4606/2763/799 4605/2764/799 4603/2762/798
f 4606/2763/799 4608/2765/800 4607/2766/800 4605/2764/799
f 4608/2765/800 4610/2767/801 4609/438/801 4607/2766/800
f 4610/2767/801 4612/2768/802 4611/2769/802 4609/438/801
f 4612/2768/802 4614/2770/803 4613/2771/803 4611/2769/802
f 4614/2770/803 4616/2772/804 4615/2773/804 4613/2771/803
f 4616/2772/804 4618/2774/805 4617/2775/805 4615/2773/804
f 4618/2774/805 4620/2776/806 4619/2777/806 4617/2775/805
f 4620/2776/806 4622/2778/807 4621/2779/807 4619/2777/806
f 4622/2778/807 4624/2780/808 4623/2781/808 4621/2779/807
f 4624/2780/808 4626/2782/809 4625/2783/809 4623/2781/808
f 4626/2782/809 4628/2223/810 4627/430/810 4625/2783/809
f 4628/2223/810 4630/2784/811 4629/2785/811 4627/430/810
f 4630/2784/811 4632/2786/812 4631/2787/812 4629/2785/811
f 4632/2786/812 4634/2788/813 4633/2789/813 4631/2787/812
f 4634/2788/813 4636/2790/814 4635/2791/814 4633/2789/813
f 4636/2790/814 4638/2792/815 4637/2793/815 4635/2791/814
f 4638/2792/815 4640/2794/816 4639/2795/816 4637/2793/815
f 4640/2794/816 4642/2796/817 4641/2797/817 4639/2795/816
f 4642/2796/817 4644/2798/818 4643/2799/818 4641/2797/817
f 4644/2798/818 4646/2800/819 4645/368/819 4643/2799/818
f 4646/2800/819 4648/2801/820 4647/2802/820 4645/368/819
f 4648/2801/820 4650/2803/821 4649/2804/821 4647/2802/820
f 4650/2803/821 4652/2805/822 4651/2806/822 4649/2804/821
f 4652/2805/822 4654/2807/823 4653/2808/823 4651/2806/822
f 4654/2807/823 4656/2809/824 4655/2810/824 4653/2808/823
f 4656/2809/824 4658/2811/825 4657/2812/825 4655/2810/824
f 4658/2811/825 4660/2813/826 4659/2814/826 4657/2812/825
f 4660/2813/826 4662/2815/485 4661/2816/485 4659/2814/826
f 4662/2815/485 4664/2817/827 4663/215/827 4661/2816/485
f 4664/2817/827 4666/2818/828 4665/2819/828 4663/215/827
f 4666/2818/828 4668/2820/829 4667/2821/829 4665/2819/828
f 4668/2820/829 4670/2822/830 4669/2823/830 4667/2821/829
f 4670/2822/830 4672/2824/831 4671/2825/831 4669/2823/830
f 4672/2824/831 4674/2826/832 4673/2827/832 4671/2825/831
f 4674/2826/832 4676/2828/833 4675/2829/833 4673/2827/832
f 4676/2828/833 4678/2830/834 4677/2831/834 4675/2829/833
f 4678/2830/834 4680/2832/835 4679/2833/835 4677/2831/834
f 4680/2832/835 4682/2326/836 4681/180/836 4679/2833/835
f 4682/2326/836 4684/2834/837 4683/2835/837 4681/180/836
f 4684/2834/837 4686/2836/838 4685/2837/838 4683/2835/837
f 4686/2836/838 4688/2838/839 4687/2839/839 4685/2837/838
f 4688/2838/839 4690/2840/840 4689/2841/840 4687/2839/839
f 4690/2840/840 4692/2842/841 4691/2843/841 4689/2841/840
f 4692/2842/841 4694/2844/842 4693/2845/842 4691/2843/841
f 4694/2844/842 4696/2846/843 4695/2847/843 4693/2845/842
f 4696/2846/843 4698/2848/844 4697/2849/844 4695/2847/843
f 4698/2848/844 4700/2850/845 4699/185/845 4697/2849/844
f 4700/2850/845 4702/2851/846 4701/2852/846 4699/185/845
f 4702/2851/846 4704/2853/847 4703/2854/847 4701/2852/846
f 4704/2853/847 4706/2855/848 4705/2856/848 4703/2854/847
f 4706/2855/848 4708/2857/849 4707/2858/849 4705/2856/848
f 4708/2857/849 4710/2859/850 4709/2860/850 4707/2858/849
f 4710/2859/850 4712/2861/851 4711/2862/851 4709/2860/850
f 4712/2861/851 4714/2863/852 4713/2864/852 4711/2862/851
f 4714/2863/852 4716/2865/853 4715/2866/853 4713/2864/852
f 4716/2865/853 4718/1626/854 4717/201/854 4715/2866/853
f 4718/1626/854 4720/2867/855 4719/2868/855 4717/201/854
f 4720/2867/855 4722/2869/856 4721/2870/856 4719/2868/855
f 4722/2869/856 4724/2871/857 4723/2872/857 4721/2870/856
f 4724/2871/857 4726/2873/858 4725/2874/858 4723/2872/857
f 4726/2873/858 4728/2875/859 4727/2876/859 4725/2874/858
f 4728/2875/859 4730/2877/860 4729/2878/860 4727/2876/859
f 4730/2877/860 4732/2879/861 4731/2880/861 4729/2878/860
f 4732/2879/861 4734/2881/862 4733/2882/862 4731/2880/861
f 4734/2881/862 4736/2429/863 4735/281/863 4733/2882/862
f 4736/2429/863 4738/2883/864 4737/2884/864 4735/281/863
f 4738/2883/864 4740/2885/865 4739/2886/865 4737/2884/864
f 4740/2885/865 4742/2887/866 4741/2888/866 4739/2886/865
f 4742/2887/866 4744/2889/867 4743/2890/867 4741/2888/866
f 4744/2889/867 4746/2891/868 4745/2892/868 4743/2890/867
f 4746/2891/868 4748/2893/869 4747/2894/869 4745/2892/868
f 4748/2893/869 4750/2895/870 4749/2896/870 4747/2894/869
f 4750/2895/870 4752/2897/871 4751/2898/871 4749/2896/870
f 4752/2897/871 4754/2899/872 4753/372/872 4751/2898/871
f 4754/2899/872 4756/2900/873 4755/2901/873 4753/372/872
f 4756/2900/873 4758/2902/23 4757/2903/23 4755/2901/873
f 4758/2902/23 4760/2904/874 4759/2905/874 4757/2903/23
f 4760/2904/874 4762/2906/875 4761/2907/875 4759/2905/874
f 4762/2906/875 4764/2908/876 4763/2909/876 4761/2907/875
f 4764/2908/876 4766/2910/877 4765/2911/877 4763/2909/876
f 4766/2910/877 4768/2912/878 4767/2913/878 4765/2911/877
f 4768/2912/878 4770/2914/879 4769/2915/879 4767/2913/878
f 4770/2914/879 4772/2916/880 4771/357/880 4769/2915/879
f 4772/2916/880 4774/2917/881 4773/2918/881 4771/357/880
f 4774/2917/881 4776/2919/882 4775/2920/882 4773/2918/881
f 4776/2919/882 4778/2921/883 4777/2922/883 4775/2920/882
f 4778/2921/883 4780/2923/884 4779/2924/884 4777/2922/883
f 4780/2923/884 4782/2925/885 4781/2926/885 4779/2924/884
f 4782/2925/885 4784/2927/239 4783/2928/239 4781/2926/885
f 4784/2927/239 4786/2929/886 4785/2930/886 4783/2928/239
f 4786/2929/886 4788/2931/887 4787/2932/887 4785/2930/886
f 4788/2931/887 4790/2532/888 4789/260/888 4787/2932/887
f 4790/2532/888 4792/2933/889 4791/2934/889 4789/260/888
f 4792/2933/889 4794/2935/890 4793/2936/890 4791/2934/889
f 4794/2935/890 4796/2937/891 4795/2938/891 4793/2936/890
f 4796/2937/891 4798/2939/892 4797/2940/892 4795/2938/891
f 4798/2939/892 4800/2941/893 4799/2942/893 4797/2940/892
f 4800/2941/893 4802/2943/894 4801/2944/894 4799/2942/893
f 4802/2943/894 4804/2945/895 4803/2946/895 4801/2944/894
f 4804/2945/895 4806/2947/896 4805/2948/896 4803/2946/895
f 4806/2947/896 4808/2949/897 4807/269/897 4805/2948/896
f 4808/2949/897 4810/2950/898 4809/2951/898 4807/269/897
f 4810/2950/898 4812/2952/852 4811/2953/852 4809/2951/898
f 4812/2952/852 4814/2954/899 4813/2955/899 4811/2953/852
f 4814/2954/899 4816/2956/900 4815/2957/900 4813/2955/899
f 4816/2956/900 4818/2958/598 4817/2959/598 4815/2957/900
f 4818/2958/598 4820/2960/901 4819/2961/901 4817/2959/598
f 4820/2960/901 4822/2962/902 4821/2963/902 4819/2961/901
f 4822/2962/902 4824/2964/903 4823/2965/903 4821/2963/902
f 4824/2964/903 4826/2966/904 4825/235/904 4823/2965/903
f 4826/2966/904 4828/2967/905 4827/2968/905 4825/235/904
f 4828/2967/905 4830/2969/906 4829/2970/906 4827/2968/905
f 4830/2969/906 4832/2971/907 4831/2972/907 4829/2970/906
f 4832/2971/907 4834/2973/908 4833/2974/908 4831/2972/907
f 4834/2973/908 4836/2975/909 4835/2976/909 4833/2974/908
f 4836/2975/909 4838/2977/910 4837/2978/910 4835/2976/909
f 4838/2977/910 4840/2979/911 4839/2980/911 4837/2978/910
f 4840/2979/911 4842/2981/912 4841/2982/912 4839/2980/911
f 4842/2981/912 4466/1611/729 4465/1/729 4841/2982/912
f 4844/1422/505 4846/2983/913 4845/2984/913 4843/28/505
f 4846/2983/913 4848/2985/914 4847/2986/914 4845/2984/913
f 4848/2985/914 4850/2987/915 4849/2988/915 4847/2986/914
f 4850/2987/915 4852/2989/916 4851/2990/916 4849/2988/915
f 4852/2989/916 4854/2991/917 4853/2992/917 4851/2990/916
f 4854/2991/917 4856/2993/918 4855/2994/918 4853/2992/917
f 4856/2993/918 4858/2995/919 4857/2996/919 4855/2994/918
f 4858/2995/919 4860/2997/920 4859/2998/920 4857/2996/919
f 4860/2997/920 4862/2999/921 4861/3000/921 4859/2998/920
f 4862/2999/921 4864/1459/922 4863/1460/922 4861/3000/921
f 4864/1459/922 4866/3001/923 4865/3002/923 4863/1460/922
f 4866/3001/923 4868/3003/924 4867/3004/924 4865/3002/923
f 4868/3003/924 4870/3005/925 4869/3006/925 4867/3004/924
f 4870/3005/925 4872/3007/926 4871/3008/926 4869/3006/925
f 4872/3007/926 4874/3009/927 4873/3010/927 4871/3008/926
f 4874/3009/927 4876/3011/928 4875/3012/928 4873/3010/927
f 4876/3011/928 4878/3013/929 4877/3014/929 4875/3012/928
f 4878/3013/929 4880/3015/930 4879/3016/930 4877/3014/929
f 4880/3015/930 4882/3017/896 4881/3018/896 4879/3016/930
f 4882/3017/896 4884/1497/931 4883/1498/931 4881/3018/896
f 4884/1497/931 4886/3019/932 4885/3020/932 4883/1498/931
f 4886/3019/932 4888/3021/933 4887/3022/933 4885/3020/932
f 4888/3021/933 4890/3023/934 4889/3024/934 4887/3022/933
f 4890/3023/934 4892/3025/935 4891/3026/935 4889/3024/934
f 4892/3025/935 4894/1613/936 4893/375/936 4891/3026/935
f 4894/1613/936 4896/3027/937 4895/3028/937 4893/375/936
f 4896/3027/937 4898/3029/938 4897/3030/938 4895/3028/937
f 4898/3029/938 4900/3031/939 4899/3032/939 4897/3030/938
f 4900/3031/939 4902/3033/940 4901/3034/940 4899/3032/939
f 4902/3033/940 4904/1535/941 4903/1536/941 4901/3034/940
f 4904/1535/941 4906/3035/942 4905/3036/942 4903/1536/941
f 4906/3035/942 4908/3037/943 4907/3038/943 4905/3036/942
f 4908/3037/943 4910/3039/944 4909/3040/944 4907/3038/943
f 4910/3039/944 4912/3041/945 4911/3042/945 4909/3040/944
f 4912/3041/945 4914/3043/946 4913/3044/946 4911/3042/945
f 4914/3043/946 4916/3045/947 4915/3046/947 4913/3044/946
f 4916/3045/947 4918/3047/948 4917/3048/948 4915/3046/947
f 4918/3047/948 4920/3049/949 4919/3050/949 4917/3048/948
f 4920/3049/949 4922/3051/759 4921/3052/759 4919/3050/949
f 4922/3051/759 4924/1573/950 4923/1574/950 4921/3052/759
f 4924/1573/950 4926/3053/951 4925/3054/951 4923/1574/950
f 4926/3053/951 4928/3055/952 4927/3056/952 4925/3054/951
f 4928/3055/952 4930/3057/953 4929/3058/953 4927/3056/952
f 4930/3057/953 4932/3059/954 4931/3060/954 4929/3058/953
f 4932/3059/954 4934/3061/955 4933/3062/955 4931/3060/954
f 4934/3061/955 4936/3063/956 4935/3064/956 4933/3062/955
f 4936/3063/956 4938/3065/957 4937/3066/957 4935/3064/956
f 4938/3065/957 4940/3067/958 4939/3068/958 4937/3066/957
f 4940/3067/958 4942/3069/959 4941/3070/959 4939/3068/958
f 4942/3069/959 4844/1611/505 4843/1/505 4941/3070/959
f 4944/1422/960 4946/3071/961 4945/3072/961 4943/28/960
f 4946/3071/961 4948/3073/962 4947/3074/962 4945/3072/961
f 4948/3073/962 4950/3075/963 4949/3076/963 4947/3074/962
f 4950/3075/963 4952/3077/964 4951/3078/964 4949/3076/963
f 4952/3077/964 4954/3079/965 4953/3080/965 4951/3078/964
f 4954/3079/965 4956/3081/966 4955/3082/966 4953/3080/965
f 4956/3081/966 4958/3083/967 4957/3084/967 4955/3082/966
f 4958/3083/967 4960/3085/968 4959/3086/968 4957/3084/967
f 4960/3085/968 4962/3087/969 4961/3088/969 4959/3086/968
f 4962/3087/969 4964/3089/918 4963/3090/918 4961/3088/969
f 4964/3089/918 4966/3091/970 4965/3092/970 4963/3090/918
f 4966/3091/970 4968/3093/971 4967/3094/971 4965/3092/970
f 4968/3093/971 4970/3095/972 4969/3096/972 4967/3094/971
f 4970/3095/972 4972/3097/973 4971/3098/973 4969/3096/972
f 4972/3097/973 4974/3099/974 4973/3100/974 4971/3098/973
f 4974/3099/974 4976/3101/975 4975/3102/975 4973/3100/974
f 4976/3101/975 4978/3103/976 4977/3104/976 4975/3102/975
f 4978/3103/976 4980/3105/977 4979/3106/977 4977/3104/976
f 4980/3105/977 4982/3107/978 4981/3108/978 4979/3106/977
f 4982/3107/978 4984/3109/979 4983/3110/979 4981/3108/978
f 4984/3109/979 4986/3111/980 4985/3112/980 4983/3110/979
f 4986/3111/980 4988/3113/981 4987/3114/981 4985/3112/980
f 4988/3113/981 4990/3115/982 4989/3116/982 4987/3114/981
f 4990/3115/982 4992/3117/983 4991/3118/983 4989/3116/982
f 4992/3117/983 4994/3119/984 4993/3120/984 4991/3118/983
f 4994/3119/984 4996/3121/985 4995/3122/985 4993/3120/984
f 4996/3121/985 4998/3123/986 4997/3124/986 4995/3122/985
f 4998/3123/986 5000/3125/987 4999/3126/987 4997/3124/986
f 5000/3125/987 5002/3127/988 5001/3128/988 4999/3126/987
f 5002/3127/988 5004/3129/989 5003/3130/989 5001/3128/988
f 5004/3129/989 5006/3131/990 5005/3132/990 5003/3130/989
f 5006/3131/990 5008/3133/991 5007/3134/991 5005/3132/990
f 5008/3133/991 5010/3135/992 5009/3136/992 5007/3134/991
f 5010/3135/992 5012/3137/993 5011/3138/993 5009/3136/992
f 5012/3137/993 5014/3139/994 5013/3140/994 5011/3138/993
f 5014/3139/994 5016/3141/995 5015/3142/995 5013/3140/994
f 5016/3141/995 5018/1613/996 5017/375/996 5015/3142/995
f 5018/1613/996 5020/3143/997 5019/3144/997 5017/375/996
f 5020/3143/997 5022/3145/998 5021/3146/998 5019/3144/997
f 5022/3145/998 5024/3147/999 5023/3148/999 5021/3146/998
f 5024/3147/999 5026/3149/1000 5025/3150/1000 5023/3148/999
f 5026/3149/1000 5028/3151/1001 5027/3152/1001 5025/3150/1000
f 5028/3151/1001 5030/3153/1002 5029/3154/1002 5027/3152/1001
f 5030/3153/1002 5032/3155/455 5031/3156/455 5029/3154/1002
f 5032/3155/455 5034/3157/1003 5033/3158/1003 5031/3156/455
f 5034/3157/1003 5036/3159/1004 5035/3160/1004 5033/3158/1003
f 5036/3159/1004 5038/3161/1005 5037/3162/1005 5035/3160/1004
f 5038/3161/1005 5040/3163/1006 5039/3164/1006 5037/3162/1005
f 5040/3163/1006 5042/3165/1007 5041/3166/1007 5039/3164/1006
f 5042/3165/1007 5044/3167/1008 5043/3168/1008 5041/3166/1007
f 5044/3167/1008 5046/3169/1009 5045/3170/1009 5043/3168/1008
f 5046/3169/1009 5048/3171/1010 5047/3172/1010 5045/3170/1009
f 5048/3171/1010 5050/3173/1011 5049/3174/1011 5047/3172/1010
f 5050/3173/1011 5052/3175/1012 5051/3176/1012 5049/3174/1011
f 5052/3175/1012 5054/3177/1013 5053/3178/1013 5051/3176/1012
f 5054/3177/1013 5056/3179/1014 5055/3180/1014 5053/3178/1013
f 5056/3179/1014 5058/3181/1015 5057/3182/1015 5055/3180/1014
f 5058/3181/1015 5060/3183/1016 5059/3184/1016 5057/3182/1015
f 5060/3183/1016 5062/3185/1017 5061/3186/1017 5059/3184/1016
f 5062/3185/1017 5064/3187/1018 5063/3188/1018 5061/3186/1017
f 5064/3187/1018 5066/3189/1019 5065/3190/1019 5063/3188/1018
f 5066/3189/1019 5068/3191/1020 5067/3192/1020 5065/3190/1019
f 5068/3191/1020 5070/3193/1021 5069/3194/1021 5067/3192/1020
f 5070/3193/1021 5072/3195/1022 5071/3196/1022 5069/3194/1021
f 5072/3195/1022 5074/3197/1023 5073/3198/1023 5071/3196/1022
f 5074/3197/1023 5076/3199/1024 5075/3200/1024 5073/3198/1023
f 5076/3199/1024 5078/3201/255 5077/3202/255 5075/3200/1024
f 5078/3201/255 5080/3203/1025 5079/3204/1025 5077/3202/255
f 5080/3203/1025 5082/3205/1026 5081/3206/1026 5079/3204/1025
f 5082/3205/1026 5084/3207/1027 5083/3208/1027 5081/3206/1026
f 5084/3207/1027 5086/3209/1028 5085/3210/1028 5083/3208/1027
f 5086/3209/1028 5088/3211/1029 5087/3212/1029 5085/3210/1028
f 5088/3211/1029 5090/3213/1030 5089/3214/1030 5087/3212/1029
f 5090/3213/1030 4944/1611/960 4943/1/960 5089/3214/1030
f 5092/1422/1031 5094/1891/1032 5093/1263/1032 5091/28/1031
f 5094/1891/1032 5096/1892/1033 5095/1274/1033 5093/1263/1032
f 5096/1892/1033 5098/1893/1034 5097/1253/1034 5095/1274/1033
f 5098/1893/1034 5100/1894/1035 5099/1227/1035 5097/1253/1034
f 5100/1894/1035 5102/1895/1036 5101/1201/1036 5099/1227/1035
f 5102/1895/1036 5104/1896/1037 5103/1179/1037 5101/1201/1036
f 5104/1896/1037 5106/1897/1038 5105/1208/1038 5103/1179/1037
f 5106/1897/1038 5108/1898/1039 5107/1235/1039 5105/1208/1038
f 5108/1898/1039 5110/1899/1040 5109/1279/1040 5107/1235/1039
f 5110/1899/1040 5112/1900/1041 5111/1296/1041 5109/1279/1040
f 5112/1900/1041 5114/1901/1042 5113/1266/1042 5111/1296/1041
f 5114/1901/1042 5116/1902/1043 5115/1226/1043 5113/1266/1042
f 5116/1902/1043 5118/1613/1044 5117/375/1044 5115/1226/1043
f 5118/1613/1044 5120/1903/1045 5119/1167/1045 5117/375/1044
f 5120/1903/1045 5122/1904/1046 5121/1190/1046 5119/1167/1045
f 5122/1904/1046 5124/1905/1047 5123/1238/1047 5121/1190/1046
f 5124/1905/1047 5126/1906/1048 5125/1284/1048 5123/1238/1047
f 5126/1906/1048 5128/1907/1049 5127/1306/1049 5125/1284/1048
f 5128/1907/1049 5130/1908/1050 5129/1299/1050 5127/1306/1049
f 5130/1908/1050 5132/1909/1051 5131/1289/1051 5129/1299/1050
f 5132/1909/1051 5134/1910/1052 5133/1264/1052 5131/1289/1051
f 5134/1910/1052 5136/1911/1053 5135/1231/1053 5133/1264/1052
f 5136/1911/1053 5138/1912/1054 5137/1196/1054 5135/1231/1053
f 5138/1912/1054 5140/1913/1055 5139/1177/1055 5137/1196/1054
f 5140/1913/1055 5142/1914/1056 5141/1206/1056 5139/1177/1055
f 5142/1914/1056 5092/1611/1031 5091/1/1031 5141/1206/1056
f 5144/1422/1057 5146/1891/1058 5145/1263/1058 5143/28/1057
f 5146/1891/1058 5148/1892/1059 5147/1274/1059 5145/1263/1058
f 5148/1892/1059 5150/1893/1060 5149/1253/1060 5147/1274/1059
f 5150/1893/1060 5152/1894/1061 5151/1227/1061 5149/1253/1060
f 5152/1894/1061 5154/1895/1062 5153/1201/1062 5151/1227/1061
f 5154/1895/1062 5156/1896/1063 5155/1179/1063 5153/1201/1062
f 5156/1896/1063 5158/1897/1064 5157/1208/1064 5155/1179/1063
f 5158/1897/1064 5160/1898/1065 5159/1235/1065 5157/1208/1064
f 5160/1898/1065 5162/1899/1066 5161/1279/1066 5159/1235/1065
f 5162/1899/1066 5164/1900/1067 5163/1296/1067 5161/1279/1066
f 5164/1900/1067 5166/1901/1068 5165/1266/1068 5163/1296/1067
f 5166/1901/1068 5168/1902/1069 5167/1226/1069 5165/1266/1068
f 5168/1902/1069 5170/1613/1070 5169/375/1070 5167/1226/1069
f 5170/1613/1070 5172/1903/1071 5171/1167/1071 5169/375/1070
f 5172/1903/1071 5174/1904/1072 5173/1190/1072 5171/1167/1071
f 5174/1904/1072 5176/1905/1073 5175/1238/1073 5173/1190/1072
f 5176/1905/1073 5178/1906/1074 5177/1284/1074 5175/1238/1073
f 5178/1906/1074 5180/1907/1075 5179/1306/1075 5177/1284/1074
f 5180/1907/1075 5182/1908/1076 5181/1299/1076 5179/1306/1075
f 5182/1908/1076 5184/1909/1077 5183/1289/1077 5181/1299/1076
f 5184/1909/1077 5186/1910/1078 5185/1264/1078 5183/1289/1077
f 5186/1910/1078 5188/1911/1079 5187/1231/1079 5185/1264/1078
f 5188/1911/1079 5190/1912/1080 5189/1196/1080 5187/1231/1079
f 5190/1912/1080 5192/1913/1081 5191/1177/1081 5189/1196/1080
f 5192/1913/1081 5194/1914/1082 5193/1206/1082 5191/1177/1081
f 5194/1914/1082 5144/1611/1057 5143/1/1057 5193/1206/1082
f 5196/1422/139 5198/3215/1083 5197/3216/1083 5195/28/139
f 5198/3215/1083 5200/3217/1084 5199/3218/1084 5197/3216/1083
f 5200/3217/1084 5202/3219/1085 5201/3220/1085 5199/3218/1084
f 5202/3219/1085 5204/3221/1086 5203/3222/1086 5201/3220/1085
f 5204/3221/1086 5206/3223/1087 5205/3224/1087 5203/3222/1086
f 5206/3223/1087 5208/3225/1088 5207/3226/1088 5205/3224/1087
f 5208/3225/1088 5210/3227/551 5209/3228/551 5207/3226/1088
f 5210/3227/551 5212/3229/1089 5211/3230/1089 5209/3228/551
f 5212/3229/1089 5214/3231/1090 5213/3232/1090 5211/3230/1089
f 5214/3231/1090 5216/3233/1091 5215/3234/1091 5213/3232/1090
f 5216/3233/1091 5218/3235/1092 5217/3236/1092 5215/3234/1091
f 5218/3235/1092 5220/3237/1093 5219/3238/1093 5217/3236/1092
f 5220/3237/1093 5222/3239/1094 5221/3240/1094 5219/3238/1093
f 5222/3239/1094 5224/3241/1095 5223/3242/1095 5221/3240/1094
f 5224/3241/1095 5226/3243/1096 5225/3244/1096 5223/3242/1095
f 5226/3243/1096 5228/3245/1097 5227/3246/1097 5225/3244/1096
f 5228/3245/1097 5230/3247/1098 5229/3248/1098 5227/3246/1097
f 5230/3247/1098 5232/3249/1099 5231/3250/1099 5229/3248/1098
f 5232/3249/1099 5234/3251/1100 5233/3252/1100 5231/3250/1099
f 5234/3251/1100 5236/3253/1101 5235/3254/1101 5233/3252/1100
f 5236/3253/1101 5238/3255/1102 5237/3256/1102 5235/3254/1101
f 5238/3255/1102 5240/3257/1103 5239/3258/1103 5237/3256/1102
f 5240/3257/1103 5242/2017/1104 5241/478/1104 5239/3258/1103
f 5242/2017/1104 5244/3259/1105 5243/3260/1105 5241/478/1104
f 5244/3259/1105 5246/3261/1106 5245/3262/1106 5243/3260/1105
f 5246/3261/1106 5248/3263/1107 5247/3264/1107 5245/3262/1106
f 5248/3263/1107 5250/3265/1108 5249/3266/1108 5247/3264/1107
f 5250/3265/1108 5252/3267/1109 5251/3268/1109 5249/3266/1108
f 5252/3267/1109 5254/3269/1110 5253/3270/1110 5251/3268/1109
f 5254/3269/1110 5256/3271/1111 5255/3272/1111 5253/3270/1110
f 5256/3271/1111 5258/3273/1112 5257/3274/1112 5255/3272/1111
f 5258/3273/1112 5260/3275/1113 5259/3276/1113 5257/3274/1112
f 5260/3275/1113 5262/3277/1114 5261/3278/1114 5259/3276/1113
f 5262/3277/1114 5264/3279/1115 5263/3280/1115 5261/3278/1114
f 5264/3279/1115 5266/3281/1116 5265/3282/1116 5263/3280/1115
f 5266/3281/1116 5268/3283/1117 5267/3284/1117 5265/3282/1116
f 5268/3283/1117 5270/3285/1118 5269/3286/1118 5267/3284/1117
f 5270/3285/1118 5272/3287/1119 5271/3288/1119 5269/3286/1118
f 5272/3287/1119 5274/3289/1120 5273/3290/1120 5271/3288/1119
f 5274/3289/1120 5276/3291/1121 5275/3292/1121 5273/3290/1120
f 5276/3291/1121 5278/3293/1122 5277/3294/1122 5275/3292/1121
f 5278/3293/1122 5280/3295/1123 5279/3296/1123 5277/3294/1122
f 5280/3295/1123 5282/3297/1124 5281/3298/1124 5279/3296/1123
f 5282/3297/1124 5284/3299/1125 5283/3300/1125 5281/3298/1124
f 5284/3299/1125 5286/3301/1126 5285/3302/1126 5283/3300/1125
f 5286/3301/1126 5288/2120/1127 5287/302/1127 5285/3302/1126
f 5288/2120/1127 5290/3303/1128 5289/3304/1128 5287/302/1127
f 5290/3303/1128 5292/3305/1129 5291/3306/1129 5289/3304/1128
f 5292/3305/1129 5294/3307/1130 5293/3308/1130 5291/3306/1129
f 5294/3307/1130 5296/3309/1131 5295/3310/1131 5293/3308/1130
f 5296/3309/1131 5298/3311/1132 5297/3312/1132 5295/3310/1131
f 5298/3311/1132 5300/3313/1133 5299/3314/1133 5297/3312/1132
f 5300/3313/1133 5302/3315/1134 5301/3316/1134 5299/3314/1133
f 5302/3315/1134 5304/3317/1135 5303/3318/1135 5301/3316/1134
f 5304/3317/1135 5306/3319/1136 5305/3320/1136 5303/3318/1135
f 5306/3319/1136 5308/3321/1137 5307/3322/1137 5305/3320/1136
f 5308/3321/1137 5310/3323/338 5309/3324/338 5307/3322/1137
f 5310/3323/338 5312/3325/1138 5311/3326/1138 5309/3324/338
f 5312/3325/1138 5314/3327/1139 5313/3328/1139 5311/3326/1138
f 5314/3327/1139 5316/3329/1140 5315/3330/1140 5313/3328/1139
f 5316/3329/1140 5318/3331/1141 5317/3332/1141 5315/3330/1140
f 5318/3331/1141 5320/3333/1142 5319/3334/1142 5317/3332/1141
f 5320/3333/1142 5322/3335/1143 5321/3336/1143 5319/3334/1142
f 5322/3335/1143 5324/3337/98 5323/3338/98 5321/3336/1143
f 5324/3337/98 5326/3339/1144 5325/3340/1144 5323/3338/98
f 5326/3339/1144 5328/3341/1110 5327/3342/1110 5325/3340/1144
f 5328/3341/1110 5330/3343/1145 5329/3344/1145 5327/3342/1110
f 5330/3343/1145 5332/3345/1146 5331/3346/1146 5329/3344/1145
f 5332/3345/1146 5334/2223/745 5333/430/745 5331/3346/1146
f 5334/2223/745 5336/3347/1147 5335/3348/1147 5333/430/745
f 5336/3347/1147 5338/3349/1148 5337/3350/1148 5335/3348/1147
f 5338/3349/1148 5340/3351/1149 5339/3352/1149 5337/3350/1148
f 5340/3351/1149 5342/3353/1150 5341/3354/1150 5339/3352/1149
f 5342/3353/1150 5344/3355/1151 5343/3356/1151 5341/3354/1150
f 5344/3355/1151 5346/3357/1152 5345/3358/1152 5343/3356/1151
f 5346/3357/1152 5348/3359/1153 5347/3360/1153 5345/3358/1152
f 5348/3359/1153 5350/3361/1154 5349/3362/1154 5347/3360/1153
f 5350/3361/1154 5352/3363/1155 5351/3364/1155 5349/3362/1154
f 5352/3363/1155 5354/3365/1156 5353/3366/1156 5351/3364/1155
f 5354/3365/1156 5356/3367/1157 5355/3368/1157 5353/3366/1156
f 5356/3367/1157 5358/3369/1158 5357/3370/1158 5355/3368/1157
f 5358/3369/1158 5360/3371/1159 5359/3372/1159 5357/3370/1158
f 5360/3371/1159 5362/3373/1160 5361/3374/1160 5359/3372/1159
f 5362/3373/1160 5364/3375/1161 5363/3376/1161 5361/3374/1160
f 5364/3375/1161 5366/3377/1162 5365/3378/1162 5363/3376/1161
f 5366/3377/1162 5368/3379/1163 5367/3380/1163 5365/3378/1162
f 5368/3379/1163 5370/3381/1164 5369/3382/1164 5367/3380/1163
f 5370/3381/1164 5372/3383/1165 5371/3384/1165 5369/3382/1164
f 5372/3383/1165 5374/3385/1166 5373/3386/1166 5371/3384/1165
f 5374/3385/1166 5376/3387/1167 5375/3388/1167 5373/3386/1166
f 5376/3387/1167 5378/3389/1168 5377/3390/1168 5375/3388/1167
f 5378/3389/1168 5380/2326/1169 5379/180/1169 5377/3390/1168
f 5380/2326/1169 5382/3391/1170 5381/3392/1170 5379/180/1169
f 5382/3391/1170 5384/3393/1171 5383/3394/1171 5381/3392/1170
f 5384/3393/1171 5386/3395/1172 5385/3396/1172 5383/3394/1171
f 5386/3395/1172 5388/3397/1173 5387/3398/1173 5385/3396/1172
f 5388/3397/1173 5390/3399/1174 5389/3400/1174 5387/3398/1173
f 5390/3399/1174 5392/3401/1175 5391/3402/1175 5389/3400/1174
f 5392/3401/1175 5394/3403/1176 5393/3404/1176 5391/3402/1175
f 5394/3403/1176 5396/3405/1177 5395/3406/1177 5393/3404/1176
f 5396/3405/1177 5398/3407/1178 5397/3408/1178 5395/3406/1177
f 5398/3407/1178 5400/3409/1179 5399/3410/1179 5397/3408/1178
f 5400/3409/1179 5402/3411/1180 5401/3412/1180 5399/3410/1179
f 5402/3411/1180 5404/3413/1181 5403/3414/1181 5401/3412/1180
f 5404/3413/1181 5406/3415/1182 5405/3416/1182 5403/3414/1181
f 5406/3415/1182 5408/3417/136 5407/3418/136 5405/3416/1182
f 5408/3417/136 5410/3419/1183 5409/3420/1183 5407/3418/136
f 5410/3419/1183 5412/3421/1184 5411/3422/1184 5409/3420/1183
f 5412/3421/1184 5414/3423/1185 5413/3424/1185 5411/3422/1184
f 5414/3423/1185 5416/3425/1186 5415/3426/1186 5413/3424/1185
f 5416/3425/1186 5418/3427/1187 5417/3428/1187 5415/3426/1186
f 5418/3427/1187 5420/3429/1188 5419/3430/1188 5417/3428/1187
f 5420/3429/1188 5422/3431/1189 5421/3432/1189 5419/3430/1188
f 5422/3431/1189 5424/3433/1190 5423/3434/1190 5421/3432/1189
f 5424/3433/1190 5426/2429/1191 5425/281/1191 5423/3434/1190
f 5426/2429/1191 5428/3435/1192 5427/3436/1192 5425/281/1191
f 5428/3435/1192 5430/3437/484 5429/3438/484 5427/3436/1192
f 5430/3437/484 5432/3439/1193 5431/3440/1193 5429/3438/484
f 5432/3439/1193 5434/3441/1194 5433/3442/1194 5431/3440/1193
f 5434/3441/1194 5436/3443/1195 5435/3444/1195 5433/3442/1194
f 5436/3443/1195 5438/3445/1196 5437/3446/1196 5435/3444/1195
f 5438/3445/1196 5440/3447/1197 5439/3448/1197 5437/3446/1196
f 5440/3447/1197 5442/3449/1198 5441/3450/1198 5439/3448/1197
f 5442/3449/1198 5444/3451/1199 5443/3452/1199 5441/3450/1198
f 5444/3451/1199 5446/3453/1200 5445/3454/1200 5443/3452/1199
f 5446/3453/1200 5448/3455/1201 5447/3456/1201 5445/3454/1200
f 5448/3455/1201 5450/3457/1202 5449/3458/1202 5447/3456/1201
f 5450/3457/1202 5452/3459/1203 5451/3460/1203 5449/3458/1202
f 5452/3459/1203 5454/3461/1204 5453/3462/1204 5451/3460/1203
f 5454/3461/1204 5456/3463/1205 5455/3464/1205 5453/3462/1204
f 5456/3463/1205 5458/3465/1206 5457/3466/1206 5455/3464/1205
f 5458/3465/1206 5460/3467/1207 5459/3468/1207 5457/3466/1206
f 5460/3467/1207 5462/3469/1208 5461/3470/1208 5459/3468/1207
f 5462/3469/1208 5464/3471/1209 5463/3472/1209 5461/3470/1208
f 5464/3471/1209 5466/3473/1210 5465/3474/1210 5463/3472/1209
f 5466/3473/1210 5468/3475/1211 5467/3476/1211 5465/3474/1210
f 5468/3475/1211 5470/3477/1212 5469/3478/1212 5467/3476/1211
f 5470/3477/1212 5472/2532/1213 5471/260/1213 5469/3478/1212
f 5472/2532/1213 5474/3479/1214 5473/3480/1214 5471/260/1213
f 5474/3479/1214 5476/3481/1215 5475/3482/1215 5473/3480/1214
f 5476/3481/1215 5478/3483/1216 5477/3484/1216 5475/3482/1215
f 5478/3483/1216 5480/3485/1217 5479/3486/1217 5477/3484/1216
f 5480/3485/1217 5482/3487/1218 5481/3488/1218 5479/3486/1217
f 5482/3487/1218 5484/3489/1219 5483/3490/1219 5481/3488/1218
f 5484/3489/1219 5486/3491/1220 5485/3492/1220 5483/3490/1219
f 5486/3491/1220 5488/3493/1221 5487/3494/1221 5485/3492/1220
f 5488/3493/1221 5490/3495/1222 5489/3496/1222 5487/3494/1221
f 5490/3495/1222 5492/3497/1223 5491/3498/1223 5489/3496/1222
f 5492/3497/1223 5494/3499/1224 5493/3500/1224 5491/3498/1223
f 5494/3499/1224 5496/3501/1225 5495/3502/1225 5493/3500/1224
f 5496/3501/1225 5498/3503/1226 5497/3504/1226 5495/3502/1225
f 5498/3503/1226 5500/3505/972 5499/3506/972 5497/3504/1226
f 5500/3505/972 5502/3507/1227 5501/3508/1227 5499/3506/972
f 5502/3507/1227 5504/3509/1228 5503/3510/1228 5501/3508/1227
f 5504/3509/1228 5506/3511/1229 5505/3512/1229 5503/3510/1228
f 5506/3511/1229 5508/3513/1230 5507/3514/1230 5505/3512/1229
f 5508/3513/1230 5510/3515/1231 5509/3516/1231 5507/3514/1230
f 5510/3515/1231 5512/3517/1232 5511/3518/1232 5509/3516/1231
f 5512/3517/1232 5514/3519/1233 5513/3520/1233 5511/3518/1232
f 5514/3519/1233 5516/3521/1234 5515/3522/1234 5513/3520/1233
f 5516/3521/1234 5196/1611/139 5195/1/139 5515/3522/1234
f 5518/1422/1235 5520/1891/1236 5519/1263/1236 5517/28/1235
f 5520/1891/1236 5522/1892/1237 5521/1274/1237 5519/1263/1236
f 5522/1892/1237 5524/1893/1238 5523/1253/1238 5521/1274/1237
f 5524/1893/1238 5526/1894/1239 5525/1227/1239 5523/1253/1238
f 5526/1894/1239 5528/1895/1240 5527/1201/1240 5525/1227/1239
f 5528/1895/1240 5530/1896/1241 5529/1179/1241 5527/1201/1240
f 5530/1896/1241 5532/1897/1242 5531/1208/1242 5529/1179/1241
f 5532/1897/1242 5534/1898/1243 5533/1235/1243 5531/1208/1242
f 5534/1898/1243 5536/1899/1244 5535/1279/1244 5533/1235/1243
f 5536/1899/1244 5538/1900/1245 5537/1296/1245 5535/1279/1244
f 5538/1900/1245 5540/1901/1246 5539/1266/1246 5537/1296/1245
f 5540/1901/1246 5542/1902/1247 5541/1226/1247 5539/1266/1246
f 5542/1902/1247 5544/1613/1248 5543/375/1248 5541/1226/1247
f 5544/1613/1248 5546/1903/1249 5545/1167/1249 5543/375/1248
f 5546/1903/1249 5548/1904/1250 5547/1190/1250 5545/1167/1249
f 5548/1904/1250 5550/1905/1251 5549/1238/1251 5547/1190/1250
f 5550/1905/1251 5552/1906/1252 5551/1284/1252 5549/1238/1251
f 5552/1906/1252 5554/1907/1253 5553/1306/1253 5551/1284/1252
f 5554/1907/1253 5556/1908/1254 5555/1299/1254 5553/1306/1253
f 5556/1908/1254 5558/1909/1255 5557/1289/1255 5555/1299/1254
f 5558/1909/1255 5560/1910/1256 5559/1264/1256 5557/1289/1255
f 5560/1910/1256 5562/1911/1257 5561/1231/1257 5559/1264/1256
f 5562/1911/1257 5564/1912/1258 5563/1196/1258 5561/1231/1257
f 5564/1912/1258 5566/1913/1259 5565/1177/1259 5563/1196/1258
f 5566/1913/1259 5568/1914/1260 5567/1206/1260 5565/1177/1259
f 5568/1914/1260 5518/1611/1235 5517/1/1235 5567/1206/1260
f 5570/1422/1261 5572/3523/1262 5571/3524/1262 5569/28/1261
f 5572/3523/1262 5574/3525/1263 5573/3526/1263 5571/3524/1262
f 5574/3525/1263 5576/3527/1264 5575/3528/1264 5573/3526/1263
f 5576/3527/1264 5578/3529/1265 5577/3530/1265 5575/3528/1264
f 5578/3529/1265 5580/3531/1266 5579/3532/1266 5577/3530/1265
f 5580/3531/1266 5582/3533/1267 5581/3534/1267 5579/3532/1266
f 5582/3533/1267 5584/3535/1268 5583/3536/1268 5581/3534/1267
f 5584/3535/1268 5586/3537/1269 5585/3538/1269 5583/3536/1268
f 5586/3537/1269 5588/3539/1270 5587/3540/1270 5585/3538/1269
f 5588/3539/1270 5590/3541/1271 5589/3542/1271 5587/3540/1270
f 5590/3541/1271 5592/3543/1272 5591/3544/1272 5589/3542/1271
f 5592/3543/1272 5594/3545/1273 5593/3546/1273 5591/3544/1272
f 5594/3545/1273 5596/3547/1274 5595/3548/1274 5593/3546/1273
f 5596/3547/1274 5598/3549/1275 5597/3550/1275 5595/3548/1274
f 5598/3549/1275 5600/3551/1276 5599/3552/1276 5597/3550/1275
f 5600/3551/1276 5602/3553/1277 5601/3554/1277 5599/3552/1276
f 5602/3553/1277 5604/3555/1278 5603/3556/1278 5601/3554/1277
f 5604/3555/1278 5606/3557/1279 5605/3558/1279 5603/3556/1278
f 5606/3557/1279 5608/3559/1280 5607/3560/1280 5605/3558/1279
f 5608/3559/1280 5610/3561/1281 5609/3562/1281 5607/3560/1280
f 5610/3561/1281 5612/3563/1282 5611/3564/1282 5609/3562/1281
f 5612/3563/1282 5614/3565/1283 5613/3566/1283 5611/3564/1282
f 5614/3565/1283 5616/3567/1284 5615/3568/1284 5613/3566/1283
f 5616/3567/1284 5618/3569/1285 5617/3570/1285 5615/3568/1284
f 5618/3569/1285 5620/3571/1286 5619/3572/1286 5617/3570/1285
f 5620/3571/1286 5622/3573/1287 5621/3574/1287 5619/3572/1286
f 5622/3573/1287 5624/3575/1288 5623/3576/1288 5621/3574/1287
f 5624/3575/1288 5626/3577/1289 5625/3578/1289 5623/3576/1288
f 5626/3577/1289 5628/3579/1290 5627/3580/1290 5625/3578/1289
f 5628/3579/1290 5630/3581/1291 5629/3582/1291 5627/3580/1290
f 5630/3581/1291 5632/1613/1292 5631/375/1292 5629/3582/1291
f 5632/1613/1292 5634/3583/1293 5633/3584/1293 5631/375/1292
f 5634/3583/1293 5636/3585/1294 5635/3586/1294 5633/3584/1293
f 5636/3585/1294 5638/3587/1295 5637/3588/1295 5635/3586/1294
f 5638/3587/1295 5640/3589/1296 5639/3590/1296 5637/3588/1295
f 5640/3589/1296 5642/3591/1297 5641/3592/1297 5639/3590/1296
f 5642/3591/1297 5644/3593/1298 5643/3594/1298 5641/3592/1297
f 5644/3593/1298 5646/3595/1299 5645/3596/1299 5643/3594/1298
f 5646/3595/1299 5648/3597/1300 5647/3598/1300 5645/3596/1299
f 5648/3597/1300 5650/3599/1301 5649/3600/1301 5647/3598/1300
f 5650/3599/1301 5652/3601/1302 5651/3602/1302 5649/3600/1301
f 5652/3601/1302 5654/3603/1303 5653/3604/1303 5651/3602/1302
f 5654/3603/1303 5656/3605/1304 5655/3606/1304 5653/3604/1303
f 5656/3605/1304 5658/3607/1305 5657/3608/1305 5655/3606/1304
f 5658/3607/1305 5660/3609/1306 5659/3610/1306 5657/3608/1305
f 5660/3609/1306 5662/3611/1307 5661/3612/1307 5659/3610/1306
f 5662/3611/1307 5664/3613/141 5663/3614/141 5661/3612/1307
f 5664/3613/141 5666/3615/1308 5665/3616/1308 5663/3614/141
f 5666/3615/1308 5668/3617/1309 5667/3618/1309 5665/3616/1308
f 5668/3617/1309 5670/3619/1310 5669/3620/1310 5667/3618/1309
f 5670/3619/1310 5672/3621/1311 5671/3622/1311 5669/3620/1310
f 5672/3621/1311 5674/3623/1312 5673/3624/1312 5671/3622/1311
f 5674/3623/1312 5676/3625/1313 5675/3626/1313 5673/3624/1312
f 5676/3625/1313 5678/3627/1314 5677/3628/1314 5675/3626/1313
f 5678/3627/1314 5680/3629/1315 5679/3630/1315 5677/3628/1314
f 5680/3629/1315 5682/3631/1316 5681/3632/1316 5679/3630/1315
f 5682/3631/1316 5684/3633/1317 5683/3634/1317 5681/3632/1316
f 5684/3633/1317 5686/3635/1318 5685/3636/1318 5683/3634/1317
f 5686/3635/1318 5688/3637/1319 5687/3638/1319 5685/3636/1318
f 5688/3637/1319 5690/3639/1320 5689/3640/1320 5687/3638/1319
f 5690/3639/1320 5692/3641/1321 5691/3642/1321 5689/3640/1320
f 5692/3641/1321 5570/1611/1261 5569/1/1261 5691/3642/1321
f 5694/1422/1322 5696/1891/1323 5695/1263/1323 5693/28/1322
f 5696/1891/1323 5698/1892/1324 5697/1274/1324 5695/1263/1323
f 5698/1892/1324 5700/1893/1325 5699/1253/1325 5697/1274/1324
f 5700/1893/1325 5702/1894/1326 5701/1227/1326 5699/1253/1325
f 5702/1894/1326 5704/1895/1327 5703/1201/1327 5701/1227/1326
f 5704/1895/1327 5706/1896/1328 5705/1179/1328 5703/1201/1327
f 5706/1896/1328 5708/1897/1329 5707/1208/1329 5705/1179/1328
f 5708/1897/1329 5710/1898/1330 5709/1235/1330 5707/1208/1329
f 5710/1898/1330 5712/1899/1331 5711/1279/1331 5709/1235/1330
f 5712/1899/1331 5714/1900/1332 5713/1296/1332 5711/1279/1331
f 5714/1900/1332 5716/1901/1333 5715/1266/1333 5713/1296/1332
f 5716/1901/1333 5718/1902/1334 5717/1226/1334 5715/1266/1333
f 5718/1902/1334 5720/1613/1335 5719/375/1335 5717/1226/1334
f 5720/1613/1335 5722/1903/1336 5721/1167/1336 5719/375/1335
f 5722/1903/1336 5724/1904/1337 5723/1190/1337 5721/1167/1336
f 5724/1904/1337 5726/1905/1338 5725/1238/1338 5723/1190/1337
f 5726/1905/1338 5728/1906/1339 5727/1284/1339 5725/1238/1338
f 5728/1906/1339 5730/1907/1340 5729/1306/1340 5727/1284/1339
f 5730/1907/1340 5732/1908/1341 5731/1299/1341 5729/1306/1340
f 5732/1908/1341 5734/1909/1342 5733/1289/1342 5731/1299/1341
f 5734/1909/1342 5736/1910/1343 5735/1264/1343 5733/1289/1342
f 5736/1910/1343 5738/1911/1344 5737/1231/1344 5735/1264/1343
f 5738/1911/1344 5740/1912/1345 5739/1196/1345 5737/1231/1344
f 5740/1912/1345 5742/1913/1346 5741/1177/1346 5739/1196/1345
f 5742/1913/1346 5744/1914/1347 5743/1206/1347 5741/1177/1346
f 5744/1914/1347 5694/1611/1322 5693/1/1322 5743/1206/1347
f 5746/1422/1348 5748/1640/1349 5747/301/1349 5745/28/1348
f 5748/1640/1349 5750/1621/1350 5749/422/1350 5747/301/1349
f 5750/1621/1350 5752/1613/1351 5751/375/1351 5749/422/1350
f 5752/1613/1351 5754/1626/1352 5753/201/1352 5751/375/1351
f 5754/1626/1352 5756/1667/1353 5755/291/1353 5753/201/1352
f 5756/1667/1353 5746/1611/1348 5745/1/1348 5755/291/1353
f 5758/1422/1354 5760/1633/1355 5759/483/1355 5757/28/1354
f 5760/1633/1355 5762/1634/1356 5761/460/1356 5759/483/1355
f 5762/1634/1356 5764/1635/1357 5763/488/1357 5761/460/1356
f 5764/1635/1357 5766/1636/1358 5765/489/1358 5763/488/1357
f 5766/1636/1358 5768/1637/1359 5767/462/1359 5765/489/1358
f 5768/1637/1359 5770/1638/1360 5769/455/1360 5767/462/1359
f 5770/1638/1360 5772/1639/1361 5771/482/1361 5769/455/1360
f 5772/1639/1361 5774/1640/1362 5773/301/1362 5771/482/1361
f 5774/1640/1362 5776/1641/1363 5775/317/1363 5773/301/1362
f 5776/1641/1363 5778/1642/1364 5777/337/1364 5775/317/1363
f 5778/1642/1364 5780/1643/1365 5779/330/1365 5777/337/1364
f 5780/1643/1365 5782/1612/1366 5781/323/1366 5779/330/1365
f 5782/1612/1366 5784/1644/1367 5783/313/1367 5781/323/1366
f 5784/1644/1367 5786/1645/1368 5785/298/1368 5783/313/1367
f 5786/1645/1368 5788/1646/1369 5787/400/1369 5785/298/1368
f 5788/1646/1369 5790/1621/1370 5789/422/1370 5787/400/1369
f 5790/1621/1370 5792/1647/268 5791/419/268 5789/422/1370
f 5792/1647/268 5794/1648/1371 5793/410/1371 5791/419/268
f 5794/1648/1371 5796/1649/1372 5795/444/1372 5793/410/1371
f 5796/1649/1372 5798/1650/1373 5797/441/1373 5795/444/1372
f 5798/1650/1373 5800/1651/1374 5799/407/1374 5797/441/1373
f 5800/1651/1374 5802/1652/1375 5801/385/1375 5799/407/1374
f 5802/1652/1375 5804/1653/1376 5803/363/1376 5801/385/1375
f 5804/1653/1376 5806/1613/1377 5805/375/1377 5803/363/1376
f 5806/1613/1377 5808/1654/1378 5807/391/1378 5805/375/1377
f 5808/1654/1378 5810/1655/1379 5809/198/1379 5807/391/1378
f 5810/1655/1379 5812/1656/1380 5811/186/1380 5809/198/1379
f 5812/1656/1380 5814/1657/1381 5813/172/1381 5811/186/1380
f 5814/1657/1381 5816/1658/1382 5815/175/1382 5813/172/1381
f 5816/1658/1382 5818/1659/1383 5817/189/1383 5815/175/1382
f 5818/1659/1383 5820/1660/1384 5819/213/1384 5817/189/1383
f 5820/1660/1384 5822/1626/1385 5821/201/1385 5819/213/1384
f 5822/1626/1385 5824/1661/336 5823/247/336 5821/201/1385
f 5824/1661/336 5826/1662/1386 5825/254/1386 5823/247/336
f 5826/1662/1386 5828/1663/1387 5827/305/1387 5825/254/1386
f 5828/1663/1387 5830/1614/1388 5829/356/1388 5827/305/1387
f 5830/1614/1388 5832/1664/1389 5831/403/1389 5829/356/1388
f 5832/1664/1389 5834/1665/1390 5833/399/1390 5831/403/1389
f 5834/1665/1390 5836/1666/1391 5835/355/1391 5833/399/1390
f 5836/1666/1391 5838/1667/1392 5837/291/1392 5835/355/1391
f 5838/1667/1392 5840/1668/1393 5839/255/1393 5837/291/1392
f 5840/1668/1393 5842/1669/1394 5841/272/1394 5839/255/1393
f 5842/1669/1394 5844/1670/1395 5843/275/1395 5841/272/1394
f 5844/1670/1395 5846/1671/1396 5845/259/1396 5843/275/1395
f 5846/1671/1396 5848/1672/1397 5847/223/1397 5845/259/1396
f 5848/1672/1397 5850/1673/1398 5849/239/1398 5847/223/1397
f 5850/1673/1398 5852/1674/1399 5851/232/1399 5849/239/1398
f 5852/1674/1399 5758/1611/1354 5757/1/1354 5851/232/1399
