# Blender 4.4.1
# www.blender.org
mtllib titleFont.mtl
o テキスト
v -9.290913 0.425898 -0.280384
v -9.335791 0.417039 -0.279633
v -9.379864 0.405346 -0.278698
v -9.423136 0.390820 -0.277577
v -9.465605 0.373460 -0.276272
v -9.507273 0.353266 -0.274782
v -9.548138 0.330238 -0.273108
v -9.588203 0.304377 -0.271248
v -9.627462 0.275682 -0.269204
v -9.665924 0.244153 -0.266975
v -9.703581 0.209790 -0.264562
v -9.740435 0.172594 -0.261963
v -9.776489 0.132563 -0.259180
v -9.738089 -0.048765 -0.247310
v -9.723005 -0.234756 -0.235046
v -9.709255 -0.415080 -0.223152
v -9.696838 -0.589738 -0.211629
v -9.685757 -0.758729 -0.200476
v -9.676012 -0.922053 -0.189694
v -9.667599 -1.079710 -0.179282
v -9.660522 -1.231700 -0.169241
v -9.654779 -1.378023 -0.159570
v -9.650372 -1.518680 -0.150270
v -9.647301 -1.653670 -0.141340
v -9.645563 -1.782993 -0.132780
v -9.645155 -1.906649 -0.124591
v -9.641624 -1.954641 -0.121426
v -9.637278 -2.000432 -0.118409
v -9.632118 -2.044023 -0.115540
v -9.626150 -2.085413 -0.112820
v -9.619364 -2.124602 -0.110250
v -9.611769 -2.161591 -0.107827
v -9.603355 -2.196380 -0.105554
v -9.594133 -2.228968 -0.103429
v -9.584095 -2.259355 -0.101453
v -9.573248 -2.287542 -0.099626
v -9.561584 -2.313528 -0.097947
v -9.549109 -2.337314 -0.096417
v -9.536341 -2.351032 -0.095555
v -9.523838 -2.361917 -0.094880
v -9.511597 -2.369970 -0.094391
v -9.499619 -2.375190 -0.094089
v -9.487904 -2.377579 -0.093974
v -9.476454 -2.377134 -0.094045
v -9.465265 -2.373857 -0.094303
v -9.454342 -2.367748 -0.094748
v -9.443682 -2.358807 -0.095379
v -9.433283 -2.347033 -0.096197
v -9.423151 -2.332426 -0.097201
v -9.413279 -2.314987 -0.098393
v -9.400572 -2.295038 -0.099760
v -9.388399 -2.272885 -0.101272
v -9.376762 -2.248528 -0.102928
v -9.365658 -2.221967 -0.104728
v -9.355089 -2.193203 -0.106672
v -9.345053 -2.162235 -0.108760
v -9.335550 -2.129063 -0.110992
v -9.326582 -2.093687 -0.113368
v -9.318148 -2.056107 -0.115888
v -9.310249 -2.016324 -0.118551
v -9.302883 -1.974337 -0.121359
v -9.296053 -1.930146 -0.124311
v -9.301859 -1.750470 -0.136191
v -9.307129 -1.573942 -0.147864
v -9.311867 -1.400561 -0.159331
v -9.316076 -1.230329 -0.170591
v -9.319752 -1.063244 -0.181645
v -9.322897 -0.899306 -0.192492
v -9.325510 -0.738517 -0.203132
v -9.327591 -0.580875 -0.213566
v -9.329140 -0.426381 -0.223793
v -9.330156 -0.275034 -0.233814
v -9.330641 -0.126836 -0.243628
v -9.330595 0.018215 -0.253236
v -9.327068 0.029376 -0.253988
v -9.323004 0.040221 -0.254721
v -9.318399 0.050751 -0.255436
v -9.313257 0.060964 -0.256131
v -9.307581 0.070862 -0.256807
v -9.301365 0.080444 -0.257465
v -9.294609 0.089710 -0.258103
v -9.287315 0.098659 -0.258723
v -9.279484 0.107293 -0.259323
v -9.271114 0.115611 -0.259905
v -9.262205 0.123613 -0.260467
v -9.252762 0.131299 -0.261011
v -9.183954 0.118704 -0.260428
v -9.106802 0.103887 -0.259729
v -9.021301 0.086848 -0.258913
v -8.927454 0.067585 -0.257980
v -8.825260 0.046100 -0.256931
v -8.714718 0.022392 -0.255764
v -8.595831 -0.003539 -0.254481
v -8.468597 -0.031692 -0.253082
v -8.333015 -0.062068 -0.251566
v -8.189089 -0.094666 -0.249933
v -8.036814 -0.129487 -0.248183
v -7.876190 -0.166531 -0.246317
v -7.877327 -0.687579 -0.211800
v -7.924852 -0.676137 -0.212385
v -7.970491 -0.664700 -0.212975
v -8.014246 -0.653267 -0.213573
v -8.056114 -0.641839 -0.214176
v -8.096096 -0.630415 -0.214787
v -8.134193 -0.618996 -0.215404
v -8.170404 -0.607581 -0.216028
v -8.204727 -0.596171 -0.216658
v -8.237167 -0.584766 -0.217295
v -8.267721 -0.573365 -0.217938
v -8.296389 -0.561969 -0.218588
v -8.323170 -0.550576 -0.219245
v -8.332859 -0.546620 -0.219472
v -8.342546 -0.542349 -0.219719
v -8.352236 -0.537763 -0.219987
v -8.361921 -0.532863 -0.220277
v -8.371609 -0.527648 -0.220587
v -8.381294 -0.522118 -0.220917
v -8.390978 -0.516273 -0.221269
v -8.400663 -0.510114 -0.221642
v -8.410349 -0.503641 -0.222035
v -8.420033 -0.496853 -0.222449
v -8.429718 -0.489750 -0.222884
v -8.439405 -0.482332 -0.223340
v -8.452431 -0.464209 -0.224493
v -8.465729 -0.447658 -0.225541
v -8.479301 -0.432680 -0.226483
v -8.493145 -0.419274 -0.227320
v -8.507263 -0.407441 -0.228053
v -8.521652 -0.397180 -0.228680
v -8.536316 -0.388492 -0.229201
v -8.551252 -0.381377 -0.229618
v -8.566462 -0.375834 -0.229930
v -8.581944 -0.371863 -0.230136
v -8.597700 -0.369465 -0.230237
v -8.613735 -0.368640 -0.230233
v -8.657515 -0.369006 -0.230049
v -8.698332 -0.370324 -0.229813
v -8.736189 -0.372592 -0.229524
v -8.771082 -0.375812 -0.229183
v -8.803017 -0.379982 -0.228790
v -8.831991 -0.385104 -0.228345
v -8.858002 -0.391177 -0.227848
v -8.881052 -0.398201 -0.227298
v -8.901142 -0.406176 -0.226696
v -8.918268 -0.415102 -0.226043
v -8.932434 -0.424979 -0.225337
v -8.943640 -0.435807 -0.224578
v -8.955517 -0.447105 -0.223787
v -8.965239 -0.458409 -0.223002
v -8.972807 -0.469718 -0.222226
v -8.978222 -0.481032 -0.221456
v -8.981478 -0.492352 -0.220695
v -8.982582 -0.503676 -0.219941
v -8.981527 -0.515006 -0.219194
v -8.978321 -0.526341 -0.218455
v -8.972956 -0.537681 -0.217724
v -8.965437 -0.549026 -0.217000
v -8.955765 -0.560377 -0.216283
v -8.943935 -0.571733 -0.215574
v -8.936947 -0.579144 -0.215109
v -8.928881 -0.586242 -0.214668
v -8.919735 -0.593029 -0.214252
v -8.909513 -0.599504 -0.213861
v -8.898211 -0.605667 -0.213494
v -8.885830 -0.611518 -0.213151
v -8.872372 -0.617057 -0.212834
v -8.857836 -0.622283 -0.212541
v -8.842218 -0.627198 -0.212272
v -8.825525 -0.631801 -0.212028
v -8.807755 -0.636091 -0.211809
v -8.788904 -0.640070 -0.211615
v -8.702599 -0.659000 -0.210676
v -8.618179 -0.677610 -0.209752
v -8.535646 -0.695901 -0.208842
v -8.454996 -0.713873 -0.207947
v -8.376232 -0.731526 -0.207066
v -8.299355 -0.748860 -0.206199
v -8.224361 -0.765874 -0.205346
v -8.151253 -0.782569 -0.204507
v -8.080030 -0.798945 -0.203683
v -8.010693 -0.815002 -0.202873
v -7.943239 -0.830740 -0.202077
v -7.877672 -0.846159 -0.201296
v -7.878611 -1.276590 -0.172782
v -7.930582 -1.264822 -0.173372
v -7.983089 -1.252425 -0.174001
v -8.036135 -1.239396 -0.174670
v -8.089718 -1.225737 -0.175379
v -8.143837 -1.211448 -0.176127
v -8.198496 -1.196527 -0.176916
v -8.253691 -1.180977 -0.177744
v -8.309423 -1.164795 -0.178612
v -8.365694 -1.147983 -0.179520
v -8.422501 -1.130541 -0.180467
v -8.479843 -1.112468 -0.181455
v -8.537725 -1.093764 -0.182482
v -8.550484 -1.075641 -0.183636
v -8.562977 -1.059092 -0.184686
v -8.575201 -1.044117 -0.185634
v -8.587162 -1.030716 -0.186477
v -8.598856 -1.018888 -0.187218
v -8.610283 -1.008635 -0.187855
v -8.621445 -0.999955 -0.188390
v -8.632339 -0.992849 -0.188820
v -8.642969 -0.987317 -0.189148
v -8.653332 -0.983359 -0.189372
v -8.663427 -0.980975 -0.189493
v -8.673262 -0.980165 -0.189511
v -8.701962 -0.984029 -0.189150
v -8.729855 -0.988209 -0.188771
v -8.756941 -0.992706 -0.188374
v -8.783218 -0.997519 -0.187959
v -8.808687 -1.002650 -0.187527
v -8.833351 -1.008097 -0.187076
v -8.857208 -1.013860 -0.186607
v -8.880255 -1.019940 -0.186120
v -8.902494 -1.026336 -0.185615
v -8.923925 -1.033049 -0.185092
v -8.944551 -1.040079 -0.184551
v -8.964369 -1.047425 -0.183992
v -8.985022 -1.066097 -0.182679
v -9.001631 -1.084463 -0.181402
v -9.014196 -1.102525 -0.180160
v -9.022722 -1.120282 -0.178953
v -9.027206 -1.137734 -0.177780
v -9.027647 -1.154881 -0.176643
v -9.024048 -1.171723 -0.175541
v -9.016407 -1.188260 -0.174473
v -9.004721 -1.204493 -0.173441
v -8.988995 -1.220420 -0.172443
v -8.969229 -1.236043 -0.171481
v -8.945419 -1.251360 -0.170553
v -8.858028 -1.266832 -0.169848
v -8.770369 -1.282618 -0.169123
v -8.682440 -1.298720 -0.168378
v -8.594246 -1.315137 -0.167613
v -8.505781 -1.331869 -0.166828
v -8.417049 -1.348917 -0.166023
v -8.328047 -1.366280 -0.165198
v -8.238777 -1.383958 -0.164354
v -8.149239 -1.401951 -0.163489
v -8.059429 -1.420260 -0.162605
v -7.969351 -1.438884 -0.161701
v -7.879007 -1.457824 -0.160777
v -7.880095 -1.956218 -0.127761
v -7.925184 -1.940691 -0.128625
v -7.970005 -1.924536 -0.129531
v -8.014557 -1.907753 -0.130480
v -8.058838 -1.890340 -0.131471
v -8.102848 -1.872299 -0.132505
v -8.146585 -1.853630 -0.133582
v -8.190054 -1.834332 -0.134701
v -8.233252 -1.814405 -0.135863
v -8.276176 -1.793849 -0.137068
v -8.318832 -1.772665 -0.138315
v -8.361216 -1.750852 -0.139605
v -8.403328 -1.728411 -0.140937
v -8.422161 -1.717353 -0.141601
v -8.439920 -1.706927 -0.142226
v -8.456604 -1.697133 -0.142814
v -8.472210 -1.687970 -0.143364
v -8.486738 -1.679440 -0.143876
v -8.500193 -1.671541 -0.144350
v -8.512569 -1.664274 -0.144786
v -8.523870 -1.657640 -0.145184
v -8.534094 -1.651637 -0.145544
v -8.543243 -1.646266 -0.145867
v -8.551315 -1.641527 -0.146151
v -8.558310 -1.637419 -0.146398
v -8.614269 -1.663242 -0.144483
v -8.665646 -1.688133 -0.142646
v -8.712442 -1.712090 -0.140888
v -8.754654 -1.735114 -0.139209
v -8.792284 -1.757206 -0.137608
v -8.825335 -1.778365 -0.136086
v -8.853802 -1.798591 -0.134642
v -8.877686 -1.817884 -0.133277
v -8.896990 -1.836244 -0.131990
v -8.911711 -1.853671 -0.130782
v -8.921846 -1.870165 -0.129652
v -8.927404 -1.885727 -0.128601
v -8.823133 -2.003498 -0.121182
v -8.723156 -2.114651 -0.114185
v -8.627474 -2.219187 -0.107611
v -8.536087 -2.317105 -0.101459
v -8.448997 -2.408404 -0.095730
v -8.366203 -2.493086 -0.090424
v -8.287706 -2.571150 -0.085541
v -8.213505 -2.642596 -0.081080
v -8.143599 -2.707424 -0.077041
v -8.077991 -2.765635 -0.073426
v -8.016678 -2.817227 -0.070232
v -7.959661 -2.862201 -0.067462
v -7.910038 -2.899921 -0.065145
v -7.857986 -2.937332 -0.062857
v -7.803513 -2.974434 -0.060599
v -7.746614 -3.011227 -0.058370
v -7.687288 -3.047712 -0.056170
v -7.625538 -3.083888 -0.054000
v -7.561363 -3.119755 -0.051859
v -7.494762 -3.155313 -0.049747
v -7.425735 -3.190562 -0.047665
v -7.354284 -3.225503 -0.045612
v -7.280405 -3.260135 -0.043588
v -7.204103 -3.294458 -0.041593
v -7.191994 -3.300937 -0.041209
v -7.181496 -3.305210 -0.040964
v -7.172611 -3.307277 -0.040860
v -7.165335 -3.307137 -0.040895
v -7.159674 -3.304791 -0.041071
v -7.155622 -3.300239 -0.041388
v -7.153183 -3.293479 -0.041844
v -7.152355 -3.284514 -0.042441
v -7.153139 -3.273342 -0.043178
v -7.155535 -3.259964 -0.044056
v -7.159542 -3.244380 -0.045073
v -7.165157 -3.226589 -0.046231
v -7.294395 -3.127951 -0.052292
v -7.417433 -3.029013 -0.058395
v -7.534275 -2.929775 -0.064541
v -7.644920 -2.830238 -0.070730
v -7.749369 -2.730401 -0.076961
v -7.847620 -2.630264 -0.083234
v -7.939672 -2.529828 -0.089550
v -8.025528 -2.429092 -0.095908
v -8.105190 -2.328056 -0.102309
v -8.178652 -2.226720 -0.108753
v -8.245918 -2.125085 -0.115239
v -8.306986 -2.023150 -0.121767
v -7.899836 -2.114751 -0.117189
v -7.890186 -2.136327 -0.115795
v -7.880529 -2.155701 -0.114547
v -7.870867 -2.172873 -0.113445
v -7.861200 -2.187841 -0.112489
v -7.851526 -2.200608 -0.111678
v -7.841852 -2.211172 -0.111014
v -7.832169 -2.219533 -0.110496
v -7.822483 -2.225692 -0.110123
v -7.812792 -2.229649 -0.109896
v -7.803097 -2.231403 -0.109816
v -7.793396 -2.230954 -0.109881
v -7.783701 -2.228303 -0.110092
v -7.764416 -2.217966 -0.110847
v -7.745388 -2.201965 -0.111976
v -7.726616 -2.180300 -0.113480
v -7.708103 -2.152971 -0.115358
v -7.689846 -2.119977 -0.117610
v -7.671848 -2.081319 -0.120236
v -7.654106 -2.036997 -0.123237
v -7.636620 -1.987011 -0.126612
v -7.619389 -1.931361 -0.130361
v -7.602417 -1.870046 -0.134484
v -7.585701 -1.803067 -0.138982
v -7.569242 -1.730424 -0.143853
v -7.581108 -1.612404 -0.151627
v -7.591354 -1.492500 -0.159532
v -7.599977 -1.370712 -0.167567
v -7.606983 -1.247040 -0.175733
v -7.612366 -1.121484 -0.184029
v -7.616129 -0.994044 -0.192457
v -7.618273 -0.864720 -0.201015
v -7.618793 -0.733512 -0.209703
v -7.617695 -0.600420 -0.218523
v -7.614977 -0.465444 -0.227473
v -7.610636 -0.328584 -0.236554
v -7.604675 -0.189841 -0.245765
v -7.578022 -0.135943 -0.249433
v -7.556498 -0.087383 -0.252728
v -7.540106 -0.044159 -0.255651
v -7.528841 -0.006272 -0.258201
v -7.522709 0.026279 -0.260380
v -7.521708 0.053493 -0.262186
v -7.525835 0.075371 -0.263620
v -7.535095 0.091913 -0.264682
v -7.549482 0.103117 -0.265371
v -7.569002 0.108985 -0.265689
v -7.593653 0.109517 -0.265634
v -7.623430 0.104712 -0.265207
v -7.642700 0.100511 -0.264858
v -7.661705 0.095365 -0.264448
v -7.680443 0.089275 -0.263976
v -7.698912 0.082240 -0.263442
v -7.717115 0.074260 -0.262847
v -7.735048 0.065336 -0.262190
v -7.752714 0.055467 -0.261472
v -7.770117 0.044654 -0.260692
v -7.787251 0.032896 -0.259851
v -7.804117 0.020194 -0.258948
v -7.820715 0.006547 -0.257983
v -7.837048 -0.008044 -0.256957
v -7.933985 0.015001 -0.258129
v -8.030922 0.038362 -0.259322
v -8.127857 0.062037 -0.260536
v -8.224792 0.086026 -0.261770
v -8.321726 0.110330 -0.263026
v -8.418659 0.134949 -0.264302
v -8.515593 0.159883 -0.265599
v -8.612524 0.185131 -0.266917
v -8.709454 0.210694 -0.268256
v -8.806385 0.236571 -0.269616
v -8.903315 0.262763 -0.270996
v -9.000246 0.289270 -0.272397
v -8.889450 -2.270943 -0.103225
v -8.957525 -2.294219 -0.101434
v -9.025873 -2.319069 -0.099539
v -9.094496 -2.345490 -0.097538
v -9.163389 -2.373485 -0.095432
v -9.232557 -2.403052 -0.093220
v -9.301998 -2.434191 -0.090904
v -9.371710 -2.466903 -0.088482
v -9.441698 -2.501188 -0.085956
v -9.511957 -2.537045 -0.083324
v -9.582489 -2.574475 -0.080587
v -9.653294 -2.613477 -0.077744
v -9.724377 -2.654052 -0.074797
v -9.750002 -2.667992 -0.073780
v -9.775101 -2.687282 -0.072411
v -9.799671 -2.711922 -0.070689
v -9.823713 -2.741913 -0.068614
v -9.847231 -2.777253 -0.066188
v -9.870218 -2.817944 -0.063408
v -9.892679 -2.863986 -0.060277
v -9.914612 -2.915377 -0.056793
v -9.936022 -2.972119 -0.052956
v -9.956902 -3.034210 -0.048767
v -9.977255 -3.101652 -0.044226
v -9.997080 -3.174445 -0.039332
v -9.999693 -3.199925 -0.037634
v -10.000957 -3.223520 -0.036067
v -10.000870 -3.245230 -0.034629
v -9.999430 -3.265057 -0.033321
v -9.996641 -3.282998 -0.032143
v -9.992500 -3.299055 -0.031095
v -9.987007 -3.313227 -0.030176
v -9.980164 -3.325515 -0.029387
v -9.971970 -3.335918 -0.028728
v -9.962423 -3.344436 -0.028199
v -9.951527 -3.351070 -0.027799
v -9.939280 -3.355819 -0.027529
v -9.929193 -3.362608 -0.027117
v -9.918295 -3.367826 -0.026811
v -9.906582 -3.371473 -0.026612
v -9.894058 -3.373549 -0.026520
v -9.880724 -3.374053 -0.026536
v -9.866577 -3.372986 -0.026658
v -9.851620 -3.370347 -0.026888
v -9.835850 -3.366138 -0.027224
v -9.819269 -3.360357 -0.027668
v -9.801874 -3.353004 -0.028218
v -9.783670 -3.344081 -0.028876
v -9.764654 -3.333586 -0.029640
v -9.750750 -3.320877 -0.030533
v -9.734957 -3.305340 -0.031620
v -9.717268 -3.286976 -0.032901
v -9.697691 -3.265785 -0.034376
v -9.676220 -3.241766 -0.036046
v -9.652857 -3.214921 -0.037909
v -9.627602 -3.185248 -0.039967
v -9.600454 -3.152748 -0.042219
v -9.571415 -3.117420 -0.044665
v -9.540483 -3.079266 -0.047305
v -9.507660 -3.038284 -0.050140
v -9.472952 -2.994475 -0.053168
v -9.406240 -2.917391 -0.058518
v -9.342230 -2.844390 -0.063587
v -9.280924 -2.775474 -0.068376
v -9.222322 -2.710641 -0.072884
v -9.166420 -2.649893 -0.077112
v -9.113224 -2.593228 -0.081060
v -9.062731 -2.540647 -0.084728
v -9.014938 -2.492150 -0.088115
v -8.969851 -2.447736 -0.091221
v -8.927465 -2.407407 -0.094047
v -8.887781 -2.371161 -0.096593
v -8.850803 -2.338999 -0.098859
v -8.836224 -2.324718 -0.099858
v -8.824883 -2.312002 -0.100742
v -8.816774 -2.300852 -0.101510
v -8.811903 -2.291267 -0.102162
v -8.810270 -2.283248 -0.102700
v -8.811871 -2.276794 -0.103121
v -8.816711 -2.271905 -0.103427
v -8.824787 -2.268582 -0.103618
v -8.836098 -2.266824 -0.103693
v -8.850645 -2.266632 -0.103653
v -8.868427 -2.268004 -0.103497
v -9.404232 1.830744 -0.373021
v -9.424170 1.829376 -0.372857
v -9.445194 1.825178 -0.372503
v -9.467300 1.818152 -0.371956
v -9.490492 1.808297 -0.371219
v -9.514767 1.795612 -0.370290
v -9.540123 1.780098 -0.369170
v -9.566565 1.761756 -0.367858
v -9.594091 1.740583 -0.366355
v -9.622702 1.716582 -0.364661
v -9.652395 1.689752 -0.362775
v -9.683172 1.660092 -0.360698
v -9.715034 1.627604 -0.358429
v -9.735691 1.605471 -0.356888
v -9.752308 1.584273 -0.355423
v -9.764881 1.564009 -0.354035
v -9.773409 1.544679 -0.352723
v -9.777895 1.526283 -0.351489
v -9.778337 1.508821 -0.350330
v -9.774736 1.492294 -0.349249
v -9.767092 1.476701 -0.348244
v -9.755405 1.462042 -0.347316
v -9.739674 1.448316 -0.346464
v -9.719900 1.435526 -0.345689
v -9.696083 1.423669 -0.344991
v -9.667244 1.367435 -0.341372
v -9.638672 1.312146 -0.337814
v -9.610367 1.257802 -0.334318
v -9.582331 1.204402 -0.330884
v -9.554560 1.151946 -0.327511
v -9.527058 1.100436 -0.324199
v -9.499823 1.049870 -0.320950
v -9.472855 1.000248 -0.317762
v -9.446156 0.951571 -0.314635
v -9.419724 0.903838 -0.311570
v -9.393559 0.857051 -0.308567
v -9.367661 0.811208 -0.305625
v -9.370260 0.793122 -0.304417
v -9.371510 0.776606 -0.303319
v -9.371407 0.761660 -0.302329
v -9.369953 0.748284 -0.301449
v -9.367151 0.736479 -0.300677
v -9.362997 0.726242 -0.300014
v -9.357492 0.717577 -0.299460
v -9.350637 0.710480 -0.299015
v -9.342434 0.704955 -0.298679
v -9.332878 0.700999 -0.298452
v -9.321974 0.698612 -0.298334
v -9.309717 0.697796 -0.298325
v -9.280342 0.701344 -0.298667
v -9.250431 0.704575 -0.298991
v -9.219982 0.707491 -0.299295
v -9.188993 0.710090 -0.299581
v -9.157469 0.712374 -0.299847
v -9.125404 0.714342 -0.300095
v -9.092800 0.715994 -0.300323
v -9.059662 0.717330 -0.300533
v -9.025984 0.718350 -0.300724
v -8.991768 0.719054 -0.300895
v -8.957014 0.719442 -0.301048
v -8.921721 0.719514 -0.301182
v -8.847120 0.707535 -0.300661
v -8.771982 0.694610 -0.300080
v -8.696306 0.680740 -0.299438
v -8.620096 0.665926 -0.298735
v -8.543348 0.650165 -0.297972
v -8.466066 0.633460 -0.297148
v -8.388245 0.615809 -0.296263
v -8.309887 0.597214 -0.295318
v -8.230991 0.577672 -0.294312
v -8.151562 0.557186 -0.293246
v -8.071596 0.535755 -0.292119
v -7.991091 0.513378 -0.290931
v -7.990585 0.498746 -0.289963
v -7.988997 0.485055 -0.289062
v -7.986332 0.472305 -0.288228
v -7.982584 0.460497 -0.287459
v -7.977760 0.449630 -0.286757
v -7.971853 0.439705 -0.286121
v -7.964867 0.430721 -0.285552
v -7.956804 0.422678 -0.285048
v -7.947659 0.415576 -0.284612
v -7.937435 0.409416 -0.284241
v -7.926132 0.404197 -0.283937
v -7.913748 0.399920 -0.283698
v -7.897715 0.401297 -0.283848
v -7.881945 0.405507 -0.284185
v -7.866438 0.412549 -0.284708
v -7.851196 0.422424 -0.285418
v -7.836216 0.435131 -0.286314
v -7.821499 0.450670 -0.287397
v -7.807047 0.469042 -0.288667
v -7.792856 0.490246 -0.290123
v -7.778931 0.514283 -0.291766
v -7.765266 0.541152 -0.293596
v -7.751865 0.570854 -0.295612
v -7.738726 0.603386 -0.297815
v -7.719339 0.660133 -0.301645
v -7.700222 0.717195 -0.305494
v -7.681374 0.774572 -0.309363
v -7.662794 0.832264 -0.313253
v -7.644484 0.890272 -0.317162
v -7.626440 0.948595 -0.321091
v -7.608667 1.007233 -0.325040
v -7.591160 1.066186 -0.329008
v -7.573923 1.125455 -0.332997
v -7.556953 1.185039 -0.337006
v -7.540255 1.244939 -0.341034
v -7.523823 1.305154 -0.345083
v -7.511238 1.330925 -0.346836
v -7.499466 1.355438 -0.348502
v -7.488506 1.378695 -0.350083
v -7.478354 1.400696 -0.351577
v -7.469015 1.421440 -0.352985
v -7.460484 1.440927 -0.354307
v -7.452768 1.459158 -0.355543
v -7.445860 1.476132 -0.356693
v -7.439766 1.491850 -0.357756
v -7.434481 1.506310 -0.358733
v -7.430004 1.519515 -0.359624
v -7.426344 1.531462 -0.360429
v -7.418747 1.555829 -0.362071
v -7.415470 1.576116 -0.363426
v -7.416512 1.592322 -0.364496
v -7.421875 1.604449 -0.365280
v -7.431555 1.612496 -0.365777
v -7.445555 1.616462 -0.365989
v -7.463875 1.616349 -0.365914
v -7.486513 1.612156 -0.365554
v -7.513472 1.603884 -0.364907
v -7.544750 1.591530 -0.363975
v -7.580349 1.575097 -0.362756
v -7.620266 1.554585 -0.361251
v -7.633087 1.543604 -0.360477
v -7.645638 1.533250 -0.359746
v -7.657917 1.523526 -0.359057
v -7.669928 1.514430 -0.358410
v -7.681665 1.505963 -0.357806
v -7.693132 1.498125 -0.357245
v -7.704329 1.490915 -0.356727
v -7.715252 1.484334 -0.356251
v -7.725906 1.478381 -0.355818
v -7.736288 1.473057 -0.355427
v -7.746403 1.468362 -0.355079
v -7.756245 1.464295 -0.354774
v -7.876366 1.480475 -0.355406
v -7.997561 1.498230 -0.356139
v -8.119833 1.517561 -0.356973
v -8.243176 1.538468 -0.357907
v -8.367594 1.560951 -0.358941
v -8.493086 1.585009 -0.360076
v -8.619654 1.610644 -0.361311
v -8.747295 1.637854 -0.362646
v -8.876009 1.666641 -0.364083
v -9.005800 1.697002 -0.365619
v -9.136662 1.728940 -0.367256
v -9.268599 1.762453 -0.368993
v -9.284334 1.773346 -0.369657
v -9.299267 1.783293 -0.370262
v -9.313391 1.792295 -0.370806
v -9.326708 1.800350 -0.371291
v -9.339220 1.807461 -0.371716
v -9.350925 1.813624 -0.372082
v -9.361826 1.818842 -0.372388
v -9.371918 1.823115 -0.372634
v -9.381207 1.826441 -0.372820
v -9.389688 1.828821 -0.372947
v -9.397362 1.830255 -0.373014
v -9.191402 1.581032 -0.357259
v -9.075346 1.554478 -0.355925
v -8.959827 1.528242 -0.354609
v -8.844847 1.502321 -0.353313
v -8.730402 1.476715 -0.352035
v -8.616497 1.451427 -0.350776
v -8.503130 1.426453 -0.349537
v -8.390303 1.401796 -0.348316
v -8.278011 1.377454 -0.347114
v -8.166258 1.353430 -0.345932
v -8.055046 1.329719 -0.344768
v -7.944370 1.306326 -0.343623
v -7.834230 1.283249 -0.342497
v -7.828312 1.279144 -0.342247
v -7.823473 1.274413 -0.341951
v -7.819714 1.269055 -0.341610
v -7.817034 1.263070 -0.341223
v -7.815430 1.256459 -0.340791
v -7.814907 1.249221 -0.340314
v -7.815464 1.241356 -0.339791
v -7.817099 1.232865 -0.339222
v -7.819813 1.223747 -0.338609
v -7.823605 1.214002 -0.337949
v -7.828478 1.203630 -0.337245
v -7.834427 1.192631 -0.336494
v -7.847317 1.151129 -0.333698
v -7.859936 1.109627 -0.330903
v -7.872284 1.068124 -0.328109
v -7.884363 1.026620 -0.325316
v -7.896173 0.985115 -0.322524
v -7.907715 0.943610 -0.319732
v -7.918983 0.902104 -0.316942
v -7.929985 0.860598 -0.314152
v -7.940716 0.819090 -0.311364
v -7.951180 0.777583 -0.308576
v -7.961370 0.736074 -0.305790
v -7.971298 0.694566 -0.303004
v -8.107029 0.717547 -0.304030
v -9.115200 0.946524 -0.315511
v -9.128033 0.992022 -0.318477
v -9.140865 1.037833 -0.321465
v -9.153696 1.083960 -0.324473
v -9.166527 1.130400 -0.327502
v -9.179358 1.177156 -0.330552
v -9.192188 1.224227 -0.333623
v -9.205017 1.271612 -0.336715
v -9.217844 1.319311 -0.339827
v -9.230671 1.367326 -0.342961
v -9.243498 1.415654 -0.346115
v -9.256327 1.464298 -0.349290
v -9.269142 1.513256 -0.352486
v -9.268572 1.527570 -0.353436
v -9.266928 1.540310 -0.354286
v -9.264210 1.551473 -0.355035
v -9.260416 1.561061 -0.355684
v -9.255550 1.569073 -0.356232
v -9.249607 1.575509 -0.356681
v -9.242592 1.580368 -0.357028
v -9.234503 1.583653 -0.357275
v -9.225338 1.585361 -0.357422
v -9.215101 1.585494 -0.357468
v -9.203789 1.584051 -0.357414
v -3.938324 -0.085418 -0.266086
v -3.982127 -0.096482 -0.265193
v -4.022966 -0.107239 -0.264331
v -4.060842 -0.117688 -0.263501
v -4.095753 -0.127829 -0.262701
v -4.127699 -0.137664 -0.261933
v -4.156681 -0.147191 -0.261196
v -4.182701 -0.156410 -0.260490
v -4.205753 -0.165321 -0.259816
v -4.225845 -0.173926 -0.259172
v -4.242970 -0.182222 -0.258560
v -4.257132 -0.190212 -0.257979
v -4.268326 -0.197893 -0.257429
v -4.280998 -0.201953 -0.257114
v -4.293133 -0.206644 -0.256759
v -4.304729 -0.211964 -0.256364
v -4.315786 -0.217916 -0.255930
v -4.326307 -0.224498 -0.255455
v -4.336292 -0.231711 -0.254941
v -4.345737 -0.239554 -0.254387
v -4.354649 -0.248028 -0.253793
v -4.363018 -0.257133 -0.253160
v -4.370855 -0.266867 -0.252486
v -4.378149 -0.277233 -0.251773
v -4.384911 -0.288229 -0.251020
v -4.390337 -0.306466 -0.249792
v -4.393606 -0.323449 -0.248655
v -4.394718 -0.339178 -0.247609
v -4.393673 -0.353654 -0.246654
v -4.390469 -0.366877 -0.245790
v -4.385109 -0.378847 -0.245017
v -4.377588 -0.389563 -0.244335
v -4.367910 -0.399025 -0.243743
v -4.356073 -0.407235 -0.243243
v -4.342079 -0.414191 -0.242833
v -4.325928 -0.419893 -0.242515
v -4.307617 -0.424342 -0.242287
v -4.255091 -0.428559 -0.242200
v -4.200951 -0.433410 -0.242076
v -4.145194 -0.438893 -0.241917
v -4.087822 -0.445010 -0.241721
v -4.028836 -0.451760 -0.241490
v -3.968235 -0.459143 -0.241223
v -3.906019 -0.467159 -0.240919
v -3.842188 -0.475809 -0.240580
v -3.776742 -0.485091 -0.240204
v -3.709682 -0.495007 -0.239792
v -3.641004 -0.505556 -0.239345
v -3.570713 -0.516739 -0.238861
v -3.580301 -0.528200 -0.238067
v -3.589622 -0.539977 -0.237253
v -3.598673 -0.552069 -0.236419
v -3.607456 -0.564476 -0.235565
v -3.615971 -0.577198 -0.234691
v -3.624216 -0.590236 -0.233797
v -3.632194 -0.603589 -0.232884
v -3.639901 -0.617258 -0.231950
v -3.647340 -0.631242 -0.230997
v -3.654510 -0.645540 -0.230023
v -3.661412 -0.660155 -0.229030
v -3.668046 -0.675084 -0.228017
v -3.667965 -0.699941 -0.226371
v -3.667625 -0.729204 -0.224434
v -3.667025 -0.762872 -0.222206
v -3.666164 -0.800946 -0.219687
v -3.665046 -0.843426 -0.216878
v -3.663666 -0.890311 -0.213777
v -3.662026 -0.941603 -0.210386
v -3.660128 -0.997299 -0.206704
v -3.657969 -1.057401 -0.202731
v -3.655550 -1.121909 -0.198467
v -3.652870 -1.190823 -0.193912
v -3.649933 -1.264142 -0.189067
v -3.687626 -1.252724 -0.189685
v -3.723163 -1.241311 -0.190311
v -3.756545 -1.229903 -0.190945
v -3.787771 -1.218501 -0.191586
v -3.816843 -1.207103 -0.192234
v -3.843760 -1.195711 -0.192891
v -3.868520 -1.184324 -0.193554
v -3.891125 -1.172942 -0.194226
v -3.911574 -1.161566 -0.194904
v -3.929870 -1.150195 -0.195591
v -3.946010 -1.138828 -0.196284
v -3.959994 -1.127467 -0.196986
v -3.991786 -1.127705 -0.196854
v -4.022500 -1.128575 -0.196684
v -4.052139 -1.130077 -0.196476
v -4.080701 -1.132210 -0.196230
v -4.108187 -1.134976 -0.195947
v -4.134596 -1.138373 -0.195625
v -4.159931 -1.142402 -0.195266
v -4.184187 -1.147063 -0.194868
v -4.207367 -1.152356 -0.194433
v -4.229473 -1.158281 -0.193960
v -4.250502 -1.164838 -0.193448
v -4.270452 -1.172027 -0.192899
v -4.286627 -1.176235 -0.192561
v -4.302803 -1.181388 -0.192161
v -4.318981 -1.187485 -0.191698
v -4.335161 -1.194525 -0.191173
v -4.351343 -1.202509 -0.190585
v -4.367527 -1.211437 -0.189934
v -4.383715 -1.221310 -0.189221
v -4.399902 -1.232126 -0.188445
v -4.416092 -1.243886 -0.187607
v -4.432285 -1.256590 -0.186707
v -4.448481 -1.270238 -0.185743
v -4.464674 -1.284830 -0.184718
v -4.473207 -1.306677 -0.183239
v -4.479315 -1.326957 -0.181874
v -4.482992 -1.345669 -0.180621
v -4.484241 -1.362815 -0.179481
v -4.483065 -1.378392 -0.178453
v -4.479458 -1.392403 -0.177539
v -4.473423 -1.404846 -0.176736
v -4.464958 -1.415721 -0.176047
v -4.454069 -1.425030 -0.175470
v -4.440750 -1.432770 -0.175006
v -4.425003 -1.438944 -0.174655
v -4.406828 -1.443550 -0.174416
v -4.351206 -1.447775 -0.174340
v -4.294235 -1.452632 -0.174226
v -4.235920 -1.458122 -0.174076
v -4.176258 -1.464244 -0.173889
v -4.115251 -1.470999 -0.173664
v -4.052899 -1.478386 -0.173403
v -3.989202 -1.486406 -0.173105
v -3.924157 -1.495058 -0.172769
v -3.857768 -1.504343 -0.172397
v -3.790033 -1.514261 -0.171988
v -3.720953 -1.524811 -0.171541
v -3.650526 -1.535993 -0.171058
v -3.594509 -2.532921 -0.105231
v -4.505939 -2.417449 -0.109547
v -4.530954 -2.399140 -0.110668
v -4.554356 -2.382092 -0.111712
v -4.576143 -2.366308 -0.112678
v -4.596317 -2.351785 -0.113566
v -4.614880 -2.338526 -0.114376
v -4.631826 -2.326528 -0.115109
v -4.647158 -2.315793 -0.115764
v -4.660879 -2.306321 -0.116341
v -4.672983 -2.298111 -0.116841
v -4.683475 -2.291163 -0.117263
v -4.692354 -2.285478 -0.117607
v -4.699617 -2.281056 -0.117873
v -4.730324 -2.278779 -0.117912
v -4.764273 -2.279641 -0.117730
v -4.801460 -2.283642 -0.117330
v -4.841887 -2.290781 -0.116709
v -4.885553 -2.301059 -0.115868
v -4.932461 -2.314475 -0.114808
v -4.982607 -2.331030 -0.113528
v -5.035992 -2.350724 -0.112029
v -5.092619 -2.373556 -0.110309
v -5.152485 -2.399528 -0.108370
v -5.215590 -2.428637 -0.106212
v -5.281933 -2.460885 -0.103833
v -5.312950 -2.476071 -0.102714
v -5.341269 -2.491577 -0.101583
v -5.366899 -2.507405 -0.100441
v -5.389833 -2.523554 -0.099288
v -5.410076 -2.540024 -0.098123
v -5.427624 -2.556815 -0.096946
v -5.442480 -2.573927 -0.095759
v -5.454641 -2.591360 -0.094560
v -5.464109 -2.609115 -0.093349
v -5.470884 -2.627191 -0.092127
v -5.474966 -2.645587 -0.090893
v -5.476353 -2.664305 -0.089649
v -5.469261 -2.685876 -0.088246
v -5.460815 -2.705247 -0.086994
v -5.451021 -2.722418 -0.085892
v -5.439873 -2.737391 -0.084941
v -5.427374 -2.750164 -0.084141
v -5.413523 -2.760738 -0.083491
v -5.398317 -2.769113 -0.082992
v -5.381763 -2.775289 -0.082643
v -5.363857 -2.779265 -0.082446
v -5.344599 -2.781042 -0.082398
v -5.323988 -2.780620 -0.082502
v -5.302025 -2.777998 -0.082755
v -5.232779 -2.774547 -0.083237
v -5.160839 -2.771417 -0.083708
v -5.086206 -2.768608 -0.084166
v -5.008881 -2.766120 -0.084614
v -4.928862 -2.763953 -0.085050
v -4.846149 -2.762108 -0.085475
v -4.760742 -2.760583 -0.085888
v -4.672642 -2.759380 -0.086290
v -4.581850 -2.758498 -0.086680
v -4.488363 -2.757937 -0.087059
v -4.392183 -2.757697 -0.087426
v -4.293312 -2.757778 -0.087783
v -4.222727 -2.758263 -0.088008
v -4.153220 -2.759375 -0.088189
v -4.084794 -2.761113 -0.088324
v -4.017447 -2.763479 -0.088414
v -3.951178 -2.766470 -0.088458
v -3.885988 -2.770089 -0.088456
v -3.821877 -2.774334 -0.088410
v -3.758846 -2.779206 -0.088317
v -3.696895 -2.784704 -0.088180
v -3.636022 -2.790829 -0.087996
v -3.576227 -2.797581 -0.087768
v -3.517514 -2.804960 -0.087494
v -3.472668 -2.809630 -0.087348
v -3.422167 -2.815888 -0.087118
v -3.366013 -2.823732 -0.086804
v -3.304204 -2.833163 -0.086406
v -3.236741 -2.844181 -0.085922
v -3.163625 -2.856786 -0.085355
v -3.084852 -2.870978 -0.084703
v -3.000427 -2.886757 -0.083966
v -2.910347 -2.904122 -0.083145
v -2.814613 -2.923075 -0.082240
v -2.713226 -2.943614 -0.081250
v -2.606184 -2.965740 -0.080176
v -2.570369 -2.973535 -0.079791
v -2.534016 -2.981647 -0.079386
v -2.497126 -2.990074 -0.078963
v -2.459697 -2.998816 -0.078521
v -2.421728 -3.007876 -0.078060
v -2.383224 -3.017251 -0.077579
v -2.344180 -3.026942 -0.077080
v -2.304599 -3.036948 -0.076562
v -2.264480 -3.047271 -0.076025
v -2.223822 -3.057910 -0.075469
v -2.182626 -3.068864 -0.074894
v -2.140894 -3.080135 -0.074300
v -2.058652 -3.047296 -0.076776
v -1.986652 -3.016320 -0.079091
v -1.924894 -2.987207 -0.081245
v -1.873377 -2.959957 -0.083238
v -1.832102 -2.934571 -0.085071
v -1.801068 -2.911047 -0.086742
v -1.780277 -2.889387 -0.088253
v -1.769727 -2.869590 -0.089603
v -1.769418 -2.851656 -0.090792
v -1.779351 -2.835585 -0.091820
v -1.799526 -2.821378 -0.092687
v -1.829943 -2.809033 -0.093394
v -1.932022 -2.796830 -0.093829
v -2.037871 -2.783360 -0.094334
v -2.147489 -2.768621 -0.094909
v -2.260876 -2.752615 -0.095555
v -2.378031 -2.735342 -0.096271
v -2.498955 -2.716801 -0.097057
v -2.623650 -2.696992 -0.097913
v -2.752111 -2.675915 -0.098839
v -2.884342 -2.653571 -0.099836
v -3.020343 -2.629959 -0.100903
v -3.160112 -2.605079 -0.102040
v -3.303648 -2.578932 -0.103247
v -3.320870 -1.582098 -0.169210
v -3.254494 -1.597203 -0.168452
v -3.191080 -1.611987 -0.167704
v -3.130630 -1.626450 -0.166968
v -3.073141 -1.640590 -0.166241
v -3.018617 -1.654409 -0.165525
v -2.967052 -1.667906 -0.164820
v -2.918453 -1.681081 -0.164125
v -2.872816 -1.693934 -0.163440
v -2.830143 -1.706465 -0.162766
v -2.790430 -1.718675 -0.162103
v -2.753682 -1.730563 -0.161450
v -2.719897 -1.742129 -0.160807
v -2.712353 -1.741360 -0.160886
v -2.702648 -1.739024 -0.161076
v -2.690785 -1.735120 -0.161378
v -2.676764 -1.729647 -0.161792
v -2.660584 -1.722607 -0.162317
v -2.642245 -1.713998 -0.162954
v -2.621748 -1.703822 -0.163703
v -2.599092 -1.692078 -0.164564
v -2.574279 -1.678765 -0.165536
v -2.547305 -1.663885 -0.166621
v -2.518173 -1.647436 -0.167817
v -2.486881 -1.629419 -0.169124
v -2.484434 -1.618570 -0.169852
v -2.483603 -1.608661 -0.170511
v -2.484392 -1.599692 -0.171103
v -2.486799 -1.591662 -0.171626
v -2.490826 -1.584573 -0.172080
v -2.496469 -1.578424 -0.172467
v -2.503732 -1.573215 -0.172786
v -2.512612 -1.568946 -0.173036
v -2.523113 -1.565616 -0.173218
v -2.535231 -1.563227 -0.173332
v -2.548968 -1.561778 -0.173378
v -2.564323 -1.561269 -0.173355
v -3.320327 -1.332901 -0.185717
v -3.319140 -0.789198 -0.221734
v -3.318291 -0.770637 -0.222967
v -3.315827 -0.752707 -0.224163
v -3.311748 -0.735412 -0.225324
v -3.306054 -0.718750 -0.226448
v -3.298746 -0.702720 -0.227537
v -3.289822 -0.687324 -0.228589
v -3.279282 -0.672562 -0.229605
v -3.267128 -0.658432 -0.230586
v -3.253358 -0.644935 -0.231530
v -3.237974 -0.632072 -0.232438
v -3.220976 -0.619842 -0.233311
v -3.202361 -0.608245 -0.234147
v -3.140032 -0.626487 -0.233166
v -3.082281 -0.643146 -0.232274
v -3.029105 -0.658220 -0.231470
v -2.980506 -0.671710 -0.230754
v -2.936484 -0.683615 -0.230127
v -2.897038 -0.693936 -0.229587
v -2.862168 -0.702673 -0.229136
v -2.831876 -0.709826 -0.228773
v -2.806159 -0.715394 -0.228498
v -2.785020 -0.719378 -0.228312
v -2.768456 -0.721778 -0.228213
v -2.756469 -0.722593 -0.228203
v -2.581743 -0.655052 -0.233315
v -2.572829 -0.644218 -0.234066
v -2.565534 -0.634325 -0.234748
v -2.559857 -0.625371 -0.235361
v -2.555799 -0.617357 -0.235907
v -2.553358 -0.610284 -0.236384
v -2.552536 -0.604150 -0.236794
v -2.553333 -0.598956 -0.237135
v -2.555749 -0.594703 -0.237408
v -2.559783 -0.591389 -0.237612
v -2.565434 -0.589016 -0.237749
v -2.572705 -0.587582 -0.237817
v -2.581594 -0.587089 -0.237818
v -2.705441 -0.549347 -0.239865
v -2.824979 -0.512245 -0.241885
v -2.940207 -0.475783 -0.243879
v -3.051125 -0.439961 -0.245846
v -3.157734 -0.404778 -0.247787
v -3.260035 -0.370235 -0.249701
v -3.358026 -0.336331 -0.251588
v -3.451707 -0.303068 -0.253449
v -3.541080 -0.270443 -0.255283
v -3.626143 -0.238459 -0.257090
v -3.706899 -0.207114 -0.258871
v -3.783342 -0.176409 -0.260626
v -3.793272 -0.158451 -0.261779
v -3.803743 -0.142379 -0.262805
v -3.814758 -0.128193 -0.263704
v -3.826317 -0.115894 -0.264477
v -3.838417 -0.105482 -0.265122
v -3.851061 -0.096956 -0.265641
v -3.864246 -0.090317 -0.266032
v -3.877976 -0.085564 -0.266297
v -3.892249 -0.082697 -0.266434
v -3.907063 -0.081718 -0.266445
v -3.922421 -0.082625 -0.266329
v -3.274116 2.065146 -0.410958
v -3.327124 2.034124 -0.408710
v -3.376092 2.001205 -0.406350
v -3.421025 1.966388 -0.403880
v -3.461921 1.929672 -0.401298
v -3.498779 1.891061 -0.398606
v -3.531601 1.850550 -0.395803
v -3.560385 1.808143 -0.392889
v -3.585133 1.763838 -0.389864
v -3.605843 1.717635 -0.386728
v -3.622516 1.669535 -0.383481
v -3.635152 1.619537 -0.380123
v -3.643754 1.567641 -0.376654
v -3.643374 1.555999 -0.375884
v -3.642189 1.543725 -0.375076
v -3.640198 1.530820 -0.374228
v -3.637399 1.517284 -0.373342
v -3.633792 1.503116 -0.372417
v -3.629379 1.488317 -0.371453
v -3.624160 1.472887 -0.370450
v -3.618133 1.456825 -0.369408
v -3.611300 1.440132 -0.368327
v -3.603660 1.422808 -0.367208
v -3.595212 1.404853 -0.366049
v -3.585957 1.386266 -0.364852
v -3.844331 1.134860 -0.347255
v -4.094585 0.900425 -0.330813
v -4.336721 0.682961 -0.315523
v -4.570736 0.482468 -0.301388
v -4.796631 0.298946 -0.288407
v -5.014410 0.132396 -0.276579
v -5.224066 -0.017184 -0.265905
v -5.425606 -0.149791 -0.256385
v -5.619024 -0.265428 -0.248018
v -5.804325 -0.364094 -0.240806
v -5.981504 -0.445788 -0.234747
v -6.150564 -0.510512 -0.229842
v -6.153538 -0.514280 -0.229581
v -6.155970 -0.518050 -0.229323
v -6.157862 -0.521821 -0.229066
v -6.159218 -0.525594 -0.228811
v -6.160034 -0.529368 -0.228558
v -6.160313 -0.533143 -0.228307
v -6.160051 -0.536919 -0.228058
v -6.159250 -0.540697 -0.227811
v -6.157911 -0.544476 -0.227565
v -6.156034 -0.548256 -0.227322
v -6.153620 -0.552037 -0.227080
v -6.150663 -0.555820 -0.226840
v -6.114588 -0.567077 -0.226227
v -6.077431 -0.578022 -0.225637
v -6.039198 -0.588655 -0.225073
v -5.999887 -0.598976 -0.224533
v -5.959497 -0.608984 -0.224018
v -5.918030 -0.618681 -0.223527
v -5.875484 -0.628066 -0.223061
v -5.831860 -0.637138 -0.222620
v -5.787157 -0.645899 -0.222203
v -5.741377 -0.654348 -0.221811
v -5.694517 -0.662484 -0.221443
v -5.646580 -0.670309 -0.221100
v -5.583830 -0.681315 -0.220600
v -5.524851 -0.691369 -0.220150
v -5.469643 -0.700470 -0.219749
v -5.418203 -0.708617 -0.219397
v -5.370533 -0.715812 -0.219095
v -5.326633 -0.722053 -0.218842
v -5.286505 -0.727342 -0.218639
v -5.250145 -0.731677 -0.218484
v -5.217554 -0.735060 -0.218380
v -5.188730 -0.737489 -0.218324
v -5.163679 -0.738966 -0.218318
v -5.142395 -0.739489 -0.218361
v -5.126366 -0.738898 -0.218459
v -5.110601 -0.737048 -0.218639
v -5.095102 -0.733939 -0.218901
v -5.079870 -0.729571 -0.219247
v -5.064905 -0.723944 -0.219674
v -5.050211 -0.717057 -0.220184
v -5.035778 -0.708911 -0.220776
v -5.021612 -0.699506 -0.221451
v -5.007715 -0.688842 -0.222208
v -4.994083 -0.676918 -0.223048
v -4.980719 -0.663735 -0.223970
v -4.967621 -0.649293 -0.224974
v -4.952902 -0.631709 -0.226193
v -4.934666 -0.609098 -0.227757
v -4.912918 -0.581462 -0.229667
v -4.887657 -0.548800 -0.231923
v -4.858881 -0.511112 -0.234524
v -4.826595 -0.468399 -0.237471
v -4.790794 -0.420659 -0.240764
v -4.751480 -0.367894 -0.244403
v -4.708652 -0.310102 -0.248387
v -4.662312 -0.247286 -0.252718
v -4.612457 -0.179443 -0.257393
v -4.559092 -0.106574 -0.262415
v -4.492487 -0.017533 -0.268556
v -4.422371 0.076219 -0.275022
v -4.348742 0.174682 -0.281813
v -4.271599 0.277857 -0.288929
v -4.190947 0.385742 -0.296370
v -4.106778 0.498339 -0.304136
v -4.019098 0.615647 -0.312226
v -3.927907 0.737666 -0.320641
v -3.833203 0.864397 -0.329382
v -3.734986 0.995838 -0.338447
v -3.633255 1.131991 -0.347837
v -3.528014 1.272855 -0.357552
v -3.441856 1.124764 -0.348058
v -3.357301 0.982970 -0.338975
v -3.274349 0.847473 -0.330304
v -3.193001 0.718272 -0.322044
v -3.113254 0.595369 -0.314195
v -3.035110 0.478762 -0.306757
v -2.958569 0.368452 -0.299730
v -2.883630 0.264438 -0.293115
v -2.810296 0.166722 -0.286911
v -2.738563 0.075302 -0.281117
v -2.668432 -0.009822 -0.275736
v -2.599906 -0.088648 -0.270765
v -2.533528 -0.165110 -0.265943
v -2.463382 -0.243154 -0.261030
v -2.389468 -0.322780 -0.256027
v -2.311787 -0.403988 -0.250932
v -2.230337 -0.486779 -0.245746
v -2.145118 -0.571152 -0.240469
v -2.056130 -0.657107 -0.235101
v -1.963376 -0.744645 -0.229642
v -1.866854 -0.833765 -0.224092
v -1.766562 -0.924467 -0.218451
v -1.662502 -1.016752 -0.212719
v -1.554671 -1.110619 -0.206896
v -1.542554 -1.113637 -0.206740
v -1.532049 -1.115078 -0.206683
v -1.523160 -1.114942 -0.206724
v -1.515882 -1.113230 -0.206864
v -1.510217 -1.109939 -0.207103
v -1.506166 -1.105072 -0.207440
v -1.503727 -1.098628 -0.207876
v -1.502900 -1.090606 -0.208410
v -1.503688 -1.081008 -0.209043
v -1.506089 -1.069832 -0.209775
v -1.510101 -1.057080 -0.210605
v -1.515730 -1.042750 -0.211533
v -1.621616 -0.923873 -0.219020
v -1.726420 -0.801853 -0.226719
v -1.830139 -0.676688 -0.234630
v -1.932774 -0.548380 -0.242753
v -2.034324 -0.416929 -0.251089
v -2.134789 -0.282333 -0.259637
v -2.234170 -0.144593 -0.268397
v -2.332466 -0.003710 -0.277369
v -2.429678 0.140317 -0.286553
v -2.525805 0.287488 -0.295950
v -2.620848 0.437802 -0.305558
v -2.714806 0.591260 -0.315379
v -2.792217 0.734453 -0.324581
v -2.863452 0.869135 -0.333241
v -2.928509 0.995307 -0.341360
v -2.987388 1.112969 -0.348938
v -3.040089 1.222120 -0.355975
v -3.086612 1.322761 -0.362471
v -3.126956 1.414892 -0.368426
v -3.161123 1.498513 -0.373840
v -3.189114 1.573623 -0.378713
v -3.210925 1.640223 -0.383044
v -3.226559 1.698313 -0.386835
v -3.236014 1.747892 -0.390084
v -3.216073 1.997042 -0.406659
v -3.213482 2.011353 -0.407617
v -3.212242 2.024093 -0.408465
v -3.212352 2.035263 -0.409205
v -3.213812 2.044863 -0.409835
v -3.216623 2.052893 -0.410357
v -3.220785 2.059354 -0.410769
v -3.226297 2.064244 -0.411073
v -3.233160 2.067564 -0.411268
v -3.241373 2.069315 -0.411354
v -3.250937 2.069495 -0.411331
v -3.261850 2.068105 -0.411199
v 1.819779 -1.435925 -0.197686
v 1.891115 -1.400699 -0.200280
v 1.956262 -1.362627 -0.203039
v 2.015217 -1.321709 -0.205965
v 2.067982 -1.277943 -0.209057
v 2.114557 -1.231331 -0.212315
v 2.154941 -1.181872 -0.215738
v 2.189135 -1.129566 -0.219328
v 2.217139 -1.074413 -0.223083
v 2.238954 -1.016414 -0.227005
v 2.254578 -0.955568 -0.231092
v 2.264010 -0.891876 -0.235345
v 2.267254 -0.825337 -0.239764
v 2.266131 -0.784116 -0.242490
v 2.262584 -0.743518 -0.245167
v 2.256609 -0.703543 -0.247792
v 2.248208 -0.664193 -0.250368
v 2.237382 -0.625465 -0.252894
v 2.224130 -0.587361 -0.255369
v 2.208451 -0.549881 -0.257794
v 2.190346 -0.513023 -0.260169
v 2.169816 -0.476790 -0.262494
v 2.146858 -0.441180 -0.264769
v 2.121476 -0.406193 -0.266994
v 2.093666 -0.371830 -0.269168
v 2.060339 -0.335565 -0.271448
v 2.024849 -0.302442 -0.273512
v 1.987196 -0.272460 -0.275361
v 1.947382 -0.245619 -0.276993
v 1.905406 -0.221919 -0.278409
v 1.861268 -0.201361 -0.279609
v 1.814968 -0.183944 -0.280594
v 1.766505 -0.169667 -0.281362
v 1.715880 -0.158533 -0.281915
v 1.663094 -0.150539 -0.282251
v 1.608145 -0.145687 -0.282372
v 1.551034 -0.143976 -0.282276
v 1.515605 -0.144677 -0.282100
v 1.480441 -0.146952 -0.281821
v 1.445544 -0.150801 -0.281438
v 1.410914 -0.156224 -0.280953
v 1.376550 -0.163220 -0.280364
v 1.342451 -0.171791 -0.279671
v 1.308617 -0.181935 -0.278876
v 1.275050 -0.193653 -0.277977
v 1.241749 -0.206945 -0.276975
v 1.208714 -0.221811 -0.275869
v 1.175945 -0.238251 -0.274660
v 1.143442 -0.256264 -0.273349
v 1.114850 -0.272714 -0.272154
v 1.087344 -0.284447 -0.271277
v 1.060926 -0.291463 -0.270715
v 1.035598 -0.293761 -0.270471
v 1.011355 -0.291343 -0.270542
v 0.988202 -0.284208 -0.270930
v 0.966136 -0.272355 -0.271635
v 0.945158 -0.255786 -0.272655
v 0.925268 -0.234499 -0.273992
v 0.906466 -0.208496 -0.275646
v 0.888753 -0.177775 -0.277616
v 0.872128 -0.142338 -0.279903
v 0.734714 -0.889601 -0.229905
v 0.812203 -0.935097 -0.227175
v 0.835057 -0.894091 -0.229974
v 0.858179 -0.854029 -0.232712
v 0.881569 -0.814913 -0.235389
v 0.905226 -0.776740 -0.238004
v 0.929151 -0.739513 -0.240557
v 0.953341 -0.703230 -0.243048
v 0.977801 -0.667891 -0.245479
v 1.002527 -0.633497 -0.247847
v 1.027519 -0.600048 -0.250154
v 1.052780 -0.567543 -0.252399
v 1.078308 -0.535983 -0.254583
v 1.104104 -0.505368 -0.256705
v 1.136915 -0.469263 -0.259217
v 1.170529 -0.436306 -0.261522
v 1.204944 -0.406498 -0.263623
v 1.240160 -0.379838 -0.265517
v 1.276176 -0.356327 -0.267206
v 1.312995 -0.335964 -0.268689
v 1.350616 -0.318749 -0.269967
v 1.389037 -0.304683 -0.271039
v 1.428260 -0.293765 -0.271906
v 1.468284 -0.285996 -0.272567
v 1.509109 -0.281375 -0.273022
v 1.550737 -0.279902 -0.273272
v 1.585757 -0.281088 -0.273321
v 1.619697 -0.284473 -0.273221
v 1.652552 -0.290059 -0.272971
v 1.684325 -0.297844 -0.272572
v 1.715016 -0.307830 -0.272023
v 1.744625 -0.320015 -0.271324
v 1.773150 -0.334400 -0.270475
v 1.800593 -0.350985 -0.269477
v 1.826956 -0.369770 -0.268329
v 1.852235 -0.390755 -0.267032
v 1.876431 -0.413939 -0.265585
v 1.899545 -0.439324 -0.263988
v 1.918083 -0.462338 -0.262531
v 1.935004 -0.485977 -0.261027
v 1.950308 -0.510242 -0.259476
v 1.963993 -0.535132 -0.257877
v 1.976062 -0.560647 -0.256232
v 1.986511 -0.586788 -0.254538
v 1.995343 -0.613554 -0.252798
v 2.002557 -0.640945 -0.251010
v 2.008154 -0.668962 -0.249175
v 2.012132 -0.697604 -0.247292
v 2.014494 -0.726872 -0.245362
v 2.015237 -0.756765 -0.243385
v 2.013406 -0.793731 -0.240930
v 2.008075 -0.829116 -0.238566
v 1.999245 -0.862919 -0.236295
v 1.986916 -0.895140 -0.234116
v 1.971088 -0.925780 -0.232029
v 1.951763 -0.954838 -0.230033
v 1.928938 -0.982314 -0.228130
v 1.902613 -1.008209 -0.226318
v 1.872789 -1.032522 -0.224599
v 1.839468 -1.055253 -0.222972
v 1.802649 -1.076403 -0.221436
v 1.762329 -1.095970 -0.219993
v 1.682780 -1.129288 -0.217495
v 1.605928 -1.161668 -0.215069
v 1.531773 -1.193111 -0.212716
v 1.460313 -1.223616 -0.210434
v 1.391549 -1.253184 -0.208224
v 1.325481 -1.281815 -0.206086
v 1.262109 -1.309508 -0.204020
v 1.201434 -1.336263 -0.202026
v 1.143454 -1.362081 -0.200104
v 1.088171 -1.386962 -0.198254
v 1.035583 -1.410905 -0.196476
v 0.985692 -1.433912 -0.194770
v 0.926749 -1.469010 -0.192229
v 0.872920 -1.506637 -0.189540
v 0.824204 -1.546794 -0.186702
v 0.780602 -1.589480 -0.183716
v 0.742112 -1.634696 -0.180580
v 0.708736 -1.682441 -0.177295
v 0.680472 -1.732716 -0.173862
v 0.657323 -1.785521 -0.170280
v 0.639286 -1.840854 -0.166549
v 0.626364 -1.898718 -0.162669
v 0.618553 -1.959110 -0.158640
v 0.615856 -2.022033 -0.154463
v 0.616971 -2.066872 -0.151497
v 0.620511 -2.110774 -0.148602
v 0.626480 -2.153737 -0.145778
v 0.634875 -2.195762 -0.143025
v 0.645697 -2.236850 -0.140343
v 0.658945 -2.276999 -0.137733
v 0.674621 -2.316210 -0.135193
v 0.692721 -2.354483 -0.132724
v 0.713251 -2.391818 -0.130326
v 0.736206 -2.428215 -0.127999
v 0.761588 -2.463673 -0.125743
v 0.789396 -2.498194 -0.123559
v 0.826219 -2.538085 -0.121051
v 0.865742 -2.574522 -0.118782
v 0.907966 -2.607504 -0.116752
v 0.952893 -2.637032 -0.114960
v 1.000522 -2.663105 -0.113407
v 1.050852 -2.685724 -0.112093
v 1.103884 -2.704887 -0.111018
v 1.159616 -2.720597 -0.110181
v 1.218052 -2.732852 -0.109583
v 1.279189 -2.741652 -0.109224
v 1.343027 -2.746998 -0.109103
v 1.409569 -2.748889 -0.109221
v 1.451327 -2.748360 -0.109409
v 1.492551 -2.746572 -0.109678
v 1.533238 -2.743524 -0.110028
v 1.573390 -2.739216 -0.110461
v 1.613006 -2.733648 -0.110974
v 1.652085 -2.726820 -0.111569
v 1.690627 -2.718732 -0.112246
v 1.728635 -2.709385 -0.113004
v 1.766106 -2.698777 -0.113844
v 1.803041 -2.686910 -0.114765
v 1.839441 -2.673783 -0.115767
v 1.875303 -2.659395 -0.116851
v 1.882181 -2.655794 -0.117115
v 1.889867 -2.652508 -0.117361
v 1.898360 -2.649540 -0.117588
v 1.907660 -2.646888 -0.117798
v 1.917768 -2.644552 -0.117990
v 1.928683 -2.642534 -0.118163
v 1.940407 -2.640831 -0.118319
v 1.952937 -2.639446 -0.118456
v 1.966275 -2.638377 -0.118576
v 1.980421 -2.637624 -0.118678
v 1.995374 -2.637188 -0.118761
v 2.011134 -2.637069 -0.118827
v 2.021235 -2.637880 -0.118810
v 2.032141 -2.640266 -0.118692
v 2.043852 -2.644228 -0.118472
v 2.056367 -2.649764 -0.118151
v 2.069687 -2.656876 -0.117729
v 2.083813 -2.665562 -0.117205
v 2.098742 -2.675824 -0.116580
v 2.114477 -2.687661 -0.115853
v 2.131016 -2.701074 -0.115026
v 2.148360 -2.716061 -0.114096
v 2.166509 -2.732624 -0.113066
v 2.185463 -2.750762 -0.111933
v 2.303626 -1.935489 -0.166366
v 2.206689 -1.912601 -0.167527
v 2.190158 -1.957083 -0.164520
v 2.173091 -1.999991 -0.161616
v 2.155490 -2.041324 -0.158814
v 2.137352 -2.081083 -0.156114
v 2.118680 -2.119267 -0.153517
v 2.099472 -2.155877 -0.151022
v 2.079729 -2.190912 -0.148629
v 2.059449 -2.224372 -0.146339
v 2.038635 -2.256258 -0.144150
v 2.017286 -2.286570 -0.142065
v 1.995401 -2.315307 -0.140081
v 1.972982 -2.342470 -0.138200
v 1.933418 -2.385795 -0.135186
v 1.892517 -2.425342 -0.132417
v 1.850277 -2.461109 -0.129893
v 1.806697 -2.493098 -0.127615
v 1.761778 -2.521307 -0.125583
v 1.715522 -2.545738 -0.123795
v 1.667926 -2.566390 -0.122253
v 1.618991 -2.583262 -0.120957
v 1.568718 -2.596356 -0.119906
v 1.517106 -2.605671 -0.119100
v 1.464154 -2.611206 -0.118540
v 1.409865 -2.612963 -0.118225
v 1.371613 -2.611612 -0.118175
v 1.334442 -2.607747 -0.118295
v 1.298356 -2.601367 -0.118585
v 1.263352 -2.592473 -0.119047
v 1.229431 -2.581063 -0.119678
v 1.196593 -2.567140 -0.120481
v 1.164839 -2.550702 -0.121453
v 1.134168 -2.531749 -0.122596
v 1.104579 -2.510282 -0.123910
v 1.076075 -2.486300 -0.125394
v 1.048652 -2.459804 -0.127049
v 1.022312 -2.430793 -0.128874
v 1.003775 -2.407622 -0.130341
v 0.986855 -2.383511 -0.131877
v 0.971554 -2.358459 -0.133480
v 0.957870 -2.332468 -0.135151
v 0.945806 -2.305537 -0.136891
v 0.935358 -2.277666 -0.138699
v 0.926530 -2.248855 -0.140575
v 0.919321 -2.219103 -0.142519
v 0.913731 -2.188412 -0.144532
v 0.909759 -2.156781 -0.146612
v 0.907405 -2.124209 -0.148761
v 0.906670 -2.090698 -0.150978
v 0.908921 -2.046339 -0.153924
v 0.915481 -2.003877 -0.156761
v 0.926344 -1.963315 -0.159487
v 0.941516 -1.924650 -0.162104
v 0.960993 -1.887884 -0.164610
v 0.984777 -1.853015 -0.167007
v 1.012869 -1.820046 -0.169293
v 1.045265 -1.788974 -0.171470
v 1.081968 -1.759801 -0.173536
v 1.122978 -1.732526 -0.175493
v 1.168294 -1.707149 -0.177339
v 1.217917 -1.683670 -0.179076
v 1.266586 -1.664752 -0.180507
v 1.315527 -1.645519 -0.181959
v 1.364738 -1.625973 -0.183434
v 1.414217 -1.606112 -0.184930
v 1.463967 -1.585938 -0.186449
v 1.513987 -1.565449 -0.187988
v 1.564277 -1.544647 -0.189550
v 1.614837 -1.523530 -0.191134
v 1.665668 -1.502100 -0.192739
v 1.716768 -1.480356 -0.194366
v 1.768139 -1.458297 -0.196015
v 4.362615 -0.626504 -0.260595
v 3.777085 -2.278861 -0.149009
v 3.738291 -2.278768 -0.148873
v 3.159830 -0.691565 -0.251888
v 3.147922 -0.654722 -0.254285
v 3.137896 -0.619773 -0.256563
v 3.129750 -0.586715 -0.258723
v 3.123488 -0.555550 -0.260764
v 3.119107 -0.526278 -0.262687
v 3.116607 -0.498898 -0.264491
v 3.115990 -0.473410 -0.266177
v 3.117254 -0.449815 -0.267745
v 3.120399 -0.428112 -0.269194
v 3.125427 -0.408302 -0.270524
v 3.132336 -0.390383 -0.271736
v 3.141124 -0.374358 -0.272830
v 3.151527 -0.359910 -0.273825
v 3.163277 -0.346723 -0.274741
v 3.176369 -0.334798 -0.275579
v 3.190804 -0.324135 -0.276338
v 3.206586 -0.314734 -0.277019
v 3.223712 -0.306594 -0.277620
v 3.242182 -0.299716 -0.278143
v 3.261995 -0.294101 -0.278588
v 3.283154 -0.289747 -0.278953
v 3.305655 -0.286654 -0.279241
v 3.329502 -0.284824 -0.279449
v 3.354694 -0.284256 -0.279579
v 3.471078 -0.284537 -0.279986
v 3.471375 -0.148611 -0.288990
v 2.520904 -0.146317 -0.285667
v 2.520607 -0.282243 -0.276663
v 2.636991 -0.282524 -0.277070
v 2.669044 -0.285433 -0.276994
v 2.700547 -0.294004 -0.276542
v 2.731497 -0.308238 -0.275712
v 2.761897 -0.328134 -0.274505
v 2.791746 -0.353692 -0.272922
v 2.821043 -0.384912 -0.270961
v 2.849790 -0.421795 -0.268623
v 2.877984 -0.464340 -0.265908
v 2.905629 -0.512548 -0.262816
v 2.932722 -0.566417 -0.259347
v 2.959263 -0.625949 -0.255501
v 2.985254 -0.691143 -0.251278
v 3.756650 -2.754554 -0.117426
v 3.931226 -2.754975 -0.118037
v 4.692173 -0.717918 -0.255745
v 4.718590 -0.649231 -0.260391
v 4.745802 -0.586526 -0.264644
v 4.773810 -0.529800 -0.268503
v 4.802613 -0.479054 -0.271970
v 4.832211 -0.434289 -0.275043
v 4.862605 -0.395504 -0.277723
v 4.893793 -0.362699 -0.280010
v 4.925776 -0.335874 -0.281904
v 4.958555 -0.315030 -0.283404
v 4.992129 -0.300165 -0.284511
v 5.026498 -0.291281 -0.285226
v 5.061662 -0.288376 -0.285546
v 5.158649 -0.288610 -0.285886
v 5.158946 -0.152684 -0.294890
v 4.150282 -0.150250 -0.291363
v 4.149985 -0.286175 -0.282359
v 4.227575 -0.286363 -0.282630
v 4.237407 -0.287016 -0.282623
v 4.247506 -0.288928 -0.282533
v 4.257871 -0.292099 -0.282361
v 4.268503 -0.296530 -0.282107
v 4.279402 -0.302220 -0.281770
v 4.290568 -0.309169 -0.281350
v 4.301999 -0.317378 -0.280848
v 4.313698 -0.326845 -0.280264
v 4.325664 -0.337572 -0.279597
v 4.337895 -0.349558 -0.278848
v 4.350394 -0.362803 -0.278016
v 4.363159 -0.377307 -0.277102
v 4.372023 -0.389442 -0.276331
v 4.379268 -0.403147 -0.275450
v 4.384892 -0.418421 -0.274459
v 4.388896 -0.435264 -0.273358
v 4.391281 -0.453676 -0.272147
v 4.392045 -0.473658 -0.270826
v 4.391191 -0.495209 -0.269396
v 4.388716 -0.518330 -0.267855
v 4.384621 -0.543019 -0.266205
v 4.378906 -0.569278 -0.264445
v 4.371571 -0.597107 -0.262575
v 9.507862 1.626516 -0.428636
v 9.513702 1.648211 -0.430094
v 9.518190 1.668023 -0.431423
v 9.521328 1.685950 -0.432622
v 9.523114 1.701993 -0.433691
v 9.523549 1.716151 -0.434630
v 9.522633 1.728424 -0.435440
v 9.520366 1.738813 -0.436119
v 9.516747 1.747317 -0.436670
v 9.511778 1.753937 -0.437090
v 9.505457 1.758672 -0.437380
v 9.497785 1.761522 -0.437541
v 9.488762 1.762488 -0.437572
v 9.460339 1.762242 -0.437452
v 9.433261 1.761364 -0.437295
v 9.407529 1.759853 -0.437101
v 9.383142 1.757709 -0.436869
v 9.360102 1.754933 -0.436601
v 9.338408 1.751524 -0.436296
v 9.318058 1.747483 -0.435954
v 9.299055 1.742809 -0.435575
v 9.281397 1.737502 -0.435159
v 9.265084 1.731564 -0.434706
v 9.250118 1.724992 -0.434216
v 9.236497 1.717788 -0.433689
v 9.217352 1.709968 -0.433101
v 9.198744 1.701517 -0.432473
v 9.180674 1.692436 -0.431806
v 9.163141 1.682725 -0.431098
v 9.146146 1.672383 -0.430351
v 9.129688 1.661410 -0.429564
v 9.113768 1.649806 -0.428738
v 9.098385 1.637572 -0.427871
v 9.083539 1.624707 -0.426965
v 9.069231 1.611213 -0.426018
v 9.055460 1.597087 -0.425032
v 9.042227 1.582330 -0.424007
v 9.027107 1.567264 -0.422953
v 9.014142 1.552193 -0.421908
v 9.003333 1.537116 -0.420870
v 8.994679 1.522034 -0.419839
v 8.988180 1.506947 -0.418816
v 8.983837 1.491855 -0.417800
v 8.981648 1.476757 -0.416793
v 8.981615 1.461653 -0.415792
v 8.983738 1.446546 -0.414799
v 8.988015 1.431432 -0.413814
v 8.994449 1.416313 -0.412836
v 9.003036 1.401190 -0.411865
v 9.015639 1.312272 -0.406022
v 9.027981 1.226816 -0.400407
v 9.040060 1.144822 -0.395020
v 9.051877 1.066290 -0.389862
v 9.063433 0.991219 -0.384932
v 9.074726 0.919611 -0.380230
v 9.085758 0.851464 -0.375756
v 9.096528 0.786778 -0.371511
v 9.107036 0.725555 -0.367495
v 9.117282 0.667793 -0.363706
v 9.127266 0.613493 -0.360146
v 9.136989 0.562654 -0.356814
v 9.049479 0.585048 -0.357978
v 8.967896 0.606483 -0.359099
v 8.892237 0.626960 -0.360179
v 8.822502 0.646479 -0.361217
v 8.758692 0.665040 -0.362213
v 8.700808 0.682642 -0.363167
v 8.648848 0.699287 -0.364080
v 8.602814 0.714973 -0.364950
v 8.562704 0.729701 -0.365779
v 8.528519 0.743470 -0.366566
v 8.500258 0.756281 -0.367311
v 8.477923 0.768134 -0.368015
v 8.458835 0.786272 -0.369146
v 8.440282 0.802836 -0.370176
v 8.422264 0.817825 -0.371103
v 8.404781 0.831240 -0.371927
v 8.387835 0.843080 -0.372650
v 8.371424 0.853345 -0.373269
v 8.355547 0.862036 -0.373787
v 8.340206 0.869153 -0.374202
v 8.325401 0.874695 -0.374515
v 8.311131 0.878662 -0.374726
v 8.297396 0.881055 -0.374834
v 8.284197 0.881874 -0.374840
v 8.276652 0.881420 -0.374783
v 8.266951 0.880027 -0.374655
v 8.255092 0.877696 -0.374457
v 8.241076 0.874426 -0.374189
v 8.224901 0.870218 -0.373851
v 8.206571 0.865070 -0.373443
v 8.186082 0.858984 -0.372965
v 8.163436 0.851959 -0.372417
v 8.138633 0.843996 -0.371799
v 8.111672 0.835093 -0.371111
v 8.082555 0.825252 -0.370353
v 8.051279 0.814473 -0.369524
v 8.020280 0.806210 -0.368864
v 7.991970 0.796367 -0.368108
v 7.966352 0.784944 -0.367258
v 7.943423 0.771941 -0.366313
v 7.923186 0.757360 -0.365273
v 7.905639 0.741198 -0.364138
v 7.890783 0.723456 -0.362909
v 7.878617 0.704135 -0.361585
v 7.869142 0.683234 -0.360166
v 7.862358 0.660753 -0.358652
v 7.858264 0.636693 -0.357043
v 7.856861 0.611053 -0.355340
v 7.857765 0.592958 -0.354145
v 7.860558 0.576433 -0.353060
v 7.865239 0.561476 -0.352087
v 7.871810 0.548088 -0.351224
v 7.880271 0.536268 -0.350472
v 7.890621 0.526017 -0.349831
v 7.902861 0.517335 -0.349301
v 7.916989 0.510221 -0.348881
v 7.933006 0.504677 -0.348572
v 7.950913 0.500700 -0.348374
v 7.970710 0.498293 -0.348287
v 7.992395 0.497454 -0.348311
v 8.097440 0.485715 -0.347918
v 8.199250 0.473671 -0.347492
v 8.297827 0.461319 -0.347034
v 8.393170 0.448660 -0.346544
v 8.485280 0.435695 -0.346022
v 8.574156 0.422423 -0.345468
v 8.659799 0.408844 -0.344882
v 8.742208 0.394958 -0.344263
v 8.821383 0.380765 -0.343613
v 8.897326 0.366265 -0.342930
v 8.970034 0.351459 -0.342215
v 9.039508 0.336345 -0.341468
v 8.924641 0.229486 -0.333970
v 8.813287 0.127339 -0.326797
v 8.705445 0.029902 -0.319949
v 8.601116 -0.062824 -0.313426
v 8.500299 -0.150838 -0.307228
v 8.402996 -0.234141 -0.301355
v 8.309204 -0.312733 -0.295806
v 8.218925 -0.386614 -0.290582
v 8.132159 -0.455784 -0.285684
v 8.048906 -0.520242 -0.281110
v 7.969165 -0.579989 -0.276861
v 7.892937 -0.635026 -0.272937
v 7.818213 -0.679839 -0.269696
v 7.742951 -0.724023 -0.266494
v 7.667152 -0.767575 -0.263332
v 7.590816 -0.810497 -0.260210
v 7.513942 -0.852789 -0.257128
v 7.436530 -0.894449 -0.254085
v 7.358581 -0.935480 -0.251083
v 7.280095 -0.975879 -0.248120
v 7.201071 -1.015648 -0.245197
v 7.121510 -1.054787 -0.242313
v 7.041411 -1.093295 -0.239470
v 6.960776 -1.131172 -0.236666
v 6.951473 -1.134925 -0.236384
v 6.942979 -1.138681 -0.236104
v 6.935293 -1.142438 -0.235827
v 6.928414 -1.146197 -0.235553
v 6.922344 -1.149958 -0.235282
v 6.917082 -1.153721 -0.235013
v 6.912630 -1.157486 -0.234747
v 6.908984 -1.161253 -0.234485
v 6.906147 -1.165022 -0.234225
v 6.904119 -1.168793 -0.233967
v 6.902897 -1.172566 -0.233713
v 6.902485 -1.176340 -0.233462
v 6.902746 -1.180117 -0.233212
v 6.903546 -1.183894 -0.232965
v 6.904884 -1.187673 -0.232720
v 6.906762 -1.191454 -0.232476
v 6.909178 -1.195235 -0.232235
v 6.912133 -1.199018 -0.231995
v 6.915627 -1.202802 -0.231757
v 6.919660 -1.206588 -0.231521
v 6.924232 -1.210375 -0.231287
v 6.929342 -1.214163 -0.231055
v 6.934991 -1.217952 -0.230824
v 6.941181 -1.221742 -0.230596
v 7.023302 -1.243651 -0.229445
v 7.101657 -1.263663 -0.228406
v 7.176243 -1.281778 -0.227479
v 7.247062 -1.297995 -0.226663
v 7.314114 -1.312316 -0.225960
v 7.377398 -1.324740 -0.225368
v 7.436915 -1.335267 -0.224889
v 7.492664 -1.343897 -0.224521
v 7.544645 -1.350630 -0.224265
v 7.592858 -1.355466 -0.224121
v 7.637305 -1.358405 -0.224089
v 7.677984 -1.359447 -0.224169
v 7.693872 -1.362475 -0.224026
v 7.709226 -1.363927 -0.223986
v 7.724043 -1.363806 -0.224048
v 7.738326 -1.362110 -0.224213
v 7.752073 -1.358839 -0.224480
v 7.765285 -1.353994 -0.224849
v 7.777961 -1.347575 -0.225320
v 7.790102 -1.339581 -0.225894
v 7.801707 -1.330012 -0.226571
v 7.812777 -1.318869 -0.227349
v 7.823312 -1.306151 -0.228230
v 7.833312 -1.291859 -0.229213
v 7.849382 -1.273333 -0.230499
v 7.865181 -1.255437 -0.231742
v 7.880710 -1.238169 -0.232943
v 7.895968 -1.221530 -0.234101
v 7.910955 -1.205519 -0.235216
v 7.925672 -1.190137 -0.236288
v 7.940117 -1.175383 -0.237318
v 7.954292 -1.161259 -0.238306
v 7.968196 -1.147763 -0.239251
v 7.981829 -1.134895 -0.240153
v 7.995192 -1.122656 -0.241012
v 8.008284 -1.111046 -0.241829
v 8.066327 -1.179149 -0.237530
v 8.258373 -2.063134 -0.179681
v 8.268263 -2.099185 -0.177330
v 8.278699 -2.131775 -0.175209
v 8.289680 -2.160906 -0.173320
v 8.301209 -2.186578 -0.171662
v 8.313284 -2.208789 -0.170234
v 8.325906 -2.227541 -0.169039
v 8.339073 -2.242833 -0.168074
v 8.352787 -2.254665 -0.167340
v 8.367048 -2.263038 -0.166838
v 8.381855 -2.267951 -0.166567
v 8.397208 -2.269403 -0.166526
v 8.413107 -2.267397 -0.166718
v 8.425778 -2.263494 -0.167022
v 8.437910 -2.259276 -0.167346
v 8.449505 -2.254741 -0.167689
v 8.460562 -2.249891 -0.168051
v 8.471080 -2.244725 -0.168431
v 8.481060 -2.239243 -0.168831
v 8.490501 -2.233445 -0.169249
v 8.499406 -2.227330 -0.169687
v 8.507771 -2.220901 -0.170143
v 8.515599 -2.214155 -0.170619
v 8.522888 -2.207093 -0.171113
v 8.529639 -2.199715 -0.171627
v 8.542325 -2.188890 -0.172390
v 8.554470 -2.179008 -0.173089
v 8.566074 -2.170069 -0.173723
v 8.577138 -2.162072 -0.174293
v 8.587660 -2.155018 -0.174799
v 8.597641 -2.148907 -0.175240
v 8.607082 -2.143738 -0.175617
v 8.615982 -2.139512 -0.175930
v 8.624341 -2.136228 -0.176178
v 8.632159 -2.133887 -0.176361
v 8.639436 -2.132489 -0.176481
v 8.646172 -2.132033 -0.176536
v 8.663405 -2.136165 -0.176325
v 8.682793 -2.140931 -0.176080
v 8.704333 -2.146332 -0.175801
v 8.728028 -2.152368 -0.175488
v 8.753877 -2.159038 -0.175141
v 8.781879 -2.166342 -0.174759
v 8.812037 -2.174281 -0.174344
v 8.844347 -2.182854 -0.173894
v 8.878811 -2.192062 -0.173410
v 8.915429 -2.201905 -0.172892
v 8.954201 -2.212381 -0.172340
v 8.995127 -2.223493 -0.171753
v 8.994610 -2.275250 -0.168323
v 8.993290 -2.324804 -0.165036
v 8.991165 -2.372153 -0.161892
v 8.988238 -2.417297 -0.158891
v 8.984508 -2.460237 -0.156034
v 8.979974 -2.500972 -0.153319
v 8.974636 -2.539503 -0.150747
v 8.968495 -2.575830 -0.148319
v 8.961551 -2.609952 -0.146033
v 8.953803 -2.641870 -0.143891
v 8.945251 -2.671583 -0.141891
v 8.935897 -2.699092 -0.140035
v 8.926159 -2.717160 -0.138803
v 8.916424 -2.733656 -0.137675
v 8.906693 -2.748578 -0.136651
v 8.896965 -2.761927 -0.135731
v 8.887240 -2.773702 -0.134915
v 8.877520 -2.783905 -0.134204
v 8.867802 -2.792534 -0.133597
v 8.858088 -2.799590 -0.133094
v 8.848377 -2.805073 -0.132696
v 8.838670 -2.808983 -0.132401
v 8.828966 -2.811319 -0.132211
v 8.819265 -2.812082 -0.132125
v 8.796485 -2.819264 -0.131566
v 8.773436 -2.825816 -0.131048
v 8.750119 -2.831738 -0.130570
v 8.726534 -2.837030 -0.130133
v 8.702682 -2.841692 -0.129737
v 8.678560 -2.845724 -0.129382
v 8.654171 -2.849126 -0.129068
v 8.629515 -2.851899 -0.128794
v 8.604589 -2.854041 -0.128561
v 8.579396 -2.855553 -0.128369
v 8.553935 -2.856436 -0.128217
v 8.528206 -2.856688 -0.128106
v 8.492511 -2.855973 -0.128023
v 8.456549 -2.853998 -0.128022
v 8.420321 -2.850765 -0.128104
v 8.383825 -2.846272 -0.128268
v 8.347063 -2.840519 -0.128515
v 8.310035 -2.833508 -0.128844
v 8.272739 -2.825237 -0.129255
v 8.235178 -2.815707 -0.129749
v 8.197350 -2.804918 -0.130326
v 8.159254 -2.792869 -0.130984
v 8.120893 -2.779562 -0.131726
v 8.082264 -2.764995 -0.132549
v 8.063295 -2.753936 -0.133212
v 8.045133 -2.743509 -0.133837
v 8.027777 -2.733713 -0.134422
v 8.011229 -2.724549 -0.134969
v 7.995486 -2.716015 -0.135476
v 7.980552 -2.708113 -0.135945
v 7.966423 -2.700842 -0.136375
v 7.953102 -2.694202 -0.136766
v 7.940588 -2.688194 -0.137118
v 7.928880 -2.682817 -0.137432
v 7.917979 -2.678071 -0.137706
v 7.907886 -2.673956 -0.137942
v 7.869755 -2.678269 -0.137517
v 7.832968 -2.683844 -0.137013
v 7.797526 -2.690681 -0.136431
v 7.763428 -2.698779 -0.135769
v 7.730675 -2.708139 -0.135030
v 7.699265 -2.718761 -0.134211
v 7.669200 -2.730645 -0.133314
v 7.640479 -2.743791 -0.132339
v 7.613102 -2.758198 -0.131284
v 7.587070 -2.773868 -0.130151
v 7.562383 -2.790799 -0.128939
v 7.539039 -2.808992 -0.127649
v 7.512977 -2.838506 -0.125599
v 7.493113 -2.866776 -0.123654
v 7.479449 -2.893802 -0.121814
v 7.471984 -2.919585 -0.120079
v 7.470718 -2.944124 -0.118449
v 7.475651 -2.967420 -0.116924
v 7.486784 -2.989472 -0.115504
v 7.504115 -3.010280 -0.114189
v 7.527646 -3.029845 -0.112979
v 7.557376 -3.048166 -0.111874
v 7.593305 -3.065244 -0.110874
v 7.635432 -3.081078 -0.109980
v 7.683244 -3.084811 -0.109907
v 7.729710 -3.088227 -0.109851
v 7.774830 -3.091325 -0.109811
v 7.818603 -3.094105 -0.109786
v 7.861030 -3.096568 -0.109778
v 7.902110 -3.098712 -0.109787
v 7.941844 -3.100538 -0.109811
v 7.980231 -3.102047 -0.109851
v 8.017272 -3.103238 -0.109908
v 8.052967 -3.104110 -0.109981
v 8.087316 -3.104665 -0.110069
v 8.120317 -3.104902 -0.110174
v 8.230103 -3.104066 -0.110631
v 8.333159 -3.101011 -0.111210
v 8.429484 -3.095737 -0.111912
v 8.519079 -3.088245 -0.112736
v 8.601944 -3.078533 -0.113682
v 8.678079 -3.066603 -0.114750
v 8.747482 -3.052454 -0.115941
v 8.810156 -3.036087 -0.117254
v 8.866098 -3.017501 -0.118690
v 8.915311 -2.996696 -0.120248
v 8.957793 -2.973672 -0.121928
v 8.993546 -2.948429 -0.123731
v 9.024853 -2.923019 -0.125529
v 9.054016 -2.891939 -0.127694
v 9.081038 -2.855191 -0.130227
v 9.105915 -2.812774 -0.133127
v 9.128651 -2.764688 -0.136395
v 9.149243 -2.710934 -0.140031
v 9.167693 -2.651511 -0.144034
v 9.184000 -2.586419 -0.148405
v 9.198163 -2.515658 -0.153144
v 9.210184 -2.439229 -0.158250
v 9.220062 -2.357130 -0.163724
v 9.227797 -2.269363 -0.169566
v 9.247717 -2.276805 -0.169146
v 9.268715 -2.283936 -0.168750
v 9.290792 -2.290754 -0.168379
v 9.313947 -2.297260 -0.168033
v 9.338181 -2.303454 -0.167711
v 9.363492 -2.309336 -0.167414
v 9.389882 -2.314906 -0.167142
v 9.417350 -2.320164 -0.166894
v 9.445897 -2.325109 -0.166671
v 9.475521 -2.329743 -0.166472
v 9.506225 -2.334065 -0.166298
v 9.538007 -2.338075 -0.166149
v 9.544583 -2.348946 -0.165453
v 9.551432 -2.358874 -0.164820
v 9.558551 -2.367858 -0.164251
v 9.565943 -2.375900 -0.163745
v 9.573605 -2.382998 -0.163303
v 9.581539 -2.389153 -0.162925
v 9.589745 -2.394364 -0.162610
v 9.598222 -2.398632 -0.162358
v 9.606971 -2.401957 -0.162170
v 9.615991 -2.404339 -0.162045
v 9.625282 -2.405777 -0.161984
v 9.634845 -2.406272 -0.161986
v 9.650870 -2.408513 -0.161896
v 9.666633 -2.407607 -0.162013
v 9.682133 -2.403554 -0.162339
v 9.697370 -2.396354 -0.162871
v 9.712344 -2.386007 -0.163611
v 9.727057 -2.372513 -0.164559
v 9.741507 -2.355872 -0.165714
v 9.755693 -2.336083 -0.167076
v 9.769618 -2.313148 -0.168647
v 9.783280 -2.287065 -0.170424
v 9.796679 -2.257836 -0.172409
v 9.809816 -2.225459 -0.174602
v 9.819136 -2.214154 -0.175384
v 9.827647 -2.202848 -0.176164
v 9.835350 -2.191539 -0.176942
v 9.842245 -2.180229 -0.177716
v 9.848331 -2.168916 -0.178488
v 9.853609 -2.157602 -0.179256
v 9.858079 -2.146286 -0.180022
v 9.861741 -2.134967 -0.180785
v 9.864594 -2.123647 -0.181545
v 9.866640 -2.112325 -0.182303
v 9.867876 -2.101000 -0.183057
v 9.868305 -2.089674 -0.183809
v 9.868841 -2.029421 -0.187802
v 9.870184 -1.969484 -0.191777
v 9.872334 -1.909865 -0.195734
v 9.875293 -1.850561 -0.199673
v 9.879059 -1.791575 -0.203593
v 9.883632 -1.732905 -0.207496
v 9.889013 -1.674551 -0.211381
v 9.895201 -1.616514 -0.215248
v 9.902197 -1.558794 -0.219096
v 9.910001 -1.501390 -0.222927
v 9.918612 -1.444303 -0.226740
v 9.928030 -1.387532 -0.230534
v 9.986519 -1.251747 -0.239742
v 10.028314 -1.296842 -0.236908
v 10.069840 -1.341307 -0.234115
v 10.111099 -1.385142 -0.231362
v 10.152089 -1.428348 -0.228650
v 10.192812 -1.470923 -0.225979
v 10.233267 -1.512868 -0.223349
v 10.273454 -1.554183 -0.220759
v 10.313372 -1.594869 -0.218210
v 10.353023 -1.634925 -0.215702
v 10.392405 -1.674350 -0.213235
v 10.431520 -1.713146 -0.210808
v 10.470366 -1.751311 -0.208422
v 10.485438 -1.757955 -0.208037
v 10.498360 -1.762706 -0.207770
v 10.509130 -1.765564 -0.207620
v 10.517749 -1.766529 -0.207587
v 10.524217 -1.765600 -0.207672
v 10.528533 -1.762779 -0.207875
v 10.530699 -1.758065 -0.208195
v 10.530713 -1.751457 -0.208633
v 10.528576 -1.742957 -0.209188
v 10.524288 -1.732563 -0.209861
v 10.517849 -1.720276 -0.210651
v 10.509259 -1.706097 -0.211559
v 10.402239 -1.550404 -0.221480
v 10.300341 -1.393465 -0.231503
v 10.203564 -1.235280 -0.241626
v 10.111909 -1.075849 -0.251851
v 10.025374 -0.915172 -0.262177
v 9.943962 -0.753248 -0.272605
v 9.867671 -0.590078 -0.283134
v 9.796502 -0.425662 -0.293764
v 9.730453 -0.260000 -0.304495
v 9.669527 -0.093091 -0.315327
v 9.613722 0.075063 -0.326261
v 9.563040 0.244464 -0.337296
v 9.631691 0.222431 -0.336088
v 9.695496 0.201982 -0.334967
v 9.754456 0.183119 -0.333933
v 9.808569 0.165840 -0.332986
v 9.857837 0.150146 -0.332127
v 9.902259 0.136037 -0.331355
v 9.941834 0.123513 -0.330670
v 9.976564 0.112574 -0.330072
v 10.006449 0.103220 -0.329562
v 10.031487 0.095451 -0.329139
v 10.051679 0.089267 -0.328803
v 10.067025 0.084667 -0.328555
v 10.086170 0.092330 -0.329132
v 10.104776 0.100308 -0.329729
v 10.122845 0.108603 -0.330344
v 10.140375 0.117213 -0.330979
v 10.157368 0.126139 -0.331632
v 10.173821 0.135382 -0.332304
v 10.189737 0.144940 -0.332996
v 10.205115 0.154814 -0.333706
v 10.219955 0.165004 -0.334435
v 10.234257 0.175510 -0.335183
v 10.248020 0.186332 -0.335950
v 10.261246 0.197470 -0.336736
v 10.273131 0.211915 -0.337737
v 10.282859 0.225107 -0.338646
v 10.290428 0.237045 -0.339464
v 10.295840 0.247730 -0.340192
v 10.299093 0.257161 -0.340828
v 10.300189 0.265340 -0.341374
v 10.299127 0.272264 -0.341829
v 10.295906 0.277936 -0.342193
v 10.290527 0.282354 -0.342466
v 10.282990 0.285518 -0.342648
v 10.273296 0.287430 -0.342739
v 10.261444 0.288087 -0.342739
v 10.232759 0.291932 -0.342889
v 10.204885 0.295775 -0.343042
v 10.177817 0.299616 -0.343197
v 10.151558 0.303455 -0.343355
v 10.126107 0.307292 -0.343516
v 10.101464 0.311127 -0.343680
v 10.077630 0.314960 -0.343847
v 10.054604 0.318792 -0.344017
v 10.032386 0.322621 -0.344189
v 10.010977 0.326448 -0.344364
v 9.990375 0.330274 -0.344542
v 9.970582 0.334098 -0.344723
v 9.928983 0.345526 -0.345328
v 9.888192 0.356951 -0.345936
v 9.848210 0.368375 -0.346546
v 9.809036 0.379797 -0.347160
v 9.770670 0.391216 -0.347776
v 9.733112 0.402634 -0.348395
v 9.696363 0.414050 -0.349016
v 9.660421 0.425464 -0.349641
v 9.625288 0.436876 -0.350268
v 9.590963 0.448286 -0.350899
v 9.557447 0.459694 -0.351532
v 9.524738 0.471101 -0.352168
v 9.512383 0.549320 -0.357303
v 9.500829 0.625334 -0.362296
v 9.490078 0.699144 -0.367146
v 9.480132 0.770750 -0.371852
v 9.470989 0.840151 -0.376415
v 9.462648 0.907347 -0.380836
v 9.455112 0.972340 -0.385113
v 9.448380 1.035128 -0.389247
v 9.442450 1.095711 -0.393238
v 9.437325 1.154090 -0.397086
v 9.433002 1.210264 -0.400791
v 9.429482 1.264234 -0.404353
v 9.429531 1.286731 -0.405843
v 9.429580 1.308913 -0.407313
v 9.429627 1.330781 -0.408762
v 9.429674 1.352334 -0.410189
v 9.429721 1.373573 -0.411596
v 9.429767 1.394496 -0.412982
v 9.429811 1.415106 -0.414347
v 9.429855 1.435400 -0.415692
v 9.429899 1.455380 -0.417015
v 9.429942 1.475044 -0.418318
v 9.429984 1.494395 -0.419600
v 9.430026 1.513431 -0.420861
v 9.436502 1.517664 -0.421165
v 9.442978 1.522839 -0.421531
v 9.449457 1.528959 -0.421960
v 9.455938 1.536023 -0.422452
v 9.462422 1.544031 -0.423006
v 9.468907 1.552983 -0.423623
v 9.475395 1.562878 -0.424302
v 9.481885 1.573718 -0.425044
v 9.488377 1.585501 -0.425848
v 9.494870 1.598229 -0.426715
v 9.501366 1.611900 -0.427644
v 9.194588 0.290662 -0.339009
v 9.220415 0.212411 -0.333921
v 9.246517 0.136362 -0.328979
v 9.272892 0.062514 -0.324184
v 9.299542 -0.009132 -0.319536
v 9.326467 -0.078576 -0.315035
v 9.353664 -0.145818 -0.310680
v 9.381137 -0.210859 -0.306473
v 9.408884 -0.273697 -0.302412
v 9.436905 -0.334334 -0.298498
v 9.465200 -0.392768 -0.294731
v 9.493770 -0.449001 -0.291111
v 9.522614 -0.503033 -0.287638
v 9.542870 -0.541783 -0.285145
v 9.565006 -0.582425 -0.282534
v 9.589025 -0.624960 -0.279804
v 9.614927 -0.669388 -0.276956
v 9.642710 -0.715707 -0.273990
v 9.672375 -0.763920 -0.270905
v 9.703920 -0.814024 -0.267702
v 9.737349 -0.866021 -0.264380
v 9.772658 -0.919910 -0.260940
v 9.809850 -0.975692 -0.257381
v 9.848923 -1.033367 -0.253704
v 9.889877 -1.092933 -0.249908
v 9.734501 -1.183176 -0.243363
v 9.269212 -1.068781 -0.249239
v 9.269805 -0.796929 -0.267247
v 9.269972 -0.782142 -0.268227
v 9.270407 -0.767984 -0.269166
v 9.271111 -0.754456 -0.270065
v 9.272081 -0.741557 -0.270923
v 9.273320 -0.729290 -0.271740
v 9.274827 -0.717651 -0.272516
v 9.276602 -0.706643 -0.273252
v 9.278646 -0.696265 -0.273947
v 9.280956 -0.686516 -0.274601
v 9.283536 -0.677398 -0.275214
v 9.286383 -0.668909 -0.275787
v 9.289499 -0.661051 -0.276319
v 9.295854 -0.650054 -0.277071
v 9.301938 -0.639685 -0.277780
v 9.307752 -0.629945 -0.278446
v 9.313294 -0.620834 -0.279070
v 9.318567 -0.612351 -0.279651
v 9.323568 -0.604497 -0.280189
v 9.328299 -0.597271 -0.280685
v 9.332758 -0.590675 -0.281138
v 9.336946 -0.584707 -0.281549
v 9.340865 -0.579367 -0.281917
v 9.344512 -0.574656 -0.282242
v 9.347889 -0.570574 -0.282525
v 9.356969 -0.545267 -0.284235
v 9.364697 -0.522159 -0.285793
v 9.371075 -0.501251 -0.287202
v 9.376100 -0.482542 -0.288459
v 9.379772 -0.466032 -0.289566
v 9.382093 -0.451721 -0.290523
v 9.383062 -0.439610 -0.291328
v 9.382681 -0.429698 -0.291983
v 9.380946 -0.421984 -0.292488
v 9.377860 -0.416471 -0.292842
v 9.373422 -0.413156 -0.293045
v 9.367632 -0.412041 -0.293098
v 9.154261 -0.411526 -0.292352
v 9.147787 -0.415286 -0.292079
v 9.141313 -0.419046 -0.291807
v 9.134838 -0.422807 -0.291534
v 9.128365 -0.426567 -0.291261
v 9.121890 -0.430327 -0.290988
v 9.115417 -0.434087 -0.290716
v 9.108942 -0.437847 -0.290443
v 9.102468 -0.441607 -0.290170
v 9.095994 -0.445367 -0.289897
v 9.089520 -0.449127 -0.289625
v 9.083046 -0.452887 -0.289352
v 9.076572 -0.456647 -0.289079
v 9.063751 -0.467943 -0.288284
v 9.051199 -0.479240 -0.287490
v 9.038916 -0.490538 -0.286697
v 9.026903 -0.501836 -0.285905
v 9.015159 -0.513135 -0.285113
v 9.003684 -0.524434 -0.284323
v 8.992479 -0.535734 -0.283533
v 8.981544 -0.547035 -0.282745
v 8.970877 -0.558337 -0.281957
v 8.960480 -0.569639 -0.281171
v 8.950353 -0.580941 -0.280385
v 8.940495 -0.592245 -0.279600
v 8.931311 -0.603393 -0.278828
v 8.923204 -0.614229 -0.278081
v 8.916177 -0.624752 -0.277358
v 8.910227 -0.634964 -0.276660
v 8.905356 -0.644863 -0.275987
v 8.901564 -0.654451 -0.275338
v 8.898849 -0.663726 -0.274714
v 8.897213 -0.672689 -0.274114
v 8.896656 -0.681341 -0.273539
v 8.897177 -0.689680 -0.272988
v 8.898775 -0.697708 -0.272462
v 8.901452 -0.705423 -0.271961
v 8.904651 -0.721163 -0.270930
v 8.907846 -0.738161 -0.269816
v 8.911039 -0.756418 -0.268619
v 8.914230 -0.775934 -0.267338
v 8.917418 -0.796708 -0.265973
v 8.920602 -0.818741 -0.264526
v 8.923784 -0.842032 -0.262994
v 8.926964 -0.866582 -0.261380
v 8.930140 -0.892391 -0.259682
v 8.933313 -0.919458 -0.257901
v 8.936484 -0.947784 -0.256036
v 8.939653 -0.977368 -0.254088
v 8.474413 -0.840319 -0.261465
v 8.435718 -0.794916 -0.264331
v 8.422381 -0.795199 -0.264263
v 8.408236 -0.796108 -0.264151
v 8.393280 -0.797646 -0.263995
v 8.377515 -0.799810 -0.263794
v 8.360940 -0.802602 -0.263548
v 8.343555 -0.806021 -0.263258
v 8.325361 -0.810068 -0.262924
v 8.306358 -0.814741 -0.262545
v 8.286545 -0.820043 -0.262121
v 8.265923 -0.825971 -0.261653
v 8.244490 -0.832527 -0.261141
v 8.222248 -0.839710 -0.260584
v 8.291138 -0.752405 -0.266618
v 8.361647 -0.663846 -0.272742
v 8.433775 -0.574031 -0.278954
v 8.507523 -0.482962 -0.285256
v 8.582890 -0.390639 -0.291646
v 8.659875 -0.297061 -0.298126
v 8.738480 -0.202228 -0.304695
v 8.818705 -0.106141 -0.311353
v 8.900547 -0.008799 -0.318099
v 8.984011 0.089798 -0.324935
v 9.069092 0.189649 -0.331860
v 9.155793 0.290756 -0.338874
v 8.512813 -1.021646 -0.249595
v 8.958656 -1.158649 -0.242151
v 8.977460 -1.430547 -0.224210
v 8.971003 -1.426755 -0.224438
v 8.964544 -1.422964 -0.224665
v 8.958087 -1.419173 -0.224893
v 8.951630 -1.415381 -0.225120
v 8.945171 -1.411590 -0.225348
v 8.938714 -1.407798 -0.225575
v 8.932257 -1.404007 -0.225803
v 8.925798 -1.400216 -0.226030
v 8.919341 -1.396424 -0.226258
v 8.912884 -1.392633 -0.226485
v 8.906426 -1.388842 -0.226713
v 8.899969 -1.385051 -0.226940
v 8.893257 -1.374337 -0.227625
v 8.886004 -1.364880 -0.228225
v 8.878209 -1.356681 -0.228740
v 8.869873 -1.349738 -0.229169
v 8.860994 -1.344053 -0.229513
v 8.851575 -1.339625 -0.229772
v 8.841614 -1.336455 -0.229946
v 8.831111 -1.334542 -0.230034
v 8.820066 -1.333886 -0.230037
v 8.808480 -1.334487 -0.229955
v 8.796353 -1.336346 -0.229787
v 8.783684 -1.339461 -0.229535
v 8.767780 -1.343199 -0.229229
v 8.752417 -1.346938 -0.228925
v 8.737590 -1.350677 -0.228623
v 8.723303 -1.354419 -0.228323
v 8.709555 -1.358161 -0.228025
v 8.696346 -1.361905 -0.227729
v 8.683676 -1.365651 -0.227434
v 8.671544 -1.369397 -0.227142
v 8.659951 -1.373145 -0.226851
v 8.648897 -1.376894 -0.226563
v 8.638382 -1.380644 -0.226276
v 8.628407 -1.384395 -0.225991
v 8.616400 -1.392233 -0.225428
v 8.606279 -1.400703 -0.224830
v 8.598042 -1.409808 -0.224197
v 8.591690 -1.419547 -0.223528
v 8.587222 -1.429919 -0.222825
v 8.584639 -1.440926 -0.222086
v 8.583940 -1.452566 -0.221313
v 8.585125 -1.464840 -0.220504
v 8.588195 -1.477748 -0.219661
v 8.593149 -1.491289 -0.218782
v 8.599989 -1.505465 -0.217868
v 8.608712 -1.520274 -0.216919
v 8.632000 -1.527882 -0.216500
v 8.656633 -1.535493 -0.216086
v 8.682615 -1.543107 -0.215677
v 8.709944 -1.550725 -0.215272
v 8.738619 -1.558345 -0.214872
v 8.768641 -1.565969 -0.214477
v 8.800011 -1.573596 -0.214086
v 8.832727 -1.581227 -0.213701
v 8.866792 -1.588860 -0.213319
v 8.902203 -1.596497 -0.212943
v 8.938959 -1.604138 -0.212571
v 8.977064 -1.611781 -0.212204
v 8.977102 -1.656303 -0.209256
v 8.977412 -1.699253 -0.206412
v 8.977996 -1.740630 -0.203673
v 8.978851 -1.780434 -0.201040
v 8.979980 -1.818666 -0.198512
v 8.981382 -1.855326 -0.196089
v 8.983057 -1.890413 -0.193771
v 8.985004 -1.923927 -0.191558
v 8.987225 -1.955869 -0.189451
v 8.989717 -1.986238 -0.187448
v 8.992484 -2.015034 -0.185551
v 8.995522 -2.042259 -0.183759
v 8.972909 -2.034495 -0.184191
v 8.950296 -2.026417 -0.184643
v 8.927685 -2.018025 -0.185116
v 8.905073 -2.009317 -0.185610
v 8.882462 -2.000295 -0.186125
v 8.859852 -1.990959 -0.186661
v 8.837242 -1.981308 -0.187217
v 8.814633 -1.971342 -0.187795
v 8.792026 -1.961061 -0.188393
v 8.769418 -1.950466 -0.189012
v 8.746811 -1.939556 -0.189652
v 8.724207 -1.928332 -0.190313
v 8.714119 -1.921385 -0.190736
v 8.703220 -1.915695 -0.191073
v 8.691511 -1.911262 -0.191324
v 8.678989 -1.908086 -0.191489
v 8.665659 -1.906165 -0.191567
v 8.651516 -1.905502 -0.191559
v 8.636562 -1.906095 -0.191466
v 8.620798 -1.907945 -0.191285
v 8.604222 -1.911052 -0.191019
v 8.586836 -1.915415 -0.190666
v 8.568639 -1.921034 -0.190228
v 8.549630 -1.927911 -0.189703
v 8.511132 -1.791891 -0.198571
v 8.434877 -1.180039 -0.238819
v 8.435076 -1.089422 -0.244822
v 8.441565 -1.078582 -0.245563
v 8.448052 -1.068687 -0.246243
v 8.454537 -1.059735 -0.246859
v 8.461021 -1.051727 -0.247413
v 8.467503 -1.044663 -0.247905
v 8.473982 -1.038543 -0.248334
v 8.480459 -1.033368 -0.248700
v 8.486934 -1.029135 -0.249004
v 8.493407 -1.025847 -0.249246
v 8.499878 -1.023503 -0.249425
v 8.506347 -1.022103 -0.249541
v 9.249517 -1.204659 -0.240167
v 9.297313 -1.215945 -0.239594
v 9.343762 -1.226912 -0.239037
v 9.388865 -1.237562 -0.238497
v 9.432621 -1.247893 -0.237972
v 9.475032 -1.257907 -0.237464
v 9.516096 -1.267602 -0.236972
v 9.555813 -1.276980 -0.236496
v 9.594184 -1.286040 -0.236036
v 9.631208 -1.294782 -0.235593
v 9.666887 -1.303207 -0.235165
v 9.701220 -1.311313 -0.234754
v 9.734204 -1.319101 -0.234358
v 9.557750 -2.179542 -0.176721
v 9.531761 -2.175546 -0.176891
v 9.505503 -2.171235 -0.177081
v 9.478976 -2.166609 -0.177290
v 9.452181 -2.161667 -0.177519
v 9.425117 -2.156410 -0.177769
v 9.397783 -2.150838 -0.178038
v 9.370182 -2.144950 -0.178327
v 9.342312 -2.138748 -0.178636
v 9.314173 -2.132229 -0.178965
v 9.285765 -2.125396 -0.179313
v 9.257089 -2.118247 -0.179682
v 9.228143 -2.110783 -0.180071
v 9.228382 -2.062958 -0.183239
v 9.228885 -2.017650 -0.186242
v 9.229652 -1.974861 -0.189079
v 9.230682 -1.934589 -0.191750
v 9.231977 -1.896834 -0.194256
v 9.233536 -1.861598 -0.196595
v 9.235359 -1.828879 -0.198769
v 9.237445 -1.798679 -0.200777
v 9.239796 -1.770996 -0.202619
v 9.242410 -1.745830 -0.204296
v 9.245288 -1.723183 -0.205806
v 9.248430 -1.703053 -0.207151
v 9.273469 -1.710350 -0.206759
v 9.296893 -1.717015 -0.206404
v 9.318703 -1.723045 -0.206084
v 9.338896 -1.728443 -0.205800
v 9.357475 -1.733208 -0.205552
v 9.374439 -1.737339 -0.205341
v 9.389788 -1.740837 -0.205165
v 9.403522 -1.743702 -0.205026
v 9.415640 -1.745934 -0.204922
v 9.426144 -1.747532 -0.204855
v 9.435032 -1.748498 -0.204823
v 9.442305 -1.748830 -0.204828
v 9.452274 -1.748539 -0.204884
v 9.462783 -1.747621 -0.204983
v 9.473832 -1.746074 -0.205126
v 9.485421 -1.743900 -0.205312
v 9.497551 -1.741097 -0.205542
v 9.510221 -1.737667 -0.205816
v 9.523430 -1.733608 -0.206133
v 9.537180 -1.728922 -0.206493
v 9.551471 -1.723607 -0.206898
v 9.566301 -1.717665 -0.207345
v 9.581672 -1.711094 -0.207837
v 9.597583 -1.703896 -0.208372
v 9.606220 -1.696365 -0.208902
v 9.612702 -1.688830 -0.209425
v 9.617029 -1.681288 -0.209940
v 9.619202 -1.673742 -0.210448
v 9.619218 -1.666191 -0.210948
v 9.617079 -1.658634 -0.211441
v 9.612784 -1.651072 -0.211926
v 9.606336 -1.643505 -0.212404
v 9.597731 -1.635933 -0.212874
v 9.586971 -1.628356 -0.213336
v 9.574056 -1.620773 -0.213791
v 9.558986 -1.613185 -0.214239
v 9.530175 -1.605564 -0.214638
v 9.501904 -1.597945 -0.215040
v 9.474172 -1.590326 -0.215443
v 9.446978 -1.582709 -0.215848
v 9.420323 -1.575093 -0.216255
v 9.394207 -1.567479 -0.216664
v 9.368629 -1.559866 -0.217075
v 9.343591 -1.552254 -0.217487
v 9.319092 -1.544643 -0.217902
v 9.295130 -1.537034 -0.218318
v 9.271708 -1.529426 -0.218737
v 9.248825 -1.521819 -0.219157
v 10.729699 1.532949 -0.426905
v 10.670019 1.530261 -0.426509
v 10.613829 1.521901 -0.425750
v 10.561129 1.507869 -0.424628
v 10.511919 1.488166 -0.423143
v 10.466198 1.462790 -0.421295
v 10.423968 1.431742 -0.419084
v 10.385228 1.395023 -0.416510
v 10.349977 1.352631 -0.413574
v 10.318216 1.304567 -0.410274
v 10.289947 1.250831 -0.406611
v 10.265165 1.191423 -0.402586
v 10.243876 1.126342 -0.398197
v 10.241291 1.114864 -0.397427
v 10.240052 1.103067 -0.396642
v 10.240161 1.090953 -0.395840
v 10.241615 1.078521 -0.395022
v 10.244416 1.065771 -0.394187
v 10.248564 1.052704 -0.393337
v 10.254057 1.039318 -0.392470
v 10.260898 1.025615 -0.391588
v 10.269084 1.011593 -0.390689
v 10.278616 0.997254 -0.389774
v 10.289495 0.982597 -0.388843
v 10.301722 0.967622 -0.387896
v 10.343576 0.888387 -0.382801
v 10.385432 0.809468 -0.377726
v 10.427288 0.730863 -0.372673
v 10.469146 0.652573 -0.367640
v 10.511003 0.574598 -0.362629
v 10.552861 0.496937 -0.357638
v 10.594721 0.419591 -0.352668
v 10.636580 0.342559 -0.347719
v 10.678440 0.265842 -0.342790
v 10.720302 0.189440 -0.337883
v 10.762163 0.113353 -0.332996
v 10.804026 0.037580 -0.328130
v 10.794326 0.036973 -0.328055
v 10.784623 0.035109 -0.327896
v 10.774918 0.031986 -0.327653
v 10.765209 0.027605 -0.327328
v 10.755499 0.021965 -0.326919
v 10.745785 0.015066 -0.326426
v 10.736068 0.006908 -0.325850
v 10.726349 -0.002507 -0.325191
v 10.716627 -0.013182 -0.324448
v 10.706902 -0.025115 -0.323623
v 10.697175 -0.038306 -0.322713
v 10.687445 -0.052757 -0.321721
v 10.678125 -0.063747 -0.320959
v 10.669617 -0.074110 -0.320241
v 10.661917 -0.083845 -0.319568
v 10.655027 -0.092953 -0.318940
v 10.648947 -0.101434 -0.318356
v 10.643677 -0.109287 -0.317816
v 10.639215 -0.116513 -0.317321
v 10.635564 -0.123111 -0.316871
v 10.632723 -0.129083 -0.316465
v 10.630690 -0.134427 -0.316104
v 10.629467 -0.139144 -0.315787
v 10.629054 -0.143233 -0.315514
v 10.629169 -0.152516 -0.314900
v 10.629545 -0.165260 -0.314057
v 10.630183 -0.181466 -0.312986
v 10.631083 -0.201133 -0.311687
v 10.632245 -0.224262 -0.310159
v 10.633669 -0.250853 -0.308403
v 10.635354 -0.280905 -0.306419
v 10.637301 -0.314420 -0.304206
v 10.639511 -0.351396 -0.301765
v 10.641982 -0.391833 -0.299095
v 10.644715 -0.435733 -0.296198
v 10.647710 -0.483094 -0.293072
v 10.647752 -0.525886 -0.290237
v 10.648041 -0.578747 -0.286737
v 10.648577 -0.641677 -0.282571
v 10.649361 -0.714676 -0.277739
v 10.650392 -0.797745 -0.272240
v 10.651670 -0.890882 -0.266076
v 10.653195 -0.994089 -0.259246
v 10.654969 -1.107366 -0.251749
v 10.656990 -1.230711 -0.243587
v 10.659258 -1.364126 -0.234758
v 10.661774 -1.507610 -0.225264
v 10.664537 -1.661163 -0.215103
v 10.667272 -1.765946 -0.208173
v 10.669472 -1.868840 -0.201365
v 10.671138 -1.969844 -0.194681
v 10.672268 -2.068960 -0.188121
v 10.672865 -2.166187 -0.181683
v 10.672926 -2.261524 -0.175368
v 10.672453 -2.354972 -0.169177
v 10.671444 -2.446531 -0.163109
v 10.669902 -2.536201 -0.157164
v 10.667824 -2.623982 -0.151342
v 10.665212 -2.709873 -0.145643
v 10.662066 -2.793876 -0.140068
v 10.662253 -2.831319 -0.137589
v 10.662981 -2.868134 -0.135153
v 10.664249 -2.904321 -0.132761
v 10.666058 -2.939880 -0.130412
v 10.668406 -2.974812 -0.128107
v 10.671294 -3.009115 -0.125845
v 10.674724 -3.042790 -0.123627
v 10.678692 -3.075837 -0.121453
v 10.683202 -3.108256 -0.119322
v 10.688251 -3.140048 -0.117235
v 10.693841 -3.171211 -0.115191
v 10.699970 -3.201746 -0.113191
v 10.706675 -3.216079 -0.112266
v 10.713921 -3.228839 -0.111447
v 10.721709 -3.240028 -0.110735
v 10.730040 -3.249645 -0.110128
v 10.738913 -3.257689 -0.109628
v 10.748328 -3.264163 -0.109234
v 10.758286 -3.269063 -0.108945
v 10.768785 -3.272393 -0.108763
v 10.779827 -3.274150 -0.108687
v 10.791411 -3.274335 -0.108717
v 10.803537 -3.272949 -0.108854
v 10.816206 -3.269990 -0.109096
v 10.850624 -3.238609 -0.111300
v 10.882624 -3.204704 -0.113663
v 10.912203 -3.168277 -0.116184
v 10.939363 -3.129327 -0.118863
v 10.964106 -3.087853 -0.121700
v 10.986427 -3.043857 -0.124696
v 11.006330 -2.997338 -0.127850
v 11.023815 -2.948295 -0.131162
v 11.038879 -2.896730 -0.134633
v 11.051525 -2.842642 -0.138262
v 11.061751 -2.786031 -0.142049
v 11.069558 -2.726896 -0.145994
v 11.069329 -2.708489 -0.147213
v 11.068560 -2.691024 -0.148367
v 11.067248 -2.674502 -0.149456
v 11.065396 -2.658923 -0.150481
v 11.063004 -2.644286 -0.151442
v 11.060070 -2.630592 -0.152338
v 11.056596 -2.617841 -0.153170
v 11.052580 -2.606032 -0.153938
v 11.048024 -2.595166 -0.154641
v 11.042927 -2.585242 -0.155279
v 11.037289 -2.576261 -0.155854
v 11.031110 -2.568223 -0.156363
v 11.021814 -2.507159 -0.160374
v 11.013076 -2.437287 -0.164970
v 11.004896 -2.358606 -0.170152
v 10.997273 -2.271117 -0.175919
v 10.990210 -2.174819 -0.182271
v 10.983704 -2.069712 -0.189209
v 10.977757 -1.955796 -0.196733
v 10.972366 -1.833072 -0.204842
v 10.967535 -1.701539 -0.213536
v 10.963261 -1.561197 -0.222816
v 10.959545 -1.412047 -0.232682
v 10.956388 -1.254088 -0.243133
v 10.953373 -1.215694 -0.245665
v 10.950647 -1.168491 -0.248781
v 10.948210 -1.112478 -0.252483
v 10.946062 -1.047657 -0.256768
v 10.944201 -0.974025 -0.261638
v 10.942631 -0.891585 -0.267093
v 10.941348 -0.800335 -0.273132
v 10.940353 -0.700276 -0.279756
v 10.939649 -0.591407 -0.286965
v 10.939232 -0.473729 -0.294758
v 10.939104 -0.347242 -0.303135
v 10.939264 -0.211945 -0.312097
v 11.015400 -0.322884 -0.305028
v 11.089122 -0.428782 -0.298283
v 11.160430 -0.529640 -0.291863
v 11.229324 -0.625458 -0.285768
v 11.295805 -0.716236 -0.279999
v 11.359872 -0.801974 -0.274554
v 11.421525 -0.882672 -0.269434
v 11.480764 -0.958330 -0.264640
v 11.537591 -1.028947 -0.260170
v 11.592003 -1.094525 -0.256025
v 11.644002 -1.155062 -0.252206
v 11.693586 -1.210559 -0.248711
v 11.708652 -1.220664 -0.248097
v 11.721566 -1.228246 -0.247642
v 11.732332 -1.233307 -0.247346
v 11.740948 -1.235844 -0.247210
v 11.747414 -1.235860 -0.247232
v 11.751729 -1.233353 -0.247414
v 11.753896 -1.228324 -0.247755
v 11.753912 -1.220773 -0.248255
v 11.751779 -1.210699 -0.248915
v 11.747496 -1.198103 -0.249733
v 11.741063 -1.182984 -0.250711
v 11.732480 -1.165344 -0.251848
v 11.662414 -1.050959 -0.259168
v 11.593968 -0.934690 -0.266619
v 11.527143 -0.816537 -0.274201
v 11.461939 -0.696500 -0.281913
v 11.398355 -0.574579 -0.289756
v 11.336391 -0.450775 -0.297730
v 11.276049 -0.325086 -0.305835
v 11.217326 -0.197514 -0.314070
v 11.160225 -0.068057 -0.322436
v 11.104743 0.063283 -0.330932
v 11.050882 0.196508 -0.339559
v 10.998643 0.331617 -0.348317
v 10.943304 0.466575 -0.357054
v 10.893063 0.591768 -0.365163
v 10.847919 0.707194 -0.372643
v 10.807873 0.812854 -0.379495
v 10.772924 0.908747 -0.385719
v 10.743073 0.994874 -0.391314
v 10.718320 1.071236 -0.396282
v 10.698663 1.137830 -0.400621
v 10.684104 1.194659 -0.404332
v 10.674643 1.241721 -0.407414
v 10.670279 1.279017 -0.409869
v 10.671013 1.306546 -0.411695
v 10.674683 1.321483 -0.412697
v 10.679159 1.336103 -0.413682
v 10.684444 1.350407 -0.414649
v 10.690536 1.364393 -0.415598
v 10.697436 1.378064 -0.416528
v 10.705144 1.391418 -0.417441
v 10.713658 1.404455 -0.418336
v 10.722980 1.417176 -0.419212
v 10.733110 1.429579 -0.420071
v 10.744048 1.441666 -0.420912
v 10.755793 1.453438 -0.421734
v 10.768346 1.464892 -0.422539
v 10.771070 1.479202 -0.423496
v 10.772716 1.491941 -0.424346
v 10.773278 1.503110 -0.425088
v 10.772760 1.512707 -0.425722
v 10.771162 1.520735 -0.426248
v 10.768481 1.527191 -0.426666
v 10.764721 1.532078 -0.426976
v 10.759878 1.535393 -0.427177
v 10.753955 1.537138 -0.427271
v 10.746951 1.537312 -0.427257
v 10.738866 1.535916 -0.427135
v -9.289867 0.444802 0.005024
v -9.334745 0.435943 0.005775
v -9.378819 0.424250 0.006710
v -9.422091 0.409724 0.007831
v -9.464560 0.392364 0.009136
v -9.506227 0.372170 0.010626
v -9.547092 0.349142 0.012300
v -9.587158 0.323281 0.014160
v -9.626417 0.294586 0.016204
v -9.664879 0.263057 0.018433
v -9.702536 0.228695 0.020846
v -9.739389 0.191498 0.023445
v -9.775444 0.151467 0.026228
v -9.737043 -0.029861 0.038098
v -9.721960 -0.215852 0.050362
v -9.708210 -0.396176 0.062256
v -9.695793 -0.570834 0.073779
v -9.684711 -0.739825 0.084932
v -9.674967 -0.903148 0.095714
v -9.666553 -1.060805 0.106126
v -9.659477 -1.212796 0.116167
v -9.653734 -1.359119 0.125838
v -9.649326 -1.499776 0.135138
v -9.646255 -1.634766 0.144068
v -9.644518 -1.764089 0.152628
v -9.644110 -1.887744 0.160817
v -9.640579 -1.935736 0.163982
v -9.636232 -1.981528 0.166999
v -9.631073 -2.025118 0.169868
v -9.625105 -2.066508 0.172588
v -9.618319 -2.105698 0.175158
v -9.610723 -2.142687 0.177581
v -9.602310 -2.177475 0.179854
v -9.593088 -2.210063 0.181979
v -9.583050 -2.240451 0.183955
v -9.572203 -2.268638 0.185782
v -9.560539 -2.294624 0.187461
v -9.548063 -2.318410 0.188991
v -9.535295 -2.332127 0.189853
v -9.522793 -2.343013 0.190528
v -9.510551 -2.351066 0.191017
v -9.498573 -2.356286 0.191319
v -9.486858 -2.358675 0.191434
v -9.475409 -2.358230 0.191363
v -9.464220 -2.354953 0.191105
v -9.453297 -2.348844 0.190660
v -9.442636 -2.339902 0.190029
v -9.432238 -2.328128 0.189211
v -9.422106 -2.313522 0.188206
v -9.412233 -2.296083 0.187015
v -9.399527 -2.276134 0.185648
v -9.387354 -2.253981 0.184136
v -9.375717 -2.229624 0.182480
v -9.364613 -2.203063 0.180680
v -9.354044 -2.174299 0.178736
v -9.344007 -2.143331 0.176648
v -9.334505 -2.110159 0.174416
v -9.325537 -2.074783 0.172040
v -9.317102 -2.037203 0.169520
v -9.309204 -1.997420 0.166856
v -9.301838 -1.955432 0.164049
v -9.295008 -1.911242 0.161097
v -9.300814 -1.731566 0.149217
v -9.306084 -1.555037 0.137544
v -9.310822 -1.381657 0.126077
v -9.315031 -1.211424 0.114817
v -9.318707 -1.044339 0.103763
v -9.321852 -0.880402 0.092916
v -9.324465 -0.719612 0.082276
v -9.326546 -0.561971 0.071842
v -9.328094 -0.407477 0.061615
v -9.329111 -0.256130 0.051594
v -9.329596 -0.107932 0.041780
v -9.329550 0.037119 0.032172
v -9.326023 0.048280 0.031420
v -9.321959 0.059126 0.030687
v -9.317354 0.069655 0.029972
v -9.312212 0.079869 0.029277
v -9.306536 0.089766 0.028601
v -9.300320 0.099348 0.027943
v -9.293564 0.108614 0.027305
v -9.286270 0.117563 0.026685
v -9.278439 0.126197 0.026085
v -9.270069 0.134515 0.025503
v -9.261160 0.142517 0.024941
v -9.251717 0.150203 0.024397
v -9.182909 0.137609 0.024980
v -9.105757 0.122792 0.025679
v -9.020256 0.105752 0.026495
v -8.926409 0.086489 0.027428
v -8.824215 0.065004 0.028477
v -8.713673 0.041296 0.029644
v -8.594786 0.015366 0.030926
v -8.467552 -0.012788 0.032326
v -8.331970 -0.043163 0.033842
v -8.188044 -0.075762 0.035475
v -8.035769 -0.110582 0.037225
v -7.875145 -0.147626 0.039091
v -7.876282 -0.668675 0.073607
v -7.923807 -0.657233 0.073023
v -7.969446 -0.645795 0.072433
v -8.013201 -0.634363 0.071835
v -8.055069 -0.622934 0.071232
v -8.095051 -0.611511 0.070621
v -8.133148 -0.600092 0.070004
v -8.169359 -0.588677 0.069380
v -8.203682 -0.577267 0.068750
v -8.236122 -0.565862 0.068113
v -8.266676 -0.554461 0.067470
v -8.295343 -0.543064 0.066820
v -8.322124 -0.531672 0.066163
v -8.331814 -0.527716 0.065936
v -8.341501 -0.523445 0.065689
v -8.351191 -0.518859 0.065421
v -8.360876 -0.513958 0.065131
v -8.370564 -0.508744 0.064821
v -8.380249 -0.503214 0.064491
v -8.389933 -0.497369 0.064139
v -8.399618 -0.491210 0.063766
v -8.409304 -0.484737 0.063373
v -8.418987 -0.477949 0.062959
v -8.428673 -0.470846 0.062524
v -8.438360 -0.463428 0.062068
v -8.451385 -0.445305 0.060915
v -8.464684 -0.428754 0.059867
v -8.478256 -0.413776 0.058925
v -8.492100 -0.400370 0.058088
v -8.506218 -0.388537 0.057355
v -8.520607 -0.378276 0.056728
v -8.535271 -0.369588 0.056207
v -8.550207 -0.362473 0.055790
v -8.565416 -0.356930 0.055478
v -8.580898 -0.352959 0.055272
v -8.596655 -0.350561 0.055171
v -8.612690 -0.349736 0.055175
v -8.656469 -0.350102 0.055359
v -8.697287 -0.351420 0.055595
v -8.735144 -0.353688 0.055884
v -8.770037 -0.356908 0.056225
v -8.801971 -0.361078 0.056618
v -8.830946 -0.366200 0.057063
v -8.856956 -0.372273 0.057560
v -8.880007 -0.379296 0.058110
v -8.900097 -0.387271 0.058712
v -8.917223 -0.396197 0.059365
v -8.931389 -0.406075 0.060071
v -8.942595 -0.416903 0.060830
v -8.954472 -0.428201 0.061621
v -8.964193 -0.439505 0.062406
v -8.971762 -0.450814 0.063182
v -8.977177 -0.462128 0.063952
v -8.980433 -0.473447 0.064713
v -8.981537 -0.484772 0.065467
v -8.980482 -0.496101 0.066214
v -8.977276 -0.507437 0.066953
v -8.971910 -0.518776 0.067684
v -8.964392 -0.530122 0.068408
v -8.954720 -0.541472 0.069125
v -8.942890 -0.552828 0.069834
v -8.935902 -0.560239 0.070299
v -8.927835 -0.567338 0.070740
v -8.918690 -0.574125 0.071156
v -8.908468 -0.580600 0.071547
v -8.897165 -0.586763 0.071914
v -8.884785 -0.592614 0.072257
v -8.871326 -0.598153 0.072574
v -8.856791 -0.603379 0.072867
v -8.841173 -0.608294 0.073136
v -8.824480 -0.612897 0.073380
v -8.806709 -0.617187 0.073599
v -8.787859 -0.621166 0.073793
v -8.701553 -0.640095 0.074732
v -8.617134 -0.658706 0.075656
v -8.534601 -0.676997 0.076566
v -8.453951 -0.694969 0.077461
v -8.375187 -0.712622 0.078342
v -8.298309 -0.729955 0.079209
v -8.223316 -0.746970 0.080062
v -8.150208 -0.763665 0.080901
v -8.078985 -0.780041 0.081725
v -8.009647 -0.796098 0.082535
v -7.942194 -0.811836 0.083331
v -7.876627 -0.827255 0.084112
v -7.877565 -1.257686 0.112626
v -7.929537 -1.245918 0.112036
v -7.982044 -1.233521 0.111407
v -8.035089 -1.220492 0.110738
v -8.088673 -1.206833 0.110029
v -8.142792 -1.192543 0.109281
v -8.197451 -1.177623 0.108492
v -8.252645 -1.162072 0.107664
v -8.308378 -1.145891 0.106796
v -8.364649 -1.129079 0.105888
v -8.421455 -1.111637 0.104941
v -8.478798 -1.093563 0.103953
v -8.536680 -1.074860 0.102926
v -8.549438 -1.056737 0.101772
v -8.561932 -1.040188 0.100722
v -8.574156 -1.025213 0.099774
v -8.586117 -1.011811 0.098931
v -8.597811 -0.999984 0.098190
v -8.609238 -0.989731 0.097553
v -8.620399 -0.981051 0.097018
v -8.631294 -0.973945 0.096588
v -8.641924 -0.968413 0.096260
v -8.652287 -0.964455 0.096036
v -8.662382 -0.962071 0.095915
v -8.672216 -0.961261 0.095897
v -8.700916 -0.965124 0.096258
v -8.728809 -0.969305 0.096637
v -8.755896 -0.973802 0.097034
v -8.782173 -0.978615 0.097449
v -8.807642 -0.983746 0.097881
v -8.832306 -0.989192 0.098332
v -8.856163 -0.994956 0.098801
v -8.879210 -1.001036 0.099288
v -8.901449 -1.007432 0.099793
v -8.922880 -1.014145 0.100316
v -8.943506 -1.021175 0.100857
v -8.963324 -1.028521 0.101416
v -8.983976 -1.047193 0.102729
v -9.000586 -1.065559 0.104006
v -9.013151 -1.083621 0.105248
v -9.021677 -1.101377 0.106455
v -9.026161 -1.118829 0.107628
v -9.026602 -1.135977 0.108765
v -9.023003 -1.152819 0.109867
v -9.015362 -1.169356 0.110935
v -9.003675 -1.185588 0.111967
v -8.987949 -1.201516 0.112965
v -8.968184 -1.217138 0.113927
v -8.944374 -1.232456 0.114855
v -8.856983 -1.247927 0.115560
v -8.769323 -1.263714 0.116285
v -8.681395 -1.279815 0.117030
v -8.593201 -1.296232 0.117795
v -8.504736 -1.312965 0.118580
v -8.416004 -1.330013 0.119385
v -8.327002 -1.347376 0.120210
v -8.237732 -1.365054 0.121054
v -8.148193 -1.383047 0.121919
v -8.058384 -1.401356 0.122803
v -7.968306 -1.419980 0.123707
v -7.877962 -1.438920 0.124631
v -7.879049 -1.937314 0.157647
v -7.924139 -1.921787 0.156783
v -7.968960 -1.905632 0.155877
v -8.013512 -1.888848 0.154928
v -8.057793 -1.871436 0.153937
v -8.101803 -1.853395 0.152903
v -8.145540 -1.834726 0.151826
v -8.189009 -1.815427 0.150707
v -8.232206 -1.795501 0.149545
v -8.275131 -1.774945 0.148340
v -8.317787 -1.753761 0.147093
v -8.360170 -1.731948 0.145803
v -8.402283 -1.709507 0.144471
v -8.421116 -1.698449 0.143807
v -8.438875 -1.688023 0.143182
v -8.455559 -1.678228 0.142594
v -8.471165 -1.669066 0.142044
v -8.485693 -1.660536 0.141532
v -8.499147 -1.652637 0.141058
v -8.511524 -1.645370 0.140622
v -8.522825 -1.638735 0.140224
v -8.533049 -1.632733 0.139864
v -8.542198 -1.627362 0.139541
v -8.550270 -1.622622 0.139257
v -8.557264 -1.618515 0.139010
v -8.613224 -1.644338 0.140925
v -8.664600 -1.669228 0.142762
v -8.711397 -1.693186 0.144520
v -8.753609 -1.716210 0.146199
v -8.791239 -1.738302 0.147800
v -8.824289 -1.759461 0.149322
v -8.852757 -1.779686 0.150766
v -8.876640 -1.798979 0.152131
v -8.895945 -1.817339 0.153418
v -8.910666 -1.834767 0.154626
v -8.920801 -1.851261 0.155756
v -8.926359 -1.866822 0.156807
v -8.822088 -1.984594 0.164226
v -8.722111 -2.095747 0.171223
v -8.626429 -2.200283 0.177797
v -8.535042 -2.298200 0.183949
v -8.447952 -2.389500 0.189677
v -8.365158 -2.474182 0.194984
v -8.286661 -2.552246 0.199867
v -8.212460 -2.623692 0.204328
v -8.142553 -2.688520 0.208367
v -8.076946 -2.746730 0.211982
v -8.015633 -2.798323 0.215176
v -7.958616 -2.843297 0.217946
v -7.908993 -2.881016 0.220263
v -7.856941 -2.918427 0.222551
v -7.802467 -2.955530 0.224809
v -7.745569 -2.992323 0.227038
v -7.686243 -3.028808 0.229238
v -7.624493 -3.064984 0.231408
v -7.560318 -3.100851 0.233549
v -7.493717 -3.136409 0.235661
v -7.424690 -3.171658 0.237743
v -7.353239 -3.206599 0.239796
v -7.279360 -3.241231 0.241820
v -7.203058 -3.275554 0.243815
v -7.190948 -3.282033 0.244199
v -7.180450 -3.286306 0.244444
v -7.171566 -3.288373 0.244548
v -7.164289 -3.288233 0.244513
v -7.158628 -3.285887 0.244337
v -7.154577 -3.281334 0.244020
v -7.152138 -3.274575 0.243564
v -7.151310 -3.265610 0.242967
v -7.152094 -3.254438 0.242230
v -7.154490 -3.241060 0.241352
v -7.158497 -3.225476 0.240335
v -7.164112 -3.207685 0.239177
v -7.293350 -3.109046 0.233116
v -7.416388 -3.010108 0.227013
v -7.533230 -2.910871 0.220867
v -7.643875 -2.811333 0.214678
v -7.748323 -2.711497 0.208447
v -7.846575 -2.611360 0.202174
v -7.938627 -2.510923 0.195858
v -8.024483 -2.410187 0.189500
v -8.104145 -2.309152 0.183099
v -8.177607 -2.207816 0.176655
v -8.244873 -2.106181 0.170169
v -8.305941 -2.004246 0.163641
v -7.898790 -2.095846 0.168219
v -7.889141 -2.117423 0.169613
v -7.879484 -2.136797 0.170861
v -7.869822 -2.153968 0.171963
v -7.860155 -2.168937 0.172919
v -7.850481 -2.181704 0.173730
v -7.840807 -2.192268 0.174394
v -7.831123 -2.200629 0.174912
v -7.821438 -2.206788 0.175285
v -7.811747 -2.210744 0.175512
v -7.802052 -2.212498 0.175592
v -7.792351 -2.212050 0.175527
v -7.782656 -2.209399 0.175316
v -7.763371 -2.199062 0.174561
v -7.744343 -2.183061 0.173431
v -7.725571 -2.161396 0.171928
v -7.707058 -2.134067 0.170050
v -7.688801 -2.101073 0.167798
v -7.670803 -2.062415 0.165172
v -7.653061 -2.018093 0.162171
v -7.635574 -1.968107 0.158796
v -7.618343 -1.912457 0.155047
v -7.601372 -1.851142 0.150924
v -7.584656 -1.784163 0.146426
v -7.568197 -1.711520 0.141555
v -7.580063 -1.593500 0.133781
v -7.590309 -1.473595 0.125876
v -7.598932 -1.351807 0.117841
v -7.605938 -1.228135 0.109675
v -7.611320 -1.102579 0.101379
v -7.615084 -0.975139 0.092951
v -7.617228 -0.845815 0.084393
v -7.617748 -0.714607 0.075705
v -7.616650 -0.581516 0.066885
v -7.613932 -0.446540 0.057935
v -7.609591 -0.309680 0.048854
v -7.603630 -0.170936 0.039643
v -7.576977 -0.117039 0.035975
v -7.555452 -0.068479 0.032680
v -7.539061 -0.025255 0.029757
v -7.527796 0.012633 0.027207
v -7.521664 0.045184 0.025028
v -7.520662 0.072398 0.023222
v -7.524790 0.094275 0.021788
v -7.534050 0.110817 0.020726
v -7.548437 0.122021 0.020037
v -7.567957 0.127889 0.019719
v -7.592607 0.128421 0.019774
v -7.622385 0.123616 0.020201
v -7.641655 0.119415 0.020550
v -7.660660 0.114269 0.020960
v -7.679398 0.108179 0.021432
v -7.697866 0.101144 0.021966
v -7.716070 0.093164 0.022561
v -7.734003 0.084240 0.023218
v -7.751669 0.074371 0.023936
v -7.769072 0.063558 0.024716
v -7.786205 0.051800 0.025557
v -7.803072 0.039098 0.026460
v -7.819670 0.025451 0.027425
v -7.836002 0.010860 0.028451
v -7.932940 0.033906 0.027279
v -8.029877 0.057266 0.026086
v -8.126812 0.080941 0.024872
v -8.223747 0.104930 0.023638
v -8.320681 0.129235 0.022382
v -8.417614 0.153853 0.021106
v -8.514547 0.178787 0.019809
v -8.611479 0.204035 0.018491
v -8.708408 0.229598 0.017152
v -8.805340 0.255476 0.015792
v -8.902269 0.281667 0.014412
v -8.999201 0.308174 0.013011
v -8.888405 -2.252038 0.182183
v -8.956480 -2.275315 0.183974
v -9.024828 -2.300164 0.185869
v -9.093451 -2.326586 0.187870
v -9.162344 -2.354581 0.189976
v -9.231512 -2.384148 0.192188
v -9.300953 -2.415287 0.194504
v -9.370665 -2.447999 0.196926
v -9.440653 -2.482284 0.199452
v -9.510912 -2.518141 0.202084
v -9.581444 -2.555571 0.204821
v -9.652248 -2.594573 0.207664
v -9.723331 -2.635148 0.210611
v -9.748957 -2.649088 0.211628
v -9.774055 -2.668378 0.212997
v -9.798626 -2.693018 0.214719
v -9.822668 -2.723009 0.216794
v -9.846186 -2.758349 0.219220
v -9.869173 -2.799040 0.222000
v -9.891634 -2.845081 0.225131
v -9.913567 -2.896473 0.228615
v -9.934977 -2.953214 0.232452
v -9.955856 -3.015306 0.236641
v -9.976210 -3.082748 0.241182
v -9.996035 -3.155540 0.246076
v -9.998648 -3.181020 0.247774
v -9.999912 -3.204616 0.249341
v -9.999825 -3.226326 0.250779
v -9.998384 -3.246152 0.252087
v -9.995596 -3.264094 0.253265
v -9.991455 -3.280151 0.254313
v -9.985962 -3.294323 0.255232
v -9.979118 -3.306611 0.256021
v -9.970924 -3.317014 0.256680
v -9.961378 -3.325532 0.257209
v -9.950481 -3.332166 0.257609
v -9.938234 -3.336915 0.257879
v -9.928148 -3.343704 0.258291
v -9.917250 -3.348922 0.258597
v -9.905537 -3.352569 0.258796
v -9.893013 -3.354644 0.258888
v -9.879679 -3.355149 0.258872
v -9.865532 -3.354081 0.258750
v -9.850574 -3.351443 0.258520
v -9.834805 -3.347233 0.258184
v -9.818224 -3.341453 0.257740
v -9.800829 -3.334100 0.257190
v -9.782625 -3.325177 0.256532
v -9.763609 -3.314682 0.255768
v -9.749704 -3.301973 0.254875
v -9.733912 -3.286436 0.253788
v -9.716223 -3.268072 0.252507
v -9.696646 -3.246881 0.251032
v -9.675175 -3.222862 0.249362
v -9.651812 -3.196017 0.247499
v -9.626556 -3.166344 0.245441
v -9.599409 -3.133843 0.243189
v -9.570370 -3.098516 0.240743
v -9.539438 -3.060361 0.238103
v -9.506615 -3.019380 0.235268
v -9.471907 -2.975570 0.232240
v -9.405195 -2.898486 0.226890
v -9.341185 -2.825486 0.221821
v -9.279879 -2.756570 0.217032
v -9.221277 -2.691737 0.212524
v -9.165375 -2.630988 0.208295
v -9.112179 -2.574323 0.204348
v -9.061686 -2.521742 0.200680
v -9.013893 -2.473245 0.197293
v -8.968805 -2.428832 0.194187
v -8.926420 -2.388503 0.191361
v -8.886736 -2.352257 0.188815
v -8.849758 -2.320095 0.186549
v -8.835178 -2.305814 0.185550
v -8.823837 -2.293098 0.184666
v -8.815729 -2.281948 0.183898
v -8.810858 -2.272363 0.183246
v -8.809225 -2.264344 0.182708
v -8.810825 -2.257890 0.182287
v -8.815666 -2.253001 0.181981
v -8.823742 -2.249678 0.181790
v -8.835052 -2.247920 0.181715
v -8.849600 -2.247727 0.181755
v -8.867382 -2.249100 0.181911
v -9.403187 1.849647 -0.087613
v -9.423124 1.848279 -0.087449
v -9.444149 1.844082 -0.087095
v -9.466255 1.837056 -0.086548
v -9.489447 1.827201 -0.085811
v -9.513721 1.814516 -0.084882
v -9.539078 1.799002 -0.083762
v -9.565519 1.780659 -0.082450
v -9.593046 1.759487 -0.080947
v -9.621656 1.735486 -0.079253
v -9.651350 1.708656 -0.077367
v -9.682127 1.678995 -0.075290
v -9.713989 1.646508 -0.073022
v -9.734646 1.624375 -0.071480
v -9.751263 1.603177 -0.070015
v -9.763836 1.582913 -0.068627
v -9.772364 1.563583 -0.067316
v -9.776850 1.545187 -0.066081
v -9.777292 1.527725 -0.064922
v -9.773691 1.511198 -0.063841
v -9.766047 1.495604 -0.062836
v -9.754360 1.480945 -0.061908
v -9.738628 1.467220 -0.061056
v -9.718855 1.454429 -0.060281
v -9.695038 1.442573 -0.059583
v -9.666199 1.386339 -0.055964
v -9.637627 1.331050 -0.052406
v -9.609322 1.276706 -0.048910
v -9.581285 1.223305 -0.045476
v -9.553514 1.170851 -0.042103
v -9.526012 1.119340 -0.038791
v -9.498777 1.068774 -0.035542
v -9.471809 1.019152 -0.032354
v -9.445110 0.970475 -0.029227
v -9.418678 0.922743 -0.026162
v -9.392513 0.875955 -0.023159
v -9.366615 0.830112 -0.020217
v -9.369215 0.812026 -0.019010
v -9.370464 0.795510 -0.017911
v -9.370361 0.780564 -0.016921
v -9.368908 0.767188 -0.016041
v -9.366106 0.755383 -0.015269
v -9.361952 0.745147 -0.014606
v -9.356447 0.736481 -0.014052
v -9.349592 0.729385 -0.013607
v -9.341389 0.723859 -0.013271
v -9.331833 0.719903 -0.013044
v -9.320929 0.717517 -0.012926
v -9.308672 0.716700 -0.012917
v -9.279297 0.720248 -0.013259
v -9.249386 0.723479 -0.013583
v -9.218937 0.726395 -0.013887
v -9.187948 0.728995 -0.014173
v -9.156424 0.731278 -0.014439
v -9.124359 0.733246 -0.014687
v -9.091755 0.734898 -0.014915
v -9.058617 0.736234 -0.015125
v -9.024939 0.737254 -0.015316
v -8.990723 0.737958 -0.015487
v -8.955969 0.738346 -0.015640
v -8.920675 0.738418 -0.015774
v -8.846075 0.726439 -0.015253
v -8.770937 0.713514 -0.014672
v -8.695261 0.699645 -0.014030
v -8.619051 0.684830 -0.013327
v -8.542303 0.669070 -0.012564
v -8.465021 0.652364 -0.011740
v -8.387199 0.634714 -0.010855
v -8.308842 0.616118 -0.009910
v -8.229946 0.596577 -0.008904
v -8.150517 0.576091 -0.007838
v -8.070551 0.554659 -0.006711
v -7.990046 0.532282 -0.005523
v -7.989540 0.517650 -0.004555
v -7.987951 0.503959 -0.003654
v -7.985287 0.491210 -0.002820
v -7.981539 0.479401 -0.002051
v -7.976715 0.468534 -0.001349
v -7.970808 0.458609 -0.000713
v -7.963821 0.449625 -0.000144
v -7.955759 0.441582 0.000360
v -7.946613 0.434480 0.000796
v -7.936390 0.428320 0.001167
v -7.925087 0.423101 0.001471
v -7.912703 0.418824 0.001710
v -7.896669 0.420201 0.001560
v -7.880899 0.424411 0.001223
v -7.865393 0.431453 0.000700
v -7.850151 0.441328 -0.000010
v -7.835171 0.454035 -0.000906
v -7.820454 0.469574 -0.001989
v -7.806002 0.487946 -0.003259
v -7.791811 0.509151 -0.004715
v -7.777885 0.533187 -0.006358
v -7.764221 0.560057 -0.008188
v -7.750820 0.589758 -0.010204
v -7.737680 0.622291 -0.012407
v -7.718294 0.679037 -0.016237
v -7.699177 0.736099 -0.020086
v -7.680328 0.793476 -0.023955
v -7.661749 0.851168 -0.027845
v -7.643438 0.909176 -0.031754
v -7.625395 0.967499 -0.035683
v -7.607622 1.026137 -0.039632
v -7.590115 1.085091 -0.043600
v -7.572878 1.144359 -0.047589
v -7.555908 1.203943 -0.051598
v -7.539209 1.263843 -0.055626
v -7.522778 1.324057 -0.059675
v -7.510193 1.349828 -0.061428
v -7.498421 1.374342 -0.063094
v -7.487461 1.397599 -0.064675
v -7.477308 1.419600 -0.066169
v -7.467970 1.440344 -0.067577
v -7.459438 1.459831 -0.068899
v -7.451723 1.478061 -0.070135
v -7.444815 1.495035 -0.071285
v -7.438721 1.510753 -0.072348
v -7.433435 1.525214 -0.073325
v -7.428959 1.538419 -0.074216
v -7.425299 1.550366 -0.075021
v -7.417702 1.574733 -0.076663
v -7.414425 1.595020 -0.078018
v -7.415466 1.611226 -0.079088
v -7.420830 1.623352 -0.079872
v -7.430510 1.631399 -0.080369
v -7.444510 1.635366 -0.080581
v -7.462830 1.635253 -0.080506
v -7.485468 1.631060 -0.080146
v -7.512426 1.622787 -0.079499
v -7.543705 1.610434 -0.078567
v -7.579304 1.594001 -0.077348
v -7.619221 1.573488 -0.075843
v -7.632042 1.562507 -0.075069
v -7.644592 1.552154 -0.074338
v -7.656872 1.542430 -0.073649
v -7.668882 1.533334 -0.073002
v -7.680620 1.524867 -0.072398
v -7.692087 1.517029 -0.071837
v -7.703283 1.509819 -0.071319
v -7.714207 1.503238 -0.070843
v -7.724861 1.497285 -0.070410
v -7.735243 1.491961 -0.070019
v -7.745358 1.487266 -0.069671
v -7.755199 1.483199 -0.069366
v -7.875320 1.499379 -0.069998
v -7.996515 1.517133 -0.070731
v -8.118788 1.536465 -0.071565
v -8.242130 1.557372 -0.072499
v -8.366549 1.579855 -0.073533
v -8.492041 1.603913 -0.074668
v -8.618608 1.629547 -0.075903
v -8.746250 1.656758 -0.077238
v -8.874964 1.685544 -0.078675
v -9.004755 1.715906 -0.080211
v -9.135616 1.747844 -0.081848
v -9.267553 1.781357 -0.083585
v -9.283289 1.792250 -0.084249
v -9.298222 1.802197 -0.084854
v -9.312346 1.811199 -0.085398
v -9.325663 1.819254 -0.085883
v -9.338175 1.826364 -0.086308
v -9.349880 1.832528 -0.086674
v -9.360781 1.837746 -0.086980
v -9.370872 1.842018 -0.087226
v -9.380161 1.845344 -0.087412
v -9.388643 1.847725 -0.087539
v -9.396317 1.849159 -0.087606
v -9.190357 1.599935 -0.071851
v -9.074301 1.573382 -0.070517
v -8.958782 1.547146 -0.069201
v -8.843801 1.521225 -0.067905
v -8.729357 1.495619 -0.066627
v -8.615452 1.470330 -0.065368
v -8.502085 1.445357 -0.064129
v -8.389257 1.420699 -0.062908
v -8.276966 1.396358 -0.061706
v -8.165213 1.372333 -0.060524
v -8.054001 1.348623 -0.059360
v -7.943325 1.325230 -0.058215
v -7.833185 1.302152 -0.057089
v -7.827267 1.298048 -0.056839
v -7.822428 1.293317 -0.056543
v -7.818668 1.287958 -0.056202
v -7.815989 1.281974 -0.055815
v -7.814384 1.275363 -0.055383
v -7.813862 1.268125 -0.054906
v -7.814419 1.260260 -0.054383
v -7.816053 1.251768 -0.053814
v -7.818768 1.242650 -0.053201
v -7.822559 1.232906 -0.052541
v -7.827433 1.222534 -0.051837
v -7.833382 1.211535 -0.051086
v -7.846272 1.170034 -0.048290
v -7.858891 1.128531 -0.045495
v -7.871239 1.087028 -0.042701
v -7.883318 1.045524 -0.039908
v -7.895128 1.004019 -0.037116
v -7.906670 0.962514 -0.034324
v -7.917938 0.921008 -0.031534
v -7.928940 0.879502 -0.028744
v -7.939671 0.837995 -0.025956
v -7.950134 0.796487 -0.023168
v -7.960325 0.754978 -0.020382
v -7.970253 0.713470 -0.017596
v -8.105984 0.736451 -0.018622
v -9.114155 0.965429 -0.030103
v -9.126987 1.010926 -0.033069
v -9.139820 1.056738 -0.036057
v -9.152651 1.102864 -0.039065
v -9.165482 1.149305 -0.042094
v -9.178312 1.196060 -0.045144
v -9.191143 1.243130 -0.048215
v -9.203972 1.290516 -0.051307
v -9.216799 1.338215 -0.054419
v -9.229626 1.386229 -0.057553
v -9.242453 1.434558 -0.060707
v -9.255281 1.483201 -0.063882
v -9.268097 1.532160 -0.067078
v -9.267527 1.546474 -0.068028
v -9.265882 1.559214 -0.068878
v -9.263165 1.570377 -0.069627
v -9.259371 1.579964 -0.070276
v -9.254505 1.587977 -0.070824
v -9.248562 1.594413 -0.071273
v -9.241547 1.599272 -0.071620
v -9.233458 1.602556 -0.071867
v -9.224293 1.604265 -0.072014
v -9.214056 1.604398 -0.072060
v -9.202744 1.602955 -0.072006
v -3.937281 -0.066514 0.019322
v -3.981084 -0.077578 0.020215
v -4.021923 -0.088334 0.021077
v -4.059798 -0.098783 0.021907
v -4.094709 -0.108925 0.022707
v -4.126656 -0.118760 0.023475
v -4.155636 -0.128286 0.024212
v -4.181656 -0.137505 0.024918
v -4.204708 -0.146417 0.025592
v -4.224800 -0.155021 0.026236
v -4.241924 -0.163318 0.026848
v -4.256086 -0.171307 0.027429
v -4.267281 -0.178989 0.027978
v -4.279953 -0.183049 0.028294
v -4.292088 -0.187739 0.028649
v -4.303684 -0.193060 0.029044
v -4.314741 -0.199012 0.029478
v -4.325262 -0.205594 0.029953
v -4.335247 -0.212807 0.030467
v -4.344692 -0.220650 0.031021
v -4.353603 -0.229124 0.031615
v -4.361973 -0.238228 0.032248
v -4.369810 -0.247963 0.032922
v -4.377104 -0.258329 0.033635
v -4.383865 -0.269325 0.034388
v -4.389292 -0.287561 0.035616
v -4.392561 -0.304544 0.036753
v -4.393673 -0.320274 0.037799
v -4.392628 -0.334750 0.038754
v -4.389423 -0.347973 0.039618
v -4.384064 -0.359942 0.040391
v -4.376543 -0.370659 0.041073
v -4.366865 -0.380121 0.041665
v -4.355028 -0.388330 0.042165
v -4.341034 -0.395286 0.042575
v -4.324883 -0.400989 0.042893
v -4.306572 -0.405438 0.043121
v -4.254045 -0.409655 0.043208
v -4.199905 -0.414506 0.043332
v -4.144151 -0.419989 0.043491
v -4.086779 -0.426106 0.043687
v -4.027793 -0.432856 0.043918
v -3.967192 -0.440239 0.044185
v -3.904976 -0.448255 0.044489
v -3.841145 -0.456905 0.044828
v -3.775699 -0.466187 0.045204
v -3.708638 -0.476103 0.045616
v -3.639960 -0.486652 0.046063
v -3.569670 -0.497834 0.046547
v -3.579258 -0.509296 0.047341
v -3.588578 -0.521072 0.048155
v -3.597630 -0.533165 0.048989
v -3.606413 -0.545572 0.049843
v -3.614927 -0.558294 0.050717
v -3.623173 -0.571332 0.051611
v -3.631150 -0.584685 0.052524
v -3.638858 -0.598354 0.053458
v -3.646297 -0.612337 0.054411
v -3.653467 -0.626636 0.055385
v -3.660369 -0.641251 0.056378
v -3.667003 -0.656180 0.057391
v -3.666922 -0.681037 0.059037
v -3.666582 -0.710300 0.060974
v -3.665981 -0.743968 0.063202
v -3.665121 -0.782042 0.065721
v -3.664002 -0.824522 0.068530
v -3.662622 -0.871407 0.071631
v -3.660983 -0.922698 0.075022
v -3.659084 -0.978395 0.078704
v -3.656925 -1.038497 0.082677
v -3.654507 -1.103005 0.086941
v -3.651827 -1.171919 0.091496
v -3.648890 -1.245238 0.096341
v -3.686583 -1.233820 0.095723
v -3.722119 -1.222407 0.095097
v -3.755502 -1.210999 0.094463
v -3.786728 -1.199596 0.093822
v -3.815800 -1.188199 0.093174
v -3.842716 -1.176807 0.092517
v -3.867476 -1.165420 0.091854
v -3.890081 -1.154038 0.091182
v -3.910531 -1.142662 0.090504
v -3.928826 -1.131290 0.089817
v -3.944966 -1.119924 0.089124
v -3.958951 -1.108563 0.088422
v -3.990743 -1.108801 0.088554
v -4.021457 -1.109671 0.088724
v -4.051096 -1.111172 0.088932
v -4.079658 -1.113306 0.089178
v -4.107143 -1.116071 0.089461
v -4.133553 -1.119469 0.089783
v -4.158886 -1.123498 0.090142
v -4.183142 -1.128159 0.090540
v -4.206322 -1.133452 0.090975
v -4.228428 -1.139377 0.091448
v -4.249456 -1.145934 0.091960
v -4.269407 -1.153123 0.092509
v -4.285582 -1.157331 0.092846
v -4.301758 -1.162484 0.093247
v -4.317936 -1.168580 0.093710
v -4.334116 -1.175621 0.094235
v -4.350298 -1.183605 0.094823
v -4.366482 -1.192533 0.095474
v -4.382669 -1.202406 0.096187
v -4.398857 -1.213222 0.096963
v -4.415047 -1.224982 0.097801
v -4.431240 -1.237686 0.098701
v -4.447435 -1.251334 0.099665
v -4.463629 -1.265926 0.100690
v -4.472162 -1.287773 0.102169
v -4.478270 -1.308053 0.103534
v -4.481947 -1.326765 0.104787
v -4.483196 -1.343910 0.105927
v -4.482019 -1.359488 0.106955
v -4.478413 -1.373498 0.107869
v -4.472378 -1.385941 0.108672
v -4.463913 -1.396817 0.109361
v -4.453024 -1.406125 0.109938
v -4.439705 -1.413866 0.110402
v -4.423958 -1.420040 0.110753
v -4.405783 -1.424646 0.110992
v -4.350161 -1.428871 0.111068
v -4.293190 -1.433728 0.111182
v -4.234875 -1.439217 0.111332
v -4.175213 -1.445340 0.111519
v -4.114207 -1.452094 0.111744
v -4.051856 -1.459482 0.112005
v -3.988158 -1.467502 0.112303
v -3.923114 -1.476154 0.112639
v -3.856725 -1.485439 0.113011
v -3.788990 -1.495356 0.113420
v -3.719910 -1.505906 0.113867
v -3.649483 -1.517089 0.114350
v -3.593466 -2.514017 0.180177
v -4.504894 -2.398545 0.175861
v -4.529909 -2.380235 0.174740
v -4.553310 -2.363188 0.173696
v -4.575098 -2.347404 0.172730
v -4.595272 -2.332881 0.171842
v -4.613834 -2.319621 0.171032
v -4.630781 -2.307624 0.170299
v -4.646112 -2.296889 0.169644
v -4.659834 -2.287416 0.169067
v -4.671938 -2.279207 0.168567
v -4.682430 -2.272259 0.168145
v -4.691309 -2.266574 0.167801
v -4.698572 -2.262151 0.167535
v -4.729279 -2.259875 0.167496
v -4.763227 -2.260737 0.167678
v -4.800415 -2.264738 0.168078
v -4.840841 -2.271877 0.168699
v -4.884508 -2.282155 0.169540
v -4.931416 -2.295571 0.170600
v -4.981562 -2.312126 0.171880
v -5.034946 -2.331820 0.173379
v -5.091574 -2.354652 0.175099
v -5.151440 -2.380623 0.177038
v -5.214544 -2.409733 0.179196
v -5.280888 -2.441981 0.181575
v -5.311905 -2.457166 0.182694
v -5.340223 -2.472673 0.183825
v -5.365854 -2.488501 0.184967
v -5.388788 -2.504649 0.186120
v -5.409031 -2.521119 0.187285
v -5.426579 -2.537910 0.188461
v -5.441435 -2.555023 0.189649
v -5.453596 -2.572456 0.190848
v -5.463064 -2.590211 0.192059
v -5.469839 -2.608286 0.193281
v -5.473921 -2.626683 0.194514
v -5.475307 -2.645401 0.195759
v -5.468216 -2.666971 0.197162
v -5.459770 -2.686342 0.198414
v -5.449976 -2.703514 0.199516
v -5.438828 -2.718487 0.200467
v -5.426329 -2.731260 0.201267
v -5.412477 -2.741834 0.201917
v -5.397272 -2.750209 0.202416
v -5.380718 -2.756384 0.202765
v -5.362812 -2.760360 0.202962
v -5.343554 -2.762138 0.203010
v -5.322943 -2.761715 0.202906
v -5.300980 -2.759094 0.202653
v -5.231733 -2.755643 0.202171
v -5.159794 -2.752512 0.201700
v -5.085161 -2.749704 0.201242
v -5.007835 -2.747216 0.200794
v -4.927816 -2.745049 0.200358
v -4.845104 -2.743203 0.199933
v -4.759697 -2.741679 0.199520
v -4.671597 -2.740476 0.199118
v -4.580805 -2.739594 0.198728
v -4.487318 -2.739033 0.198349
v -4.391138 -2.738793 0.197982
v -4.292267 -2.738874 0.197625
v -4.221682 -2.739359 0.197400
v -4.152177 -2.740471 0.197219
v -4.083751 -2.742209 0.197084
v -4.016403 -2.744574 0.196994
v -3.950134 -2.747566 0.196950
v -3.884945 -2.751184 0.196952
v -3.820834 -2.755430 0.196998
v -3.757803 -2.760302 0.197091
v -3.695851 -2.765800 0.197228
v -3.634978 -2.771925 0.197412
v -3.575184 -2.778677 0.197640
v -3.516471 -2.786056 0.197914
v -3.471624 -2.790726 0.198060
v -3.421124 -2.796983 0.198289
v -3.364969 -2.804828 0.198604
v -3.303161 -2.814259 0.199002
v -3.235698 -2.825277 0.199486
v -3.162581 -2.837882 0.200053
v -3.083809 -2.852074 0.200705
v -2.999384 -2.867852 0.201442
v -2.909304 -2.885218 0.202263
v -2.813570 -2.904171 0.203168
v -2.712183 -2.924710 0.204158
v -2.605141 -2.946836 0.205232
v -2.569325 -2.954631 0.205617
v -2.532972 -2.962742 0.206022
v -2.496082 -2.971169 0.206445
v -2.458653 -2.979913 0.206887
v -2.420685 -2.988971 0.207348
v -2.382180 -2.998346 0.207829
v -2.343137 -3.008037 0.208328
v -2.303555 -3.018044 0.208846
v -2.263436 -3.028367 0.209383
v -2.222778 -3.039006 0.209939
v -2.181582 -3.049960 0.210514
v -2.139851 -3.061231 0.211108
v -2.057609 -3.028392 0.208632
v -1.985609 -2.997416 0.206317
v -1.923851 -2.968303 0.204163
v -1.872334 -2.941053 0.202170
v -1.831059 -2.915667 0.200337
v -1.800025 -2.892143 0.198666
v -1.779234 -2.870483 0.197155
v -1.768683 -2.850686 0.195805
v -1.768374 -2.832752 0.194616
v -1.778308 -2.816681 0.193588
v -1.798483 -2.802473 0.192721
v -1.828899 -2.790129 0.192014
v -1.930979 -2.777926 0.191579
v -2.036828 -2.764455 0.191074
v -2.146445 -2.749717 0.190499
v -2.259832 -2.733711 0.189853
v -2.376987 -2.716438 0.189137
v -2.497911 -2.697896 0.188351
v -2.622606 -2.678087 0.187495
v -2.751068 -2.657011 0.186569
v -2.883299 -2.634667 0.185572
v -3.019300 -2.611055 0.184505
v -3.159069 -2.586175 0.183368
v -3.302605 -2.560028 0.182161
v -3.319827 -1.563193 0.116198
v -3.253450 -1.578299 0.116956
v -3.190037 -1.593083 0.117704
v -3.129586 -1.607545 0.118440
v -3.072098 -1.621686 0.119167
v -3.017573 -1.635504 0.119883
v -2.966009 -1.649001 0.120588
v -2.917410 -1.662176 0.121283
v -2.871773 -1.675030 0.121968
v -2.829100 -1.687561 0.122642
v -2.789387 -1.699771 0.123305
v -2.752639 -1.711659 0.123958
v -2.718854 -1.723225 0.124601
v -2.711309 -1.722456 0.124522
v -2.701605 -1.720120 0.124332
v -2.689742 -1.716216 0.124030
v -2.675721 -1.710743 0.123616
v -2.659541 -1.703703 0.123091
v -2.641202 -1.695094 0.122454
v -2.620705 -1.684918 0.121705
v -2.598049 -1.673173 0.120844
v -2.573236 -1.659861 0.119872
v -2.546262 -1.644980 0.118787
v -2.517130 -1.628532 0.117591
v -2.485838 -1.610515 0.116284
v -2.483391 -1.599666 0.115556
v -2.482560 -1.589757 0.114897
v -2.483349 -1.580787 0.114305
v -2.485756 -1.572758 0.113782
v -2.489782 -1.565669 0.113328
v -2.495426 -1.559520 0.112941
v -2.502688 -1.554311 0.112622
v -2.511569 -1.550041 0.112372
v -2.522070 -1.546712 0.112190
v -2.534187 -1.544323 0.112076
v -2.547925 -1.542874 0.112030
v -2.563280 -1.542365 0.112053
v -3.319283 -1.313996 0.099691
v -3.318097 -0.770294 0.063674
v -3.317247 -0.751732 0.062441
v -3.314784 -0.733803 0.061245
v -3.310704 -0.716508 0.060084
v -3.305011 -0.699846 0.058960
v -3.297703 -0.683816 0.057871
v -3.288778 -0.668420 0.056819
v -3.278238 -0.653657 0.055803
v -3.266085 -0.639528 0.054822
v -3.252315 -0.626031 0.053878
v -3.236931 -0.613168 0.052970
v -3.219933 -0.600938 0.052097
v -3.201318 -0.589341 0.051261
v -3.138988 -0.607583 0.052242
v -3.081238 -0.624242 0.053134
v -3.028062 -0.639316 0.053938
v -2.979463 -0.652805 0.054654
v -2.935441 -0.664711 0.055281
v -2.895994 -0.675032 0.055821
v -2.861125 -0.683769 0.056272
v -2.830832 -0.690922 0.056635
v -2.805116 -0.696490 0.056910
v -2.783977 -0.700474 0.057096
v -2.767413 -0.702874 0.057195
v -2.755425 -0.703689 0.057205
v -2.580700 -0.636148 0.052093
v -2.571786 -0.625314 0.051342
v -2.564490 -0.615420 0.050660
v -2.558814 -0.606467 0.050047
v -2.554755 -0.598453 0.049501
v -2.552315 -0.591379 0.049024
v -2.551493 -0.585246 0.048614
v -2.552290 -0.580052 0.048273
v -2.554706 -0.575799 0.048000
v -2.558740 -0.572485 0.047796
v -2.564391 -0.570112 0.047659
v -2.571662 -0.568678 0.047591
v -2.580551 -0.568185 0.047590
v -2.704398 -0.530443 0.045543
v -2.823936 -0.493341 0.043523
v -2.939163 -0.456879 0.041529
v -3.050081 -0.421057 0.039562
v -3.156691 -0.385874 0.037621
v -3.258991 -0.351331 0.035707
v -3.356982 -0.317427 0.033820
v -3.450664 -0.284163 0.031959
v -3.540037 -0.251539 0.030125
v -3.625100 -0.219555 0.028318
v -3.705855 -0.188210 0.026537
v -3.782299 -0.157505 0.024782
v -3.792229 -0.139547 0.023629
v -3.802700 -0.123474 0.022603
v -3.813715 -0.109289 0.021704
v -3.825274 -0.096990 0.020931
v -3.837374 -0.086578 0.020286
v -3.850018 -0.078052 0.019767
v -3.863203 -0.071412 0.019376
v -3.876933 -0.066659 0.019111
v -3.891206 -0.063793 0.018973
v -3.906020 -0.062814 0.018963
v -3.921378 -0.063720 0.019079
v -3.273072 2.084049 -0.125550
v -3.326080 2.053028 -0.123302
v -3.375049 2.020108 -0.120942
v -3.419982 1.985291 -0.118472
v -3.460877 1.948576 -0.115890
v -3.497736 1.909964 -0.113198
v -3.530558 1.869454 -0.110395
v -3.559341 1.827047 -0.107481
v -3.584089 1.782742 -0.104456
v -3.604799 1.736539 -0.101320
v -3.621472 1.688439 -0.098073
v -3.634109 1.638441 -0.094715
v -3.642711 1.586545 -0.091246
v -3.642331 1.574903 -0.090476
v -3.641146 1.562629 -0.089668
v -3.639154 1.549723 -0.088820
v -3.636355 1.536187 -0.087934
v -3.632749 1.522020 -0.087009
v -3.628336 1.507221 -0.086045
v -3.623116 1.491791 -0.085042
v -3.617089 1.475729 -0.084000
v -3.610256 1.459036 -0.082919
v -3.602616 1.441712 -0.081800
v -3.594169 1.423757 -0.080641
v -3.584913 1.405170 -0.079444
v -3.843287 1.153764 -0.061847
v -4.093542 0.919329 -0.045405
v -4.335676 0.701865 -0.030115
v -4.569691 0.501372 -0.015980
v -4.795586 0.317850 -0.002999
v -5.013365 0.151300 0.008829
v -5.223021 0.001721 0.019503
v -5.424561 -0.130887 0.029023
v -5.617979 -0.246524 0.037390
v -5.803280 -0.345190 0.044602
v -5.980459 -0.426884 0.050661
v -6.149519 -0.491607 0.055566
v -6.152493 -0.495376 0.055827
v -6.154924 -0.499146 0.056085
v -6.156816 -0.502917 0.056342
v -6.158173 -0.506690 0.056597
v -6.158989 -0.510463 0.056850
v -6.159267 -0.514238 0.057101
v -6.159006 -0.518015 0.057350
v -6.158205 -0.521793 0.057597
v -6.156866 -0.525572 0.057843
v -6.154989 -0.529352 0.058086
v -6.152575 -0.533133 0.058328
v -6.149618 -0.536916 0.058568
v -6.113543 -0.548173 0.059181
v -6.076385 -0.559118 0.059771
v -6.038153 -0.569751 0.060335
v -5.998842 -0.580071 0.060875
v -5.958452 -0.590080 0.061390
v -5.916985 -0.599777 0.061881
v -5.874439 -0.609162 0.062347
v -5.830814 -0.618234 0.062788
v -5.786112 -0.626995 0.063205
v -5.740332 -0.635443 0.063597
v -5.693472 -0.643580 0.063965
v -5.645535 -0.651405 0.064308
v -5.582785 -0.662411 0.064808
v -5.523806 -0.672465 0.065258
v -5.468597 -0.681566 0.065659
v -5.417158 -0.689713 0.066011
v -5.369488 -0.696908 0.066313
v -5.325588 -0.703149 0.066566
v -5.285460 -0.708437 0.066769
v -5.249100 -0.712773 0.066923
v -5.216509 -0.716156 0.067028
v -5.187685 -0.718585 0.067084
v -5.162634 -0.720061 0.067090
v -5.141350 -0.720585 0.067047
v -5.125320 -0.719994 0.066949
v -5.109556 -0.718144 0.066769
v -5.094057 -0.715035 0.066507
v -5.078825 -0.710667 0.066161
v -5.063860 -0.705040 0.065734
v -5.049166 -0.698153 0.065224
v -5.034733 -0.690007 0.064632
v -5.020567 -0.680602 0.063957
v -5.006670 -0.669937 0.063200
v -4.993038 -0.658014 0.062360
v -4.979673 -0.644831 0.061438
v -4.966576 -0.630389 0.060434
v -4.951857 -0.612805 0.059215
v -4.933620 -0.590194 0.057651
v -4.911873 -0.562558 0.055741
v -4.886612 -0.529896 0.053485
v -4.857836 -0.492208 0.050884
v -4.825550 -0.449494 0.047937
v -4.789749 -0.401755 0.044644
v -4.750435 -0.348989 0.041005
v -4.707607 -0.291198 0.037021
v -4.661266 -0.228381 0.032690
v -4.611412 -0.160538 0.028015
v -4.558046 -0.087670 0.022993
v -4.491442 0.001371 0.016852
v -4.421326 0.095123 0.010386
v -4.347696 0.193587 0.003595
v -4.270554 0.296761 -0.003521
v -4.189901 0.404646 -0.010962
v -4.105735 0.517244 -0.018728
v -4.018055 0.634551 -0.026818
v -3.926864 0.756570 -0.035233
v -3.832160 0.883301 -0.043974
v -3.733943 1.014743 -0.053039
v -3.632212 1.150895 -0.062429
v -3.526971 1.291759 -0.072144
v -3.440813 1.143668 -0.062650
v -3.356257 1.001874 -0.053567
v -3.273306 0.866377 -0.044896
v -3.191957 0.737177 -0.036636
v -3.112210 0.614273 -0.028787
v -3.034066 0.497666 -0.021349
v -2.957525 0.387356 -0.014322
v -2.882586 0.283343 -0.007707
v -2.809253 0.185626 -0.001503
v -2.737519 0.094206 0.004290
v -2.667389 0.009083 0.009672
v -2.598863 -0.069744 0.014643
v -2.532485 -0.146206 0.019465
v -2.462338 -0.224250 0.024378
v -2.388425 -0.303876 0.029381
v -2.310743 -0.385084 0.034476
v -2.229294 -0.467875 0.039662
v -2.144074 -0.552248 0.044939
v -2.055087 -0.638203 0.050307
v -1.962333 -0.725741 0.055766
v -1.865810 -0.814861 0.061316
v -1.765518 -0.905563 0.066957
v -1.661459 -0.997848 0.072689
v -1.553628 -1.091714 0.078512
v -1.541511 -1.094733 0.078668
v -1.531006 -1.096174 0.078725
v -1.522117 -1.096038 0.078684
v -1.514839 -1.094325 0.078544
v -1.509173 -1.091035 0.078305
v -1.505122 -1.086168 0.077968
v -1.502684 -1.079724 0.077532
v -1.501857 -1.071702 0.076998
v -1.502645 -1.062104 0.076365
v -1.505046 -1.050928 0.075633
v -1.509058 -1.038175 0.074803
v -1.514687 -1.023845 0.073875
v -1.620573 -0.904969 0.066388
v -1.725377 -0.782948 0.058689
v -1.829096 -0.657784 0.050778
v -1.931730 -0.529476 0.042655
v -2.033280 -0.398024 0.034319
v -2.133745 -0.263429 0.025771
v -2.233127 -0.125689 0.017011
v -2.331423 0.015194 0.008039
v -2.428635 0.159221 -0.001145
v -2.524762 0.306392 -0.010542
v -2.619804 0.456707 -0.020150
v -2.713762 0.610165 -0.029971
v -2.791174 0.753357 -0.039173
v -2.862409 0.888039 -0.047833
v -2.927465 1.014211 -0.055952
v -2.986344 1.131873 -0.063530
v -3.039045 1.241024 -0.070567
v -3.085568 1.341665 -0.077063
v -3.125913 1.433796 -0.083018
v -3.160080 1.517416 -0.088432
v -3.188070 1.592527 -0.093305
v -3.209882 1.659127 -0.097636
v -3.225515 1.717216 -0.101427
v -3.234971 1.766796 -0.104676
v -3.215030 2.015946 -0.121251
v -3.212439 2.030257 -0.122209
v -3.211199 2.042997 -0.123057
v -3.211308 2.054167 -0.123797
v -3.212769 2.063767 -0.124427
v -3.215580 2.071797 -0.124949
v -3.219742 2.078257 -0.125361
v -3.225254 2.083147 -0.125665
v -3.232117 2.086468 -0.125860
v -3.240330 2.088218 -0.125946
v -3.249893 2.088399 -0.125923
v -3.260807 2.087009 -0.125791
v 1.820823 -1.417021 0.087722
v 1.892159 -1.381795 0.085128
v 1.957305 -1.343723 0.082368
v 2.016260 -1.302804 0.079443
v 2.069025 -1.259039 0.076351
v 2.115601 -1.212426 0.073093
v 2.155984 -1.162967 0.069670
v 2.190178 -1.110662 0.066080
v 2.218183 -1.055509 0.062325
v 2.239997 -0.997510 0.058403
v 2.255621 -0.936664 0.054316
v 2.265054 -0.872971 0.050063
v 2.268297 -0.806432 0.045644
v 2.267175 -0.765211 0.042918
v 2.263627 -0.724613 0.040241
v 2.257652 -0.684639 0.037616
v 2.249251 -0.645288 0.035040
v 2.238425 -0.606561 0.032514
v 2.225173 -0.568457 0.030039
v 2.209495 -0.530977 0.027614
v 2.191389 -0.494119 0.025239
v 2.170859 -0.457886 0.022914
v 2.147902 -0.422276 0.020639
v 2.122519 -0.387289 0.018414
v 2.094709 -0.352926 0.016240
v 2.061382 -0.316661 0.013960
v 2.025892 -0.283537 0.011896
v 1.988239 -0.253556 0.010047
v 1.948425 -0.226715 0.008415
v 1.906449 -0.203015 0.006999
v 1.862311 -0.182456 0.005799
v 1.816011 -0.165039 0.004814
v 1.767549 -0.150763 0.004046
v 1.716924 -0.139628 0.003493
v 1.664137 -0.131635 0.003157
v 1.609188 -0.126782 0.003036
v 1.552077 -0.125072 0.003132
v 1.516648 -0.125773 0.003308
v 1.481484 -0.128048 0.003587
v 1.446588 -0.131897 0.003970
v 1.411958 -0.137320 0.004455
v 1.377593 -0.144316 0.005044
v 1.343494 -0.152887 0.005737
v 1.309660 -0.163031 0.006532
v 1.276093 -0.174749 0.007431
v 1.242792 -0.188041 0.008433
v 1.209758 -0.202907 0.009539
v 1.176989 -0.219347 0.010747
v 1.144485 -0.237360 0.012059
v 1.115893 -0.253810 0.013254
v 1.088387 -0.265543 0.014131
v 1.061970 -0.272558 0.014693
v 1.036641 -0.274857 0.014937
v 1.012399 -0.272439 0.014866
v 0.989245 -0.265303 0.014478
v 0.967179 -0.253451 0.013773
v 0.946201 -0.236881 0.012753
v 0.926311 -0.215595 0.011415
v 0.907510 -0.189591 0.009762
v 0.889796 -0.158871 0.007792
v 0.873171 -0.123433 0.005505
v 0.735757 -0.870696 0.055503
v 0.813247 -0.916192 0.058233
v 0.836101 -0.875186 0.055434
v 0.859222 -0.835125 0.052696
v 0.882612 -0.796008 0.050019
v 0.906269 -0.757836 0.047404
v 0.930194 -0.720608 0.044851
v 0.954385 -0.684325 0.042360
v 0.978845 -0.648987 0.039929
v 1.003571 -0.614593 0.037561
v 1.028563 -0.581144 0.035254
v 1.053823 -0.548639 0.033009
v 1.079351 -0.517079 0.030825
v 1.105147 -0.486463 0.028703
v 1.137959 -0.450358 0.026191
v 1.171573 -0.417402 0.023886
v 1.205987 -0.387594 0.021785
v 1.241203 -0.360934 0.019891
v 1.277220 -0.337422 0.018202
v 1.314038 -0.317060 0.016719
v 1.351660 -0.299845 0.015441
v 1.390080 -0.285779 0.014369
v 1.429303 -0.274861 0.013502
v 1.469327 -0.267092 0.012841
v 1.510153 -0.262470 0.012386
v 1.551781 -0.260998 0.012136
v 1.586801 -0.262183 0.012087
v 1.620740 -0.265569 0.012187
v 1.653595 -0.271154 0.012437
v 1.685369 -0.278940 0.012836
v 1.716060 -0.288925 0.013385
v 1.745668 -0.301111 0.014084
v 1.774194 -0.315496 0.014933
v 1.801637 -0.332081 0.015931
v 1.827999 -0.350866 0.017079
v 1.853278 -0.371851 0.018376
v 1.877475 -0.395035 0.019823
v 1.900588 -0.420420 0.021420
v 1.919127 -0.443434 0.022877
v 1.936048 -0.467073 0.024381
v 1.951351 -0.491338 0.025932
v 1.965036 -0.516227 0.027531
v 1.977105 -0.541743 0.029176
v 1.987555 -0.567884 0.030870
v 1.996387 -0.594650 0.032610
v 2.003600 -0.622041 0.034398
v 2.009197 -0.650058 0.036233
v 2.013175 -0.678700 0.038116
v 2.015537 -0.707968 0.040046
v 2.016280 -0.737861 0.042023
v 2.014449 -0.774827 0.044478
v 2.009118 -0.810212 0.046842
v 2.000288 -0.844015 0.049113
v 1.987959 -0.876236 0.051292
v 1.972132 -0.906876 0.053379
v 1.952806 -0.935934 0.055375
v 1.929981 -0.963410 0.057278
v 1.903656 -0.989305 0.059089
v 1.873833 -1.013618 0.060809
v 1.840511 -1.036349 0.062436
v 1.803692 -1.057498 0.063972
v 1.763372 -1.077066 0.065415
v 1.683824 -1.110384 0.067913
v 1.606972 -1.142764 0.070339
v 1.532816 -1.174207 0.072692
v 1.461356 -1.204712 0.074974
v 1.392592 -1.234280 0.077184
v 1.326525 -1.262910 0.079322
v 1.263152 -1.290603 0.081388
v 1.202477 -1.317359 0.083382
v 1.144497 -1.343177 0.085304
v 1.089214 -1.368058 0.087154
v 1.036627 -1.392001 0.088932
v 0.986735 -1.415007 0.090638
v 0.927793 -1.450105 0.093179
v 0.873963 -1.487733 0.095868
v 0.825248 -1.527889 0.098706
v 0.781645 -1.570576 0.101692
v 0.743155 -1.615792 0.104828
v 0.709780 -1.663537 0.108112
v 0.681516 -1.713812 0.111546
v 0.658366 -1.766616 0.115128
v 0.640329 -1.821950 0.118859
v 0.627407 -1.879814 0.122739
v 0.619596 -1.940206 0.126768
v 0.616899 -2.003129 0.130945
v 0.618014 -2.047968 0.133911
v 0.621554 -2.091870 0.136806
v 0.627523 -2.134833 0.139630
v 0.635919 -2.176858 0.142383
v 0.646740 -2.217945 0.145065
v 0.659988 -2.258095 0.147675
v 0.675664 -2.297306 0.150215
v 0.693765 -2.335578 0.152684
v 0.714294 -2.372913 0.155082
v 0.737249 -2.409310 0.157409
v 0.762631 -2.444769 0.159665
v 0.790440 -2.479290 0.161849
v 0.827262 -2.519181 0.164357
v 0.866785 -2.555618 0.166626
v 0.909009 -2.588600 0.168656
v 0.953937 -2.618128 0.170448
v 1.001565 -2.644201 0.172001
v 1.051895 -2.666819 0.173315
v 1.104927 -2.685983 0.174390
v 1.160660 -2.701693 0.175227
v 1.219095 -2.713948 0.175825
v 1.280232 -2.722748 0.176184
v 1.344070 -2.728094 0.176305
v 1.410612 -2.729985 0.176187
v 1.452371 -2.729456 0.175999
v 1.493594 -2.727668 0.175730
v 1.534282 -2.724620 0.175380
v 1.574433 -2.720312 0.174947
v 1.614049 -2.714744 0.174434
v 1.653129 -2.707916 0.173839
v 1.691670 -2.699828 0.173162
v 1.729678 -2.690480 0.172404
v 1.767149 -2.679873 0.171564
v 1.804085 -2.668006 0.170643
v 1.840485 -2.654878 0.169641
v 1.876347 -2.640491 0.168557
v 1.883224 -2.636889 0.168293
v 1.890910 -2.633604 0.168047
v 1.899404 -2.630636 0.167820
v 1.908704 -2.627984 0.167610
v 1.918812 -2.625648 0.167418
v 1.929727 -2.623629 0.167245
v 1.941450 -2.621927 0.167089
v 1.953980 -2.620542 0.166952
v 1.967319 -2.619473 0.166832
v 1.981464 -2.618720 0.166730
v 1.996417 -2.618284 0.166647
v 2.012177 -2.618165 0.166581
v 2.022279 -2.618976 0.166598
v 2.033184 -2.621362 0.166716
v 2.044895 -2.625323 0.166936
v 2.057410 -2.630860 0.167257
v 2.070730 -2.637971 0.167679
v 2.084856 -2.646658 0.168203
v 2.099786 -2.656920 0.168828
v 2.115520 -2.668757 0.169555
v 2.132059 -2.682170 0.170382
v 2.149404 -2.697157 0.171312
v 2.167552 -2.713720 0.172342
v 2.186506 -2.731858 0.173475
v 2.304669 -1.916585 0.119042
v 2.207732 -1.893697 0.117881
v 2.191201 -1.938179 0.120888
v 2.174134 -1.981086 0.123792
v 2.156533 -2.022420 0.126594
v 2.138395 -2.062179 0.129294
v 2.119723 -2.100363 0.131891
v 2.100515 -2.136972 0.134386
v 2.080772 -2.172008 0.136779
v 2.060493 -2.205468 0.139069
v 2.039679 -2.237354 0.141258
v 2.018330 -2.267666 0.143343
v 1.996445 -2.296403 0.145327
v 1.974026 -2.323566 0.147208
v 1.934462 -2.366891 0.150222
v 1.893560 -2.406438 0.152991
v 1.851320 -2.442205 0.155515
v 1.807740 -2.474194 0.157793
v 1.762821 -2.502403 0.159825
v 1.716565 -2.526834 0.161613
v 1.668969 -2.547485 0.163155
v 1.620034 -2.564358 0.164451
v 1.569761 -2.577452 0.165502
v 1.518149 -2.586766 0.166308
v 1.465198 -2.592302 0.166868
v 1.410909 -2.594059 0.167183
v 1.372656 -2.592708 0.167233
v 1.335485 -2.588843 0.167113
v 1.299399 -2.582463 0.166822
v 1.264396 -2.573568 0.166361
v 1.230474 -2.562159 0.165730
v 1.197637 -2.548236 0.164927
v 1.165882 -2.531797 0.163955
v 1.135211 -2.512845 0.162812
v 1.105622 -2.491378 0.161498
v 1.077118 -2.467396 0.160014
v 1.049695 -2.440899 0.158359
v 1.023355 -2.411889 0.156534
v 1.004818 -2.388718 0.155067
v 0.987898 -2.364606 0.153531
v 0.972597 -2.339555 0.151928
v 0.958913 -2.313564 0.150257
v 0.946849 -2.286633 0.148517
v 0.936401 -2.258762 0.146709
v 0.927573 -2.229950 0.144833
v 0.920364 -2.200199 0.142889
v 0.914774 -2.169508 0.140876
v 0.910802 -2.137877 0.138796
v 0.908448 -2.105305 0.136647
v 0.907713 -2.071794 0.134430
v 0.909965 -2.027434 0.131484
v 0.916524 -1.984973 0.128647
v 0.927387 -1.944410 0.125921
v 0.942559 -1.905746 0.123304
v 0.962036 -1.868979 0.120798
v 0.985821 -1.834111 0.118401
v 1.013912 -1.801142 0.116115
v 1.046309 -1.770070 0.113938
v 1.083012 -1.740896 0.111872
v 1.124022 -1.713621 0.109915
v 1.169337 -1.688245 0.108069
v 1.218961 -1.664766 0.106332
v 1.267630 -1.645847 0.104901
v 1.316570 -1.626615 0.103449
v 1.365781 -1.607069 0.101974
v 1.415260 -1.587208 0.100478
v 1.465011 -1.567034 0.098959
v 1.515030 -1.546545 0.097419
v 1.565320 -1.525743 0.095858
v 1.615880 -1.504626 0.094274
v 1.666711 -1.483196 0.092669
v 1.717812 -1.461451 0.091042
v 1.769182 -1.439393 0.089393
v 4.363658 -0.607600 0.024813
v 3.778129 -2.259957 0.136399
v 3.739334 -2.259863 0.136535
v 3.160873 -0.672660 0.033520
v 3.148965 -0.635818 0.031123
v 3.138939 -0.600868 0.028845
v 3.130794 -0.567811 0.026685
v 3.124532 -0.536646 0.024644
v 3.120151 -0.507374 0.022721
v 3.117650 -0.479994 0.020917
v 3.117033 -0.454506 0.019231
v 3.118298 -0.430911 0.017663
v 3.121443 -0.409208 0.016214
v 3.126471 -0.389398 0.014884
v 3.133379 -0.371479 0.013672
v 3.142167 -0.355454 0.012578
v 3.152571 -0.341005 0.011583
v 3.164320 -0.327818 0.010667
v 3.177412 -0.315894 0.009829
v 3.191848 -0.305231 0.009070
v 3.207629 -0.295829 0.008389
v 3.224755 -0.287690 0.007788
v 3.243225 -0.280812 0.007265
v 3.263039 -0.275197 0.006820
v 3.284197 -0.270843 0.006454
v 3.306699 -0.267750 0.006167
v 3.330545 -0.265920 0.005959
v 3.355738 -0.265352 0.005829
v 3.472121 -0.265633 0.005422
v 3.472418 -0.129707 -0.003582
v 2.521947 -0.127413 -0.000259
v 2.521650 -0.263339 0.008745
v 2.638034 -0.263619 0.008338
v 2.670088 -0.266529 0.008414
v 2.701591 -0.275100 0.008866
v 2.732540 -0.289334 0.009696
v 2.762940 -0.309230 0.010903
v 2.792789 -0.334788 0.012487
v 2.822086 -0.366008 0.014447
v 2.850833 -0.402891 0.016785
v 2.879027 -0.445436 0.019500
v 2.906672 -0.493644 0.022592
v 2.933765 -0.547513 0.026061
v 2.960306 -0.607045 0.029907
v 2.986298 -0.672239 0.034130
v 3.757693 -2.735650 0.167981
v 3.932270 -2.736071 0.167371
v 4.693216 -0.699013 0.029663
v 4.719634 -0.630327 0.025017
v 4.746846 -0.567622 0.020764
v 4.774853 -0.510896 0.016905
v 4.803657 -0.460150 0.013438
v 4.833254 -0.415385 0.010365
v 4.863648 -0.376600 0.007685
v 4.894836 -0.343795 0.005398
v 4.926819 -0.316970 0.003504
v 4.959598 -0.296125 0.002004
v 4.993172 -0.281261 0.000897
v 5.027542 -0.272377 0.000182
v 5.062706 -0.269472 -0.000138
v 5.159692 -0.269706 -0.000478
v 5.159989 -0.133780 -0.009482
v 4.151325 -0.131346 -0.005955
v 4.151029 -0.267271 0.003049
v 4.228618 -0.267459 0.002778
v 4.238451 -0.268111 0.002785
v 4.248549 -0.270024 0.002875
v 4.258914 -0.273195 0.003047
v 4.269547 -0.277626 0.003301
v 4.280445 -0.283316 0.003638
v 4.291611 -0.290265 0.004058
v 4.303042 -0.298473 0.004560
v 4.314742 -0.307941 0.005144
v 4.326707 -0.318668 0.005811
v 4.338938 -0.330654 0.006560
v 4.351437 -0.343899 0.007392
v 4.364202 -0.358403 0.008306
v 4.373066 -0.370538 0.009077
v 4.380311 -0.384243 0.009958
v 4.385935 -0.399517 0.010949
v 4.389940 -0.416360 0.012050
v 4.392324 -0.434772 0.013261
v 4.393089 -0.454754 0.014582
v 4.392234 -0.476305 0.016012
v 4.389759 -0.499425 0.017553
v 4.385664 -0.524115 0.019203
v 4.379949 -0.550374 0.020963
v 4.372614 -0.578202 0.022833
v 9.508905 1.645419 -0.143228
v 9.514746 1.667115 -0.144686
v 9.519234 1.686927 -0.146015
v 9.522371 1.704854 -0.147214
v 9.524158 1.720896 -0.148283
v 9.524592 1.735054 -0.149222
v 9.523676 1.747328 -0.150032
v 9.521409 1.757716 -0.150711
v 9.517790 1.766221 -0.151262
v 9.512821 1.772841 -0.151682
v 9.506500 1.777576 -0.151972
v 9.498828 1.780426 -0.152133
v 9.489805 1.781392 -0.152164
v 9.461382 1.781146 -0.152044
v 9.434304 1.780267 -0.151887
v 9.408572 1.778756 -0.151693
v 9.384186 1.776613 -0.151461
v 9.361145 1.773836 -0.151193
v 9.339451 1.770428 -0.150888
v 9.319101 1.766387 -0.150546
v 9.300098 1.761713 -0.150167
v 9.282440 1.756406 -0.149751
v 9.266128 1.750468 -0.149298
v 9.251162 1.743896 -0.148808
v 9.237540 1.736691 -0.148281
v 9.218395 1.728872 -0.147693
v 9.199787 1.720421 -0.147065
v 9.181717 1.711340 -0.146398
v 9.164185 1.701628 -0.145690
v 9.147189 1.691286 -0.144943
v 9.130732 1.680313 -0.144156
v 9.114811 1.668710 -0.143330
v 9.099428 1.656476 -0.142463
v 9.084582 1.643611 -0.141557
v 9.070274 1.630117 -0.140610
v 9.056503 1.615991 -0.139625
v 9.043270 1.601234 -0.138599
v 9.028151 1.586168 -0.137546
v 9.015185 1.571097 -0.136500
v 9.004376 1.556020 -0.135462
v 8.995723 1.540938 -0.134431
v 8.989223 1.525851 -0.133408
v 8.984880 1.510759 -0.132393
v 8.982692 1.495661 -0.131385
v 8.982658 1.480557 -0.130384
v 8.984781 1.465450 -0.129391
v 8.989058 1.450336 -0.128406
v 8.995492 1.435217 -0.127428
v 9.004080 1.420093 -0.126457
v 9.016683 1.331176 -0.120614
v 9.029024 1.245720 -0.114999
v 9.041103 1.163726 -0.109612
v 9.052920 1.085194 -0.104454
v 9.064476 1.010123 -0.099524
v 9.075769 0.938515 -0.094822
v 9.086802 0.870368 -0.090348
v 9.097571 0.805683 -0.086103
v 9.108079 0.744459 -0.082087
v 9.118325 0.686697 -0.078298
v 9.128309 0.632397 -0.074738
v 9.138032 0.581558 -0.071406
v 9.050523 0.603952 -0.072570
v 8.968939 0.625387 -0.073691
v 8.893280 0.645864 -0.074771
v 8.823545 0.665383 -0.075809
v 8.759735 0.683944 -0.076805
v 8.701851 0.701547 -0.077759
v 8.649891 0.718191 -0.078672
v 8.603857 0.733877 -0.079542
v 8.563747 0.748605 -0.080371
v 8.529562 0.762374 -0.081158
v 8.501302 0.775185 -0.081903
v 8.478967 0.787038 -0.082607
v 8.459878 0.805176 -0.083738
v 8.441325 0.821740 -0.084768
v 8.423307 0.836729 -0.085695
v 8.405825 0.850144 -0.086519
v 8.388878 0.861984 -0.087242
v 8.372467 0.872249 -0.087861
v 8.356590 0.880941 -0.088379
v 8.341249 0.888057 -0.088794
v 8.326445 0.893599 -0.089107
v 8.312174 0.897567 -0.089318
v 8.298439 0.899960 -0.089426
v 8.285240 0.900778 -0.089432
v 8.277696 0.900324 -0.089375
v 8.267994 0.898932 -0.089247
v 8.256135 0.896600 -0.089049
v 8.242119 0.893330 -0.088781
v 8.225945 0.889122 -0.088443
v 8.207614 0.883975 -0.088035
v 8.187125 0.877888 -0.087557
v 8.164479 0.870863 -0.087009
v 8.139676 0.862900 -0.086391
v 8.112716 0.853998 -0.085703
v 8.083598 0.844157 -0.084945
v 8.052322 0.833377 -0.084116
v 8.021323 0.825114 -0.083456
v 7.993013 0.815271 -0.082700
v 7.967395 0.803848 -0.081850
v 7.944467 0.790846 -0.080905
v 7.924230 0.776264 -0.079865
v 7.906682 0.760102 -0.078730
v 7.891826 0.742360 -0.077501
v 7.879661 0.723039 -0.076177
v 7.870185 0.702138 -0.074758
v 7.863401 0.679657 -0.073244
v 7.859307 0.655597 -0.071635
v 7.857904 0.629957 -0.069932
v 7.858808 0.611862 -0.068737
v 7.861601 0.595337 -0.067652
v 7.866282 0.580380 -0.066679
v 7.872854 0.566992 -0.065816
v 7.881314 0.555172 -0.065064
v 7.891665 0.544921 -0.064423
v 7.903904 0.536239 -0.063893
v 7.918033 0.529126 -0.063473
v 7.934050 0.523581 -0.063164
v 7.951957 0.519605 -0.062966
v 7.971753 0.517197 -0.062879
v 7.993439 0.516358 -0.062903
v 8.098483 0.504620 -0.062510
v 8.200294 0.492575 -0.062084
v 8.298870 0.480223 -0.061626
v 8.394214 0.467565 -0.061136
v 8.486323 0.454599 -0.060614
v 8.575199 0.441327 -0.060060
v 8.660842 0.427748 -0.059474
v 8.743251 0.413862 -0.058855
v 8.822427 0.399669 -0.058205
v 8.898369 0.385169 -0.057522
v 8.971077 0.370363 -0.056807
v 9.040551 0.355250 -0.056060
v 8.925684 0.248391 -0.048562
v 8.814330 0.146243 -0.041389
v 8.706489 0.048806 -0.034541
v 8.602160 -0.043919 -0.028018
v 8.501343 -0.131934 -0.021820
v 8.404039 -0.215237 -0.015947
v 8.310247 -0.293829 -0.010398
v 8.219969 -0.367710 -0.005174
v 8.133203 -0.436879 -0.000276
v 8.049950 -0.501338 0.004298
v 7.970208 -0.561085 0.008547
v 7.893980 -0.616121 0.012471
v 7.819256 -0.660935 0.015712
v 7.743994 -0.705118 0.018914
v 7.668195 -0.748671 0.022076
v 7.591859 -0.791593 0.025198
v 7.514985 -0.833884 0.028280
v 7.437573 -0.875545 0.031323
v 7.359624 -0.916575 0.034325
v 7.281138 -0.956975 0.037288
v 7.202114 -0.996744 0.040211
v 7.122553 -1.035883 0.043095
v 7.042454 -1.074391 0.045938
v 6.961819 -1.112268 0.048742
v 6.952517 -1.116021 0.049024
v 6.944022 -1.119776 0.049304
v 6.936336 -1.123534 0.049581
v 6.929458 -1.127293 0.049855
v 6.923388 -1.131054 0.050126
v 6.918126 -1.134817 0.050395
v 6.913673 -1.138582 0.050661
v 6.910027 -1.142349 0.050923
v 6.907190 -1.146118 0.051183
v 6.905162 -1.149889 0.051441
v 6.903941 -1.153662 0.051695
v 6.903528 -1.157436 0.051946
v 6.903789 -1.161212 0.052196
v 6.904589 -1.164990 0.052443
v 6.905927 -1.168769 0.052688
v 6.907805 -1.172549 0.052932
v 6.910221 -1.176331 0.053173
v 6.913177 -1.180114 0.053413
v 6.916670 -1.183898 0.053651
v 6.920703 -1.187684 0.053887
v 6.925275 -1.191470 0.054121
v 6.930385 -1.195258 0.054353
v 6.936035 -1.199048 0.054584
v 6.942224 -1.202838 0.054812
v 7.024345 -1.224747 0.055963
v 7.102700 -1.244758 0.057002
v 7.177287 -1.262873 0.057929
v 7.248106 -1.279091 0.058745
v 7.315157 -1.293412 0.059448
v 7.378441 -1.305836 0.060040
v 7.437958 -1.316363 0.060519
v 7.493707 -1.324993 0.060887
v 7.545688 -1.331726 0.061143
v 7.593902 -1.336561 0.061287
v 7.638348 -1.339501 0.061319
v 7.679028 -1.340543 0.061239
v 7.694916 -1.343570 0.061382
v 7.710269 -1.345023 0.061422
v 7.725087 -1.344902 0.061360
v 7.739369 -1.343206 0.061195
v 7.753116 -1.339935 0.060928
v 7.766328 -1.335090 0.060559
v 7.779004 -1.328671 0.060088
v 7.791145 -1.320676 0.059514
v 7.802751 -1.311108 0.058837
v 7.813820 -1.299965 0.058059
v 7.824355 -1.287247 0.057178
v 7.834355 -1.272955 0.056195
v 7.850425 -1.254429 0.054909
v 7.866225 -1.236533 0.053666
v 7.881753 -1.219265 0.052465
v 7.897012 -1.202625 0.051307
v 7.911999 -1.186615 0.050192
v 7.926715 -1.171233 0.049120
v 7.941160 -1.156479 0.048089
v 7.955335 -1.142354 0.047102
v 7.969239 -1.128858 0.046157
v 7.982872 -1.115991 0.045255
v 7.996235 -1.103752 0.044396
v 8.009327 -1.092142 0.043579
v 8.067370 -1.160245 0.047878
v 8.259417 -2.044230 0.105727
v 8.269306 -2.080280 0.108078
v 8.279742 -2.112871 0.110199
v 8.290724 -2.142002 0.112088
v 8.302253 -2.167674 0.113746
v 8.314327 -2.189885 0.115174
v 8.326949 -2.208637 0.116369
v 8.340117 -2.223929 0.117334
v 8.353830 -2.235761 0.118068
v 8.368092 -2.244134 0.118570
v 8.382898 -2.249046 0.118841
v 8.398252 -2.250499 0.118882
v 8.414150 -2.248492 0.118690
v 8.426822 -2.244590 0.118386
v 8.438953 -2.240372 0.118062
v 8.450548 -2.235837 0.117719
v 8.461605 -2.230987 0.117357
v 8.472123 -2.225821 0.116977
v 8.482103 -2.220339 0.116577
v 8.491545 -2.214540 0.116159
v 8.500449 -2.208426 0.115721
v 8.508815 -2.201996 0.115265
v 8.516643 -2.195251 0.114789
v 8.523932 -2.188189 0.114295
v 8.530683 -2.180810 0.113781
v 8.543368 -2.169986 0.113018
v 8.555513 -2.160104 0.112319
v 8.567118 -2.151165 0.111685
v 8.578181 -2.143168 0.111115
v 8.588703 -2.136114 0.110609
v 8.598684 -2.130002 0.110168
v 8.608126 -2.124834 0.109791
v 8.617025 -2.120607 0.109478
v 8.625384 -2.117324 0.109230
v 8.633203 -2.114983 0.109047
v 8.640479 -2.113585 0.108927
v 8.647215 -2.113129 0.108872
v 8.664449 -2.117261 0.109083
v 8.683836 -2.122027 0.109328
v 8.705377 -2.127428 0.109607
v 8.729072 -2.133464 0.109920
v 8.754920 -2.140133 0.110267
v 8.782923 -2.147438 0.110649
v 8.813080 -2.155377 0.111064
v 8.845390 -2.163950 0.111514
v 8.879854 -2.173158 0.111998
v 8.916472 -2.183000 0.112516
v 8.955244 -2.193477 0.113068
v 8.996170 -2.204588 0.113655
v 8.995653 -2.256346 0.117085
v 8.994333 -2.305900 0.120372
v 8.992208 -2.353248 0.123516
v 8.989282 -2.398393 0.126517
v 8.985551 -2.441333 0.129374
v 8.981017 -2.482068 0.132089
v 8.975679 -2.520599 0.134661
v 8.969539 -2.556926 0.137089
v 8.962594 -2.591048 0.139375
v 8.954846 -2.622966 0.141517
v 8.946295 -2.652679 0.143516
v 8.936940 -2.680188 0.145373
v 8.927202 -2.698256 0.146605
v 8.917467 -2.714751 0.147733
v 8.907736 -2.729674 0.148757
v 8.898008 -2.743022 0.149677
v 8.888284 -2.754798 0.150493
v 8.878563 -2.765001 0.151204
v 8.868845 -2.773630 0.151811
v 8.859131 -2.780686 0.152314
v 8.849421 -2.786169 0.152712
v 8.839713 -2.790078 0.153007
v 8.830009 -2.792415 0.153197
v 8.820309 -2.793178 0.153283
v 8.797528 -2.800360 0.153842
v 8.774479 -2.806912 0.154360
v 8.751163 -2.812834 0.154838
v 8.727577 -2.818126 0.155275
v 8.703725 -2.822788 0.155671
v 8.679604 -2.826820 0.156026
v 8.655214 -2.830222 0.156340
v 8.630558 -2.832994 0.156614
v 8.605633 -2.835137 0.156847
v 8.580440 -2.836649 0.157039
v 8.554978 -2.837532 0.157191
v 8.529249 -2.837784 0.157302
v 8.493554 -2.837069 0.157385
v 8.457592 -2.835094 0.157386
v 8.421364 -2.831860 0.157304
v 8.384869 -2.827367 0.157140
v 8.348106 -2.821615 0.156893
v 8.311078 -2.814603 0.156564
v 8.273783 -2.806333 0.156153
v 8.236221 -2.796803 0.155659
v 8.198393 -2.786013 0.155082
v 8.160297 -2.773965 0.154424
v 8.121936 -2.760657 0.153682
v 8.083307 -2.746090 0.152859
v 8.064339 -2.735032 0.152196
v 8.046176 -2.724605 0.151571
v 8.028820 -2.714809 0.150986
v 8.012272 -2.705645 0.150439
v 7.996530 -2.697111 0.149932
v 7.981595 -2.689209 0.149463
v 7.967466 -2.681938 0.149033
v 7.954145 -2.675298 0.148642
v 7.941631 -2.669290 0.148290
v 7.929923 -2.663913 0.147976
v 7.919023 -2.659167 0.147702
v 7.908929 -2.655052 0.147466
v 7.870798 -2.659365 0.147891
v 7.834012 -2.664940 0.148395
v 7.798569 -2.671776 0.148977
v 7.764472 -2.679875 0.149639
v 7.731718 -2.689235 0.150378
v 7.700308 -2.699857 0.151197
v 7.670243 -2.711741 0.152094
v 7.641522 -2.724887 0.153069
v 7.614146 -2.739295 0.154124
v 7.588114 -2.754964 0.155257
v 7.563426 -2.771895 0.156469
v 7.540082 -2.790088 0.157759
v 7.514020 -2.819602 0.159809
v 7.494156 -2.847872 0.161754
v 7.480493 -2.874898 0.163594
v 7.473027 -2.900681 0.165329
v 7.471762 -2.925220 0.166959
v 7.476695 -2.948516 0.168484
v 7.487827 -2.970568 0.169904
v 7.505158 -2.991376 0.171219
v 7.528689 -3.010941 0.172429
v 7.558419 -3.029262 0.173534
v 7.594348 -3.046340 0.174534
v 7.636476 -3.062173 0.175428
v 7.684288 -3.065907 0.175501
v 7.730753 -3.069323 0.175557
v 7.775873 -3.072421 0.175597
v 7.819646 -3.075201 0.175622
v 7.862073 -3.077663 0.175629
v 7.903153 -3.079808 0.175621
v 7.942887 -3.081634 0.175597
v 7.981275 -3.083143 0.175557
v 8.018315 -3.084333 0.175500
v 8.054010 -3.085206 0.175427
v 8.088359 -3.085761 0.175339
v 8.121361 -3.085998 0.175234
v 8.231147 -3.085162 0.174777
v 8.334203 -3.082107 0.174198
v 8.430528 -3.076833 0.173496
v 8.520123 -3.069340 0.172672
v 8.602987 -3.059629 0.171726
v 8.679122 -3.047699 0.170658
v 8.748526 -3.033550 0.169467
v 8.811199 -3.017183 0.168154
v 8.867142 -2.998596 0.166718
v 8.916354 -2.977792 0.165160
v 8.958837 -2.954768 0.163480
v 8.994589 -2.929525 0.161677
v 9.025896 -2.904114 0.159879
v 9.055059 -2.873035 0.157714
v 9.082081 -2.836287 0.155181
v 9.106958 -2.793870 0.152281
v 9.129694 -2.745784 0.149013
v 9.150287 -2.692030 0.145377
v 9.168736 -2.632607 0.141374
v 9.185043 -2.567515 0.137003
v 9.199206 -2.496754 0.132264
v 9.211227 -2.420324 0.127158
v 9.221106 -2.338226 0.121684
v 9.228840 -2.250459 0.115842
v 9.248760 -2.257901 0.116262
v 9.269758 -2.265031 0.116658
v 9.291836 -2.271849 0.117029
v 9.314990 -2.278356 0.117375
v 9.339224 -2.284550 0.117697
v 9.364535 -2.290431 0.117994
v 9.390925 -2.296001 0.118266
v 9.418393 -2.301260 0.118514
v 9.446940 -2.306205 0.118737
v 9.476564 -2.310839 0.118936
v 9.507268 -2.315161 0.119110
v 9.539050 -2.319171 0.119259
v 9.545627 -2.330042 0.119955
v 9.552475 -2.339970 0.120588
v 9.559594 -2.348954 0.121157
v 9.566986 -2.356996 0.121662
v 9.574648 -2.364094 0.122105
v 9.582582 -2.370248 0.122483
v 9.590788 -2.375460 0.122798
v 9.599265 -2.379728 0.123050
v 9.608014 -2.383053 0.123238
v 9.617034 -2.385434 0.123363
v 9.626326 -2.386873 0.123424
v 9.635888 -2.387368 0.123422
v 9.651914 -2.389609 0.123512
v 9.667676 -2.388703 0.123395
v 9.683176 -2.384650 0.123069
v 9.698413 -2.377450 0.122537
v 9.713387 -2.367103 0.121797
v 9.728100 -2.353609 0.120849
v 9.742550 -2.336967 0.119694
v 9.756737 -2.317179 0.118331
v 9.770661 -2.294244 0.116761
v 9.784324 -2.268161 0.114984
v 9.797723 -2.238931 0.112999
v 9.810860 -2.206555 0.110806
v 9.820179 -2.195250 0.110024
v 9.828691 -2.183944 0.109244
v 9.836393 -2.172635 0.108466
v 9.843288 -2.161325 0.107692
v 9.849375 -2.150012 0.106920
v 9.854652 -2.138698 0.106152
v 9.859122 -2.127381 0.105386
v 9.862784 -2.116063 0.104623
v 9.865638 -2.104743 0.103863
v 9.867683 -2.093421 0.103105
v 9.868920 -2.082096 0.102351
v 9.869349 -2.070770 0.101599
v 9.869884 -2.010517 0.097606
v 9.871227 -1.950580 0.093631
v 9.873379 -1.890960 0.089674
v 9.876337 -1.831657 0.085735
v 9.880102 -1.772671 0.081815
v 9.884676 -1.714000 0.077912
v 9.890057 -1.655647 0.074027
v 9.896245 -1.597610 0.070160
v 9.903240 -1.539890 0.066312
v 9.911044 -1.482486 0.062481
v 9.919655 -1.425399 0.058668
v 9.929073 -1.368628 0.054874
v 9.987562 -1.232843 0.045666
v 10.029357 -1.277938 0.048500
v 10.070884 -1.322403 0.051293
v 10.112143 -1.366238 0.054046
v 10.153133 -1.409443 0.056758
v 10.193855 -1.452019 0.059429
v 10.234310 -1.493964 0.062059
v 10.274497 -1.535279 0.064649
v 10.314415 -1.575965 0.067198
v 10.354066 -1.616020 0.069706
v 10.393449 -1.655446 0.072173
v 10.432563 -1.694242 0.074600
v 10.471409 -1.732407 0.076986
v 10.486482 -1.739051 0.077371
v 10.499403 -1.743802 0.077638
v 10.510173 -1.746660 0.077788
v 10.518792 -1.747625 0.077821
v 10.525260 -1.746696 0.077736
v 10.529576 -1.743875 0.077533
v 10.531742 -1.739160 0.077213
v 10.531756 -1.732553 0.076775
v 10.529619 -1.724052 0.076220
v 10.525331 -1.713659 0.075547
v 10.518893 -1.701372 0.074757
v 10.510303 -1.687192 0.073849
v 10.403283 -1.531500 0.063928
v 10.301384 -1.374561 0.053905
v 10.204608 -1.216376 0.043782
v 10.112952 -1.056945 0.033557
v 10.026419 -0.896267 0.023231
v 9.945005 -0.734344 0.012803
v 9.868715 -0.571174 0.002274
v 9.797545 -0.406758 -0.008356
v 9.731497 -0.241095 -0.019087
v 9.670570 -0.074187 -0.029919
v 9.614765 0.093968 -0.040853
v 9.564083 0.263369 -0.051888
v 9.632734 0.241335 -0.050680
v 9.696539 0.220886 -0.049559
v 9.755499 0.202023 -0.048525
v 9.809612 0.184744 -0.047578
v 9.858880 0.169050 -0.046719
v 9.903302 0.154941 -0.045947
v 9.942878 0.142418 -0.045262
v 9.977608 0.131479 -0.044664
v 10.007492 0.122124 -0.044154
v 10.032530 0.114355 -0.043731
v 10.052722 0.108171 -0.043395
v 10.068069 0.103571 -0.043147
v 10.087214 0.111234 -0.043724
v 10.105820 0.119212 -0.044321
v 10.123888 0.127507 -0.044936
v 10.141418 0.136117 -0.045571
v 10.158411 0.145044 -0.046224
v 10.174866 0.154286 -0.046896
v 10.190782 0.163844 -0.047588
v 10.206160 0.173718 -0.048298
v 10.220999 0.183908 -0.049027
v 10.235300 0.194414 -0.049775
v 10.249064 0.205236 -0.050542
v 10.262289 0.216375 -0.051328
v 10.274175 0.230820 -0.052329
v 10.283902 0.244011 -0.053238
v 10.291471 0.255949 -0.054056
v 10.296884 0.266634 -0.054784
v 10.300137 0.276066 -0.055420
v 10.301232 0.284244 -0.055966
v 10.300170 0.291169 -0.056421
v 10.296949 0.296840 -0.056785
v 10.291571 0.301258 -0.057058
v 10.284035 0.304422 -0.057240
v 10.274340 0.306334 -0.057331
v 10.262487 0.306992 -0.057331
v 10.233804 0.310836 -0.057481
v 10.205928 0.314679 -0.057634
v 10.178861 0.318520 -0.057789
v 10.152601 0.322359 -0.057947
v 10.127151 0.326196 -0.058108
v 10.102508 0.330032 -0.058272
v 10.078673 0.333865 -0.058439
v 10.055648 0.337696 -0.058609
v 10.033429 0.341525 -0.058781
v 10.012020 0.345352 -0.058956
v 9.991419 0.349178 -0.059134
v 9.971625 0.353002 -0.059315
v 9.930026 0.364430 -0.059920
v 9.889235 0.375855 -0.060528
v 9.849254 0.387279 -0.061138
v 9.810080 0.398701 -0.061752
v 9.771713 0.410120 -0.062368
v 9.734156 0.421539 -0.062987
v 9.697407 0.432954 -0.063608
v 9.661465 0.444368 -0.064233
v 9.626331 0.455780 -0.064860
v 9.592007 0.467190 -0.065491
v 9.558491 0.478598 -0.066124
v 9.525782 0.490005 -0.066760
v 9.513426 0.568224 -0.071895
v 9.501872 0.644238 -0.076888
v 9.491121 0.718048 -0.081738
v 9.481175 0.789654 -0.086444
v 9.472033 0.859055 -0.091008
v 9.463692 0.926252 -0.095428
v 9.456156 0.991244 -0.099705
v 9.449423 1.054032 -0.103839
v 9.443493 1.114615 -0.107830
v 9.438368 1.172994 -0.111678
v 9.434045 1.229168 -0.115383
v 9.430526 1.283138 -0.118945
v 9.430574 1.305635 -0.120435
v 9.430623 1.327817 -0.121905
v 9.430671 1.349685 -0.123354
v 9.430717 1.371238 -0.124781
v 9.430764 1.392476 -0.126188
v 9.430810 1.413400 -0.127574
v 9.430855 1.434009 -0.128939
v 9.430899 1.454304 -0.130284
v 9.430943 1.474283 -0.131607
v 9.430985 1.493948 -0.132910
v 9.431027 1.513299 -0.134192
v 9.431069 1.532335 -0.135453
v 9.437545 1.536567 -0.135757
v 9.444021 1.541743 -0.136123
v 9.450500 1.547863 -0.136552
v 9.456982 1.554927 -0.137044
v 9.463466 1.562935 -0.137598
v 9.469951 1.571886 -0.138215
v 9.476439 1.581782 -0.138894
v 9.482928 1.592622 -0.139636
v 9.489420 1.604405 -0.140440
v 9.495914 1.617132 -0.141307
v 9.502409 1.630804 -0.142236
v 9.195631 0.309566 -0.053601
v 9.221458 0.231315 -0.048513
v 9.247561 0.155266 -0.043571
v 9.273935 0.081418 -0.038776
v 9.300586 0.009773 -0.034128
v 9.327510 -0.059672 -0.029627
v 9.354708 -0.126914 -0.025272
v 9.382180 -0.191954 -0.021065
v 9.409927 -0.254793 -0.017004
v 9.437948 -0.315429 -0.013090
v 9.466244 -0.373864 -0.009323
v 9.494813 -0.430097 -0.005703
v 9.523657 -0.484128 -0.002230
v 9.543913 -0.522879 0.000263
v 9.566050 -0.563521 0.002874
v 9.590069 -0.606056 0.005604
v 9.615971 -0.650484 0.008451
v 9.643753 -0.696803 0.011418
v 9.673418 -0.745015 0.014503
v 9.704964 -0.795120 0.017706
v 9.738392 -0.847117 0.021028
v 9.773702 -0.901006 0.024468
v 9.810893 -0.956788 0.028027
v 9.849966 -1.014462 0.031704
v 9.890922 -1.074029 0.035500
v 9.735544 -1.164272 0.042045
v 9.270255 -1.049877 0.036169
v 9.270848 -0.778025 0.018161
v 9.271015 -0.763237 0.017181
v 9.271450 -0.749079 0.016242
v 9.272154 -0.735552 0.015343
v 9.273125 -0.722653 0.014485
v 9.274364 -0.710385 0.013668
v 9.275870 -0.698747 0.012892
v 9.277645 -0.687739 0.012156
v 9.279689 -0.677361 0.011461
v 9.282000 -0.667612 0.010807
v 9.284579 -0.658494 0.010194
v 9.287426 -0.650005 0.009621
v 9.290543 -0.642147 0.009089
v 9.296897 -0.631150 0.008337
v 9.302981 -0.620781 0.007628
v 9.308795 -0.611041 0.006962
v 9.314338 -0.601929 0.006338
v 9.319611 -0.593447 0.005757
v 9.324612 -0.585593 0.005219
v 9.329342 -0.578367 0.004723
v 9.333801 -0.571770 0.004269
v 9.337990 -0.565802 0.003859
v 9.341908 -0.560463 0.003491
v 9.345555 -0.555752 0.003166
v 9.348932 -0.551670 0.002883
v 9.358012 -0.526363 0.001173
v 9.365741 -0.503255 -0.000385
v 9.372118 -0.482347 -0.001794
v 9.377143 -0.463638 -0.003051
v 9.380816 -0.447128 -0.004158
v 9.383137 -0.432817 -0.005115
v 9.384106 -0.420706 -0.005920
v 9.383724 -0.410793 -0.006575
v 9.381989 -0.403080 -0.007080
v 9.378903 -0.397567 -0.007434
v 9.374465 -0.394252 -0.007637
v 9.368675 -0.393137 -0.007690
v 9.155304 -0.392622 -0.006944
v 9.148830 -0.396382 -0.006671
v 9.142356 -0.400142 -0.006399
v 9.135881 -0.403902 -0.006126
v 9.129408 -0.407662 -0.005853
v 9.122933 -0.411423 -0.005580
v 9.116460 -0.415183 -0.005308
v 9.109985 -0.418943 -0.005035
v 9.103512 -0.422703 -0.004762
v 9.097037 -0.426463 -0.004489
v 9.090563 -0.430223 -0.004217
v 9.084089 -0.433983 -0.003944
v 9.077616 -0.437743 -0.003671
v 9.064795 -0.449039 -0.002876
v 9.052242 -0.460336 -0.002082
v 9.039959 -0.471634 -0.001289
v 9.027946 -0.482932 -0.000497
v 9.016202 -0.494231 0.000295
v 9.004727 -0.505530 0.001085
v 8.993523 -0.516830 0.001875
v 8.982587 -0.528131 0.002663
v 8.971920 -0.539433 0.003451
v 8.961523 -0.550735 0.004237
v 8.951396 -0.562037 0.005023
v 8.941538 -0.573341 0.005808
v 8.932354 -0.584489 0.006580
v 8.924248 -0.595325 0.007327
v 8.917220 -0.605848 0.008050
v 8.911270 -0.616060 0.008748
v 8.906400 -0.625959 0.009421
v 8.902607 -0.635546 0.010070
v 8.899893 -0.644822 0.010694
v 8.898256 -0.653785 0.011294
v 8.897699 -0.662436 0.011869
v 8.898220 -0.670776 0.012420
v 8.899818 -0.678803 0.012946
v 8.902495 -0.686519 0.013447
v 8.905694 -0.702259 0.014478
v 8.908890 -0.719257 0.015592
v 8.912083 -0.737514 0.016789
v 8.915274 -0.757030 0.018070
v 8.918461 -0.777804 0.019435
v 8.921645 -0.799837 0.020882
v 8.924828 -0.823128 0.022414
v 8.928007 -0.847678 0.024028
v 8.931183 -0.873487 0.025726
v 8.934357 -0.900554 0.027507
v 8.937528 -0.928879 0.029372
v 8.940697 -0.958464 0.031320
v 8.475456 -0.821414 0.023943
v 8.436761 -0.776012 0.021077
v 8.423425 -0.776294 0.021145
v 8.409279 -0.777204 0.021257
v 8.394323 -0.778742 0.021413
v 8.378558 -0.780906 0.021614
v 8.361983 -0.783698 0.021860
v 8.344599 -0.787117 0.022150
v 8.326405 -0.791163 0.022484
v 8.307402 -0.795837 0.022863
v 8.287588 -0.801138 0.023287
v 8.266966 -0.807067 0.023755
v 8.245533 -0.813623 0.024267
v 8.223291 -0.820806 0.024824
v 8.292181 -0.733501 0.018790
v 8.362690 -0.644941 0.012666
v 8.434818 -0.555127 0.006454
v 8.508566 -0.464058 0.000152
v 8.583933 -0.371735 -0.006239
v 8.660918 -0.278157 -0.012718
v 8.739523 -0.183324 -0.019287
v 8.819748 -0.087236 -0.025945
v 8.901590 0.010105 -0.032691
v 8.985054 0.108702 -0.039527
v 9.070135 0.208554 -0.046452
v 9.156837 0.309660 -0.053466
v 8.513856 -1.002742 0.035813
v 8.959700 -1.139744 0.043257
v 8.978503 -1.411642 0.061198
v 8.972046 -1.407851 0.060970
v 8.965588 -1.404060 0.060743
v 8.959130 -1.400268 0.060515
v 8.952673 -1.396477 0.060288
v 8.946215 -1.392686 0.060060
v 8.939757 -1.388894 0.059833
v 8.933300 -1.385103 0.059605
v 8.926842 -1.381311 0.059378
v 8.920384 -1.377520 0.059150
v 8.913927 -1.373729 0.058923
v 8.907470 -1.369937 0.058695
v 8.901012 -1.366147 0.058468
v 8.894300 -1.355433 0.057783
v 8.887048 -1.345976 0.057183
v 8.879252 -1.337776 0.056668
v 8.870916 -1.330834 0.056239
v 8.862038 -1.325149 0.055895
v 8.852618 -1.320721 0.055636
v 8.842657 -1.317551 0.055462
v 8.832154 -1.315637 0.055374
v 8.821110 -1.314981 0.055371
v 8.809524 -1.315583 0.055453
v 8.797397 -1.317441 0.055621
v 8.784727 -1.320557 0.055873
v 8.768824 -1.324295 0.056179
v 8.753460 -1.328033 0.056483
v 8.738633 -1.331773 0.056785
v 8.724346 -1.335515 0.057085
v 8.710598 -1.339257 0.057383
v 8.697390 -1.343001 0.057679
v 8.684719 -1.346746 0.057974
v 8.672587 -1.350493 0.058266
v 8.660995 -1.354241 0.058557
v 8.649940 -1.357990 0.058845
v 8.639425 -1.361740 0.059132
v 8.629450 -1.365491 0.059417
v 8.617443 -1.373328 0.059980
v 8.607323 -1.381799 0.060578
v 8.599086 -1.390904 0.061211
v 8.592733 -1.400643 0.061880
v 8.588265 -1.411015 0.062583
v 8.585682 -1.422022 0.063322
v 8.584983 -1.433662 0.064095
v 8.586168 -1.445936 0.064904
v 8.589238 -1.458844 0.065747
v 8.594193 -1.472385 0.066626
v 8.601032 -1.486561 0.067540
v 8.609756 -1.501370 0.068489
v 8.633043 -1.508978 0.068908
v 8.657677 -1.516589 0.069322
v 8.683659 -1.524203 0.069731
v 8.710987 -1.531820 0.070136
v 8.739662 -1.539441 0.070536
v 8.769685 -1.547065 0.070931
v 8.801054 -1.554692 0.071322
v 8.833771 -1.562322 0.071707
v 8.867835 -1.569956 0.072089
v 8.903246 -1.577593 0.072465
v 8.940002 -1.585233 0.072837
v 8.978107 -1.592877 0.073204
v 8.978146 -1.637399 0.076152
v 8.978456 -1.680349 0.078996
v 8.979039 -1.721726 0.081735
v 8.979895 -1.761530 0.084368
v 8.981024 -1.799762 0.086896
v 8.982426 -1.836422 0.089319
v 8.984100 -1.871508 0.091637
v 8.986048 -1.905023 0.093850
v 8.988268 -1.936965 0.095957
v 8.990761 -1.967334 0.097960
v 8.993527 -1.996130 0.099857
v 8.996566 -2.023355 0.101649
v 8.973952 -2.015591 0.101217
v 8.951340 -2.007513 0.100765
v 8.928728 -1.999120 0.100292
v 8.906116 -1.990413 0.099798
v 8.883505 -1.981391 0.099283
v 8.860895 -1.972055 0.098747
v 8.838285 -1.962403 0.098191
v 8.815677 -1.952438 0.097613
v 8.793069 -1.942157 0.097015
v 8.770461 -1.931562 0.096396
v 8.747854 -1.920652 0.095756
v 8.725250 -1.909428 0.095095
v 8.715162 -1.902481 0.094672
v 8.704264 -1.896791 0.094335
v 8.692554 -1.892358 0.094084
v 8.680033 -1.889181 0.093919
v 8.666702 -1.887261 0.093841
v 8.652559 -1.886598 0.093849
v 8.637606 -1.887191 0.093942
v 8.621841 -1.889041 0.094123
v 8.605266 -1.892147 0.094389
v 8.587879 -1.896510 0.094742
v 8.569682 -1.902130 0.095180
v 8.550673 -1.909006 0.095705
v 8.512176 -1.772987 0.086837
v 8.435921 -1.161135 0.046589
v 8.436119 -1.070518 0.040586
v 8.442608 -1.059678 0.039845
v 8.449096 -1.049783 0.039165
v 8.455581 -1.040831 0.038549
v 8.462065 -1.032823 0.037995
v 8.468546 -1.025759 0.037503
v 8.475025 -1.019639 0.037074
v 8.481503 -1.014463 0.036708
v 8.487977 -1.010231 0.036404
v 8.494451 -1.006943 0.036162
v 8.500921 -1.004599 0.035983
v 8.507390 -1.003199 0.035867
v 9.250561 -1.185755 0.045241
v 9.298356 -1.197041 0.045814
v 9.344806 -1.208008 0.046371
v 9.389908 -1.218657 0.046911
v 9.433664 -1.228989 0.047436
v 9.476075 -1.239003 0.047944
v 9.517139 -1.248698 0.048436
v 9.556856 -1.258076 0.048912
v 9.595227 -1.267136 0.049372
v 9.632252 -1.275878 0.049815
v 9.667931 -1.284302 0.050243
v 9.702263 -1.292409 0.050654
v 9.735248 -1.300197 0.051050
v 9.558793 -2.160638 0.108687
v 9.532804 -2.156642 0.108517
v 9.506546 -2.152331 0.108327
v 9.480020 -2.147705 0.108118
v 9.453224 -2.142763 0.107889
v 9.426160 -2.137506 0.107639
v 9.398827 -2.131934 0.107370
v 9.371225 -2.126046 0.107081
v 9.343355 -2.119843 0.106772
v 9.315216 -2.113325 0.106443
v 9.286808 -2.106492 0.106095
v 9.258132 -2.099343 0.105726
v 9.229186 -2.091879 0.105337
v 9.229425 -2.044054 0.102169
v 9.229928 -1.998746 0.099166
v 9.230696 -1.955956 0.096329
v 9.231726 -1.915684 0.093658
v 9.233021 -1.877930 0.091152
v 9.234579 -1.842694 0.088813
v 9.236403 -1.809975 0.086639
v 9.238488 -1.779774 0.084631
v 9.240839 -1.752091 0.082789
v 9.243453 -1.726926 0.081112
v 9.246331 -1.704279 0.079602
v 9.249474 -1.684149 0.078257
v 9.274512 -1.691446 0.078649
v 9.297936 -1.698110 0.079004
v 9.319746 -1.704141 0.079324
v 9.339939 -1.709539 0.079608
v 9.358519 -1.714303 0.079856
v 9.375483 -1.718435 0.080067
v 9.390831 -1.721933 0.080243
v 9.404565 -1.724798 0.080382
v 9.416683 -1.727030 0.080486
v 9.427187 -1.728628 0.080553
v 9.436075 -1.729594 0.080585
v 9.443348 -1.729926 0.080580
v 9.453318 -1.729635 0.080524
v 9.463826 -1.728717 0.080425
v 9.474875 -1.727170 0.080282
v 9.486465 -1.724996 0.080096
v 9.498594 -1.722193 0.079866
v 9.511264 -1.718763 0.079592
v 9.524473 -1.714704 0.079275
v 9.538223 -1.710018 0.078915
v 9.552514 -1.704703 0.078510
v 9.567345 -1.698761 0.078063
v 9.582715 -1.692190 0.077571
v 9.598626 -1.684992 0.077036
v 9.607264 -1.677461 0.076506
v 9.613746 -1.669925 0.075983
v 9.618073 -1.662384 0.075468
v 9.620245 -1.654838 0.074960
v 9.620261 -1.647287 0.074460
v 9.618122 -1.639730 0.073967
v 9.613828 -1.632168 0.073482
v 9.607379 -1.624601 0.073004
v 9.598774 -1.617029 0.072534
v 9.588015 -1.609451 0.072072
v 9.575099 -1.601869 0.071617
v 9.560029 -1.594281 0.071169
v 9.531219 -1.586660 0.070770
v 9.502947 -1.579040 0.070368
v 9.475215 -1.571422 0.069965
v 9.448021 -1.563805 0.069560
v 9.421367 -1.556189 0.069153
v 9.395250 -1.548575 0.068744
v 9.369673 -1.540961 0.068333
v 9.344634 -1.533349 0.067921
v 9.320135 -1.525739 0.067506
v 9.296173 -1.518129 0.067090
v 9.272752 -1.510522 0.066671
v 9.249868 -1.502915 0.066251
v 10.730742 1.551852 -0.141497
v 10.671062 1.549165 -0.141101
v 10.614873 1.540805 -0.140342
v 10.562172 1.526773 -0.139220
v 10.512962 1.507070 -0.137735
v 10.467242 1.481694 -0.135887
v 10.425012 1.450646 -0.133676
v 10.386271 1.413926 -0.131102
v 10.351021 1.371535 -0.128165
v 10.319261 1.323470 -0.124866
v 10.290990 1.269735 -0.121203
v 10.266210 1.210326 -0.117178
v 10.244919 1.145246 -0.112789
v 10.242334 1.133768 -0.112020
v 10.241096 1.121972 -0.111234
v 10.241204 1.109858 -0.110432
v 10.242659 1.097426 -0.109614
v 10.245460 1.084676 -0.108779
v 10.249607 1.071608 -0.107929
v 10.255101 1.058223 -0.107062
v 10.261941 1.044519 -0.106180
v 10.270127 1.030498 -0.105281
v 10.279660 1.016158 -0.104366
v 10.290539 1.001501 -0.103435
v 10.302765 0.986526 -0.102488
v 10.344620 0.907292 -0.097393
v 10.386476 0.828372 -0.092318
v 10.428331 0.749768 -0.087265
v 10.470189 0.671478 -0.082232
v 10.512047 0.593502 -0.077221
v 10.553905 0.515841 -0.072230
v 10.595764 0.438495 -0.067260
v 10.637624 0.361463 -0.062311
v 10.679484 0.284747 -0.057382
v 10.721345 0.208344 -0.052475
v 10.763206 0.132257 -0.047588
v 10.805070 0.056484 -0.042722
v 10.795370 0.055878 -0.042647
v 10.785666 0.054013 -0.042488
v 10.775961 0.050890 -0.042245
v 10.766253 0.046509 -0.041920
v 10.756542 0.040869 -0.041511
v 10.746828 0.033970 -0.041018
v 10.737112 0.025812 -0.040442
v 10.727392 0.016397 -0.039783
v 10.717670 0.005723 -0.039041
v 10.707946 -0.006211 -0.038215
v 10.698218 -0.019402 -0.037305
v 10.688488 -0.033852 -0.036313
v 10.679169 -0.044842 -0.035551
v 10.670660 -0.055205 -0.034833
v 10.662961 -0.064941 -0.034160
v 10.656071 -0.074049 -0.033532
v 10.649991 -0.082529 -0.032948
v 10.644720 -0.090383 -0.032408
v 10.640259 -0.097609 -0.031913
v 10.636608 -0.104207 -0.031463
v 10.633766 -0.110178 -0.031057
v 10.631734 -0.115523 -0.030696
v 10.630511 -0.120239 -0.030379
v 10.630098 -0.124329 -0.030106
v 10.630213 -0.133611 -0.029492
v 10.630589 -0.146355 -0.028649
v 10.631227 -0.162561 -0.027578
v 10.632127 -0.182229 -0.026279
v 10.633288 -0.205358 -0.024751
v 10.634712 -0.231949 -0.022995
v 10.636398 -0.262001 -0.021011
v 10.638346 -0.295515 -0.018798
v 10.640554 -0.332491 -0.016357
v 10.643026 -0.372929 -0.013687
v 10.645759 -0.416829 -0.010790
v 10.648754 -0.464190 -0.007664
v 10.648795 -0.506981 -0.004829
v 10.649084 -0.559842 -0.001329
v 10.649620 -0.622772 0.002837
v 10.650404 -0.695772 0.007669
v 10.651435 -0.778841 0.013168
v 10.652714 -0.871978 0.019332
v 10.654240 -0.975185 0.026162
v 10.656013 -1.088462 0.033659
v 10.658033 -1.211807 0.041821
v 10.660301 -1.345222 0.050650
v 10.662817 -1.488705 0.060144
v 10.665581 -1.642258 0.070305
v 10.668316 -1.747041 0.077235
v 10.670515 -1.849935 0.084043
v 10.672181 -1.950940 0.090727
v 10.673312 -2.050056 0.097287
v 10.673908 -2.147282 0.103725
v 10.673969 -2.242620 0.110040
v 10.673496 -2.336068 0.116231
v 10.672488 -2.427627 0.122299
v 10.670945 -2.517297 0.128244
v 10.668868 -2.605078 0.134066
v 10.666256 -2.690969 0.139765
v 10.663109 -2.774971 0.145340
v 10.663297 -2.812415 0.147819
v 10.664024 -2.849230 0.150255
v 10.665293 -2.885417 0.152647
v 10.667101 -2.920976 0.154996
v 10.669449 -2.955907 0.157301
v 10.672338 -2.990211 0.159563
v 10.675767 -3.023886 0.161781
v 10.679736 -3.056933 0.163955
v 10.684245 -3.089352 0.166086
v 10.689295 -3.121143 0.168173
v 10.694884 -3.152307 0.170217
v 10.701014 -3.182842 0.172217
v 10.707718 -3.197175 0.173142
v 10.714964 -3.209935 0.173961
v 10.722753 -3.221124 0.174673
v 10.731083 -3.230741 0.175280
v 10.739956 -3.238785 0.175780
v 10.749372 -3.245258 0.176174
v 10.759329 -3.250159 0.176463
v 10.769829 -3.253488 0.176645
v 10.780870 -3.255246 0.176721
v 10.792455 -3.255431 0.176691
v 10.804581 -3.254044 0.176554
v 10.817249 -3.251086 0.176312
v 10.851668 -3.219704 0.174108
v 10.883667 -3.185800 0.171745
v 10.913247 -3.149373 0.169224
v 10.940408 -3.110422 0.166545
v 10.965149 -3.068949 0.163708
v 10.987472 -3.024953 0.160712
v 11.007374 -2.978433 0.157558
v 11.024858 -2.929391 0.154246
v 11.039923 -2.877826 0.150775
v 11.052568 -2.823738 0.147146
v 11.062795 -2.767126 0.143359
v 11.070602 -2.707992 0.139414
v 11.070373 -2.689585 0.138195
v 11.069603 -2.672120 0.137041
v 11.068292 -2.655598 0.135952
v 11.066440 -2.640019 0.134927
v 11.064047 -2.625382 0.133966
v 11.061113 -2.611688 0.133070
v 11.057639 -2.598937 0.132238
v 11.053623 -2.587128 0.131470
v 11.049067 -2.576262 0.130767
v 11.043970 -2.566338 0.130129
v 11.038332 -2.557357 0.129554
v 11.032153 -2.549319 0.129045
v 11.022858 -2.488255 0.125034
v 11.014119 -2.418383 0.120438
v 11.005939 -2.339702 0.115256
v 10.998318 -2.252213 0.109489
v 10.991253 -2.155914 0.103137
v 10.984748 -2.050807 0.096199
v 10.978800 -1.936892 0.088675
v 10.973410 -1.814168 0.080566
v 10.968578 -1.682635 0.071872
v 10.964304 -1.542293 0.062592
v 10.960588 -1.393143 0.052726
v 10.957431 -1.235184 0.042275
v 10.954416 -1.196790 0.039743
v 10.951691 -1.149587 0.036627
v 10.949253 -1.093574 0.032925
v 10.947105 -1.028752 0.028640
v 10.945245 -0.955121 0.023770
v 10.943674 -0.872681 0.018315
v 10.942391 -0.781431 0.012276
v 10.941397 -0.681371 0.005652
v 10.940692 -0.572503 -0.001557
v 10.940275 -0.454825 -0.009350
v 10.940147 -0.328338 -0.017727
v 10.940308 -0.193041 -0.026689
v 11.016443 -0.303979 -0.019620
v 11.090165 -0.409878 -0.012875
v 11.161473 -0.510736 -0.006455
v 11.230368 -0.606554 -0.000360
v 11.296848 -0.697332 0.005409
v 11.360915 -0.783070 0.010854
v 11.422568 -0.863768 0.015974
v 11.481808 -0.939426 0.020768
v 11.538634 -1.010043 0.025238
v 11.593046 -1.075620 0.029383
v 11.645045 -1.136158 0.033202
v 11.694630 -1.191654 0.036697
v 11.709695 -1.201760 0.037311
v 11.722610 -1.209342 0.037766
v 11.733376 -1.214402 0.038062
v 11.741991 -1.216940 0.038198
v 11.748457 -1.216956 0.038176
v 11.752772 -1.214449 0.037994
v 11.754939 -1.209420 0.037653
v 11.754955 -1.201869 0.037153
v 11.752822 -1.191795 0.036493
v 11.748539 -1.179199 0.035675
v 11.742106 -1.164080 0.034697
v 11.733523 -1.146440 0.033560
v 11.663457 -1.032055 0.026240
v 11.595012 -0.915786 0.018789
v 11.528187 -0.797633 0.011207
v 11.462982 -0.677596 0.003495
v 11.399398 -0.555675 -0.004348
v 11.337435 -0.431870 -0.012322
v 11.277092 -0.306182 -0.020427
v 11.218369 -0.178609 -0.028662
v 11.161268 -0.049153 -0.037028
v 11.105786 0.082188 -0.045524
v 11.051927 0.215412 -0.054151
v 10.999686 0.350521 -0.062909
v 10.944347 0.485480 -0.071646
v 10.894107 0.610672 -0.079755
v 10.848963 0.726098 -0.087235
v 10.808917 0.831758 -0.094087
v 10.773968 0.927651 -0.100311
v 10.744117 1.013779 -0.105906
v 10.719363 1.090140 -0.110874
v 10.699707 1.156734 -0.115213
v 10.685148 1.213563 -0.118924
v 10.675687 1.260625 -0.122006
v 10.671323 1.297920 -0.124461
v 10.672056 1.325450 -0.126287
v 10.675726 1.340387 -0.127289
v 10.680203 1.355006 -0.128274
v 10.685488 1.369311 -0.129241
v 10.691580 1.383297 -0.130190
v 10.698480 1.396968 -0.131120
v 10.706187 1.410321 -0.132033
v 10.714702 1.423359 -0.132928
v 10.724024 1.436079 -0.133804
v 10.734154 1.448483 -0.134663
v 10.745091 1.460570 -0.135504
v 10.756837 1.472341 -0.136326
v 10.769389 1.483795 -0.137131
v 10.772115 1.498105 -0.138089
v 10.773759 1.510845 -0.138938
v 10.774323 1.522013 -0.139680
v 10.773804 1.531611 -0.140314
v 10.772205 1.539639 -0.140840
v 10.769526 1.546095 -0.141258
v 10.765764 1.550981 -0.141568
v 10.760922 1.554297 -0.141769
v 10.754999 1.556041 -0.141863
v 10.747994 1.556216 -0.141849
v 10.739909 1.554819 -0.141727
v 9.508905 1.645419 -0.143228
v 9.507862 1.626516 -0.428636
v 9.514746 1.667115 -0.144686
v 9.513702 1.648211 -0.430094
v 9.519234 1.686927 -0.146015
v 9.518190 1.668023 -0.431423
v 9.522371 1.704854 -0.147214
v 9.521328 1.685950 -0.432622
v 9.524158 1.720896 -0.148283
v 9.523114 1.701993 -0.433691
v 9.524592 1.735054 -0.149222
v 9.523549 1.716151 -0.434630
v 9.523676 1.747328 -0.150032
v 9.522633 1.728424 -0.435440
v 9.521409 1.757716 -0.150711
v 9.520366 1.738813 -0.436119
v 9.517790 1.766221 -0.151262
v 9.516747 1.747317 -0.436670
v 9.512821 1.772841 -0.151682
v 9.511778 1.753937 -0.437090
v 9.506500 1.777576 -0.151972
v 9.505457 1.758672 -0.437380
v 9.498828 1.780426 -0.152133
v 9.497785 1.761522 -0.437541
v 9.489805 1.781392 -0.152164
v 9.488762 1.762488 -0.437572
v 9.461382 1.781146 -0.152044
v 9.460339 1.762242 -0.437452
v 9.434304 1.780267 -0.151887
v 9.433261 1.761364 -0.437295
v 9.408572 1.778756 -0.151693
v 9.407529 1.759853 -0.437101
v 9.384186 1.776613 -0.151461
v 9.383142 1.757709 -0.436869
v 9.361145 1.773836 -0.151193
v 9.360102 1.754933 -0.436601
v 9.339451 1.770428 -0.150888
v 9.338408 1.751524 -0.436296
v 9.319101 1.766387 -0.150546
v 9.318058 1.747483 -0.435954
v 9.300098 1.761713 -0.150167
v 9.299055 1.742809 -0.435575
v 9.282440 1.756406 -0.149751
v 9.281397 1.737502 -0.435159
v 9.266128 1.750468 -0.149298
v 9.265084 1.731564 -0.434706
v 9.251162 1.743896 -0.148808
v 9.250118 1.724992 -0.434216
v 9.237540 1.736691 -0.148281
v 9.236497 1.717788 -0.433689
v 9.218395 1.728872 -0.147693
v 9.217352 1.709968 -0.433101
v 9.199787 1.720421 -0.147065
v 9.198744 1.701517 -0.432473
v 9.181717 1.711340 -0.146398
v 9.180674 1.692436 -0.431806
v 9.164185 1.701628 -0.145690
v 9.163141 1.682725 -0.431098
v 9.147189 1.691286 -0.144943
v 9.146146 1.672383 -0.430351
v 9.130732 1.680313 -0.144156
v 9.129688 1.661410 -0.429564
v 9.114811 1.668710 -0.143330
v 9.113768 1.649806 -0.428738
v 9.099428 1.656476 -0.142463
v 9.098385 1.637572 -0.427871
v 9.084582 1.643611 -0.141557
v 9.083539 1.624707 -0.426965
v 9.070274 1.630117 -0.140610
v 9.069231 1.611213 -0.426018
v 9.056503 1.615991 -0.139625
v 9.055460 1.597087 -0.425032
v 9.043270 1.601234 -0.138599
v 9.042227 1.582330 -0.424007
v 9.028151 1.586168 -0.137546
v 9.027107 1.567264 -0.422953
v 9.015185 1.571097 -0.136500
v 9.014142 1.552193 -0.421908
v 9.004376 1.556020 -0.135462
v 9.003333 1.537116 -0.420870
v 8.995723 1.540938 -0.134431
v 8.994679 1.522034 -0.419839
v 8.989223 1.525851 -0.133408
v 8.988180 1.506947 -0.418816
v 8.984880 1.510759 -0.132393
v 8.983837 1.491855 -0.417800
v 8.982692 1.495661 -0.131385
v 8.981648 1.476757 -0.416793
v 8.982658 1.480557 -0.130384
v 8.981615 1.461653 -0.415792
v 8.984781 1.465450 -0.129391
v 8.983738 1.446546 -0.414799
v 8.989058 1.450336 -0.128406
v 8.988015 1.431432 -0.413814
v 8.995492 1.435217 -0.127428
v 8.994449 1.416313 -0.412836
v 9.004080 1.420093 -0.126457
v 9.003036 1.401190 -0.411865
v 9.016683 1.331176 -0.120614
v 9.015639 1.312272 -0.406022
v 9.029024 1.245720 -0.114999
v 9.027981 1.226816 -0.400407
v 9.041103 1.163726 -0.109612
v 9.040060 1.144822 -0.395020
v 9.052920 1.085194 -0.104454
v 9.051877 1.066290 -0.389862
v 9.064476 1.010123 -0.099524
v 9.063433 0.991219 -0.384932
v 9.075769 0.938515 -0.094822
v 9.074726 0.919611 -0.380230
v 9.086802 0.870368 -0.090348
v 9.085758 0.851464 -0.375756
v 9.097571 0.805683 -0.086103
v 9.096528 0.786778 -0.371511
v 9.108079 0.744459 -0.082087
v 9.107036 0.725555 -0.367495
v 9.118325 0.686697 -0.078298
v 9.117282 0.667793 -0.363706
v 9.128309 0.632397 -0.074738
v 9.127266 0.613493 -0.360146
v 9.138032 0.581558 -0.071406
v 9.136989 0.562654 -0.356814
v 9.050523 0.603952 -0.072570
v 9.049479 0.585048 -0.357978
v 8.968939 0.625387 -0.073691
v 8.967896 0.606483 -0.359099
v 8.893280 0.645864 -0.074771
v 8.892237 0.626960 -0.360179
v 8.823545 0.665383 -0.075809
v 8.822502 0.646479 -0.361217
v 8.759735 0.683944 -0.076805
v 8.758692 0.665040 -0.362213
v 8.701851 0.701547 -0.077759
v 8.700808 0.682642 -0.363167
v 8.649891 0.718191 -0.078672
v 8.648848 0.699287 -0.364080
v 8.603857 0.733877 -0.079542
v 8.602814 0.714973 -0.364950
v 8.563747 0.748605 -0.080371
v 8.562704 0.729701 -0.365779
v 8.529562 0.762374 -0.081158
v 8.528519 0.743470 -0.366566
v 8.501302 0.775185 -0.081903
v 8.500258 0.756281 -0.367311
v 8.478967 0.787038 -0.082607
v 8.477923 0.768134 -0.368015
v 8.459878 0.805176 -0.083738
v 8.458835 0.786272 -0.369146
v 8.441325 0.821740 -0.084768
v 8.440282 0.802836 -0.370176
v 8.423307 0.836729 -0.085695
v 8.422264 0.817825 -0.371103
v 8.405825 0.850144 -0.086519
v 8.404781 0.831240 -0.371927
v 8.388878 0.861984 -0.087242
v 8.387835 0.843080 -0.372650
v 8.372467 0.872249 -0.087861
v 8.371424 0.853345 -0.373269
v 8.356590 0.880941 -0.088379
v 8.355547 0.862036 -0.373787
v 8.341249 0.888057 -0.088794
v 8.340206 0.869153 -0.374202
v 8.326445 0.893599 -0.089107
v 8.325401 0.874695 -0.374515
v 8.312174 0.897567 -0.089318
v 8.311131 0.878662 -0.374726
v 8.298439 0.899960 -0.089426
v 8.297396 0.881055 -0.374834
v 8.285240 0.900778 -0.089432
v 8.284197 0.881874 -0.374840
v 8.277696 0.900324 -0.089375
v 8.276652 0.881420 -0.374783
v 8.267994 0.898932 -0.089247
v 8.266951 0.880027 -0.374655
v 8.256135 0.896600 -0.089049
v 8.255092 0.877696 -0.374457
v 8.242119 0.893330 -0.088781
v 8.241076 0.874426 -0.374189
v 8.225945 0.889122 -0.088443
v 8.224901 0.870218 -0.373851
v 8.207614 0.883975 -0.088035
v 8.206571 0.865070 -0.373443
v 8.187125 0.877888 -0.087557
v 8.186082 0.858984 -0.372965
v 8.164479 0.870863 -0.087009
v 8.163436 0.851959 -0.372417
v 8.139676 0.862900 -0.086391
v 8.138633 0.843996 -0.371799
v 8.112716 0.853998 -0.085703
v 8.111672 0.835093 -0.371111
v 8.083598 0.844157 -0.084945
v 8.082555 0.825252 -0.370353
v 8.052322 0.833377 -0.084116
v 8.051279 0.814473 -0.369524
v 8.021323 0.825114 -0.083456
v 8.020280 0.806210 -0.368864
v 7.993013 0.815271 -0.082700
v 7.991970 0.796367 -0.368108
v 7.967395 0.803848 -0.081850
v 7.966352 0.784944 -0.367258
v 7.944467 0.790846 -0.080905
v 7.943423 0.771941 -0.366313
v 7.924230 0.776264 -0.079865
v 7.923186 0.757360 -0.365273
v 7.906682 0.760102 -0.078730
v 7.905639 0.741198 -0.364138
v 7.891826 0.742360 -0.077501
v 7.890783 0.723456 -0.362909
v 7.879661 0.723039 -0.076177
v 7.878617 0.704135 -0.361585
v 7.870185 0.702138 -0.074758
v 7.869142 0.683234 -0.360166
v 7.863401 0.679657 -0.073244
v 7.862358 0.660753 -0.358652
v 7.859307 0.655597 -0.071635
v 7.858264 0.636693 -0.357043
v 7.857904 0.629957 -0.069932
v 7.856861 0.611053 -0.355340
v 7.858808 0.611862 -0.068737
v 7.857765 0.592958 -0.354145
v 7.861601 0.595337 -0.067652
v 7.860558 0.576433 -0.353060
v 7.866282 0.580380 -0.066679
v 7.865239 0.561476 -0.352087
v 7.872854 0.566992 -0.065816
v 7.871810 0.548088 -0.351224
v 7.881314 0.555172 -0.065064
v 7.880271 0.536268 -0.350472
v 7.891665 0.544921 -0.064423
v 7.890621 0.526017 -0.349831
v 7.903904 0.536239 -0.063893
v 7.902861 0.517335 -0.349301
v 7.918033 0.529126 -0.063473
v 7.916989 0.510221 -0.348881
v 7.934050 0.523581 -0.063164
v 7.933006 0.504677 -0.348572
v 7.951957 0.519605 -0.062966
v 7.950913 0.500700 -0.348374
v 7.971753 0.517197 -0.062879
v 7.970710 0.498293 -0.348287
v 7.993439 0.516358 -0.062903
v 7.992395 0.497454 -0.348311
v 8.098483 0.504620 -0.062510
v 8.097440 0.485715 -0.347918
v 8.200294 0.492575 -0.062084
v 8.199250 0.473671 -0.347492
v 8.298870 0.480223 -0.061626
v 8.297827 0.461319 -0.347034
v 8.394214 0.467565 -0.061136
v 8.393170 0.448660 -0.346544
v 8.486323 0.454599 -0.060614
v 8.485280 0.435695 -0.346022
v 8.575199 0.441327 -0.060060
v 8.574156 0.422423 -0.345468
v 8.660842 0.427748 -0.059474
v 8.659799 0.408844 -0.344882
v 8.743251 0.413862 -0.058855
v 8.742208 0.394958 -0.344263
v 8.822427 0.399669 -0.058205
v 8.821383 0.380765 -0.343613
v 8.898369 0.385169 -0.057522
v 8.897326 0.366265 -0.342930
v 8.971077 0.370363 -0.056807
v 8.970034 0.351459 -0.342215
v 9.040551 0.355250 -0.056060
v 9.039508 0.336345 -0.341468
v 8.925684 0.248391 -0.048562
v 8.924641 0.229486 -0.333970
v 8.814330 0.146243 -0.041389
v 8.813287 0.127339 -0.326797
v 8.706489 0.048806 -0.034541
v 8.705445 0.029902 -0.319949
v 8.602160 -0.043919 -0.028018
v 8.601116 -0.062824 -0.313426
v 8.501343 -0.131934 -0.021820
v 8.500299 -0.150838 -0.307228
v 8.404039 -0.215237 -0.015947
v 8.402996 -0.234141 -0.301355
v 8.310247 -0.293829 -0.010398
v 8.309204 -0.312733 -0.295806
v 8.219969 -0.367710 -0.005174
v 8.218925 -0.386614 -0.290582
v 8.133203 -0.436879 -0.000276
v 8.132159 -0.455784 -0.285684
v 8.049950 -0.501338 0.004298
v 8.048906 -0.520242 -0.281110
v 7.970208 -0.561085 0.008547
v 7.969165 -0.579989 -0.276861
v 7.893980 -0.616121 0.012471
v 7.892937 -0.635026 -0.272937
v 7.819256 -0.660935 0.015712
v 7.818213 -0.679839 -0.269696
v 7.743994 -0.705118 0.018914
v 7.742951 -0.724023 -0.266494
v 7.668195 -0.748671 0.022076
v 7.667152 -0.767575 -0.263332
v 7.591859 -0.791593 0.025198
v 7.590816 -0.810497 -0.260210
v 7.514985 -0.833884 0.028280
v 7.513942 -0.852789 -0.257128
v 7.437573 -0.875545 0.031323
v 7.436530 -0.894449 -0.254085
v 7.359624 -0.916575 0.034325
v 7.358581 -0.935480 -0.251083
v 7.281138 -0.956975 0.037288
v 7.280095 -0.975879 -0.248120
v 7.202114 -0.996744 0.040211
v 7.201071 -1.015648 -0.245197
v 7.122553 -1.035883 0.043095
v 7.121510 -1.054787 -0.242313
v 7.042454 -1.074391 0.045938
v 7.041411 -1.093295 -0.239470
v 6.961819 -1.112268 0.048742
v 6.960776 -1.131172 -0.236666
v 6.952517 -1.116021 0.049024
v 6.951473 -1.134925 -0.236384
v 6.944022 -1.119776 0.049304
v 6.942979 -1.138681 -0.236104
v 6.936336 -1.123534 0.049581
v 6.935293 -1.142438 -0.235827
v 6.929458 -1.127293 0.049855
v 6.928414 -1.146197 -0.235553
v 6.923388 -1.131054 0.050126
v 6.922344 -1.149958 -0.235282
v 6.918126 -1.134817 0.050395
v 6.917082 -1.153721 -0.235013
v 6.913673 -1.138582 0.050661
v 6.912630 -1.157486 -0.234747
v 6.910027 -1.142349 0.050923
v 6.908984 -1.161253 -0.234485
v 6.907190 -1.146118 0.051183
v 6.906147 -1.165022 -0.234225
v 6.905162 -1.149889 0.051441
v 6.904119 -1.168793 -0.233967
v 6.903941 -1.153662 0.051695
v 6.902897 -1.172566 -0.233713
v 6.903528 -1.157436 0.051946
v 6.902485 -1.176340 -0.233462
v 6.903789 -1.161212 0.052196
v 6.902746 -1.180117 -0.233212
v 6.904589 -1.164990 0.052443
v 6.903546 -1.183894 -0.232965
v 6.905927 -1.168769 0.052688
v 6.904884 -1.187673 -0.232720
v 6.907805 -1.172549 0.052932
v 6.906762 -1.191454 -0.232476
v 6.910221 -1.176331 0.053173
v 6.909178 -1.195235 -0.232235
v 6.913177 -1.180114 0.053413
v 6.912133 -1.199018 -0.231995
v 6.916670 -1.183898 0.053651
v 6.915627 -1.202802 -0.231757
v 6.920703 -1.187684 0.053887
v 6.919660 -1.206588 -0.231521
v 6.925275 -1.191470 0.054121
v 6.924232 -1.210375 -0.231287
v 6.930385 -1.195258 0.054353
v 6.929342 -1.214163 -0.231055
v 6.936035 -1.199048 0.054584
v 6.934991 -1.217952 -0.230824
v 6.942224 -1.202838 0.054812
v 6.941181 -1.221742 -0.230596
v 7.024345 -1.224747 0.055963
v 7.023302 -1.243651 -0.229445
v 7.102700 -1.244758 0.057002
v 7.101657 -1.263663 -0.228406
v 7.177287 -1.262873 0.057929
v 7.176243 -1.281778 -0.227479
v 7.248106 -1.279091 0.058745
v 7.247062 -1.297995 -0.226663
v 7.315157 -1.293412 0.059448
v 7.314114 -1.312316 -0.225960
v 7.378441 -1.305836 0.060040
v 7.377398 -1.324740 -0.225368
v 7.437958 -1.316363 0.060519
v 7.436915 -1.335267 -0.224889
v 7.493707 -1.324993 0.060887
v 7.492664 -1.343897 -0.224521
v 7.545688 -1.331726 0.061143
v 7.544645 -1.350630 -0.224265
v 7.593902 -1.336561 0.061287
v 7.592858 -1.355466 -0.224121
v 7.638348 -1.339501 0.061319
v 7.637305 -1.358405 -0.224089
v 7.679028 -1.340543 0.061239
v 7.677984 -1.359447 -0.224169
v 7.694916 -1.343570 0.061382
v 7.693872 -1.362475 -0.224026
v 7.710269 -1.345023 0.061422
v 7.709226 -1.363927 -0.223986
v 7.725087 -1.344902 0.061360
v 7.724043 -1.363806 -0.224048
v 7.739369 -1.343206 0.061195
v 7.738326 -1.362110 -0.224213
v 7.753116 -1.339935 0.060928
v 7.752073 -1.358839 -0.224480
v 7.766328 -1.335090 0.060559
v 7.765285 -1.353994 -0.224849
v 7.779004 -1.328671 0.060088
v 7.777961 -1.347575 -0.225320
v 7.791145 -1.320676 0.059514
v 7.790102 -1.339581 -0.225894
v 7.802751 -1.311108 0.058837
v 7.801707 -1.330012 -0.226571
v 7.813820 -1.299965 0.058059
v 7.812777 -1.318869 -0.227349
v 7.824355 -1.287247 0.057178
v 7.823312 -1.306151 -0.228230
v 7.834355 -1.272955 0.056195
v 7.833312 -1.291859 -0.229213
v 7.850425 -1.254429 0.054909
v 7.849382 -1.273333 -0.230499
v 7.866225 -1.236533 0.053666
v 7.865181 -1.255437 -0.231742
v 7.881753 -1.219265 0.052465
v 7.880710 -1.238169 -0.232943
v 7.897012 -1.202625 0.051307
v 7.895968 -1.221530 -0.234101
v 7.911999 -1.186615 0.050192
v 7.910955 -1.205519 -0.235216
v 7.926715 -1.171233 0.049120
v 7.925672 -1.190137 -0.236288
v 7.941160 -1.156479 0.048089
v 7.940117 -1.175383 -0.237318
v 7.955335 -1.142354 0.047102
v 7.954292 -1.161259 -0.238306
v 7.969239 -1.128858 0.046157
v 7.968196 -1.147763 -0.239251
v 7.982872 -1.115991 0.045255
v 7.981829 -1.134895 -0.240153
v 7.996235 -1.103752 0.044396
v 7.995192 -1.122656 -0.241012
v 8.009327 -1.092142 0.043579
v 8.008284 -1.111046 -0.241829
v 8.067370 -1.160245 0.047878
v 8.066327 -1.179149 -0.237530
v 8.259417 -2.044230 0.105727
v 8.258373 -2.063134 -0.179681
v 8.269306 -2.080280 0.108078
v 8.268263 -2.099185 -0.177330
v 8.279742 -2.112871 0.110199
v 8.278699 -2.131775 -0.175209
v 8.290724 -2.142002 0.112088
v 8.289680 -2.160906 -0.173320
v 8.302253 -2.167674 0.113746
v 8.301209 -2.186578 -0.171662
v 8.314327 -2.189885 0.115174
v 8.313284 -2.208789 -0.170234
v 8.326949 -2.208637 0.116369
v 8.325906 -2.227541 -0.169039
v 8.340117 -2.223929 0.117334
v 8.339073 -2.242833 -0.168074
v 8.353830 -2.235761 0.118068
v 8.352787 -2.254665 -0.167340
v 8.368092 -2.244134 0.118570
v 8.367048 -2.263038 -0.166838
v 8.382898 -2.249046 0.118841
v 8.381855 -2.267951 -0.166567
v 8.398252 -2.250499 0.118882
v 8.397208 -2.269403 -0.166526
v 8.414150 -2.248492 0.118690
v 8.413107 -2.267397 -0.166718
v 8.426822 -2.244590 0.118386
v 8.425778 -2.263494 -0.167022
v 8.438953 -2.240372 0.118062
v 8.437910 -2.259276 -0.167346
v 8.450548 -2.235837 0.117719
v 8.449505 -2.254741 -0.167689
v 8.461605 -2.230987 0.117357
v 8.460562 -2.249891 -0.168051
v 8.472123 -2.225821 0.116977
v 8.471080 -2.244725 -0.168431
v 8.482103 -2.220339 0.116577
v 8.481060 -2.239243 -0.168831
v 8.491545 -2.214540 0.116159
v 8.490501 -2.233445 -0.169249
v 8.500449 -2.208426 0.115721
v 8.499406 -2.227330 -0.169687
v 8.508815 -2.201996 0.115265
v 8.507771 -2.220901 -0.170143
v 8.516643 -2.195251 0.114789
v 8.515599 -2.214155 -0.170619
v 8.523932 -2.188189 0.114295
v 8.522888 -2.207093 -0.171113
v 8.530683 -2.180810 0.113781
v 8.529639 -2.199715 -0.171627
v 8.543368 -2.169986 0.113018
v 8.542325 -2.188890 -0.172390
v 8.555513 -2.160104 0.112319
v 8.554470 -2.179008 -0.173089
v 8.567118 -2.151165 0.111685
v 8.566074 -2.170069 -0.173723
v 8.578181 -2.143168 0.111115
v 8.577138 -2.162072 -0.174293
v 8.588703 -2.136114 0.110609
v 8.587660 -2.155018 -0.174799
v 8.598684 -2.130002 0.110168
v 8.597641 -2.148907 -0.175240
v 8.608126 -2.124834 0.109791
v 8.607082 -2.143738 -0.175617
v 8.617025 -2.120607 0.109478
v 8.615982 -2.139512 -0.175930
v 8.625384 -2.117324 0.109230
v 8.624341 -2.136228 -0.176178
v 8.633203 -2.114983 0.109047
v 8.632159 -2.133887 -0.176361
v 8.640479 -2.113585 0.108927
v 8.639436 -2.132489 -0.176481
v 8.647215 -2.113129 0.108872
v 8.646172 -2.132033 -0.176536
v 8.664449 -2.117261 0.109083
v 8.663405 -2.136165 -0.176325
v 8.683836 -2.122027 0.109328
v 8.682793 -2.140931 -0.176080
v 8.705377 -2.127428 0.109607
v 8.704333 -2.146332 -0.175801
v 8.729072 -2.133464 0.109920
v 8.728028 -2.152368 -0.175488
v 8.754920 -2.140133 0.110267
v 8.753877 -2.159038 -0.175141
v 8.782923 -2.147438 0.110649
v 8.781879 -2.166342 -0.174759
v 8.813080 -2.155377 0.111064
v 8.812037 -2.174281 -0.174344
v 8.845390 -2.163950 0.111514
v 8.844347 -2.182854 -0.173894
v 8.879854 -2.173158 0.111998
v 8.878811 -2.192062 -0.173410
v 8.916472 -2.183000 0.112516
v 8.915429 -2.201905 -0.172892
v 8.955244 -2.193477 0.113068
v 8.954201 -2.212381 -0.172340
v 8.996170 -2.204588 0.113655
v 8.995127 -2.223493 -0.171753
v 8.995653 -2.256346 0.117085
v 8.994610 -2.275250 -0.168323
v 8.994333 -2.305900 0.120372
v 8.993290 -2.324804 -0.165036
v 8.992208 -2.353248 0.123516
v 8.991165 -2.372153 -0.161892
v 8.989282 -2.398393 0.126517
v 8.988238 -2.417297 -0.158891
v 8.985551 -2.441333 0.129374
v 8.984508 -2.460237 -0.156034
v 8.981017 -2.482068 0.132089
v 8.979974 -2.500972 -0.153319
v 8.975679 -2.520599 0.134661
v 8.974636 -2.539503 -0.150747
v 8.969539 -2.556926 0.137089
v 8.968495 -2.575830 -0.148319
v 8.962594 -2.591048 0.139375
v 8.961551 -2.609952 -0.146033
v 8.954846 -2.622966 0.141517
v 8.953803 -2.641870 -0.143891
v 8.946295 -2.652679 0.143516
v 8.945251 -2.671583 -0.141891
v 8.936940 -2.680188 0.145373
v 8.935897 -2.699092 -0.140035
v 8.927202 -2.698256 0.146605
v 8.926159 -2.717160 -0.138803
v 8.917467 -2.714751 0.147733
v 8.916424 -2.733656 -0.137675
v 8.907736 -2.729674 0.148757
v 8.906693 -2.748578 -0.136651
v 8.898008 -2.743022 0.149677
v 8.896965 -2.761927 -0.135731
v 8.888284 -2.754798 0.150493
v 8.887240 -2.773702 -0.134915
v 8.878563 -2.765001 0.151204
v 8.877520 -2.783905 -0.134204
v 8.868845 -2.773630 0.151811
v 8.867802 -2.792534 -0.133597
v 8.859131 -2.780686 0.152314
v 8.858088 -2.799590 -0.133094
v 8.849421 -2.786169 0.152712
v 8.848377 -2.805073 -0.132696
v 8.839713 -2.790078 0.153007
v 8.838670 -2.808983 -0.132401
v 8.830009 -2.792415 0.153197
v 8.828966 -2.811319 -0.132211
v 8.820309 -2.793178 0.153283
v 8.819265 -2.812082 -0.132125
v 8.797528 -2.800360 0.153842
v 8.796485 -2.819264 -0.131566
v 8.774479 -2.806912 0.154360
v 8.773436 -2.825816 -0.131048
v 8.751163 -2.812834 0.154838
v 8.750119 -2.831738 -0.130570
v 8.727577 -2.818126 0.155275
v 8.726534 -2.837030 -0.130133
v 8.703725 -2.822788 0.155671
v 8.702682 -2.841692 -0.129737
v 8.679604 -2.826820 0.156026
v 8.678560 -2.845724 -0.129382
v 8.655214 -2.830222 0.156340
v 8.654171 -2.849126 -0.129068
v 8.630558 -2.832994 0.156614
v 8.629515 -2.851899 -0.128794
v 8.605633 -2.835137 0.156847
v 8.604589 -2.854041 -0.128561
v 8.580440 -2.836649 0.157039
v 8.579396 -2.855553 -0.128369
v 8.554978 -2.837532 0.157191
v 8.553935 -2.856436 -0.128217
v 8.529249 -2.837784 0.157302
v 8.528206 -2.856688 -0.128106
v 8.493554 -2.837069 0.157385
v 8.492511 -2.855973 -0.128023
v 8.457592 -2.835094 0.157386
v 8.456549 -2.853998 -0.128022
v 8.421364 -2.831860 0.157304
v 8.420321 -2.850765 -0.128104
v 8.384869 -2.827367 0.157140
v 8.383825 -2.846272 -0.128268
v 8.348106 -2.821615 0.156893
v 8.347063 -2.840519 -0.128515
v 8.311078 -2.814603 0.156564
v 8.310035 -2.833508 -0.128844
v 8.273783 -2.806333 0.156153
v 8.272739 -2.825237 -0.129255
v 8.236221 -2.796803 0.155659
v 8.235178 -2.815707 -0.129749
v 8.198393 -2.786013 0.155082
v 8.197350 -2.804918 -0.130326
v 8.160297 -2.773965 0.154424
v 8.159254 -2.792869 -0.130984
v 8.121936 -2.760657 0.153682
v 8.120893 -2.779562 -0.131726
v 8.083307 -2.746090 0.152859
v 8.082264 -2.764995 -0.132549
v 8.064339 -2.735032 0.152196
v 8.063295 -2.753936 -0.133212
v 8.046176 -2.724605 0.151571
v 8.045133 -2.743509 -0.133837
v 8.028820 -2.714809 0.150986
v 8.027777 -2.733713 -0.134422
v 8.012272 -2.705645 0.150439
v 8.011229 -2.724549 -0.134969
v 7.996530 -2.697111 0.149932
v 7.995486 -2.716015 -0.135476
v 7.981595 -2.689209 0.149463
v 7.980552 -2.708113 -0.135945
v 7.967466 -2.681938 0.149033
v 7.966423 -2.700842 -0.136375
v 7.954145 -2.675298 0.148642
v 7.953102 -2.694202 -0.136766
v 7.941631 -2.669290 0.148290
v 7.940588 -2.688194 -0.137118
v 7.929923 -2.663913 0.147976
v 7.928880 -2.682817 -0.137432
v 7.919023 -2.659167 0.147702
v 7.917979 -2.678071 -0.137706
v 7.908929 -2.655052 0.147466
v 7.907886 -2.673956 -0.137942
v 7.870798 -2.659365 0.147891
v 7.869755 -2.678269 -0.137517
v 7.834012 -2.664940 0.148395
v 7.832968 -2.683844 -0.137013
v 7.798569 -2.671776 0.148977
v 7.797526 -2.690681 -0.136431
v 7.764472 -2.679875 0.149639
v 7.763428 -2.698779 -0.135769
v 7.731718 -2.689235 0.150378
v 7.730675 -2.708139 -0.135030
v 7.700308 -2.699857 0.151197
v 7.699265 -2.718761 -0.134211
v 7.670243 -2.711741 0.152094
v 7.669200 -2.730645 -0.133314
v 7.641522 -2.724887 0.153069
v 7.640479 -2.743791 -0.132339
v 7.614146 -2.739295 0.154124
v 7.613102 -2.758198 -0.131284
v 7.588114 -2.754964 0.155257
v 7.587070 -2.773868 -0.130151
v 7.563426 -2.771895 0.156469
v 7.562383 -2.790799 -0.128939
v 7.540082 -2.790088 0.157759
v 7.539039 -2.808992 -0.127649
v 7.514020 -2.819602 0.159809
v 7.512977 -2.838506 -0.125599
v 7.494156 -2.847872 0.161754
v 7.493113 -2.866776 -0.123654
v 7.480493 -2.874898 0.163594
v 7.479449 -2.893802 -0.121814
v 7.473027 -2.900681 0.165329
v 7.471984 -2.919585 -0.120079
v 7.471762 -2.925220 0.166959
v 7.470718 -2.944124 -0.118449
v 7.476695 -2.948516 0.168484
v 7.475651 -2.967420 -0.116924
v 7.487827 -2.970568 0.169904
v 7.486784 -2.989472 -0.115504
v 7.505158 -2.991376 0.171219
v 7.504115 -3.010280 -0.114189
v 7.528689 -3.010941 0.172429
v 7.527646 -3.029845 -0.112979
v 7.558419 -3.029262 0.173534
v 7.557376 -3.048166 -0.111874
v 7.594348 -3.046340 0.174534
v 7.593305 -3.065244 -0.110874
v 7.636476 -3.062173 0.175428
v 7.635432 -3.081078 -0.109980
v 7.684288 -3.065907 0.175501
v 7.683244 -3.084811 -0.109907
v 7.730753 -3.069323 0.175557
v 7.729710 -3.088227 -0.109851
v 7.775873 -3.072421 0.175597
v 7.774830 -3.091325 -0.109811
v 7.819646 -3.075201 0.175622
v 7.818603 -3.094105 -0.109786
v 7.862073 -3.077663 0.175629
v 7.861030 -3.096568 -0.109778
v 7.903153 -3.079808 0.175621
v 7.902110 -3.098712 -0.109787
v 7.942887 -3.081634 0.175597
v 7.941844 -3.100538 -0.109811
v 7.981275 -3.083143 0.175557
v 7.980231 -3.102047 -0.109851
v 8.018315 -3.084333 0.175500
v 8.017272 -3.103238 -0.109908
v 8.054010 -3.085206 0.175427
v 8.052967 -3.104110 -0.109981
v 8.088359 -3.085761 0.175339
v 8.087316 -3.104665 -0.110069
v 8.121361 -3.085998 0.175234
v 8.120317 -3.104902 -0.110174
v 8.231147 -3.085162 0.174777
v 8.230103 -3.104066 -0.110631
v 8.334203 -3.082107 0.174198
v 8.333159 -3.101011 -0.111210
v 8.430528 -3.076833 0.173496
v 8.429484 -3.095737 -0.111912
v 8.520123 -3.069340 0.172672
v 8.519079 -3.088245 -0.112736
v 8.602987 -3.059629 0.171726
v 8.601944 -3.078533 -0.113682
v 8.679122 -3.047699 0.170658
v 8.678079 -3.066603 -0.114750
v 8.748526 -3.033550 0.169467
v 8.747482 -3.052454 -0.115941
v 8.811199 -3.017183 0.168154
v 8.810156 -3.036087 -0.117254
v 8.867142 -2.998596 0.166718
v 8.866098 -3.017501 -0.118690
v 8.916354 -2.977792 0.165160
v 8.915311 -2.996696 -0.120248
v 8.958837 -2.954768 0.163480
v 8.957793 -2.973672 -0.121928
v 8.994589 -2.929525 0.161677
v 8.993546 -2.948429 -0.123731
v 9.025896 -2.904114 0.159879
v 9.024853 -2.923019 -0.125529
v 9.055059 -2.873035 0.157714
v 9.054016 -2.891939 -0.127694
v 9.082081 -2.836287 0.155181
v 9.081038 -2.855191 -0.130227
v 9.106958 -2.793870 0.152281
v 9.105915 -2.812774 -0.133127
v 9.129694 -2.745784 0.149013
v 9.128651 -2.764688 -0.136395
v 9.150287 -2.692030 0.145377
v 9.149243 -2.710934 -0.140031
v 9.168736 -2.632607 0.141374
v 9.167693 -2.651511 -0.144034
v 9.185043 -2.567515 0.137003
v 9.184000 -2.586419 -0.148405
v 9.199206 -2.496754 0.132264
v 9.198163 -2.515658 -0.153144
v 9.211227 -2.420324 0.127158
v 9.210184 -2.439229 -0.158250
v 9.221106 -2.338226 0.121684
v 9.220062 -2.357130 -0.163724
v 9.228840 -2.250459 0.115842
v 9.227797 -2.269363 -0.169566
v 9.248760 -2.257901 0.116262
v 9.247717 -2.276805 -0.169146
v 9.269758 -2.265031 0.116658
v 9.268715 -2.283936 -0.168750
v 9.291836 -2.271849 0.117029
v 9.290792 -2.290754 -0.168379
v 9.314990 -2.278356 0.117375
v 9.313947 -2.297260 -0.168033
v 9.339224 -2.284550 0.117697
v 9.338181 -2.303454 -0.167711
v 9.364535 -2.290431 0.117994
v 9.363492 -2.309336 -0.167414
v 9.390925 -2.296001 0.118266
v 9.389882 -2.314906 -0.167142
v 9.418393 -2.301260 0.118514
v 9.417350 -2.320164 -0.166894
v 9.446940 -2.306205 0.118737
v 9.445897 -2.325109 -0.166671
v 9.476564 -2.310839 0.118936
v 9.475521 -2.329743 -0.166472
v 9.507268 -2.315161 0.119110
v 9.506225 -2.334065 -0.166298
v 9.539050 -2.319171 0.119259
v 9.538007 -2.338075 -0.166149
v 9.545627 -2.330042 0.119955
v 9.544583 -2.348946 -0.165453
v 9.552475 -2.339970 0.120588
v 9.551432 -2.358874 -0.164820
v 9.559594 -2.348954 0.121157
v 9.558551 -2.367858 -0.164251
v 9.566986 -2.356996 0.121662
v 9.565943 -2.375900 -0.163745
v 9.574648 -2.364094 0.122105
v 9.573605 -2.382998 -0.163303
v 9.582582 -2.370248 0.122483
v 9.581539 -2.389153 -0.162925
v 9.590788 -2.375460 0.122798
v 9.589745 -2.394364 -0.162610
v 9.599265 -2.379728 0.123050
v 9.598222 -2.398632 -0.162358
v 9.608014 -2.383053 0.123238
v 9.606971 -2.401957 -0.162170
v 9.617034 -2.385434 0.123363
v 9.615991 -2.404339 -0.162045
v 9.626326 -2.386873 0.123424
v 9.625282 -2.405777 -0.161984
v 9.635888 -2.387368 0.123422
v 9.634845 -2.406272 -0.161986
v 9.651914 -2.389609 0.123512
v 9.650870 -2.408513 -0.161896
v 9.667676 -2.388703 0.123395
v 9.666633 -2.407607 -0.162013
v 9.683176 -2.384650 0.123069
v 9.682133 -2.403554 -0.162339
v 9.698413 -2.377450 0.122537
v 9.697370 -2.396354 -0.162871
v 9.713387 -2.367103 0.121797
v 9.712344 -2.386007 -0.163611
v 9.728100 -2.353609 0.120849
v 9.727057 -2.372513 -0.164559
v 9.742550 -2.336967 0.119694
v 9.741507 -2.355872 -0.165714
v 9.756737 -2.317179 0.118331
v 9.755693 -2.336083 -0.167076
v 9.770661 -2.294244 0.116761
v 9.769618 -2.313148 -0.168647
v 9.784324 -2.268161 0.114984
v 9.783280 -2.287065 -0.170424
v 9.797723 -2.238931 0.112999
v 9.796679 -2.257836 -0.172409
v 9.810860 -2.206555 0.110806
v 9.809816 -2.225459 -0.174602
v 9.820179 -2.195250 0.110024
v 9.819136 -2.214154 -0.175384
v 9.828691 -2.183944 0.109244
v 9.827647 -2.202848 -0.176164
v 9.836393 -2.172635 0.108466
v 9.835350 -2.191539 -0.176942
v 9.843288 -2.161325 0.107692
v 9.842245 -2.180229 -0.177716
v 9.849375 -2.150012 0.106920
v 9.848331 -2.168916 -0.178488
v 9.854652 -2.138698 0.106152
v 9.853609 -2.157602 -0.179256
v 9.859122 -2.127381 0.105386
v 9.858079 -2.146286 -0.180022
v 9.862784 -2.116063 0.104623
v 9.861741 -2.134967 -0.180785
v 9.865638 -2.104743 0.103863
v 9.864594 -2.123647 -0.181545
v 9.867683 -2.093421 0.103105
v 9.866640 -2.112325 -0.182303
v 9.868920 -2.082096 0.102351
v 9.867876 -2.101000 -0.183057
v 9.869349 -2.070770 0.101599
v 9.868305 -2.089674 -0.183809
v 9.869884 -2.010517 0.097606
v 9.868841 -2.029421 -0.187802
v 9.871227 -1.950580 0.093631
v 9.870184 -1.969484 -0.191777
v 9.873379 -1.890960 0.089674
v 9.872334 -1.909865 -0.195734
v 9.876337 -1.831657 0.085735
v 9.875293 -1.850561 -0.199673
v 9.880102 -1.772671 0.081815
v 9.879059 -1.791575 -0.203593
v 9.884676 -1.714000 0.077912
v 9.883632 -1.732905 -0.207496
v 9.890057 -1.655647 0.074027
v 9.889013 -1.674551 -0.211381
v 9.896245 -1.597610 0.070160
v 9.895201 -1.616514 -0.215248
v 9.903240 -1.539890 0.066312
v 9.902197 -1.558794 -0.219096
v 9.911044 -1.482486 0.062481
v 9.910001 -1.501390 -0.222927
v 9.919655 -1.425399 0.058668
v 9.918612 -1.444303 -0.226740
v 9.929073 -1.368628 0.054874
v 9.928030 -1.387532 -0.230534
v 9.987562 -1.232843 0.045666
v 9.986519 -1.251747 -0.239742
v 10.029357 -1.277938 0.048500
v 10.028314 -1.296842 -0.236908
v 10.070884 -1.322403 0.051293
v 10.069840 -1.341307 -0.234115
v 10.112143 -1.366238 0.054046
v 10.111099 -1.385142 -0.231362
v 10.153133 -1.409443 0.056758
v 10.152089 -1.428348 -0.228650
v 10.193855 -1.452019 0.059429
v 10.192812 -1.470923 -0.225979
v 10.234310 -1.493964 0.062059
v 10.233267 -1.512868 -0.223349
v 10.274497 -1.535279 0.064649
v 10.273454 -1.554183 -0.220759
v 10.314415 -1.575965 0.067198
v 10.313372 -1.594869 -0.218210
v 10.354066 -1.616020 0.069706
v 10.353023 -1.634925 -0.215702
v 10.393449 -1.655446 0.072173
v 10.392405 -1.674350 -0.213235
v 10.432563 -1.694242 0.074600
v 10.431520 -1.713146 -0.210808
v 10.471409 -1.732407 0.076986
v 10.470366 -1.751311 -0.208422
v 10.486482 -1.739051 0.077371
v 10.485438 -1.757955 -0.208037
v 10.499403 -1.743802 0.077638
v 10.498360 -1.762706 -0.207770
v 10.510173 -1.746660 0.077788
v 10.509130 -1.765564 -0.207620
v 10.518792 -1.747625 0.077821
v 10.517749 -1.766529 -0.207587
v 10.525260 -1.746696 0.077736
v 10.524217 -1.765600 -0.207672
v 10.529576 -1.743875 0.077533
v 10.528533 -1.762779 -0.207875
v 10.531742 -1.739160 0.077213
v 10.530699 -1.758065 -0.208195
v 10.531756 -1.732553 0.076775
v 10.530713 -1.751457 -0.208633
v 10.529619 -1.724052 0.076220
v 10.528576 -1.742957 -0.209188
v 10.525331 -1.713659 0.075547
v 10.524288 -1.732563 -0.209861
v 10.518893 -1.701372 0.074757
v 10.517849 -1.720276 -0.210651
v 10.510303 -1.687192 0.073849
v 10.509259 -1.706097 -0.211559
v 10.403283 -1.531500 0.063928
v 10.402239 -1.550404 -0.221480
v 10.301384 -1.374561 0.053905
v 10.300341 -1.393465 -0.231503
v 10.204608 -1.216376 0.043782
v 10.203564 -1.235280 -0.241626
v 10.112952 -1.056945 0.033557
v 10.111909 -1.075849 -0.251851
v 10.026419 -0.896267 0.023231
v 10.025374 -0.915172 -0.262177
v 9.945005 -0.734344 0.012803
v 9.943962 -0.753248 -0.272605
v 9.868715 -0.571174 0.002274
v 9.867671 -0.590078 -0.283134
v 9.797545 -0.406758 -0.008356
v 9.796502 -0.425662 -0.293764
v 9.731497 -0.241095 -0.019087
v 9.730453 -0.260000 -0.304495
v 9.670570 -0.074187 -0.029919
v 9.669527 -0.093091 -0.315327
v 9.614765 0.093968 -0.040853
v 9.613722 0.075063 -0.326261
v 9.564083 0.263369 -0.051888
v 9.563040 0.244464 -0.337296
v 9.632734 0.241335 -0.050680
v 9.631691 0.222431 -0.336088
v 9.696539 0.220886 -0.049559
v 9.695496 0.201982 -0.334967
v 9.755499 0.202023 -0.048525
v 9.754456 0.183119 -0.333933
v 9.809612 0.184744 -0.047578
v 9.808569 0.165840 -0.332986
v 9.858880 0.169050 -0.046719
v 9.857837 0.150146 -0.332127
v 9.903302 0.154941 -0.045947
v 9.902259 0.136037 -0.331355
v 9.942878 0.142418 -0.045262
v 9.941834 0.123513 -0.330670
v 9.977608 0.131479 -0.044664
v 9.976564 0.112574 -0.330072
v 10.007492 0.122124 -0.044154
v 10.006449 0.103220 -0.329562
v 10.032530 0.114355 -0.043731
v 10.031487 0.095451 -0.329139
v 10.052722 0.108171 -0.043395
v 10.051679 0.089267 -0.328803
v 10.068069 0.103571 -0.043147
v 10.067025 0.084667 -0.328555
v 10.087214 0.111234 -0.043724
v 10.086170 0.092330 -0.329132
v 10.105820 0.119212 -0.044321
v 10.104776 0.100308 -0.329729
v 10.123888 0.127507 -0.044936
v 10.122845 0.108603 -0.330344
v 10.141418 0.136117 -0.045571
v 10.140375 0.117213 -0.330979
v 10.158411 0.145044 -0.046224
v 10.157368 0.126139 -0.331632
v 10.174866 0.154286 -0.046896
v 10.173821 0.135382 -0.332304
v 10.190782 0.163844 -0.047588
v 10.189737 0.144940 -0.332996
v 10.206160 0.173718 -0.048298
v 10.205115 0.154814 -0.333706
v 10.220999 0.183908 -0.049027
v 10.219955 0.165004 -0.334435
v 10.235300 0.194414 -0.049775
v 10.234257 0.175510 -0.335183
v 10.249064 0.205236 -0.050542
v 10.248020 0.186332 -0.335950
v 10.262289 0.216375 -0.051328
v 10.261246 0.197470 -0.336736
v 10.274175 0.230820 -0.052329
v 10.273131 0.211915 -0.337737
v 10.283902 0.244011 -0.053238
v 10.282859 0.225107 -0.338646
v 10.291471 0.255949 -0.054056
v 10.290428 0.237045 -0.339464
v 10.296884 0.266634 -0.054784
v 10.295840 0.247730 -0.340192
v 10.300137 0.276066 -0.055420
v 10.299093 0.257161 -0.340828
v 10.301232 0.284244 -0.055966
v 10.300189 0.265340 -0.341374
v 10.300170 0.291169 -0.056421
v 10.299127 0.272264 -0.341829
v 10.296949 0.296840 -0.056785
v 10.295906 0.277936 -0.342193
v 10.291571 0.301258 -0.057058
v 10.290527 0.282354 -0.342466
v 10.284035 0.304422 -0.057240
v 10.282990 0.285518 -0.342648
v 10.274340 0.306334 -0.057331
v 10.273296 0.287430 -0.342739
v 10.262487 0.306992 -0.057331
v 10.261444 0.288087 -0.342739
v 10.233804 0.310836 -0.057481
v 10.232759 0.291932 -0.342889
v 10.205928 0.314679 -0.057634
v 10.204885 0.295775 -0.343042
v 10.178861 0.318520 -0.057789
v 10.177817 0.299616 -0.343197
v 10.152601 0.322359 -0.057947
v 10.151558 0.303455 -0.343355
v 10.127151 0.326196 -0.058108
v 10.126107 0.307292 -0.343516
v 10.102508 0.330032 -0.058272
v 10.101464 0.311127 -0.343680
v 10.078673 0.333865 -0.058439
v 10.077630 0.314960 -0.343847
v 10.055648 0.337696 -0.058609
v 10.054604 0.318792 -0.344017
v 10.033429 0.341525 -0.058781
v 10.032386 0.322621 -0.344189
v 10.012020 0.345352 -0.058956
v 10.010977 0.326448 -0.344364
v 9.991419 0.349178 -0.059134
v 9.990375 0.330274 -0.344542
v 9.971625 0.353002 -0.059315
v 9.970582 0.334098 -0.344723
v 9.930026 0.364430 -0.059920
v 9.928983 0.345526 -0.345328
v 9.889235 0.375855 -0.060528
v 9.888192 0.356951 -0.345936
v 9.849254 0.387279 -0.061138
v 9.848210 0.368375 -0.346546
v 9.810080 0.398701 -0.061752
v 9.809036 0.379797 -0.347160
v 9.771713 0.410120 -0.062368
v 9.770670 0.391216 -0.347776
v 9.734156 0.421539 -0.062987
v 9.733112 0.402634 -0.348395
v 9.697407 0.432954 -0.063608
v 9.696363 0.414050 -0.349016
v 9.661465 0.444368 -0.064233
v 9.660421 0.425464 -0.349641
v 9.626331 0.455780 -0.064860
v 9.625288 0.436876 -0.350268
v 9.592007 0.467190 -0.065491
v 9.590963 0.448286 -0.350899
v 9.558491 0.478598 -0.066124
v 9.557447 0.459694 -0.351532
v 9.525782 0.490005 -0.066760
v 9.524738 0.471101 -0.352168
v 9.513426 0.568224 -0.071895
v 9.512383 0.549320 -0.357303
v 9.501872 0.644238 -0.076888
v 9.500829 0.625334 -0.362296
v 9.491121 0.718048 -0.081738
v 9.490078 0.699144 -0.367146
v 9.481175 0.789654 -0.086444
v 9.480132 0.770750 -0.371852
v 9.472033 0.859055 -0.091008
v 9.470989 0.840151 -0.376415
v 9.463692 0.926252 -0.095428
v 9.462648 0.907347 -0.380836
v 9.456156 0.991244 -0.099705
v 9.455112 0.972340 -0.385113
v 9.449423 1.054032 -0.103839
v 9.448380 1.035128 -0.389247
v 9.443493 1.114615 -0.107830
v 9.442450 1.095711 -0.393238
v 9.438368 1.172994 -0.111678
v 9.437325 1.154090 -0.397086
v 9.434045 1.229168 -0.115383
v 9.433002 1.210264 -0.400791
v 9.430526 1.283138 -0.118945
v 9.429482 1.264234 -0.404353
v 9.430574 1.305635 -0.120435
v 9.429531 1.286731 -0.405843
v 9.430623 1.327817 -0.121905
v 9.429580 1.308913 -0.407313
v 9.430671 1.349685 -0.123354
v 9.429627 1.330781 -0.408762
v 9.430717 1.371238 -0.124781
v 9.429674 1.352334 -0.410189
v 9.430764 1.392476 -0.126188
v 9.429721 1.373573 -0.411596
v 9.430810 1.413400 -0.127574
v 9.429767 1.394496 -0.412982
v 9.430855 1.434009 -0.128939
v 9.429811 1.415106 -0.414347
v 9.430899 1.454304 -0.130284
v 9.429855 1.435400 -0.415692
v 9.430943 1.474283 -0.131607
v 9.429899 1.455380 -0.417015
v 9.430985 1.493948 -0.132910
v 9.429942 1.475044 -0.418318
v 9.431027 1.513299 -0.134192
v 9.429984 1.494395 -0.419600
v 9.431069 1.532335 -0.135453
v 9.430026 1.513431 -0.420861
v 9.437545 1.536567 -0.135757
v 9.436502 1.517664 -0.421165
v 9.444021 1.541743 -0.136123
v 9.442978 1.522839 -0.421531
v 9.450500 1.547863 -0.136552
v 9.449457 1.528959 -0.421960
v 9.456982 1.554927 -0.137044
v 9.455938 1.536023 -0.422452
v 9.463466 1.562935 -0.137598
v 9.462422 1.544031 -0.423006
v 9.469951 1.571886 -0.138215
v 9.468907 1.552983 -0.423623
v 9.476439 1.581782 -0.138894
v 9.475395 1.562878 -0.424302
v 9.482928 1.592622 -0.139636
v 9.481885 1.573718 -0.425044
v 9.489420 1.604405 -0.140440
v 9.488377 1.585501 -0.425848
v 9.495914 1.617132 -0.141307
v 9.494870 1.598229 -0.426715
v 9.502409 1.630804 -0.142236
v 9.501366 1.611900 -0.427644
v 9.195631 0.309566 -0.053601
v 9.194588 0.290662 -0.339009
v 9.221458 0.231315 -0.048513
v 9.220415 0.212411 -0.333921
v 9.247561 0.155266 -0.043571
v 9.246517 0.136362 -0.328979
v 9.273935 0.081418 -0.038776
v 9.272892 0.062514 -0.324184
v 9.300586 0.009773 -0.034128
v 9.299542 -0.009132 -0.319536
v 9.327510 -0.059672 -0.029627
v 9.326467 -0.078576 -0.315035
v 9.354708 -0.126914 -0.025272
v 9.353664 -0.145818 -0.310680
v 9.382180 -0.191954 -0.021065
v 9.381137 -0.210859 -0.306473
v 9.409927 -0.254793 -0.017004
v 9.408884 -0.273697 -0.302412
v 9.437948 -0.315429 -0.013090
v 9.436905 -0.334334 -0.298498
v 9.466244 -0.373864 -0.009323
v 9.465200 -0.392768 -0.294731
v 9.494813 -0.430097 -0.005703
v 9.493770 -0.449001 -0.291111
v 9.523657 -0.484128 -0.002230
v 9.522614 -0.503033 -0.287638
v 9.543913 -0.522879 0.000263
v 9.542870 -0.541783 -0.285145
v 9.566050 -0.563521 0.002874
v 9.565006 -0.582425 -0.282534
v 9.590069 -0.606056 0.005604
v 9.589025 -0.624960 -0.279804
v 9.615971 -0.650484 0.008451
v 9.614927 -0.669388 -0.276956
v 9.643753 -0.696803 0.011418
v 9.642710 -0.715707 -0.273990
v 9.673418 -0.745015 0.014503
v 9.672375 -0.763920 -0.270905
v 9.704964 -0.795120 0.017706
v 9.703920 -0.814024 -0.267702
v 9.738392 -0.847117 0.021028
v 9.737349 -0.866021 -0.264380
v 9.773702 -0.901006 0.024468
v 9.772658 -0.919910 -0.260940
v 9.810893 -0.956788 0.028027
v 9.809850 -0.975692 -0.257381
v 9.849966 -1.014462 0.031704
v 9.848923 -1.033367 -0.253704
v 9.890922 -1.074029 0.035500
v 9.889877 -1.092933 -0.249908
v 9.735544 -1.164272 0.042045
v 9.734501 -1.183176 -0.243363
v 9.270255 -1.049877 0.036169
v 9.269212 -1.068781 -0.249239
v 9.270848 -0.778025 0.018161
v 9.269805 -0.796929 -0.267247
v 9.271015 -0.763237 0.017181
v 9.269972 -0.782142 -0.268227
v 9.271450 -0.749079 0.016242
v 9.270407 -0.767984 -0.269166
v 9.272154 -0.735552 0.015343
v 9.271111 -0.754456 -0.270065
v 9.273125 -0.722653 0.014485
v 9.272081 -0.741557 -0.270923
v 9.274364 -0.710385 0.013668
v 9.273320 -0.729290 -0.271740
v 9.275870 -0.698747 0.012892
v 9.274827 -0.717651 -0.272516
v 9.277645 -0.687739 0.012156
v 9.276602 -0.706643 -0.273252
v 9.279689 -0.677361 0.011461
v 9.278646 -0.696265 -0.273947
v 9.282000 -0.667612 0.010807
v 9.280956 -0.686516 -0.274601
v 9.284579 -0.658494 0.010194
v 9.283536 -0.677398 -0.275214
v 9.287426 -0.650005 0.009621
v 9.286383 -0.668909 -0.275787
v 9.290543 -0.642147 0.009089
v 9.289499 -0.661051 -0.276319
v 9.296897 -0.631150 0.008337
v 9.295854 -0.650054 -0.277071
v 9.302981 -0.620781 0.007628
v 9.301938 -0.639685 -0.277780
v 9.308795 -0.611041 0.006962
v 9.307752 -0.629945 -0.278446
v 9.314338 -0.601929 0.006338
v 9.313294 -0.620834 -0.279070
v 9.319611 -0.593447 0.005757
v 9.318567 -0.612351 -0.279651
v 9.324612 -0.585593 0.005219
v 9.323568 -0.604497 -0.280189
v 9.329342 -0.578367 0.004723
v 9.328299 -0.597271 -0.280685
v 9.333801 -0.571770 0.004269
v 9.332758 -0.590675 -0.281138
v 9.337990 -0.565802 0.003859
v 9.336946 -0.584707 -0.281549
v 9.341908 -0.560463 0.003491
v 9.340865 -0.579367 -0.281917
v 9.345555 -0.555752 0.003166
v 9.344512 -0.574656 -0.282242
v 9.348932 -0.551670 0.002883
v 9.347889 -0.570574 -0.282525
v 9.358012 -0.526363 0.001173
v 9.356969 -0.545267 -0.284235
v 9.365741 -0.503255 -0.000385
v 9.364697 -0.522159 -0.285793
v 9.372118 -0.482347 -0.001794
v 9.371075 -0.501251 -0.287202
v 9.377143 -0.463638 -0.003051
v 9.376100 -0.482542 -0.288459
v 9.380816 -0.447128 -0.004158
v 9.379772 -0.466032 -0.289566
v 9.383137 -0.432817 -0.005115
v 9.382093 -0.451721 -0.290523
v 9.384106 -0.420706 -0.005920
v 9.383062 -0.439610 -0.291328
v 9.383724 -0.410793 -0.006575
v 9.382681 -0.429698 -0.291983
v 9.381989 -0.403080 -0.007080
v 9.380946 -0.421984 -0.292488
v 9.378903 -0.397567 -0.007434
v 9.377860 -0.416471 -0.292842
v 9.374465 -0.394252 -0.007637
v 9.373422 -0.413156 -0.293045
v 9.368675 -0.393137 -0.007690
v 9.367632 -0.412041 -0.293098
v 9.155304 -0.392622 -0.006944
v 9.154261 -0.411526 -0.292352
v 9.148830 -0.396382 -0.006671
v 9.147787 -0.415286 -0.292079
v 9.142356 -0.400142 -0.006399
v 9.141313 -0.419046 -0.291807
v 9.135881 -0.403902 -0.006126
v 9.134838 -0.422807 -0.291534
v 9.129408 -0.407662 -0.005853
v 9.128365 -0.426567 -0.291261
v 9.122933 -0.411423 -0.005580
v 9.121890 -0.430327 -0.290988
v 9.116460 -0.415183 -0.005308
v 9.115417 -0.434087 -0.290716
v 9.109985 -0.418943 -0.005035
v 9.108942 -0.437847 -0.290443
v 9.103512 -0.422703 -0.004762
v 9.102468 -0.441607 -0.290170
v 9.097037 -0.426463 -0.004489
v 9.095994 -0.445367 -0.289897
v 9.090563 -0.430223 -0.004217
v 9.089520 -0.449127 -0.289625
v 9.084089 -0.433983 -0.003944
v 9.083046 -0.452887 -0.289352
v 9.077616 -0.437743 -0.003671
v 9.076572 -0.456647 -0.289079
v 9.064795 -0.449039 -0.002876
v 9.063751 -0.467943 -0.288284
v 9.052242 -0.460336 -0.002082
v 9.051199 -0.479240 -0.287490
v 9.039959 -0.471634 -0.001289
v 9.038916 -0.490538 -0.286697
v 9.027946 -0.482932 -0.000497
v 9.026903 -0.501836 -0.285905
v 9.016202 -0.494231 0.000295
v 9.015159 -0.513135 -0.285113
v 9.004727 -0.505530 0.001085
v 9.003684 -0.524434 -0.284323
v 8.993523 -0.516830 0.001875
v 8.992479 -0.535734 -0.283533
v 8.982587 -0.528131 0.002663
v 8.981544 -0.547035 -0.282745
v 8.971920 -0.539433 0.003451
v 8.970877 -0.558337 -0.281957
v 8.961523 -0.550735 0.004237
v 8.960480 -0.569639 -0.281171
v 8.951396 -0.562037 0.005023
v 8.950353 -0.580941 -0.280385
v 8.941538 -0.573341 0.005808
v 8.940495 -0.592245 -0.279600
v 8.932354 -0.584489 0.006580
v 8.931311 -0.603393 -0.278828
v 8.924248 -0.595325 0.007327
v 8.923204 -0.614229 -0.278081
v 8.917220 -0.605848 0.008050
v 8.916177 -0.624752 -0.277358
v 8.911270 -0.616060 0.008748
v 8.910227 -0.634964 -0.276660
v 8.906400 -0.625959 0.009421
v 8.905356 -0.644863 -0.275987
v 8.902607 -0.635546 0.010070
v 8.901564 -0.654451 -0.275338
v 8.899893 -0.644822 0.010694
v 8.898849 -0.663726 -0.274714
v 8.898256 -0.653785 0.011294
v 8.897213 -0.672689 -0.274114
v 8.897699 -0.662436 0.011869
v 8.896656 -0.681341 -0.273539
v 8.898220 -0.670776 0.012420
v 8.897177 -0.689680 -0.272988
v 8.899818 -0.678803 0.012946
v 8.898775 -0.697708 -0.272462
v 8.902495 -0.686519 0.013447
v 8.901452 -0.705423 -0.271961
v 8.905694 -0.702259 0.014478
v 8.904651 -0.721163 -0.270930
v 8.908890 -0.719257 0.015592
v 8.907846 -0.738161 -0.269816
v 8.912083 -0.737514 0.016789
v 8.911039 -0.756418 -0.268619
v 8.915274 -0.757030 0.018070
v 8.914230 -0.775934 -0.267338
v 8.918461 -0.777804 0.019435
v 8.917418 -0.796708 -0.265973
v 8.921645 -0.799837 0.020882
v 8.920602 -0.818741 -0.264526
v 8.924828 -0.823128 0.022414
v 8.923784 -0.842032 -0.262994
v 8.928007 -0.847678 0.024028
v 8.926964 -0.866582 -0.261380
v 8.931183 -0.873487 0.025726
v 8.930140 -0.892391 -0.259682
v 8.934357 -0.900554 0.027507
v 8.933313 -0.919458 -0.257901
v 8.937528 -0.928879 0.029372
v 8.936484 -0.947784 -0.256036
v 8.940697 -0.958464 0.031320
v 8.939653 -0.977368 -0.254088
v 8.475456 -0.821414 0.023943
v 8.474413 -0.840319 -0.261465
v 8.436761 -0.776012 0.021077
v 8.435718 -0.794916 -0.264331
v 8.423425 -0.776294 0.021145
v 8.422381 -0.795199 -0.264263
v 8.409279 -0.777204 0.021257
v 8.408236 -0.796108 -0.264151
v 8.394323 -0.778742 0.021413
v 8.393280 -0.797646 -0.263995
v 8.378558 -0.780906 0.021614
v 8.377515 -0.799810 -0.263794
v 8.361983 -0.783698 0.021860
v 8.360940 -0.802602 -0.263548
v 8.344599 -0.787117 0.022150
v 8.343555 -0.806021 -0.263258
v 8.326405 -0.791163 0.022484
v 8.325361 -0.810068 -0.262924
v 8.307402 -0.795837 0.022863
v 8.306358 -0.814741 -0.262545
v 8.287588 -0.801138 0.023287
v 8.286545 -0.820043 -0.262121
v 8.266966 -0.807067 0.023755
v 8.265923 -0.825971 -0.261653
v 8.245533 -0.813623 0.024267
v 8.244490 -0.832527 -0.261141
v 8.223291 -0.820806 0.024824
v 8.222248 -0.839710 -0.260584
v 8.292181 -0.733501 0.018790
v 8.291138 -0.752405 -0.266618
v 8.362690 -0.644941 0.012666
v 8.361647 -0.663846 -0.272742
v 8.434818 -0.555127 0.006454
v 8.433775 -0.574031 -0.278954
v 8.508566 -0.464058 0.000152
v 8.507523 -0.482962 -0.285256
v 8.583933 -0.371735 -0.006239
v 8.582890 -0.390639 -0.291646
v 8.660918 -0.278157 -0.012718
v 8.659875 -0.297061 -0.298126
v 8.739523 -0.183324 -0.019287
v 8.738480 -0.202228 -0.304695
v 8.819748 -0.087236 -0.025945
v 8.818705 -0.106141 -0.311353
v 8.901590 0.010105 -0.032691
v 8.900547 -0.008799 -0.318099
v 8.985054 0.108702 -0.039527
v 8.984011 0.089798 -0.324935
v 9.070135 0.208554 -0.046452
v 9.069092 0.189649 -0.331860
v 9.156837 0.309660 -0.053466
v 9.155793 0.290756 -0.338874
v 8.513856 -1.002742 0.035813
v 8.512813 -1.021646 -0.249595
v 8.959700 -1.139744 0.043257
v 8.958656 -1.158649 -0.242151
v 8.978503 -1.411642 0.061198
v 8.977460 -1.430547 -0.224210
v 8.972046 -1.407851 0.060970
v 8.971003 -1.426755 -0.224438
v 8.965588 -1.404060 0.060743
v 8.964544 -1.422964 -0.224665
v 8.959130 -1.400268 0.060515
v 8.958087 -1.419173 -0.224893
v 8.952673 -1.396477 0.060288
v 8.951630 -1.415381 -0.225120
v 8.946215 -1.392686 0.060060
v 8.945171 -1.411590 -0.225348
v 8.939757 -1.388894 0.059833
v 8.938714 -1.407798 -0.225575
v 8.933300 -1.385103 0.059605
v 8.932257 -1.404007 -0.225803
v 8.926842 -1.381311 0.059378
v 8.925798 -1.400216 -0.226030
v 8.920384 -1.377520 0.059150
v 8.919341 -1.396424 -0.226258
v 8.913927 -1.373729 0.058923
v 8.912884 -1.392633 -0.226485
v 8.907470 -1.369937 0.058695
v 8.906426 -1.388842 -0.226713
v 8.901012 -1.366147 0.058468
v 8.899969 -1.385051 -0.226940
v 8.894300 -1.355433 0.057783
v 8.893257 -1.374337 -0.227625
v 8.887048 -1.345976 0.057183
v 8.886004 -1.364880 -0.228225
v 8.879252 -1.337776 0.056668
v 8.878209 -1.356681 -0.228740
v 8.870916 -1.330834 0.056239
v 8.869873 -1.349738 -0.229169
v 8.862038 -1.325149 0.055895
v 8.860994 -1.344053 -0.229513
v 8.852618 -1.320721 0.055636
v 8.851575 -1.339625 -0.229772
v 8.842657 -1.317551 0.055462
v 8.841614 -1.336455 -0.229946
v 8.832154 -1.315637 0.055374
v 8.831111 -1.334542 -0.230034
v 8.821110 -1.314981 0.055371
v 8.820066 -1.333886 -0.230037
v 8.809524 -1.315583 0.055453
v 8.808480 -1.334487 -0.229955
v 8.797397 -1.317441 0.055621
v 8.796353 -1.336346 -0.229787
v 8.784727 -1.320557 0.055873
v 8.783684 -1.339461 -0.229535
v 8.768824 -1.324295 0.056179
v 8.767780 -1.343199 -0.229229
v 8.753460 -1.328033 0.056483
v 8.752417 -1.346938 -0.228925
v 8.738633 -1.331773 0.056785
v 8.737590 -1.350677 -0.228623
v 8.724346 -1.335515 0.057085
v 8.723303 -1.354419 -0.228323
v 8.710598 -1.339257 0.057383
v 8.709555 -1.358161 -0.228025
v 8.697390 -1.343001 0.057679
v 8.696346 -1.361905 -0.227729
v 8.684719 -1.346746 0.057974
v 8.683676 -1.365651 -0.227434
v 8.672587 -1.350493 0.058266
v 8.671544 -1.369397 -0.227142
v 8.660995 -1.354241 0.058557
v 8.659951 -1.373145 -0.226851
v 8.649940 -1.357990 0.058845
v 8.648897 -1.376894 -0.226563
v 8.639425 -1.361740 0.059132
v 8.638382 -1.380644 -0.226276
v 8.629450 -1.365491 0.059417
v 8.628407 -1.384395 -0.225991
v 8.617443 -1.373328 0.059980
v 8.616400 -1.392233 -0.225428
v 8.607323 -1.381799 0.060578
v 8.606279 -1.400703 -0.224830
v 8.599086 -1.390904 0.061211
v 8.598042 -1.409808 -0.224197
v 8.592733 -1.400643 0.061880
v 8.591690 -1.419547 -0.223528
v 8.588265 -1.411015 0.062583
v 8.587222 -1.429919 -0.222825
v 8.585682 -1.422022 0.063322
v 8.584639 -1.440926 -0.222086
v 8.584983 -1.433662 0.064095
v 8.583940 -1.452566 -0.221313
v 8.586168 -1.445936 0.064904
v 8.585125 -1.464840 -0.220504
v 8.589238 -1.458844 0.065747
v 8.588195 -1.477748 -0.219661
v 8.594193 -1.472385 0.066626
v 8.593149 -1.491289 -0.218782
v 8.601032 -1.486561 0.067540
v 8.599989 -1.505465 -0.217868
v 8.609756 -1.501370 0.068489
v 8.608712 -1.520274 -0.216919
v 8.633043 -1.508978 0.068908
v 8.632000 -1.527882 -0.216500
v 8.657677 -1.516589 0.069322
v 8.656633 -1.535493 -0.216086
v 8.683659 -1.524203 0.069731
v 8.682615 -1.543107 -0.215677
v 8.710987 -1.531820 0.070136
v 8.709944 -1.550725 -0.215272
v 8.739662 -1.539441 0.070536
v 8.738619 -1.558345 -0.214872
v 8.769685 -1.547065 0.070931
v 8.768641 -1.565969 -0.214477
v 8.801054 -1.554692 0.071322
v 8.800011 -1.573596 -0.214086
v 8.833771 -1.562322 0.071707
v 8.832727 -1.581227 -0.213701
v 8.867835 -1.569956 0.072089
v 8.866792 -1.588860 -0.213319
v 8.903246 -1.577593 0.072465
v 8.902203 -1.596497 -0.212943
v 8.940002 -1.585233 0.072837
v 8.938959 -1.604138 -0.212571
v 8.978107 -1.592877 0.073204
v 8.977064 -1.611781 -0.212204
v 8.978146 -1.637399 0.076152
v 8.977102 -1.656303 -0.209256
v 8.978456 -1.680349 0.078996
v 8.977412 -1.699253 -0.206412
v 8.979039 -1.721726 0.081735
v 8.977996 -1.740630 -0.203673
v 8.979895 -1.761530 0.084368
v 8.978851 -1.780434 -0.201040
v 8.981024 -1.799762 0.086896
v 8.979980 -1.818666 -0.198512
v 8.982426 -1.836422 0.089319
v 8.981382 -1.855326 -0.196089
v 8.984100 -1.871508 0.091637
v 8.983057 -1.890413 -0.193771
v 8.986048 -1.905023 0.093850
v 8.985004 -1.923927 -0.191558
v 8.988268 -1.936965 0.095957
v 8.987225 -1.955869 -0.189451
v 8.990761 -1.967334 0.097960
v 8.989717 -1.986238 -0.187448
v 8.993527 -1.996130 0.099857
v 8.992484 -2.015034 -0.185551
v 8.996566 -2.023355 0.101649
v 8.995522 -2.042259 -0.183759
v 8.973952 -2.015591 0.101217
v 8.972909 -2.034495 -0.184191
v 8.951340 -2.007513 0.100765
v 8.950296 -2.026417 -0.184643
v 8.928728 -1.999120 0.100292
v 8.927685 -2.018025 -0.185116
v 8.906116 -1.990413 0.099798
v 8.905073 -2.009317 -0.185610
v 8.883505 -1.981391 0.099283
v 8.882462 -2.000295 -0.186125
v 8.860895 -1.972055 0.098747
v 8.859852 -1.990959 -0.186661
v 8.838285 -1.962403 0.098191
v 8.837242 -1.981308 -0.187217
v 8.815677 -1.952438 0.097613
v 8.814633 -1.971342 -0.187795
v 8.793069 -1.942157 0.097015
v 8.792026 -1.961061 -0.188393
v 8.770461 -1.931562 0.096396
v 8.769418 -1.950466 -0.189012
v 8.747854 -1.920652 0.095756
v 8.746811 -1.939556 -0.189652
v 8.725250 -1.909428 0.095095
v 8.724207 -1.928332 -0.190313
v 8.715162 -1.902481 0.094672
v 8.714119 -1.921385 -0.190736
v 8.704264 -1.896791 0.094335
v 8.703220 -1.915695 -0.191073
v 8.692554 -1.892358 0.094084
v 8.691511 -1.911262 -0.191324
v 8.680033 -1.889181 0.093919
v 8.678989 -1.908086 -0.191489
v 8.666702 -1.887261 0.093841
v 8.665659 -1.906165 -0.191567
v 8.652559 -1.886598 0.093849
v 8.651516 -1.905502 -0.191559
v 8.637606 -1.887191 0.093942
v 8.636562 -1.906095 -0.191466
v 8.621841 -1.889041 0.094123
v 8.620798 -1.907945 -0.191285
v 8.605266 -1.892147 0.094389
v 8.604222 -1.911052 -0.191019
v 8.587879 -1.896510 0.094742
v 8.586836 -1.915415 -0.190666
v 8.569682 -1.902130 0.095180
v 8.568639 -1.921034 -0.190228
v 8.550673 -1.909006 0.095705
v 8.549630 -1.927911 -0.189703
v 8.512176 -1.772987 0.086837
v 8.511132 -1.791891 -0.198571
v 8.435921 -1.161135 0.046589
v 8.434877 -1.180039 -0.238819
v 8.436119 -1.070518 0.040586
v 8.435076 -1.089422 -0.244822
v 8.442608 -1.059678 0.039845
v 8.441565 -1.078582 -0.245563
v 8.449096 -1.049783 0.039165
v 8.448052 -1.068687 -0.246243
v 8.455581 -1.040831 0.038549
v 8.454537 -1.059735 -0.246859
v 8.462065 -1.032823 0.037995
v 8.461021 -1.051727 -0.247413
v 8.468546 -1.025759 0.037503
v 8.467503 -1.044663 -0.247905
v 8.475025 -1.019639 0.037074
v 8.473982 -1.038543 -0.248334
v 8.481503 -1.014463 0.036708
v 8.480459 -1.033368 -0.248700
v 8.487977 -1.010231 0.036404
v 8.486934 -1.029135 -0.249004
v 8.494451 -1.006943 0.036162
v 8.493407 -1.025847 -0.249246
v 8.500921 -1.004599 0.035983
v 8.499878 -1.023503 -0.249425
v 8.507390 -1.003199 0.035867
v 8.506347 -1.022103 -0.249541
v 9.250561 -1.185755 0.045241
v 9.249517 -1.204659 -0.240167
v 9.298356 -1.197041 0.045814
v 9.297313 -1.215945 -0.239594
v 9.344806 -1.208008 0.046371
v 9.343762 -1.226912 -0.239037
v 9.389908 -1.218657 0.046911
v 9.388865 -1.237562 -0.238497
v 9.433664 -1.228989 0.047436
v 9.432621 -1.247893 -0.237972
v 9.476075 -1.239003 0.047944
v 9.475032 -1.257907 -0.237464
v 9.517139 -1.248698 0.048436
v 9.516096 -1.267602 -0.236972
v 9.556856 -1.258076 0.048912
v 9.555813 -1.276980 -0.236496
v 9.595227 -1.267136 0.049372
v 9.594184 -1.286040 -0.236036
v 9.632252 -1.275878 0.049815
v 9.631208 -1.294782 -0.235593
v 9.667931 -1.284302 0.050243
v 9.666887 -1.303207 -0.235165
v 9.702263 -1.292409 0.050654
v 9.701220 -1.311313 -0.234754
v 9.735248 -1.300197 0.051050
v 9.734204 -1.319101 -0.234358
v 9.558793 -2.160638 0.108687
v 9.557750 -2.179542 -0.176721
v 9.532804 -2.156642 0.108517
v 9.531761 -2.175546 -0.176891
v 9.506546 -2.152331 0.108327
v 9.505503 -2.171235 -0.177081
v 9.480020 -2.147705 0.108118
v 9.478976 -2.166609 -0.177290
v 9.453224 -2.142763 0.107889
v 9.452181 -2.161667 -0.177519
v 9.426160 -2.137506 0.107639
v 9.425117 -2.156410 -0.177769
v 9.398827 -2.131934 0.107370
v 9.397783 -2.150838 -0.178038
v 9.371225 -2.126046 0.107081
v 9.370182 -2.144950 -0.178327
v 9.343355 -2.119843 0.106772
v 9.342312 -2.138748 -0.178636
v 9.315216 -2.113325 0.106443
v 9.314173 -2.132229 -0.178965
v 9.286808 -2.106492 0.106095
v 9.285765 -2.125396 -0.179313
v 9.258132 -2.099343 0.105726
v 9.257089 -2.118247 -0.179682
v 9.229186 -2.091879 0.105337
v 9.228143 -2.110783 -0.180071
v 9.229425 -2.044054 0.102169
v 9.228382 -2.062958 -0.183239
v 9.229928 -1.998746 0.099166
v 9.228885 -2.017650 -0.186242
v 9.230696 -1.955956 0.096329
v 9.229652 -1.974861 -0.189079
v 9.231726 -1.915684 0.093658
v 9.230682 -1.934589 -0.191750
v 9.233021 -1.877930 0.091152
v 9.231977 -1.896834 -0.194256
v 9.234579 -1.842694 0.088813
v 9.233536 -1.861598 -0.196595
v 9.236403 -1.809975 0.086639
v 9.235359 -1.828879 -0.198769
v 9.238488 -1.779774 0.084631
v 9.237445 -1.798679 -0.200777
v 9.240839 -1.752091 0.082789
v 9.239796 -1.770996 -0.202619
v 9.243453 -1.726926 0.081112
v 9.242410 -1.745830 -0.204296
v 9.246331 -1.704279 0.079602
v 9.245288 -1.723183 -0.205806
v 9.249474 -1.684149 0.078257
v 9.248430 -1.703053 -0.207151
v 9.274512 -1.691446 0.078649
v 9.273469 -1.710350 -0.206759
v 9.297936 -1.698110 0.079004
v 9.296893 -1.717015 -0.206404
v 9.319746 -1.704141 0.079324
v 9.318703 -1.723045 -0.206084
v 9.339939 -1.709539 0.079608
v 9.338896 -1.728443 -0.205800
v 9.358519 -1.714303 0.079856
v 9.357475 -1.733208 -0.205552
v 9.375483 -1.718435 0.080067
v 9.374439 -1.737339 -0.205341
v 9.390831 -1.721933 0.080243
v 9.389788 -1.740837 -0.205165
v 9.404565 -1.724798 0.080382
v 9.403522 -1.743702 -0.205026
v 9.416683 -1.727030 0.080486
v 9.415640 -1.745934 -0.204922
v 9.427187 -1.728628 0.080553
v 9.426144 -1.747532 -0.204855
v 9.436075 -1.729594 0.080585
v 9.435032 -1.748498 -0.204823
v 9.443348 -1.729926 0.080580
v 9.442305 -1.748830 -0.204828
v 9.453318 -1.729635 0.080524
v 9.452274 -1.748539 -0.204884
v 9.463826 -1.728717 0.080425
v 9.462783 -1.747621 -0.204983
v 9.474875 -1.727170 0.080282
v 9.473832 -1.746074 -0.205126
v 9.486465 -1.724996 0.080096
v 9.485421 -1.743900 -0.205312
v 9.498594 -1.722193 0.079866
v 9.497551 -1.741097 -0.205542
v 9.511264 -1.718763 0.079592
v 9.510221 -1.737667 -0.205816
v 9.524473 -1.714704 0.079275
v 9.523430 -1.733608 -0.206133
v 9.538223 -1.710018 0.078915
v 9.537180 -1.728922 -0.206493
v 9.552514 -1.704703 0.078510
v 9.551471 -1.723607 -0.206898
v 9.567345 -1.698761 0.078063
v 9.566301 -1.717665 -0.207345
v 9.582715 -1.692190 0.077571
v 9.581672 -1.711094 -0.207837
v 9.598626 -1.684992 0.077036
v 9.597583 -1.703896 -0.208372
v 9.607264 -1.677461 0.076506
v 9.606220 -1.696365 -0.208902
v 9.613746 -1.669925 0.075983
v 9.612702 -1.688830 -0.209425
v 9.618073 -1.662384 0.075468
v 9.617029 -1.681288 -0.209940
v 9.620245 -1.654838 0.074960
v 9.619202 -1.673742 -0.210448
v 9.620261 -1.647287 0.074460
v 9.619218 -1.666191 -0.210948
v 9.618122 -1.639730 0.073967
v 9.617079 -1.658634 -0.211441
v 9.613828 -1.632168 0.073482
v 9.612784 -1.651072 -0.211926
v 9.607379 -1.624601 0.073004
v 9.606336 -1.643505 -0.212404
v 9.598774 -1.617029 0.072534
v 9.597731 -1.635933 -0.212874
v 9.588015 -1.609451 0.072072
v 9.586971 -1.628356 -0.213336
v 9.575099 -1.601869 0.071617
v 9.574056 -1.620773 -0.213791
v 9.560029 -1.594281 0.071169
v 9.558986 -1.613185 -0.214239
v 9.531219 -1.586660 0.070770
v 9.530175 -1.605564 -0.214638
v 9.502947 -1.579040 0.070368
v 9.501904 -1.597945 -0.215040
v 9.475215 -1.571422 0.069965
v 9.474172 -1.590326 -0.215443
v 9.448021 -1.563805 0.069560
v 9.446978 -1.582709 -0.215848
v 9.421367 -1.556189 0.069153
v 9.420323 -1.575093 -0.216255
v 9.395250 -1.548575 0.068744
v 9.394207 -1.567479 -0.216664
v 9.369673 -1.540961 0.068333
v 9.368629 -1.559866 -0.217075
v 9.344634 -1.533349 0.067921
v 9.343591 -1.552254 -0.217487
v 9.320135 -1.525739 0.067506
v 9.319092 -1.544643 -0.217902
v 9.296173 -1.518129 0.067090
v 9.295130 -1.537034 -0.218318
v 9.272752 -1.510522 0.066671
v 9.271708 -1.529426 -0.218737
v 9.249868 -1.502915 0.066251
v 9.248825 -1.521819 -0.219157
v 10.730742 1.551852 -0.141497
v 10.729699 1.532949 -0.426905
v 10.671062 1.549165 -0.141101
v 10.670019 1.530261 -0.426509
v 10.614873 1.540805 -0.140342
v 10.613829 1.521901 -0.425750
v 10.562172 1.526773 -0.139220
v 10.561129 1.507869 -0.424628
v 10.512962 1.507070 -0.137735
v 10.511919 1.488166 -0.423143
v 10.467242 1.481694 -0.135887
v 10.466198 1.462790 -0.421295
v 10.425012 1.450646 -0.133676
v 10.423968 1.431742 -0.419084
v 10.386271 1.413926 -0.131102
v 10.385228 1.395023 -0.416510
v 10.351021 1.371535 -0.128165
v 10.349977 1.352631 -0.413574
v 10.319261 1.323470 -0.124866
v 10.318216 1.304567 -0.410274
v 10.290990 1.269735 -0.121203
v 10.289947 1.250831 -0.406611
v 10.266210 1.210326 -0.117178
v 10.265165 1.191423 -0.402586
v 10.244919 1.145246 -0.112789
v 10.243876 1.126342 -0.398197
v 10.242334 1.133768 -0.112020
v 10.241291 1.114864 -0.397427
v 10.241096 1.121972 -0.111234
v 10.240052 1.103067 -0.396642
v 10.241204 1.109858 -0.110432
v 10.240161 1.090953 -0.395840
v 10.242659 1.097426 -0.109614
v 10.241615 1.078521 -0.395022
v 10.245460 1.084676 -0.108779
v 10.244416 1.065771 -0.394187
v 10.249607 1.071608 -0.107929
v 10.248564 1.052704 -0.393337
v 10.255101 1.058223 -0.107062
v 10.254057 1.039318 -0.392470
v 10.261941 1.044519 -0.106180
v 10.260898 1.025615 -0.391588
v 10.270127 1.030498 -0.105281
v 10.269084 1.011593 -0.390689
v 10.279660 1.016158 -0.104366
v 10.278616 0.997254 -0.389774
v 10.290539 1.001501 -0.103435
v 10.289495 0.982597 -0.388843
v 10.302765 0.986526 -0.102488
v 10.301722 0.967622 -0.387896
v 10.344620 0.907292 -0.097393
v 10.343576 0.888387 -0.382801
v 10.386476 0.828372 -0.092318
v 10.385432 0.809468 -0.377726
v 10.428331 0.749768 -0.087265
v 10.427288 0.730863 -0.372673
v 10.470189 0.671478 -0.082232
v 10.469146 0.652573 -0.367640
v 10.512047 0.593502 -0.077221
v 10.511003 0.574598 -0.362629
v 10.553905 0.515841 -0.072230
v 10.552861 0.496937 -0.357638
v 10.595764 0.438495 -0.067260
v 10.594721 0.419591 -0.352668
v 10.637624 0.361463 -0.062311
v 10.636580 0.342559 -0.347719
v 10.679484 0.284747 -0.057382
v 10.678440 0.265842 -0.342790
v 10.721345 0.208344 -0.052475
v 10.720302 0.189440 -0.337883
v 10.763206 0.132257 -0.047588
v 10.762163 0.113353 -0.332996
v 10.805070 0.056484 -0.042722
v 10.804026 0.037580 -0.328130
v 10.795370 0.055878 -0.042647
v 10.794326 0.036973 -0.328055
v 10.785666 0.054013 -0.042488
v 10.784623 0.035109 -0.327896
v 10.775961 0.050890 -0.042245
v 10.774918 0.031986 -0.327653
v 10.766253 0.046509 -0.041920
v 10.765209 0.027605 -0.327328
v 10.756542 0.040869 -0.041511
v 10.755499 0.021965 -0.326919
v 10.746828 0.033970 -0.041018
v 10.745785 0.015066 -0.326426
v 10.737112 0.025812 -0.040442
v 10.736068 0.006908 -0.325850
v 10.727392 0.016397 -0.039783
v 10.726349 -0.002507 -0.325191
v 10.717670 0.005723 -0.039041
v 10.716627 -0.013182 -0.324448
v 10.707946 -0.006211 -0.038215
v 10.706902 -0.025115 -0.323623
v 10.698218 -0.019402 -0.037305
v 10.697175 -0.038306 -0.322713
v 10.688488 -0.033852 -0.036313
v 10.687445 -0.052757 -0.321721
v 10.679169 -0.044842 -0.035551
v 10.678125 -0.063747 -0.320959
v 10.670660 -0.055205 -0.034833
v 10.669617 -0.074110 -0.320241
v 10.662961 -0.064941 -0.034160
v 10.661917 -0.083845 -0.319568
v 10.656071 -0.074049 -0.033532
v 10.655027 -0.092953 -0.318940
v 10.649991 -0.082529 -0.032948
v 10.648947 -0.101434 -0.318356
v 10.644720 -0.090383 -0.032408
v 10.643677 -0.109287 -0.317816
v 10.640259 -0.097609 -0.031913
v 10.639215 -0.116513 -0.317321
v 10.636608 -0.104207 -0.031463
v 10.635564 -0.123111 -0.316871
v 10.633766 -0.110178 -0.031057
v 10.632723 -0.129083 -0.316465
v 10.631734 -0.115523 -0.030696
v 10.630690 -0.134427 -0.316104
v 10.630511 -0.120239 -0.030379
v 10.629467 -0.139144 -0.315787
v 10.630098 -0.124329 -0.030106
v 10.629054 -0.143233 -0.315514
v 10.630213 -0.133611 -0.029492
v 10.629169 -0.152516 -0.314900
v 10.630589 -0.146355 -0.028649
v 10.629545 -0.165260 -0.314057
v 10.631227 -0.162561 -0.027578
v 10.630183 -0.181466 -0.312986
v 10.632127 -0.182229 -0.026279
v 10.631083 -0.201133 -0.311687
v 10.633288 -0.205358 -0.024751
v 10.632245 -0.224262 -0.310159
v 10.634712 -0.231949 -0.022995
v 10.633669 -0.250853 -0.308403
v 10.636398 -0.262001 -0.021011
v 10.635354 -0.280905 -0.306419
v 10.638346 -0.295515 -0.018798
v 10.637301 -0.314420 -0.304206
v 10.640554 -0.332491 -0.016357
v 10.639511 -0.351396 -0.301765
v 10.643026 -0.372929 -0.013687
v 10.641982 -0.391833 -0.299095
v 10.645759 -0.416829 -0.010790
v 10.644715 -0.435733 -0.296198
v 10.648754 -0.464190 -0.007664
v 10.647710 -0.483094 -0.293072
v 10.648795 -0.506981 -0.004829
v 10.647752 -0.525886 -0.290237
v 10.649084 -0.559842 -0.001329
v 10.648041 -0.578747 -0.286737
v 10.649620 -0.622772 0.002837
v 10.648577 -0.641677 -0.282571
v 10.650404 -0.695772 0.007669
v 10.649361 -0.714676 -0.277739
v 10.651435 -0.778841 0.013168
v 10.650392 -0.797745 -0.272240
v 10.652714 -0.871978 0.019332
v 10.651670 -0.890882 -0.266076
v 10.654240 -0.975185 0.026162
v 10.653195 -0.994089 -0.259246
v 10.656013 -1.088462 0.033659
v 10.654969 -1.107366 -0.251749
v 10.658033 -1.211807 0.041821
v 10.656990 -1.230711 -0.243587
v 10.660301 -1.345222 0.050650
v 10.659258 -1.364126 -0.234758
v 10.662817 -1.488705 0.060144
v 10.661774 -1.507610 -0.225264
v 10.665581 -1.642258 0.070305
v 10.664537 -1.661163 -0.215103
v 10.668316 -1.747041 0.077235
v 10.667272 -1.765946 -0.208173
v 10.670515 -1.849935 0.084043
v 10.669472 -1.868840 -0.201365
v 10.672181 -1.950940 0.090727
v 10.671138 -1.969844 -0.194681
v 10.673312 -2.050056 0.097287
v 10.672268 -2.068960 -0.188121
v 10.673908 -2.147282 0.103725
v 10.672865 -2.166187 -0.181683
v 10.673969 -2.242620 0.110040
v 10.672926 -2.261524 -0.175368
v 10.673496 -2.336068 0.116231
v 10.672453 -2.354972 -0.169177
v 10.672488 -2.427627 0.122299
v 10.671444 -2.446531 -0.163109
v 10.670945 -2.517297 0.128244
v 10.669902 -2.536201 -0.157164
v 10.668868 -2.605078 0.134066
v 10.667824 -2.623982 -0.151342
v 10.666256 -2.690969 0.139765
v 10.665212 -2.709873 -0.145643
v 10.663109 -2.774971 0.145340
v 10.662066 -2.793876 -0.140068
v 10.663297 -2.812415 0.147819
v 10.662253 -2.831319 -0.137589
v 10.664024 -2.849230 0.150255
v 10.662981 -2.868134 -0.135153
v 10.665293 -2.885417 0.152647
v 10.664249 -2.904321 -0.132761
v 10.667101 -2.920976 0.154996
v 10.666058 -2.939880 -0.130412
v 10.669449 -2.955907 0.157301
v 10.668406 -2.974812 -0.128107
v 10.672338 -2.990211 0.159563
v 10.671294 -3.009115 -0.125845
v 10.675767 -3.023886 0.161781
v 10.674724 -3.042790 -0.123627
v 10.679736 -3.056933 0.163955
v 10.678692 -3.075837 -0.121453
v 10.684245 -3.089352 0.166086
v 10.683202 -3.108256 -0.119322
v 10.689295 -3.121143 0.168173
v 10.688251 -3.140048 -0.117235
v 10.694884 -3.152307 0.170217
v 10.693841 -3.171211 -0.115191
v 10.701014 -3.182842 0.172217
v 10.699970 -3.201746 -0.113191
v 10.707718 -3.197175 0.173142
v 10.706675 -3.216079 -0.112266
v 10.714964 -3.209935 0.173961
v 10.713921 -3.228839 -0.111447
v 10.722753 -3.221124 0.174673
v 10.721709 -3.240028 -0.110735
v 10.731083 -3.230741 0.175280
v 10.730040 -3.249645 -0.110128
v 10.739956 -3.238785 0.175780
v 10.738913 -3.257689 -0.109628
v 10.749372 -3.245258 0.176174
v 10.748328 -3.264163 -0.109234
v 10.759329 -3.250159 0.176463
v 10.758286 -3.269063 -0.108945
v 10.769829 -3.253488 0.176645
v 10.768785 -3.272393 -0.108763
v 10.780870 -3.255246 0.176721
v 10.779827 -3.274150 -0.108687
v 10.792455 -3.255431 0.176691
v 10.791411 -3.274335 -0.108717
v 10.804581 -3.254044 0.176554
v 10.803537 -3.272949 -0.108854
v 10.817249 -3.251086 0.176312
v 10.816206 -3.269990 -0.109096
v 10.851668 -3.219704 0.174108
v 10.850624 -3.238609 -0.111300
v 10.883667 -3.185800 0.171745
v 10.882624 -3.204704 -0.113663
v 10.913247 -3.149373 0.169224
v 10.912203 -3.168277 -0.116184
v 10.940408 -3.110422 0.166545
v 10.939363 -3.129327 -0.118863
v 10.965149 -3.068949 0.163708
v 10.964106 -3.087853 -0.121700
v 10.987472 -3.024953 0.160712
v 10.986427 -3.043857 -0.124696
v 11.007374 -2.978433 0.157558
v 11.006330 -2.997338 -0.127850
v 11.024858 -2.929391 0.154246
v 11.023815 -2.948295 -0.131162
v 11.039923 -2.877826 0.150775
v 11.038879 -2.896730 -0.134633
v 11.052568 -2.823738 0.147146
v 11.051525 -2.842642 -0.138262
v 11.062795 -2.767126 0.143359
v 11.061751 -2.786031 -0.142049
v 11.070602 -2.707992 0.139414
v 11.069558 -2.726896 -0.145994
v 11.070373 -2.689585 0.138195
v 11.069329 -2.708489 -0.147213
v 11.069603 -2.672120 0.137041
v 11.068560 -2.691024 -0.148367
v 11.068292 -2.655598 0.135952
v 11.067248 -2.674502 -0.149456
v 11.066440 -2.640019 0.134927
v 11.065396 -2.658923 -0.150481
v 11.064047 -2.625382 0.133966
v 11.063004 -2.644286 -0.151442
v 11.061113 -2.611688 0.133070
v 11.060070 -2.630592 -0.152338
v 11.057639 -2.598937 0.132238
v 11.056596 -2.617841 -0.153170
v 11.053623 -2.587128 0.131470
v 11.052580 -2.606032 -0.153938
v 11.049067 -2.576262 0.130767
v 11.048024 -2.595166 -0.154641
v 11.043970 -2.566338 0.130129
v 11.042927 -2.585242 -0.155279
v 11.038332 -2.557357 0.129554
v 11.037289 -2.576261 -0.155854
v 11.032153 -2.549319 0.129045
v 11.031110 -2.568223 -0.156363
v 11.022858 -2.488255 0.125034
v 11.021814 -2.507159 -0.160374
v 11.014119 -2.418383 0.120438
v 11.013076 -2.437287 -0.164970
v 11.005939 -2.339702 0.115256
v 11.004896 -2.358606 -0.170152
v 10.998318 -2.252213 0.109489
v 10.997273 -2.271117 -0.175919
v 10.991253 -2.155914 0.103137
v 10.990210 -2.174819 -0.182271
v 10.984748 -2.050807 0.096199
v 10.983704 -2.069712 -0.189209
v 10.978800 -1.936892 0.088675
v 10.977757 -1.955796 -0.196733
v 10.973410 -1.814168 0.080566
v 10.972366 -1.833072 -0.204842
v 10.968578 -1.682635 0.071872
v 10.967535 -1.701539 -0.213536
v 10.964304 -1.542293 0.062592
v 10.963261 -1.561197 -0.222816
v 10.960588 -1.393143 0.052726
v 10.959545 -1.412047 -0.232682
v 10.957431 -1.235184 0.042275
v 10.956388 -1.254088 -0.243133
v 10.954416 -1.196790 0.039743
v 10.953373 -1.215694 -0.245665
v 10.951691 -1.149587 0.036627
v 10.950647 -1.168491 -0.248781
v 10.949253 -1.093574 0.032925
v 10.948210 -1.112478 -0.252483
v 10.947105 -1.028752 0.028640
v 10.946062 -1.047657 -0.256768
v 10.945245 -0.955121 0.023770
v 10.944201 -0.974025 -0.261638
v 10.943674 -0.872681 0.018315
v 10.942631 -0.891585 -0.267093
v 10.942391 -0.781431 0.012276
v 10.941348 -0.800335 -0.273132
v 10.941397 -0.681371 0.005652
v 10.940353 -0.700276 -0.279756
v 10.940692 -0.572503 -0.001557
v 10.939649 -0.591407 -0.286965
v 10.940275 -0.454825 -0.009350
v 10.939232 -0.473729 -0.294758
v 10.940147 -0.328338 -0.017727
v 10.939104 -0.347242 -0.303135
v 10.940308 -0.193041 -0.026689
v 10.939264 -0.211945 -0.312097
v 11.016443 -0.303979 -0.019620
v 11.015400 -0.322884 -0.305028
v 11.090165 -0.409878 -0.012875
v 11.089122 -0.428782 -0.298283
v 11.161473 -0.510736 -0.006455
v 11.160430 -0.529640 -0.291863
v 11.230368 -0.606554 -0.000360
v 11.229324 -0.625458 -0.285768
v 11.296848 -0.697332 0.005409
v 11.295805 -0.716236 -0.279999
v 11.360915 -0.783070 0.010854
v 11.359872 -0.801974 -0.274554
v 11.422568 -0.863768 0.015974
v 11.421525 -0.882672 -0.269434
v 11.481808 -0.939426 0.020768
v 11.480764 -0.958330 -0.264640
v 11.538634 -1.010043 0.025238
v 11.537591 -1.028947 -0.260170
v 11.593046 -1.075620 0.029383
v 11.592003 -1.094525 -0.256025
v 11.645045 -1.136158 0.033202
v 11.644002 -1.155062 -0.252206
v 11.694630 -1.191654 0.036697
v 11.693586 -1.210559 -0.248711
v 11.709695 -1.201760 0.037311
v 11.708652 -1.220664 -0.248097
v 11.722610 -1.209342 0.037766
v 11.721566 -1.228246 -0.247642
v 11.733376 -1.214402 0.038062
v 11.732332 -1.233307 -0.247346
v 11.741991 -1.216940 0.038198
v 11.740948 -1.235844 -0.247210
v 11.748457 -1.216956 0.038176
v 11.747414 -1.235860 -0.247232
v 11.752772 -1.214449 0.037994
v 11.751729 -1.233353 -0.247414
v 11.754939 -1.209420 0.037653
v 11.753896 -1.228324 -0.247755
v 11.754955 -1.201869 0.037153
v 11.753912 -1.220773 -0.248255
v 11.752822 -1.191795 0.036493
v 11.751779 -1.210699 -0.248915
v 11.748539 -1.179199 0.035675
v 11.747496 -1.198103 -0.249733
v 11.742106 -1.164080 0.034697
v 11.741063 -1.182984 -0.250711
v 11.733523 -1.146440 0.033560
v 11.732480 -1.165344 -0.251848
v 11.663457 -1.032055 0.026240
v 11.662414 -1.050959 -0.259168
v 11.595012 -0.915786 0.018789
v 11.593968 -0.934690 -0.266619
v 11.528187 -0.797633 0.011207
v 11.527143 -0.816537 -0.274201
v 11.462982 -0.677596 0.003495
v 11.461939 -0.696500 -0.281913
v 11.399398 -0.555675 -0.004348
v 11.398355 -0.574579 -0.289756
v 11.337435 -0.431870 -0.012322
v 11.336391 -0.450775 -0.297730
v 11.277092 -0.306182 -0.020427
v 11.276049 -0.325086 -0.305835
v 11.218369 -0.178609 -0.028662
v 11.217326 -0.197514 -0.314070
v 11.161268 -0.049153 -0.037028
v 11.160225 -0.068057 -0.322436
v 11.105786 0.082188 -0.045524
v 11.104743 0.063283 -0.330932
v 11.051927 0.215412 -0.054151
v 11.050882 0.196508 -0.339559
v 10.999686 0.350521 -0.062909
v 10.998643 0.331617 -0.348317
v 10.944347 0.485480 -0.071646
v 10.943304 0.466575 -0.357054
v 10.894107 0.610672 -0.079755
v 10.893063 0.591768 -0.365163
v 10.848963 0.726098 -0.087235
v 10.847919 0.707194 -0.372643
v 10.808917 0.831758 -0.094087
v 10.807873 0.812854 -0.379495
v 10.773968 0.927651 -0.100311
v 10.772924 0.908747 -0.385719
v 10.744117 1.013779 -0.105906
v 10.743073 0.994874 -0.391314
v 10.719363 1.090140 -0.110874
v 10.718320 1.071236 -0.396282
v 10.699707 1.156734 -0.115213
v 10.698663 1.137830 -0.400621
v 10.685148 1.213563 -0.118924
v 10.684104 1.194659 -0.404332
v 10.675687 1.260625 -0.122006
v 10.674643 1.241721 -0.407414
v 10.671323 1.297920 -0.124461
v 10.670279 1.279017 -0.409869
v 10.672056 1.325450 -0.126287
v 10.671013 1.306546 -0.411695
v 10.675726 1.340387 -0.127289
v 10.674683 1.321483 -0.412697
v 10.680203 1.355006 -0.128274
v 10.679159 1.336103 -0.413682
v 10.685488 1.369311 -0.129241
v 10.684444 1.350407 -0.414649
v 10.691580 1.383297 -0.130190
v 10.690536 1.364393 -0.415598
v 10.698480 1.396968 -0.131120
v 10.697436 1.378064 -0.416528
v 10.706187 1.410321 -0.132033
v 10.705144 1.391418 -0.417441
v 10.714702 1.423359 -0.132928
v 10.713658 1.404455 -0.418336
v 10.724024 1.436079 -0.133804
v 10.722980 1.417176 -0.419212
v 10.734154 1.448483 -0.134663
v 10.733110 1.429579 -0.420071
v 10.745091 1.460570 -0.135504
v 10.744048 1.441666 -0.420912
v 10.756837 1.472341 -0.136326
v 10.755793 1.453438 -0.421734
v 10.769389 1.483795 -0.137131
v 10.768346 1.464892 -0.422539
v 10.772115 1.498105 -0.138089
v 10.771070 1.479202 -0.423496
v 10.773759 1.510845 -0.138938
v 10.772716 1.491941 -0.424346
v 10.774323 1.522013 -0.139680
v 10.773278 1.503110 -0.425088
v 10.773804 1.531611 -0.140314
v 10.772760 1.512707 -0.425722
v 10.772205 1.539639 -0.140840
v 10.771162 1.520735 -0.426248
v 10.769526 1.546095 -0.141258
v 10.768481 1.527191 -0.426666
v 10.765764 1.550981 -0.141568
v 10.764721 1.532078 -0.426976
v 10.760922 1.554297 -0.141769
v 10.759878 1.535393 -0.427177
v 10.754999 1.556041 -0.141863
v 10.753955 1.537138 -0.427271
v 10.747994 1.556216 -0.141849
v 10.746951 1.537312 -0.427257
v 10.739909 1.554819 -0.141727
v 10.738866 1.535916 -0.427135
v 4.363658 -0.607600 0.024813
v 4.362615 -0.626504 -0.260595
v 3.778129 -2.259957 0.136399
v 3.777085 -2.278861 -0.149009
v 3.739334 -2.259863 0.136535
v 3.738291 -2.278768 -0.148873
v 3.160873 -0.672660 0.033520
v 3.159830 -0.691565 -0.251888
v 3.148965 -0.635818 0.031123
v 3.147922 -0.654722 -0.254285
v 3.138939 -0.600868 0.028845
v 3.137896 -0.619773 -0.256563
v 3.130794 -0.567811 0.026685
v 3.129750 -0.586715 -0.258723
v 3.124532 -0.536646 0.024644
v 3.123488 -0.555550 -0.260764
v 3.120151 -0.507374 0.022721
v 3.119107 -0.526278 -0.262687
v 3.117650 -0.479994 0.020917
v 3.116607 -0.498898 -0.264491
v 3.117033 -0.454506 0.019231
v 3.115990 -0.473410 -0.266177
v 3.118298 -0.430911 0.017663
v 3.117254 -0.449815 -0.267745
v 3.121443 -0.409208 0.016214
v 3.120399 -0.428112 -0.269194
v 3.126471 -0.389398 0.014884
v 3.125427 -0.408302 -0.270524
v 3.133379 -0.371479 0.013672
v 3.132336 -0.390383 -0.271736
v 3.142167 -0.355454 0.012578
v 3.141124 -0.374358 -0.272830
v 3.152571 -0.341005 0.011583
v 3.151527 -0.359910 -0.273825
v 3.164320 -0.327818 0.010667
v 3.163277 -0.346723 -0.274741
v 3.177412 -0.315894 0.009829
v 3.176369 -0.334798 -0.275579
v 3.191848 -0.305231 0.009070
v 3.190804 -0.324135 -0.276338
v 3.207629 -0.295829 0.008389
v 3.206586 -0.314734 -0.277019
v 3.224755 -0.287690 0.007788
v 3.223712 -0.306594 -0.277620
v 3.243225 -0.280812 0.007265
v 3.242182 -0.299716 -0.278143
v 3.263039 -0.275197 0.006820
v 3.261995 -0.294101 -0.278588
v 3.284197 -0.270843 0.006454
v 3.283154 -0.289747 -0.278953
v 3.306699 -0.267750 0.006167
v 3.305655 -0.286654 -0.279241
v 3.330545 -0.265920 0.005959
v 3.329502 -0.284824 -0.279449
v 3.355738 -0.265352 0.005829
v 3.354694 -0.284256 -0.279579
v 3.472121 -0.265633 0.005422
v 3.471078 -0.284537 -0.279986
v 3.472418 -0.129707 -0.003582
v 3.471375 -0.148611 -0.288990
v 2.521947 -0.127413 -0.000259
v 2.520904 -0.146317 -0.285667
v 2.521650 -0.263339 0.008745
v 2.520607 -0.282243 -0.276663
v 2.638034 -0.263619 0.008338
v 2.636991 -0.282524 -0.277070
v 2.670088 -0.266529 0.008414
v 2.669044 -0.285433 -0.276994
v 2.701591 -0.275100 0.008866
v 2.700547 -0.294004 -0.276542
v 2.732540 -0.289334 0.009696
v 2.731497 -0.308238 -0.275712
v 2.762940 -0.309230 0.010903
v 2.761897 -0.328134 -0.274505
v 2.792789 -0.334788 0.012487
v 2.791746 -0.353692 -0.272922
v 2.822086 -0.366008 0.014447
v 2.821043 -0.384912 -0.270961
v 2.850833 -0.402891 0.016785
v 2.849790 -0.421795 -0.268623
v 2.879027 -0.445436 0.019500
v 2.877984 -0.464340 -0.265908
v 2.906672 -0.493644 0.022592
v 2.905629 -0.512548 -0.262816
v 2.933765 -0.547513 0.026061
v 2.932722 -0.566417 -0.259347
v 2.960306 -0.607045 0.029907
v 2.959263 -0.625949 -0.255501
v 2.986298 -0.672239 0.034130
v 2.985254 -0.691143 -0.251278
v 3.757693 -2.735650 0.167981
v 3.756650 -2.754554 -0.117426
v 3.932270 -2.736071 0.167371
v 3.931226 -2.754975 -0.118037
v 4.693216 -0.699013 0.029663
v 4.692173 -0.717918 -0.255745
v 4.719634 -0.630327 0.025017
v 4.718590 -0.649231 -0.260391
v 4.746846 -0.567622 0.020764
v 4.745802 -0.586526 -0.264644
v 4.774853 -0.510896 0.016905
v 4.773810 -0.529800 -0.268503
v 4.803657 -0.460150 0.013438
v 4.802613 -0.479054 -0.271970
v 4.833254 -0.415385 0.010365
v 4.832211 -0.434289 -0.275043
v 4.863648 -0.376600 0.007685
v 4.862605 -0.395504 -0.277723
v 4.894836 -0.343795 0.005398
v 4.893793 -0.362699 -0.280010
v 4.926819 -0.316970 0.003504
v 4.925776 -0.335874 -0.281904
v 4.959598 -0.296125 0.002004
v 4.958555 -0.315030 -0.283404
v 4.993172 -0.281261 0.000897
v 4.992129 -0.300165 -0.284511
v 5.027542 -0.272377 0.000182
v 5.026498 -0.291281 -0.285226
v 5.062706 -0.269472 -0.000138
v 5.061662 -0.288376 -0.285546
v 5.159692 -0.269706 -0.000478
v 5.158649 -0.288610 -0.285886
v 5.159989 -0.133780 -0.009482
v 5.158946 -0.152684 -0.294890
v 4.151325 -0.131346 -0.005955
v 4.150282 -0.150250 -0.291363
v 4.151029 -0.267271 0.003049
v 4.149985 -0.286175 -0.282359
v 4.228618 -0.267459 0.002778
v 4.227575 -0.286363 -0.282630
v 4.238451 -0.268111 0.002785
v 4.237407 -0.287016 -0.282623
v 4.248549 -0.270024 0.002875
v 4.247506 -0.288928 -0.282533
v 4.258914 -0.273195 0.003047
v 4.257871 -0.292099 -0.282361
v 4.269547 -0.277626 0.003301
v 4.268503 -0.296530 -0.282107
v 4.280445 -0.283316 0.003638
v 4.279402 -0.302220 -0.281770
v 4.291611 -0.290265 0.004058
v 4.290568 -0.309169 -0.281350
v 4.303042 -0.298473 0.004560
v 4.301999 -0.317378 -0.280848
v 4.314742 -0.307941 0.005144
v 4.313698 -0.326845 -0.280264
v 4.326707 -0.318668 0.005811
v 4.325664 -0.337572 -0.279597
v 4.338938 -0.330654 0.006560
v 4.337895 -0.349558 -0.278848
v 4.351437 -0.343899 0.007392
v 4.350394 -0.362803 -0.278016
v 4.364202 -0.358403 0.008306
v 4.363159 -0.377307 -0.277102
v 4.373066 -0.370538 0.009077
v 4.372023 -0.389442 -0.276331
v 4.380311 -0.384243 0.009958
v 4.379268 -0.403147 -0.275450
v 4.385935 -0.399517 0.010949
v 4.384892 -0.418421 -0.274459
v 4.389940 -0.416360 0.012050
v 4.388896 -0.435264 -0.273358
v 4.392324 -0.434772 0.013261
v 4.391281 -0.453676 -0.272147
v 4.393089 -0.454754 0.014582
v 4.392045 -0.473658 -0.270826
v 4.392234 -0.476305 0.016012
v 4.391191 -0.495209 -0.269396
v 4.389759 -0.499425 0.017553
v 4.388716 -0.518330 -0.267855
v 4.385664 -0.524115 0.019203
v 4.384621 -0.543019 -0.266205
v 4.379949 -0.550374 0.020963
v 4.378906 -0.569278 -0.264445
v 4.372614 -0.578202 0.022833
v 4.371571 -0.597107 -0.262575
v 1.820823 -1.417021 0.087722
v 1.819779 -1.435925 -0.197686
v 1.892159 -1.381795 0.085128
v 1.891115 -1.400699 -0.200280
v 1.957305 -1.343723 0.082368
v 1.956262 -1.362627 -0.203039
v 2.016260 -1.302804 0.079443
v 2.015217 -1.321709 -0.205965
v 2.069025 -1.259039 0.076351
v 2.067982 -1.277943 -0.209057
v 2.115601 -1.212426 0.073093
v 2.114557 -1.231331 -0.212315
v 2.155984 -1.162967 0.069670
v 2.154941 -1.181872 -0.215738
v 2.190178 -1.110662 0.066080
v 2.189135 -1.129566 -0.219328
v 2.218183 -1.055509 0.062325
v 2.217139 -1.074413 -0.223083
v 2.239997 -0.997510 0.058403
v 2.238954 -1.016414 -0.227005
v 2.255621 -0.936664 0.054316
v 2.254578 -0.955568 -0.231092
v 2.265054 -0.872971 0.050063
v 2.264010 -0.891876 -0.235345
v 2.268297 -0.806432 0.045644
v 2.267254 -0.825337 -0.239764
v 2.267175 -0.765211 0.042918
v 2.266131 -0.784116 -0.242490
v 2.263627 -0.724613 0.040241
v 2.262584 -0.743518 -0.245167
v 2.257652 -0.684639 0.037616
v 2.256609 -0.703543 -0.247792
v 2.249251 -0.645288 0.035040
v 2.248208 -0.664193 -0.250368
v 2.238425 -0.606561 0.032514
v 2.237382 -0.625465 -0.252894
v 2.225173 -0.568457 0.030039
v 2.224130 -0.587361 -0.255369
v 2.209495 -0.530977 0.027614
v 2.208451 -0.549881 -0.257794
v 2.191389 -0.494119 0.025239
v 2.190346 -0.513023 -0.260169
v 2.170859 -0.457886 0.022914
v 2.169816 -0.476790 -0.262494
v 2.147902 -0.422276 0.020639
v 2.146858 -0.441180 -0.264769
v 2.122519 -0.387289 0.018414
v 2.121476 -0.406193 -0.266994
v 2.094709 -0.352926 0.016240
v 2.093666 -0.371830 -0.269168
v 2.061382 -0.316661 0.013960
v 2.060339 -0.335565 -0.271448
v 2.025892 -0.283537 0.011896
v 2.024849 -0.302442 -0.273512
v 1.988239 -0.253556 0.010047
v 1.987196 -0.272460 -0.275361
v 1.948425 -0.226715 0.008415
v 1.947382 -0.245619 -0.276993
v 1.906449 -0.203015 0.006999
v 1.905406 -0.221919 -0.278409
v 1.862311 -0.182456 0.005799
v 1.861268 -0.201361 -0.279609
v 1.816011 -0.165039 0.004814
v 1.814968 -0.183944 -0.280594
v 1.767549 -0.150763 0.004046
v 1.766505 -0.169667 -0.281362
v 1.716924 -0.139628 0.003493
v 1.715880 -0.158533 -0.281915
v 1.664137 -0.131635 0.003157
v 1.663094 -0.150539 -0.282251
v 1.609188 -0.126782 0.003036
v 1.608145 -0.145687 -0.282372
v 1.552077 -0.125072 0.003132
v 1.551034 -0.143976 -0.282276
v 1.516648 -0.125773 0.003308
v 1.515605 -0.144677 -0.282100
v 1.481484 -0.128048 0.003587
v 1.480441 -0.146952 -0.281821
v 1.446588 -0.131897 0.003970
v 1.445544 -0.150801 -0.281438
v 1.411958 -0.137320 0.004455
v 1.410914 -0.156224 -0.280953
v 1.377593 -0.144316 0.005044
v 1.376550 -0.163220 -0.280364
v 1.343494 -0.152887 0.005737
v 1.342451 -0.171791 -0.279671
v 1.309660 -0.163031 0.006532
v 1.308617 -0.181935 -0.278876
v 1.276093 -0.174749 0.007431
v 1.275050 -0.193653 -0.277977
v 1.242792 -0.188041 0.008433
v 1.241749 -0.206945 -0.276975
v 1.209758 -0.202907 0.009539
v 1.208714 -0.221811 -0.275869
v 1.176989 -0.219347 0.010747
v 1.175945 -0.238251 -0.274660
v 1.144485 -0.237360 0.012059
v 1.143442 -0.256264 -0.273349
v 1.115893 -0.253810 0.013254
v 1.114850 -0.272714 -0.272154
v 1.088387 -0.265543 0.014131
v 1.087344 -0.284447 -0.271277
v 1.061970 -0.272558 0.014693
v 1.060926 -0.291463 -0.270715
v 1.036641 -0.274857 0.014937
v 1.035598 -0.293761 -0.270471
v 1.012399 -0.272439 0.014866
v 1.011355 -0.291343 -0.270542
v 0.989245 -0.265303 0.014478
v 0.988202 -0.284208 -0.270930
v 0.967179 -0.253451 0.013773
v 0.966136 -0.272355 -0.271635
v 0.946201 -0.236881 0.012753
v 0.945158 -0.255786 -0.272655
v 0.926311 -0.215595 0.011415
v 0.925268 -0.234499 -0.273992
v 0.907510 -0.189591 0.009762
v 0.906466 -0.208496 -0.275646
v 0.889796 -0.158871 0.007792
v 0.888753 -0.177775 -0.277616
v 0.873171 -0.123433 0.005505
v 0.872128 -0.142338 -0.279903
v 0.735757 -0.870696 0.055503
v 0.734714 -0.889601 -0.229905
v 0.813247 -0.916192 0.058233
v 0.812203 -0.935097 -0.227175
v 0.836101 -0.875186 0.055434
v 0.835057 -0.894091 -0.229974
v 0.859222 -0.835125 0.052696
v 0.858179 -0.854029 -0.232712
v 0.882612 -0.796008 0.050019
v 0.881569 -0.814913 -0.235389
v 0.906269 -0.757836 0.047404
v 0.905226 -0.776740 -0.238004
v 0.930194 -0.720608 0.044851
v 0.929151 -0.739513 -0.240557
v 0.954385 -0.684325 0.042360
v 0.953341 -0.703230 -0.243048
v 0.978845 -0.648987 0.039929
v 0.977801 -0.667891 -0.245479
v 1.003571 -0.614593 0.037561
v 1.002527 -0.633497 -0.247847
v 1.028563 -0.581144 0.035254
v 1.027519 -0.600048 -0.250154
v 1.053823 -0.548639 0.033009
v 1.052780 -0.567543 -0.252399
v 1.079351 -0.517079 0.030825
v 1.078308 -0.535983 -0.254583
v 1.105147 -0.486463 0.028703
v 1.104104 -0.505368 -0.256705
v 1.137959 -0.450358 0.026191
v 1.136915 -0.469263 -0.259217
v 1.171573 -0.417402 0.023886
v 1.170529 -0.436306 -0.261522
v 1.205987 -0.387594 0.021785
v 1.204944 -0.406498 -0.263623
v 1.241203 -0.360934 0.019891
v 1.240160 -0.379838 -0.265517
v 1.277220 -0.337422 0.018202
v 1.276176 -0.356327 -0.267206
v 1.314038 -0.317060 0.016719
v 1.312995 -0.335964 -0.268689
v 1.351660 -0.299845 0.015441
v 1.350616 -0.318749 -0.269967
v 1.390080 -0.285779 0.014369
v 1.389037 -0.304683 -0.271039
v 1.429303 -0.274861 0.013502
v 1.428260 -0.293765 -0.271906
v 1.469327 -0.267092 0.012841
v 1.468284 -0.285996 -0.272567
v 1.510153 -0.262470 0.012386
v 1.509109 -0.281375 -0.273022
v 1.551781 -0.260998 0.012136
v 1.550737 -0.279902 -0.273272
v 1.586801 -0.262183 0.012087
v 1.585757 -0.281088 -0.273321
v 1.620740 -0.265569 0.012187
v 1.619697 -0.284473 -0.273221
v 1.653595 -0.271154 0.012437
v 1.652552 -0.290059 -0.272971
v 1.685369 -0.278940 0.012836
v 1.684325 -0.297844 -0.272572
v 1.716060 -0.288925 0.013385
v 1.715016 -0.307830 -0.272023
v 1.745668 -0.301111 0.014084
v 1.744625 -0.320015 -0.271324
v 1.774194 -0.315496 0.014933
v 1.773150 -0.334400 -0.270475
v 1.801637 -0.332081 0.015931
v 1.800593 -0.350985 -0.269477
v 1.827999 -0.350866 0.017079
v 1.826956 -0.369770 -0.268329
v 1.853278 -0.371851 0.018376
v 1.852235 -0.390755 -0.267032
v 1.877475 -0.395035 0.019823
v 1.876431 -0.413939 -0.265585
v 1.900588 -0.420420 0.021420
v 1.899545 -0.439324 -0.263988
v 1.919127 -0.443434 0.022877
v 1.918083 -0.462338 -0.262531
v 1.936048 -0.467073 0.024381
v 1.935004 -0.485977 -0.261027
v 1.951351 -0.491338 0.025932
v 1.950308 -0.510242 -0.259476
v 1.965036 -0.516227 0.027531
v 1.963993 -0.535132 -0.257877
v 1.977105 -0.541743 0.029176
v 1.976062 -0.560647 -0.256232
v 1.987555 -0.567884 0.030870
v 1.986511 -0.586788 -0.254538
v 1.996387 -0.594650 0.032610
v 1.995343 -0.613554 -0.252798
v 2.003600 -0.622041 0.034398
v 2.002557 -0.640945 -0.251010
v 2.009197 -0.650058 0.036233
v 2.008154 -0.668962 -0.249175
v 2.013175 -0.678700 0.038116
v 2.012132 -0.697604 -0.247292
v 2.015537 -0.707968 0.040046
v 2.014494 -0.726872 -0.245362
v 2.016280 -0.737861 0.042023
v 2.015237 -0.756765 -0.243385
v 2.014449 -0.774827 0.044478
v 2.013406 -0.793731 -0.240930
v 2.009118 -0.810212 0.046842
v 2.008075 -0.829116 -0.238566
v 2.000288 -0.844015 0.049113
v 1.999245 -0.862919 -0.236295
v 1.987959 -0.876236 0.051292
v 1.986916 -0.895140 -0.234116
v 1.972132 -0.906876 0.053379
v 1.971088 -0.925780 -0.232029
v 1.952806 -0.935934 0.055375
v 1.951763 -0.954838 -0.230033
v 1.929981 -0.963410 0.057278
v 1.928938 -0.982314 -0.228130
v 1.903656 -0.989305 0.059089
v 1.902613 -1.008209 -0.226318
v 1.873833 -1.013618 0.060809
v 1.872789 -1.032522 -0.224599
v 1.840511 -1.036349 0.062436
v 1.839468 -1.055253 -0.222972
v 1.803692 -1.057498 0.063972
v 1.802649 -1.076403 -0.221436
v 1.763372 -1.077066 0.065415
v 1.762329 -1.095970 -0.219993
v 1.683824 -1.110384 0.067913
v 1.682780 -1.129288 -0.217495
v 1.606972 -1.142764 0.070339
v 1.605928 -1.161668 -0.215069
v 1.532816 -1.174207 0.072692
v 1.531773 -1.193111 -0.212716
v 1.461356 -1.204712 0.074974
v 1.460313 -1.223616 -0.210434
v 1.392592 -1.234280 0.077184
v 1.391549 -1.253184 -0.208224
v 1.326525 -1.262910 0.079322
v 1.325481 -1.281815 -0.206086
v 1.263152 -1.290603 0.081388
v 1.262109 -1.309508 -0.204020
v 1.202477 -1.317359 0.083382
v 1.201434 -1.336263 -0.202026
v 1.144497 -1.343177 0.085304
v 1.143454 -1.362081 -0.200104
v 1.089214 -1.368058 0.087154
v 1.088171 -1.386962 -0.198254
v 1.036627 -1.392001 0.088932
v 1.035583 -1.410905 -0.196476
v 0.986735 -1.415007 0.090638
v 0.985692 -1.433912 -0.194770
v 0.927793 -1.450105 0.093179
v 0.926749 -1.469010 -0.192229
v 0.873963 -1.487733 0.095868
v 0.872920 -1.506637 -0.189540
v 0.825248 -1.527889 0.098706
v 0.824204 -1.546794 -0.186702
v 0.781645 -1.570576 0.101692
v 0.780602 -1.589480 -0.183716
v 0.743155 -1.615792 0.104828
v 0.742112 -1.634696 -0.180580
v 0.709780 -1.663537 0.108112
v 0.708736 -1.682441 -0.177295
v 0.681516 -1.713812 0.111546
v 0.680472 -1.732716 -0.173862
v 0.658366 -1.766616 0.115128
v 0.657323 -1.785521 -0.170280
v 0.640329 -1.821950 0.118859
v 0.639286 -1.840854 -0.166549
v 0.627407 -1.879814 0.122739
v 0.626364 -1.898718 -0.162669
v 0.619596 -1.940206 0.126768
v 0.618553 -1.959110 -0.158640
v 0.616899 -2.003129 0.130945
v 0.615856 -2.022033 -0.154463
v 0.618014 -2.047968 0.133911
v 0.616971 -2.066872 -0.151497
v 0.621554 -2.091870 0.136806
v 0.620511 -2.110774 -0.148602
v 0.627523 -2.134833 0.139630
v 0.626480 -2.153737 -0.145778
v 0.635919 -2.176858 0.142383
v 0.634875 -2.195762 -0.143025
v 0.646740 -2.217945 0.145065
v 0.645697 -2.236850 -0.140343
v 0.659988 -2.258095 0.147675
v 0.658945 -2.276999 -0.137733
v 0.675664 -2.297306 0.150215
v 0.674621 -2.316210 -0.135193
v 0.693765 -2.335578 0.152684
v 0.692721 -2.354483 -0.132724
v 0.714294 -2.372913 0.155082
v 0.713251 -2.391818 -0.130326
v 0.737249 -2.409310 0.157409
v 0.736206 -2.428215 -0.127999
v 0.762631 -2.444769 0.159665
v 0.761588 -2.463673 -0.125743
v 0.790440 -2.479290 0.161849
v 0.789396 -2.498194 -0.123559
v 0.827262 -2.519181 0.164357
v 0.826219 -2.538085 -0.121051
v 0.866785 -2.555618 0.166626
v 0.865742 -2.574522 -0.118782
v 0.909009 -2.588600 0.168656
v 0.907966 -2.607504 -0.116752
v 0.953937 -2.618128 0.170448
v 0.952893 -2.637032 -0.114960
v 1.001565 -2.644201 0.172001
v 1.000522 -2.663105 -0.113407
v 1.051895 -2.666819 0.173315
v 1.050852 -2.685724 -0.112093
v 1.104927 -2.685983 0.174390
v 1.103884 -2.704887 -0.111018
v 1.160660 -2.701693 0.175227
v 1.159616 -2.720597 -0.110181
v 1.219095 -2.713948 0.175825
v 1.218052 -2.732852 -0.109583
v 1.280232 -2.722748 0.176184
v 1.279189 -2.741652 -0.109224
v 1.344070 -2.728094 0.176305
v 1.343027 -2.746998 -0.109103
v 1.410612 -2.729985 0.176187
v 1.409569 -2.748889 -0.109221
v 1.452371 -2.729456 0.175999
v 1.451327 -2.748360 -0.109409
v 1.493594 -2.727668 0.175730
v 1.492551 -2.746572 -0.109678
v 1.534282 -2.724620 0.175380
v 1.533238 -2.743524 -0.110028
v 1.574433 -2.720312 0.174947
v 1.573390 -2.739216 -0.110461
v 1.614049 -2.714744 0.174434
v 1.613006 -2.733648 -0.110974
v 1.653129 -2.707916 0.173839
v 1.652085 -2.726820 -0.111569
v 1.691670 -2.699828 0.173162
v 1.690627 -2.718732 -0.112246
v 1.729678 -2.690480 0.172404
v 1.728635 -2.709385 -0.113004
v 1.767149 -2.679873 0.171564
v 1.766106 -2.698777 -0.113844
v 1.804085 -2.668006 0.170643
v 1.803041 -2.686910 -0.114765
v 1.840485 -2.654878 0.169641
v 1.839441 -2.673783 -0.115767
v 1.876347 -2.640491 0.168557
v 1.875303 -2.659395 -0.116851
v 1.883224 -2.636889 0.168293
v 1.882181 -2.655794 -0.117115
v 1.890910 -2.633604 0.168047
v 1.889867 -2.652508 -0.117361
v 1.899404 -2.630636 0.167820
v 1.898360 -2.649540 -0.117588
v 1.908704 -2.627984 0.167610
v 1.907660 -2.646888 -0.117798
v 1.918812 -2.625648 0.167418
v 1.917768 -2.644552 -0.117990
v 1.929727 -2.623629 0.167245
v 1.928683 -2.642534 -0.118163
v 1.941450 -2.621927 0.167089
v 1.940407 -2.640831 -0.118319
v 1.953980 -2.620542 0.166952
v 1.952937 -2.639446 -0.118456
v 1.967319 -2.619473 0.166832
v 1.966275 -2.638377 -0.118576
v 1.981464 -2.618720 0.166730
v 1.980421 -2.637624 -0.118678
v 1.996417 -2.618284 0.166647
v 1.995374 -2.637188 -0.118761
v 2.012177 -2.618165 0.166581
v 2.011134 -2.637069 -0.118827
v 2.022279 -2.618976 0.166598
v 2.021235 -2.637880 -0.118810
v 2.033184 -2.621362 0.166716
v 2.032141 -2.640266 -0.118692
v 2.044895 -2.625323 0.166936
v 2.043852 -2.644228 -0.118472
v 2.057410 -2.630860 0.167257
v 2.056367 -2.649764 -0.118151
v 2.070730 -2.637971 0.167679
v 2.069687 -2.656876 -0.117729
v 2.084856 -2.646658 0.168203
v 2.083813 -2.665562 -0.117205
v 2.099786 -2.656920 0.168828
v 2.098742 -2.675824 -0.116580
v 2.115520 -2.668757 0.169555
v 2.114477 -2.687661 -0.115853
v 2.132059 -2.682170 0.170382
v 2.131016 -2.701074 -0.115026
v 2.149404 -2.697157 0.171312
v 2.148360 -2.716061 -0.114096
v 2.167552 -2.713720 0.172342
v 2.166509 -2.732624 -0.113066
v 2.186506 -2.731858 0.173475
v 2.185463 -2.750762 -0.111933
v 2.304669 -1.916585 0.119042
v 2.303626 -1.935489 -0.166366
v 2.207732 -1.893697 0.117881
v 2.206689 -1.912601 -0.167527
v 2.191201 -1.938179 0.120888
v 2.190158 -1.957083 -0.164520
v 2.174134 -1.981086 0.123792
v 2.173091 -1.999991 -0.161616
v 2.156533 -2.022420 0.126594
v 2.155490 -2.041324 -0.158814
v 2.138395 -2.062179 0.129294
v 2.137352 -2.081083 -0.156114
v 2.119723 -2.100363 0.131891
v 2.118680 -2.119267 -0.153517
v 2.100515 -2.136972 0.134386
v 2.099472 -2.155877 -0.151022
v 2.080772 -2.172008 0.136779
v 2.079729 -2.190912 -0.148629
v 2.060493 -2.205468 0.139069
v 2.059449 -2.224372 -0.146339
v 2.039679 -2.237354 0.141258
v 2.038635 -2.256258 -0.144150
v 2.018330 -2.267666 0.143343
v 2.017286 -2.286570 -0.142065
v 1.996445 -2.296403 0.145327
v 1.995401 -2.315307 -0.140081
v 1.974026 -2.323566 0.147208
v 1.972982 -2.342470 -0.138200
v 1.934462 -2.366891 0.150222
v 1.933418 -2.385795 -0.135186
v 1.893560 -2.406438 0.152991
v 1.892517 -2.425342 -0.132417
v 1.851320 -2.442205 0.155515
v 1.850277 -2.461109 -0.129893
v 1.807740 -2.474194 0.157793
v 1.806697 -2.493098 -0.127615
v 1.762821 -2.502403 0.159825
v 1.761778 -2.521307 -0.125583
v 1.716565 -2.526834 0.161613
v 1.715522 -2.545738 -0.123795
v 1.668969 -2.547485 0.163155
v 1.667926 -2.566390 -0.122253
v 1.620034 -2.564358 0.164451
v 1.618991 -2.583262 -0.120957
v 1.569761 -2.577452 0.165502
v 1.568718 -2.596356 -0.119906
v 1.518149 -2.586766 0.166308
v 1.517106 -2.605671 -0.119100
v 1.465198 -2.592302 0.166868
v 1.464154 -2.611206 -0.118540
v 1.410909 -2.594059 0.167183
v 1.409865 -2.612963 -0.118225
v 1.372656 -2.592708 0.167233
v 1.371613 -2.611612 -0.118175
v 1.335485 -2.588843 0.167113
v 1.334442 -2.607747 -0.118295
v 1.299399 -2.582463 0.166822
v 1.298356 -2.601367 -0.118585
v 1.264396 -2.573568 0.166361
v 1.263352 -2.592473 -0.119047
v 1.230474 -2.562159 0.165730
v 1.229431 -2.581063 -0.119678
v 1.197637 -2.548236 0.164927
v 1.196593 -2.567140 -0.120481
v 1.165882 -2.531797 0.163955
v 1.164839 -2.550702 -0.121453
v 1.135211 -2.512845 0.162812
v 1.134168 -2.531749 -0.122596
v 1.105622 -2.491378 0.161498
v 1.104579 -2.510282 -0.123910
v 1.077118 -2.467396 0.160014
v 1.076075 -2.486300 -0.125394
v 1.049695 -2.440899 0.158359
v 1.048652 -2.459804 -0.127049
v 1.023355 -2.411889 0.156534
v 1.022312 -2.430793 -0.128874
v 1.004818 -2.388718 0.155067
v 1.003775 -2.407622 -0.130341
v 0.987898 -2.364606 0.153531
v 0.986855 -2.383511 -0.131877
v 0.972597 -2.339555 0.151928
v 0.971554 -2.358459 -0.133480
v 0.958913 -2.313564 0.150257
v 0.957870 -2.332468 -0.135151
v 0.946849 -2.286633 0.148517
v 0.945806 -2.305537 -0.136891
v 0.936401 -2.258762 0.146709
v 0.935358 -2.277666 -0.138699
v 0.927573 -2.229950 0.144833
v 0.926530 -2.248855 -0.140575
v 0.920364 -2.200199 0.142889
v 0.919321 -2.219103 -0.142519
v 0.914774 -2.169508 0.140876
v 0.913731 -2.188412 -0.144532
v 0.910802 -2.137877 0.138796
v 0.909759 -2.156781 -0.146612
v 0.908448 -2.105305 0.136647
v 0.907405 -2.124209 -0.148761
v 0.907713 -2.071794 0.134430
v 0.906670 -2.090698 -0.150978
v 0.909965 -2.027434 0.131484
v 0.908921 -2.046339 -0.153924
v 0.916524 -1.984973 0.128647
v 0.915481 -2.003877 -0.156761
v 0.927387 -1.944410 0.125921
v 0.926344 -1.963315 -0.159487
v 0.942559 -1.905746 0.123304
v 0.941516 -1.924650 -0.162104
v 0.962036 -1.868979 0.120798
v 0.960993 -1.887884 -0.164610
v 0.985821 -1.834111 0.118401
v 0.984777 -1.853015 -0.167007
v 1.013912 -1.801142 0.116115
v 1.012869 -1.820046 -0.169293
v 1.046309 -1.770070 0.113938
v 1.045265 -1.788974 -0.171470
v 1.083012 -1.740896 0.111872
v 1.081968 -1.759801 -0.173536
v 1.124022 -1.713621 0.109915
v 1.122978 -1.732526 -0.175493
v 1.169337 -1.688245 0.108069
v 1.168294 -1.707149 -0.177339
v 1.218961 -1.664766 0.106332
v 1.217917 -1.683670 -0.179076
v 1.267630 -1.645847 0.104901
v 1.266586 -1.664752 -0.180507
v 1.316570 -1.626615 0.103449
v 1.315527 -1.645519 -0.181959
v 1.365781 -1.607069 0.101974
v 1.364738 -1.625973 -0.183434
v 1.415260 -1.587208 0.100478
v 1.414217 -1.606112 -0.184930
v 1.465011 -1.567034 0.098959
v 1.463967 -1.585938 -0.186449
v 1.515030 -1.546545 0.097419
v 1.513987 -1.565449 -0.187988
v 1.565320 -1.525743 0.095858
v 1.564277 -1.544647 -0.189550
v 1.615880 -1.504626 0.094274
v 1.614837 -1.523530 -0.191134
v 1.666711 -1.483196 0.092669
v 1.665668 -1.502100 -0.192739
v 1.717812 -1.461451 0.091042
v 1.716768 -1.480356 -0.194366
v 1.769182 -1.439393 0.089393
v 1.768139 -1.458297 -0.196015
v -3.937281 -0.066514 0.019322
v -3.938324 -0.085418 -0.266086
v -3.981084 -0.077578 0.020215
v -3.982127 -0.096482 -0.265193
v -4.021923 -0.088334 0.021077
v -4.022966 -0.107239 -0.264331
v -4.059798 -0.098783 0.021907
v -4.060842 -0.117688 -0.263501
v -4.094709 -0.108925 0.022707
v -4.095753 -0.127829 -0.262701
v -4.126656 -0.118760 0.023475
v -4.127699 -0.137664 -0.261933
v -4.155636 -0.128286 0.024212
v -4.156681 -0.147191 -0.261196
v -4.181656 -0.137505 0.024918
v -4.182701 -0.156410 -0.260490
v -4.204708 -0.146417 0.025592
v -4.205753 -0.165321 -0.259816
v -4.224800 -0.155021 0.026236
v -4.225845 -0.173926 -0.259172
v -4.241924 -0.163318 0.026848
v -4.242970 -0.182222 -0.258560
v -4.256086 -0.171307 0.027429
v -4.257132 -0.190212 -0.257979
v -4.267281 -0.178989 0.027978
v -4.268326 -0.197893 -0.257429
v -4.279953 -0.183049 0.028294
v -4.280998 -0.201953 -0.257114
v -4.292088 -0.187739 0.028649
v -4.293133 -0.206644 -0.256759
v -4.303684 -0.193060 0.029044
v -4.304729 -0.211964 -0.256364
v -4.314741 -0.199012 0.029478
v -4.315786 -0.217916 -0.255930
v -4.325262 -0.205594 0.029953
v -4.326307 -0.224498 -0.255455
v -4.335247 -0.212807 0.030467
v -4.336292 -0.231711 -0.254941
v -4.344692 -0.220650 0.031021
v -4.345737 -0.239554 -0.254387
v -4.353603 -0.229124 0.031615
v -4.354649 -0.248028 -0.253793
v -4.361973 -0.238228 0.032248
v -4.363018 -0.257133 -0.253160
v -4.369810 -0.247963 0.032922
v -4.370855 -0.266867 -0.252486
v -4.377104 -0.258329 0.033635
v -4.378149 -0.277233 -0.251773
v -4.383865 -0.269325 0.034388
v -4.384911 -0.288229 -0.251020
v -4.389292 -0.287561 0.035616
v -4.390337 -0.306466 -0.249792
v -4.392561 -0.304544 0.036753
v -4.393606 -0.323449 -0.248655
v -4.393673 -0.320274 0.037799
v -4.394718 -0.339178 -0.247609
v -4.392628 -0.334750 0.038754
v -4.393673 -0.353654 -0.246654
v -4.389423 -0.347973 0.039618
v -4.390469 -0.366877 -0.245790
v -4.384064 -0.359942 0.040391
v -4.385109 -0.378847 -0.245017
v -4.376543 -0.370659 0.041073
v -4.377588 -0.389563 -0.244335
v -4.366865 -0.380121 0.041665
v -4.367910 -0.399025 -0.243743
v -4.355028 -0.388330 0.042165
v -4.356073 -0.407235 -0.243243
v -4.341034 -0.395286 0.042575
v -4.342079 -0.414191 -0.242833
v -4.324883 -0.400989 0.042893
v -4.325928 -0.419893 -0.242515
v -4.306572 -0.405438 0.043121
v -4.307617 -0.424342 -0.242287
v -4.254045 -0.409655 0.043208
v -4.255091 -0.428559 -0.242200
v -4.199905 -0.414506 0.043332
v -4.200951 -0.433410 -0.242076
v -4.144151 -0.419989 0.043491
v -4.145194 -0.438893 -0.241917
v -4.086779 -0.426106 0.043687
v -4.087822 -0.445010 -0.241721
v -4.027793 -0.432856 0.043918
v -4.028836 -0.451760 -0.241490
v -3.967192 -0.440239 0.044185
v -3.968235 -0.459143 -0.241223
v -3.904976 -0.448255 0.044489
v -3.906019 -0.467159 -0.240919
v -3.841145 -0.456905 0.044828
v -3.842188 -0.475809 -0.240580
v -3.775699 -0.466187 0.045204
v -3.776742 -0.485091 -0.240204
v -3.708638 -0.476103 0.045616
v -3.709682 -0.495007 -0.239792
v -3.639960 -0.486652 0.046063
v -3.641004 -0.505556 -0.239345
v -3.569670 -0.497834 0.046547
v -3.570713 -0.516739 -0.238861
v -3.579258 -0.509296 0.047341
v -3.580301 -0.528200 -0.238067
v -3.588578 -0.521072 0.048155
v -3.589622 -0.539977 -0.237253
v -3.597630 -0.533165 0.048989
v -3.598673 -0.552069 -0.236419
v -3.606413 -0.545572 0.049843
v -3.607456 -0.564476 -0.235565
v -3.614927 -0.558294 0.050717
v -3.615971 -0.577198 -0.234691
v -3.623173 -0.571332 0.051611
v -3.624216 -0.590236 -0.233797
v -3.631150 -0.584685 0.052524
v -3.632194 -0.603589 -0.232884
v -3.638858 -0.598354 0.053458
v -3.639901 -0.617258 -0.231950
v -3.646297 -0.612337 0.054411
v -3.647340 -0.631242 -0.230997
v -3.653467 -0.626636 0.055385
v -3.654510 -0.645540 -0.230023
v -3.660369 -0.641251 0.056378
v -3.661412 -0.660155 -0.229030
v -3.667003 -0.656180 0.057391
v -3.668046 -0.675084 -0.228017
v -3.666922 -0.681037 0.059037
v -3.667965 -0.699941 -0.226371
v -3.666582 -0.710300 0.060974
v -3.667625 -0.729204 -0.224434
v -3.665981 -0.743968 0.063202
v -3.667025 -0.762872 -0.222206
v -3.665121 -0.782042 0.065721
v -3.666164 -0.800946 -0.219687
v -3.664002 -0.824522 0.068530
v -3.665046 -0.843426 -0.216878
v -3.662622 -0.871407 0.071631
v -3.663666 -0.890311 -0.213777
v -3.660983 -0.922698 0.075022
v -3.662026 -0.941603 -0.210386
v -3.659084 -0.978395 0.078704
v -3.660128 -0.997299 -0.206704
v -3.656925 -1.038497 0.082677
v -3.657969 -1.057401 -0.202731
v -3.654507 -1.103005 0.086941
v -3.655550 -1.121909 -0.198467
v -3.651827 -1.171919 0.091496
v -3.652870 -1.190823 -0.193912
v -3.648890 -1.245238 0.096341
v -3.649933 -1.264142 -0.189067
v -3.686583 -1.233820 0.095723
v -3.687626 -1.252724 -0.189685
v -3.722119 -1.222407 0.095097
v -3.723163 -1.241311 -0.190311
v -3.755502 -1.210999 0.094463
v -3.756545 -1.229903 -0.190945
v -3.786728 -1.199596 0.093822
v -3.787771 -1.218501 -0.191586
v -3.815800 -1.188199 0.093174
v -3.816843 -1.207103 -0.192234
v -3.842716 -1.176807 0.092517
v -3.843760 -1.195711 -0.192891
v -3.867476 -1.165420 0.091854
v -3.868520 -1.184324 -0.193554
v -3.890081 -1.154038 0.091182
v -3.891125 -1.172942 -0.194226
v -3.910531 -1.142662 0.090504
v -3.911574 -1.161566 -0.194904
v -3.928826 -1.131290 0.089817
v -3.929870 -1.150195 -0.195591
v -3.944966 -1.119924 0.089124
v -3.946010 -1.138828 -0.196284
v -3.958951 -1.108563 0.088422
v -3.959994 -1.127467 -0.196986
v -3.990743 -1.108801 0.088554
v -3.991786 -1.127705 -0.196854
v -4.021457 -1.109671 0.088724
v -4.022500 -1.128575 -0.196684
v -4.051096 -1.111172 0.088932
v -4.052139 -1.130077 -0.196476
v -4.079658 -1.113306 0.089178
v -4.080701 -1.132210 -0.196230
v -4.107143 -1.116071 0.089461
v -4.108187 -1.134976 -0.195947
v -4.133553 -1.119469 0.089783
v -4.134596 -1.138373 -0.195625
v -4.158886 -1.123498 0.090142
v -4.159931 -1.142402 -0.195266
v -4.183142 -1.128159 0.090540
v -4.184187 -1.147063 -0.194868
v -4.206322 -1.133452 0.090975
v -4.207367 -1.152356 -0.194433
v -4.228428 -1.139377 0.091448
v -4.229473 -1.158281 -0.193960
v -4.249456 -1.145934 0.091960
v -4.250502 -1.164838 -0.193448
v -4.269407 -1.153123 0.092509
v -4.270452 -1.172027 -0.192899
v -4.285582 -1.157331 0.092846
v -4.286627 -1.176235 -0.192561
v -4.301758 -1.162484 0.093247
v -4.302803 -1.181388 -0.192161
v -4.317936 -1.168580 0.093710
v -4.318981 -1.187485 -0.191698
v -4.334116 -1.175621 0.094235
v -4.335161 -1.194525 -0.191173
v -4.350298 -1.183605 0.094823
v -4.351343 -1.202509 -0.190585
v -4.366482 -1.192533 0.095474
v -4.367527 -1.211437 -0.189934
v -4.382669 -1.202406 0.096187
v -4.383715 -1.221310 -0.189221
v -4.398857 -1.213222 0.096963
v -4.399902 -1.232126 -0.188445
v -4.415047 -1.224982 0.097801
v -4.416092 -1.243886 -0.187607
v -4.431240 -1.237686 0.098701
v -4.432285 -1.256590 -0.186707
v -4.447435 -1.251334 0.099665
v -4.448481 -1.270238 -0.185743
v -4.463629 -1.265926 0.100690
v -4.464674 -1.284830 -0.184718
v -4.472162 -1.287773 0.102169
v -4.473207 -1.306677 -0.183239
v -4.478270 -1.308053 0.103534
v -4.479315 -1.326957 -0.181874
v -4.481947 -1.326765 0.104787
v -4.482992 -1.345669 -0.180621
v -4.483196 -1.343910 0.105927
v -4.484241 -1.362815 -0.179481
v -4.482019 -1.359488 0.106955
v -4.483065 -1.378392 -0.178453
v -4.478413 -1.373498 0.107869
v -4.479458 -1.392403 -0.177539
v -4.472378 -1.385941 0.108672
v -4.473423 -1.404846 -0.176736
v -4.463913 -1.396817 0.109361
v -4.464958 -1.415721 -0.176047
v -4.453024 -1.406125 0.109938
v -4.454069 -1.425030 -0.175470
v -4.439705 -1.413866 0.110402
v -4.440750 -1.432770 -0.175006
v -4.423958 -1.420040 0.110753
v -4.425003 -1.438944 -0.174655
v -4.405783 -1.424646 0.110992
v -4.406828 -1.443550 -0.174416
v -4.350161 -1.428871 0.111068
v -4.351206 -1.447775 -0.174340
v -4.293190 -1.433728 0.111182
v -4.294235 -1.452632 -0.174226
v -4.234875 -1.439217 0.111332
v -4.235920 -1.458122 -0.174076
v -4.175213 -1.445340 0.111519
v -4.176258 -1.464244 -0.173889
v -4.114207 -1.452094 0.111744
v -4.115251 -1.470999 -0.173664
v -4.051856 -1.459482 0.112005
v -4.052899 -1.478386 -0.173403
v -3.988158 -1.467502 0.112303
v -3.989202 -1.486406 -0.173105
v -3.923114 -1.476154 0.112639
v -3.924157 -1.495058 -0.172769
v -3.856725 -1.485439 0.113011
v -3.857768 -1.504343 -0.172397
v -3.788990 -1.495356 0.113420
v -3.790033 -1.514261 -0.171988
v -3.719910 -1.505906 0.113867
v -3.720953 -1.524811 -0.171541
v -3.649483 -1.517089 0.114350
v -3.650526 -1.535993 -0.171058
v -3.593466 -2.514017 0.180177
v -3.594509 -2.532921 -0.105231
v -4.504894 -2.398545 0.175861
v -4.505939 -2.417449 -0.109547
v -4.529909 -2.380235 0.174740
v -4.530954 -2.399140 -0.110668
v -4.553310 -2.363188 0.173696
v -4.554356 -2.382092 -0.111712
v -4.575098 -2.347404 0.172730
v -4.576143 -2.366308 -0.112678
v -4.595272 -2.332881 0.171842
v -4.596317 -2.351785 -0.113566
v -4.613834 -2.319621 0.171032
v -4.614880 -2.338526 -0.114376
v -4.630781 -2.307624 0.170299
v -4.631826 -2.326528 -0.115109
v -4.646112 -2.296889 0.169644
v -4.647158 -2.315793 -0.115764
v -4.659834 -2.287416 0.169067
v -4.660879 -2.306321 -0.116341
v -4.671938 -2.279207 0.168567
v -4.672983 -2.298111 -0.116841
v -4.682430 -2.272259 0.168145
v -4.683475 -2.291163 -0.117263
v -4.691309 -2.266574 0.167801
v -4.692354 -2.285478 -0.117607
v -4.698572 -2.262151 0.167535
v -4.699617 -2.281056 -0.117873
v -4.729279 -2.259875 0.167496
v -4.730324 -2.278779 -0.117912
v -4.763227 -2.260737 0.167678
v -4.764273 -2.279641 -0.117730
v -4.800415 -2.264738 0.168078
v -4.801460 -2.283642 -0.117330
v -4.840841 -2.271877 0.168699
v -4.841887 -2.290781 -0.116709
v -4.884508 -2.282155 0.169540
v -4.885553 -2.301059 -0.115868
v -4.931416 -2.295571 0.170600
v -4.932461 -2.314475 -0.114808
v -4.981562 -2.312126 0.171880
v -4.982607 -2.331030 -0.113528
v -5.034946 -2.331820 0.173379
v -5.035992 -2.350724 -0.112029
v -5.091574 -2.354652 0.175099
v -5.092619 -2.373556 -0.110309
v -5.151440 -2.380623 0.177038
v -5.152485 -2.399528 -0.108370
v -5.214544 -2.409733 0.179196
v -5.215590 -2.428637 -0.106212
v -5.280888 -2.441981 0.181575
v -5.281933 -2.460885 -0.103833
v -5.311905 -2.457166 0.182694
v -5.312950 -2.476071 -0.102714
v -5.340223 -2.472673 0.183825
v -5.341269 -2.491577 -0.101583
v -5.365854 -2.488501 0.184967
v -5.366899 -2.507405 -0.100441
v -5.388788 -2.504649 0.186120
v -5.389833 -2.523554 -0.099288
v -5.409031 -2.521119 0.187285
v -5.410076 -2.540024 -0.098123
v -5.426579 -2.537910 0.188461
v -5.427624 -2.556815 -0.096946
v -5.441435 -2.555023 0.189649
v -5.442480 -2.573927 -0.095759
v -5.453596 -2.572456 0.190848
v -5.454641 -2.591360 -0.094560
v -5.463064 -2.590211 0.192059
v -5.464109 -2.609115 -0.093349
v -5.469839 -2.608286 0.193281
v -5.470884 -2.627191 -0.092127
v -5.473921 -2.626683 0.194514
v -5.474966 -2.645587 -0.090893
v -5.475307 -2.645401 0.195759
v -5.476353 -2.664305 -0.089649
v -5.468216 -2.666971 0.197162
v -5.469261 -2.685876 -0.088246
v -5.459770 -2.686342 0.198414
v -5.460815 -2.705247 -0.086994
v -5.449976 -2.703514 0.199516
v -5.451021 -2.722418 -0.085892
v -5.438828 -2.718487 0.200467
v -5.439873 -2.737391 -0.084941
v -5.426329 -2.731260 0.201267
v -5.427374 -2.750164 -0.084141
v -5.412477 -2.741834 0.201917
v -5.413523 -2.760738 -0.083491
v -5.397272 -2.750209 0.202416
v -5.398317 -2.769113 -0.082992
v -5.380718 -2.756384 0.202765
v -5.381763 -2.775289 -0.082643
v -5.362812 -2.760360 0.202962
v -5.363857 -2.779265 -0.082446
v -5.343554 -2.762138 0.203010
v -5.344599 -2.781042 -0.082398
v -5.322943 -2.761715 0.202906
v -5.323988 -2.780620 -0.082502
v -5.300980 -2.759094 0.202653
v -5.302025 -2.777998 -0.082755
v -5.231733 -2.755643 0.202171
v -5.232779 -2.774547 -0.083237
v -5.159794 -2.752512 0.201700
v -5.160839 -2.771417 -0.083708
v -5.085161 -2.749704 0.201242
v -5.086206 -2.768608 -0.084166
v -5.007835 -2.747216 0.200794
v -5.008881 -2.766120 -0.084614
v -4.927816 -2.745049 0.200358
v -4.928862 -2.763953 -0.085050
v -4.845104 -2.743203 0.199933
v -4.846149 -2.762108 -0.085475
v -4.759697 -2.741679 0.199520
v -4.760742 -2.760583 -0.085888
v -4.671597 -2.740476 0.199118
v -4.672642 -2.759380 -0.086290
v -4.580805 -2.739594 0.198728
v -4.581850 -2.758498 -0.086680
v -4.487318 -2.739033 0.198349
v -4.488363 -2.757937 -0.087059
v -4.391138 -2.738793 0.197982
v -4.392183 -2.757697 -0.087426
v -4.292267 -2.738874 0.197625
v -4.293312 -2.757778 -0.087783
v -4.221682 -2.739359 0.197400
v -4.222727 -2.758263 -0.088008
v -4.152177 -2.740471 0.197219
v -4.153220 -2.759375 -0.088189
v -4.083751 -2.742209 0.197084
v -4.084794 -2.761113 -0.088324
v -4.016403 -2.744574 0.196994
v -4.017447 -2.763479 -0.088414
v -3.950134 -2.747566 0.196950
v -3.951178 -2.766470 -0.088458
v -3.884945 -2.751184 0.196952
v -3.885988 -2.770089 -0.088456
v -3.820834 -2.755430 0.196998
v -3.821877 -2.774334 -0.088410
v -3.757803 -2.760302 0.197091
v -3.758846 -2.779206 -0.088317
v -3.695851 -2.765800 0.197228
v -3.696895 -2.784704 -0.088180
v -3.634978 -2.771925 0.197412
v -3.636022 -2.790829 -0.087996
v -3.575184 -2.778677 0.197640
v -3.576227 -2.797581 -0.087768
v -3.516471 -2.786056 0.197914
v -3.517514 -2.804960 -0.087494
v -3.471624 -2.790726 0.198060
v -3.472668 -2.809630 -0.087348
v -3.421124 -2.796983 0.198289
v -3.422167 -2.815888 -0.087118
v -3.364969 -2.804828 0.198604
v -3.366013 -2.823732 -0.086804
v -3.303161 -2.814259 0.199002
v -3.304204 -2.833163 -0.086406
v -3.235698 -2.825277 0.199486
v -3.236741 -2.844181 -0.085922
v -3.162581 -2.837882 0.200053
v -3.163625 -2.856786 -0.085355
v -3.083809 -2.852074 0.200705
v -3.084852 -2.870978 -0.084703
v -2.999384 -2.867852 0.201442
v -3.000427 -2.886757 -0.083966
v -2.909304 -2.885218 0.202263
v -2.910347 -2.904122 -0.083145
v -2.813570 -2.904171 0.203168
v -2.814613 -2.923075 -0.082240
v -2.712183 -2.924710 0.204158
v -2.713226 -2.943614 -0.081250
v -2.605141 -2.946836 0.205232
v -2.606184 -2.965740 -0.080176
v -2.569325 -2.954631 0.205617
v -2.570369 -2.973535 -0.079791
v -2.532972 -2.962742 0.206022
v -2.534016 -2.981647 -0.079386
v -2.496082 -2.971169 0.206445
v -2.497126 -2.990074 -0.078963
v -2.458653 -2.979913 0.206887
v -2.459697 -2.998816 -0.078521
v -2.420685 -2.988971 0.207348
v -2.421728 -3.007876 -0.078060
v -2.382180 -2.998346 0.207829
v -2.383224 -3.017251 -0.077579
v -2.343137 -3.008037 0.208328
v -2.344180 -3.026942 -0.077080
v -2.303555 -3.018044 0.208846
v -2.304599 -3.036948 -0.076562
v -2.263436 -3.028367 0.209383
v -2.264480 -3.047271 -0.076025
v -2.222778 -3.039006 0.209939
v -2.223822 -3.057910 -0.075469
v -2.181582 -3.049960 0.210514
v -2.182626 -3.068864 -0.074894
v -2.139851 -3.061231 0.211108
v -2.140894 -3.080135 -0.074300
v -2.057609 -3.028392 0.208632
v -2.058652 -3.047296 -0.076776
v -1.985609 -2.997416 0.206317
v -1.986652 -3.016320 -0.079091
v -1.923851 -2.968303 0.204163
v -1.924894 -2.987207 -0.081245
v -1.872334 -2.941053 0.202170
v -1.873377 -2.959957 -0.083238
v -1.831059 -2.915667 0.200337
v -1.832102 -2.934571 -0.085071
v -1.800025 -2.892143 0.198666
v -1.801068 -2.911047 -0.086742
v -1.779234 -2.870483 0.197155
v -1.780277 -2.889387 -0.088253
v -1.768683 -2.850686 0.195805
v -1.769727 -2.869590 -0.089603
v -1.768374 -2.832752 0.194616
v -1.769418 -2.851656 -0.090792
v -1.778308 -2.816681 0.193588
v -1.779351 -2.835585 -0.091820
v -1.798483 -2.802473 0.192721
v -1.799526 -2.821378 -0.092687
v -1.828899 -2.790129 0.192014
v -1.829943 -2.809033 -0.093394
v -1.930979 -2.777926 0.191579
v -1.932022 -2.796830 -0.093829
v -2.036828 -2.764455 0.191074
v -2.037871 -2.783360 -0.094334
v -2.146445 -2.749717 0.190499
v -2.147489 -2.768621 -0.094909
v -2.259832 -2.733711 0.189853
v -2.260876 -2.752615 -0.095555
v -2.376987 -2.716438 0.189137
v -2.378031 -2.735342 -0.096271
v -2.497911 -2.697896 0.188351
v -2.498955 -2.716801 -0.097057
v -2.622606 -2.678087 0.187495
v -2.623650 -2.696992 -0.097913
v -2.751068 -2.657011 0.186569
v -2.752111 -2.675915 -0.098839
v -2.883299 -2.634667 0.185572
v -2.884342 -2.653571 -0.099836
v -3.019300 -2.611055 0.184505
v -3.020343 -2.629959 -0.100903
v -3.159069 -2.586175 0.183368
v -3.160112 -2.605079 -0.102040
v -3.302605 -2.560028 0.182161
v -3.303648 -2.578932 -0.103247
v -3.319827 -1.563193 0.116198
v -3.320870 -1.582098 -0.169210
v -3.253450 -1.578299 0.116956
v -3.254494 -1.597203 -0.168452
v -3.190037 -1.593083 0.117704
v -3.191080 -1.611987 -0.167704
v -3.129586 -1.607545 0.118440
v -3.130630 -1.626450 -0.166968
v -3.072098 -1.621686 0.119167
v -3.073141 -1.640590 -0.166241
v -3.017573 -1.635504 0.119883
v -3.018617 -1.654409 -0.165525
v -2.966009 -1.649001 0.120588
v -2.967052 -1.667906 -0.164820
v -2.917410 -1.662176 0.121283
v -2.918453 -1.681081 -0.164125
v -2.871773 -1.675030 0.121968
v -2.872816 -1.693934 -0.163440
v -2.829100 -1.687561 0.122642
v -2.830143 -1.706465 -0.162766
v -2.789387 -1.699771 0.123305
v -2.790430 -1.718675 -0.162103
v -2.752639 -1.711659 0.123958
v -2.753682 -1.730563 -0.161450
v -2.718854 -1.723225 0.124601
v -2.719897 -1.742129 -0.160807
v -2.711309 -1.722456 0.124522
v -2.712353 -1.741360 -0.160886
v -2.701605 -1.720120 0.124332
v -2.702648 -1.739024 -0.161076
v -2.689742 -1.716216 0.124030
v -2.690785 -1.735120 -0.161378
v -2.675721 -1.710743 0.123616
v -2.676764 -1.729647 -0.161792
v -2.659541 -1.703703 0.123091
v -2.660584 -1.722607 -0.162317
v -2.641202 -1.695094 0.122454
v -2.642245 -1.713998 -0.162954
v -2.620705 -1.684918 0.121705
v -2.621748 -1.703822 -0.163703
v -2.598049 -1.673173 0.120844
v -2.599092 -1.692078 -0.164564
v -2.573236 -1.659861 0.119872
v -2.574279 -1.678765 -0.165536
v -2.546262 -1.644980 0.118787
v -2.547305 -1.663885 -0.166621
v -2.517130 -1.628532 0.117591
v -2.518173 -1.647436 -0.167817
v -2.485838 -1.610515 0.116284
v -2.486881 -1.629419 -0.169124
v -2.483391 -1.599666 0.115556
v -2.484434 -1.618570 -0.169852
v -2.482560 -1.589757 0.114897
v -2.483603 -1.608661 -0.170511
v -2.483349 -1.580787 0.114305
v -2.484392 -1.599692 -0.171103
v -2.485756 -1.572758 0.113782
v -2.486799 -1.591662 -0.171626
v -2.489782 -1.565669 0.113328
v -2.490826 -1.584573 -0.172080
v -2.495426 -1.559520 0.112941
v -2.496469 -1.578424 -0.172467
v -2.502688 -1.554311 0.112622
v -2.503732 -1.573215 -0.172786
v -2.511569 -1.550041 0.112372
v -2.512612 -1.568946 -0.173036
v -2.522070 -1.546712 0.112190
v -2.523113 -1.565616 -0.173218
v -2.534187 -1.544323 0.112076
v -2.535231 -1.563227 -0.173332
v -2.547925 -1.542874 0.112030
v -2.548968 -1.561778 -0.173378
v -2.563280 -1.542365 0.112053
v -2.564323 -1.561269 -0.173355
v -3.319283 -1.313996 0.099691
v -3.320327 -1.332901 -0.185717
v -3.318097 -0.770294 0.063674
v -3.319140 -0.789198 -0.221734
v -3.317247 -0.751732 0.062441
v -3.318291 -0.770637 -0.222967
v -3.314784 -0.733803 0.061245
v -3.315827 -0.752707 -0.224163
v -3.310704 -0.716508 0.060084
v -3.311748 -0.735412 -0.225324
v -3.305011 -0.699846 0.058960
v -3.306054 -0.718750 -0.226448
v -3.297703 -0.683816 0.057871
v -3.298746 -0.702720 -0.227537
v -3.288778 -0.668420 0.056819
v -3.289822 -0.687324 -0.228589
v -3.278238 -0.653657 0.055803
v -3.279282 -0.672562 -0.229605
v -3.266085 -0.639528 0.054822
v -3.267128 -0.658432 -0.230586
v -3.252315 -0.626031 0.053878
v -3.253358 -0.644935 -0.231530
v -3.236931 -0.613168 0.052970
v -3.237974 -0.632072 -0.232438
v -3.219933 -0.600938 0.052097
v -3.220976 -0.619842 -0.233311
v -3.201318 -0.589341 0.051261
v -3.202361 -0.608245 -0.234147
v -3.138988 -0.607583 0.052242
v -3.140032 -0.626487 -0.233166
v -3.081238 -0.624242 0.053134
v -3.082281 -0.643146 -0.232274
v -3.028062 -0.639316 0.053938
v -3.029105 -0.658220 -0.231470
v -2.979463 -0.652805 0.054654
v -2.980506 -0.671710 -0.230754
v -2.935441 -0.664711 0.055281
v -2.936484 -0.683615 -0.230127
v -2.895994 -0.675032 0.055821
v -2.897038 -0.693936 -0.229587
v -2.861125 -0.683769 0.056272
v -2.862168 -0.702673 -0.229136
v -2.830832 -0.690922 0.056635
v -2.831876 -0.709826 -0.228773
v -2.805116 -0.696490 0.056910
v -2.806159 -0.715394 -0.228498
v -2.783977 -0.700474 0.057096
v -2.785020 -0.719378 -0.228312
v -2.767413 -0.702874 0.057195
v -2.768456 -0.721778 -0.228213
v -2.755425 -0.703689 0.057205
v -2.756469 -0.722593 -0.228203
v -2.580700 -0.636148 0.052093
v -2.581743 -0.655052 -0.233315
v -2.571786 -0.625314 0.051342
v -2.572829 -0.644218 -0.234066
v -2.564490 -0.615420 0.050660
v -2.565534 -0.634325 -0.234748
v -2.558814 -0.606467 0.050047
v -2.559857 -0.625371 -0.235361
v -2.554755 -0.598453 0.049501
v -2.555799 -0.617357 -0.235907
v -2.552315 -0.591379 0.049024
v -2.553358 -0.610284 -0.236384
v -2.551493 -0.585246 0.048614
v -2.552536 -0.604150 -0.236794
v -2.552290 -0.580052 0.048273
v -2.553333 -0.598956 -0.237135
v -2.554706 -0.575799 0.048000
v -2.555749 -0.594703 -0.237408
v -2.558740 -0.572485 0.047796
v -2.559783 -0.591389 -0.237612
v -2.564391 -0.570112 0.047659
v -2.565434 -0.589016 -0.237749
v -2.571662 -0.568678 0.047591
v -2.572705 -0.587582 -0.237817
v -2.580551 -0.568185 0.047590
v -2.581594 -0.587089 -0.237818
v -2.704398 -0.530443 0.045543
v -2.705441 -0.549347 -0.239865
v -2.823936 -0.493341 0.043523
v -2.824979 -0.512245 -0.241885
v -2.939163 -0.456879 0.041529
v -2.940207 -0.475783 -0.243879
v -3.050081 -0.421057 0.039562
v -3.051125 -0.439961 -0.245846
v -3.156691 -0.385874 0.037621
v -3.157734 -0.404778 -0.247787
v -3.258991 -0.351331 0.035707
v -3.260035 -0.370235 -0.249701
v -3.356982 -0.317427 0.033820
v -3.358026 -0.336331 -0.251588
v -3.450664 -0.284163 0.031959
v -3.451707 -0.303068 -0.253449
v -3.540037 -0.251539 0.030125
v -3.541080 -0.270443 -0.255283
v -3.625100 -0.219555 0.028318
v -3.626143 -0.238459 -0.257090
v -3.705855 -0.188210 0.026537
v -3.706899 -0.207114 -0.258871
v -3.782299 -0.157505 0.024782
v -3.783342 -0.176409 -0.260626
v -3.792229 -0.139547 0.023629
v -3.793272 -0.158451 -0.261779
v -3.802700 -0.123474 0.022603
v -3.803743 -0.142379 -0.262805
v -3.813715 -0.109289 0.021704
v -3.814758 -0.128193 -0.263704
v -3.825274 -0.096990 0.020931
v -3.826317 -0.115894 -0.264477
v -3.837374 -0.086578 0.020286
v -3.838417 -0.105482 -0.265122
v -3.850018 -0.078052 0.019767
v -3.851061 -0.096956 -0.265641
v -3.863203 -0.071412 0.019376
v -3.864246 -0.090317 -0.266032
v -3.876933 -0.066659 0.019111
v -3.877976 -0.085564 -0.266297
v -3.891206 -0.063793 0.018973
v -3.892249 -0.082697 -0.266434
v -3.906020 -0.062814 0.018963
v -3.907063 -0.081718 -0.266445
v -3.921378 -0.063720 0.019079
v -3.922421 -0.082625 -0.266329
v -3.273072 2.084049 -0.125550
v -3.274116 2.065146 -0.410958
v -3.326080 2.053028 -0.123302
v -3.327124 2.034124 -0.408710
v -3.375049 2.020108 -0.120942
v -3.376092 2.001205 -0.406350
v -3.419982 1.985291 -0.118472
v -3.421025 1.966388 -0.403880
v -3.460877 1.948576 -0.115890
v -3.461921 1.929672 -0.401298
v -3.497736 1.909964 -0.113198
v -3.498779 1.891061 -0.398606
v -3.530558 1.869454 -0.110395
v -3.531601 1.850550 -0.395803
v -3.559341 1.827047 -0.107481
v -3.560385 1.808143 -0.392889
v -3.584089 1.782742 -0.104456
v -3.585133 1.763838 -0.389864
v -3.604799 1.736539 -0.101320
v -3.605843 1.717635 -0.386728
v -3.621472 1.688439 -0.098073
v -3.622516 1.669535 -0.383481
v -3.634109 1.638441 -0.094715
v -3.635152 1.619537 -0.380123
v -3.642711 1.586545 -0.091246
v -3.643754 1.567641 -0.376654
v -3.642331 1.574903 -0.090476
v -3.643374 1.555999 -0.375884
v -3.641146 1.562629 -0.089668
v -3.642189 1.543725 -0.375076
v -3.639154 1.549723 -0.088820
v -3.640198 1.530820 -0.374228
v -3.636355 1.536187 -0.087934
v -3.637399 1.517284 -0.373342
v -3.632749 1.522020 -0.087009
v -3.633792 1.503116 -0.372417
v -3.628336 1.507221 -0.086045
v -3.629379 1.488317 -0.371453
v -3.623116 1.491791 -0.085042
v -3.624160 1.472887 -0.370450
v -3.617089 1.475729 -0.084000
v -3.618133 1.456825 -0.369408
v -3.610256 1.459036 -0.082919
v -3.611300 1.440132 -0.368327
v -3.602616 1.441712 -0.081800
v -3.603660 1.422808 -0.367208
v -3.594169 1.423757 -0.080641
v -3.595212 1.404853 -0.366049
v -3.584913 1.405170 -0.079444
v -3.585957 1.386266 -0.364852
v -3.843287 1.153764 -0.061847
v -3.844331 1.134860 -0.347255
v -4.093542 0.919329 -0.045405
v -4.094585 0.900425 -0.330813
v -4.335676 0.701865 -0.030115
v -4.336721 0.682961 -0.315523
v -4.569691 0.501372 -0.015980
v -4.570736 0.482468 -0.301388
v -4.795586 0.317850 -0.002999
v -4.796631 0.298946 -0.288407
v -5.013365 0.151300 0.008829
v -5.014410 0.132396 -0.276579
v -5.223021 0.001721 0.019503
v -5.224066 -0.017184 -0.265905
v -5.424561 -0.130887 0.029023
v -5.425606 -0.149791 -0.256385
v -5.617979 -0.246524 0.037390
v -5.619024 -0.265428 -0.248018
v -5.803280 -0.345190 0.044602
v -5.804325 -0.364094 -0.240806
v -5.980459 -0.426884 0.050661
v -5.981504 -0.445788 -0.234747
v -6.149519 -0.491607 0.055566
v -6.150564 -0.510512 -0.229842
v -6.152493 -0.495376 0.055827
v -6.153538 -0.514280 -0.229581
v -6.154924 -0.499146 0.056085
v -6.155970 -0.518050 -0.229323
v -6.156816 -0.502917 0.056342
v -6.157862 -0.521821 -0.229066
v -6.158173 -0.506690 0.056597
v -6.159218 -0.525594 -0.228811
v -6.158989 -0.510463 0.056850
v -6.160034 -0.529368 -0.228558
v -6.159267 -0.514238 0.057101
v -6.160313 -0.533143 -0.228307
v -6.159006 -0.518015 0.057350
v -6.160051 -0.536919 -0.228058
v -6.158205 -0.521793 0.057597
v -6.159250 -0.540697 -0.227811
v -6.156866 -0.525572 0.057843
v -6.157911 -0.544476 -0.227565
v -6.154989 -0.529352 0.058086
v -6.156034 -0.548256 -0.227322
v -6.152575 -0.533133 0.058328
v -6.153620 -0.552037 -0.227080
v -6.149618 -0.536916 0.058568
v -6.150663 -0.555820 -0.226840
v -6.113543 -0.548173 0.059181
v -6.114588 -0.567077 -0.226227
v -6.076385 -0.559118 0.059771
v -6.077431 -0.578022 -0.225637
v -6.038153 -0.569751 0.060335
v -6.039198 -0.588655 -0.225073
v -5.998842 -0.580071 0.060875
v -5.999887 -0.598976 -0.224533
v -5.958452 -0.590080 0.061390
v -5.959497 -0.608984 -0.224018
v -5.916985 -0.599777 0.061881
v -5.918030 -0.618681 -0.223527
v -5.874439 -0.609162 0.062347
v -5.875484 -0.628066 -0.223061
v -5.830814 -0.618234 0.062788
v -5.831860 -0.637138 -0.222620
v -5.786112 -0.626995 0.063205
v -5.787157 -0.645899 -0.222203
v -5.740332 -0.635443 0.063597
v -5.741377 -0.654348 -0.221811
v -5.693472 -0.643580 0.063965
v -5.694517 -0.662484 -0.221443
v -5.645535 -0.651405 0.064308
v -5.646580 -0.670309 -0.221100
v -5.582785 -0.662411 0.064808
v -5.583830 -0.681315 -0.220600
v -5.523806 -0.672465 0.065258
v -5.524851 -0.691369 -0.220150
v -5.468597 -0.681566 0.065659
v -5.469643 -0.700470 -0.219749
v -5.417158 -0.689713 0.066011
v -5.418203 -0.708617 -0.219397
v -5.369488 -0.696908 0.066313
v -5.370533 -0.715812 -0.219095
v -5.325588 -0.703149 0.066566
v -5.326633 -0.722053 -0.218842
v -5.285460 -0.708437 0.066769
v -5.286505 -0.727342 -0.218639
v -5.249100 -0.712773 0.066923
v -5.250145 -0.731677 -0.218484
v -5.216509 -0.716156 0.067028
v -5.217554 -0.735060 -0.218380
v -5.187685 -0.718585 0.067084
v -5.188730 -0.737489 -0.218324
v -5.162634 -0.720061 0.067090
v -5.163679 -0.738966 -0.218318
v -5.141350 -0.720585 0.067047
v -5.142395 -0.739489 -0.218361
v -5.125320 -0.719994 0.066949
v -5.126366 -0.738898 -0.218459
v -5.109556 -0.718144 0.066769
v -5.110601 -0.737048 -0.218639
v -5.094057 -0.715035 0.066507
v -5.095102 -0.733939 -0.218901
v -5.078825 -0.710667 0.066161
v -5.079870 -0.729571 -0.219247
v -5.063860 -0.705040 0.065734
v -5.064905 -0.723944 -0.219674
v -5.049166 -0.698153 0.065224
v -5.050211 -0.717057 -0.220184
v -5.034733 -0.690007 0.064632
v -5.035778 -0.708911 -0.220776
v -5.020567 -0.680602 0.063957
v -5.021612 -0.699506 -0.221451
v -5.006670 -0.669937 0.063200
v -5.007715 -0.688842 -0.222208
v -4.993038 -0.658014 0.062360
v -4.994083 -0.676918 -0.223048
v -4.979673 -0.644831 0.061438
v -4.980719 -0.663735 -0.223970
v -4.966576 -0.630389 0.060434
v -4.967621 -0.649293 -0.224974
v -4.951857 -0.612805 0.059215
v -4.952902 -0.631709 -0.226193
v -4.933620 -0.590194 0.057651
v -4.934666 -0.609098 -0.227757
v -4.911873 -0.562558 0.055741
v -4.912918 -0.581462 -0.229667
v -4.886612 -0.529896 0.053485
v -4.887657 -0.548800 -0.231923
v -4.857836 -0.492208 0.050884
v -4.858881 -0.511112 -0.234524
v -4.825550 -0.449494 0.047937
v -4.826595 -0.468399 -0.237471
v -4.789749 -0.401755 0.044644
v -4.790794 -0.420659 -0.240764
v -4.750435 -0.348989 0.041005
v -4.751480 -0.367894 -0.244403
v -4.707607 -0.291198 0.037021
v -4.708652 -0.310102 -0.248387
v -4.661266 -0.228381 0.032690
v -4.662312 -0.247286 -0.252718
v -4.611412 -0.160538 0.028015
v -4.612457 -0.179443 -0.257393
v -4.558046 -0.087670 0.022993
v -4.559092 -0.106574 -0.262415
v -4.491442 0.001371 0.016852
v -4.492487 -0.017533 -0.268556
v -4.421326 0.095123 0.010386
v -4.422371 0.076219 -0.275022
v -4.347696 0.193587 0.003595
v -4.348742 0.174682 -0.281813
v -4.270554 0.296761 -0.003521
v -4.271599 0.277857 -0.288929
v -4.189901 0.404646 -0.010962
v -4.190947 0.385742 -0.296370
v -4.105735 0.517244 -0.018728
v -4.106778 0.498339 -0.304136
v -4.018055 0.634551 -0.026818
v -4.019098 0.615647 -0.312226
v -3.926864 0.756570 -0.035233
v -3.927907 0.737666 -0.320641
v -3.832160 0.883301 -0.043974
v -3.833203 0.864397 -0.329382
v -3.733943 1.014743 -0.053039
v -3.734986 0.995838 -0.338447
v -3.632212 1.150895 -0.062429
v -3.633255 1.131991 -0.347837
v -3.526971 1.291759 -0.072144
v -3.528014 1.272855 -0.357552
v -3.440813 1.143668 -0.062650
v -3.441856 1.124764 -0.348058
v -3.356257 1.001874 -0.053567
v -3.357301 0.982970 -0.338975
v -3.273306 0.866377 -0.044896
v -3.274349 0.847473 -0.330304
v -3.191957 0.737177 -0.036636
v -3.193001 0.718272 -0.322044
v -3.112210 0.614273 -0.028787
v -3.113254 0.595369 -0.314195
v -3.034066 0.497666 -0.021349
v -3.035110 0.478762 -0.306757
v -2.957525 0.387356 -0.014322
v -2.958569 0.368452 -0.299730
v -2.882586 0.283343 -0.007707
v -2.883630 0.264438 -0.293115
v -2.809253 0.185626 -0.001503
v -2.810296 0.166722 -0.286911
v -2.737519 0.094206 0.004290
v -2.738563 0.075302 -0.281117
v -2.667389 0.009083 0.009672
v -2.668432 -0.009822 -0.275736
v -2.598863 -0.069744 0.014643
v -2.599906 -0.088648 -0.270765
v -2.532485 -0.146206 0.019465
v -2.533528 -0.165110 -0.265943
v -2.462338 -0.224250 0.024378
v -2.463382 -0.243154 -0.261030
v -2.388425 -0.303876 0.029381
v -2.389468 -0.322780 -0.256027
v -2.310743 -0.385084 0.034476
v -2.311787 -0.403988 -0.250932
v -2.229294 -0.467875 0.039662
v -2.230337 -0.486779 -0.245746
v -2.144074 -0.552248 0.044939
v -2.145118 -0.571152 -0.240469
v -2.055087 -0.638203 0.050307
v -2.056130 -0.657107 -0.235101
v -1.962333 -0.725741 0.055766
v -1.963376 -0.744645 -0.229642
v -1.865810 -0.814861 0.061316
v -1.866854 -0.833765 -0.224092
v -1.765518 -0.905563 0.066957
v -1.766562 -0.924467 -0.218451
v -1.661459 -0.997848 0.072689
v -1.662502 -1.016752 -0.212719
v -1.553628 -1.091714 0.078512
v -1.554671 -1.110619 -0.206896
v -1.541511 -1.094733 0.078668
v -1.542554 -1.113637 -0.206740
v -1.531006 -1.096174 0.078725
v -1.532049 -1.115078 -0.206683
v -1.522117 -1.096038 0.078684
v -1.523160 -1.114942 -0.206724
v -1.514839 -1.094325 0.078544
v -1.515882 -1.113230 -0.206864
v -1.509173 -1.091035 0.078305
v -1.510217 -1.109939 -0.207103
v -1.505122 -1.086168 0.077968
v -1.506166 -1.105072 -0.207440
v -1.502684 -1.079724 0.077532
v -1.503727 -1.098628 -0.207876
v -1.501857 -1.071702 0.076998
v -1.502900 -1.090606 -0.208410
v -1.502645 -1.062104 0.076365
v -1.503688 -1.081008 -0.209043
v -1.505046 -1.050928 0.075633
v -1.506089 -1.069832 -0.209775
v -1.509058 -1.038175 0.074803
v -1.510101 -1.057080 -0.210605
v -1.514687 -1.023845 0.073875
v -1.515730 -1.042750 -0.211533
v -1.620573 -0.904969 0.066388
v -1.621616 -0.923873 -0.219020
v -1.725377 -0.782948 0.058689
v -1.726420 -0.801853 -0.226719
v -1.829096 -0.657784 0.050778
v -1.830139 -0.676688 -0.234630
v -1.931730 -0.529476 0.042655
v -1.932774 -0.548380 -0.242753
v -2.033280 -0.398024 0.034319
v -2.034324 -0.416929 -0.251089
v -2.133745 -0.263429 0.025771
v -2.134789 -0.282333 -0.259637
v -2.233127 -0.125689 0.017011
v -2.234170 -0.144593 -0.268397
v -2.331423 0.015194 0.008039
v -2.332466 -0.003710 -0.277369
v -2.428635 0.159221 -0.001145
v -2.429678 0.140317 -0.286553
v -2.524762 0.306392 -0.010542
v -2.525805 0.287488 -0.295950
v -2.619804 0.456707 -0.020150
v -2.620848 0.437802 -0.305558
v -2.713762 0.610165 -0.029971
v -2.714806 0.591260 -0.315379
v -2.791174 0.753357 -0.039173
v -2.792217 0.734453 -0.324581
v -2.862409 0.888039 -0.047833
v -2.863452 0.869135 -0.333241
v -2.927465 1.014211 -0.055952
v -2.928509 0.995307 -0.341360
v -2.986344 1.131873 -0.063530
v -2.987388 1.112969 -0.348938
v -3.039045 1.241024 -0.070567
v -3.040089 1.222120 -0.355975
v -3.085568 1.341665 -0.077063
v -3.086612 1.322761 -0.362471
v -3.125913 1.433796 -0.083018
v -3.126956 1.414892 -0.368426
v -3.160080 1.517416 -0.088432
v -3.161123 1.498513 -0.373840
v -3.188070 1.592527 -0.093305
v -3.189114 1.573623 -0.378713
v -3.209882 1.659127 -0.097636
v -3.210925 1.640223 -0.383044
v -3.225515 1.717216 -0.101427
v -3.226559 1.698313 -0.386835
v -3.234971 1.766796 -0.104676
v -3.236014 1.747892 -0.390084
v -3.215030 2.015946 -0.121251
v -3.216073 1.997042 -0.406659
v -3.212439 2.030257 -0.122209
v -3.213482 2.011353 -0.407617
v -3.211199 2.042997 -0.123057
v -3.212242 2.024093 -0.408465
v -3.211308 2.054167 -0.123797
v -3.212352 2.035263 -0.409205
v -3.212769 2.063767 -0.124427
v -3.213812 2.044863 -0.409835
v -3.215580 2.071797 -0.124949
v -3.216623 2.052893 -0.410357
v -3.219742 2.078257 -0.125361
v -3.220785 2.059354 -0.410769
v -3.225254 2.083147 -0.125665
v -3.226297 2.064244 -0.411073
v -3.232117 2.086468 -0.125860
v -3.233160 2.067564 -0.411268
v -3.240330 2.088218 -0.125946
v -3.241373 2.069315 -0.411354
v -3.249893 2.088399 -0.125923
v -3.250937 2.069495 -0.411331
v -3.260807 2.087009 -0.125791
v -3.261850 2.068105 -0.411199
v -9.289867 0.444802 0.005024
v -9.290913 0.425898 -0.280384
v -9.334745 0.435943 0.005775
v -9.335791 0.417039 -0.279633
v -9.378819 0.424250 0.006710
v -9.379864 0.405346 -0.278698
v -9.422091 0.409724 0.007831
v -9.423136 0.390820 -0.277577
v -9.464560 0.392364 0.009136
v -9.465605 0.373460 -0.276272
v -9.506227 0.372170 0.010626
v -9.507273 0.353266 -0.274782
v -9.547092 0.349142 0.012300
v -9.548138 0.330238 -0.273108
v -9.587158 0.323281 0.014160
v -9.588203 0.304377 -0.271248
v -9.626417 0.294586 0.016204
v -9.627462 0.275682 -0.269204
v -9.664879 0.263057 0.018433
v -9.665924 0.244153 -0.266975
v -9.702536 0.228695 0.020846
v -9.703581 0.209790 -0.264562
v -9.739389 0.191498 0.023445
v -9.740435 0.172594 -0.261963
v -9.775444 0.151467 0.026228
v -9.776489 0.132563 -0.259180
v -9.737043 -0.029861 0.038098
v -9.738089 -0.048765 -0.247310
v -9.721960 -0.215852 0.050362
v -9.723005 -0.234756 -0.235046
v -9.708210 -0.396176 0.062256
v -9.709255 -0.415080 -0.223152
v -9.695793 -0.570834 0.073779
v -9.696838 -0.589738 -0.211629
v -9.684711 -0.739825 0.084932
v -9.685757 -0.758729 -0.200476
v -9.674967 -0.903148 0.095714
v -9.676012 -0.922053 -0.189694
v -9.666553 -1.060805 0.106126
v -9.667599 -1.079710 -0.179282
v -9.659477 -1.212796 0.116167
v -9.660522 -1.231700 -0.169241
v -9.653734 -1.359119 0.125838
v -9.654779 -1.378023 -0.159570
v -9.649326 -1.499776 0.135138
v -9.650372 -1.518680 -0.150270
v -9.646255 -1.634766 0.144068
v -9.647301 -1.653670 -0.141340
v -9.644518 -1.764089 0.152628
v -9.645563 -1.782993 -0.132780
v -9.644110 -1.887744 0.160817
v -9.645155 -1.906649 -0.124591
v -9.640579 -1.935736 0.163982
v -9.641624 -1.954641 -0.121426
v -9.636232 -1.981528 0.166999
v -9.637278 -2.000432 -0.118409
v -9.631073 -2.025118 0.169868
v -9.632118 -2.044023 -0.115540
v -9.625105 -2.066508 0.172588
v -9.626150 -2.085413 -0.112820
v -9.618319 -2.105698 0.175158
v -9.619364 -2.124602 -0.110250
v -9.610723 -2.142687 0.177581
v -9.611769 -2.161591 -0.107827
v -9.602310 -2.177475 0.179854
v -9.603355 -2.196380 -0.105554
v -9.593088 -2.210063 0.181979
v -9.594133 -2.228968 -0.103429
v -9.583050 -2.240451 0.183955
v -9.584095 -2.259355 -0.101453
v -9.572203 -2.268638 0.185782
v -9.573248 -2.287542 -0.099626
v -9.560539 -2.294624 0.187461
v -9.561584 -2.313528 -0.097947
v -9.548063 -2.318410 0.188991
v -9.549109 -2.337314 -0.096417
v -9.535295 -2.332127 0.189853
v -9.536341 -2.351032 -0.095555
v -9.522793 -2.343013 0.190528
v -9.523838 -2.361917 -0.094880
v -9.510551 -2.351066 0.191017
v -9.511597 -2.369970 -0.094391
v -9.498573 -2.356286 0.191319
v -9.499619 -2.375190 -0.094089
v -9.486858 -2.358675 0.191434
v -9.487904 -2.377579 -0.093974
v -9.475409 -2.358230 0.191363
v -9.476454 -2.377134 -0.094045
v -9.464220 -2.354953 0.191105
v -9.465265 -2.373857 -0.094303
v -9.453297 -2.348844 0.190660
v -9.454342 -2.367748 -0.094748
v -9.442636 -2.339902 0.190029
v -9.443682 -2.358807 -0.095379
v -9.432238 -2.328128 0.189211
v -9.433283 -2.347033 -0.096197
v -9.422106 -2.313522 0.188206
v -9.423151 -2.332426 -0.097201
v -9.412233 -2.296083 0.187015
v -9.413279 -2.314987 -0.098393
v -9.399527 -2.276134 0.185648
v -9.400572 -2.295038 -0.099760
v -9.387354 -2.253981 0.184136
v -9.388399 -2.272885 -0.101272
v -9.375717 -2.229624 0.182480
v -9.376762 -2.248528 -0.102928
v -9.364613 -2.203063 0.180680
v -9.365658 -2.221967 -0.104728
v -9.354044 -2.174299 0.178736
v -9.355089 -2.193203 -0.106672
v -9.344007 -2.143331 0.176648
v -9.345053 -2.162235 -0.108760
v -9.334505 -2.110159 0.174416
v -9.335550 -2.129063 -0.110992
v -9.325537 -2.074783 0.172040
v -9.326582 -2.093687 -0.113368
v -9.317102 -2.037203 0.169520
v -9.318148 -2.056107 -0.115888
v -9.309204 -1.997420 0.166856
v -9.310249 -2.016324 -0.118551
v -9.301838 -1.955432 0.164049
v -9.302883 -1.974337 -0.121359
v -9.295008 -1.911242 0.161097
v -9.296053 -1.930146 -0.124311
v -9.300814 -1.731566 0.149217
v -9.301859 -1.750470 -0.136191
v -9.306084 -1.555037 0.137544
v -9.307129 -1.573942 -0.147864
v -9.310822 -1.381657 0.126077
v -9.311867 -1.400561 -0.159331
v -9.315031 -1.211424 0.114817
v -9.316076 -1.230329 -0.170591
v -9.318707 -1.044339 0.103763
v -9.319752 -1.063244 -0.181645
v -9.321852 -0.880402 0.092916
v -9.322897 -0.899306 -0.192492
v -9.324465 -0.719612 0.082276
v -9.325510 -0.738517 -0.203132
v -9.326546 -0.561971 0.071842
v -9.327591 -0.580875 -0.213566
v -9.328094 -0.407477 0.061615
v -9.329140 -0.426381 -0.223793
v -9.329111 -0.256130 0.051594
v -9.330156 -0.275034 -0.233814
v -9.329596 -0.107932 0.041780
v -9.330641 -0.126836 -0.243628
v -9.329550 0.037119 0.032172
v -9.330595 0.018215 -0.253236
v -9.326023 0.048280 0.031420
v -9.327068 0.029376 -0.253988
v -9.321959 0.059126 0.030687
v -9.323004 0.040221 -0.254721
v -9.317354 0.069655 0.029972
v -9.318399 0.050751 -0.255436
v -9.312212 0.079869 0.029277
v -9.313257 0.060964 -0.256131
v -9.306536 0.089766 0.028601
v -9.307581 0.070862 -0.256807
v -9.300320 0.099348 0.027943
v -9.301365 0.080444 -0.257465
v -9.293564 0.108614 0.027305
v -9.294609 0.089710 -0.258103
v -9.286270 0.117563 0.026685
v -9.287315 0.098659 -0.258723
v -9.278439 0.126197 0.026085
v -9.279484 0.107293 -0.259323
v -9.270069 0.134515 0.025503
v -9.271114 0.115611 -0.259905
v -9.261160 0.142517 0.024941
v -9.262205 0.123613 -0.260467
v -9.251717 0.150203 0.024397
v -9.252762 0.131299 -0.261011
v -9.182909 0.137609 0.024980
v -9.183954 0.118704 -0.260428
v -9.105757 0.122792 0.025679
v -9.106802 0.103887 -0.259729
v -9.020256 0.105752 0.026495
v -9.021301 0.086848 -0.258913
v -8.926409 0.086489 0.027428
v -8.927454 0.067585 -0.257980
v -8.824215 0.065004 0.028477
v -8.825260 0.046100 -0.256931
v -8.713673 0.041296 0.029644
v -8.714718 0.022392 -0.255764
v -8.594786 0.015366 0.030926
v -8.595831 -0.003539 -0.254481
v -8.467552 -0.012788 0.032326
v -8.468597 -0.031692 -0.253082
v -8.331970 -0.043163 0.033842
v -8.333015 -0.062068 -0.251566
v -8.188044 -0.075762 0.035475
v -8.189089 -0.094666 -0.249933
v -8.035769 -0.110582 0.037225
v -8.036814 -0.129487 -0.248183
v -7.875145 -0.147626 0.039091
v -7.876190 -0.166531 -0.246317
v -7.876282 -0.668675 0.073607
v -7.877327 -0.687579 -0.211800
v -7.923807 -0.657233 0.073023
v -7.924852 -0.676137 -0.212385
v -7.969446 -0.645795 0.072433
v -7.970491 -0.664700 -0.212975
v -8.013201 -0.634363 0.071835
v -8.014246 -0.653267 -0.213573
v -8.055069 -0.622934 0.071232
v -8.056114 -0.641839 -0.214176
v -8.095051 -0.611511 0.070621
v -8.096096 -0.630415 -0.214787
v -8.133148 -0.600092 0.070004
v -8.134193 -0.618996 -0.215404
v -8.169359 -0.588677 0.069380
v -8.170404 -0.607581 -0.216028
v -8.203682 -0.577267 0.068750
v -8.204727 -0.596171 -0.216658
v -8.236122 -0.565862 0.068113
v -8.237167 -0.584766 -0.217295
v -8.266676 -0.554461 0.067470
v -8.267721 -0.573365 -0.217938
v -8.295343 -0.543064 0.066820
v -8.296389 -0.561969 -0.218588
v -8.322124 -0.531672 0.066163
v -8.323170 -0.550576 -0.219245
v -8.331814 -0.527716 0.065936
v -8.332859 -0.546620 -0.219472
v -8.341501 -0.523445 0.065689
v -8.342546 -0.542349 -0.219719
v -8.351191 -0.518859 0.065421
v -8.352236 -0.537763 -0.219987
v -8.360876 -0.513958 0.065131
v -8.361921 -0.532863 -0.220277
v -8.370564 -0.508744 0.064821
v -8.371609 -0.527648 -0.220587
v -8.380249 -0.503214 0.064491
v -8.381294 -0.522118 -0.220917
v -8.389933 -0.497369 0.064139
v -8.390978 -0.516273 -0.221269
v -8.399618 -0.491210 0.063766
v -8.400663 -0.510114 -0.221642
v -8.409304 -0.484737 0.063373
v -8.410349 -0.503641 -0.222035
v -8.418987 -0.477949 0.062959
v -8.420033 -0.496853 -0.222449
v -8.428673 -0.470846 0.062524
v -8.429718 -0.489750 -0.222884
v -8.438360 -0.463428 0.062068
v -8.439405 -0.482332 -0.223340
v -8.451385 -0.445305 0.060915
v -8.452431 -0.464209 -0.224493
v -8.464684 -0.428754 0.059867
v -8.465729 -0.447658 -0.225541
v -8.478256 -0.413776 0.058925
v -8.479301 -0.432680 -0.226483
v -8.492100 -0.400370 0.058088
v -8.493145 -0.419274 -0.227320
v -8.506218 -0.388537 0.057355
v -8.507263 -0.407441 -0.228053
v -8.520607 -0.378276 0.056728
v -8.521652 -0.397180 -0.228680
v -8.535271 -0.369588 0.056207
v -8.536316 -0.388492 -0.229201
v -8.550207 -0.362473 0.055790
v -8.551252 -0.381377 -0.229618
v -8.565416 -0.356930 0.055478
v -8.566462 -0.375834 -0.229930
v -8.580898 -0.352959 0.055272
v -8.581944 -0.371863 -0.230136
v -8.596655 -0.350561 0.055171
v -8.597700 -0.369465 -0.230237
v -8.612690 -0.349736 0.055175
v -8.613735 -0.368640 -0.230233
v -8.656469 -0.350102 0.055359
v -8.657515 -0.369006 -0.230049
v -8.697287 -0.351420 0.055595
v -8.698332 -0.370324 -0.229813
v -8.735144 -0.353688 0.055884
v -8.736189 -0.372592 -0.229524
v -8.770037 -0.356908 0.056225
v -8.771082 -0.375812 -0.229183
v -8.801971 -0.361078 0.056618
v -8.803017 -0.379982 -0.228790
v -8.830946 -0.366200 0.057063
v -8.831991 -0.385104 -0.228345
v -8.856956 -0.372273 0.057560
v -8.858002 -0.391177 -0.227848
v -8.880007 -0.379296 0.058110
v -8.881052 -0.398201 -0.227298
v -8.900097 -0.387271 0.058712
v -8.901142 -0.406176 -0.226696
v -8.917223 -0.396197 0.059365
v -8.918268 -0.415102 -0.226043
v -8.931389 -0.406075 0.060071
v -8.932434 -0.424979 -0.225337
v -8.942595 -0.416903 0.060830
v -8.943640 -0.435807 -0.224578
v -8.954472 -0.428201 0.061621
v -8.955517 -0.447105 -0.223787
v -8.964193 -0.439505 0.062406
v -8.965239 -0.458409 -0.223002
v -8.971762 -0.450814 0.063182
v -8.972807 -0.469718 -0.222226
v -8.977177 -0.462128 0.063952
v -8.978222 -0.481032 -0.221456
v -8.980433 -0.473447 0.064713
v -8.981478 -0.492352 -0.220695
v -8.981537 -0.484772 0.065467
v -8.982582 -0.503676 -0.219941
v -8.980482 -0.496101 0.066214
v -8.981527 -0.515006 -0.219194
v -8.977276 -0.507437 0.066953
v -8.978321 -0.526341 -0.218455
v -8.971910 -0.518776 0.067684
v -8.972956 -0.537681 -0.217724
v -8.964392 -0.530122 0.068408
v -8.965437 -0.549026 -0.217000
v -8.954720 -0.541472 0.069125
v -8.955765 -0.560377 -0.216283
v -8.942890 -0.552828 0.069834
v -8.943935 -0.571733 -0.215574
v -8.935902 -0.560239 0.070299
v -8.936947 -0.579144 -0.215109
v -8.927835 -0.567338 0.070740
v -8.928881 -0.586242 -0.214668
v -8.918690 -0.574125 0.071156
v -8.919735 -0.593029 -0.214252
v -8.908468 -0.580600 0.071547
v -8.909513 -0.599504 -0.213861
v -8.897165 -0.586763 0.071914
v -8.898211 -0.605667 -0.213494
v -8.884785 -0.592614 0.072257
v -8.885830 -0.611518 -0.213151
v -8.871326 -0.598153 0.072574
v -8.872372 -0.617057 -0.212834
v -8.856791 -0.603379 0.072867
v -8.857836 -0.622283 -0.212541
v -8.841173 -0.608294 0.073136
v -8.842218 -0.627198 -0.212272
v -8.824480 -0.612897 0.073380
v -8.825525 -0.631801 -0.212028
v -8.806709 -0.617187 0.073599
v -8.807755 -0.636091 -0.211809
v -8.787859 -0.621166 0.073793
v -8.788904 -0.640070 -0.211615
v -8.701553 -0.640095 0.074732
v -8.702599 -0.659000 -0.210676
v -8.617134 -0.658706 0.075656
v -8.618179 -0.677610 -0.209752
v -8.534601 -0.676997 0.076566
v -8.535646 -0.695901 -0.208842
v -8.453951 -0.694969 0.077461
v -8.454996 -0.713873 -0.207947
v -8.375187 -0.712622 0.078342
v -8.376232 -0.731526 -0.207066
v -8.298309 -0.729955 0.079209
v -8.299355 -0.748860 -0.206199
v -8.223316 -0.746970 0.080062
v -8.224361 -0.765874 -0.205346
v -8.150208 -0.763665 0.080901
v -8.151253 -0.782569 -0.204507
v -8.078985 -0.780041 0.081725
v -8.080030 -0.798945 -0.203683
v -8.009647 -0.796098 0.082535
v -8.010693 -0.815002 -0.202873
v -7.942194 -0.811836 0.083331
v -7.943239 -0.830740 -0.202077
v -7.876627 -0.827255 0.084112
v -7.877672 -0.846159 -0.201296
v -7.877565 -1.257686 0.112626
v -7.878611 -1.276590 -0.172782
v -7.929537 -1.245918 0.112036
v -7.930582 -1.264822 -0.173372
v -7.982044 -1.233521 0.111407
v -7.983089 -1.252425 -0.174001
v -8.035089 -1.220492 0.110738
v -8.036135 -1.239396 -0.174670
v -8.088673 -1.206833 0.110029
v -8.089718 -1.225737 -0.175379
v -8.142792 -1.192543 0.109281
v -8.143837 -1.211448 -0.176127
v -8.197451 -1.177623 0.108492
v -8.198496 -1.196527 -0.176916
v -8.252645 -1.162072 0.107664
v -8.253691 -1.180977 -0.177744
v -8.308378 -1.145891 0.106796
v -8.309423 -1.164795 -0.178612
v -8.364649 -1.129079 0.105888
v -8.365694 -1.147983 -0.179520
v -8.421455 -1.111637 0.104941
v -8.422501 -1.130541 -0.180467
v -8.478798 -1.093563 0.103953
v -8.479843 -1.112468 -0.181455
v -8.536680 -1.074860 0.102926
v -8.537725 -1.093764 -0.182482
v -8.549438 -1.056737 0.101772
v -8.550484 -1.075641 -0.183636
v -8.561932 -1.040188 0.100722
v -8.562977 -1.059092 -0.184686
v -8.574156 -1.025213 0.099774
v -8.575201 -1.044117 -0.185634
v -8.586117 -1.011811 0.098931
v -8.587162 -1.030716 -0.186477
v -8.597811 -0.999984 0.098190
v -8.598856 -1.018888 -0.187218
v -8.609238 -0.989731 0.097553
v -8.610283 -1.008635 -0.187855
v -8.620399 -0.981051 0.097018
v -8.621445 -0.999955 -0.188390
v -8.631294 -0.973945 0.096588
v -8.632339 -0.992849 -0.188820
v -8.641924 -0.968413 0.096260
v -8.642969 -0.987317 -0.189148
v -8.652287 -0.964455 0.096036
v -8.653332 -0.983359 -0.189372
v -8.662382 -0.962071 0.095915
v -8.663427 -0.980975 -0.189493
v -8.672216 -0.961261 0.095897
v -8.673262 -0.980165 -0.189511
v -8.700916 -0.965124 0.096258
v -8.701962 -0.984029 -0.189150
v -8.728809 -0.969305 0.096637
v -8.729855 -0.988209 -0.188771
v -8.755896 -0.973802 0.097034
v -8.756941 -0.992706 -0.188374
v -8.782173 -0.978615 0.097449
v -8.783218 -0.997519 -0.187959
v -8.807642 -0.983746 0.097881
v -8.808687 -1.002650 -0.187527
v -8.832306 -0.989192 0.098332
v -8.833351 -1.008097 -0.187076
v -8.856163 -0.994956 0.098801
v -8.857208 -1.013860 -0.186607
v -8.879210 -1.001036 0.099288
v -8.880255 -1.019940 -0.186120
v -8.901449 -1.007432 0.099793
v -8.902494 -1.026336 -0.185615
v -8.922880 -1.014145 0.100316
v -8.923925 -1.033049 -0.185092
v -8.943506 -1.021175 0.100857
v -8.944551 -1.040079 -0.184551
v -8.963324 -1.028521 0.101416
v -8.964369 -1.047425 -0.183992
v -8.983976 -1.047193 0.102729
v -8.985022 -1.066097 -0.182679
v -9.000586 -1.065559 0.104006
v -9.001631 -1.084463 -0.181402
v -9.013151 -1.083621 0.105248
v -9.014196 -1.102525 -0.180160
v -9.021677 -1.101377 0.106455
v -9.022722 -1.120282 -0.178953
v -9.026161 -1.118829 0.107628
v -9.027206 -1.137734 -0.177780
v -9.026602 -1.135977 0.108765
v -9.027647 -1.154881 -0.176643
v -9.023003 -1.152819 0.109867
v -9.024048 -1.171723 -0.175541
v -9.015362 -1.169356 0.110935
v -9.016407 -1.188260 -0.174473
v -9.003675 -1.185588 0.111967
v -9.004721 -1.204493 -0.173441
v -8.987949 -1.201516 0.112965
v -8.988995 -1.220420 -0.172443
v -8.968184 -1.217138 0.113927
v -8.969229 -1.236043 -0.171481
v -8.944374 -1.232456 0.114855
v -8.945419 -1.251360 -0.170553
v -8.856983 -1.247927 0.115560
v -8.858028 -1.266832 -0.169848
v -8.769323 -1.263714 0.116285
v -8.770369 -1.282618 -0.169123
v -8.681395 -1.279815 0.117030
v -8.682440 -1.298720 -0.168378
v -8.593201 -1.296232 0.117795
v -8.594246 -1.315137 -0.167613
v -8.504736 -1.312965 0.118580
v -8.505781 -1.331869 -0.166828
v -8.416004 -1.330013 0.119385
v -8.417049 -1.348917 -0.166023
v -8.327002 -1.347376 0.120210
v -8.328047 -1.366280 -0.165198
v -8.237732 -1.365054 0.121054
v -8.238777 -1.383958 -0.164354
v -8.148193 -1.383047 0.121919
v -8.149239 -1.401951 -0.163489
v -8.058384 -1.401356 0.122803
v -8.059429 -1.420260 -0.162605
v -7.968306 -1.419980 0.123707
v -7.969351 -1.438884 -0.161701
v -7.877962 -1.438920 0.124631
v -7.879007 -1.457824 -0.160777
v -7.879049 -1.937314 0.157647
v -7.880095 -1.956218 -0.127761
v -7.924139 -1.921787 0.156783
v -7.925184 -1.940691 -0.128625
v -7.968960 -1.905632 0.155877
v -7.970005 -1.924536 -0.129531
v -8.013512 -1.888848 0.154928
v -8.014557 -1.907753 -0.130480
v -8.057793 -1.871436 0.153937
v -8.058838 -1.890340 -0.131471
v -8.101803 -1.853395 0.152903
v -8.102848 -1.872299 -0.132505
v -8.145540 -1.834726 0.151826
v -8.146585 -1.853630 -0.133582
v -8.189009 -1.815427 0.150707
v -8.190054 -1.834332 -0.134701
v -8.232206 -1.795501 0.149545
v -8.233252 -1.814405 -0.135863
v -8.275131 -1.774945 0.148340
v -8.276176 -1.793849 -0.137068
v -8.317787 -1.753761 0.147093
v -8.318832 -1.772665 -0.138315
v -8.360170 -1.731948 0.145803
v -8.361216 -1.750852 -0.139605
v -8.402283 -1.709507 0.144471
v -8.403328 -1.728411 -0.140937
v -8.421116 -1.698449 0.143807
v -8.422161 -1.717353 -0.141601
v -8.438875 -1.688023 0.143182
v -8.439920 -1.706927 -0.142226
v -8.455559 -1.678228 0.142594
v -8.456604 -1.697133 -0.142814
v -8.471165 -1.669066 0.142044
v -8.472210 -1.687970 -0.143364
v -8.485693 -1.660536 0.141532
v -8.486738 -1.679440 -0.143876
v -8.499147 -1.652637 0.141058
v -8.500193 -1.671541 -0.144350
v -8.511524 -1.645370 0.140622
v -8.512569 -1.664274 -0.144786
v -8.522825 -1.638735 0.140224
v -8.523870 -1.657640 -0.145184
v -8.533049 -1.632733 0.139864
v -8.534094 -1.651637 -0.145544
v -8.542198 -1.627362 0.139541
v -8.543243 -1.646266 -0.145867
v -8.550270 -1.622622 0.139257
v -8.551315 -1.641527 -0.146151
v -8.557264 -1.618515 0.139010
v -8.558310 -1.637419 -0.146398
v -8.613224 -1.644338 0.140925
v -8.614269 -1.663242 -0.144483
v -8.664600 -1.669228 0.142762
v -8.665646 -1.688133 -0.142646
v -8.711397 -1.693186 0.144520
v -8.712442 -1.712090 -0.140888
v -8.753609 -1.716210 0.146199
v -8.754654 -1.735114 -0.139209
v -8.791239 -1.738302 0.147800
v -8.792284 -1.757206 -0.137608
v -8.824289 -1.759461 0.149322
v -8.825335 -1.778365 -0.136086
v -8.852757 -1.779686 0.150766
v -8.853802 -1.798591 -0.134642
v -8.876640 -1.798979 0.152131
v -8.877686 -1.817884 -0.133277
v -8.895945 -1.817339 0.153418
v -8.896990 -1.836244 -0.131990
v -8.910666 -1.834767 0.154626
v -8.911711 -1.853671 -0.130782
v -8.920801 -1.851261 0.155756
v -8.921846 -1.870165 -0.129652
v -8.926359 -1.866822 0.156807
v -8.927404 -1.885727 -0.128601
v -8.822088 -1.984594 0.164226
v -8.823133 -2.003498 -0.121182
v -8.722111 -2.095747 0.171223
v -8.723156 -2.114651 -0.114185
v -8.626429 -2.200283 0.177797
v -8.627474 -2.219187 -0.107611
v -8.535042 -2.298200 0.183949
v -8.536087 -2.317105 -0.101459
v -8.447952 -2.389500 0.189677
v -8.448997 -2.408404 -0.095730
v -8.365158 -2.474182 0.194984
v -8.366203 -2.493086 -0.090424
v -8.286661 -2.552246 0.199867
v -8.287706 -2.571150 -0.085541
v -8.212460 -2.623692 0.204328
v -8.213505 -2.642596 -0.081080
v -8.142553 -2.688520 0.208367
v -8.143599 -2.707424 -0.077041
v -8.076946 -2.746730 0.211982
v -8.077991 -2.765635 -0.073426
v -8.015633 -2.798323 0.215176
v -8.016678 -2.817227 -0.070232
v -7.958616 -2.843297 0.217946
v -7.959661 -2.862201 -0.067462
v -7.908993 -2.881016 0.220263
v -7.910038 -2.899921 -0.065145
v -7.856941 -2.918427 0.222551
v -7.857986 -2.937332 -0.062857
v -7.802467 -2.955530 0.224809
v -7.803513 -2.974434 -0.060599
v -7.745569 -2.992323 0.227038
v -7.746614 -3.011227 -0.058370
v -7.686243 -3.028808 0.229238
v -7.687288 -3.047712 -0.056170
v -7.624493 -3.064984 0.231408
v -7.625538 -3.083888 -0.054000
v -7.560318 -3.100851 0.233549
v -7.561363 -3.119755 -0.051859
v -7.493717 -3.136409 0.235661
v -7.494762 -3.155313 -0.049747
v -7.424690 -3.171658 0.237743
v -7.425735 -3.190562 -0.047665
v -7.353239 -3.206599 0.239796
v -7.354284 -3.225503 -0.045612
v -7.279360 -3.241231 0.241820
v -7.280405 -3.260135 -0.043588
v -7.203058 -3.275554 0.243815
v -7.204103 -3.294458 -0.041593
v -7.190948 -3.282033 0.244199
v -7.191994 -3.300937 -0.041209
v -7.180450 -3.286306 0.244444
v -7.181496 -3.305210 -0.040964
v -7.171566 -3.288373 0.244548
v -7.172611 -3.307277 -0.040860
v -7.164289 -3.288233 0.244513
v -7.165335 -3.307137 -0.040895
v -7.158628 -3.285887 0.244337
v -7.159674 -3.304791 -0.041071
v -7.154577 -3.281334 0.244020
v -7.155622 -3.300239 -0.041388
v -7.152138 -3.274575 0.243564
v -7.153183 -3.293479 -0.041844
v -7.151310 -3.265610 0.242967
v -7.152355 -3.284514 -0.042441
v -7.152094 -3.254438 0.242230
v -7.153139 -3.273342 -0.043178
v -7.154490 -3.241060 0.241352
v -7.155535 -3.259964 -0.044056
v -7.158497 -3.225476 0.240335
v -7.159542 -3.244380 -0.045073
v -7.164112 -3.207685 0.239177
v -7.165157 -3.226589 -0.046231
v -7.293350 -3.109046 0.233116
v -7.294395 -3.127951 -0.052292
v -7.416388 -3.010108 0.227013
v -7.417433 -3.029013 -0.058395
v -7.533230 -2.910871 0.220867
v -7.534275 -2.929775 -0.064541
v -7.643875 -2.811333 0.214678
v -7.644920 -2.830238 -0.070730
v -7.748323 -2.711497 0.208447
v -7.749369 -2.730401 -0.076961
v -7.846575 -2.611360 0.202174
v -7.847620 -2.630264 -0.083234
v -7.938627 -2.510923 0.195858
v -7.939672 -2.529828 -0.089550
v -8.024483 -2.410187 0.189500
v -8.025528 -2.429092 -0.095908
v -8.104145 -2.309152 0.183099
v -8.105190 -2.328056 -0.102309
v -8.177607 -2.207816 0.176655
v -8.178652 -2.226720 -0.108753
v -8.244873 -2.106181 0.170169
v -8.245918 -2.125085 -0.115239
v -8.305941 -2.004246 0.163641
v -8.306986 -2.023150 -0.121767
v -7.898790 -2.095846 0.168219
v -7.899836 -2.114751 -0.117189
v -7.889141 -2.117423 0.169613
v -7.890186 -2.136327 -0.115795
v -7.879484 -2.136797 0.170861
v -7.880529 -2.155701 -0.114547
v -7.869822 -2.153968 0.171963
v -7.870867 -2.172873 -0.113445
v -7.860155 -2.168937 0.172919
v -7.861200 -2.187841 -0.112489
v -7.850481 -2.181704 0.173730
v -7.851526 -2.200608 -0.111678
v -7.840807 -2.192268 0.174394
v -7.841852 -2.211172 -0.111014
v -7.831123 -2.200629 0.174912
v -7.832169 -2.219533 -0.110496
v -7.821438 -2.206788 0.175285
v -7.822483 -2.225692 -0.110123
v -7.811747 -2.210744 0.175512
v -7.812792 -2.229649 -0.109896
v -7.802052 -2.212498 0.175592
v -7.803097 -2.231403 -0.109816
v -7.792351 -2.212050 0.175527
v -7.793396 -2.230954 -0.109881
v -7.782656 -2.209399 0.175316
v -7.783701 -2.228303 -0.110092
v -7.763371 -2.199062 0.174561
v -7.764416 -2.217966 -0.110847
v -7.744343 -2.183061 0.173431
v -7.745388 -2.201965 -0.111976
v -7.725571 -2.161396 0.171928
v -7.726616 -2.180300 -0.113480
v -7.707058 -2.134067 0.170050
v -7.708103 -2.152971 -0.115358
v -7.688801 -2.101073 0.167798
v -7.689846 -2.119977 -0.117610
v -7.670803 -2.062415 0.165172
v -7.671848 -2.081319 -0.120236
v -7.653061 -2.018093 0.162171
v -7.654106 -2.036997 -0.123237
v -7.635574 -1.968107 0.158796
v -7.636620 -1.987011 -0.126612
v -7.618343 -1.912457 0.155047
v -7.619389 -1.931361 -0.130361
v -7.601372 -1.851142 0.150924
v -7.602417 -1.870046 -0.134484
v -7.584656 -1.784163 0.146426
v -7.585701 -1.803067 -0.138982
v -7.568197 -1.711520 0.141555
v -7.569242 -1.730424 -0.143853
v -7.580063 -1.593500 0.133781
v -7.581108 -1.612404 -0.151627
v -7.590309 -1.473595 0.125876
v -7.591354 -1.492500 -0.159532
v -7.598932 -1.351807 0.117841
v -7.599977 -1.370712 -0.167567
v -7.605938 -1.228135 0.109675
v -7.606983 -1.247040 -0.175733
v -7.611320 -1.102579 0.101379
v -7.612366 -1.121484 -0.184029
v -7.615084 -0.975139 0.092951
v -7.616129 -0.994044 -0.192457
v -7.617228 -0.845815 0.084393
v -7.618273 -0.864720 -0.201015
v -7.617748 -0.714607 0.075705
v -7.618793 -0.733512 -0.209703
v -7.616650 -0.581516 0.066885
v -7.617695 -0.600420 -0.218523
v -7.613932 -0.446540 0.057935
v -7.614977 -0.465444 -0.227473
v -7.609591 -0.309680 0.048854
v -7.610636 -0.328584 -0.236554
v -7.603630 -0.170936 0.039643
v -7.604675 -0.189841 -0.245765
v -7.576977 -0.117039 0.035975
v -7.578022 -0.135943 -0.249433
v -7.555452 -0.068479 0.032680
v -7.556498 -0.087383 -0.252728
v -7.539061 -0.025255 0.029757
v -7.540106 -0.044159 -0.255651
v -7.527796 0.012633 0.027207
v -7.528841 -0.006272 -0.258201
v -7.521664 0.045184 0.025028
v -7.522709 0.026279 -0.260380
v -7.520662 0.072398 0.023222
v -7.521708 0.053493 -0.262186
v -7.524790 0.094275 0.021788
v -7.525835 0.075371 -0.263620
v -7.534050 0.110817 0.020726
v -7.535095 0.091913 -0.264682
v -7.548437 0.122021 0.020037
v -7.549482 0.103117 -0.265371
v -7.567957 0.127889 0.019719
v -7.569002 0.108985 -0.265689
v -7.592607 0.128421 0.019774
v -7.593653 0.109517 -0.265634
v -7.622385 0.123616 0.020201
v -7.623430 0.104712 -0.265207
v -7.641655 0.119415 0.020550
v -7.642700 0.100511 -0.264858
v -7.660660 0.114269 0.020960
v -7.661705 0.095365 -0.264448
v -7.679398 0.108179 0.021432
v -7.680443 0.089275 -0.263976
v -7.697866 0.101144 0.021966
v -7.698912 0.082240 -0.263442
v -7.716070 0.093164 0.022561
v -7.717115 0.074260 -0.262847
v -7.734003 0.084240 0.023218
v -7.735048 0.065336 -0.262190
v -7.751669 0.074371 0.023936
v -7.752714 0.055467 -0.261472
v -7.769072 0.063558 0.024716
v -7.770117 0.044654 -0.260692
v -7.786205 0.051800 0.025557
v -7.787251 0.032896 -0.259851
v -7.803072 0.039098 0.026460
v -7.804117 0.020194 -0.258948
v -7.819670 0.025451 0.027425
v -7.820715 0.006547 -0.257983
v -7.836002 0.010860 0.028451
v -7.837048 -0.008044 -0.256957
v -7.932940 0.033906 0.027279
v -7.933985 0.015001 -0.258129
v -8.029877 0.057266 0.026086
v -8.030922 0.038362 -0.259322
v -8.126812 0.080941 0.024872
v -8.127857 0.062037 -0.260536
v -8.223747 0.104930 0.023638
v -8.224792 0.086026 -0.261770
v -8.320681 0.129235 0.022382
v -8.321726 0.110330 -0.263026
v -8.417614 0.153853 0.021106
v -8.418659 0.134949 -0.264302
v -8.514547 0.178787 0.019809
v -8.515593 0.159883 -0.265599
v -8.611479 0.204035 0.018491
v -8.612524 0.185131 -0.266917
v -8.708408 0.229598 0.017152
v -8.709454 0.210694 -0.268256
v -8.805340 0.255476 0.015792
v -8.806385 0.236571 -0.269616
v -8.902269 0.281667 0.014412
v -8.903315 0.262763 -0.270996
v -8.999201 0.308174 0.013011
v -9.000246 0.289270 -0.272397
v -8.888405 -2.252038 0.182183
v -8.889450 -2.270943 -0.103225
v -8.956480 -2.275315 0.183974
v -8.957525 -2.294219 -0.101434
v -9.024828 -2.300164 0.185869
v -9.025873 -2.319069 -0.099539
v -9.093451 -2.326586 0.187870
v -9.094496 -2.345490 -0.097538
v -9.162344 -2.354581 0.189976
v -9.163389 -2.373485 -0.095432
v -9.231512 -2.384148 0.192188
v -9.232557 -2.403052 -0.093220
v -9.300953 -2.415287 0.194504
v -9.301998 -2.434191 -0.090904
v -9.370665 -2.447999 0.196926
v -9.371710 -2.466903 -0.088482
v -9.440653 -2.482284 0.199452
v -9.441698 -2.501188 -0.085956
v -9.510912 -2.518141 0.202084
v -9.511957 -2.537045 -0.083324
v -9.581444 -2.555571 0.204821
v -9.582489 -2.574475 -0.080587
v -9.652248 -2.594573 0.207664
v -9.653294 -2.613477 -0.077744
v -9.723331 -2.635148 0.210611
v -9.724377 -2.654052 -0.074797
v -9.748957 -2.649088 0.211628
v -9.750002 -2.667992 -0.073780
v -9.774055 -2.668378 0.212997
v -9.775101 -2.687282 -0.072411
v -9.798626 -2.693018 0.214719
v -9.799671 -2.711922 -0.070689
v -9.822668 -2.723009 0.216794
v -9.823713 -2.741913 -0.068614
v -9.846186 -2.758349 0.219220
v -9.847231 -2.777253 -0.066188
v -9.869173 -2.799040 0.222000
v -9.870218 -2.817944 -0.063408
v -9.891634 -2.845081 0.225131
v -9.892679 -2.863986 -0.060277
v -9.913567 -2.896473 0.228615
v -9.914612 -2.915377 -0.056793
v -9.934977 -2.953214 0.232452
v -9.936022 -2.972119 -0.052956
v -9.955856 -3.015306 0.236641
v -9.956902 -3.034210 -0.048767
v -9.976210 -3.082748 0.241182
v -9.977255 -3.101652 -0.044226
v -9.996035 -3.155540 0.246076
v -9.997080 -3.174445 -0.039332
v -9.998648 -3.181020 0.247774
v -9.999693 -3.199925 -0.037634
v -9.999912 -3.204616 0.249341
v -10.000957 -3.223520 -0.036067
v -9.999825 -3.226326 0.250779
v -10.000870 -3.245230 -0.034629
v -9.998384 -3.246152 0.252087
v -9.999430 -3.265057 -0.033321
v -9.995596 -3.264094 0.253265
v -9.996641 -3.282998 -0.032143
v -9.991455 -3.280151 0.254313
v -9.992500 -3.299055 -0.031095
v -9.985962 -3.294323 0.255232
v -9.987007 -3.313227 -0.030176
v -9.979118 -3.306611 0.256021
v -9.980164 -3.325515 -0.029387
v -9.970924 -3.317014 0.256680
v -9.971970 -3.335918 -0.028728
v -9.961378 -3.325532 0.257209
v -9.962423 -3.344436 -0.028199
v -9.950481 -3.332166 0.257609
v -9.951527 -3.351070 -0.027799
v -9.938234 -3.336915 0.257879
v -9.939280 -3.355819 -0.027529
v -9.928148 -3.343704 0.258291
v -9.929193 -3.362608 -0.027117
v -9.917250 -3.348922 0.258597
v -9.918295 -3.367826 -0.026811
v -9.905537 -3.352569 0.258796
v -9.906582 -3.371473 -0.026612
v -9.893013 -3.354644 0.258888
v -9.894058 -3.373549 -0.026520
v -9.879679 -3.355149 0.258872
v -9.880724 -3.374053 -0.026536
v -9.865532 -3.354081 0.258750
v -9.866577 -3.372986 -0.026658
v -9.850574 -3.351443 0.258520
v -9.851620 -3.370347 -0.026888
v -9.834805 -3.347233 0.258184
v -9.835850 -3.366138 -0.027224
v -9.818224 -3.341453 0.257740
v -9.819269 -3.360357 -0.027668
v -9.800829 -3.334100 0.257190
v -9.801874 -3.353004 -0.028218
v -9.782625 -3.325177 0.256532
v -9.783670 -3.344081 -0.028876
v -9.763609 -3.314682 0.255768
v -9.764654 -3.333586 -0.029640
v -9.749704 -3.301973 0.254875
v -9.750750 -3.320877 -0.030533
v -9.733912 -3.286436 0.253788
v -9.734957 -3.305340 -0.031620
v -9.716223 -3.268072 0.252507
v -9.717268 -3.286976 -0.032901
v -9.696646 -3.246881 0.251032
v -9.697691 -3.265785 -0.034376
v -9.675175 -3.222862 0.249362
v -9.676220 -3.241766 -0.036046
v -9.651812 -3.196017 0.247499
v -9.652857 -3.214921 -0.037909
v -9.626556 -3.166344 0.245441
v -9.627602 -3.185248 -0.039967
v -9.599409 -3.133843 0.243189
v -9.600454 -3.152748 -0.042219
v -9.570370 -3.098516 0.240743
v -9.571415 -3.117420 -0.044665
v -9.539438 -3.060361 0.238103
v -9.540483 -3.079266 -0.047305
v -9.506615 -3.019380 0.235268
v -9.507660 -3.038284 -0.050140
v -9.471907 -2.975570 0.232240
v -9.472952 -2.994475 -0.053168
v -9.405195 -2.898486 0.226890
v -9.406240 -2.917391 -0.058518
v -9.341185 -2.825486 0.221821
v -9.342230 -2.844390 -0.063587
v -9.279879 -2.756570 0.217032
v -9.280924 -2.775474 -0.068376
v -9.221277 -2.691737 0.212524
v -9.222322 -2.710641 -0.072884
v -9.165375 -2.630988 0.208295
v -9.166420 -2.649893 -0.077112
v -9.112179 -2.574323 0.204348
v -9.113224 -2.593228 -0.081060
v -9.061686 -2.521742 0.200680
v -9.062731 -2.540647 -0.084728
v -9.013893 -2.473245 0.197293
v -9.014938 -2.492150 -0.088115
v -8.968805 -2.428832 0.194187
v -8.969851 -2.447736 -0.091221
v -8.926420 -2.388503 0.191361
v -8.927465 -2.407407 -0.094047
v -8.886736 -2.352257 0.188815
v -8.887781 -2.371161 -0.096593
v -8.849758 -2.320095 0.186549
v -8.850803 -2.338999 -0.098859
v -8.835178 -2.305814 0.185550
v -8.836224 -2.324718 -0.099858
v -8.823837 -2.293098 0.184666
v -8.824883 -2.312002 -0.100742
v -8.815729 -2.281948 0.183898
v -8.816774 -2.300852 -0.101510
v -8.810858 -2.272363 0.183246
v -8.811903 -2.291267 -0.102162
v -8.809225 -2.264344 0.182708
v -8.810270 -2.283248 -0.102700
v -8.810825 -2.257890 0.182287
v -8.811871 -2.276794 -0.103121
v -8.815666 -2.253001 0.181981
v -8.816711 -2.271905 -0.103427
v -8.823742 -2.249678 0.181790
v -8.824787 -2.268582 -0.103618
v -8.835052 -2.247920 0.181715
v -8.836098 -2.266824 -0.103693
v -8.849600 -2.247727 0.181755
v -8.850645 -2.266632 -0.103653
v -8.867382 -2.249100 0.181911
v -8.868427 -2.268004 -0.103497
v -9.403187 1.849647 -0.087613
v -9.404232 1.830744 -0.373021
v -9.423124 1.848279 -0.087449
v -9.424170 1.829376 -0.372857
v -9.444149 1.844082 -0.087095
v -9.445194 1.825178 -0.372503
v -9.466255 1.837056 -0.086548
v -9.467300 1.818152 -0.371956
v -9.489447 1.827201 -0.085811
v -9.490492 1.808297 -0.371219
v -9.513721 1.814516 -0.084882
v -9.514767 1.795612 -0.370290
v -9.539078 1.799002 -0.083762
v -9.540123 1.780098 -0.369170
v -9.565519 1.780659 -0.082450
v -9.566565 1.761756 -0.367858
v -9.593046 1.759487 -0.080947
v -9.594091 1.740583 -0.366355
v -9.621656 1.735486 -0.079253
v -9.622702 1.716582 -0.364661
v -9.651350 1.708656 -0.077367
v -9.652395 1.689752 -0.362775
v -9.682127 1.678995 -0.075290
v -9.683172 1.660092 -0.360698
v -9.713989 1.646508 -0.073022
v -9.715034 1.627604 -0.358429
v -9.734646 1.624375 -0.071480
v -9.735691 1.605471 -0.356888
v -9.751263 1.603177 -0.070015
v -9.752308 1.584273 -0.355423
v -9.763836 1.582913 -0.068627
v -9.764881 1.564009 -0.354035
v -9.772364 1.563583 -0.067316
v -9.773409 1.544679 -0.352723
v -9.776850 1.545187 -0.066081
v -9.777895 1.526283 -0.351489
v -9.777292 1.527725 -0.064922
v -9.778337 1.508821 -0.350330
v -9.773691 1.511198 -0.063841
v -9.774736 1.492294 -0.349249
v -9.766047 1.495604 -0.062836
v -9.767092 1.476701 -0.348244
v -9.754360 1.480945 -0.061908
v -9.755405 1.462042 -0.347316
v -9.738628 1.467220 -0.061056
v -9.739674 1.448316 -0.346464
v -9.718855 1.454429 -0.060281
v -9.719900 1.435526 -0.345689
v -9.695038 1.442573 -0.059583
v -9.696083 1.423669 -0.344991
v -9.666199 1.386339 -0.055964
v -9.667244 1.367435 -0.341372
v -9.637627 1.331050 -0.052406
v -9.638672 1.312146 -0.337814
v -9.609322 1.276706 -0.048910
v -9.610367 1.257802 -0.334318
v -9.581285 1.223305 -0.045476
v -9.582331 1.204402 -0.330884
v -9.553514 1.170851 -0.042103
v -9.554560 1.151946 -0.327511
v -9.526012 1.119340 -0.038791
v -9.527058 1.100436 -0.324199
v -9.498777 1.068774 -0.035542
v -9.499823 1.049870 -0.320950
v -9.471809 1.019152 -0.032354
v -9.472855 1.000248 -0.317762
v -9.445110 0.970475 -0.029227
v -9.446156 0.951571 -0.314635
v -9.418678 0.922743 -0.026162
v -9.419724 0.903838 -0.311570
v -9.392513 0.875955 -0.023159
v -9.393559 0.857051 -0.308567
v -9.366615 0.830112 -0.020217
v -9.367661 0.811208 -0.305625
v -9.369215 0.812026 -0.019010
v -9.370260 0.793122 -0.304417
v -9.370464 0.795510 -0.017911
v -9.371510 0.776606 -0.303319
v -9.370361 0.780564 -0.016921
v -9.371407 0.761660 -0.302329
v -9.368908 0.767188 -0.016041
v -9.369953 0.748284 -0.301449
v -9.366106 0.755383 -0.015269
v -9.367151 0.736479 -0.300677
v -9.361952 0.745147 -0.014606
v -9.362997 0.726242 -0.300014
v -9.356447 0.736481 -0.014052
v -9.357492 0.717577 -0.299460
v -9.349592 0.729385 -0.013607
v -9.350637 0.710480 -0.299015
v -9.341389 0.723859 -0.013271
v -9.342434 0.704955 -0.298679
v -9.331833 0.719903 -0.013044
v -9.332878 0.700999 -0.298452
v -9.320929 0.717517 -0.012926
v -9.321974 0.698612 -0.298334
v -9.308672 0.716700 -0.012917
v -9.309717 0.697796 -0.298325
v -9.279297 0.720248 -0.013259
v -9.280342 0.701344 -0.298667
v -9.249386 0.723479 -0.013583
v -9.250431 0.704575 -0.298991
v -9.218937 0.726395 -0.013887
v -9.219982 0.707491 -0.299295
v -9.187948 0.728995 -0.014173
v -9.188993 0.710090 -0.299581
v -9.156424 0.731278 -0.014439
v -9.157469 0.712374 -0.299847
v -9.124359 0.733246 -0.014687
v -9.125404 0.714342 -0.300095
v -9.091755 0.734898 -0.014915
v -9.092800 0.715994 -0.300323
v -9.058617 0.736234 -0.015125
v -9.059662 0.717330 -0.300533
v -9.024939 0.737254 -0.015316
v -9.025984 0.718350 -0.300724
v -8.990723 0.737958 -0.015487
v -8.991768 0.719054 -0.300895
v -8.955969 0.738346 -0.015640
v -8.957014 0.719442 -0.301048
v -8.920675 0.738418 -0.015774
v -8.921721 0.719514 -0.301182
v -8.846075 0.726439 -0.015253
v -8.847120 0.707535 -0.300661
v -8.770937 0.713514 -0.014672
v -8.771982 0.694610 -0.300080
v -8.695261 0.699645 -0.014030
v -8.696306 0.680740 -0.299438
v -8.619051 0.684830 -0.013327
v -8.620096 0.665926 -0.298735
v -8.542303 0.669070 -0.012564
v -8.543348 0.650165 -0.297972
v -8.465021 0.652364 -0.011740
v -8.466066 0.633460 -0.297148
v -8.387199 0.634714 -0.010855
v -8.388245 0.615809 -0.296263
v -8.308842 0.616118 -0.009910
v -8.309887 0.597214 -0.295318
v -8.229946 0.596577 -0.008904
v -8.230991 0.577672 -0.294312
v -8.150517 0.576091 -0.007838
v -8.151562 0.557186 -0.293246
v -8.070551 0.554659 -0.006711
v -8.071596 0.535755 -0.292119
v -7.990046 0.532282 -0.005523
v -7.991091 0.513378 -0.290931
v -7.989540 0.517650 -0.004555
v -7.990585 0.498746 -0.289963
v -7.987951 0.503959 -0.003654
v -7.988997 0.485055 -0.289062
v -7.985287 0.491210 -0.002820
v -7.986332 0.472305 -0.288228
v -7.981539 0.479401 -0.002051
v -7.982584 0.460497 -0.287459
v -7.976715 0.468534 -0.001349
v -7.977760 0.449630 -0.286757
v -7.970808 0.458609 -0.000713
v -7.971853 0.439705 -0.286121
v -7.963821 0.449625 -0.000144
v -7.964867 0.430721 -0.285552
v -7.955759 0.441582 0.000360
v -7.956804 0.422678 -0.285048
v -7.946613 0.434480 0.000796
v -7.947659 0.415576 -0.284612
v -7.936390 0.428320 0.001167
v -7.937435 0.409416 -0.284241
v -7.925087 0.423101 0.001471
v -7.926132 0.404197 -0.283937
v -7.912703 0.418824 0.001710
v -7.913748 0.399920 -0.283698
v -7.896669 0.420201 0.001560
v -7.897715 0.401297 -0.283848
v -7.880899 0.424411 0.001223
v -7.881945 0.405507 -0.284185
v -7.865393 0.431453 0.000700
v -7.866438 0.412549 -0.284708
v -7.850151 0.441328 -0.000010
v -7.851196 0.422424 -0.285418
v -7.835171 0.454035 -0.000906
v -7.836216 0.435131 -0.286314
v -7.820454 0.469574 -0.001989
v -7.821499 0.450670 -0.287397
v -7.806002 0.487946 -0.003259
v -7.807047 0.469042 -0.288667
v -7.791811 0.509151 -0.004715
v -7.792856 0.490246 -0.290123
v -7.777885 0.533187 -0.006358
v -7.778931 0.514283 -0.291766
v -7.764221 0.560057 -0.008188
v -7.765266 0.541152 -0.293596
v -7.750820 0.589758 -0.010204
v -7.751865 0.570854 -0.295612
v -7.737680 0.622291 -0.012407
v -7.738726 0.603386 -0.297815
v -7.718294 0.679037 -0.016237
v -7.719339 0.660133 -0.301645
v -7.699177 0.736099 -0.020086
v -7.700222 0.717195 -0.305494
v -7.680328 0.793476 -0.023955
v -7.681374 0.774572 -0.309363
v -7.661749 0.851168 -0.027845
v -7.662794 0.832264 -0.313253
v -7.643438 0.909176 -0.031754
v -7.644484 0.890272 -0.317162
v -7.625395 0.967499 -0.035683
v -7.626440 0.948595 -0.321091
v -7.607622 1.026137 -0.039632
v -7.608667 1.007233 -0.325040
v -7.590115 1.085091 -0.043600
v -7.591160 1.066186 -0.329008
v -7.572878 1.144359 -0.047589
v -7.573923 1.125455 -0.332997
v -7.555908 1.203943 -0.051598
v -7.556953 1.185039 -0.337006
v -7.539209 1.263843 -0.055626
v -7.540255 1.244939 -0.341034
v -7.522778 1.324057 -0.059675
v -7.523823 1.305154 -0.345083
v -7.510193 1.349828 -0.061428
v -7.511238 1.330925 -0.346836
v -7.498421 1.374342 -0.063094
v -7.499466 1.355438 -0.348502
v -7.487461 1.397599 -0.064675
v -7.488506 1.378695 -0.350083
v -7.477308 1.419600 -0.066169
v -7.478354 1.400696 -0.351577
v -7.467970 1.440344 -0.067577
v -7.469015 1.421440 -0.352985
v -7.459438 1.459831 -0.068899
v -7.460484 1.440927 -0.354307
v -7.451723 1.478061 -0.070135
v -7.452768 1.459158 -0.355543
v -7.444815 1.495035 -0.071285
v -7.445860 1.476132 -0.356693
v -7.438721 1.510753 -0.072348
v -7.439766 1.491850 -0.357756
v -7.433435 1.525214 -0.073325
v -7.434481 1.506310 -0.358733
v -7.428959 1.538419 -0.074216
v -7.430004 1.519515 -0.359624
v -7.425299 1.550366 -0.075021
v -7.426344 1.531462 -0.360429
v -7.417702 1.574733 -0.076663
v -7.418747 1.555829 -0.362071
v -7.414425 1.595020 -0.078018
v -7.415470 1.576116 -0.363426
v -7.415466 1.611226 -0.079088
v -7.416512 1.592322 -0.364496
v -7.420830 1.623352 -0.079872
v -7.421875 1.604449 -0.365280
v -7.430510 1.631399 -0.080369
v -7.431555 1.612496 -0.365777
v -7.444510 1.635366 -0.080581
v -7.445555 1.616462 -0.365989
v -7.462830 1.635253 -0.080506
v -7.463875 1.616349 -0.365914
v -7.485468 1.631060 -0.080146
v -7.486513 1.612156 -0.365554
v -7.512426 1.622787 -0.079499
v -7.513472 1.603884 -0.364907
v -7.543705 1.610434 -0.078567
v -7.544750 1.591530 -0.363975
v -7.579304 1.594001 -0.077348
v -7.580349 1.575097 -0.362756
v -7.619221 1.573488 -0.075843
v -7.620266 1.554585 -0.361251
v -7.632042 1.562507 -0.075069
v -7.633087 1.543604 -0.360477
v -7.644592 1.552154 -0.074338
v -7.645638 1.533250 -0.359746
v -7.656872 1.542430 -0.073649
v -7.657917 1.523526 -0.359057
v -7.668882 1.533334 -0.073002
v -7.669928 1.514430 -0.358410
v -7.680620 1.524867 -0.072398
v -7.681665 1.505963 -0.357806
v -7.692087 1.517029 -0.071837
v -7.693132 1.498125 -0.357245
v -7.703283 1.509819 -0.071319
v -7.704329 1.490915 -0.356727
v -7.714207 1.503238 -0.070843
v -7.715252 1.484334 -0.356251
v -7.724861 1.497285 -0.070410
v -7.725906 1.478381 -0.355818
v -7.735243 1.491961 -0.070019
v -7.736288 1.473057 -0.355427
v -7.745358 1.487266 -0.069671
v -7.746403 1.468362 -0.355079
v -7.755199 1.483199 -0.069366
v -7.756245 1.464295 -0.354774
v -7.875320 1.499379 -0.069998
v -7.876366 1.480475 -0.355406
v -7.996515 1.517133 -0.070731
v -7.997561 1.498230 -0.356139
v -8.118788 1.536465 -0.071565
v -8.119833 1.517561 -0.356973
v -8.242130 1.557372 -0.072499
v -8.243176 1.538468 -0.357907
v -8.366549 1.579855 -0.073533
v -8.367594 1.560951 -0.358941
v -8.492041 1.603913 -0.074668
v -8.493086 1.585009 -0.360076
v -8.618608 1.629547 -0.075903
v -8.619654 1.610644 -0.361311
v -8.746250 1.656758 -0.077238
v -8.747295 1.637854 -0.362646
v -8.874964 1.685544 -0.078675
v -8.876009 1.666641 -0.364083
v -9.004755 1.715906 -0.080211
v -9.005800 1.697002 -0.365619
v -9.135616 1.747844 -0.081848
v -9.136662 1.728940 -0.367256
v -9.267553 1.781357 -0.083585
v -9.268599 1.762453 -0.368993
v -9.283289 1.792250 -0.084249
v -9.284334 1.773346 -0.369657
v -9.298222 1.802197 -0.084854
v -9.299267 1.783293 -0.370262
v -9.312346 1.811199 -0.085398
v -9.313391 1.792295 -0.370806
v -9.325663 1.819254 -0.085883
v -9.326708 1.800350 -0.371291
v -9.338175 1.826364 -0.086308
v -9.339220 1.807461 -0.371716
v -9.349880 1.832528 -0.086674
v -9.350925 1.813624 -0.372082
v -9.360781 1.837746 -0.086980
v -9.361826 1.818842 -0.372388
v -9.370872 1.842018 -0.087226
v -9.371918 1.823115 -0.372634
v -9.380161 1.845344 -0.087412
v -9.381207 1.826441 -0.372820
v -9.388643 1.847725 -0.087539
v -9.389688 1.828821 -0.372947
v -9.396317 1.849159 -0.087606
v -9.397362 1.830255 -0.373014
v -9.190357 1.599935 -0.071851
v -9.191402 1.581032 -0.357259
v -9.074301 1.573382 -0.070517
v -9.075346 1.554478 -0.355925
v -8.958782 1.547146 -0.069201
v -8.959827 1.528242 -0.354609
v -8.843801 1.521225 -0.067905
v -8.844847 1.502321 -0.353313
v -8.729357 1.495619 -0.066627
v -8.730402 1.476715 -0.352035
v -8.615452 1.470330 -0.065368
v -8.616497 1.451427 -0.350776
v -8.502085 1.445357 -0.064129
v -8.503130 1.426453 -0.349537
v -8.389257 1.420699 -0.062908
v -8.390303 1.401796 -0.348316
v -8.276966 1.396358 -0.061706
v -8.278011 1.377454 -0.347114
v -8.165213 1.372333 -0.060524
v -8.166258 1.353430 -0.345932
v -8.054001 1.348623 -0.059360
v -8.055046 1.329719 -0.344768
v -7.943325 1.325230 -0.058215
v -7.944370 1.306326 -0.343623
v -7.833185 1.302152 -0.057089
v -7.834230 1.283249 -0.342497
v -7.827267 1.298048 -0.056839
v -7.828312 1.279144 -0.342247
v -7.822428 1.293317 -0.056543
v -7.823473 1.274413 -0.341951
v -7.818668 1.287958 -0.056202
v -7.819714 1.269055 -0.341610
v -7.815989 1.281974 -0.055815
v -7.817034 1.263070 -0.341223
v -7.814384 1.275363 -0.055383
v -7.815430 1.256459 -0.340791
v -7.813862 1.268125 -0.054906
v -7.814907 1.249221 -0.340314
v -7.814419 1.260260 -0.054383
v -7.815464 1.241356 -0.339791
v -7.816053 1.251768 -0.053814
v -7.817099 1.232865 -0.339222
v -7.818768 1.242650 -0.053201
v -7.819813 1.223747 -0.338609
v -7.822559 1.232906 -0.052541
v -7.823605 1.214002 -0.337949
v -7.827433 1.222534 -0.051837
v -7.828478 1.203630 -0.337245
v -7.833382 1.211535 -0.051086
v -7.834427 1.192631 -0.336494
v -7.846272 1.170034 -0.048290
v -7.847317 1.151129 -0.333698
v -7.858891 1.128531 -0.045495
v -7.859936 1.109627 -0.330903
v -7.871239 1.087028 -0.042701
v -7.872284 1.068124 -0.328109
v -7.883318 1.045524 -0.039908
v -7.884363 1.026620 -0.325316
v -7.895128 1.004019 -0.037116
v -7.896173 0.985115 -0.322524
v -7.906670 0.962514 -0.034324
v -7.907715 0.943610 -0.319732
v -7.917938 0.921008 -0.031534
v -7.918983 0.902104 -0.316942
v -7.928940 0.879502 -0.028744
v -7.929985 0.860598 -0.314152
v -7.939671 0.837995 -0.025956
v -7.940716 0.819090 -0.311364
v -7.950134 0.796487 -0.023168
v -7.951180 0.777583 -0.308576
v -7.960325 0.754978 -0.020382
v -7.961370 0.736074 -0.305790
v -7.970253 0.713470 -0.017596
v -7.971298 0.694566 -0.303004
v -8.105984 0.736451 -0.018622
v -8.107029 0.717547 -0.304030
v -9.114155 0.965429 -0.030103
v -9.115200 0.946524 -0.315511
v -9.126987 1.010926 -0.033069
v -9.128033 0.992022 -0.318477
v -9.139820 1.056738 -0.036057
v -9.140865 1.037833 -0.321465
v -9.152651 1.102864 -0.039065
v -9.153696 1.083960 -0.324473
v -9.165482 1.149305 -0.042094
v -9.166527 1.130400 -0.327502
v -9.178312 1.196060 -0.045144
v -9.179358 1.177156 -0.330552
v -9.191143 1.243130 -0.048215
v -9.192188 1.224227 -0.333623
v -9.203972 1.290516 -0.051307
v -9.205017 1.271612 -0.336715
v -9.216799 1.338215 -0.054419
v -9.217844 1.319311 -0.339827
v -9.229626 1.386229 -0.057553
v -9.230671 1.367326 -0.342961
v -9.242453 1.434558 -0.060707
v -9.243498 1.415654 -0.346115
v -9.255281 1.483201 -0.063882
v -9.256327 1.464298 -0.349290
v -9.268097 1.532160 -0.067078
v -9.269142 1.513256 -0.352486
v -9.267527 1.546474 -0.068028
v -9.268572 1.527570 -0.353436
v -9.265882 1.559214 -0.068878
v -9.266928 1.540310 -0.354286
v -9.263165 1.570377 -0.069627
v -9.264210 1.551473 -0.355035
v -9.259371 1.579964 -0.070276
v -9.260416 1.561061 -0.355684
v -9.254505 1.587977 -0.070824
v -9.255550 1.569073 -0.356232
v -9.248562 1.594413 -0.071273
v -9.249607 1.575509 -0.356681
v -9.241547 1.599272 -0.071620
v -9.242592 1.580368 -0.357028
v -9.233458 1.602556 -0.071867
v -9.234503 1.583653 -0.357275
v -9.224293 1.604265 -0.072014
v -9.225338 1.585361 -0.357422
v -9.214056 1.604398 -0.072060
v -9.215101 1.585494 -0.357468
v -9.202744 1.602955 -0.072006
v -9.203789 1.584051 -0.357414
vn -0.0036 -0.0661 -0.9978
vn -0.0037 -0.0661 -0.9978
vn 0.0036 0.0661 0.9978
vn 0.0216 -0.0661 -0.9976
vn -0.0216 0.0661 0.9976
vn 0.0037 0.0661 0.9978
vn 0.0289 0.0660 0.9974
vn -0.0289 -0.0660 -0.9974
vn 0.9430 -0.3323 0.0186
vn 0.9708 -0.2396 0.0123
vn 0.9805 -0.1961 0.0094
vn 0.9900 -0.1412 0.0057
vn 0.9975 -0.0706 0.0010
vn 0.9998 0.0215 -0.0051
vn 0.9896 0.1431 -0.0131
vn 0.9532 0.3014 -0.0234
vn 0.8677 0.4957 -0.0360
vn 0.7096 0.7029 -0.0492
vn 0.4816 0.8743 -0.0597
vn 0.2303 0.9709 -0.0652
vn 0.0489 0.9966 -0.0662
vn -0.0208 0.9976 -0.0660
vn -0.0459 0.9968 -0.0659
vn -0.0735 0.9951 -0.0656
vn -0.1041 0.9924 -0.0654
vn -0.1380 0.9883 -0.0650
vn -0.1757 0.9823 -0.0644
vn -0.2176 0.9740 -0.0637
vn -0.2642 0.9624 -0.0628
vn -0.3160 0.9468 -0.0616
vn -0.3732 0.9258 -0.0600
vn -0.4362 0.8980 -0.0579
vn -0.4245 0.9035 -0.0583
vn -0.3968 0.9160 -0.0592
vn -0.4323 0.8998 -0.0580
vn -0.4679 0.8820 -0.0567
vn -0.5033 0.8623 -0.0553
vn -0.5384 0.8410 -0.0537
vn -0.5730 0.8179 -0.0521
vn -0.6069 0.7932 -0.0503
vn -0.6398 0.7670 -0.0485
vn -0.6716 0.7394 -0.0465
vn -0.7022 0.7106 -0.0445
vn -0.7313 0.6807 -0.0424
vn -0.7264 0.6860 -0.0428
vn -0.7335 0.6784 -0.0423
vn -0.7871 0.6157 -0.0379
vn -0.8419 0.5387 -0.0326
vn -0.8949 0.4454 -0.0262
vn -0.9420 0.3352 -0.0188
vn -0.9778 0.2095 -0.0103
vn -0.9973 0.0728 -0.0012
vn -0.9977 -0.0680 0.0081
vn -0.9787 -0.2048 0.0171
vn -0.9434 -0.3306 0.0253
vn -0.8969 -0.4411 0.0325
vn -0.9479 -0.3177 0.0245
vn -0.9900 -0.1408 0.0129
vn -0.9896 -0.1435 0.0131
vn -0.9891 -0.1464 0.0133
vn -0.9887 -0.1496 0.0135
vn -0.9881 -0.1531 0.0138
vn -0.9875 -0.1569 0.0140
vn -0.9868 -0.1611 0.0143
vn -0.9861 -0.1658 0.0146
vn -0.9852 -0.1709 0.0149
vn -0.9841 -0.1768 0.0153
vn -0.9829 -0.1833 0.0157
vn -0.7617 0.6467 -0.0401
vn 0.2513 0.9657 -0.0649
vn 0.2580 0.9640 -0.0648
vn 0.2657 0.9619 -0.0647
vn 0.2748 0.9593 -0.0645
vn 0.2855 0.9562 -0.0644
vn 0.2984 0.9523 -0.0642
vn 0.3142 0.9472 -0.0639
vn 0.3341 0.9404 -0.0635
vn 0.3597 0.9309 -0.0630
vn 0.3939 0.9170 -0.0622
vn 0.4417 0.8951 -0.0609
vn 0.5870 0.8077 -0.0556
vn 0.6782 0.7331 -0.0510
vn 0.6536 0.7550 -0.0524
vn 0.6250 0.7787 -0.0539
vn 0.5917 0.8043 -0.0554
vn 0.5525 0.8316 -0.0571
vn 0.5062 0.8604 -0.0588
vn 0.4515 0.8902 -0.0606
vn 0.3866 0.9201 -0.0624
vn 0.3101 0.9486 -0.0640
vn 0.2204 0.9732 -0.0653
vn 0.1170 0.9909 -0.0661
vn 0.0007 0.9978 -0.0661
vn -0.1016 0.9927 -0.0654
vn -0.1682 0.9836 -0.0645
vn -0.2107 0.9755 -0.0638
vn -0.2402 0.9686 -0.0633
vn -0.2618 0.9631 -0.0628
vn -0.2783 0.9585 -0.0625
vn -0.2913 0.9546 -0.0622
vn -0.3018 0.9514 -0.0619
vn -0.3104 0.9486 -0.0617
vn -0.3177 0.9462 -0.0615
vn -0.3239 0.9441 -0.0614
vn -0.2928 0.9542 -0.0621
vn -0.2941 0.9538 -0.0621
vn -0.3692 0.9274 -0.0601
vn -0.4520 0.8902 -0.0573
vn -0.5410 0.8393 -0.0536
vn -0.6335 0.7722 -0.0488
vn -0.7249 0.6875 -0.0429
vn -0.8094 0.5862 -0.0359
vn -0.8813 0.4717 -0.0280
vn -0.9366 0.3500 -0.0198
vn -0.9737 0.2277 -0.0115
vn -0.9938 0.1110 -0.0037
vn -1.0000 0.0026 0.0035
vn -0.9941 -0.1076 0.0108
vn -0.9726 -0.2316 0.0189
vn -0.9292 -0.3684 0.0278
vn -0.8593 -0.5101 0.0369
vn -0.7625 -0.6454 0.0455
vn -0.6448 -0.7626 0.0529
vn -0.5169 -0.8541 0.0585
vn -0.3902 -0.9186 0.0623
vn -0.2730 -0.9599 0.0646
vn -0.1692 -0.9834 0.0658
vn -0.0797 -0.9946 0.0662
vn -0.0749 -0.9950 0.0662
vn -0.1143 -0.9912 0.0661
vn -0.1209 -0.9905 0.0660
vn -0.1280 -0.9896 0.0660
vn -0.1356 -0.9886 0.0660
vn -0.1436 -0.9874 0.0659
vn -0.1522 -0.9861 0.0659
vn -0.1615 -0.9847 0.0658
vn -0.1714 -0.9830 0.0657
vn -0.1822 -0.9811 0.0656
vn -0.1937 -0.9789 0.0655
vn -0.2063 -0.9763 0.0654
vn -0.9781 -0.2073 0.0173
vn -0.6795 0.7323 -0.0460
vn -0.6741 0.7372 -0.0464
vn -0.6683 0.7424 -0.0467
vn -0.6619 0.7481 -0.0471
vn -0.6549 0.7542 -0.0476
vn -0.6472 0.7608 -0.0480
vn -0.6387 0.7679 -0.0485
vn -0.6293 0.7756 -0.0491
vn -0.6187 0.7840 -0.0497
vn -0.5935 0.8032 -0.0510
vn -0.5515 0.8325 -0.0531
vn -0.5113 0.8577 -0.0549
vn -0.5032 0.8624 -0.0553
vn -0.4951 0.8670 -0.0556
vn -0.4870 0.8716 -0.0559
vn -0.4789 0.8760 -0.0563
vn -0.4708 0.8804 -0.0566
vn -0.4627 0.8847 -0.0569
vn -0.4546 0.8889 -0.0572
vn -0.4464 0.8930 -0.0575
vn -0.4383 0.8970 -0.0578
vn -0.4302 0.9009 -0.0581
vn -0.4008 0.9143 -0.0591
vn -0.3902 0.9188 -0.0594
vn -0.4228 0.9043 -0.0584
vn -0.4605 0.8858 -0.0570
vn -0.5044 0.8617 -0.0552
vn -0.5556 0.8298 -0.0529
vn -0.6153 0.7867 -0.0499
vn -0.6842 0.7279 -0.0457
vn -0.7614 0.6471 -0.0401
vn -0.8432 0.5366 -0.0325
vn -0.9205 0.3901 -0.0225
vn -0.9781 0.2079 -0.0102
vn -0.9998 0.0201 0.0023
vn -0.9904 -0.1373 0.0127
vn -0.9628 -0.2694 0.0214
vn -0.9213 -0.3879 0.0291
vn -0.8710 -0.4899 0.0356
vn -0.8170 -0.5751 0.0411
vn -0.7628 -0.6450 0.0455
vn -0.7108 -0.7017 0.0491
vn -0.6623 -0.7475 0.0519
vn -0.6177 -0.7845 0.0542
vn -0.5772 -0.8147 0.0561
vn -0.5405 -0.8394 0.0576
vn -0.3966 -0.9159 0.0621
vn -0.2529 -0.9653 0.0649
vn -0.2420 -0.9681 0.0650
vn -0.2299 -0.9710 0.0652
vn -0.2163 -0.9741 0.0653
vn -0.2010 -0.9774 0.0655
vn -0.1836 -0.9808 0.0656
vn -0.1637 -0.9843 0.0658
vn -0.1408 -0.9878 0.0659
vn -0.1142 -0.9913 0.0661
vn -0.0829 -0.9944 0.0662
vn -0.0457 -0.9968 0.0662
vn -0.1069 -0.9921 0.0661
vn -0.1410 -0.9878 0.0659
vn -0.0429 -0.9969 0.0662
vn 0.0636 -0.9958 0.0657
vn 0.1757 -0.9823 0.0644
vn 0.2894 -0.9552 0.0622
vn 0.4000 -0.9146 0.0591
vn 0.5030 -0.8625 0.0553
vn 0.5952 -0.8020 0.0509
vn 0.6748 -0.7366 0.0463
vn 0.7415 -0.6696 0.0416
vn 0.7962 -0.6039 0.0371
vn 0.7894 -0.6127 0.0377
vn 0.7533 -0.6564 0.0407
vn 0.7474 -0.6631 0.0412
vn 0.7411 -0.6701 0.0417
vn 0.7344 -0.6774 0.0422
vn 0.7271 -0.6852 0.0427
vn 0.7194 -0.6932 0.0433
vn 0.7111 -0.7018 0.0439
vn 0.7021 -0.7107 0.0445
vn 0.6923 -0.7202 0.0452
vn 0.6818 -0.7301 0.0459
vn 0.6704 -0.7405 0.0466
vn -0.0803 -0.9946 0.0662
vn -0.8999 -0.4348 0.0321
vn -0.9713 -0.2372 0.0193
vn -0.9588 -0.2834 0.0223
vn -0.9446 -0.3273 0.0251
vn -0.9247 -0.3796 0.0285
vn -0.8965 -0.4419 0.0325
vn -0.8557 -0.5162 0.0373
vn -0.7960 -0.6038 0.0429
vn -0.7087 -0.7038 0.0492
vn -0.5838 -0.8100 0.0558
vn -0.4145 -0.9080 0.0617
vn -0.2067 -0.9762 0.0654
vn 0.0159 -0.9977 0.0660
vn 0.2116 -0.9753 0.0638
vn 0.3123 -0.9480 0.0616
vn 0.3473 -0.9358 0.0607
vn 0.3840 -0.9214 0.0596
vn 0.4224 -0.9045 0.0584
vn 0.4623 -0.8849 0.0569
vn 0.5036 -0.8622 0.0553
vn 0.5459 -0.8361 0.0534
vn 0.5890 -0.8065 0.0513
vn 0.6324 -0.7731 0.0489
vn 0.6756 -0.7358 0.0463
vn 0.7180 -0.6946 0.0434
vn 0.6960 -0.7166 0.0449
vn 0.6411 -0.7659 0.0484
vn 0.6217 -0.7817 0.0495
vn 0.5991 -0.7991 0.0507
vn 0.5724 -0.8183 0.0521
vn 0.5406 -0.8395 0.0536
vn 0.5024 -0.8629 0.0553
vn 0.4558 -0.8882 0.0572
vn 0.3986 -0.9152 0.0592
vn 0.3275 -0.9429 0.0613
vn 0.2389 -0.9690 0.0633
vn 0.1290 -0.9895 0.0651
vn -0.0842 -0.9942 0.0662
vn -0.2362 -0.9695 0.0651
vn -0.2412 -0.9683 0.0650
vn -0.2453 -0.9673 0.0650
vn -0.2486 -0.9664 0.0649
vn -0.2514 -0.9657 0.0649
vn -0.2538 -0.9651 0.0649
vn -0.2558 -0.9645 0.0648
vn -0.2576 -0.9641 0.0648
vn -0.2592 -0.9637 0.0648
vn -0.2605 -0.9633 0.0648
vn -0.2618 -0.9630 0.0647
vn -0.8306 -0.5555 0.0398
vn -0.9998 0.0185 0.0024
vn -0.9994 0.0358 0.0013
vn -0.9985 0.0548 -0.0000
vn -0.9971 0.0755 -0.0014
vn -0.9951 0.0984 -0.0029
vn -0.9923 0.1236 -0.0046
vn -0.9884 0.1515 -0.0064
vn -0.9832 0.1825 -0.0085
vn -0.9761 0.2170 -0.0108
vn -0.9667 0.2554 -0.0134
vn -0.9543 0.2983 -0.0163
vn -0.9174 0.3974 -0.0230
vn -0.8714 0.4897 -0.0292
vn -0.8502 0.5255 -0.0317
vn -0.8239 0.5658 -0.0345
vn -0.7908 0.6110 -0.0376
vn -0.7489 0.6614 -0.0411
vn -0.6957 0.7170 -0.0449
vn -0.6278 0.7768 -0.0492
vn -0.5419 0.8387 -0.0536
vn -0.4349 0.8986 -0.0579
vn -0.3059 0.9501 -0.0618
vn -0.1576 0.9854 -0.0647
vn -0.1921 0.9793 -0.0642
vn -0.2879 0.9556 -0.0622
vn -0.2606 0.9634 -0.0629
vn -0.2333 0.9703 -0.0634
vn -0.2061 0.9764 -0.0639
vn -0.1790 0.9817 -0.0644
vn -0.1521 0.9862 -0.0648
vn -0.1255 0.9900 -0.0651
vn -0.0991 0.9929 -0.0654
vn -0.0732 0.9952 -0.0656
vn -0.0476 0.9967 -0.0658
vn -0.0225 0.9976 -0.0660
vn 0.0049 0.9978 -0.0661
vn 0.0373 0.9971 -0.0662
vn 0.0718 0.9952 -0.0662
vn 0.1056 0.9922 -0.0661
vn 0.1385 0.9882 -0.0660
vn 0.1705 0.9832 -0.0657
vn 0.2015 0.9773 -0.0655
vn 0.2315 0.9706 -0.0651
vn 0.2605 0.9633 -0.0648
vn 0.2883 0.9554 -0.0643
vn 0.3151 0.9469 -0.0639
vn 0.3408 0.9380 -0.0634
vn 0.4310 0.9003 -0.0612
vn 0.5014 0.8632 -0.0590
vn 0.4954 0.8667 -0.0592
vn 0.4887 0.8704 -0.0594
vn 0.4812 0.8746 -0.0597
vn 0.4728 0.8791 -0.0600
vn 0.4633 0.8842 -0.0603
vn 0.4525 0.8897 -0.0606
vn 0.4401 0.8959 -0.0609
vn 0.4257 0.9028 -0.0614
vn 0.4089 0.9105 -0.0618
vn 0.3889 0.9192 -0.0623
vn 0.1391 0.9881 -0.0660
vn -0.1317 0.9892 -0.0650
vn -0.1703 0.9833 -0.0645
vn -0.2110 0.9754 -0.0638
vn -0.2538 0.9652 -0.0630
vn -0.2985 0.9524 -0.0620
vn -0.3450 0.9366 -0.0608
vn -0.3930 0.9176 -0.0593
vn -0.4421 0.8951 -0.0577
vn -0.4920 0.8688 -0.0557
vn -0.5420 0.8387 -0.0536
vn -0.5915 0.8047 -0.0511
vn -0.6869 0.7253 -0.0455
vn -0.7861 0.6169 -0.0380
vn -0.8585 0.5119 -0.0308
vn -0.9312 0.3640 -0.0207
vn -0.9863 0.1647 -0.0073
vn -0.9970 -0.0774 0.0088
vn -0.9442 -0.3284 0.0252
vn -0.8375 -0.5451 0.0392
vn -0.7084 -0.7041 0.0492
vn -0.5847 -0.8093 0.0557
vn -0.4786 -0.8760 0.0598
vn -0.3916 -0.9180 0.0622
vn -0.2183 -0.9737 0.0653
vn -0.0755 -0.9949 0.0662
vn -0.0708 -0.9953 0.0662
vn -0.0658 -0.9956 0.0662
vn -0.0606 -0.9960 0.0662
vn -0.0549 -0.9963 0.0662
vn -0.0489 -0.9966 0.0662
vn -0.0424 -0.9969 0.0662
vn -0.0355 -0.9972 0.0662
vn -0.0281 -0.9974 0.0662
vn -0.0201 -0.9976 0.0662
vn -0.0115 -0.9977 0.0661
vn 0.0005 -0.9978 0.0661
vn 0.0189 -0.9976 0.0660
vn 0.0425 -0.9969 0.0659
vn 0.0694 -0.9954 0.0657
vn 0.1003 -0.9928 0.0654
vn 0.1362 -0.9886 0.0650
vn 0.1780 -0.9819 0.0644
vn 0.2270 -0.9718 0.0635
vn 0.2850 -0.9565 0.0623
vn 0.3536 -0.9334 0.0605
vn 0.4346 -0.8987 0.0579
vn 0.5289 -0.8469 0.0542
vn 0.6049 -0.7947 0.0504
vn 0.6827 -0.7293 0.0458
vn 0.7699 -0.6369 0.0394
vn 0.8360 -0.5477 0.0332
vn 0.8847 -0.4652 0.0276
vn 0.9200 -0.3913 0.0226
vn 0.9452 -0.3260 0.0181
vn 0.9631 -0.2689 0.0143
vn 0.9757 -0.2189 0.0109
vn 0.9845 -0.1753 0.0080
vn 0.9905 -0.1371 0.0055
vn 0.9946 -0.1034 0.0032
vn 0.6082 -0.7922 0.0502
vn -0.3363 -0.9396 0.0635
vn -0.3088 -0.9490 0.0640
vn -0.2832 -0.9569 0.0644
vn -0.2594 -0.9636 0.0648
vn -0.2373 -0.9693 0.0651
vn -0.2167 -0.9741 0.0653
vn -0.1975 -0.9781 0.0655
vn -0.1795 -0.9816 0.0657
vn -0.1627 -0.9845 0.0658
vn -0.1470 -0.9869 0.0659
vn -0.1323 -0.9890 0.0660
vn -0.5668 -0.8219 0.0565
vn -0.8403 -0.5407 0.0389
vn -0.8046 -0.5924 0.0422
vn -0.7613 -0.6468 0.0456
vn -0.7093 -0.7032 0.0492
vn -0.6478 -0.7600 0.0527
vn -0.5761 -0.8154 0.0561
vn -0.4944 -0.8672 0.0592
vn -0.4038 -0.9127 0.0619
vn -0.3063 -0.9498 0.0640
vn -0.2048 -0.9766 0.0654
vn -0.1025 -0.9925 0.0661
vn -0.0952 -0.9933 0.0661
vn -0.0407 -0.9970 0.0662
vn 0.1569 -0.9855 0.0647
vn 0.3432 -0.9373 0.0608
vn 0.5012 -0.8636 0.0554
vn 0.6252 -0.7789 0.0493
vn 0.7178 -0.6948 0.0434
vn 0.7857 -0.6175 0.0380
vn 0.8351 -0.5491 0.0333
vn 0.8713 -0.4899 0.0293
vn 0.8982 -0.4389 0.0258
vn 0.9184 -0.3950 0.0228
vn 0.8612 -0.5073 0.0305
vn 0.7862 -0.6168 0.0380
vn 0.8136 -0.5803 0.0355
vn 0.8411 -0.5399 0.0327
vn 0.8681 -0.4955 0.0296
vn 0.8943 -0.4468 0.0263
vn 0.9189 -0.3937 0.0227
vn 0.9415 -0.3365 0.0188
vn 0.9613 -0.2752 0.0147
vn 0.9775 -0.2105 0.0104
vn 0.9897 -0.1428 0.0058
vn 0.9973 -0.0731 0.0012
vn 0.9997 -0.0235 -0.0021
vn 0.9999 -0.0158 -0.0026
vn 0.9996 -0.0293 -0.0017
vn 0.9991 -0.0430 -0.0008
vn 0.9984 -0.0568 0.0001
vn 0.9964 -0.0846 0.0020
vn 0.9951 -0.0987 0.0029
vn 0.9936 -0.1129 0.0038
vn 0.9919 -0.1272 0.0048
vn 0.9899 -0.1415 0.0058
vn 0.9877 -0.1560 0.0067
vn 0.9601 -0.2794 0.0150
vn 0.2082 -0.9760 0.0639
vn -0.7328 -0.6788 0.0476
vn -0.7302 -0.6816 0.0478
vn -0.7275 -0.6844 0.0480
vn -0.7247 -0.6874 0.0482
vn -0.7219 -0.6903 0.0484
vn -0.7190 -0.6933 0.0486
vn -0.7160 -0.6964 0.0487
vn -0.7129 -0.6995 0.0489
vn -0.7098 -0.7027 0.0491
vn -0.7065 -0.7060 0.0493
vn -0.7032 -0.7093 0.0495
vn -0.5655 -0.8228 0.0566
vn -0.3750 -0.9249 0.0626
vn -0.3017 -0.9513 0.0641
vn -0.1848 -0.9806 0.0656
vn 0.3579 -0.9318 0.0604
vn 0.7660 -0.6416 0.0397
vn 0.9775 -0.2108 0.0104
vn 0.9927 0.1203 -0.0116
vn 0.9500 0.3114 -0.0241
vn 0.9065 0.4211 -0.0312
vn 0.8714 0.4892 -0.0356
vn 0.8406 0.5403 -0.0389
vn 0.8320 0.5534 -0.0397
vn 0.8464 0.5311 -0.0383
vn 0.8605 0.5081 -0.0368
vn 0.8742 0.4843 -0.0353
vn 0.8874 0.4597 -0.0337
vn 0.9001 0.4345 -0.0321
vn 0.9122 0.4086 -0.0304
vn 0.9237 0.3821 -0.0287
vn 0.9345 0.3550 -0.0269
vn 0.9446 0.3274 -0.0251
vn 0.9539 0.2994 -0.0233
vn 0.7816 -0.6226 0.0384
vn -0.3058 -0.9499 0.0640
vn -0.3054 -0.9501 0.0640
vn -0.3048 -0.9502 0.0641
vn -0.3042 -0.9504 0.0641
vn -0.3035 -0.9507 0.0641
vn -0.3026 -0.9510 0.0641
vn -0.3015 -0.9513 0.0641
vn -0.3000 -0.9518 0.0641
vn -0.2979 -0.9524 0.0642
vn -0.2950 -0.9533 0.0642
vn -0.2903 -0.9548 0.0643
vn 0.0465 -0.9967 0.0659
vn 0.3838 -0.9215 0.0596
vn 0.4066 -0.9117 0.0589
vn 0.4300 -0.9009 0.0581
vn 0.4540 -0.8892 0.0572
vn 0.4784 -0.8763 0.0563
vn 0.5033 -0.8623 0.0553
vn 0.5286 -0.8471 0.0542
vn 0.5543 -0.8307 0.0530
vn 0.5801 -0.8129 0.0517
vn 0.6061 -0.7938 0.0504
vn 0.6322 -0.7733 0.0489
vn 0.7129 -0.6999 0.0438
vn 0.7896 -0.6125 0.0377
vn 0.8259 -0.5627 0.0343
vn 0.8700 -0.4922 0.0294
vn 0.9214 -0.3880 0.0223
vn 0.9733 -0.2291 0.0116
vn 0.9999 0.0092 -0.0043
vn 0.9460 0.3233 -0.0249
vn 0.7689 0.6378 -0.0451
vn 0.5193 0.8526 -0.0584
vn 0.2929 0.9540 -0.0643
vn 0.1249 0.9900 -0.0660
vn 0.0942 0.9934 -0.0661
vn 0.1348 0.9887 -0.0660
vn 0.1386 0.9882 -0.0660
vn 0.1426 0.9876 -0.0659
vn 0.1469 0.9869 -0.0659
vn 0.1515 0.9863 -0.0659
vn 0.1564 0.9855 -0.0658
vn 0.1616 0.9847 -0.0658
vn 0.1671 0.9837 -0.0658
vn 0.1730 0.9827 -0.0657
vn 0.1794 0.9816 -0.0657
vn 0.1863 0.9803 -0.0656
vn 0.2278 0.9715 -0.0652
vn 0.2676 0.9613 -0.0647
vn 0.2726 0.9600 -0.0646
vn 0.2777 0.9585 -0.0645
vn 0.2830 0.9570 -0.0644
vn 0.2884 0.9553 -0.0643
vn 0.2941 0.9536 -0.0642
vn 0.3001 0.9518 -0.0641
vn 0.3062 0.9498 -0.0640
vn 0.3126 0.9477 -0.0639
vn 0.3192 0.9455 -0.0638
vn 0.3262 0.9432 -0.0637
vn 0.7934 0.6071 -0.0431
vn 0.9882 0.1523 -0.0137
vn 0.9891 0.1463 -0.0133
vn 0.9901 0.1400 -0.0129
vn 0.9910 0.1333 -0.0125
vn 0.9919 0.1261 -0.0120
vn 0.9929 0.1184 -0.0115
vn 0.9939 0.1102 -0.0109
vn 0.9948 0.1013 -0.0103
vn 0.9957 0.0918 -0.0097
vn 0.9966 0.0815 -0.0090
vn 0.9975 0.0703 -0.0083
vn 0.9995 0.0311 -0.0057
vn 1.0000 -0.0024 -0.0035
vn 0.8936 -0.4482 0.0264
vn 0.5876 -0.8075 0.0513
vn 0.6571 -0.7523 0.0474
vn 0.7132 -0.6996 0.0437
vn 0.7582 -0.6507 0.0403
vn 0.7945 -0.6061 0.0372
vn 0.8239 -0.5656 0.0345
vn 0.8479 -0.5292 0.0320
vn 0.8676 -0.4964 0.0297
vn 0.8839 -0.4669 0.0277
vn 0.8975 -0.4403 0.0259
vn 0.9089 -0.4162 0.0242
vn -0.6269 -0.7772 0.0538
vn -0.9479 -0.3175 0.0245
vn -0.9440 -0.3289 0.0252
vn -0.9397 -0.3409 0.0260
vn -0.9351 -0.3534 0.0268
vn -0.9300 -0.3665 0.0277
vn -0.9244 -0.3803 0.0286
vn -0.9183 -0.3947 0.0295
vn -0.9116 -0.4099 0.0305
vn -0.9043 -0.4258 0.0315
vn -0.8962 -0.4425 0.0326
vn -0.8873 -0.4600 0.0337
vn -0.8846 -0.4651 0.0340
vn -0.8826 -0.4688 0.0343
vn -0.8749 -0.4830 0.0352
vn -0.8678 -0.4956 0.0360
vn -0.8612 -0.5069 0.0367
vn -0.8551 -0.5171 0.0374
vn -0.8495 -0.5263 0.0380
vn -0.8442 -0.5346 0.0385
vn -0.8393 -0.5423 0.0390
vn -0.8347 -0.5492 0.0394
vn -0.8305 -0.5556 0.0398
vn -0.8265 -0.5615 0.0402
vn -0.9828 0.1846 -0.0086
vn -0.1481 0.9868 -0.0648
vn 0.8225 0.5673 -0.0406
vn 1.0000 -0.0069 -0.0032
vn 0.9998 -0.0212 -0.0023
vn 0.9991 -0.0414 -0.0009
vn 0.9980 -0.0635 0.0006
vn 0.9962 -0.0876 0.0022
vn 0.9934 -0.1142 0.0039
vn 0.9896 -0.1434 0.0059
vn 0.9844 -0.1757 0.0080
vn 0.9774 -0.2113 0.0104
vn 0.9680 -0.2506 0.0131
vn 0.9556 -0.2941 0.0160
vn 0.9395 -0.3421 0.0192
vn 0.9008 -0.4334 0.0254
vn 0.8647 -0.5015 0.0301
vn 0.8611 -0.5075 0.0305
vn 0.8570 -0.5143 0.0309
vn 0.8524 -0.5220 0.0315
vn 0.8470 -0.5307 0.0321
vn 0.8407 -0.5406 0.0327
vn 0.8332 -0.5520 0.0335
vn 0.8241 -0.5653 0.0344
vn 0.8131 -0.5811 0.0355
vn 0.7992 -0.5999 0.0368
vn 0.7815 -0.6227 0.0384
vn 0.8715 -0.4895 0.0292
vn 0.9451 -0.3263 0.0182
vn 0.9527 -0.3034 0.0166
vn 0.9614 -0.2746 0.0147
vn 0.9713 -0.2375 0.0122
vn 0.9821 -0.1881 0.0089
vn 0.9928 -0.1197 0.0043
vn 0.9998 -0.0208 -0.0023
vn 0.9917 0.1283 -0.0121
vn 0.9350 0.3537 -0.0268
vn 0.7570 0.6518 -0.0459
vn 0.4093 0.9103 -0.0618
vn 0.0964 0.9931 -0.0661
vn -0.5865 0.8083 -0.0514
vn -0.6659 0.7445 -0.0469
vn -0.6739 0.7374 -0.0464
vn -0.6819 0.7300 -0.0459
vn -0.6901 0.7223 -0.0453
vn -0.6984 0.7143 -0.0448
vn -0.7067 0.7061 -0.0442
vn -0.7152 0.6976 -0.0436
vn -0.7238 0.6887 -0.0430
vn -0.7324 0.6795 -0.0423
vn -0.7412 0.6700 -0.0417
vn -0.7500 0.6602 -0.0410
vn -0.7636 0.6445 -0.0399
vn -0.7872 0.6155 -0.0379
vn -0.8172 0.5753 -0.0351
vn -0.8489 0.5277 -0.0318
vn -0.8817 0.4709 -0.0280
vn -0.9147 0.4034 -0.0234
vn -0.9461 0.3233 -0.0180
vn -0.9732 0.2296 -0.0116
vn -0.9926 0.1217 -0.0044
vn -1.0000 0.0013 0.0036
vn -0.9917 -0.1281 0.0121
vn -0.9653 -0.2605 0.0208
vn -0.9647 -0.2623 0.0209
vn -0.9815 -0.1909 0.0162
vn -0.9840 -0.1775 0.0154
vn -0.9860 -0.1659 0.0146
vn -0.9877 -0.1556 0.0139
vn -0.9891 -0.1465 0.0133
vn -0.9903 -0.1384 0.0128
vn -0.9913 -0.1311 0.0123
vn -0.9921 -0.1245 0.0119
vn -0.9929 -0.1186 0.0115
vn -0.9935 -0.1131 0.0111
vn -0.9941 -0.1082 0.0108
vn -0.7193 0.6934 -0.0433
vn 0.5542 0.8304 -0.0570
vn 0.4281 0.9017 -0.0613
vn -0.0430 0.9969 -0.0659
vn -0.0837 0.9943 -0.0656
vn -0.1196 0.9907 -0.0652
vn -0.1516 0.9863 -0.0648
vn -0.1802 0.9815 -0.0644
vn -0.2057 0.9765 -0.0639
vn -0.2287 0.9714 -0.0635
vn -0.2494 0.9663 -0.0631
vn -0.2681 0.9613 -0.0627
vn -0.2852 0.9564 -0.0623
vn -0.3007 0.9517 -0.0619
vn 0.8867 0.4610 -0.0338
vn 0.7844 -0.6191 0.0381
vn 0.7817 -0.6224 0.0384
vn 0.7791 -0.6257 0.0386
vn 0.7766 -0.6288 0.0388
vn 0.7742 -0.6318 0.0390
vn 0.7718 -0.6346 0.0392
vn 0.7695 -0.6374 0.0394
vn 0.7673 -0.6401 0.0396
vn 0.7651 -0.6427 0.0398
vn 0.7630 -0.6452 0.0399
vn 0.7609 -0.6476 0.0401
vn 0.4351 -0.8985 0.0579
vn -0.1146 -0.9912 0.0661
vn -0.8133 -0.5804 0.0414
vn -0.6194 0.7835 -0.0496
vn 0.5070 0.8600 -0.0588
vn 0.7038 0.7087 -0.0495
vn 0.8221 0.5679 -0.0406
vn 0.7611 0.6470 -0.0456
vn 0.6846 0.7272 -0.0507
vn 0.5919 0.8041 -0.0554
vn 0.4844 0.8728 -0.0596
vn 0.3660 0.9285 -0.0628
vn 0.2423 0.9680 -0.0650
vn 0.1196 0.9906 -0.0661
vn 0.0035 0.9978 -0.0661
vn -0.1023 0.9926 -0.0654
vn -0.1961 0.9785 -0.0641
vn -0.2345 0.9700 -0.0634
vn -0.2412 0.9684 -0.0633
vn -0.2497 0.9663 -0.0631
vn -0.2587 0.9639 -0.0629
vn -0.2684 0.9613 -0.0627
vn -0.2789 0.9583 -0.0625
vn -0.2901 0.9550 -0.0622
vn -0.3022 0.9512 -0.0619
vn -0.3152 0.9470 -0.0616
vn -0.3294 0.9422 -0.0612
vn -0.3448 0.9367 -0.0608
vn -0.4542 0.8891 -0.0572
vn -0.5966 0.8009 -0.0509
vn -0.6948 0.7178 -0.0450
vn -0.7933 0.6077 -0.0374
vn -0.8822 0.4701 -0.0279
vn -0.9501 0.3114 -0.0172
vn -0.9896 0.1440 -0.0059
vn -0.9998 -0.0178 0.0048
vn -0.9865 -0.1629 0.0144
vn -0.9579 -0.2863 0.0225
vn -0.9214 -0.3875 0.0290
vn -0.8824 -0.4692 0.0343
vn -0.6415 -0.7653 0.0530
vn -0.3033 -0.9507 0.0641
vn -0.2886 -0.9553 0.0643
vn -0.2752 -0.9592 0.0645
vn -0.2630 -0.9626 0.0647
vn -0.2518 -0.9656 0.0649
vn -0.2415 -0.9682 0.0650
vn -0.2320 -0.9705 0.0651
vn -0.2231 -0.9726 0.0652
vn -0.2150 -0.9744 0.0653
vn -0.2074 -0.9761 0.0654
vn -0.2003 -0.9775 0.0655
vn -0.8112 -0.5833 0.0416
vn -1.0000 -0.0038 0.0039
vn -0.9999 -0.0104 0.0043
vn -0.9998 -0.0175 0.0048
vn -0.9997 -0.0252 0.0053
vn -0.9994 -0.0335 0.0059
vn -0.9991 -0.0425 0.0065
vn -0.9986 -0.0524 0.0071
vn -0.9980 -0.0632 0.0078
vn -0.9971 -0.0750 0.0086
vn -0.9961 -0.0881 0.0095
vn -0.9947 -0.1026 0.0104
vn -0.7074 0.7054 -0.0441
vn 0.3310 0.9415 -0.0636
vn 0.3426 0.9373 -0.0633
vn 0.3541 0.9331 -0.0631
vn 0.3655 0.9287 -0.0628
vn 0.3767 0.9242 -0.0626
vn 0.3877 0.9197 -0.0623
vn 0.3985 0.9151 -0.0621
vn 0.4092 0.9103 -0.0618
vn 0.4197 0.9056 -0.0615
vn 0.4301 0.9007 -0.0612
vn 0.4403 0.8958 -0.0609
vn 0.5084 0.8591 -0.0588
vn 0.5170 0.8540 -0.0585
vn 0.4101 0.9100 -0.0618
vn 0.3011 0.9514 -0.0641
vn 0.1948 0.9786 -0.0655
vn 0.0948 0.9933 -0.0661
vn 0.0034 0.9978 -0.0661
vn -0.0786 0.9947 -0.0656
vn -0.1511 0.9864 -0.0648
vn -0.2146 0.9746 -0.0638
vn -0.2701 0.9608 -0.0627
vn -0.3186 0.9459 -0.0615
vn 0.5160 0.8546 -0.0585
vn 0.9802 0.1971 -0.0166
vn 0.9982 0.0603 -0.0076
vn 0.9654 -0.2606 0.0137
vn 0.5020 -0.8631 0.0553
vn 0.3988 -0.9151 0.0592
vn 0.2778 -0.9586 0.0625
vn 0.1421 -0.9877 0.0649
vn 0.6908 -0.7216 0.0453
vn -0.2300 -0.9710 0.0652
vn -0.8779 -0.4775 0.0348
vn -0.6272 0.7773 -0.0492
vn 0.1571 0.9854 -0.0658
vn 0.1670 0.9838 -0.0658
vn 0.1767 0.9821 -0.0657
vn 0.1862 0.9803 -0.0656
vn 0.1954 0.9785 -0.0655
vn 0.2044 0.9767 -0.0654
vn 0.2131 0.9748 -0.0653
vn 0.2217 0.9729 -0.0653
vn 0.2300 0.9710 -0.0652
vn 0.2382 0.9690 -0.0651
vn 0.2461 0.9671 -0.0650
vn 0.8260 0.5622 -0.0403
vn 1.0000 -0.0083 -0.0031
vn 0.9999 -0.0147 -0.0027
vn 0.9998 -0.0219 -0.0022
vn 0.9995 -0.0300 -0.0017
vn 0.9992 -0.0393 -0.0010
vn 0.9988 -0.0499 -0.0003
vn 0.9981 -0.0622 0.0005
vn 0.9971 -0.0767 0.0014
vn 0.9956 -0.0938 0.0026
vn 0.9934 -0.1144 0.0039
vn 0.9902 -0.1398 0.0056
vn 0.6028 -0.7963 0.0505
vn -0.2771 -0.9587 0.0645
vn -0.2704 -0.9606 0.0646
vn -0.2627 -0.9627 0.0647
vn -0.2536 -0.9651 0.0649
vn -0.2428 -0.9679 0.0650
vn -0.2297 -0.9711 0.0652
vn -0.2134 -0.9748 0.0653
vn -0.1929 -0.9790 0.0656
vn -0.1659 -0.9839 0.0658
vn -0.1293 -0.9894 0.0660
vn -0.0768 -0.9948 0.0662
vn -0.0080 -0.9978 0.0661
vn 0.0585 -0.9961 0.0658
vn 0.1134 -0.9914 0.0653
vn 0.1622 -0.9846 0.0646
vn 0.2055 -0.9766 0.0639
vn 0.2440 -0.9677 0.0632
vn 0.2783 -0.9584 0.0625
vn 0.3090 -0.9491 0.0617
vn 0.3365 -0.9397 0.0610
vn 0.3612 -0.9305 0.0603
vn 0.3834 -0.9216 0.0596
vn 0.4036 -0.9130 0.0590
vn 0.5438 -0.8375 0.0535
vn 0.7109 -0.7020 0.0439
vn 0.8178 -0.5744 0.0351
vn 0.9218 -0.3869 0.0223
vn 0.9902 -0.1394 0.0056
vn 0.9908 0.1347 -0.0125
vn 0.9235 0.3825 -0.0287
vn 0.8203 0.5705 -0.0408
vn 0.7139 0.6985 -0.0489
vn 0.6202 0.7826 -0.0541
vn 0.5424 0.8382 -0.0575
vn 0.4790 0.8758 -0.0598
vn 0.3560 0.9323 -0.0631
vn 0.2583 0.9639 -0.0648
vn 0.2629 0.9627 -0.0647
vn 0.8409 0.5397 -0.0388
vn -0.1795 0.9816 -0.0644
vn -0.0967 0.9932 -0.0654
vn -0.2034 0.9770 -0.0640
vn -0.3162 0.9467 -0.0615
vn -0.4307 0.9006 -0.0581
vn -0.5413 0.8391 -0.0536
vn -0.6427 0.7646 -0.0483
vn -0.7309 0.6812 -0.0424
vn -0.8038 0.5938 -0.0364
vn -0.8614 0.5070 -0.0304
vn -0.9053 0.4240 -0.0248
vn -0.9377 0.3468 -0.0195
vn -0.9643 0.2645 -0.0140
vn -0.9868 0.1616 -0.0071
vn -0.9989 0.0478 0.0005
vn -0.9980 -0.0621 0.0078
vn -0.9863 -0.1645 0.0145
vn -0.9661 -0.2573 0.0206
vn -0.9402 -0.3396 0.0259
vn -0.9109 -0.4114 0.0306
vn -0.8801 -0.4735 0.0346
vn -0.8491 -0.5269 0.0380
vn -0.8187 -0.5727 0.0409
vn -0.7897 -0.6120 0.0434
vn -0.8349 -0.5490 0.0394
vn -0.8842 -0.4658 0.0341
vn -0.8834 -0.4673 0.0342
vn -0.8827 -0.4688 0.0343
vn -0.8819 -0.4702 0.0344
vn -0.8811 -0.4717 0.0345
vn -0.8803 -0.4732 0.0346
vn -0.8795 -0.4747 0.0347
vn -0.8786 -0.4762 0.0348
vn -0.8778 -0.4777 0.0349
vn -0.8770 -0.4793 0.0349
vn -0.8761 -0.4808 0.0350
vn -0.9165 0.3994 -0.0231
vn -0.1264 0.9898 -0.0651
vn -0.2489 0.9665 -0.0631
vn -0.3606 0.9308 -0.0603
vn -0.4586 0.8868 -0.0571
vn -0.5424 0.8384 -0.0535
vn -0.6126 0.7888 -0.0500
vn -0.6709 0.7401 -0.0466
vn -0.7189 0.6938 -0.0433
vn -0.7584 0.6506 -0.0403
vn -0.7910 0.6107 -0.0376
vn -0.8180 0.5741 -0.0350
vn -0.7983 0.6012 -0.0369
vn -0.7686 0.6386 -0.0395
vn -0.7794 0.6254 -0.0386
vn -0.7917 0.6098 -0.0375
vn -0.8059 0.5910 -0.0362
vn -0.8223 0.5681 -0.0346
vn -0.8414 0.5395 -0.0327
vn -0.8637 0.5031 -0.0302
vn -0.8899 0.4554 -0.0269
vn -0.9200 0.3913 -0.0226
vn -0.9531 0.3023 -0.0165
vn -0.9845 0.1753 -0.0080
vn -0.9990 0.0442 0.0007
vn -0.9998 -0.0206 0.0050
vn -0.9994 -0.0340 0.0059
vn -0.9991 -0.0421 0.0064
vn -0.9988 -0.0475 0.0068
vn -0.9987 -0.0514 0.0071
vn -0.9985 -0.0543 0.0072
vn -0.9984 -0.0565 0.0074
vn -0.9983 -0.0583 0.0075
vn -0.9982 -0.0598 0.0076
vn -0.9981 -0.0611 0.0077
vn -0.9995 -0.0317 0.0058
vn -1.0000 -0.0030 0.0039
vn -1.0000 -0.0067 0.0041
vn -0.9999 -0.0093 0.0043
vn -0.9999 -0.0113 0.0044
vn -0.9999 -0.0128 0.0045
vn -0.9999 -0.0140 0.0046
vn -0.9999 -0.0149 0.0046
vn -0.9999 -0.0157 0.0047
vn -0.9999 -0.0164 0.0047
vn -0.9998 -0.0169 0.0048
vn -0.9998 -0.0174 0.0048
vn -0.9998 -0.0217 0.0051
vn -0.9997 -0.0234 0.0052
vn -0.9998 -0.0186 0.0049
vn -0.9999 -0.0136 0.0046
vn -1.0000 -0.0085 0.0042
vn -1.0000 -0.0031 0.0039
vn -1.0000 0.0024 0.0035
vn -1.0000 0.0082 0.0031
vn -0.9999 0.0143 0.0027
vn -0.9998 0.0206 0.0023
vn -0.9996 0.0272 0.0019
vn -0.9994 0.0340 0.0014
vn -0.9999 0.0164 0.0026
vn -0.9999 -0.0121 0.0045
vn -0.9996 -0.0270 0.0054
vn -0.9983 -0.0584 0.0075
vn -0.9972 -0.0749 0.0086
vn -0.9957 -0.0920 0.0097
vn -0.9939 -0.1096 0.0109
vn -0.9917 -0.1277 0.0121
vn -0.9825 -0.1857 0.0159
vn -0.9506 -0.3096 0.0240
vn -0.8889 -0.4569 0.0335
vn -0.8467 -0.5307 0.0382
vn -0.7902 -0.6113 0.0434
vn -0.7161 -0.6963 0.0487
vn -0.6217 -0.7814 0.0540
vn -0.5066 -0.8602 0.0588
vn -0.3740 -0.9253 0.0627
vn -0.2309 -0.9708 0.0651
vn -0.0869 -0.9940 0.0662
vn 0.0493 -0.9966 0.0658
vn 0.1715 -0.9831 0.0645
vn 0.4732 -0.8791 0.0565
vn 0.7020 -0.7108 0.0445
vn 0.7532 -0.6565 0.0407
vn 0.7996 -0.5994 0.0368
vn 0.8407 -0.5405 0.0327
vn 0.8763 -0.4808 0.0286
vn 0.9065 -0.4215 0.0246
vn 0.9314 -0.3634 0.0207
vn 0.9515 -0.3071 0.0169
vn 0.9673 -0.2532 0.0132
vn 0.9793 -0.2021 0.0098
vn 0.9881 -0.1539 0.0066
vn 0.9982 -0.0592 0.0003
vn 0.9996 0.0279 -0.0055
vn 0.9981 0.0611 -0.0077
vn 0.9951 0.0979 -0.0101
vn 0.9902 0.1389 -0.0128
vn 0.9827 0.1844 -0.0158
vn 0.9718 0.2350 -0.0191
vn 0.9564 0.2910 -0.0228
vn 0.9353 0.3527 -0.0268
vn 0.9070 0.4201 -0.0311
vn 0.8696 0.4925 -0.0358
vn 0.8215 0.5687 -0.0407
vn 0.9231 0.3836 -0.0288
vn 0.9906 0.1365 -0.0127
vn 0.9935 0.1130 -0.0111
vn 0.9955 0.0944 -0.0099
vn 0.9968 0.0794 -0.0089
vn 0.9977 0.0669 -0.0081
vn 0.9984 0.0565 -0.0074
vn 0.9988 0.0476 -0.0068
vn 0.9992 0.0399 -0.0063
vn 0.9994 0.0332 -0.0059
vn 0.9996 0.0273 -0.0055
vn 0.9997 0.0221 -0.0051
vn 0.9988 0.0487 -0.0069
vn 0.9977 0.0674 -0.0081
vn 0.9987 0.0501 -0.0070
vn 0.9993 0.0379 -0.0062
vn 0.9996 0.0288 -0.0056
vn 0.9997 0.0218 -0.0051
vn 0.9999 0.0162 -0.0047
vn 0.9999 0.0117 -0.0044
vn 1.0000 0.0079 -0.0042
vn 1.0000 0.0047 -0.0040
vn 1.0000 0.0020 -0.0038
vn 1.0000 -0.0003 -0.0036
vn 0.3801 -0.9230 0.0597
vn -0.8231 -0.5664 0.0405
vn -0.8192 -0.5721 0.0409
vn -0.8148 -0.5783 0.0413
vn -0.8099 -0.5851 0.0417
vn -0.8045 -0.5925 0.0422
vn -0.7984 -0.6006 0.0427
vn -0.7916 -0.6095 0.0433
vn -0.7838 -0.6194 0.0439
vn -0.7750 -0.6304 0.0446
vn -0.7647 -0.6427 0.0454
vn -0.7528 -0.6566 0.0462
vn -0.6590 -0.7503 0.0521
vn -0.5327 -0.8443 0.0579
vn -0.4672 -0.8821 0.0601
vn -0.3560 -0.9324 0.0631
vn -0.1448 -0.9873 0.0659
vn 0.2642 -0.9624 0.0628
vn 0.7589 -0.6500 0.0403
vn 0.9798 -0.1996 0.0096
vn 0.9947 0.1020 -0.0104
vn 0.9645 0.2634 -0.0210
vn 0.9344 0.3552 -0.0269
vn 0.9103 0.4127 -0.0307
vn 0.8776 0.4782 -0.0349
vn 0.8577 0.5127 -0.0371
vn 0.8666 0.4977 -0.0361
vn 0.8750 0.4828 -0.0352
vn 0.8831 0.4679 -0.0342
vn 0.8909 0.4530 -0.0333
vn 0.8983 0.4383 -0.0323
vn 0.9053 0.4236 -0.0314
vn 0.9120 0.4090 -0.0304
vn 0.9184 0.3946 -0.0295
vn 0.9244 0.3802 -0.0286
vn 0.9302 0.3660 -0.0276
vn 0.9293 0.3683 -0.0278
vn 0.9269 0.3742 -0.0282
vn 0.9299 0.3666 -0.0277
vn 0.9335 0.3577 -0.0271
vn 0.9376 0.3468 -0.0264
vn 0.9424 0.3334 -0.0255
vn 0.9483 0.3164 -0.0244
vn 0.9554 0.2943 -0.0230
vn 0.9642 0.2643 -0.0210
vn 0.9750 0.2215 -0.0182
vn 0.9877 0.1558 -0.0139
vn 0.9990 0.0444 -0.0066
vn 0.9912 -0.1325 0.0052
vn 0.9642 -0.2648 0.0140
vn 0.9477 -0.3186 0.0176
vn 0.9281 -0.3717 0.0212
vn 0.9055 -0.4235 0.0247
vn 0.8803 -0.4736 0.0282
vn 0.8526 -0.5216 0.0314
vn 0.8229 -0.5671 0.0346
vn 0.7916 -0.6099 0.0375
vn 0.7591 -0.6497 0.0403
vn 0.7258 -0.6866 0.0428
vn 0.6921 -0.7204 0.0452
vn 0.8801 -0.4739 0.0282
vn 0.9876 -0.1571 0.0068
vn 0.9960 -0.0891 0.0023
vn 1.0000 0.0015 -0.0038
vn 0.9922 0.1239 -0.0118
vn 0.9572 0.2884 -0.0226
vn 0.8671 0.4968 -0.0361
vn 0.6906 0.7215 -0.0503
vn 0.4320 0.8998 -0.0612
vn 0.1558 0.9856 -0.0659
vn -0.0736 0.9951 -0.0656
vn -0.2407 0.9685 -0.0633
vn -0.9500 0.3117 -0.0172
vn -0.6155 0.7866 -0.0498
vn 0.6127 0.7884 -0.0545
vn 0.9459 0.3235 -0.0249
vn 0.9567 0.2902 -0.0227
vn 0.9664 0.2562 -0.0205
vn 0.9760 0.2170 -0.0179
vn 0.9851 0.1716 -0.0150
vn 0.9929 0.1187 -0.0115
vn 0.9983 0.0571 -0.0074
vn 0.9999 -0.0148 -0.0027
vn 0.9952 -0.0983 0.0029
vn 0.9809 -0.1942 0.0093
vn 0.9532 -0.3020 0.0165
vn 0.9075 -0.4192 0.0245
vn 0.8466 -0.5313 0.0321
vn 0.7811 -0.6232 0.0384
vn 0.7121 -0.7007 0.0438
vn 0.6358 -0.7703 0.0487
vn 0.5549 -0.8302 0.0530
vn 0.4722 -0.8797 0.0565
vn 0.3906 -0.9187 0.0594
vn 0.3120 -0.9481 0.0617
vn 0.2381 -0.9692 0.0633
vn 0.1696 -0.9834 0.0645
vn 0.1069 -0.9921 0.0653
vn 0.0499 -0.9966 0.0658
vn 0.0103 -0.9978 0.0660
vn 0.7617 0.6463 -0.0456
vn -0.7589 0.6500 -0.0403
vn -0.7617 -0.6463 0.0456
vn -0.0463 -0.9967 0.0662
vn -0.1776 -0.9819 0.0657
vn -0.3424 -0.9374 0.0633
vn -0.4853 -0.8723 0.0596
vn -0.6014 -0.7970 0.0550
vn -0.6919 -0.7203 0.0502
vn -0.7606 -0.6476 0.0457
vn -0.8124 -0.5816 0.0415
vn -0.8515 -0.5229 0.0378
vn -0.8812 -0.4715 0.0344
vn -0.9040 -0.4264 0.0315
vn -0.9216 -0.3870 0.0290
vn -0.9331 -0.3586 0.0272
vn -0.6088 -0.7914 0.0546
vn 0.6076 -0.7927 0.0503
vn 0.9353 -0.3532 0.0200
vn 0.9259 -0.3772 0.0216
vn 0.9077 -0.4190 0.0244
vn 0.8840 -0.4666 0.0277
vn 0.8530 -0.5209 0.0314
vn 0.8121 -0.5825 0.0356
vn 0.7578 -0.6513 0.0404
vn 0.6860 -0.7262 0.0456
vn 0.5923 -0.8041 0.0511
vn 0.4736 -0.8789 0.0565
vn 0.3300 -0.9420 0.0612
vn 0.1678 -0.9837 0.0645
vn 0.0403 -0.9970 0.0659
vn -0.0342 -0.9972 0.0662
vn -0.1265 -0.9898 0.0660
vn -0.2401 -0.9686 0.0650
vn -0.3397 -0.9384 0.0634
vn -0.4249 -0.9032 0.0614
vn -0.4968 -0.8659 0.0592
vn -0.5569 -0.8286 0.0569
vn -0.6072 -0.7926 0.0547
vn -0.6493 -0.7587 0.0526
vn -0.6846 -0.7271 0.0507
vn -0.7145 -0.6980 0.0488
vn -0.7398 -0.6712 0.0472
vn -0.7807 -0.6233 0.0441
vn -0.8489 -0.5272 0.0380
vn -0.9138 -0.4050 0.0302
vn -0.9576 -0.2872 0.0225
vn -0.9837 -0.1790 0.0154
vn -0.9965 -0.0828 0.0091
vn -1.0000 0.0009 0.0036
vn -0.9973 0.0730 -0.0012
vn -0.9909 0.1347 -0.0053
vn -0.9822 0.1876 -0.0088
vn -0.9724 0.2330 -0.0119
vn -0.9621 0.2722 -0.0145
vn 0.4213 -0.9051 0.0584
vn 0.4750 -0.8782 0.0564
vn 0.5389 -0.8406 0.0537
vn 0.6060 -0.7939 0.0504
vn 0.7430 -0.6680 0.0415
vn 0.8078 -0.5883 0.0360
vn 0.8663 -0.4986 0.0299
vn 0.9157 -0.4012 0.0232
vn 0.9540 -0.2995 0.0163
vn 0.9803 -0.1971 0.0095
vn 0.9952 -0.0974 0.0028
vn 0.9999 -0.0109 -0.0029
vn 0.9984 0.0567 -0.0074
vn 0.9931 0.1167 -0.0114
vn 0.9840 0.1773 -0.0153
vn 0.9711 0.2378 -0.0193
vn 0.9545 0.2975 -0.0232
vn 0.9342 0.3556 -0.0270
vn 0.9108 0.4117 -0.0306
vn 0.8846 0.4650 -0.0340
vn 0.8561 0.5154 -0.0373
vn 0.8259 0.5624 -0.0403
vn 0.7943 0.6060 -0.0430
vn 0.7579 0.6507 -0.0459
vn 0.7107 0.7018 -0.0491
vn 0.6540 0.7547 -0.0524
vn 0.5923 0.8038 -0.0554
vn 0.5266 0.8481 -0.0581
vn 0.4581 0.8869 -0.0604
vn 0.3881 0.9195 -0.0623
vn 0.3181 0.9459 -0.0638
vn 0.2492 0.9663 -0.0649
vn 0.1826 0.9810 -0.0656
vn 0.1190 0.9907 -0.0661
vn 0.0589 0.9961 -0.0662
vn 0.0048 0.9978 -0.0661
vn -0.0425 0.9969 -0.0659
vn -0.0876 0.9940 -0.0655
vn -0.1327 0.9890 -0.0650
vn -0.1778 0.9820 -0.0644
vn -0.2224 0.9729 -0.0636
vn -0.2663 0.9618 -0.0627
vn -0.3093 0.9490 -0.0617
vn -0.3511 0.9344 -0.0606
vn -0.3916 0.9182 -0.0594
vn -0.4305 0.9007 -0.0581
vn -0.4677 0.8821 -0.0567
vn -0.4927 0.8684 -0.0557
vn -0.4476 0.8924 -0.0575
vn -0.3266 0.9432 -0.0613
vn -0.1751 0.9824 -0.0644
vn 0.0042 0.9978 -0.0661
vn 0.1986 0.9779 -0.0655
vn 0.3870 0.9200 -0.0623
vn 0.5502 0.8331 -0.0572
vn 0.6785 0.7328 -0.0510
vn 0.7730 0.6328 -0.0447
vn 0.8402 0.5409 -0.0389
vn 0.8871 0.4604 -0.0337
vn -0.1690 0.9835 -0.0645
vn -0.9255 -0.3776 0.0284
vn 0.3020 -0.9513 0.0619
vn 0.8703 -0.4916 0.0294
vn 0.8627 -0.5048 0.0303
vn 0.8547 -0.5182 0.0312
vn 0.8462 -0.5319 0.0321
vn 0.8373 -0.5458 0.0331
vn 0.8278 -0.5600 0.0341
vn 0.8178 -0.5745 0.0351
vn 0.8072 -0.5892 0.0361
vn 0.7961 -0.6041 0.0371
vn 0.7843 -0.6192 0.0381
vn 0.7719 -0.6345 0.0392
vn 0.7213 -0.6913 0.0432
vn 0.6787 -0.7330 0.0461
vn 0.6305 -0.7746 0.0490
vn 0.5766 -0.8154 0.0519
vn 0.5168 -0.8544 0.0547
vn 0.4515 -0.8904 0.0573
vn 0.3813 -0.9225 0.0597
vn 0.3071 -0.9497 0.0618
vn 0.2303 -0.9710 0.0635
vn 0.1523 -0.9862 0.0648
vn 0.0744 -0.9951 0.0656
vn 0.0010 -0.9978 0.0661
vn -0.0665 -0.9956 0.0662
vn -0.1336 -0.9888 0.0660
vn -0.2032 -0.9769 0.0655
vn -0.2743 -0.9595 0.0646
vn -0.3458 -0.9362 0.0633
vn -0.4164 -0.9071 0.0616
vn -0.4849 -0.8725 0.0596
vn -0.5500 -0.8332 0.0572
vn -0.6108 -0.7899 0.0546
vn -0.6666 -0.7437 0.0517
vn -0.7168 -0.6955 0.0487
vn -0.7602 -0.6481 0.0457
vn -0.7969 -0.6026 0.0428
vn -0.8304 -0.5557 0.0398
vn -0.8620 -0.5057 0.0366
vn -0.8910 -0.4528 0.0333
vn -0.9170 -0.3977 0.0297
vn -0.9398 -0.3407 0.0260
vn -0.9590 -0.2827 0.0222
vn -0.9744 -0.2241 0.0184
vn -0.9941 -0.1083 0.0108
vn -0.9986 -0.0522 0.0071
vn -0.9999 0.0125 0.0028
vn -0.9951 0.0991 -0.0029
vn -0.9797 0.2003 -0.0097
vn -0.9525 0.3042 -0.0167
vn -0.9131 0.4070 -0.0236
vn -0.8626 0.5050 -0.0303
vn -0.8030 0.5949 -0.0365
vn -0.7372 0.6743 -0.0420
vn -0.6684 0.7423 -0.0467
vn -0.5994 0.7988 -0.0507
vn -0.5323 0.8448 -0.0540
vn -0.4687 0.8815 -0.0567
vn -0.4126 0.9090 -0.0587
vn -0.3882 0.9197 -0.0595
vn -0.3924 0.9179 -0.0594
vn -0.3947 0.9169 -0.0593
vn -0.3972 0.9158 -0.0592
vn -0.3999 0.9146 -0.0591
vn -0.4029 0.9134 -0.0590
vn -0.4061 0.9119 -0.0589
vn -0.4095 0.9104 -0.0588
vn -0.4133 0.9087 -0.0587
vn -0.4175 0.9068 -0.0585
vn -0.4671 0.8824 -0.0567
vn -0.5438 0.8375 -0.0535
vn -0.6061 0.7938 -0.0504
vn -0.6695 0.7413 -0.0467
vn -0.7323 0.6797 -0.0423
vn -0.7923 0.6089 -0.0374
vn -0.8474 0.5300 -0.0320
vn -0.8954 0.4445 -0.0262
vn -0.9348 0.3546 -0.0201
vn -0.9647 0.2631 -0.0139
vn -0.9850 0.1727 -0.0078
vn -0.9963 0.0854 -0.0020
vn -1.0000 0.0092 0.0030
vn -0.9860 -0.1658 0.0146
vn -0.8619 -0.5057 0.0366
vn -0.7580 -0.6507 0.0459
vn -0.7077 -0.7047 0.0493
vn -0.6481 -0.7597 0.0527
vn -0.5160 -0.8546 0.0585
vn -0.4462 -0.8929 0.0608
vn -0.3758 -0.9246 0.0626
vn -0.2388 -0.9689 0.0650
vn -0.1741 -0.9825 0.0657
vn -0.1130 -0.9914 0.0661
vn -0.0558 -0.9962 0.0662
vn -0.0077 -0.9978 0.0661
vn 0.0283 -0.9974 0.0660
vn 0.0594 -0.9961 0.0658
vn 0.0911 -0.9937 0.0655
vn 0.1235 -0.9902 0.0651
vn 0.1562 -0.9856 0.0647
vn 0.1894 -0.9798 0.0642
vn 0.2228 -0.9728 0.0636
vn 0.2564 -0.9645 0.0629
vn 0.2900 -0.9550 0.0622
vn 0.3235 -0.9442 0.0614
vn 0.3567 -0.9322 0.0604
vn 0.4198 -0.9057 0.0585
vn 0.4299 -0.9010 0.0581
vn 0.3627 -0.9300 0.0603
vn 0.3031 -0.9509 0.0619
vn 0.2505 -0.9661 0.0631
vn 0.2042 -0.9768 0.0640
vn 0.1634 -0.9844 0.0646
vn 0.1273 -0.9897 0.0651
vn 0.0954 -0.9933 0.0654
vn 0.0669 -0.9956 0.0657
vn 0.0415 -0.9970 0.0659
vn 0.0186 -0.9976 0.0660
vn -0.0361 -0.9972 0.0662
vn -0.1475 -0.9869 0.0659
vn -0.2680 -0.9612 0.0646
vn -0.3635 -0.9295 0.0629
vn -0.4388 -0.8965 0.0610
vn -0.4984 -0.8649 0.0591
vn -0.5461 -0.8358 0.0574
vn -0.6164 -0.7856 0.0543
vn -0.6427 -0.7643 0.0530
vn -0.6647 -0.7453 0.0518
vn -0.6835 -0.7282 0.0507
vn 0.4019 -0.9138 0.0591
vn 0.8625 0.5048 -0.0366
vn -0.5214 0.8515 -0.0545
vn -0.9336 0.3577 -0.0203
vn -0.9250 0.3794 -0.0217
vn -0.9153 0.4020 -0.0233
vn -0.9045 0.4257 -0.0249
vn -0.8925 0.4504 -0.0266
vn -0.8789 0.4761 -0.0283
vn -0.8638 0.5029 -0.0302
vn -0.8470 0.5306 -0.0321
vn -0.8282 0.5593 -0.0340
vn -0.8074 0.5889 -0.0361
vn -0.7843 0.6192 -0.0381
vn -0.7559 0.6534 -0.0405
vn -0.7181 0.6946 -0.0434
vn -0.6720 0.7391 -0.0465
vn -0.6204 0.7827 -0.0496
vn -0.5633 0.8246 -0.0526
vn -0.5009 0.8637 -0.0554
vn -0.4339 0.8991 -0.0580
vn -0.3633 0.9297 -0.0603
vn -0.2157 0.9744 -0.0637
vn -0.1415 0.9878 -0.0649
vn -0.0686 0.9955 -0.0657
vn 0.0012 0.9978 -0.0661
vn 0.0693 0.9954 -0.0662
vn 0.1390 0.9881 -0.0660
vn 0.2106 0.9754 -0.0654
vn 0.2832 0.9569 -0.0644
vn 0.3554 0.9326 -0.0631
vn 0.4261 0.9026 -0.0613
vn 0.4939 0.8675 -0.0593
vn 0.5577 0.8281 -0.0569
vn 0.6168 0.7853 -0.0543
vn 0.6706 0.7401 -0.0515
vn 0.7188 0.6935 -0.0486
vn 0.8008 0.5975 -0.0425
vn 0.8370 0.5458 -0.0392
vn 0.8701 0.4916 -0.0357
vn 0.8996 0.4355 -0.0321
vn 0.9253 0.3783 -0.0284
vn 0.9469 0.3205 -0.0247
vn 0.9646 0.2629 -0.0209
vn 0.9783 0.2063 -0.0172
vn 0.9884 0.1510 -0.0136
vn 0.9952 0.0977 -0.0101
vn 0.9989 0.0466 -0.0067
vn 0.9999 -0.0146 -0.0027
vn 0.9948 -0.1015 0.0031
vn 0.9787 -0.2051 0.0100
vn 0.9502 -0.3111 0.0171
vn 0.9093 -0.4155 0.0242
vn 0.8570 -0.5144 0.0309
vn 0.7957 -0.6045 0.0371
vn 0.7287 -0.6835 0.0426
vn 0.6591 -0.7506 0.0473
vn 0.5897 -0.8060 0.0512
vn 0.5227 -0.8508 0.0544
vn 0.4595 -0.8864 0.0570
vn 0.3963 -0.9162 0.0592
vn 0.3649 -0.9291 0.0602
vn 0.3683 -0.9277 0.0601
vn 0.3717 -0.9264 0.0600
vn 0.3750 -0.9251 0.0599
vn 0.3783 -0.9237 0.0598
vn 0.3815 -0.9224 0.0597
vn 0.3847 -0.9211 0.0596
vn 0.3878 -0.9198 0.0595
vn 0.3909 -0.9185 0.0594
vn 0.3940 -0.9172 0.0593
vn 0.3970 -0.9159 0.0592
vn -0.2098 0.9757 -0.0639
vn -0.2505 0.9661 -0.0631
vn -0.2611 0.9633 -0.0628
vn -0.2732 0.9599 -0.0626
vn -0.2874 0.9558 -0.0623
vn -0.3041 0.9506 -0.0619
vn -0.3240 0.9441 -0.0613
vn -0.3482 0.9355 -0.0607
vn -0.3781 0.9238 -0.0598
vn -0.4159 0.9075 -0.0586
vn -0.4649 0.8835 -0.0568
vn -0.5303 0.8461 -0.0541
vn -0.4432 0.8946 -0.0576
vn -0.3339 0.9406 -0.0611
vn -0.3900 0.9189 -0.0594
vn -0.4468 0.8928 -0.0575
vn -0.5035 0.8622 -0.0553
vn -0.5594 0.8272 -0.0527
vn -0.6136 0.7880 -0.0500
vn -0.6654 0.7450 -0.0469
vn -0.7140 0.6988 -0.0437
vn -0.7996 0.5994 -0.0368
vn -0.8359 0.5479 -0.0332
vn -0.9142 0.4046 -0.0235
vn -0.9716 0.2364 -0.0121
vn -0.9916 0.1295 -0.0050
vn -1.0000 -0.0005 0.0037
vn -0.9881 -0.1530 0.0137
vn -0.9467 -0.3211 0.0247
vn -0.8706 -0.4907 0.0357
vn -0.7636 -0.6441 0.0455
vn -0.6383 -0.7680 0.0532
vn -0.5101 -0.8581 0.0587
vn -0.3906 -0.9185 0.0623
vn -0.2854 -0.9562 0.0644
vn -0.1589 -0.9851 0.0658
vn -0.0846 -0.9942 0.0662
vn -0.0935 -0.9934 0.0661
vn -0.1019 -0.9926 0.0661
vn -0.1099 -0.9917 0.0661
vn -0.1173 -0.9909 0.0661
vn -0.1244 -0.9900 0.0660
vn -0.1311 -0.9892 0.0660
vn -0.1374 -0.9883 0.0660
vn -0.1434 -0.9875 0.0659
vn -0.1491 -0.9866 0.0659
vn -0.1546 -0.9858 0.0659
vn -0.9596 -0.2804 0.0221
vn -0.7764 0.6291 -0.0388
vn -0.7932 0.6079 -0.0374
vn -0.8091 0.5865 -0.0359
vn -0.8243 0.5651 -0.0344
vn -0.8388 0.5435 -0.0329
vn -0.8524 0.5219 -0.0314
vn -0.8653 0.5003 -0.0300
vn -0.8775 0.4788 -0.0285
vn -0.8889 0.4573 -0.0270
vn -0.8995 0.4361 -0.0256
vn -0.9095 0.4151 -0.0242
vn -0.9793 0.2023 -0.0098
vn -1.0000 -0.0071 0.0041
vn -0.9999 -0.0144 0.0046
vn -0.9998 -0.0199 0.0050
vn -0.9997 -0.0241 0.0053
vn -0.9996 -0.0275 0.0055
vn -0.9995 -0.0303 0.0057
vn -0.9995 -0.0326 0.0058
vn -0.9994 -0.0346 0.0059
vn -0.9993 -0.0363 0.0061
vn -0.9993 -0.0377 0.0062
vn -0.9992 -0.0390 0.0062
vn -0.6889 0.7234 -0.0454
vn 0.2982 0.9523 -0.0642
vn 0.3150 0.9469 -0.0639
vn 0.3337 0.9406 -0.0635
vn 0.3545 0.9329 -0.0631
vn 0.3780 0.9237 -0.0626
vn 0.4044 0.9125 -0.0619
vn 0.4345 0.8986 -0.0611
vn 0.4687 0.8813 -0.0601
vn 0.5079 0.8594 -0.0588
vn 0.5529 0.8313 -0.0571
vn 0.6043 0.7948 -0.0549
vn 0.3409 0.9380 -0.0634
vn -0.0182 0.9977 -0.0660
vn -0.0398 0.9970 -0.0659
vn -0.0629 0.9959 -0.0657
vn -0.0877 0.9940 -0.0655
vn -0.1143 0.9913 -0.0652
vn -0.1429 0.9876 -0.0649
vn -0.1735 0.9827 -0.0645
vn -0.2064 0.9764 -0.0639
vn -0.2415 0.9683 -0.0633
vn -0.2791 0.9582 -0.0624
vn -0.3193 0.9457 -0.0615
vn -0.2967 0.9530 -0.0620
vn -0.2786 0.9584 -0.0625
vn -0.3291 0.9423 -0.0612
vn -0.3769 0.9243 -0.0598
vn -0.4218 0.9048 -0.0584
vn -0.4639 0.8841 -0.0569
vn -0.5030 0.8625 -0.0553
vn -0.5393 0.8404 -0.0537
vn -0.5728 0.8181 -0.0521
vn -0.6036 0.7957 -0.0505
vn -0.6319 0.7735 -0.0489
vn -0.6579 0.7516 -0.0474
vn -0.8277 0.5601 -0.0341
vn -0.9455 0.3250 -0.0181
vn -0.9707 0.2399 -0.0123
vn -0.9912 0.1325 -0.0052
vn -1.0000 -0.0011 0.0037
vn -0.9868 -0.1616 0.0143
vn -0.9394 -0.3419 0.0261
vn -0.8505 -0.5246 0.0379
vn -0.7249 -0.6872 0.0482
vn -0.5801 -0.8126 0.0559
vn -0.4362 -0.8978 0.0611
vn -0.3066 -0.9497 0.0640
vn -0.1617 -0.9846 0.0658
vn -0.0893 -0.9938 0.0662
vn -0.0979 -0.9930 0.0661
vn -0.1061 -0.9922 0.0661
vn -0.1139 -0.9913 0.0661
vn -0.1213 -0.9904 0.0660
vn -0.1284 -0.9895 0.0660
vn -0.1352 -0.9886 0.0660
vn -0.1418 -0.9877 0.0659
vn -0.1480 -0.9868 0.0659
vn -0.1540 -0.9859 0.0659
vn -0.7820 -0.6217 0.0440
vn -0.7465 0.6641 -0.0413
vn 0.3760 0.9245 -0.0626
vn 0.5904 0.8052 -0.0555
vn 0.5884 0.8066 -0.0556
vn 0.5862 0.8083 -0.0557
vn 0.5835 0.8102 -0.0558
vn 0.5803 0.8125 -0.0559
vn 0.5764 0.8152 -0.0561
vn 0.5716 0.8186 -0.0563
vn 0.5654 0.8229 -0.0566
vn 0.5574 0.8283 -0.0569
vn 0.5464 0.8356 -0.0573
vn 0.5304 0.8458 -0.0580
vn 0.0241 0.9975 -0.0662
vn -0.0666 0.9956 -0.0657
vn -0.1411 0.9879 -0.0649
vn -0.2023 0.9772 -0.0640
vn -0.2529 0.9654 -0.0630
vn -0.2951 0.9534 -0.0621
vn -0.3307 0.9417 -0.0612
vn -0.3610 0.9306 -0.0603
vn -0.3869 0.9202 -0.0595
vn -0.4094 0.9105 -0.0588
vn -0.4290 0.9014 -0.0581
vn -0.4394 0.8964 -0.0578
vn -0.4611 0.8855 -0.0570
vn -0.5041 0.8619 -0.0552
vn -0.5519 0.8322 -0.0531
vn -0.6049 0.7947 -0.0504
vn -0.6629 0.7473 -0.0471
vn -0.7251 0.6873 -0.0429
vn -0.7897 0.6123 -0.0377
vn -0.8536 0.5200 -0.0313
vn -0.9119 0.4097 -0.0238
vn -0.9590 0.2830 -0.0152
vn -0.9894 0.1450 -0.0060
vn -0.9928 -0.1191 0.0115
vn -0.9347 -0.3545 0.0269
vn -0.8945 -0.4459 0.0328
vn -0.8377 -0.5447 0.0391
vn -0.7612 -0.6469 0.0456
vn -0.6638 -0.7461 0.0518
vn -0.5474 -0.8349 0.0573
vn -0.4182 -0.9063 0.0616
vn -0.2845 -0.9565 0.0644
vn -0.1549 -0.9857 0.0659
vn -0.0356 -0.9972 0.0662
vn 0.0700 -0.9954 0.0657
vn 0.0846 -0.9943 0.0655
vn 0.0470 -0.9967 0.0658
vn 0.0409 -0.9970 0.0659
vn 0.0352 -0.9972 0.0659
vn 0.0299 -0.9974 0.0660
vn 0.0250 -0.9975 0.0660
vn 0.0204 -0.9976 0.0660
vn 0.0160 -0.9977 0.0660
vn 0.0120 -0.9977 0.0660
vn 0.0081 -0.9978 0.0661
vn 0.0045 -0.9978 0.0661
vn 0.0011 -0.9978 0.0661
vn -0.0036 -0.9978 0.0661
vn -0.0112 -0.9977 0.0661
vn -0.0205 -0.9976 0.0662
vn -0.0301 -0.9974 0.0662
vn -0.0399 -0.9970 0.0662
vn -0.0501 -0.9965 0.0662
vn -0.0715 -0.9952 0.0662
vn -0.0827 -0.9944 0.0662
vn -0.0942 -0.9934 0.0661
vn -0.1062 -0.9921 0.0661
vn -0.1185 -0.9908 0.0661
vn -0.1133 -0.9914 0.0661
vn -0.1307 -0.9892 0.0660
vn -0.1447 -0.9873 0.0659
vn -0.1561 -0.9855 0.0658
vn -0.1657 -0.9840 0.0658
vn -0.1737 -0.9826 0.0657
vn -0.1807 -0.9814 0.0657
vn -0.1867 -0.9802 0.0656
vn -0.1919 -0.9792 0.0656
vn -0.1966 -0.9783 0.0655
vn -0.2007 -0.9775 0.0655
vn -0.2078 -0.9760 0.0654
vn -0.2154 -0.9743 0.0653
vn -0.2205 -0.9732 0.0653
vn -0.2253 -0.9721 0.0652
vn -0.2346 -0.9699 0.0651
vn -0.2390 -0.9688 0.0650
vn -0.2433 -0.9678 0.0650
vn -0.2474 -0.9667 0.0649
vn -0.2515 -0.9657 0.0649
vn -0.2554 -0.9647 0.0648
vn 0.0600 -0.9960 0.0658
vn 0.4118 -0.9094 0.0587
vn 0.4481 -0.8921 0.0575
vn 0.4971 -0.8659 0.0555
vn 0.5659 -0.8228 0.0524
vn 0.6664 -0.7441 0.0469
vn 0.8120 -0.5826 0.0356
vn 0.9693 -0.2454 0.0127
vn 0.9662 0.2569 -0.0205
vn 0.7329 0.6787 -0.0476
vn 0.4810 0.8747 -0.0597
vn 0.2510 0.9658 -0.0649
vn 0.1225 0.9903 -0.0660
vn 0.1298 0.9893 -0.0660
vn 0.1366 0.9884 -0.0660
vn 0.1429 0.9875 -0.0659
vn 0.1488 0.9867 -0.0659
vn 0.1543 0.9858 -0.0659
vn 0.1595 0.9850 -0.0658
vn 0.1644 0.9842 -0.0658
vn 0.1690 0.9834 -0.0658
vn 0.1733 0.9827 -0.0657
vn 0.1774 0.9819 -0.0657
vn 0.8013 0.5968 -0.0425
vn 0.7016 -0.7111 0.0445
vn -0.2247 -0.9722 0.0652
vn -0.2301 -0.9710 0.0652
vn -0.2360 -0.9696 0.0651
vn -0.2425 -0.9680 0.0650
vn -0.2497 -0.9661 0.0649
vn -0.2577 -0.9640 0.0648
vn -0.2667 -0.9616 0.0647
vn -0.2768 -0.9588 0.0645
vn -0.2882 -0.9554 0.0643
vn -0.3012 -0.9514 0.0641
vn -0.3163 -0.9465 0.0638
vn -0.1153 -0.9911 0.0661
vn 0.1689 -0.9835 0.0645
vn 0.2745 -0.9596 0.0626
vn 0.3391 -0.9388 0.0609
vn 0.3823 -0.9221 0.0597
vn 0.4130 -0.9089 0.0587
vn 0.4358 -0.8982 0.0579
vn 0.4534 -0.8894 0.0573
vn 0.4675 -0.8822 0.0567
vn 0.4789 -0.8761 0.0563
vn 0.4883 -0.8709 0.0559
vn 0.4963 -0.8664 0.0556
vn 0.8199 -0.5714 0.0349
vn 0.9884 -0.1516 0.0064
vn 1.0000 0.0018 -0.0038
vn 0.9823 0.1867 -0.0160
vn 0.9205 0.3898 -0.0292
vn 0.8100 0.5849 -0.0417
vn 0.6652 0.7449 -0.0518
vn 0.5115 0.8573 -0.0587
vn 0.3696 0.9271 -0.0628
vn 0.2487 0.9664 -0.0649
vn 0.1495 0.9866 -0.0659
vn 0.0690 0.9954 -0.0662
vn 0.1634 0.9844 -0.0658
vn 0.8347 0.5493 -0.0394
vn 0.9997 -0.0241 -0.0021
vn 0.9959 -0.0908 0.0024
vn 0.9832 -0.1823 0.0085
vn 0.9612 -0.2756 0.0147
vn 0.9296 -0.3680 0.0210
vn 0.8892 -0.4568 0.0270
vn 0.8412 -0.5397 0.0327
vn 0.7877 -0.6149 0.0378
vn 0.7307 -0.6814 0.0425
vn 0.6723 -0.7388 0.0465
vn 0.6142 -0.7875 0.0499
vn 0.5578 -0.8283 0.0528
vn 0.1427 -0.9876 0.0649
vn -0.2794 -0.9580 0.0645
vn -0.2753 -0.9592 0.0645
vn -0.2646 -0.9622 0.0647
vn -0.2574 -0.9641 0.0648
vn -0.2484 -0.9665 0.0649
vn -0.2367 -0.9694 0.0651
vn -0.2210 -0.9731 0.0653
vn -0.1986 -0.9779 0.0655
vn -0.1645 -0.9842 0.0658
vn -0.1057 -0.9922 0.0661
vn 0.1524 -0.9862 0.0648
vn 0.5938 -0.8030 0.0510
vn 0.8260 -0.5627 0.0343
vn 0.9733 -0.2290 0.0116
vn 0.7688 0.6378 -0.0451
vn 0.2930 0.9540 -0.0643
vn 0.1755 0.9823 -0.0657
vn 0.2943 0.9535 -0.0642
vn 0.2994 0.9520 -0.0641
vn 0.3049 0.9502 -0.0641
vn 0.3108 0.9483 -0.0639
vn 0.3171 0.9463 -0.0638
vn 0.3239 0.9440 -0.0637
vn 0.3312 0.9414 -0.0636
vn 0.3392 0.9386 -0.0634
vn 0.3479 0.9354 -0.0632
vn 0.3574 0.9318 -0.0630
vn 0.3678 0.9278 -0.0628
vn 0.6756 0.7355 -0.0512
vn 0.8576 0.5129 -0.0371
vn 0.8152 0.5776 -0.0412
vn 0.7610 0.6472 -0.0456
vn 0.6925 0.7197 -0.0502
vn 0.6078 0.7922 -0.0547
vn 0.5065 0.8602 -0.0588
vn 0.3902 0.9186 -0.0623
vn 0.2632 0.9626 -0.0647
vn 0.1319 0.9891 -0.0660
vn 0.0033 0.9978 -0.0661
vn -0.1168 0.9910 -0.0652
vn -0.3766 0.9244 -0.0599
vn -0.5328 0.8445 -0.0540
vn -0.5866 0.8082 -0.0514
vn -0.6418 0.7654 -0.0483
vn -0.6972 0.7154 -0.0448
vn -0.7517 0.6582 -0.0408
vn -0.8037 0.5939 -0.0364
vn -0.8517 0.5231 -0.0315
vn -0.8942 0.4470 -0.0263
vn -0.9299 0.3671 -0.0209
vn -0.9583 0.2854 -0.0154
vn -0.9790 0.2037 -0.0099
vn -0.9979 0.0655 -0.0007
vn -0.9979 -0.0639 0.0079
vn -0.9923 -0.1236 0.0118
vn -0.9842 -0.1765 0.0153
vn -0.9746 -0.2234 0.0184
vn -0.9640 -0.2649 0.0211
vn -0.9531 -0.3017 0.0235
vn -0.9421 -0.3343 0.0256
vn -0.9312 -0.3634 0.0275
vn -0.9206 -0.3894 0.0292
vn -0.9103 -0.4128 0.0307
vn -0.9004 -0.4339 0.0320
vn -0.9888 0.1492 -0.0063
vn -0.6914 0.7210 -0.0452
vn -0.6769 0.7347 -0.0462
vn -0.6604 0.7494 -0.0472
vn -0.6416 0.7655 -0.0484
vn -0.6201 0.7830 -0.0496
vn -0.5952 0.8020 -0.0509
vn -0.5663 0.8225 -0.0524
vn -0.5326 0.8447 -0.0540
vn -0.4928 0.8684 -0.0557
vn -0.4456 0.8934 -0.0575
vn -0.3893 0.9192 -0.0595
vn -0.6017 0.7971 -0.0506
vn -0.8146 0.5790 -0.0354
vn -0.8690 0.4939 -0.0295
vn -0.9195 0.3924 -0.0226
vn -0.9616 0.2742 -0.0146
vn -0.9898 0.1421 -0.0058
vn -0.9627 -0.2696 0.0214
vn -0.9212 -0.3880 0.0291
vn -0.8712 -0.4897 0.0356
vn -0.8171 -0.5751 0.0411
vn -0.5795 -0.8130 0.0560
vn -0.2906 -0.9547 0.0643
vn -0.2756 -0.9591 0.0645
vn -0.2613 -0.9631 0.0647
vn -0.2475 -0.9667 0.0649
vn -0.2344 -0.9700 0.0651
vn -0.2218 -0.9729 0.0653
vn -0.2097 -0.9756 0.0654
vn -0.1982 -0.9780 0.0655
vn -0.1871 -0.9802 0.0656
vn -0.1764 -0.9821 0.0657
vn -0.1662 -0.9839 0.0658
vn -0.1671 -0.9838 0.0658
vn -0.1705 -0.9832 0.0657
vn -0.1655 -0.9840 0.0658
vn -0.1597 -0.9850 0.0658
vn -0.1529 -0.9860 0.0659
vn -0.1451 -0.9872 0.0659
vn -0.1358 -0.9885 0.0660
vn -0.1246 -0.9900 0.0660
vn -0.1108 -0.9916 0.0661
vn -0.0936 -0.9934 0.0661
vn -0.0713 -0.9953 0.0662
vn -0.0416 -0.9969 0.0662
vn 0.0064 -0.9978 0.0661
vn 0.0772 -0.9949 0.0656
vn 0.1574 -0.9854 0.0647
vn 0.2372 -0.9694 0.0633
vn 0.3150 -0.9471 0.0616
vn 0.3895 -0.9191 0.0595
vn 0.4594 -0.8864 0.0570
vn 0.5238 -0.8501 0.0544
vn 0.5824 -0.8113 0.0516
vn 0.6349 -0.7710 0.0487
vn 0.6816 -0.7303 0.0459
vn 0.7227 -0.6898 0.0431
vn 0.7547 -0.6548 0.0406
vn 0.7734 -0.6327 0.0391
vn 0.7829 -0.6210 0.0383
vn 0.7891 -0.6130 0.0377
vn 0.7936 -0.6073 0.0373
vn 0.7970 -0.6029 0.0370
vn 0.7996 -0.5995 0.0368
vn 0.8016 -0.5967 0.0366
vn 0.8033 -0.5944 0.0364
vn 0.8047 -0.5925 0.0363
vn 0.8059 -0.5909 0.0362
vn 0.8070 -0.5895 0.0361
vn 0.8044 -0.5929 0.0363
vn 0.8015 -0.5969 0.0366
vn 0.8015 -0.5968 0.0366
vn 0.8016 -0.5968 0.0366
vn 0.8017 -0.5966 0.0366
vn 0.8017 -0.5965 0.0366
vn 0.8018 -0.5965 0.0366
vn -0.0699 -0.9954 0.0662
vn -0.8621 -0.5054 0.0366
vn -0.8564 -0.5150 0.0372
vn -0.8500 -0.5253 0.0379
vn -0.8431 -0.5364 0.0386
vn -0.8353 -0.5483 0.0394
vn -0.8267 -0.5612 0.0402
vn -0.8062 -0.5902 0.0420
vn -0.7939 -0.6065 0.0431
vn -0.7799 -0.6243 0.0442
vn -0.7640 -0.6437 0.0454
vn -0.7556 -0.6535 0.0460
vn -0.7501 -0.6597 0.0464
vn -0.7390 -0.6720 0.0472
vn -0.7285 -0.6834 0.0479
vn -0.7184 -0.6939 0.0486
vn -0.7089 -0.7036 0.0492
vn -0.6999 -0.7125 0.0498
vn -0.6913 -0.7209 0.0503
vn -0.6831 -0.7286 0.0508
vn -0.6753 -0.7358 0.0512
vn -0.6678 -0.7425 0.0516
vn -0.6608 -0.7488 0.0520
vn -0.4682 -0.8816 0.0601
vn -0.1894 -0.9797 0.0656
vn -0.0605 -0.9960 0.0662
vn 0.1238 -0.9902 0.0651
vn 0.3725 -0.9261 0.0600
vn 0.6496 -0.7588 0.0479
vn 0.9736 -0.2281 0.0115
vn 0.9999 -0.0105 -0.0030
vn 0.9893 0.1451 -0.0132
vn 0.9670 0.2539 -0.0204
vn 0.9432 0.3314 -0.0254
vn 0.8549 0.5175 -0.0374
vn 0.7533 0.6560 -0.0462
vn 0.7650 0.6425 -0.0454
vn 0.7761 0.6291 -0.0445
vn 0.7868 0.6157 -0.0437
vn 0.7970 0.6025 -0.0428
vn 0.8068 0.5894 -0.0420
vn 0.8161 0.5764 -0.0412
vn 0.8250 0.5636 -0.0403
vn 0.8336 0.5510 -0.0395
vn 0.8417 0.5385 -0.0387
vn 0.8495 0.5262 -0.0380
vn 0.8671 0.4969 -0.0361
vn 0.8822 0.4696 -0.0343
vn 0.8868 0.4609 -0.0338
vn 0.8919 0.4510 -0.0331
vn 0.8978 0.4392 -0.0324
vn 0.9045 0.4253 -0.0315
vn 0.9212 0.3879 -0.0291
vn 0.9318 0.3621 -0.0274
vn 0.9441 0.3287 -0.0252
vn 0.9585 0.2842 -0.0223
vn 0.9748 0.2225 -0.0183
vn 0.9985 0.0534 -0.0072
vn 0.9917 -0.1287 0.0049
vn 0.9905 -0.1372 0.0055
vn 0.9991 -0.0436 -0.0008
vn 0.9968 0.0796 -0.0089
vn 0.9707 0.2394 -0.0194
vn 0.8997 0.4354 -0.0321
vn 0.5576 0.8282 -0.0569
vn 0.3259 0.9433 -0.0637
vn 0.1145 0.9912 -0.0661
vn -0.0543 0.9964 -0.0658
vn -0.1814 0.9813 -0.0643
vn 0.1251 0.9899 -0.0660
vn -0.2259 0.9721 -0.0636
vn -0.2883 0.9555 -0.0622
vn -0.3494 0.9350 -0.0607
vn -0.4085 0.9109 -0.0588
vn -0.4648 0.8836 -0.0568
vn -0.5179 0.8537 -0.0547
vn -0.5675 0.8217 -0.0524
vn -0.6133 0.7883 -0.0500
vn -0.6552 0.7539 -0.0475
vn -0.6934 0.7192 -0.0451
vn -0.7278 0.6845 -0.0427
vn -0.9702 0.2418 -0.0125
vn -0.9896 -0.1432 0.0131
vn -0.9969 -0.0779 0.0088
vn -0.9973 -0.0729 0.0085
vn -0.9977 -0.0676 0.0081
vn -0.9980 -0.0620 0.0078
vn -0.9984 -0.0559 0.0074
vn -0.9988 -0.0494 0.0069
vn -0.9991 -0.0424 0.0065
vn -0.9994 -0.0349 0.0060
vn -0.9996 -0.0267 0.0054
vn -1.0000 -0.0081 0.0042
vn -0.9993 -0.0379 0.0062
vn -0.9965 -0.0833 0.0092
vn -0.9944 -0.1053 0.0106
vn -0.9915 -0.1293 0.0122
vn -0.9877 -0.1558 0.0139
vn -0.9826 -0.1849 0.0158
vn -0.9760 -0.2170 0.0179
vn -0.9674 -0.2524 0.0203
vn -0.9563 -0.2916 0.0228
vn -0.9419 -0.3348 0.0256
vn -0.9234 -0.3827 0.0287
vn -0.8998 -0.4352 0.0321
vn -0.8181 -0.5736 0.0410
vn -0.6962 -0.7161 0.0500
vn -0.6057 -0.7938 0.0548
vn -0.4777 -0.8765 0.0598
vn -0.3025 -0.9510 0.0641
vn -0.0813 -0.9945 0.0662
vn 0.1624 -0.9846 0.0646
vn 0.3891 -0.9193 0.0595
vn 0.5698 -0.8201 0.0522
vn 0.6995 -0.7132 0.0447
vn 0.7880 -0.6145 0.0378
vn 0.8475 -0.5298 0.0320
vn 0.8577 -0.5132 0.0309
vn 0.8610 -0.5077 0.0305
vn 0.8902 -0.4548 0.0269
vn 0.9131 -0.4070 0.0236
vn 0.9312 -0.3640 0.0207
vn 0.9454 -0.3255 0.0181
vn 0.9566 -0.2909 0.0158
vn 0.9656 -0.2597 0.0137
vn 0.9727 -0.2316 0.0118
vn 0.9785 -0.2062 0.0101
vn 0.9830 -0.1832 0.0085
vn 0.9867 -0.1623 0.0071
vn 0.9982 -0.0603 0.0003
vn 0.9995 0.0307 -0.0057
vn 0.9996 0.0282 -0.0055
vn 0.9997 0.0257 -0.0054
vn 0.9997 0.0230 -0.0052
vn 0.9998 0.0203 -0.0050
vn 0.9998 0.0174 -0.0048
vn 0.9999 0.0144 -0.0046
vn 0.9999 0.0113 -0.0044
vn 1.0000 0.0081 -0.0042
vn 1.0000 0.0012 -0.0037
vn 0.9885 -0.1509 0.0064
vn 0.9455 -0.3250 0.0181
vn 0.9270 -0.3745 0.0214
vn 0.9055 -0.4236 0.0247
vn 0.8812 -0.4720 0.0280
vn 0.8541 -0.5192 0.0313
vn 0.8245 -0.5648 0.0344
vn 0.7927 -0.6085 0.0374
vn 0.7590 -0.6498 0.0403
vn 0.7239 -0.6885 0.0430
vn 0.6877 -0.7246 0.0455
vn 0.6509 -0.7577 0.0478
vn 0.2608 -0.9634 0.0629
vn -0.1845 -0.9806 0.0656
vn -0.1922 -0.9792 0.0656
vn -0.1984 -0.9779 0.0655
vn -0.2036 -0.9769 0.0654
vn -0.2079 -0.9760 0.0654
vn -0.2116 -0.9752 0.0654
vn -0.2148 -0.9745 0.0653
vn -0.2176 -0.9739 0.0653
vn -0.2200 -0.9733 0.0653
vn -0.2221 -0.9728 0.0652
vn -0.2241 -0.9724 0.0652
vn -0.8191 -0.5722 0.0409
vn -0.6894 0.7230 -0.0454
vn 0.2388 0.9689 -0.0650
vn 0.2482 0.9665 -0.0649
vn 0.2584 0.9639 -0.0648
vn 0.2694 0.9609 -0.0646
vn 0.2813 0.9575 -0.0644
vn 0.2943 0.9536 -0.0642
vn 0.3085 0.9491 -0.0640
vn 0.3240 0.9439 -0.0637
vn 0.3411 0.9379 -0.0634
vn 0.3600 0.9308 -0.0630
vn 0.3810 0.9225 -0.0625
vn 0.3853 0.9207 -0.0624
vn 0.3913 0.9182 -0.0622
vn 0.4163 0.9072 -0.0616
vn 0.4634 0.8841 -0.0603
vn 0.4856 0.8721 -0.0595
vn 0.5069 0.8600 -0.0588
vn 0.5274 0.8476 -0.0581
vn 0.5469 0.8352 -0.0573
vn 0.5655 0.8228 -0.0566
vn 0.6004 0.7978 -0.0550
vn 0.7207 0.6916 -0.0484
vn 0.7967 0.6028 -0.0428
vn 0.7613 0.6467 -0.0456
vn 0.7195 0.6928 -0.0485
vn 0.6703 0.7403 -0.0515
vn 0.6128 0.7883 -0.0545
vn 0.5465 0.8355 -0.0573
vn 0.4712 0.8800 -0.0600
vn 0.3874 0.9198 -0.0623
vn 0.2963 0.9529 -0.0642
vn 0.2000 0.9776 -0.0655
vn 0.1011 0.9927 -0.0661
vn 0.0213 0.9976 -0.0662
vn -0.0206 0.9976 -0.0660
vn -0.0464 0.9968 -0.0659
vn -0.0763 0.9949 -0.0656
vn -0.1112 0.9917 -0.0653
vn -0.1524 0.9862 -0.0648
vn -0.2015 0.9774 -0.0640
vn -0.2604 0.9635 -0.0629
vn -0.3315 0.9415 -0.0611
vn -0.4173 0.9069 -0.0585
vn -0.5195 0.8527 -0.0546
vn -0.6371 0.7692 -0.0486
vn -0.6930 0.7196 -0.0451
vn -0.7257 0.6867 -0.0428
vn -0.7971 0.6028 -0.0370
vn -0.8697 0.4928 -0.0295
vn -0.9353 0.3533 -0.0200
vn -0.9824 0.1864 -0.0088
vn -0.9832 -0.1817 0.0156
vn -0.9368 -0.3488 0.0265
vn -0.8718 -0.4886 0.0355
vn -0.7997 -0.5989 0.0426
vn -0.7286 -0.6832 0.0479
vn -0.7110 -0.7015 0.0491
vn -0.6958 -0.7165 0.0500
vn -0.6297 -0.7750 0.0536
vn -0.5667 -0.8220 0.0565
vn -0.5080 -0.8594 0.0588
vn -0.4539 -0.8890 0.0605
vn -0.4047 -0.9124 0.0619
vn -0.3601 -0.9308 0.0630
vn -0.3198 -0.9453 0.0638
vn -0.2834 -0.9568 0.0644
vn -0.2506 -0.9659 0.0649
vn -0.2209 -0.9731 0.0653
vn -0.2106 -0.9754 0.0654
vn -0.2160 -0.9742 0.0653
vn -0.2172 -0.9739 0.0653
vn -0.2196 -0.9734 0.0653
vn -0.2208 -0.9731 0.0653
vn -0.2222 -0.9728 0.0652
vn -0.2236 -0.9725 0.0652
vn -0.2251 -0.9722 0.0652
vn -0.2267 -0.9718 0.0652
vn -0.2283 -0.9714 0.0652
vn -0.8201 -0.5708 0.0408
vn -0.6937 0.7188 -0.0451
vn 0.2256 0.9720 -0.0652
vn 0.2344 0.9700 -0.0651
vn 0.2431 0.9678 -0.0650
vn 0.2514 0.9657 -0.0649
vn 0.2596 0.9635 -0.0648
vn 0.2676 0.9614 -0.0647
vn 0.2753 0.9592 -0.0645
vn 0.2829 0.9570 -0.0644
vn 0.2903 0.9548 -0.0643
vn 0.2974 0.9526 -0.0642
vn 0.3044 0.9504 -0.0641
vn 0.6053 0.7941 -0.0548
vn 0.8086 0.5868 -0.0418
vn 0.7872 0.6152 -0.0436
vn 0.7612 0.6469 -0.0456
vn 0.7296 0.6822 -0.0479
vn 0.6421 0.7648 -0.0530
vn 0.5815 0.8116 -0.0559
vn 0.5055 0.8608 -0.0589
vn 0.4108 0.9096 -0.0618
vn 0.2947 0.9534 -0.0642
vn 0.1567 0.9854 -0.0658
vn -0.0262 0.9975 -0.0660
vn -0.1414 0.9878 -0.0649
vn -0.1566 0.9855 -0.0647
vn -0.1726 0.9829 -0.0645
vn -0.1895 0.9798 -0.0642
vn -0.2072 0.9762 -0.0639
vn -0.2457 0.9673 -0.0632
vn -0.2665 0.9618 -0.0627
vn -0.2885 0.9555 -0.0622
vn -0.3116 0.9482 -0.0617
vn -0.3360 0.9399 -0.0610
vn -0.5233 0.8504 -0.0544
vn -0.7082 0.7046 -0.0441
vn -0.7840 0.6196 -0.0382
vn -0.8649 0.5010 -0.0300
vn -0.9401 0.3402 -0.0191
vn -0.9905 0.1372 -0.0055
vn -0.9958 -0.0911 0.0097
vn -0.9493 -0.3134 0.0242
vn -0.8647 -0.5009 0.0363
vn -0.7651 -0.6423 0.0453
vn -0.6682 -0.7422 0.0516
vn -0.5822 -0.8111 0.0559
vn -0.3687 -0.9274 0.0628
vn -0.1759 -0.9822 0.0657
vn -0.1788 -0.9817 0.0657
vn -0.1817 -0.9812 0.0657
vn -0.1846 -0.9806 0.0656
vn -0.1874 -0.9801 0.0656
vn -0.1902 -0.9795 0.0656
vn -0.1930 -0.9790 0.0656
vn -0.1958 -0.9784 0.0655
vn -0.2013 -0.9773 0.0655
vn -0.2040 -0.9768 0.0654
vn -0.8143 -0.5790 0.0413
vn -0.6578 0.7517 -0.0474
vn 0.3328 0.9409 -0.0635
vn 0.3463 0.9360 -0.0633
vn 0.3731 0.9257 -0.0627
vn 0.3865 0.9202 -0.0624
vn 0.3997 0.9145 -0.0620
vn 0.4129 0.9087 -0.0617
vn 0.4260 0.9026 -0.0613
vn 0.4390 0.8964 -0.0610
vn 0.4518 0.8900 -0.0606
vn 0.4646 0.8835 -0.0602
vn 0.4891 0.8702 -0.0594
vn 0.5070 0.8599 -0.0588
vn 0.0520 0.9964 -0.0662
vn -0.4285 0.9017 -0.0582
vn -0.4683 0.8818 -0.0567
vn -0.4936 0.8679 -0.0557
vn -0.5238 0.8501 -0.0544
vn -0.5604 0.8266 -0.0527
vn -0.6051 0.7945 -0.0504
vn -0.7288 0.6834 -0.0426
vn -0.8114 0.5834 -0.0357
vn -0.9027 0.4295 -0.0251
vn -0.9848 -0.1729 0.0151
vn -0.7468 -0.6635 0.0467
vn -0.7412 -0.6696 0.0471
vn -0.7350 -0.6764 0.0475
vn -0.7280 -0.6839 0.0480
vn -0.7200 -0.6923 0.0485
vn -0.7001 -0.7123 0.0497
vn -0.6875 -0.7244 0.0505
vn -0.6726 -0.7382 0.0514
vn -0.6545 -0.7542 0.0523
vn -0.6324 -0.7728 0.0535
vn -0.6130 -0.7882 0.0544
vn -0.5952 -0.8017 0.0553
vn -0.5740 -0.8169 0.0562
vn -0.5537 -0.8307 0.0570
vn -0.5342 -0.8434 0.0578
vn -0.5154 -0.8550 0.0585
vn -0.4974 -0.8655 0.0591
vn -0.4801 -0.8752 0.0597
vn -0.4635 -0.8840 0.0602
vn -0.4477 -0.8921 0.0607
vn -0.4325 -0.8996 0.0612
vn -0.4179 -0.9064 0.0616
vn -0.4420 -0.8950 0.0609
vn -0.4258 -0.9027 0.0613
vn -0.3036 -0.9507 0.0641
vn -0.1049 -0.9923 0.0661
vn 0.2070 -0.9762 0.0639
vn 0.5861 -0.8086 0.0514
vn 0.8625 -0.5051 0.0303
vn 0.9764 -0.2155 0.0107
vn 0.9999 -0.0112 -0.0029
vn 0.9924 0.1223 -0.0117
vn 0.9772 0.2115 -0.0176
vn 0.9616 0.2738 -0.0216
vn 0.8267 0.5612 -0.0402
vn 0.6175 0.7847 -0.0542
vn 0.6378 0.7684 -0.0532
vn 0.6589 0.7504 -0.0521
vn 0.6807 0.7308 -0.0509
vn 0.7032 0.7093 -0.0496
vn 0.7263 0.6857 -0.0481
vn 0.7499 0.6599 -0.0464
vn 0.7740 0.6317 -0.0447
vn 0.7982 0.6008 -0.0427
vn 0.8466 0.5308 -0.0383
vn 0.8747 -0.4839 0.0289
vn -0.6568 -0.7523 0.0522
vn -0.9045 -0.4254 0.0315
vn -0.8839 -0.4664 0.0341
vn -0.8567 -0.5145 0.0372
vn -0.8198 -0.5712 0.0408
vn -0.7689 -0.6378 0.0451
vn -0.6978 -0.7146 0.0499
vn -0.5980 -0.7996 0.0551
vn -0.4605 -0.8856 0.0603
vn -0.2806 -0.9577 0.0645
vn 0.1570 -0.9855 0.0647
vn 0.5632 -0.8247 0.0526
vn 0.7034 -0.7094 0.0444
vn 0.7943 -0.6064 0.0373
vn 0.8530 -0.5210 0.0314
vn 0.8918 -0.4517 0.0267
vn 0.9182 -0.3955 0.0228
vn 0.9367 -0.3497 0.0197
vn 0.9500 -0.3119 0.0172
vn 0.9598 -0.2803 0.0151
vn 0.9672 -0.2536 0.0133
vn 0.9729 -0.2308 0.0117
vn 0.9982 -0.0607 0.0004
vn 0.9957 0.0919 -0.0097
vn 0.9970 0.0773 -0.0088
vn 0.9980 0.0631 -0.0078
vn 0.9988 0.0492 -0.0069
vn 0.9993 0.0358 -0.0060
vn 0.9997 0.0227 -0.0052
vn 0.9999 0.0100 -0.0043
vn 0.9999 -0.0144 -0.0027
vn 0.9997 -0.0260 -0.0019
vn 0.9993 -0.0374 -0.0012
vn 0.9697 -0.2442 0.0126
vn 0.9059 -0.4228 0.0247
vn 0.9253 -0.3786 0.0217
vn 0.9477 -0.3188 0.0176
vn 0.9721 -0.2344 0.0120
vn 0.9938 -0.1108 0.0037
vn 0.9972 0.0738 -0.0085
vn 0.9411 0.3371 -0.0258
vn 0.7631 0.6447 -0.0455
vn 0.4630 0.8843 -0.0603
vn 0.1570 0.9854 -0.0658
vn -0.0697 0.9954 -0.0657
vn -0.1869 0.9803 -0.0642
vn -0.2380 0.9692 -0.0633
vn -0.2862 0.9562 -0.0623
vn -0.3335 0.9408 -0.0611
vn -0.3798 0.9231 -0.0598
vn -0.4246 0.9035 -0.0583
vn -0.5089 0.8591 -0.0550
vn -0.5480 0.8348 -0.0533
vn -0.5849 0.8095 -0.0515
vn -0.6195 0.7834 -0.0496
vn -0.6518 0.7569 -0.0478
vn -0.2603 0.9635 -0.0629
vn 0.2330 0.9703 -0.0651
vn 0.2360 0.9696 -0.0651
vn 0.2390 0.9688 -0.0650
vn 0.2420 0.9681 -0.0650
vn 0.2450 0.9674 -0.0650
vn 0.2479 0.9666 -0.0649
vn 0.2509 0.9658 -0.0649
vn 0.2538 0.9651 -0.0649
vn 0.2568 0.9643 -0.0648
vn 0.2597 0.9635 -0.0648
vn 0.2626 0.9627 -0.0647
vn 0.3470 0.9357 -0.0632
vn -0.3514 0.9343 -0.0606
vn -0.3688 0.9276 -0.0601
vn -0.3857 0.9207 -0.0596
vn -0.4021 0.9137 -0.0591
vn -0.4179 0.9066 -0.0585
vn -0.4333 0.8994 -0.0580
vn -0.4482 0.8921 -0.0574
vn -0.4626 0.8847 -0.0569
vn -0.4766 0.8773 -0.0564
vn -0.4901 0.8699 -0.0558
vn -0.4878 0.8712 -0.0559
vn -0.5470 0.8355 -0.0533
vn -0.6616 0.7484 -0.0472
vn -0.7463 0.6643 -0.0413
vn -0.8080 0.5881 -0.0360
vn -0.8528 0.5213 -0.0314
vn -0.8856 0.4636 -0.0275
vn -0.9099 0.4141 -0.0241
vn -0.9282 0.3715 -0.0212
vn -0.9421 0.3347 -0.0187
vn -0.9529 0.3028 -0.0166
vn -0.9614 0.2749 -0.0147
vn -0.9833 0.1820 -0.0085
vn -0.9970 0.0777 -0.0015
vn -0.9997 0.0249 0.0020
vn -0.9993 -0.0378 0.0062
vn -0.9936 -0.1123 0.0111
vn -0.9795 -0.2006 0.0169
vn -0.9523 -0.3043 0.0236
vn -0.9058 -0.4225 0.0313
vn -0.8333 -0.5514 0.0396
vn -0.7300 -0.6818 0.0478
vn -0.5970 -0.8003 0.0552
vn -0.4439 -0.8940 0.0608
vn -0.4647 -0.8834 0.0602
vn -0.4976 -0.8654 0.0591
vn -0.3665 -0.9283 0.0628
vn -0.2315 -0.9707 0.0651
vn -0.1009 -0.9927 0.0661
vn 0.0191 -0.9976 0.0660
vn 0.1252 -0.9900 0.0651
vn 0.2168 -0.9741 0.0637
vn 0.2947 -0.9536 0.0621
vn 0.3604 -0.9308 0.0603
vn 0.4159 -0.9075 0.0586
vn 0.4628 -0.8846 0.0569
vn 0.5856 -0.8090 0.0514
vn 0.6890 -0.7233 0.0454
vn 0.7117 -0.7011 0.0438
vn 0.7283 -0.6840 0.0426
vn 0.7408 -0.6704 0.0417
vn 0.7507 -0.6593 0.0409
vn 0.7587 -0.6502 0.0403
vn 0.7653 -0.6425 0.0398
vn 0.7707 -0.6359 0.0393
vn 0.7754 -0.6303 0.0389
vn 0.7794 -0.6254 0.0386
vn 0.7710 -0.6357 0.0393
vn 0.7548 -0.6547 0.0406
vn 0.7503 -0.6598 0.0410
vn 0.7453 -0.6654 0.0414
vn 0.7397 -0.6717 0.0418
vn 0.7333 -0.6786 0.0423
vn 0.7260 -0.6864 0.0428
vn 0.7176 -0.6951 0.0434
vn 0.7079 -0.7049 0.0441
vn 0.6964 -0.7162 0.0449
vn 0.6828 -0.7292 0.0458
vn 0.6663 -0.7442 0.0469
vn 0.6793 -0.7324 0.0460
vn 0.7244 -0.6881 0.0429
vn 0.7795 -0.6253 0.0386
vn 0.8538 -0.5196 0.0313
vn 0.9451 -0.3264 0.0182
vn 0.9998 0.0205 -0.0050
vn 0.8771 0.4791 -0.0349
vn 0.5618 0.8253 -0.0567
vn 0.2702 0.9606 -0.0646
vn 0.0837 0.9943 -0.0662
vn -0.0322 0.9973 -0.0659
vn -0.1083 0.9920 -0.0653
vn 0.0010 0.9978 -0.0661
vn -0.1330 0.9890 -0.0650
vn -0.2507 0.9660 -0.0631
vn -0.3484 0.9354 -0.0607
vn -0.4285 0.9016 -0.0582
vn -0.4939 0.8677 -0.0557
vn -0.5472 0.8353 -0.0533
vn -0.5910 0.8050 -0.0512
vn -0.6273 0.7772 -0.0492
vn -0.6576 0.7518 -0.0474
vn -0.6832 0.7288 -0.0458
vn -0.7049 0.7079 -0.0443
vn -0.7234 0.6891 -0.0430
vn -0.7607 0.6479 -0.0401
vn -0.8205 0.5706 -0.0348
vn -0.8852 0.4643 -0.0275
vn -0.9474 0.3197 -0.0177
vn -0.9914 0.1310 -0.0051
vn -0.9956 -0.0933 0.0098
vn -0.9451 -0.3259 0.0250
vn -0.8463 -0.5313 0.0383
vn -0.7242 -0.6879 0.0482
vn -0.6031 -0.7958 0.0549
vn -0.4962 -0.8662 0.0592
vn -0.7141 -0.6983 0.0489
vn -0.8895 -0.4558 0.0334
vn -0.8880 -0.4586 0.0336
vn -0.8865 -0.4614 0.0338
vn -0.8850 -0.4644 0.0340
vn -0.8834 -0.4674 0.0342
vn -0.8817 -0.4706 0.0344
vn -0.8799 -0.4738 0.0346
vn -0.8781 -0.4772 0.0348
vn -0.8762 -0.4807 0.0350
vn -0.8742 -0.4842 0.0353
vn -0.8722 -0.4879 0.0355
vn -0.9841 -0.1772 0.0153
vn -0.9941 0.1086 -0.0036
vn -0.9994 0.0344 0.0014
vn -0.9983 -0.0570 0.0074
vn -0.9856 -0.1686 0.0148
vn -0.9529 -0.3023 0.0235
vn -0.8899 -0.4550 0.0334
vn -0.7873 -0.6151 0.0436
vn -0.6444 -0.7628 0.0529
vn -0.4746 -0.8781 0.0599
vn -0.3003 -0.9517 0.0641
vn 0.0272 -0.9975 0.0660
vn 0.1141 -0.9913 0.0652
vn 0.1018 -0.9927 0.0654
vn 0.0899 -0.9938 0.0655
vn 0.0783 -0.9948 0.0656
vn 0.0671 -0.9956 0.0657
vn 0.0563 -0.9962 0.0658
vn 0.0458 -0.9968 0.0659
vn 0.0356 -0.9972 0.0659
vn 0.0257 -0.9975 0.0660
vn 0.0161 -0.9977 0.0660
vn 0.0069 -0.9978 0.0661
vn -0.0786 -0.9947 0.0662
vn -0.1642 -0.9842 0.0658
vn -0.1750 -0.9824 0.0657
vn -0.1857 -0.9804 0.0656
vn -0.1962 -0.9784 0.0655
vn -0.2064 -0.9763 0.0654
vn -0.2165 -0.9741 0.0653
vn -0.2263 -0.9719 0.0652
vn -0.2359 -0.9696 0.0651
vn -0.2454 -0.9673 0.0650
vn -0.2546 -0.9649 0.0648
vn -0.2637 -0.9624 0.0647
vn -0.8179 -0.5739 0.0410
vn -0.9972 -0.0744 0.0086
vn -0.9872 -0.1590 0.0141
vn -0.9674 -0.2523 0.0202
vn -0.9354 -0.3527 0.0268
vn -0.8888 -0.4571 0.0335
vn -0.8268 -0.5610 0.0402
vn -0.7504 -0.6594 0.0464
vn -0.6622 -0.7476 0.0519
vn -0.4693 -0.8810 0.0601
vn -0.1245 -0.9900 0.0660
vn 0.1734 -0.9827 0.0645
vn 0.3383 -0.9391 0.0610
vn 0.4815 -0.8747 0.0562
vn 0.5980 -0.7999 0.0508
vn 0.6887 -0.7236 0.0454
vn 0.8099 -0.5855 0.0358
vn 0.8493 -0.5270 0.0318
vn 0.8791 -0.4757 0.0283
vn 0.9021 -0.4308 0.0252
vn 0.9199 -0.3915 0.0226
vn 0.9374 -0.3477 0.0196
vn 0.9475 -0.3194 0.0177
vn 0.9493 -0.3138 0.0173
vn 0.9512 -0.3082 0.0169
vn 0.9529 -0.3027 0.0166
vn 0.9547 -0.2972 0.0162
vn 0.9564 -0.2918 0.0158
vn 0.9580 -0.2864 0.0155
vn 0.9596 -0.2810 0.0151
vn 0.9627 -0.2703 0.0144
vn 0.9641 -0.2650 0.0140
vn 0.9364 -0.3504 0.0198
vn 0.9004 -0.4343 0.0255
vn 0.9034 -0.4281 0.0251
vn 0.9067 -0.4211 0.0246
vn 0.9103 -0.4133 0.0240
vn 0.9143 -0.4043 0.0234
vn 0.9188 -0.3940 0.0227
vn 0.9239 -0.3820 0.0219
vn 0.9296 -0.3679 0.0210
vn 0.9361 -0.3512 0.0198
vn 0.9435 -0.3309 0.0185
vn 0.9519 -0.3060 0.0168
vn 0.9556 -0.2944 0.0160
vn 0.9736 -0.2280 0.0115
vn 0.9989 -0.0477 -0.0005
vn 0.9720 0.2343 -0.0191
vn 0.8034 0.5939 -0.0423
vn 0.4711 0.8800 -0.0600
vn 0.1353 0.9886 -0.0660
vn -0.0952 0.9933 -0.0654
vn -0.2390 0.9689 -0.0633
vn -0.3316 0.9414 -0.0611
vn -0.3944 0.9170 -0.0593
vn -0.4392 0.8965 -0.0578
vn -0.5601 0.8268 -0.0527
vn -0.6444 0.7632 -0.0482
vn -0.6296 0.7754 -0.0491
vn -0.5954 0.8018 -0.0509
vn -0.5757 0.8160 -0.0519
vn -0.5539 0.8309 -0.0530
vn -0.5298 0.8464 -0.0541
vn -0.5029 0.8626 -0.0553
vn -0.4731 0.8792 -0.0565
vn -0.4398 0.8962 -0.0578
vn -0.4025 0.9135 -0.0590
vn -0.1314 0.9892 -0.0650
vn 0.1393 0.9881 -0.0660
vn 0.1506 0.9864 -0.0659
vn 0.1618 0.9846 -0.0658
vn 0.1726 0.9828 -0.0657
vn 0.1832 0.9809 -0.0656
vn 0.1936 0.9789 -0.0655
vn 0.2037 0.9768 -0.0654
vn 0.2136 0.9747 -0.0653
vn 0.2233 0.9726 -0.0652
vn 0.2327 0.9704 -0.0651
vn 0.2419 0.9681 -0.0650
vn 0.4178 0.9064 -0.0616
vn 0.5625 0.8248 -0.0567
vn 0.5467 0.8354 -0.0573
vn 0.5282 0.8471 -0.0580
vn 0.4807 0.8749 -0.0597
vn 0.4496 0.8912 -0.0607
vn 0.4116 0.9093 -0.0617
vn 0.3642 0.9292 -0.0629
vn 0.3043 0.9504 -0.0641
vn 0.2275 0.9716 -0.0652
vn 0.1277 0.9896 -0.0660
vn -0.2302 -0.9710 0.0652
vn -0.2225 -0.9727 0.0652
vn -0.2194 -0.9735 0.0653
vn -0.2178 -0.9738 0.0653
vn -0.2162 -0.9742 0.0653
vn -0.2145 -0.9745 0.0653
vn -0.2129 -0.9749 0.0654
vn -0.2112 -0.9752 0.0654
vn -0.2096 -0.9756 0.0654
vn -0.2061 -0.9763 0.0654
vn -0.3996 -0.9146 0.0620
vn -0.8707 -0.4906 0.0357
vn -0.9881 -0.1532 0.0138
vn -0.9915 0.1296 -0.0050
vn -0.9716 0.2365 -0.0121
vn -0.9463 0.3229 -0.0179
vn -0.9194 0.3926 -0.0226
vn -0.8931 0.4490 -0.0265
vn -0.9224 0.3856 -0.0222
vn -0.9561 0.2927 -0.0159
vn -0.9578 0.2871 -0.0155
vn -0.9595 0.2813 -0.0151
vn -0.9612 0.2756 -0.0147
vn -0.9628 0.2699 -0.0144
vn -0.9644 0.2641 -0.0140
vn -0.9660 0.2583 -0.0136
vn -0.9675 0.2524 -0.0132
vn -0.9690 0.2465 -0.0128
vn -0.9705 0.2406 -0.0124
vn -0.9720 0.2347 -0.0120
vn -0.6064 0.7935 -0.0503
vn 0.1945 0.9787 -0.0655
vn 0.7179 0.6945 -0.0486
vn 0.9628 0.2692 -0.0214
vn 0.9633 0.2675 -0.0212
vn 0.9638 0.2658 -0.0211
vn 0.9643 0.2641 -0.0210
vn 0.9647 0.2625 -0.0209
vn 0.9652 0.2608 -0.0208
vn 0.9656 0.2592 -0.0207
vn 0.9660 0.2576 -0.0206
vn 0.9665 0.2560 -0.0205
vn 0.9669 0.2544 -0.0204
vn 0.9673 0.2528 -0.0203
vn 0.9943 0.1064 -0.0107
vn 0.9965 -0.0838 0.0019
vn 0.9833 -0.1818 0.0084
vn 0.9533 -0.3014 0.0165
vn 0.8963 -0.4427 0.0260
vn 0.8003 -0.5985 0.0367
vn 0.6583 -0.7512 0.0474
vn 0.4779 -0.8766 0.0563
vn 0.2826 -0.9572 0.0624
vn 0.0991 -0.9929 0.0654
vn -0.0569 -0.9962 0.0662
vn -0.1823 -0.9811 0.0656
vt 0.913287 0.000000
vt 0.681119 0.000000
vt 0.679720 0.000000
vt 0.911888 0.000000
vt 0.682517 0.000000
vt 0.910489 0.000000
vt 0.909091 0.000000
vt 0.683916 0.000000
vt 0.907692 0.000000
vt 0.906294 0.000000
vt 0.685315 0.000000
vt 0.904895 0.000000
vt 0.686713 0.000000
vt 0.903497 0.000000
vt 0.902098 0.000000
vt 0.688112 0.000000
vt 0.900699 0.000000
vt 0.899301 0.000000
vt 0.689510 0.000000
vt 0.897902 0.000000
vt 0.896504 0.000000
vt 0.690909 0.000000
vt 0.692308 0.000000
vt 0.895105 0.000000
vt 0.693706 0.000000
vt 0.893706 0.000000
vt 0.695105 0.000000
vt 0.892308 0.000000
vt 0.696504 0.000000
vt 0.890909 0.000000
vt 0.697902 0.000000
vt 0.854545 0.000000
vt 0.857343 0.000000
vt 0.855944 0.000000
vt 0.858741 0.000000
vt 0.853147 0.000000
vt 0.860140 0.000000
vt 0.889511 0.000000
vt 0.851748 0.000000
vt 0.861538 0.000000
vt 0.998601 0.000000
vt 0.699301 0.000000
vt 0.850350 0.000000
vt 0.862937 0.000000
vt 0.888112 0.000000
vt 1.000000 0.000000
vt 0.997203 0.000000
vt 0.995804 0.000000
vt 0.914685 0.000000
vt 0.994406 0.000000
vt 0.700699 0.000000
vt 0.916084 0.000000
vt 0.848951 0.000000
vt 0.993007 0.000000
vt 0.864336 0.000000
vt 0.991608 0.000000
vt 0.990210 0.000000
vt 0.886713 0.000000
vt 0.702098 0.000000
vt 0.988811 0.000000
vt 0.847552 0.000000
vt 0.865734 0.000000
vt 0.917482 0.000000
vt 0.987413 0.000000
vt 0.867133 0.000000
vt 0.703497 0.000000
vt 0.885315 0.000000
vt 0.986014 0.000000
vt 0.868531 0.000000
vt 0.846154 0.000000
vt 0.918881 0.000000
vt 0.984615 0.000000
vt 0.869930 0.000000
vt 0.704895 0.000000
vt 0.844755 0.000000
vt 0.883916 0.000000
vt 0.871329 0.000000
vt 0.983217 0.000000
vt 0.843357 0.000000
vt 0.872727 0.000000
vt 0.706294 0.000000
vt 0.920280 0.000000
vt 0.874126 0.000000
vt 0.882517 0.000000
vt 0.841958 0.000000
vt 0.875524 0.000000
vt 0.707692 0.000000
vt 0.876923 0.000000
vt 0.881119 0.000000
vt 0.878322 0.000000
vt 0.840559 0.000000
vt 0.921678 0.000000
vt 0.879720 0.000000
vt 0.709091 0.000000
vt 0.981818 0.000000
vt 0.839161 0.000000
vt 0.710490 0.000000
vt 0.923077 0.000000
vt 0.711888 0.000000
vt 0.837762 0.000000
vt 0.713287 0.000000
vt 0.924476 0.000000
vt 0.836364 0.000000
vt 0.714685 0.000000
vt 0.980420 0.000000
vt 0.834965 0.000000
vt 0.925874 0.000000
vt 0.833566 0.000000
vt 0.927273 0.000000
vt 0.979021 0.000000
vt 0.716084 0.000000
vt 0.832168 0.000000
vt 0.928671 0.000000
vt 0.830769 0.000000
vt 0.930070 0.000000
vt 0.977622 0.000000
vt 0.717483 0.000000
vt 0.931469 0.000000
vt 0.829371 0.000000
vt 0.932867 0.000000
vt 0.934266 0.000000
vt 0.935664 0.000000
vt 0.937063 0.000000
vt 0.976224 0.000000
vt 0.938462 0.000000
vt 0.939860 0.000000
vt 0.718881 0.000000
vt 0.941259 0.000000
vt 0.827972 0.000000
vt 0.942657 0.000000
vt 0.944056 0.000000
vt 0.945455 0.000000
vt 0.974825 0.000000
vt 0.946853 0.000000
vt 0.948252 0.000000
vt 0.720280 0.000000
vt 0.949650 0.000000
vt 0.826573 0.000000
vt 0.973427 0.000000
vt 0.951049 0.000000
vt 0.721678 0.000000
vt 0.972028 0.000000
vt 0.825175 0.000000
vt 0.952448 0.000000
vt 0.723077 0.000000
vt 0.970629 0.000000
vt 0.953846 0.000000
vt 0.823776 0.000000
vt 0.724476 0.000000
vt 0.969231 0.000000
vt 0.955245 0.000000
vt 0.822378 0.000000
vt 0.725874 0.000000
vt 0.967832 0.000000
vt 0.956643 0.000000
vt 0.820979 0.000000
vt 0.727273 0.000000
vt 0.958042 0.000000
vt 0.966434 0.000000
vt 0.959441 0.000000
vt 0.728671 0.000000
vt 0.819580 0.000000
vt 0.960839 0.000000
vt 0.730070 0.000000
vt 0.818182 0.000000
vt 0.962238 0.000000
vt 0.731469 0.000000
vt 0.732867 0.000000
vt 0.963636 0.000000
vt 0.816783 0.000000
vt 0.734266 0.000000
vt 0.735664 0.000000
vt 0.737063 0.000000
vt 0.965035 0.000000
vt 0.738462 0.000000
vt 0.763636 0.000000
vt 0.762238 0.000000
vt 0.739860 0.000000
vt 0.815385 0.000000
vt 0.765035 0.000000
vt 0.760839 0.000000
vt 0.759441 0.000000
vt 0.758042 0.000000
vt 0.756643 0.000000
vt 0.741259 0.000000
vt 0.755245 0.000000
vt 0.753846 0.000000
vt 0.752448 0.000000
vt 0.751049 0.000000
vt 0.742657 0.000000
vt 0.766434 0.000000
vt 0.749650 0.000000
vt 0.744056 0.000000
vt 0.748252 0.000000
vt 0.746853 0.000000
vt 0.745455 0.000000
vt 0.767832 0.000000
vt 0.769231 0.000000
vt 0.770629 0.000000
vt 0.813986 0.000000
vt 0.772028 0.000000
vt 0.773427 0.000000
vt 0.774825 0.000000
vt 0.812587 0.000000
vt 0.776224 0.000000
vt 0.777622 0.000000
vt 0.811189 0.000000
vt 0.779021 0.000000
vt 0.809790 0.000000
vt 0.780420 0.000000
vt 0.808392 0.000000
vt 0.781818 0.000000
vt 0.783217 0.000000
vt 0.806993 0.000000
vt 0.784615 0.000000
vt 0.786014 0.000000
vt 0.805594 0.000000
vt 0.787413 0.000000
vt 0.804196 0.000000
vt 0.788811 0.000000
vt 0.790210 0.000000
vt 0.802797 0.000000
vt 0.791608 0.000000
vt 0.801399 0.000000
vt 0.560839 0.000000
vt 0.001399 0.000000
vt 0.000000 0.000000
vt 0.793007 0.000000
vt 0.794406 0.000000
vt 0.002797 0.000000
vt 0.800000 0.000000
vt 0.795804 0.000000
vt 0.798601 0.000000
vt 0.797203 0.000000
vt 0.004196 0.000000
vt 0.005594 0.000000
vt 0.006993 0.000000
vt 0.008392 0.000000
vt 0.009790 0.000000
vt 0.011189 0.000000
vt 0.559441 0.000000
vt 0.012587 0.000000
vt 0.558042 0.000000
vt 0.013986 0.000000
vt 0.556643 0.000000
vt 0.555245 0.000000
vt 0.015385 0.000000
vt 0.553846 0.000000
vt 0.016783 0.000000
vt 0.552448 0.000000
vt 0.551049 0.000000
vt 0.118881 0.000000
vt 0.120280 0.000000
vt 0.117483 0.000000
vt 0.018182 0.000000
vt 0.116084 0.000000
vt 0.121678 0.000000
vt 0.114685 0.000000
vt 0.524476 0.000000
vt 0.527273 0.000000
vt 0.525874 0.000000
vt 0.523077 0.000000
vt 0.549650 0.000000
vt 0.528671 0.000000
vt 0.113287 0.000000
vt 0.521678 0.000000
vt 0.530070 0.000000
vt 0.123077 0.000000
vt 0.531469 0.000000
vt 0.111888 0.000000
vt 0.520280 0.000000
vt 0.532867 0.000000
vt 0.110490 0.000000
vt 0.548252 0.000000
vt 0.124476 0.000000
vt 0.534266 0.000000
vt 0.109091 0.000000
vt 0.518881 0.000000
vt 0.535664 0.000000
vt 0.107692 0.000000
vt 0.537063 0.000000
vt 0.125874 0.000000
vt 0.546853 0.000000
vt 0.106294 0.000000
vt 0.538462 0.000000
vt 0.517483 0.000000
vt 0.104895 0.000000
vt 0.539860 0.000000
vt 0.127273 0.000000
vt 0.545455 0.000000
vt 0.103497 0.000000
vt 0.541259 0.000000
vt 0.516084 0.000000
vt 0.102098 0.000000
vt 0.128671 0.000000
vt 0.542657 0.000000
vt 0.544056 0.000000
vt 0.100699 0.000000
vt 0.130070 0.000000
vt 0.514685 0.000000
vt 0.131469 0.000000
vt 0.513287 0.000000
vt 0.019580 0.000000
vt 0.132867 0.000000
vt 0.511888 0.000000
vt 0.134266 0.000000
vt 0.135664 0.000000
vt 0.099301 0.000000
vt 0.510490 0.000000
vt 0.137063 0.000000
vt 0.509091 0.000000
vt 0.020979 0.000000
vt 0.097902 0.000000
vt 0.507692 0.000000
vt 0.186014 0.000000
vt 0.188811 0.000000
vt 0.187413 0.000000
vt 0.190210 0.000000
vt 0.184615 0.000000
vt 0.191608 0.000000
vt 0.183217 0.000000
vt 0.193007 0.000000
vt 0.181818 0.000000
vt 0.194406 0.000000
vt 0.195804 0.000000
vt 0.180420 0.000000
vt 0.197203 0.000000
vt 0.179021 0.000000
vt 0.198601 0.000000
vt 0.177622 0.000000
vt 0.200000 0.000000
vt 0.201399 0.000000
vt 0.176224 0.000000
vt 0.202797 0.000000
vt 0.022378 0.000000
vt 0.174825 0.000000
vt 0.204196 0.000000
vt 0.096503 0.000000
vt 0.173427 0.000000
vt 0.205594 0.000000
vt 0.172028 0.000000
vt 0.206993 0.000000
vt 0.208392 0.000000
vt 0.506294 0.000000
vt 0.170629 0.000000
vt 0.209790 0.000000
vt 0.169231 0.000000
vt 0.211189 0.000000
vt 0.167832 0.000000
vt 0.212587 0.000000
vt 0.166434 0.000000
vt 0.165035 0.000000
vt 0.213986 0.000000
vt 0.163636 0.000000
vt 0.162238 0.000000
vt 0.215385 0.000000
vt 0.160839 0.000000
vt 0.159441 0.000000
vt 0.216783 0.000000
vt 0.158042 0.000000
vt 0.156643 0.000000
vt 0.218182 0.000000
vt 0.155245 0.000000
vt 0.153846 0.000000
vt 0.219580 0.000000
vt 0.152448 0.000000
vt 0.220979 0.000000
vt 0.151049 0.000000
vt 0.222378 0.000000
vt 0.149650 0.000000
vt 0.223776 0.000000
vt 0.095105 0.000000
vt 0.148252 0.000000
vt 0.225175 0.000000
vt 0.023776 0.000000
vt 0.226573 0.000000
vt 0.146853 0.000000
vt 0.504895 0.000000
vt 0.227972 0.000000
vt 0.229371 0.000000
vt 0.145455 0.000000
vt 0.230769 0.000000
vt 0.232168 0.000000
vt 0.144056 0.000000
vt 0.233566 0.000000
vt 0.234965 0.000000
vt 0.142657 0.000000
vt 0.236364 0.000000
vt 0.237762 0.000000
vt 0.141259 0.000000
vt 0.239161 0.000000
vt 0.139860 0.000000
vt 0.240559 0.000000
vt 0.138462 0.000000
vt 0.241958 0.000000
vt 0.243357 0.000000
vt 0.244755 0.000000
vt 0.246154 0.000000
vt 0.503497 0.000000
vt 0.093706 0.000000
vt 0.247552 0.000000
vt 0.025175 0.000000
vt 0.248951 0.000000
vt 0.250350 0.000000
vt 0.251748 0.000000
vt 0.253147 0.000000
vt 0.254545 0.000000
vt 0.255944 0.000000
vt 0.502098 0.000000
vt 0.092308 0.000000
vt 0.026573 0.000000
vt 0.288112 0.000000
vt 0.290909 0.000000
vt 0.289510 0.000000
vt 0.286713 0.000000
vt 0.285315 0.000000
vt 0.292308 0.000000
vt 0.283916 0.000000
vt 0.293706 0.000000
vt 0.500699 0.000000
vt 0.282517 0.000000
vt 0.295105 0.000000
vt 0.296503 0.000000
vt 0.281119 0.000000
vt 0.297902 0.000000
vt 0.279720 0.000000
vt 0.299301 0.000000
vt 0.300699 0.000000
vt 0.278322 0.000000
vt 0.302098 0.000000
vt 0.303497 0.000000
vt 0.276923 0.000000
vt 0.304895 0.000000
vt 0.306294 0.000000
vt 0.275524 0.000000
vt 0.307692 0.000000
vt 0.274126 0.000000
vt 0.090909 0.000000
vt 0.309091 0.000000
vt 0.272727 0.000000
vt 0.027972 0.000000
vt 0.310490 0.000000
vt 0.271329 0.000000
vt 0.311888 0.000000
vt 0.269930 0.000000
vt 0.499301 0.000000
vt 0.313287 0.000000
vt 0.268531 0.000000
vt 0.314685 0.000000
vt 0.267133 0.000000
vt 0.316084 0.000000
vt 0.265734 0.000000
vt 0.317483 0.000000
vt 0.264336 0.000000
vt 0.318881 0.000000
vt 0.262937 0.000000
vt 0.320280 0.000000
vt 0.261538 0.000000
vt 0.321678 0.000000
vt 0.260140 0.000000
vt 0.089510 0.000000
vt 0.029371 0.000000
vt 0.323077 0.000000
vt 0.258741 0.000000
vt 0.497902 0.000000
vt 0.257343 0.000000
vt 0.324476 0.000000
vt 0.325874 0.000000
vt 0.327273 0.000000
vt 0.328671 0.000000
vt 0.330070 0.000000
vt 0.331469 0.000000
vt 0.332867 0.000000
vt 0.334266 0.000000
vt 0.496504 0.000000
vt 0.030769 0.000000
vt 0.335664 0.000000
vt 0.337063 0.000000
vt 0.088112 0.000000
vt 0.338462 0.000000
vt 0.339860 0.000000
vt 0.341259 0.000000
vt 0.495105 0.000000
vt 0.032168 0.000000
vt 0.086713 0.000000
vt 0.493706 0.000000
vt 0.373427 0.000000
vt 0.376224 0.000000
vt 0.374825 0.000000
vt 0.372028 0.000000
vt 0.370629 0.000000
vt 0.369231 0.000000
vt 0.033566 0.000000
vt 0.367832 0.000000
vt 0.377622 0.000000
vt 0.366434 0.000000
vt 0.365035 0.000000
vt 0.363636 0.000000
vt 0.362238 0.000000
vt 0.379021 0.000000
vt 0.360839 0.000000
vt 0.359441 0.000000
vt 0.380420 0.000000
vt 0.358042 0.000000
vt 0.492308 0.000000
vt 0.356643 0.000000
vt 0.381818 0.000000
vt 0.355245 0.000000
vt 0.085315 0.000000
vt 0.383217 0.000000
vt 0.353846 0.000000
vt 0.384615 0.000000
vt 0.034965 0.000000
vt 0.352448 0.000000
vt 0.386014 0.000000
vt 0.490909 0.000000
vt 0.351049 0.000000
vt 0.387413 0.000000
vt 0.349650 0.000000
vt 0.388811 0.000000
vt 0.348252 0.000000
vt 0.390210 0.000000
vt 0.489510 0.000000
vt 0.391608 0.000000
vt 0.346853 0.000000
vt 0.393007 0.000000
vt 0.345455 0.000000
vt 0.344056 0.000000
vt 0.036364 0.000000
vt 0.342657 0.000000
vt 0.488112 0.000000
vt 0.083916 0.000000
vt 0.037762 0.000000
vt 0.082517 0.000000
vt 0.486713 0.000000
vt 0.039161 0.000000
vt 0.458741 0.000000
vt 0.394406 0.000000
vt 0.081119 0.000000
vt 0.460140 0.000000
vt 0.457343 0.000000
vt 0.485315 0.000000
vt 0.040559 0.000000
vt 0.079720 0.000000
vt 0.483916 0.000000
vt 0.041958 0.000000
vt 0.078322 0.000000
vt 0.461538 0.000000
vt 0.395804 0.000000
vt 0.482517 0.000000
vt 0.455944 0.000000
vt 0.043357 0.000000
vt 0.076923 0.000000
vt 0.462937 0.000000
vt 0.481119 0.000000
vt 0.464336 0.000000
vt 0.075524 0.000000
vt 0.044755 0.000000
vt 0.465734 0.000000
vt 0.479720 0.000000
vt 0.467133 0.000000
vt 0.074126 0.000000
vt 0.468531 0.000000
vt 0.046154 0.000000
vt 0.478322 0.000000
vt 0.469930 0.000000
vt 0.476923 0.000000
vt 0.471329 0.000000
vt 0.397203 0.000000
vt 0.072727 0.000000
vt 0.472727 0.000000
vt 0.454545 0.000000
vt 0.475524 0.000000
vt 0.474126 0.000000
vt 0.047552 0.000000
vt 0.071329 0.000000
vt 0.048951 0.000000
vt 0.675524 0.000000
vt 0.678322 0.000000
vt 0.676923 0.000000
vt 0.674126 0.000000
vt 0.562238 0.000000
vt 0.672727 0.000000
vt 0.563636 0.000000
vt 0.671329 0.000000
vt 0.069930 0.000000
vt 0.669930 0.000000
vt 0.668531 0.000000
vt 0.050350 0.000000
vt 0.667133 0.000000
vt 0.565035 0.000000
vt 0.068531 0.000000
vt 0.665734 0.000000
vt 0.664336 0.000000
vt 0.051748 0.000000
vt 0.067133 0.000000
vt 0.398601 0.000000
vt 0.566434 0.000000
vt 0.662937 0.000000
vt 0.453147 0.000000
vt 0.065734 0.000000
vt 0.661538 0.000000
vt 0.053147 0.000000
vt 0.567832 0.000000
vt 0.064336 0.000000
vt 0.054545 0.000000
vt 0.062937 0.000000
vt 0.055944 0.000000
vt 0.061538 0.000000
vt 0.660140 0.000000
vt 0.057343 0.000000
vt 0.569231 0.000000
vt 0.060140 0.000000
vt 0.058741 0.000000
vt 0.570629 0.000000
vt 0.400000 0.000000
vt 0.658741 0.000000
vt 0.451748 0.000000
vt 0.572028 0.000000
vt 0.657343 0.000000
vt 0.573427 0.000000
vt 0.401399 0.000000
vt 0.655944 0.000000
vt 0.574825 0.000000
vt 0.450350 0.000000
vt 0.576224 0.000000
vt 0.654545 0.000000
vt 0.402797 0.000000
vt 0.577622 0.000000
vt 0.653147 0.000000
vt 0.579021 0.000000
vt 0.448951 0.000000
vt 0.404196 0.000000
vt 0.651748 0.000000
vt 0.580420 0.000000
vt 0.581818 0.000000
vt 0.583217 0.000000
vt 0.405594 0.000000
vt 0.650350 0.000000
vt 0.584615 0.000000
vt 0.447552 0.000000
vt 0.586014 0.000000
vt 0.406993 0.000000
vt 0.648951 0.000000
vt 0.587413 0.000000
vt 0.408392 0.000000
vt 0.588811 0.000000
vt 0.446154 0.000000
vt 0.647552 0.000000
vt 0.409790 0.000000
vt 0.590210 0.000000
vt 0.411189 0.000000
vt 0.591608 0.000000
vt 0.646154 0.000000
vt 0.444755 0.000000
vt 0.412587 0.000000
vt 0.413986 0.000000
vt 0.593007 0.000000
vt 0.644755 0.000000
vt 0.415385 0.000000
vt 0.443357 0.000000
vt 0.594406 0.000000
vt 0.643357 0.000000
vt 0.416783 0.000000
vt 0.641958 0.000000
vt 0.418182 0.000000
vt 0.595804 0.000000
vt 0.419580 0.000000
vt 0.640559 0.000000
vt 0.441958 0.000000
vt 0.420979 0.000000
vt 0.639161 0.000000
vt 0.597203 0.000000
vt 0.637762 0.000000
vt 0.422378 0.000000
vt 0.598601 0.000000
vt 0.636364 0.000000
vt 0.423776 0.000000
vt 0.440559 0.000000
vt 0.600000 0.000000
vt 0.439161 0.000000
vt 0.634965 0.000000
vt 0.601399 0.000000
vt 0.437762 0.000000
vt 0.425175 0.000000
vt 0.633566 0.000000
vt 0.602797 0.000000
vt 0.436364 0.000000
vt 0.434965 0.000000
vt 0.604196 0.000000
vt 0.632168 0.000000
vt 0.433566 0.000000
vt 0.426573 0.000000
vt 0.432168 0.000000
vt 0.427972 0.000000
vt 0.430769 0.000000
vt 0.429371 0.000000
vt 0.605594 0.000000
vt 0.630769 0.000000
vt 0.606993 0.000000
vt 0.629371 0.000000
vt 0.608392 0.000000
vt 0.627972 0.000000
vt 0.609790 0.000000
vt 0.626573 0.000000
vt 0.611189 0.000000
vt 0.612587 0.000000
vt 0.625175 0.000000
vt 0.613986 0.000000
vt 0.623776 0.000000
vt 0.615385 0.000000
vt 0.622378 0.000000
vt 0.616783 0.000000
vt 0.620979 0.000000
vt 0.618182 0.000000
vt 0.619580 0.000000
vt 0.996255 0.000000
vt 0.998127 0.000000
vt 0.994382 0.000000
vt 0.662921 0.000000
vt 0.992509 0.000000
vt 0.664794 0.000000
vt 0.990637 0.000000
vt 0.988764 0.000000
vt 0.986891 0.000000
vt 0.985019 0.000000
vt 0.983146 0.000000
vt 0.666667 0.000000
vt 0.981273 0.000000
vt 0.979401 0.000000
vt 0.668539 0.000000
vt 0.977528 0.000000
vt 0.670412 0.000000
vt 0.672285 0.000000
vt 0.674157 0.000000
vt 0.676030 0.000000
vt 0.677903 0.000000
vt 0.679775 0.000000
vt 0.975655 0.000000
vt 0.681648 0.000000
vt 0.973783 0.000000
vt 0.683521 0.000000
vt 0.971910 0.000000
vt 0.685393 0.000000
vt 0.970037 0.000000
vt 0.687266 0.000000
vt 0.689139 0.000000
vt 0.691011 0.000000
vt 0.692884 0.000000
vt 0.694757 0.000000
vt 0.696629 0.000000
vt 0.968165 0.000000
vt 0.698502 0.000000
vt 0.700375 0.000000
vt 0.702247 0.000000
vt 0.704120 0.000000
vt 0.705993 0.000000
vt 0.966292 0.000000
vt 0.707865 0.000000
vt 0.865169 0.000000
vt 0.709738 0.000000
vt 0.964419 0.000000
vt 0.867041 0.000000
vt 0.863296 0.000000
vt 0.962547 0.000000
vt 0.711610 0.000000
vt 0.861423 0.000000
vt 0.868914 0.000000
vt 0.960674 0.000000
vt 0.958802 0.000000
vt 0.859551 0.000000
vt 0.870786 0.000000
vt 0.713483 0.000000
vt 0.956929 0.000000
vt 0.857678 0.000000
vt 0.872659 0.000000
vt 0.855805 0.000000
vt 0.955056 0.000000
vt 0.874532 0.000000
vt 0.715356 0.000000
vt 0.853933 0.000000
vt 0.876405 0.000000
vt 0.953184 0.000000
vt 0.852060 0.000000
vt 0.878277 0.000000
vt 0.717228 0.000000
vt 0.951311 0.000000
vt 0.850187 0.000000
vt 0.880150 0.000000
vt 0.719101 0.000000
vt 0.949438 0.000000
vt 0.848315 0.000000
vt 0.882023 0.000000
vt 0.846442 0.000000
vt 0.883895 0.000000
vt 0.947566 0.000000
vt 0.720974 0.000000
vt 0.885768 0.000000
vt 0.844569 0.000000
vt 0.945693 0.000000
vt 0.887640 0.000000
vt 0.842697 0.000000
vt 0.722846 0.000000
vt 0.657303 0.000000
vt 0.661049 0.000000
vt 0.659176 0.000000
vt 0.655431 0.000000
vt 0.889513 0.000000
vt 0.653558 0.000000
vt 0.001873 0.000000
vt 0.651685 0.000000
vt 0.003745 0.000000
vt 0.649813 0.000000
vt 0.647940 0.000000
vt 0.005618 0.000000
vt 0.840824 0.000000
vt 0.646067 0.000000
vt 0.007491 0.000000
vt 0.644195 0.000000
vt 0.009363 0.000000
vt 0.011236 0.000000
vt 0.943820 0.000000
vt 0.642322 0.000000
vt 0.013109 0.000000
vt 0.724719 0.000000
vt 0.014981 0.000000
vt 0.640449 0.000000
vt 0.891386 0.000000
vt 0.016854 0.000000
vt 0.018727 0.000000
vt 0.638577 0.000000
vt 0.838951 0.000000
vt 0.020599 0.000000
vt 0.022472 0.000000
vt 0.024345 0.000000
vt 0.026217 0.000000
vt 0.636704 0.000000
vt 0.028090 0.000000
vt 0.029963 0.000000
vt 0.031835 0.000000
vt 0.033708 0.000000
vt 0.035581 0.000000
vt 0.634831 0.000000
vt 0.893258 0.000000
vt 0.037453 0.000000
vt 0.039326 0.000000
vt 0.837079 0.000000
vt 0.041199 0.000000
vt 0.043071 0.000000
vt 0.632959 0.000000
vt 0.726592 0.000000
vt 0.941948 0.000000
vt 0.044944 0.000000
vt 0.046816 0.000000
vt 0.631086 0.000000
vt 0.048689 0.000000
vt 0.835206 0.000000
vt 0.895131 0.000000
vt 0.050562 0.000000
vt 0.629214 0.000000
vt 0.052434 0.000000
vt 0.054307 0.000000
vt 0.056180 0.000000
vt 0.627341 0.000000
vt 0.728464 0.000000
vt 0.833333 0.000000
vt 0.058052 0.000000
vt 0.059925 0.000000
vt 0.897004 0.000000
vt 0.061798 0.000000
vt 0.625468 0.000000
vt 0.063670 0.000000
vt 0.940075 0.000000
vt 0.065543 0.000000
vt 0.067416 0.000000
vt 0.831461 0.000000
vt 0.069288 0.000000
vt 0.071161 0.000000
vt 0.073034 0.000000
vt 0.623595 0.000000
vt 0.074906 0.000000
vt 0.076779 0.000000
vt 0.730337 0.000000
vt 0.078652 0.000000
vt 0.080524 0.000000
vt 0.082397 0.000000
vt 0.829588 0.000000
vt 0.621723 0.000000
vt 0.084270 0.000000
vt 0.898876 0.000000
vt 0.086142 0.000000
vt 0.088015 0.000000
vt 0.089888 0.000000
vt 0.619850 0.000000
vt 0.827715 0.000000
vt 0.091760 0.000000
vt 0.732210 0.000000
vt 0.734082 0.000000
vt 0.735955 0.000000
vt 0.737828 0.000000
vt 0.093633 0.000000
vt 0.739700 0.000000
vt 0.741573 0.000000
vt 0.743446 0.000000
vt 0.095506 0.000000
vt 0.745318 0.000000
vt 0.938202 0.000000
vt 0.747191 0.000000
vt 0.617977 0.000000
vt 0.749064 0.000000
vt 0.825843 0.000000
vt 0.097378 0.000000
vt 0.750936 0.000000
vt 0.752809 0.000000
vt 0.754682 0.000000
vt 0.099251 0.000000
vt 0.900749 0.000000
vt 0.756554 0.000000
vt 0.101124 0.000000
vt 0.758427 0.000000
vt 0.616105 0.000000
vt 0.823970 0.000000
vt 0.614232 0.000000
vt 0.612360 0.000000
vt 0.610487 0.000000
vt 0.102996 0.000000
vt 0.608614 0.000000
vt 0.760300 0.000000
vt 0.606742 0.000000
vt 0.604869 0.000000
vt 0.571161 0.000000
vt 0.104869 0.000000
vt 0.762172 0.000000
vt 0.573034 0.000000
vt 0.569288 0.000000
vt 0.602996 0.000000
vt 0.822097 0.000000
vt 0.764045 0.000000
vt 0.601124 0.000000
vt 0.106742 0.000000
vt 0.567416 0.000000
vt 0.599251 0.000000
vt 0.765918 0.000000
vt 0.574906 0.000000
vt 0.565543 0.000000
vt 0.108614 0.000000
vt 0.597378 0.000000
vt 0.767790 0.000000
vt 0.820225 0.000000
vt 0.595506 0.000000
vt 0.576779 0.000000
vt 0.769663 0.000000
vt 0.563670 0.000000
vt 0.110487 0.000000
vt 0.771536 0.000000
vt 0.593633 0.000000
vt 0.818352 0.000000
vt 0.902622 0.000000
vt 0.578652 0.000000
vt 0.561798 0.000000
vt 0.773408 0.000000
vt 0.112360 0.000000
vt 0.816479 0.000000
vt 0.775281 0.000000
vt 0.580524 0.000000
vt 0.559925 0.000000
vt 0.936330 0.000000
vt 0.114232 0.000000
vt 0.777154 0.000000
vt 0.814607 0.000000
vt 0.582397 0.000000
vt 0.779026 0.000000
vt 0.558052 0.000000
vt 0.812734 0.000000
vt 0.584270 0.000000
vt 0.780899 0.000000
vt 0.116105 0.000000
vt 0.586142 0.000000
vt 0.556180 0.000000
vt 0.810861 0.000000
vt 0.782772 0.000000
vt 0.588015 0.000000
vt 0.808989 0.000000
vt 0.784644 0.000000
vt 0.589888 0.000000
vt 0.591760 0.000000
vt 0.554307 0.000000
vt 0.786517 0.000000
vt 0.807116 0.000000
vt 0.788390 0.000000
vt 0.805243 0.000000
vt 0.117978 0.000000
vt 0.790262 0.000000
vt 0.803371 0.000000
vt 0.552434 0.000000
vt 0.792135 0.000000
vt 0.801498 0.000000
vt 0.794007 0.000000
vt 0.799625 0.000000
vt 0.904494 0.000000
vt 0.795880 0.000000
vt 0.797753 0.000000
vt 0.550562 0.000000
vt 0.119850 0.000000
vt 0.548689 0.000000
vt 0.546816 0.000000
vt 0.934457 0.000000
vt 0.121723 0.000000
vt 0.906367 0.000000
vt 0.123596 0.000000
vt 0.125468 0.000000
vt 0.932584 0.000000
vt 0.908240 0.000000
vt 0.127341 0.000000
vt 0.129213 0.000000
vt 0.910112 0.000000
vt 0.930712 0.000000
vt 0.928839 0.000000
vt 0.131086 0.000000
vt 0.926966 0.000000
vt 0.925094 0.000000
vt 0.923221 0.000000
vt 0.921348 0.000000
vt 0.919476 0.000000
vt 0.917603 0.000000
vt 0.911985 0.000000
vt 0.915730 0.000000
vt 0.913858 0.000000
vt 0.132959 0.000000
vt 0.155431 0.000000
vt 0.159176 0.000000
vt 0.157303 0.000000
vt 0.161049 0.000000
vt 0.162921 0.000000
vt 0.164794 0.000000
vt 0.166667 0.000000
vt 0.168539 0.000000
vt 0.170412 0.000000
vt 0.153558 0.000000
vt 0.172285 0.000000
vt 0.174157 0.000000
vt 0.151685 0.000000
vt 0.176030 0.000000
vt 0.177903 0.000000
vt 0.149813 0.000000
vt 0.179775 0.000000
vt 0.181648 0.000000
vt 0.147940 0.000000
vt 0.183521 0.000000
vt 0.185393 0.000000
vt 0.146067 0.000000
vt 0.187266 0.000000
vt 0.134831 0.000000
vt 0.189139 0.000000
vt 0.144195 0.000000
vt 0.191011 0.000000
vt 0.142322 0.000000
vt 0.192884 0.000000
vt 0.140449 0.000000
vt 0.194757 0.000000
vt 0.138577 0.000000
vt 0.196629 0.000000
vt 0.136704 0.000000
vt 0.198502 0.000000
vt 0.200375 0.000000
vt 0.202247 0.000000
vt 0.204120 0.000000
vt 0.205993 0.000000
vt 0.207865 0.000000
vt 0.544944 0.000000
vt 0.209738 0.000000
vt 0.211610 0.000000
vt 0.213483 0.000000
vt 0.215356 0.000000
vt 0.217228 0.000000
vt 0.219101 0.000000
vt 0.220974 0.000000
vt 0.222846 0.000000
vt 0.224719 0.000000
vt 0.226592 0.000000
vt 0.228464 0.000000
vt 0.230337 0.000000
vt 0.232210 0.000000
vt 0.234082 0.000000
vt 0.235955 0.000000
vt 0.237828 0.000000
vt 0.239700 0.000000
vt 0.241573 0.000000
vt 0.243446 0.000000
vt 0.245318 0.000000
vt 0.247191 0.000000
vt 0.477528 0.000000
vt 0.249064 0.000000
vt 0.543071 0.000000
vt 0.541198 0.000000
vt 0.539326 0.000000
vt 0.537453 0.000000
vt 0.535581 0.000000
vt 0.533708 0.000000
vt 0.531835 0.000000
vt 0.479401 0.000000
vt 0.475655 0.000000
vt 0.529963 0.000000
vt 0.528090 0.000000
vt 0.481273 0.000000
vt 0.526217 0.000000
vt 0.524345 0.000000
vt 0.483146 0.000000
vt 0.522472 0.000000
vt 0.485019 0.000000
vt 0.520599 0.000000
vt 0.486891 0.000000
vt 0.518727 0.000000
vt 0.488764 0.000000
vt 0.516854 0.000000
vt 0.490637 0.000000
vt 0.514981 0.000000
vt 0.492509 0.000000
vt 0.513109 0.000000
vt 0.494382 0.000000
vt 0.511236 0.000000
vt 0.496255 0.000000
vt 0.509363 0.000000
vt 0.498127 0.000000
vt 0.507491 0.000000
vt 0.505618 0.000000
vt 0.500000 0.000000
vt 0.503745 0.000000
vt 0.501873 0.000000
vt 0.273408 0.000000
vt 0.277154 0.000000
vt 0.275281 0.000000
vt 0.279026 0.000000
vt 0.271536 0.000000
vt 0.280899 0.000000
vt 0.269663 0.000000
vt 0.267790 0.000000
vt 0.282772 0.000000
vt 0.265918 0.000000
vt 0.284644 0.000000
vt 0.264045 0.000000
vt 0.286517 0.000000
vt 0.262172 0.000000
vt 0.260300 0.000000
vt 0.288390 0.000000
vt 0.258427 0.000000
vt 0.256554 0.000000
vt 0.290262 0.000000
vt 0.254682 0.000000
vt 0.292135 0.000000
vt 0.252809 0.000000
vt 0.250936 0.000000
vt 0.294007 0.000000
vt 0.295880 0.000000
vt 0.297753 0.000000
vt 0.299625 0.000000
vt 0.301498 0.000000
vt 0.303371 0.000000
vt 0.305243 0.000000
vt 0.307116 0.000000
vt 0.308989 0.000000
vt 0.473783 0.000000
vt 0.310861 0.000000
vt 0.312734 0.000000
vt 0.471910 0.000000
vt 0.314607 0.000000
vt 0.470037 0.000000
vt 0.316479 0.000000
vt 0.318352 0.000000
vt 0.468165 0.000000
vt 0.320225 0.000000
vt 0.466292 0.000000
vt 0.322097 0.000000
vt 0.464419 0.000000
vt 0.323970 0.000000
vt 0.462547 0.000000
vt 0.325843 0.000000
vt 0.460674 0.000000
vt 0.327715 0.000000
vt 0.458802 0.000000
vt 0.363296 0.000000
vt 0.361423 0.000000
vt 0.359551 0.000000
vt 0.329588 0.000000
vt 0.365169 0.000000
vt 0.367041 0.000000
vt 0.357678 0.000000
vt 0.368914 0.000000
vt 0.355805 0.000000
vt 0.353933 0.000000
vt 0.370787 0.000000
vt 0.352060 0.000000
vt 0.372659 0.000000
vt 0.456929 0.000000
vt 0.350187 0.000000
vt 0.331461 0.000000
vt 0.348315 0.000000
vt 0.374532 0.000000
vt 0.346442 0.000000
vt 0.376404 0.000000
vt 0.344569 0.000000
vt 0.333333 0.000000
vt 0.378277 0.000000
vt 0.342697 0.000000
vt 0.340824 0.000000
vt 0.335206 0.000000
vt 0.455056 0.000000
vt 0.380150 0.000000
vt 0.338951 0.000000
vt 0.337079 0.000000
vt 0.382022 0.000000
vt 0.383895 0.000000
vt 0.453184 0.000000
vt 0.385768 0.000000
vt 0.451311 0.000000
vt 0.387640 0.000000
vt 0.389513 0.000000
vt 0.391386 0.000000
vt 0.449438 0.000000
vt 0.393258 0.000000
vt 0.447566 0.000000
vt 0.395131 0.000000
vt 0.397004 0.000000
vt 0.445693 0.000000
vt 0.398876 0.000000
vt 0.443820 0.000000
vt 0.400749 0.000000
vt 0.441948 0.000000
vt 0.402622 0.000000
vt 0.404494 0.000000
vt 0.440075 0.000000
vt 0.406367 0.000000
vt 0.438202 0.000000
vt 0.408240 0.000000
vt 0.436330 0.000000
vt 0.410112 0.000000
vt 0.411985 0.000000
vt 0.413858 0.000000
vt 0.434457 0.000000
vt 0.415730 0.000000
vt 0.417603 0.000000
vt 0.419476 0.000000
vt 0.432584 0.000000
vt 0.421348 0.000000
vt 0.423221 0.000000
vt 0.425094 0.000000
vt 0.430712 0.000000
vt 0.428839 0.000000
vt 0.426966 0.000000
vt 0.125448 0.000000
vt 0.132616 0.000000
vt 0.129032 0.000000
vt 0.211470 0.000000
vt 0.218638 0.000000
vt 0.215054 0.000000
vt 0.136201 0.000000
vt 0.121864 0.000000
vt 0.139785 0.000000
vt 0.118280 0.000000
vt 0.143369 0.000000
vt 0.146953 0.000000
vt 0.114695 0.000000
vt 0.150538 0.000000
vt 0.111111 0.000000
vt 0.154122 0.000000
vt 0.207885 0.000000
vt 0.157706 0.000000
vt 0.107527 0.000000
vt 0.161290 0.000000
vt 0.103943 0.000000
vt 0.164875 0.000000
vt 0.204301 0.000000
vt 0.100358 0.000000
vt 0.168459 0.000000
vt 0.200717 0.000000
vt 0.172043 0.000000
vt 0.096774 0.000000
vt 0.175627 0.000000
vt 0.197133 0.000000
vt 0.093190 0.000000
vt 0.311828 0.000000
vt 0.308244 0.000000
vt 0.179211 0.000000
vt 0.193548 0.000000
vt 0.304659 0.000000
vt 0.315412 0.000000
vt 0.301075 0.000000
vt 0.318996 0.000000
vt 0.182796 0.000000
vt 0.189964 0.000000
vt 0.297491 0.000000
vt 0.322581 0.000000
vt 0.186380 0.000000
vt 0.293907 0.000000
vt 0.290323 0.000000
vt 0.286738 0.000000
vt 0.283154 0.000000
vt 0.279570 0.000000
vt 0.275986 0.000000
vt 0.272401 0.000000
vt 0.268817 0.000000
vt 0.326165 0.000000
vt 0.089606 0.000000
vt 0.329749 0.000000
vt 0.336918 0.000000
vt 0.086022 0.000000
vt 0.340502 0.000000
vt 0.344086 0.000000
vt 0.082437 0.000000
vt 0.347670 0.000000
vt 0.078853 0.000000
vt 0.351254 0.000000
vt 0.354839 0.000000
vt 0.075269 0.000000
vt 0.358423 0.000000
vt 0.265233 0.000000
vt 0.071685 0.000000
vt 0.362007 0.000000
vt 0.261649 0.000000
vt 0.365591 0.000000
vt 0.068100 0.000000
vt 0.369176 0.000000
vt 0.258065 0.000000
vt 0.064516 0.000000
vt 0.372760 0.000000
vt 0.254480 0.000000
vt 0.060932 0.000000
vt 0.376344 0.000000
vt 0.250896 0.000000
vt 0.379928 0.000000
vt 0.057348 0.000000
vt 0.247312 0.000000
vt 0.383513 0.000000
vt 0.053763 0.000000
vt 0.387097 0.000000
vt 0.243728 0.000000
vt 0.390681 0.000000
vt 0.050179 0.000000
vt 0.240143 0.000000
vt 0.394265 0.000000
vt 0.236559 0.000000
vt 0.046595 0.000000
vt 0.397849 0.000000
vt 0.232975 0.000000
vt 0.043011 0.000000
vt 0.401434 0.000000
vt 0.229391 0.000000
vt 0.039427 0.000000
vt 0.405018 0.000000
vt 0.225806 0.000000
vt 0.408602 0.000000
vt 0.035842 0.000000
vt 0.222222 0.000000
vt 0.412186 0.000000
vt 0.415771 0.000000
vt 0.032258 0.000000
vt 0.419355 0.000000
vt 0.422939 0.000000
vt 0.426523 0.000000
vt 0.028674 0.000000
vt 0.430108 0.000000
vt 0.433692 0.000000
vt 0.025090 0.000000
vt 0.437276 0.000000
vt 0.440860 0.000000
vt 0.021505 0.000000
vt 0.444444 0.000000
vt 0.448029 0.000000
vt 0.017921 0.000000
vt 0.451613 0.000000
vt 0.455197 0.000000
vt 0.014337 0.000000
vt 0.458781 0.000000
vt 0.010753 0.000000
vt 0.462366 0.000000
vt 0.465950 0.000000
vt 0.007168 0.000000
vt 0.469534 0.000000
vt 0.003584 0.000000
vt 0.473118 0.000000
vt 0.476703 0.000000
vt 0.480287 0.000000
vt 0.483871 0.000000
vt 0.996416 0.000000
vt 0.487455 0.000000
vt 0.992832 0.000000
vt 0.989247 0.000000
vt 0.491039 0.000000
vt 0.985663 0.000000
vt 0.982079 0.000000
vt 0.494624 0.000000
vt 0.978495 0.000000
vt 0.974910 0.000000
vt 0.498208 0.000000
vt 0.971326 0.000000
vt 0.967742 0.000000
vt 0.501792 0.000000
vt 0.964158 0.000000
vt 0.960573 0.000000
vt 0.956989 0.000000
vt 0.505376 0.000000
vt 0.953405 0.000000
vt 0.949821 0.000000
vt 0.508961 0.000000
vt 0.946237 0.000000
vt 0.512545 0.000000
vt 0.942652 0.000000
vt 0.939068 0.000000
vt 0.516129 0.000000
vt 0.935484 0.000000
vt 0.931900 0.000000
vt 0.519713 0.000000
vt 0.741935 0.000000
vt 0.749104 0.000000
vt 0.745520 0.000000
vt 0.928315 0.000000
vt 0.738351 0.000000
vt 0.752688 0.000000
vt 0.523297 0.000000
vt 0.924731 0.000000
vt 0.756272 0.000000
vt 0.921147 0.000000
vt 0.526882 0.000000
vt 0.759857 0.000000
vt 0.917563 0.000000
vt 0.530466 0.000000
vt 0.763441 0.000000
vt 0.913979 0.000000
vt 0.534050 0.000000
vt 0.767025 0.000000
vt 0.910394 0.000000
vt 0.770609 0.000000
vt 0.537634 0.000000
vt 0.906810 0.000000
vt 0.774194 0.000000
vt 0.903226 0.000000
vt 0.541219 0.000000
vt 0.899642 0.000000
vt 0.777778 0.000000
vt 0.544803 0.000000
vt 0.896057 0.000000
vt 0.781362 0.000000
vt 0.892473 0.000000
vt 0.548387 0.000000
vt 0.784946 0.000000
vt 0.888889 0.000000
vt 0.788530 0.000000
vt 0.551971 0.000000
vt 0.885305 0.000000
vt 0.792115 0.000000
vt 0.555556 0.000000
vt 0.881720 0.000000
vt 0.795699 0.000000
vt 0.878136 0.000000
vt 0.559140 0.000000
vt 0.874552 0.000000
vt 0.734767 0.000000
vt 0.731183 0.000000
vt 0.727599 0.000000
vt 0.799283 0.000000
vt 0.562724 0.000000
vt 0.870968 0.000000
vt 0.724014 0.000000
vt 0.720430 0.000000
vt 0.716846 0.000000
vt 0.802867 0.000000
vt 0.867384 0.000000
vt 0.566308 0.000000
vt 0.863799 0.000000
vt 0.713262 0.000000
vt 0.709677 0.000000
vt 0.706093 0.000000
vt 0.806452 0.000000
vt 0.569892 0.000000
vt 0.860215 0.000000
vt 0.702509 0.000000
vt 0.810036 0.000000
vt 0.856631 0.000000
vt 0.573477 0.000000
vt 0.698925 0.000000
vt 0.813620 0.000000
vt 0.853047 0.000000
vt 0.817204 0.000000
vt 0.849462 0.000000
vt 0.577061 0.000000
vt 0.845878 0.000000
vt 0.820789 0.000000
vt 0.842294 0.000000
vt 0.695341 0.000000
vt 0.824373 0.000000
vt 0.838710 0.000000
vt 0.827957 0.000000
vt 0.835125 0.000000
vt 0.580645 0.000000
vt 0.831541 0.000000
vt 0.691756 0.000000
vt 0.688172 0.000000
vt 0.684588 0.000000
vt 0.681004 0.000000
vt 0.584229 0.000000
vt 0.677419 0.000000
vt 0.673835 0.000000
vt 0.670251 0.000000
vt 0.663082 0.000000
vt 0.659498 0.000000
vt 0.655914 0.000000
vt 0.652330 0.000000
vt 0.648746 0.000000
vt 0.587814 0.000000
vt 0.645161 0.000000
vt 0.641577 0.000000
vt 0.591398 0.000000
vt 0.637993 0.000000
vt 0.594982 0.000000
vt 0.634409 0.000000
vt 0.630824 0.000000
vt 0.598566 0.000000
vt 0.627240 0.000000
vt 0.623656 0.000000
vt 0.602151 0.000000
vt 0.620072 0.000000
vt 0.605735 0.000000
vt 0.616487 0.000000
vt 0.612903 0.000000
vt 0.609319 0.000000
vt 0.689655 0.000000
vt 0.712644 0.000000
vt 0.701149 0.000000
vt 0.724138 0.000000
vt 0.321839 0.000000
vt 0.344828 0.000000
vt 0.356322 0.000000
vt 0.678161 0.000000
vt 0.735632 0.000000
vt 0.747126 0.000000
vt 0.310345 0.000000
vt 0.298851 0.000000
vt 0.367816 0.000000
vt 0.379310 0.000000
vt 0.758621 0.000000
vt 0.287356 0.000000
vt 0.770115 0.000000
vt 0.275862 0.000000
vt 0.390805 0.000000
vt 0.655172 0.000000
vt 0.781609 0.000000
vt 0.264368 0.000000
vt 0.793103 0.000000
vt 0.252874 0.000000
vt 0.402299 0.000000
vt 0.643678 0.000000
vt 0.804598 0.000000
vt 0.241379 0.000000
vt 0.816092 0.000000
vt 0.229885 0.000000
vt 0.413793 0.000000
vt 0.632184 0.000000
vt 0.827586 0.000000
vt 0.218391 0.000000
vt 0.839080 0.000000
vt 0.206897 0.000000
vt 0.425287 0.000000
vt 0.620690 0.000000
vt 0.850575 0.000000
vt 0.195402 0.000000
vt 0.862069 0.000000
vt 0.183908 0.000000
vt 0.436782 0.000000
vt 0.609195 0.000000
vt 0.873563 0.000000
vt 0.172414 0.000000
vt 0.885057 0.000000
vt 0.160920 0.000000
vt 0.448276 0.000000
vt 0.896552 0.000000
vt 0.149425 0.000000
vt 0.597701 0.000000
vt 0.908046 0.000000
vt 0.137931 0.000000
vt 0.919540 0.000000
vt 0.459770 0.000000
vt 0.126437 0.000000
vt 0.586207 0.000000
vt 0.931035 0.000000
vt 0.114943 0.000000
vt 0.942529 0.000000
vt 0.471264 0.000000
vt 0.954023 0.000000
vt 0.103448 0.000000
vt 0.574713 0.000000
vt 0.965517 0.000000
vt 0.091954 0.000000
vt 0.482759 0.000000
vt 0.977012 0.000000
vt 0.563218 0.000000
vt 0.080460 0.000000
vt 0.988506 0.000000
vt 0.068966 0.000000
vt 0.494253 0.000000
vt 0.551724 0.000000
vt 0.057471 0.000000
vt 0.045977 0.000000
vt 0.011494 0.000000
vt 0.505747 0.000000
vt 0.540230 0.000000
vt 0.034483 0.000000
vt 0.022989 0.000000
vt 0.517241 0.000000
vt 0.528736 0.000000
vt 0.009516 0.000000
vt 0.011246 0.000000
vt 0.010381 0.000000
vt 0.012111 0.000000
vt 0.008651 0.000000
vt 0.012976 0.000000
vt 0.013841 0.000000
vt 0.007785 0.000000
vt 0.014706 0.000000
vt 0.015571 0.000000
vt 0.006920 0.000000
vt 0.016436 0.000000
vt 0.006055 0.000000
vt 0.017301 0.000000
vt 0.018166 0.000000
vt 0.005190 0.000000
vt 0.019031 0.000000
vt 0.019896 0.000000
vt 0.004325 0.000000
vt 0.020761 0.000000
vt 0.021626 0.000000
vt 0.003460 0.000000
vt 0.022491 0.000000
vt 0.002595 0.000000
vt 0.023356 0.000000
vt 0.024221 0.000000
vt 0.001730 0.000000
vt 0.025087 0.000000
vt 0.025952 0.000000
vt 0.000865 0.000000
vt 0.026817 0.000000
vt 0.027682 0.000000
vt 0.028547 0.000000
vt 0.029412 0.000000
vt 0.499135 0.000000
vt 0.030277 0.000000
vt 0.498270 0.000000
vt 0.031142 0.000000
vt 0.497405 0.000000
vt 0.032007 0.000000
vt 0.496540 0.000000
vt 0.032872 0.000000
vt 0.495675 0.000000
vt 0.494810 0.000000
vt 0.033737 0.000000
vt 0.493945 0.000000
vt 0.998270 0.000000
vt 0.999135 0.000000
vt 0.997405 0.000000
vt 0.793253 0.000000
vt 0.996540 0.000000
vt 0.034602 0.000000
vt 0.794118 0.000000
vt 0.493080 0.000000
vt 0.995675 0.000000
vt 0.794983 0.000000
vt 0.994810 0.000000
vt 0.492215 0.000000
vt 0.795848 0.000000
vt 0.993945 0.000000
vt 0.491349 0.000000
vt 0.035467 0.000000
vt 0.490484 0.000000
vt 0.993080 0.000000
vt 0.489619 0.000000
vt 0.796713 0.000000
vt 0.992215 0.000000
vt 0.036332 0.000000
vt 0.991349 0.000000
vt 0.488754 0.000000
vt 0.037197 0.000000
vt 0.797578 0.000000
vt 0.990484 0.000000
vt 0.038062 0.000000
vt 0.487889 0.000000
vt 0.989619 0.000000
vt 0.798443 0.000000
vt 0.038927 0.000000
vt 0.988754 0.000000
vt 0.487024 0.000000
vt 0.039792 0.000000
vt 0.987889 0.000000
vt 0.486159 0.000000
vt 0.799308 0.000000
vt 0.987024 0.000000
vt 0.040657 0.000000
vt 0.986159 0.000000
vt 0.041522 0.000000
vt 0.485294 0.000000
vt 0.985294 0.000000
vt 0.042388 0.000000
vt 0.800173 0.000000
vt 0.484429 0.000000
vt 0.984429 0.000000
vt 0.983564 0.000000
vt 0.483564 0.000000
vt 0.982699 0.000000
vt 0.801038 0.000000
vt 0.981834 0.000000
vt 0.482699 0.000000
vt 0.980969 0.000000
vt 0.481834 0.000000
vt 0.980104 0.000000
vt 0.043253 0.000000
vt 0.979239 0.000000
vt 0.480969 0.000000
vt 0.801903 0.000000
vt 0.480104 0.000000
vt 0.978374 0.000000
vt 0.479239 0.000000
vt 0.802768 0.000000
vt 0.977509 0.000000
vt 0.044118 0.000000
vt 0.478374 0.000000
vt 0.976644 0.000000
vt 0.803633 0.000000
vt 0.477509 0.000000
vt 0.044983 0.000000
vt 0.975779 0.000000
vt 0.804498 0.000000
vt 0.805363 0.000000
vt 0.806228 0.000000
vt 0.476644 0.000000
vt 0.807093 0.000000
vt 0.807958 0.000000
vt 0.974913 0.000000
vt 0.808824 0.000000
vt 0.045848 0.000000
vt 0.809689 0.000000
vt 0.810554 0.000000
vt 0.475779 0.000000
vt 0.811419 0.000000
vt 0.812284 0.000000
vt 0.813149 0.000000
vt 0.974048 0.000000
vt 0.046713 0.000000
vt 0.814014 0.000000
vt 0.474914 0.000000
vt 0.814879 0.000000
vt 0.047578 0.000000
vt 0.973183 0.000000
vt 0.474048 0.000000
vt 0.815744 0.000000
vt 0.071799 0.000000
vt 0.073529 0.000000
vt 0.072664 0.000000
vt 0.074394 0.000000
vt 0.070934 0.000000
vt 0.075260 0.000000
vt 0.070069 0.000000
vt 0.076125 0.000000
vt 0.069204 0.000000
vt 0.076990 0.000000
vt 0.077855 0.000000
vt 0.068339 0.000000
vt 0.078720 0.000000
vt 0.067474 0.000000
vt 0.079585 0.000000
vt 0.066609 0.000000
vt 0.048443 0.000000
vt 0.080450 0.000000
vt 0.081315 0.000000
vt 0.065744 0.000000
vt 0.473183 0.000000
vt 0.082180 0.000000
vt 0.064879 0.000000
vt 0.083045 0.000000
vt 0.972318 0.000000
vt 0.064014 0.000000
vt 0.816609 0.000000
vt 0.083910 0.000000
vt 0.084775 0.000000
vt 0.063149 0.000000
vt 0.085640 0.000000
vt 0.049308 0.000000
vt 0.062284 0.000000
vt 0.086505 0.000000
vt 0.472318 0.000000
vt 0.087370 0.000000
vt 0.061419 0.000000
vt 0.060554 0.000000
vt 0.088235 0.000000
vt 0.059689 0.000000
vt 0.089100 0.000000
vt 0.817474 0.000000
vt 0.058824 0.000000
vt 0.050173 0.000000
vt 0.089965 0.000000
vt 0.057958 0.000000
vt 0.971453 0.000000
vt 0.090830 0.000000
vt 0.471453 0.000000
vt 0.057093 0.000000
vt 0.056228 0.000000
vt 0.091696 0.000000
vt 0.051038 0.000000
vt 0.055363 0.000000
vt 0.092561 0.000000
vt 0.818339 0.000000
vt 0.054498 0.000000
vt 0.093426 0.000000
vt 0.053633 0.000000
vt 0.470588 0.000000
vt 0.051903 0.000000
vt 0.094291 0.000000
vt 0.052768 0.000000
vt 0.970588 0.000000
vt 0.095156 0.000000
vt 0.819204 0.000000
vt 0.096021 0.000000
vt 0.096886 0.000000
vt 0.469723 0.000000
vt 0.097751 0.000000
vt 0.098616 0.000000
vt 0.099481 0.000000
vt 0.100346 0.000000
vt 0.101211 0.000000
vt 0.102076 0.000000
vt 0.820069 0.000000
vt 0.102941 0.000000
vt 0.103806 0.000000
vt 0.104671 0.000000
vt 0.105536 0.000000
vt 0.468858 0.000000
vt 0.106401 0.000000
vt 0.969723 0.000000
vt 0.467993 0.000000
vt 0.107266 0.000000
vt 0.467128 0.000000
vt 0.108131 0.000000
vt 0.466263 0.000000
vt 0.108997 0.000000
vt 0.465398 0.000000
vt 0.820934 0.000000
vt 0.109862 0.000000
vt 0.464533 0.000000
vt 0.110727 0.000000
vt 0.463668 0.000000
vt 0.111592 0.000000
vt 0.462803 0.000000
vt 0.461938 0.000000
vt 0.112457 0.000000
vt 0.461073 0.000000
vt 0.113322 0.000000
vt 0.460208 0.000000
vt 0.114187 0.000000
vt 0.459343 0.000000
vt 0.821799 0.000000
vt 0.968858 0.000000
vt 0.458477 0.000000
vt 0.620242 0.000000
vt 0.115052 0.000000
vt 0.457612 0.000000
vt 0.456747 0.000000
vt 0.455882 0.000000
vt 0.455017 0.000000
vt 0.454152 0.000000
vt 0.453287 0.000000
vt 0.452422 0.000000
vt 0.451557 0.000000
vt 0.450692 0.000000
vt 0.449827 0.000000
vt 0.448962 0.000000
vt 0.448097 0.000000
vt 0.500865 0.000000
vt 0.417820 0.000000
vt 0.501730 0.000000
vt 0.619377 0.000000
vt 0.447232 0.000000
vt 0.446367 0.000000
vt 0.445502 0.000000
vt 0.444637 0.000000
vt 0.443772 0.000000
vt 0.822664 0.000000
vt 0.442907 0.000000
vt 0.442042 0.000000
vt 0.441176 0.000000
vt 0.418685 0.000000
vt 0.416955 0.000000
vt 0.440311 0.000000
vt 0.115917 0.000000
vt 0.439446 0.000000
vt 0.419550 0.000000
vt 0.438581 0.000000
vt 0.502595 0.000000
vt 0.420415 0.000000
vt 0.967993 0.000000
vt 0.437716 0.000000
vt 0.823529 0.000000
vt 0.618512 0.000000
vt 0.436851 0.000000
vt 0.421280 0.000000
vt 0.435986 0.000000
vt 0.435121 0.000000
vt 0.422145 0.000000
vt 0.434256 0.000000
vt 0.423010 0.000000
vt 0.433391 0.000000
vt 0.432526 0.000000
vt 0.423875 0.000000
vt 0.503460 0.000000
vt 0.431661 0.000000
vt 0.116782 0.000000
vt 0.424740 0.000000
vt 0.430796 0.000000
vt 0.824394 0.000000
vt 0.425606 0.000000
vt 0.429931 0.000000
vt 0.426471 0.000000
vt 0.429066 0.000000
vt 0.427336 0.000000
vt 0.428201 0.000000
vt 0.617647 0.000000
vt 0.416090 0.000000
vt 0.967128 0.000000
vt 0.504325 0.000000
vt 0.825260 0.000000
vt 0.826125 0.000000
vt 0.826990 0.000000
vt 0.827855 0.000000
vt 0.828720 0.000000
vt 0.117647 0.000000
vt 0.829585 0.000000
vt 0.830450 0.000000
vt 0.831315 0.000000
vt 0.832180 0.000000
vt 0.505190 0.000000
vt 0.833045 0.000000
vt 0.616782 0.000000
vt 0.833910 0.000000
vt 0.834775 0.000000
vt 0.835640 0.000000
vt 0.836505 0.000000
vt 0.966263 0.000000
vt 0.118512 0.000000
vt 0.837370 0.000000
vt 0.506055 0.000000
vt 0.838235 0.000000
vt 0.839100 0.000000
vt 0.415225 0.000000
vt 0.839965 0.000000
vt 0.840830 0.000000
vt 0.615917 0.000000
vt 0.841695 0.000000
vt 0.842561 0.000000
vt 0.843426 0.000000
vt 0.844291 0.000000
vt 0.845156 0.000000
vt 0.846021 0.000000
vt 0.506920 0.000000
vt 0.846886 0.000000
vt 0.119377 0.000000
vt 0.847751 0.000000
vt 0.848616 0.000000
vt 0.965398 0.000000
vt 0.938581 0.000000
vt 0.849481 0.000000
vt 0.615052 0.000000
vt 0.939446 0.000000
vt 0.937716 0.000000
vt 0.507785 0.000000
vt 0.850346 0.000000
vt 0.120242 0.000000
vt 0.851211 0.000000
vt 0.414360 0.000000
vt 0.508651 0.000000
vt 0.852076 0.000000
vt 0.614187 0.000000
vt 0.852941 0.000000
vt 0.121107 0.000000
vt 0.940311 0.000000
vt 0.964533 0.000000
vt 0.509516 0.000000
vt 0.936851 0.000000
vt 0.853806 0.000000
vt 0.854671 0.000000
vt 0.121972 0.000000
vt 0.510381 0.000000
vt 0.613322 0.000000
vt 0.554498 0.000000
vt 0.556228 0.000000
vt 0.555363 0.000000
vt 0.557093 0.000000
vt 0.553633 0.000000
vt 0.557958 0.000000
vt 0.552768 0.000000
vt 0.558824 0.000000
vt 0.551903 0.000000
vt 0.559689 0.000000
vt 0.941176 0.000000
vt 0.413495 0.000000
vt 0.560554 0.000000
vt 0.551038 0.000000
vt 0.561419 0.000000
vt 0.855536 0.000000
vt 0.562284 0.000000
vt 0.563149 0.000000
vt 0.550173 0.000000
vt 0.564014 0.000000
vt 0.963668 0.000000
vt 0.564879 0.000000
vt 0.511246 0.000000
vt 0.565744 0.000000
vt 0.549308 0.000000
vt 0.566609 0.000000
vt 0.567474 0.000000
vt 0.122837 0.000000
vt 0.548443 0.000000
vt 0.568339 0.000000
vt 0.935986 0.000000
vt 0.569204 0.000000
vt 0.856401 0.000000
vt 0.547578 0.000000
vt 0.612457 0.000000
vt 0.570069 0.000000
vt 0.546713 0.000000
vt 0.570934 0.000000
vt 0.512111 0.000000
vt 0.571799 0.000000
vt 0.545848 0.000000
vt 0.857266 0.000000
vt 0.123702 0.000000
vt 0.572664 0.000000
vt 0.942042 0.000000
vt 0.573529 0.000000
vt 0.512976 0.000000
vt 0.544983 0.000000
vt 0.574394 0.000000
vt 0.575260 0.000000
vt 0.962803 0.000000
vt 0.576125 0.000000
vt 0.544118 0.000000
vt 0.543253 0.000000
vt 0.858131 0.000000
vt 0.611592 0.000000
vt 0.542388 0.000000
vt 0.576990 0.000000
vt 0.513841 0.000000
vt 0.124567 0.000000
vt 0.541523 0.000000
vt 0.935121 0.000000
vt 0.412630 0.000000
vt 0.540657 0.000000
vt 0.577855 0.000000
vt 0.539792 0.000000
vt 0.578720 0.000000
vt 0.538927 0.000000
vt 0.538062 0.000000
vt 0.579585 0.000000
vt 0.942907 0.000000
vt 0.537197 0.000000
vt 0.514706 0.000000
vt 0.580450 0.000000
vt 0.536332 0.000000
vt 0.581315 0.000000
vt 0.125433 0.000000
vt 0.858997 0.000000
vt 0.535467 0.000000
vt 0.582180 0.000000
vt 0.534602 0.000000
vt 0.583045 0.000000
vt 0.533737 0.000000
vt 0.583910 0.000000
vt 0.610727 0.000000
vt 0.515571 0.000000
vt 0.532872 0.000000
vt 0.584775 0.000000
vt 0.532007 0.000000
vt 0.585640 0.000000
vt 0.126298 0.000000
vt 0.531142 0.000000
vt 0.586505 0.000000
vt 0.961938 0.000000
vt 0.530277 0.000000
vt 0.934256 0.000000
vt 0.587370 0.000000
vt 0.588235 0.000000
vt 0.529412 0.000000
vt 0.943772 0.000000
vt 0.859862 0.000000
vt 0.516436 0.000000
vt 0.528547 0.000000
vt 0.589100 0.000000
vt 0.127163 0.000000
vt 0.527682 0.000000
vt 0.589965 0.000000
vt 0.526817 0.000000
vt 0.411765 0.000000
vt 0.525952 0.000000
vt 0.609862 0.000000
vt 0.590830 0.000000
vt 0.517301 0.000000
vt 0.525087 0.000000
vt 0.128028 0.000000
vt 0.591695 0.000000
vt 0.524221 0.000000
vt 0.860727 0.000000
vt 0.933391 0.000000
vt 0.944637 0.000000
vt 0.523356 0.000000
vt 0.598616 0.000000
vt 0.600346 0.000000
vt 0.599481 0.000000
vt 0.601211 0.000000
vt 0.592561 0.000000
vt 0.602076 0.000000
vt 0.602941 0.000000
vt 0.603806 0.000000
vt 0.604671 0.000000
vt 0.605536 0.000000
vt 0.961073 0.000000
vt 0.606401 0.000000
vt 0.518166 0.000000
vt 0.128893 0.000000
vt 0.607266 0.000000
vt 0.593426 0.000000
vt 0.608131 0.000000
vt 0.608997 0.000000
vt 0.597751 0.000000
vt 0.594291 0.000000
vt 0.129758 0.000000
vt 0.519031 0.000000
vt 0.595156 0.000000
vt 0.945502 0.000000
vt 0.932526 0.000000
vt 0.861592 0.000000
vt 0.596021 0.000000
vt 0.130623 0.000000
vt 0.410900 0.000000
vt 0.519896 0.000000
vt 0.596886 0.000000
vt 0.960208 0.000000
vt 0.131488 0.000000
vt 0.946367 0.000000
vt 0.931661 0.000000
vt 0.520761 0.000000
vt 0.621107 0.000000
vt 0.132353 0.000000
vt 0.862457 0.000000
vt 0.133218 0.000000
vt 0.947232 0.000000
vt 0.621972 0.000000
vt 0.717993 0.000000
vt 0.717128 0.000000
vt 0.716263 0.000000
vt 0.715398 0.000000
vt 0.714533 0.000000
vt 0.521626 0.000000
vt 0.713668 0.000000
vt 0.712803 0.000000
vt 0.930796 0.000000
vt 0.959343 0.000000
vt 0.711938 0.000000
vt 0.711073 0.000000
vt 0.134083 0.000000
vt 0.710208 0.000000
vt 0.522491 0.000000
vt 0.709343 0.000000
vt 0.410035 0.000000
vt 0.708477 0.000000
vt 0.948097 0.000000
vt 0.707612 0.000000
vt 0.186851 0.000000
vt 0.134948 0.000000
vt 0.863322 0.000000
vt 0.929931 0.000000
vt 0.187716 0.000000
vt 0.185986 0.000000
vt 0.185121 0.000000
vt 0.135813 0.000000
vt 0.184256 0.000000
vt 0.136678 0.000000
vt 0.137543 0.000000
vt 0.138408 0.000000
vt 0.948962 0.000000
vt 0.183391 0.000000
vt 0.139273 0.000000
vt 0.140138 0.000000
vt 0.958477 0.000000
vt 0.718858 0.000000
vt 0.622837 0.000000
vt 0.141003 0.000000
vt 0.141869 0.000000
vt 0.182526 0.000000
vt 0.929066 0.000000
vt 0.142734 0.000000
vt 0.143599 0.000000
vt 0.144464 0.000000
vt 0.957612 0.000000
vt 0.145329 0.000000
vt 0.181661 0.000000
vt 0.706747 0.000000
vt 0.188581 0.000000
vt 0.146194 0.000000
vt 0.147059 0.000000
vt 0.147924 0.000000
vt 0.956747 0.000000
vt 0.180796 0.000000
vt 0.148789 0.000000
vt 0.149654 0.000000
vt 0.150519 0.000000
vt 0.955882 0.000000
vt 0.949827 0.000000
vt 0.719723 0.000000
vt 0.792388 0.000000
vt 0.151384 0.000000
vt 0.152249 0.000000
vt 0.179931 0.000000
vt 0.928201 0.000000
vt 0.153114 0.000000
vt 0.955017 0.000000
vt 0.950692 0.000000
vt 0.720588 0.000000
vt 0.153979 0.000000
vt 0.154844 0.000000
vt 0.954152 0.000000
vt 0.951557 0.000000
vt 0.155709 0.000000
vt 0.179066 0.000000
vt 0.721453 0.000000
vt 0.953287 0.000000
vt 0.952422 0.000000
vt 0.156574 0.000000
vt 0.864187 0.000000
vt 0.409170 0.000000
vt 0.386678 0.000000
vt 0.722318 0.000000
vt 0.178201 0.000000
vt 0.723183 0.000000
vt 0.157439 0.000000
vt 0.927336 0.000000
vt 0.387543 0.000000
vt 0.385813 0.000000
vt 0.729239 0.000000
vt 0.725779 0.000000
vt 0.724048 0.000000
vt 0.177336 0.000000
vt 0.724913 0.000000
vt 0.158304 0.000000
vt 0.176471 0.000000
vt 0.726644 0.000000
vt 0.159170 0.000000
vt 0.727509 0.000000
vt 0.388408 0.000000
vt 0.175606 0.000000
vt 0.728374 0.000000
vt 0.160035 0.000000
vt 0.174740 0.000000
vt 0.160900 0.000000
vt 0.730104 0.000000
vt 0.173875 0.000000
vt 0.161765 0.000000
vt 0.173010 0.000000
vt 0.640138 0.000000
vt 0.641869 0.000000
vt 0.641003 0.000000
vt 0.639273 0.000000
vt 0.642734 0.000000
vt 0.638408 0.000000
vt 0.643599 0.000000
vt 0.389273 0.000000
vt 0.162630 0.000000
vt 0.637543 0.000000
vt 0.644464 0.000000
vt 0.172145 0.000000
vt 0.645329 0.000000
vt 0.636678 0.000000
vt 0.163495 0.000000
vt 0.646194 0.000000
vt 0.635813 0.000000
vt 0.171280 0.000000
vt 0.647059 0.000000
vt 0.164360 0.000000
vt 0.647924 0.000000
vt 0.634948 0.000000
vt 0.170415 0.000000
vt 0.165225 0.000000
vt 0.648789 0.000000
vt 0.865052 0.000000
vt 0.166090 0.000000
vt 0.169550 0.000000
vt 0.166955 0.000000
vt 0.649654 0.000000
vt 0.634083 0.000000
vt 0.168685 0.000000
vt 0.167820 0.000000
vt 0.650519 0.000000
vt 0.651384 0.000000
vt 0.652249 0.000000
vt 0.633218 0.000000
vt 0.653114 0.000000
vt 0.653979 0.000000
vt 0.390138 0.000000
vt 0.384948 0.000000
vt 0.632353 0.000000
vt 0.654844 0.000000
vt 0.631488 0.000000
vt 0.408305 0.000000
vt 0.630623 0.000000
vt 0.655709 0.000000
vt 0.629758 0.000000
vt 0.628893 0.000000
vt 0.656574 0.000000
vt 0.628028 0.000000
vt 0.926471 0.000000
vt 0.627163 0.000000
vt 0.657439 0.000000
vt 0.626298 0.000000
vt 0.625433 0.000000
vt 0.624567 0.000000
vt 0.658305 0.000000
vt 0.623702 0.000000
vt 0.391003 0.000000
vt 0.659170 0.000000
vt 0.660035 0.000000
vt 0.384083 0.000000
vt 0.660900 0.000000
vt 0.661765 0.000000
vt 0.391869 0.000000
vt 0.662630 0.000000
vt 0.663495 0.000000
vt 0.383218 0.000000
vt 0.865917 0.000000
vt 0.664360 0.000000
vt 0.392734 0.000000
vt 0.791523 0.000000
vt 0.665225 0.000000
vt 0.790657 0.000000
vt 0.666090 0.000000
vt 0.789792 0.000000
vt 0.666955 0.000000
vt 0.788927 0.000000
vt 0.667820 0.000000
vt 0.407439 0.000000
vt 0.393599 0.000000
vt 0.788062 0.000000
vt 0.668685 0.000000
vt 0.925606 0.000000
vt 0.382353 0.000000
vt 0.787197 0.000000
vt 0.669550 0.000000
vt 0.786332 0.000000
vt 0.670415 0.000000
vt 0.785467 0.000000
vt 0.671280 0.000000
vt 0.784602 0.000000
vt 0.672145 0.000000
vt 0.783737 0.000000
vt 0.673010 0.000000
vt 0.394464 0.000000
vt 0.782872 0.000000
vt 0.673875 0.000000
vt 0.782007 0.000000
vt 0.674740 0.000000
vt 0.781142 0.000000
vt 0.675606 0.000000
vt 0.381488 0.000000
vt 0.780277 0.000000
vt 0.779412 0.000000
vt 0.395329 0.000000
vt 0.778547 0.000000
vt 0.777682 0.000000
vt 0.776817 0.000000
vt 0.676471 0.000000
vt 0.775952 0.000000
vt 0.866782 0.000000
vt 0.775087 0.000000
vt 0.396194 0.000000
vt 0.774221 0.000000
vt 0.380623 0.000000
vt 0.773356 0.000000
vt 0.772491 0.000000
vt 0.771626 0.000000
vt 0.924740 0.000000
vt 0.750865 0.000000
vt 0.677336 0.000000
vt 0.406574 0.000000
vt 0.770761 0.000000
vt 0.751730 0.000000
vt 0.750000 0.000000
vt 0.769896 0.000000
vt 0.752595 0.000000
vt 0.397059 0.000000
vt 0.769031 0.000000
vt 0.753460 0.000000
vt 0.405709 0.000000
vt 0.768166 0.000000
vt 0.754325 0.000000
vt 0.749135 0.000000
vt 0.767301 0.000000
vt 0.755190 0.000000
vt 0.404844 0.000000
vt 0.379758 0.000000
vt 0.766436 0.000000
vt 0.756055 0.000000
vt 0.765571 0.000000
vt 0.756920 0.000000
vt 0.403979 0.000000
vt 0.764706 0.000000
vt 0.757785 0.000000
vt 0.678201 0.000000
vt 0.763841 0.000000
vt 0.758651 0.000000
vt 0.762976 0.000000
vt 0.759516 0.000000
vt 0.748270 0.000000
vt 0.762111 0.000000
vt 0.760381 0.000000
vt 0.761246 0.000000
vt 0.403114 0.000000
vt 0.397924 0.000000
vt 0.402249 0.000000
vt 0.398789 0.000000
vt 0.401384 0.000000
vt 0.399654 0.000000
vt 0.867647 0.000000
vt 0.400519 0.000000
vt 0.747405 0.000000
vt 0.679066 0.000000
vt 0.378893 0.000000
vt 0.705882 0.000000
vt 0.746540 0.000000
vt 0.679931 0.000000
vt 0.923875 0.000000
vt 0.745675 0.000000
vt 0.378028 0.000000
vt 0.680796 0.000000
vt 0.744810 0.000000
vt 0.868512 0.000000
vt 0.681661 0.000000
vt 0.743945 0.000000
vt 0.699827 0.000000
vt 0.701557 0.000000
vt 0.700692 0.000000
vt 0.698962 0.000000
vt 0.702422 0.000000
vt 0.377163 0.000000
vt 0.698097 0.000000
vt 0.703287 0.000000
vt 0.697232 0.000000
vt 0.704152 0.000000
vt 0.696367 0.000000
vt 0.705017 0.000000
vt 0.695502 0.000000
vt 0.682526 0.000000
vt 0.694637 0.000000
vt 0.743080 0.000000
vt 0.693772 0.000000
vt 0.923010 0.000000
vt 0.692907 0.000000
vt 0.683391 0.000000
vt 0.692042 0.000000
vt 0.869377 0.000000
vt 0.376298 0.000000
vt 0.691176 0.000000
vt 0.742215 0.000000
vt 0.690311 0.000000
vt 0.684256 0.000000
vt 0.689446 0.000000
vt 0.688581 0.000000
vt 0.687716 0.000000
vt 0.685121 0.000000
vt 0.741349 0.000000
vt 0.686851 0.000000
vt 0.685986 0.000000
vt 0.375433 0.000000
vt 0.740484 0.000000
vt 0.922145 0.000000
vt 0.870242 0.000000
vt 0.189446 0.000000
vt 0.374567 0.000000
vt 0.373702 0.000000
vt 0.190311 0.000000
vt 0.739619 0.000000
vt 0.372837 0.000000
vt 0.738754 0.000000
vt 0.371972 0.000000
vt 0.737889 0.000000
vt 0.737024 0.000000
vt 0.219723 0.000000
vt 0.220588 0.000000
vt 0.218858 0.000000
vt 0.371107 0.000000
vt 0.217993 0.000000
vt 0.191176 0.000000
vt 0.217128 0.000000
vt 0.221453 0.000000
vt 0.216263 0.000000
vt 0.736159 0.000000
vt 0.215398 0.000000
vt 0.222318 0.000000
vt 0.735294 0.000000
vt 0.370242 0.000000
vt 0.214533 0.000000
vt 0.223183 0.000000
vt 0.734429 0.000000
vt 0.213668 0.000000
vt 0.224048 0.000000
vt 0.733564 0.000000
vt 0.369377 0.000000
vt 0.212803 0.000000
vt 0.224913 0.000000
vt 0.732699 0.000000
vt 0.871107 0.000000
vt 0.192042 0.000000
vt 0.211938 0.000000
vt 0.731834 0.000000
vt 0.225779 0.000000
vt 0.368512 0.000000
vt 0.921280 0.000000
vt 0.730969 0.000000
vt 0.211073 0.000000
vt 0.226644 0.000000
vt 0.367647 0.000000
vt 0.210208 0.000000
vt 0.227509 0.000000
vt 0.192907 0.000000
vt 0.366782 0.000000
vt 0.209343 0.000000
vt 0.228374 0.000000
vt 0.208478 0.000000
vt 0.365917 0.000000
vt 0.229239 0.000000
vt 0.207612 0.000000
vt 0.193772 0.000000
vt 0.365052 0.000000
vt 0.230104 0.000000
vt 0.206747 0.000000
vt 0.205882 0.000000
vt 0.364187 0.000000
vt 0.333910 0.000000
vt 0.230969 0.000000
vt 0.205017 0.000000
vt 0.194637 0.000000
vt 0.204152 0.000000
vt 0.203287 0.000000
vt 0.195502 0.000000
vt 0.202422 0.000000
vt 0.201557 0.000000
vt 0.363322 0.000000
vt 0.200692 0.000000
vt 0.196367 0.000000
vt 0.871972 0.000000
vt 0.199827 0.000000
vt 0.197232 0.000000
vt 0.198962 0.000000
vt 0.920415 0.000000
vt 0.334775 0.000000
vt 0.333045 0.000000
vt 0.198097 0.000000
vt 0.231834 0.000000
vt 0.335640 0.000000
vt 0.336505 0.000000
vt 0.362457 0.000000
vt 0.337370 0.000000
vt 0.338235 0.000000
vt 0.339100 0.000000
vt 0.339965 0.000000
vt 0.361592 0.000000
vt 0.340830 0.000000
vt 0.341695 0.000000
vt 0.342561 0.000000
vt 0.232699 0.000000
vt 0.343426 0.000000
vt 0.344291 0.000000
vt 0.360727 0.000000
vt 0.345156 0.000000
vt 0.346021 0.000000
vt 0.872837 0.000000
vt 0.919550 0.000000
vt 0.359862 0.000000
vt 0.332180 0.000000
vt 0.346886 0.000000
vt 0.347751 0.000000
vt 0.358997 0.000000
vt 0.233564 0.000000
vt 0.348616 0.000000
vt 0.349481 0.000000
vt 0.358131 0.000000
vt 0.350346 0.000000
vt 0.351211 0.000000
vt 0.357266 0.000000
vt 0.352076 0.000000
vt 0.352941 0.000000
vt 0.356401 0.000000
vt 0.353806 0.000000
vt 0.354671 0.000000
vt 0.355536 0.000000
vt 0.234429 0.000000
vt 0.918685 0.000000
vt 0.331315 0.000000
vt 0.873702 0.000000
vt 0.235294 0.000000
vt 0.236159 0.000000
vt 0.917820 0.000000
vt 0.330450 0.000000
vt 0.874567 0.000000
vt 0.237024 0.000000
vt 0.916955 0.000000
vt 0.916090 0.000000
vt 0.237889 0.000000
vt 0.915225 0.000000
vt 0.329585 0.000000
vt 0.914360 0.000000
vt 0.913495 0.000000
vt 0.238754 0.000000
vt 0.912630 0.000000
vt 0.875433 0.000000
vt 0.911765 0.000000
vt 0.910900 0.000000
vt 0.239619 0.000000
vt 0.328720 0.000000
vt 0.910035 0.000000
vt 0.909170 0.000000
vt 0.240484 0.000000
vt 0.281142 0.000000
vt 0.282872 0.000000
vt 0.282007 0.000000
vt 0.280277 0.000000
vt 0.283737 0.000000
vt 0.279412 0.000000
vt 0.908305 0.000000
vt 0.284602 0.000000
vt 0.278547 0.000000
vt 0.285467 0.000000
vt 0.277682 0.000000
vt 0.241349 0.000000
vt 0.286332 0.000000
vt 0.276817 0.000000
vt 0.907439 0.000000
vt 0.876298 0.000000
vt 0.327855 0.000000
vt 0.275952 0.000000
vt 0.287197 0.000000
vt 0.242215 0.000000
vt 0.275086 0.000000
vt 0.906574 0.000000
vt 0.288062 0.000000
vt 0.274221 0.000000
vt 0.243080 0.000000
vt 0.288927 0.000000
vt 0.273356 0.000000
vt 0.272491 0.000000
vt 0.289792 0.000000
vt 0.243945 0.000000
vt 0.271626 0.000000
vt 0.290657 0.000000
vt 0.244810 0.000000
vt 0.326990 0.000000
vt 0.270761 0.000000
vt 0.245675 0.000000
vt 0.291523 0.000000
vt 0.905709 0.000000
vt 0.269896 0.000000
vt 0.246540 0.000000
vt 0.877163 0.000000
vt 0.247405 0.000000
vt 0.292388 0.000000
vt 0.269031 0.000000
vt 0.248270 0.000000
vt 0.249135 0.000000
vt 0.268166 0.000000
vt 0.250000 0.000000
vt 0.250865 0.000000
vt 0.326125 0.000000
vt 0.251730 0.000000
vt 0.293253 0.000000
vt 0.267301 0.000000
vt 0.252595 0.000000
vt 0.253460 0.000000
vt 0.266436 0.000000
vt 0.878028 0.000000
vt 0.254325 0.000000
vt 0.265571 0.000000
vt 0.255190 0.000000
vt 0.904844 0.000000
vt 0.264706 0.000000
vt 0.294118 0.000000
vt 0.256055 0.000000
vt 0.256920 0.000000
vt 0.263841 0.000000
vt 0.257785 0.000000
vt 0.262976 0.000000
vt 0.258651 0.000000
vt 0.325260 0.000000
vt 0.259516 0.000000
vt 0.262111 0.000000
vt 0.260381 0.000000
vt 0.261246 0.000000
vt 0.878893 0.000000
vt 0.294983 0.000000
vt 0.324394 0.000000
vt 0.903979 0.000000
vt 0.295848 0.000000
vt 0.879758 0.000000
vt 0.323529 0.000000
vt 0.296713 0.000000
vt 0.880623 0.000000
vt 0.903114 0.000000
vt 0.297578 0.000000
vt 0.322664 0.000000
vt 0.881488 0.000000
vt 0.298443 0.000000
vt 0.321799 0.000000
vt 0.902249 0.000000
vt 0.299308 0.000000
vt 0.320934 0.000000
vt 0.882353 0.000000
vt 0.300173 0.000000
vt 0.320069 0.000000
vt 0.301038 0.000000
vt 0.319204 0.000000
vt 0.883218 0.000000
vt 0.901384 0.000000
vt 0.301903 0.000000
vt 0.318339 0.000000
vt 0.317474 0.000000
vt 0.302768 0.000000
vt 0.884083 0.000000
vt 0.316609 0.000000
vt 0.900519 0.000000
vt 0.303633 0.000000
vt 0.304498 0.000000
vt 0.315744 0.000000
vt 0.305363 0.000000
vt 0.306228 0.000000
vt 0.307093 0.000000
vt 0.314879 0.000000
vt 0.307958 0.000000
vt 0.308824 0.000000
vt 0.314014 0.000000
vt 0.309689 0.000000
vt 0.884948 0.000000
vt 0.310554 0.000000
vt 0.311419 0.000000
vt 0.313149 0.000000
vt 0.312284 0.000000
vt 0.899654 0.000000
vt 0.885813 0.000000
vt 0.898789 0.000000
vt 0.886678 0.000000
vt 0.887543 0.000000
vt 0.897924 0.000000
vt 0.888408 0.000000
vt 0.889273 0.000000
vt 0.897059 0.000000
vt 0.890138 0.000000
vt 0.891003 0.000000
vt 0.891869 0.000000
vt 0.892734 0.000000
vt 0.893599 0.000000
vt 0.896194 0.000000
vt 0.894464 0.000000
vt 0.895329 0.000000
vt 0.000000 1.000000
vt 0.001727 1.000000
vt 0.001727 0.000000
vt 0.003454 1.000000
vt 0.003454 0.000000
vt 0.005181 1.000000
vt 0.005181 0.000000
vt 0.006908 1.000000
vt 0.006908 0.000000
vt 0.008636 1.000000
vt 0.008636 0.000000
vt 0.010363 1.000000
vt 0.010363 0.000000
vt 0.012090 1.000000
vt 0.012090 0.000000
vt 0.013817 1.000000
vt 0.013817 0.000000
vt 0.015544 1.000000
vt 0.015544 0.000000
vt 0.017271 1.000000
vt 0.017271 0.000000
vt 0.018998 1.000000
vt 0.018998 0.000000
vt 0.020725 1.000000
vt 0.020725 0.000000
vt 0.022453 1.000000
vt 0.022453 0.000000
vt 0.024180 1.000000
vt 0.024180 0.000000
vt 0.025907 1.000000
vt 0.025907 0.000000
vt 0.027634 1.000000
vt 0.027634 0.000000
vt 0.029361 1.000000
vt 0.029361 0.000000
vt 0.031088 1.000000
vt 0.031088 0.000000
vt 0.032815 1.000000
vt 0.032815 0.000000
vt 0.034542 1.000000
vt 0.034542 0.000000
vt 0.036269 1.000000
vt 0.036269 0.000000
vt 0.037997 1.000000
vt 0.037997 0.000000
vt 0.039724 1.000000
vt 0.039724 0.000000
vt 0.041451 1.000000
vt 0.041451 0.000000
vt 0.043178 1.000000
vt 0.043178 0.000000
vt 0.044905 1.000000
vt 0.044905 0.000000
vt 0.046632 1.000000
vt 0.046632 0.000000
vt 0.048359 1.000000
vt 0.048359 0.000000
vt 0.050086 1.000000
vt 0.050086 0.000000
vt 0.051813 1.000000
vt 0.051813 0.000000
vt 0.053541 1.000000
vt 0.053541 0.000000
vt 0.055268 1.000000
vt 0.055268 0.000000
vt 0.056995 1.000000
vt 0.056995 0.000000
vt 0.058722 1.000000
vt 0.058722 0.000000
vt 0.060449 1.000000
vt 0.060449 0.000000
vt 0.062176 1.000000
vt 0.062176 0.000000
vt 0.063903 1.000000
vt 0.063903 0.000000
vt 0.065630 1.000000
vt 0.065630 0.000000
vt 0.067358 1.000000
vt 0.067358 0.000000
vt 0.069085 1.000000
vt 0.069085 0.000000
vt 0.070812 1.000000
vt 0.070812 0.000000
vt 0.072539 1.000000
vt 0.072539 0.000000
vt 0.074266 1.000000
vt 0.074266 0.000000
vt 0.075993 1.000000
vt 0.075993 0.000000
vt 0.077720 1.000000
vt 0.077720 0.000000
vt 0.079447 1.000000
vt 0.079447 0.000000
vt 0.081174 1.000000
vt 0.081174 0.000000
vt 0.082902 1.000000
vt 0.082902 0.000000
vt 0.084629 1.000000
vt 0.084629 0.000000
vt 0.086356 1.000000
vt 0.086356 0.000000
vt 0.088083 1.000000
vt 0.088083 0.000000
vt 0.089810 1.000000
vt 0.089810 0.000000
vt 0.091537 1.000000
vt 0.091537 0.000000
vt 0.093264 1.000000
vt 0.093264 0.000000
vt 0.094991 1.000000
vt 0.094991 0.000000
vt 0.096718 1.000000
vt 0.096718 0.000000
vt 0.098446 1.000000
vt 0.098446 0.000000
vt 0.100173 1.000000
vt 0.100173 0.000000
vt 0.101900 1.000000
vt 0.101900 0.000000
vt 0.103627 1.000000
vt 0.103627 0.000000
vt 0.105354 1.000000
vt 0.105354 0.000000
vt 0.107081 1.000000
vt 0.107081 0.000000
vt 0.108808 1.000000
vt 0.108808 0.000000
vt 0.110535 1.000000
vt 0.110535 0.000000
vt 0.112263 1.000000
vt 0.112263 0.000000
vt 0.113990 1.000000
vt 0.113990 0.000000
vt 0.115717 1.000000
vt 0.115717 0.000000
vt 0.117444 1.000000
vt 0.117444 0.000000
vt 0.119171 1.000000
vt 0.119171 0.000000
vt 0.120898 1.000000
vt 0.120898 0.000000
vt 0.122625 1.000000
vt 0.122625 0.000000
vt 0.124352 1.000000
vt 0.124352 0.000000
vt 0.126079 1.000000
vt 0.126079 0.000000
vt 0.127807 1.000000
vt 0.127807 0.000000
vt 0.129534 1.000000
vt 0.129534 0.000000
vt 0.131261 1.000000
vt 0.131261 0.000000
vt 0.132988 1.000000
vt 0.132988 0.000000
vt 0.134715 1.000000
vt 0.134715 0.000000
vt 0.136442 1.000000
vt 0.136442 0.000000
vt 0.138169 1.000000
vt 0.138169 0.000000
vt 0.139896 1.000000
vt 0.139896 0.000000
vt 0.141623 1.000000
vt 0.141623 0.000000
vt 0.143351 1.000000
vt 0.143351 0.000000
vt 0.145078 1.000000
vt 0.145078 0.000000
vt 0.146805 1.000000
vt 0.146805 0.000000
vt 0.148532 1.000000
vt 0.148532 0.000000
vt 0.150259 1.000000
vt 0.150259 0.000000
vt 0.151986 1.000000
vt 0.151986 0.000000
vt 0.153713 1.000000
vt 0.153713 0.000000
vt 0.155440 1.000000
vt 0.155440 0.000000
vt 0.157168 1.000000
vt 0.157168 0.000000
vt 0.158895 1.000000
vt 0.158895 0.000000
vt 0.160622 1.000000
vt 0.160622 0.000000
vt 0.162349 1.000000
vt 0.162349 0.000000
vt 0.164076 1.000000
vt 0.164076 0.000000
vt 0.165803 1.000000
vt 0.165803 0.000000
vt 0.167530 1.000000
vt 0.167530 0.000000
vt 0.169257 1.000000
vt 0.169257 0.000000
vt 0.170984 1.000000
vt 0.170984 0.000000
vt 0.172712 1.000000
vt 0.172712 0.000000
vt 0.174439 1.000000
vt 0.174439 0.000000
vt 0.176166 1.000000
vt 0.176166 0.000000
vt 0.177893 1.000000
vt 0.177893 0.000000
vt 0.179620 1.000000
vt 0.179620 0.000000
vt 0.181347 1.000000
vt 0.181347 0.000000
vt 0.183074 1.000000
vt 0.183074 0.000000
vt 0.184801 1.000000
vt 0.184801 0.000000
vt 0.186529 1.000000
vt 0.186529 0.000000
vt 0.188256 1.000000
vt 0.188256 0.000000
vt 0.189983 1.000000
vt 0.189983 0.000000
vt 0.191710 1.000000
vt 0.191710 0.000000
vt 0.193437 1.000000
vt 0.193437 0.000000
vt 0.195164 1.000000
vt 0.195164 0.000000
vt 0.196891 1.000000
vt 0.196891 0.000000
vt 0.198618 1.000000
vt 0.198618 0.000000
vt 0.200345 1.000000
vt 0.200345 0.000000
vt 0.202073 1.000000
vt 0.202073 0.000000
vt 0.203800 1.000000
vt 0.203800 0.000000
vt 0.205527 1.000000
vt 0.205527 0.000000
vt 0.207254 1.000000
vt 0.207254 0.000000
vt 0.208981 1.000000
vt 0.208981 0.000000
vt 0.210708 1.000000
vt 0.210708 0.000000
vt 0.212435 1.000000
vt 0.212435 0.000000
vt 0.214162 1.000000
vt 0.214162 0.000000
vt 0.215889 1.000000
vt 0.215889 0.000000
vt 0.217617 1.000000
vt 0.217617 0.000000
vt 0.219344 1.000000
vt 0.219344 0.000000
vt 0.221071 1.000000
vt 0.221071 0.000000
vt 0.222798 1.000000
vt 0.222798 0.000000
vt 0.224525 1.000000
vt 0.224525 0.000000
vt 0.226252 1.000000
vt 0.226252 0.000000
vt 0.227979 1.000000
vt 0.227979 0.000000
vt 0.229706 1.000000
vt 0.229706 0.000000
vt 0.231434 1.000000
vt 0.231434 0.000000
vt 0.233161 1.000000
vt 0.233161 0.000000
vt 0.234888 1.000000
vt 0.234888 0.000000
vt 0.236615 1.000000
vt 0.236615 0.000000
vt 0.238342 1.000000
vt 0.238342 0.000000
vt 0.240069 1.000000
vt 0.240069 0.000000
vt 0.241796 1.000000
vt 0.241796 0.000000
vt 0.243523 1.000000
vt 0.243523 0.000000
vt 0.245250 1.000000
vt 0.245250 0.000000
vt 0.246978 1.000000
vt 0.246978 0.000000
vt 0.248705 1.000000
vt 0.248705 0.000000
vt 0.250432 1.000000
vt 0.250432 0.000000
vt 0.252159 1.000000
vt 0.252159 0.000000
vt 0.253886 1.000000
vt 0.253886 0.000000
vt 0.255613 1.000000
vt 0.255613 0.000000
vt 0.257340 1.000000
vt 0.257340 0.000000
vt 0.259067 1.000000
vt 0.259067 0.000000
vt 0.260794 1.000000
vt 0.260794 0.000000
vt 0.262522 1.000000
vt 0.262522 0.000000
vt 0.264249 1.000000
vt 0.264249 0.000000
vt 0.265976 1.000000
vt 0.265976 0.000000
vt 0.267703 1.000000
vt 0.267703 0.000000
vt 0.269430 1.000000
vt 0.269430 0.000000
vt 0.271157 1.000000
vt 0.271157 0.000000
vt 0.272884 1.000000
vt 0.272884 0.000000
vt 0.274611 1.000000
vt 0.274611 0.000000
vt 0.276339 1.000000
vt 0.276339 0.000000
vt 0.278066 1.000000
vt 0.278066 0.000000
vt 0.279793 1.000000
vt 0.279793 0.000000
vt 0.281520 1.000000
vt 0.281520 0.000000
vt 0.283247 1.000000
vt 0.283247 0.000000
vt 0.284974 1.000000
vt 0.284974 0.000000
vt 0.286701 1.000000
vt 0.286701 0.000000
vt 0.288428 1.000000
vt 0.288428 0.000000
vt 0.290155 1.000000
vt 0.290155 0.000000
vt 0.291883 1.000000
vt 0.291883 0.000000
vt 0.293610 1.000000
vt 0.293610 0.000000
vt 0.295337 1.000000
vt 0.295337 0.000000
vt 0.297064 1.000000
vt 0.297064 0.000000
vt 0.298791 1.000000
vt 0.298791 0.000000
vt 0.300518 1.000000
vt 0.300518 0.000000
vt 0.302245 1.000000
vt 0.302245 0.000000
vt 0.303972 1.000000
vt 0.303972 0.000000
vt 0.305699 1.000000
vt 0.305699 0.000000
vt 0.307427 1.000000
vt 0.307427 0.000000
vt 0.309154 1.000000
vt 0.309154 0.000000
vt 0.310881 1.000000
vt 0.310881 0.000000
vt 0.312608 1.000000
vt 0.312608 0.000000
vt 0.314335 1.000000
vt 0.314335 0.000000
vt 0.316062 1.000000
vt 0.316062 0.000000
vt 0.317789 1.000000
vt 0.317789 0.000000
vt 0.319516 1.000000
vt 0.319516 0.000000
vt 0.321244 1.000000
vt 0.321244 0.000000
vt 0.322971 1.000000
vt 0.322971 0.000000
vt 0.324698 1.000000
vt 0.324698 0.000000
vt 0.326425 1.000000
vt 0.326425 0.000000
vt 0.328152 1.000000
vt 0.328152 0.000000
vt 0.329879 1.000000
vt 0.329879 0.000000
vt 0.331606 1.000000
vt 0.331606 0.000000
vt 0.333333 1.000000
vt 0.335060 1.000000
vt 0.335060 0.000000
vt 0.336788 1.000000
vt 0.336788 0.000000
vt 0.338515 1.000000
vt 0.338515 0.000000
vt 0.340242 1.000000
vt 0.340242 0.000000
vt 0.341969 1.000000
vt 0.341969 0.000000
vt 0.343696 1.000000
vt 0.343696 0.000000
vt 0.345423 1.000000
vt 0.345423 0.000000
vt 0.347150 1.000000
vt 0.347150 0.000000
vt 0.348877 1.000000
vt 0.348877 0.000000
vt 0.350605 1.000000
vt 0.350605 0.000000
vt 0.352332 1.000000
vt 0.352332 0.000000
vt 0.354059 1.000000
vt 0.354059 0.000000
vt 0.355786 1.000000
vt 0.355786 0.000000
vt 0.357513 1.000000
vt 0.357513 0.000000
vt 0.359240 1.000000
vt 0.359240 0.000000
vt 0.360967 1.000000
vt 0.360967 0.000000
vt 0.362694 1.000000
vt 0.362694 0.000000
vt 0.364421 1.000000
vt 0.364421 0.000000
vt 0.366149 1.000000
vt 0.366149 0.000000
vt 0.367876 1.000000
vt 0.367876 0.000000
vt 0.369603 1.000000
vt 0.369603 0.000000
vt 0.371330 1.000000
vt 0.371330 0.000000
vt 0.373057 1.000000
vt 0.373057 0.000000
vt 0.374784 1.000000
vt 0.374784 0.000000
vt 0.376511 1.000000
vt 0.376511 0.000000
vt 0.378238 1.000000
vt 0.378238 0.000000
vt 0.379965 1.000000
vt 0.379965 0.000000
vt 0.381693 1.000000
vt 0.381693 0.000000
vt 0.383420 1.000000
vt 0.383420 0.000000
vt 0.385147 1.000000
vt 0.385147 0.000000
vt 0.386874 1.000000
vt 0.386874 0.000000
vt 0.388601 1.000000
vt 0.388601 0.000000
vt 0.390328 1.000000
vt 0.390328 0.000000
vt 0.392055 1.000000
vt 0.392055 0.000000
vt 0.393782 1.000000
vt 0.393782 0.000000
vt 0.395510 1.000000
vt 0.395510 0.000000
vt 0.397237 1.000000
vt 0.397237 0.000000
vt 0.398964 1.000000
vt 0.398964 0.000000
vt 0.400691 1.000000
vt 0.400691 0.000000
vt 0.402418 1.000000
vt 0.402418 0.000000
vt 0.404145 1.000000
vt 0.404145 0.000000
vt 0.405872 1.000000
vt 0.405872 0.000000
vt 0.407599 1.000000
vt 0.407599 0.000000
vt 0.409326 1.000000
vt 0.409326 0.000000
vt 0.411054 1.000000
vt 0.411054 0.000000
vt 0.412781 1.000000
vt 0.412781 0.000000
vt 0.414508 1.000000
vt 0.414508 0.000000
vt 0.416235 1.000000
vt 0.416235 0.000000
vt 0.417962 1.000000
vt 0.417962 0.000000
vt 0.419689 1.000000
vt 0.419689 0.000000
vt 0.421416 1.000000
vt 0.421416 0.000000
vt 0.423143 1.000000
vt 0.423143 0.000000
vt 0.424870 1.000000
vt 0.424870 0.000000
vt 0.426598 1.000000
vt 0.426598 0.000000
vt 0.428325 1.000000
vt 0.428325 0.000000
vt 0.430052 1.000000
vt 0.430052 0.000000
vt 0.431779 1.000000
vt 0.431779 0.000000
vt 0.433506 1.000000
vt 0.433506 0.000000
vt 0.435233 1.000000
vt 0.435233 0.000000
vt 0.436960 1.000000
vt 0.436960 0.000000
vt 0.438687 1.000000
vt 0.438687 0.000000
vt 0.440415 1.000000
vt 0.440415 0.000000
vt 0.442142 1.000000
vt 0.442142 0.000000
vt 0.443869 1.000000
vt 0.443869 0.000000
vt 0.445596 1.000000
vt 0.445596 0.000000
vt 0.447323 1.000000
vt 0.447323 0.000000
vt 0.449050 1.000000
vt 0.449050 0.000000
vt 0.450777 1.000000
vt 0.450777 0.000000
vt 0.452504 1.000000
vt 0.452504 0.000000
vt 0.454231 1.000000
vt 0.454231 0.000000
vt 0.455959 1.000000
vt 0.455959 0.000000
vt 0.457686 1.000000
vt 0.457686 0.000000
vt 0.459413 1.000000
vt 0.459413 0.000000
vt 0.461140 1.000000
vt 0.461140 0.000000
vt 0.462867 1.000000
vt 0.462867 0.000000
vt 0.464594 1.000000
vt 0.464594 0.000000
vt 0.466321 1.000000
vt 0.466321 0.000000
vt 0.468048 1.000000
vt 0.468048 0.000000
vt 0.469775 1.000000
vt 0.469775 0.000000
vt 0.471503 1.000000
vt 0.471503 0.000000
vt 0.473230 1.000000
vt 0.473230 0.000000
vt 0.474957 1.000000
vt 0.474957 0.000000
vt 0.476684 1.000000
vt 0.476684 0.000000
vt 0.478411 1.000000
vt 0.478411 0.000000
vt 0.480138 1.000000
vt 0.480138 0.000000
vt 0.481865 1.000000
vt 0.481865 0.000000
vt 0.483592 1.000000
vt 0.483592 0.000000
vt 0.485320 1.000000
vt 0.485320 0.000000
vt 0.487047 1.000000
vt 0.487047 0.000000
vt 0.488774 1.000000
vt 0.488774 0.000000
vt 0.490501 1.000000
vt 0.490501 0.000000
vt 0.492228 1.000000
vt 0.492228 0.000000
vt 0.493955 1.000000
vt 0.493955 0.000000
vt 0.495682 1.000000
vt 0.495682 0.000000
vt 0.497409 1.000000
vt 0.497409 0.000000
vt 0.499136 1.000000
vt 0.499136 0.000000
vt 0.500864 1.000000
vt 0.500864 0.000000
vt 0.502591 1.000000
vt 0.502591 0.000000
vt 0.504318 1.000000
vt 0.504318 0.000000
vt 0.506045 1.000000
vt 0.506045 0.000000
vt 0.507772 1.000000
vt 0.507772 0.000000
vt 0.509499 1.000000
vt 0.509499 0.000000
vt 0.511226 1.000000
vt 0.511226 0.000000
vt 0.512953 1.000000
vt 0.512953 0.000000
vt 0.514681 1.000000
vt 0.514681 0.000000
vt 0.516408 1.000000
vt 0.516408 0.000000
vt 0.518135 1.000000
vt 0.518135 0.000000
vt 0.519862 1.000000
vt 0.519862 0.000000
vt 0.521589 1.000000
vt 0.521589 0.000000
vt 0.523316 1.000000
vt 0.523316 0.000000
vt 0.525043 1.000000
vt 0.525043 0.000000
vt 0.526770 1.000000
vt 0.526770 0.000000
vt 0.528497 1.000000
vt 0.528497 0.000000
vt 0.530225 1.000000
vt 0.530225 0.000000
vt 0.531952 1.000000
vt 0.531952 0.000000
vt 0.533679 1.000000
vt 0.533679 0.000000
vt 0.535406 1.000000
vt 0.535406 0.000000
vt 0.537133 1.000000
vt 0.537133 0.000000
vt 0.538860 1.000000
vt 0.538860 0.000000
vt 0.540587 1.000000
vt 0.540587 0.000000
vt 0.542314 1.000000
vt 0.542314 0.000000
vt 0.544041 1.000000
vt 0.544041 0.000000
vt 0.545769 1.000000
vt 0.545769 0.000000
vt 0.547496 1.000000
vt 0.547496 0.000000
vt 0.549223 1.000000
vt 0.549223 0.000000
vt 0.550950 1.000000
vt 0.550950 0.000000
vt 0.552677 1.000000
vt 0.552677 0.000000
vt 0.554404 1.000000
vt 0.554404 0.000000
vt 0.556131 1.000000
vt 0.556131 0.000000
vt 0.557858 1.000000
vt 0.557858 0.000000
vt 0.559586 1.000000
vt 0.559586 0.000000
vt 0.561313 1.000000
vt 0.561313 0.000000
vt 0.563040 1.000000
vt 0.563040 0.000000
vt 0.564767 1.000000
vt 0.564767 0.000000
vt 0.566494 1.000000
vt 0.566494 0.000000
vt 0.568221 1.000000
vt 0.568221 0.000000
vt 0.569948 1.000000
vt 0.569948 0.000000
vt 0.571675 1.000000
vt 0.571675 0.000000
vt 0.573402 1.000000
vt 0.573402 0.000000
vt 0.575130 1.000000
vt 0.575130 0.000000
vt 0.576857 1.000000
vt 0.576857 0.000000
vt 0.578584 1.000000
vt 0.578584 0.000000
vt 0.580311 1.000000
vt 0.580311 0.000000
vt 0.582038 1.000000
vt 0.582038 0.000000
vt 0.583765 1.000000
vt 0.583765 0.000000
vt 0.585492 1.000000
vt 0.585492 0.000000
vt 0.587219 1.000000
vt 0.587219 0.000000
vt 0.588946 1.000000
vt 0.588946 0.000000
vt 0.590674 1.000000
vt 0.590674 0.000000
vt 0.592401 1.000000
vt 0.592401 0.000000
vt 0.594128 1.000000
vt 0.594128 0.000000
vt 0.595855 1.000000
vt 0.595855 0.000000
vt 0.597582 1.000000
vt 0.597582 0.000000
vt 0.599309 1.000000
vt 0.599309 0.000000
vt 0.601036 1.000000
vt 0.601036 0.000000
vt 0.602763 1.000000
vt 0.602763 0.000000
vt 0.604491 1.000000
vt 0.604491 0.000000
vt 0.606218 1.000000
vt 0.606218 0.000000
vt 0.607945 1.000000
vt 0.607945 0.000000
vt 0.609672 1.000000
vt 0.609672 0.000000
vt 0.611399 1.000000
vt 0.611399 0.000000
vt 0.613126 1.000000
vt 0.613126 0.000000
vt 0.614853 1.000000
vt 0.614853 0.000000
vt 0.616580 1.000000
vt 0.616580 0.000000
vt 0.618307 1.000000
vt 0.618307 0.000000
vt 0.620035 1.000000
vt 0.620035 0.000000
vt 0.621762 1.000000
vt 0.621762 0.000000
vt 0.623489 1.000000
vt 0.623489 0.000000
vt 0.625216 1.000000
vt 0.625216 0.000000
vt 0.626943 1.000000
vt 0.626943 0.000000
vt 0.628670 1.000000
vt 0.628670 0.000000
vt 0.630397 1.000000
vt 0.630397 0.000000
vt 0.632124 1.000000
vt 0.632124 0.000000
vt 0.633851 1.000000
vt 0.633851 0.000000
vt 0.635579 1.000000
vt 0.635579 0.000000
vt 0.637306 1.000000
vt 0.637306 0.000000
vt 0.639033 1.000000
vt 0.639033 0.000000
vt 0.640760 1.000000
vt 0.640760 0.000000
vt 0.642487 1.000000
vt 0.642487 0.000000
vt 0.644214 1.000000
vt 0.644214 0.000000
vt 0.645941 1.000000
vt 0.645941 0.000000
vt 0.647668 1.000000
vt 0.647668 0.000000
vt 0.649396 1.000000
vt 0.649396 0.000000
vt 0.651123 1.000000
vt 0.651123 0.000000
vt 0.652850 1.000000
vt 0.652850 0.000000
vt 0.654577 1.000000
vt 0.654577 0.000000
vt 0.656304 1.000000
vt 0.656304 0.000000
vt 0.658031 1.000000
vt 0.658031 0.000000
vt 0.659758 1.000000
vt 0.659758 0.000000
vt 0.661485 1.000000
vt 0.661485 0.000000
vt 0.663212 1.000000
vt 0.663212 0.000000
vt 0.664940 1.000000
vt 0.664940 0.000000
vt 0.666667 1.000000
vt 0.668394 1.000000
vt 0.668394 0.000000
vt 0.670121 1.000000
vt 0.670121 0.000000
vt 0.671848 1.000000
vt 0.671848 0.000000
vt 0.673575 1.000000
vt 0.673575 0.000000
vt 0.675302 1.000000
vt 0.675302 0.000000
vt 0.677029 1.000000
vt 0.677029 0.000000
vt 0.678756 1.000000
vt 0.678756 0.000000
vt 0.680484 1.000000
vt 0.680484 0.000000
vt 0.682211 1.000000
vt 0.682211 0.000000
vt 0.683938 1.000000
vt 0.683938 0.000000
vt 0.685665 1.000000
vt 0.685665 0.000000
vt 0.687392 1.000000
vt 0.687392 0.000000
vt 0.689119 1.000000
vt 0.689119 0.000000
vt 0.690846 1.000000
vt 0.690846 0.000000
vt 0.692573 1.000000
vt 0.692573 0.000000
vt 0.694301 1.000000
vt 0.694301 0.000000
vt 0.696028 1.000000
vt 0.696028 0.000000
vt 0.697755 1.000000
vt 0.697755 0.000000
vt 0.699482 1.000000
vt 0.699482 0.000000
vt 0.701209 1.000000
vt 0.701209 0.000000
vt 0.702936 1.000000
vt 0.702936 0.000000
vt 0.704663 1.000000
vt 0.704663 0.000000
vt 0.706390 1.000000
vt 0.706390 0.000000
vt 0.708117 1.000000
vt 0.708117 0.000000
vt 0.709845 1.000000
vt 0.709845 0.000000
vt 0.711572 1.000000
vt 0.711572 0.000000
vt 0.713299 1.000000
vt 0.713299 0.000000
vt 0.715026 1.000000
vt 0.715026 0.000000
vt 0.716753 1.000000
vt 0.716753 0.000000
vt 0.718480 1.000000
vt 0.718480 0.000000
vt 0.720207 1.000000
vt 0.720207 0.000000
vt 0.721934 1.000000
vt 0.721934 0.000000
vt 0.723661 1.000000
vt 0.723661 0.000000
vt 0.725389 1.000000
vt 0.725389 0.000000
vt 0.727116 1.000000
vt 0.727116 0.000000
vt 0.728843 1.000000
vt 0.728843 0.000000
vt 0.730570 1.000000
vt 0.730570 0.000000
vt 0.732297 1.000000
vt 0.732297 0.000000
vt 0.734024 1.000000
vt 0.734024 0.000000
vt 0.735751 1.000000
vt 0.735751 0.000000
vt 0.737478 1.000000
vt 0.737478 0.000000
vt 0.739206 1.000000
vt 0.739206 0.000000
vt 0.740933 1.000000
vt 0.740933 0.000000
vt 0.742660 1.000000
vt 0.742660 0.000000
vt 0.744387 1.000000
vt 0.744387 0.000000
vt 0.746114 1.000000
vt 0.746114 0.000000
vt 0.747841 1.000000
vt 0.747841 0.000000
vt 0.749568 1.000000
vt 0.749568 0.000000
vt 0.751295 1.000000
vt 0.751295 0.000000
vt 0.753022 1.000000
vt 0.753022 0.000000
vt 0.754750 1.000000
vt 0.754750 0.000000
vt 0.756477 1.000000
vt 0.756477 0.000000
vt 0.758204 1.000000
vt 0.758204 0.000000
vt 0.759931 1.000000
vt 0.759931 0.000000
vt 0.761658 1.000000
vt 0.761658 0.000000
vt 0.763385 1.000000
vt 0.763385 0.000000
vt 0.765112 1.000000
vt 0.765112 0.000000
vt 0.766839 1.000000
vt 0.766839 0.000000
vt 0.768566 1.000000
vt 0.768566 0.000000
vt 0.770294 1.000000
vt 0.770294 0.000000
vt 0.772021 1.000000
vt 0.772021 0.000000
vt 0.773748 1.000000
vt 0.773748 0.000000
vt 0.775475 1.000000
vt 0.775475 0.000000
vt 0.777202 1.000000
vt 0.777202 0.000000
vt 0.778929 1.000000
vt 0.778929 0.000000
vt 0.780656 1.000000
vt 0.780656 0.000000
vt 0.782383 1.000000
vt 0.782383 0.000000
vt 0.784111 1.000000
vt 0.784111 0.000000
vt 0.785838 1.000000
vt 0.785838 0.000000
vt 0.787565 1.000000
vt 0.787565 0.000000
vt 0.789292 1.000000
vt 0.789292 0.000000
vt 0.791019 1.000000
vt 0.791019 0.000000
vt 0.792746 1.000000
vt 0.792746 0.000000
vt 0.794473 1.000000
vt 0.794473 0.000000
vt 0.796200 1.000000
vt 0.796200 0.000000
vt 0.797927 1.000000
vt 0.797927 0.000000
vt 0.799655 1.000000
vt 0.799655 0.000000
vt 0.801382 1.000000
vt 0.801382 0.000000
vt 0.803109 1.000000
vt 0.803109 0.000000
vt 0.804836 1.000000
vt 0.804836 0.000000
vt 0.806563 1.000000
vt 0.806563 0.000000
vt 0.808290 1.000000
vt 0.808290 0.000000
vt 0.810017 1.000000
vt 0.810017 0.000000
vt 0.811744 1.000000
vt 0.811744 0.000000
vt 0.813471 1.000000
vt 0.813471 0.000000
vt 0.815199 1.000000
vt 0.815199 0.000000
vt 0.816926 1.000000
vt 0.816926 0.000000
vt 0.818653 1.000000
vt 0.818653 0.000000
vt 0.820380 1.000000
vt 0.820380 0.000000
vt 0.822107 1.000000
vt 0.822107 0.000000
vt 0.823834 1.000000
vt 0.823834 0.000000
vt 0.825561 1.000000
vt 0.825561 0.000000
vt 0.827288 1.000000
vt 0.827288 0.000000
vt 0.829016 1.000000
vt 0.829016 0.000000
vt 0.830743 1.000000
vt 0.830743 0.000000
vt 0.832470 1.000000
vt 0.832470 0.000000
vt 0.834197 1.000000
vt 0.834197 0.000000
vt 0.835924 1.000000
vt 0.835924 0.000000
vt 0.837651 1.000000
vt 0.837651 0.000000
vt 0.839378 1.000000
vt 0.839378 0.000000
vt 0.841105 1.000000
vt 0.841105 0.000000
vt 0.842832 1.000000
vt 0.842832 0.000000
vt 0.844560 1.000000
vt 0.844560 0.000000
vt 0.846287 1.000000
vt 0.846287 0.000000
vt 0.848014 1.000000
vt 0.848014 0.000000
vt 0.849741 1.000000
vt 0.849741 0.000000
vt 0.851468 1.000000
vt 0.851468 0.000000
vt 0.853195 1.000000
vt 0.853195 0.000000
vt 0.854922 1.000000
vt 0.854922 0.000000
vt 0.856649 1.000000
vt 0.856649 0.000000
vt 0.858377 1.000000
vt 0.858377 0.000000
vt 0.860104 1.000000
vt 0.860104 0.000000
vt 0.861831 1.000000
vt 0.861831 0.000000
vt 0.863558 1.000000
vt 0.863558 0.000000
vt 0.865285 1.000000
vt 0.865285 0.000000
vt 0.867012 1.000000
vt 0.867012 0.000000
vt 0.868739 1.000000
vt 0.868739 0.000000
vt 0.870466 1.000000
vt 0.870466 0.000000
vt 0.872193 1.000000
vt 0.872193 0.000000
vt 0.873921 1.000000
vt 0.873921 0.000000
vt 0.875648 1.000000
vt 0.875648 0.000000
vt 0.877375 1.000000
vt 0.877375 0.000000
vt 0.879102 1.000000
vt 0.879102 0.000000
vt 0.880829 1.000000
vt 0.880829 0.000000
vt 0.882556 1.000000
vt 0.882556 0.000000
vt 0.884283 1.000000
vt 0.884283 0.000000
vt 0.886010 1.000000
vt 0.886010 0.000000
vt 0.887737 1.000000
vt 0.887737 0.000000
vt 0.889465 1.000000
vt 0.889465 0.000000
vt 0.891192 1.000000
vt 0.891192 0.000000
vt 0.892919 1.000000
vt 0.892919 0.000000
vt 0.894646 1.000000
vt 0.894646 0.000000
vt 0.896373 1.000000
vt 0.896373 0.000000
vt 0.898100 1.000000
vt 0.898100 0.000000
vt 0.899827 1.000000
vt 0.899827 0.000000
vt 0.901554 1.000000
vt 0.901554 0.000000
vt 0.903282 1.000000
vt 0.903282 0.000000
vt 0.905009 1.000000
vt 0.905009 0.000000
vt 0.906736 1.000000
vt 0.906736 0.000000
vt 0.908463 1.000000
vt 0.908463 0.000000
vt 0.910190 1.000000
vt 0.910190 0.000000
vt 0.911917 1.000000
vt 0.911917 0.000000
vt 0.913644 1.000000
vt 0.913644 0.000000
vt 0.915371 1.000000
vt 0.915371 0.000000
vt 0.917098 1.000000
vt 0.917098 0.000000
vt 0.918826 1.000000
vt 0.918826 0.000000
vt 0.920553 1.000000
vt 0.920553 0.000000
vt 0.922280 1.000000
vt 0.922280 0.000000
vt 0.924007 1.000000
vt 0.924007 0.000000
vt 0.925734 1.000000
vt 0.925734 0.000000
vt 0.927461 1.000000
vt 0.927461 0.000000
vt 0.929188 1.000000
vt 0.929188 0.000000
vt 0.930915 1.000000
vt 0.930915 0.000000
vt 0.932642 1.000000
vt 0.932642 0.000000
vt 0.934370 1.000000
vt 0.934370 0.000000
vt 0.936097 1.000000
vt 0.936097 0.000000
vt 0.937824 1.000000
vt 0.937824 0.000000
vt 0.939551 1.000000
vt 0.939551 0.000000
vt 0.941278 1.000000
vt 0.941278 0.000000
vt 0.943005 1.000000
vt 0.943005 0.000000
vt 0.944732 1.000000
vt 0.944732 0.000000
vt 0.946459 1.000000
vt 0.946459 0.000000
vt 0.948187 1.000000
vt 0.948187 0.000000
vt 0.949914 1.000000
vt 0.949914 0.000000
vt 0.951641 1.000000
vt 0.951641 0.000000
vt 0.953368 1.000000
vt 0.953368 0.000000
vt 0.955095 1.000000
vt 0.955095 0.000000
vt 0.956822 1.000000
vt 0.956822 0.000000
vt 0.958549 1.000000
vt 0.958549 0.000000
vt 0.960276 1.000000
vt 0.960276 0.000000
vt 0.962003 1.000000
vt 0.962003 0.000000
vt 0.963731 1.000000
vt 0.963731 0.000000
vt 0.965458 1.000000
vt 0.965458 0.000000
vt 0.967185 1.000000
vt 0.967185 0.000000
vt 0.968912 1.000000
vt 0.968912 0.000000
vt 0.970639 1.000000
vt 0.970639 0.000000
vt 0.972366 1.000000
vt 0.972366 0.000000
vt 0.974093 1.000000
vt 0.974093 0.000000
vt 0.975820 1.000000
vt 0.975820 0.000000
vt 0.977547 1.000000
vt 0.977547 0.000000
vt 0.979275 1.000000
vt 0.979275 0.000000
vt 0.981002 1.000000
vt 0.981002 0.000000
vt 0.982729 1.000000
vt 0.982729 0.000000
vt 0.984456 1.000000
vt 0.984456 0.000000
vt 0.986183 1.000000
vt 0.986183 0.000000
vt 0.987910 1.000000
vt 0.987910 0.000000
vt 0.989637 1.000000
vt 0.989637 0.000000
vt 0.991364 1.000000
vt 0.991364 0.000000
vt 0.993092 1.000000
vt 0.993092 0.000000
vt 0.994819 1.000000
vt 0.994819 0.000000
vt 0.996546 1.000000
vt 0.996546 0.000000
vt 0.998273 1.000000
vt 0.998273 0.000000
vt 1.000000 1.000000
vt 0.007194 1.000000
vt 0.007194 0.000000
vt 0.014388 1.000000
vt 0.014388 0.000000
vt 0.021583 1.000000
vt 0.021583 0.000000
vt 0.028777 1.000000
vt 0.028777 0.000000
vt 0.035971 1.000000
vt 0.035971 0.000000
vt 0.043165 1.000000
vt 0.043165 0.000000
vt 0.050360 1.000000
vt 0.050360 0.000000
vt 0.057554 1.000000
vt 0.057554 0.000000
vt 0.064748 1.000000
vt 0.064748 0.000000
vt 0.071942 1.000000
vt 0.071942 0.000000
vt 0.079137 1.000000
vt 0.079137 0.000000
vt 0.086331 1.000000
vt 0.086331 0.000000
vt 0.093525 1.000000
vt 0.093525 0.000000
vt 0.100719 1.000000
vt 0.100719 0.000000
vt 0.107914 1.000000
vt 0.107914 0.000000
vt 0.115108 1.000000
vt 0.115108 0.000000
vt 0.122302 1.000000
vt 0.122302 0.000000
vt 0.129496 1.000000
vt 0.129496 0.000000
vt 0.136691 1.000000
vt 0.136691 0.000000
vt 0.143885 1.000000
vt 0.143885 0.000000
vt 0.151079 1.000000
vt 0.151079 0.000000
vt 0.158273 1.000000
vt 0.158273 0.000000
vt 0.165468 1.000000
vt 0.165468 0.000000
vt 0.172662 1.000000
vt 0.172662 0.000000
vt 0.179856 1.000000
vt 0.179856 0.000000
vt 0.187050 1.000000
vt 0.187050 0.000000
vt 0.194245 1.000000
vt 0.194245 0.000000
vt 0.201439 1.000000
vt 0.201439 0.000000
vt 0.208633 1.000000
vt 0.208633 0.000000
vt 0.215827 1.000000
vt 0.215827 0.000000
vt 0.223022 1.000000
vt 0.223022 0.000000
vt 0.230216 1.000000
vt 0.230216 0.000000
vt 0.237410 1.000000
vt 0.237410 0.000000
vt 0.244604 1.000000
vt 0.244604 0.000000
vt 0.251799 1.000000
vt 0.251799 0.000000
vt 0.258993 1.000000
vt 0.258993 0.000000
vt 0.266187 1.000000
vt 0.266187 0.000000
vt 0.273381 1.000000
vt 0.273381 0.000000
vt 0.280576 1.000000
vt 0.280576 0.000000
vt 0.287770 1.000000
vt 0.287770 0.000000
vt 0.294964 1.000000
vt 0.294964 0.000000
vt 0.302158 1.000000
vt 0.302158 0.000000
vt 0.309353 1.000000
vt 0.309353 0.000000
vt 0.316547 1.000000
vt 0.316547 0.000000
vt 0.323741 1.000000
vt 0.323741 0.000000
vt 0.330935 1.000000
vt 0.330935 0.000000
vt 0.338129 1.000000
vt 0.338129 0.000000
vt 0.345324 1.000000
vt 0.345324 0.000000
vt 0.352518 1.000000
vt 0.352518 0.000000
vt 0.359712 1.000000
vt 0.359712 0.000000
vt 0.366906 1.000000
vt 0.366906 0.000000
vt 0.374101 1.000000
vt 0.374101 0.000000
vt 0.381295 1.000000
vt 0.381295 0.000000
vt 0.388489 1.000000
vt 0.388489 0.000000
vt 0.395683 1.000000
vt 0.395683 0.000000
vt 0.402878 1.000000
vt 0.402878 0.000000
vt 0.410072 1.000000
vt 0.410072 0.000000
vt 0.417266 1.000000
vt 0.417266 0.000000
vt 0.424460 1.000000
vt 0.424460 0.000000
vt 0.431655 1.000000
vt 0.431655 0.000000
vt 0.438849 1.000000
vt 0.438849 0.000000
vt 0.446043 1.000000
vt 0.446043 0.000000
vt 0.453237 1.000000
vt 0.453237 0.000000
vt 0.460432 1.000000
vt 0.460432 0.000000
vt 0.467626 1.000000
vt 0.467626 0.000000
vt 0.474820 1.000000
vt 0.474820 0.000000
vt 0.482014 1.000000
vt 0.482014 0.000000
vt 0.489209 1.000000
vt 0.489209 0.000000
vt 0.496403 1.000000
vt 0.496403 0.000000
vt 0.503597 1.000000
vt 0.503597 0.000000
vt 0.510791 1.000000
vt 0.510791 0.000000
vt 0.517986 1.000000
vt 0.517986 0.000000
vt 0.525180 1.000000
vt 0.525180 0.000000
vt 0.532374 1.000000
vt 0.532374 0.000000
vt 0.539568 1.000000
vt 0.539568 0.000000
vt 0.546763 1.000000
vt 0.546763 0.000000
vt 0.553957 1.000000
vt 0.553957 0.000000
vt 0.561151 1.000000
vt 0.561151 0.000000
vt 0.568345 1.000000
vt 0.568345 0.000000
vt 0.575540 1.000000
vt 0.575540 0.000000
vt 0.582734 1.000000
vt 0.582734 0.000000
vt 0.589928 1.000000
vt 0.589928 0.000000
vt 0.597122 1.000000
vt 0.597122 0.000000
vt 0.604317 1.000000
vt 0.604317 0.000000
vt 0.611511 1.000000
vt 0.611511 0.000000
vt 0.618705 1.000000
vt 0.618705 0.000000
vt 0.625899 1.000000
vt 0.625899 0.000000
vt 0.633094 1.000000
vt 0.633094 0.000000
vt 0.640288 1.000000
vt 0.640288 0.000000
vt 0.647482 1.000000
vt 0.647482 0.000000
vt 0.654676 1.000000
vt 0.654676 0.000000
vt 0.661870 1.000000
vt 0.661870 0.000000
vt 0.669065 1.000000
vt 0.669065 0.000000
vt 0.676259 1.000000
vt 0.676259 0.000000
vt 0.683453 1.000000
vt 0.683453 0.000000
vt 0.690647 1.000000
vt 0.690647 0.000000
vt 0.697842 1.000000
vt 0.697842 0.000000
vt 0.705036 1.000000
vt 0.705036 0.000000
vt 0.712230 1.000000
vt 0.712230 0.000000
vt 0.719424 1.000000
vt 0.719424 0.000000
vt 0.726619 1.000000
vt 0.726619 0.000000
vt 0.733813 1.000000
vt 0.733813 0.000000
vt 0.741007 1.000000
vt 0.741007 0.000000
vt 0.748201 1.000000
vt 0.748201 0.000000
vt 0.755396 1.000000
vt 0.755396 0.000000
vt 0.762590 1.000000
vt 0.762590 0.000000
vt 0.769784 1.000000
vt 0.769784 0.000000
vt 0.776978 1.000000
vt 0.776978 0.000000
vt 0.784173 1.000000
vt 0.784173 0.000000
vt 0.791367 1.000000
vt 0.791367 0.000000
vt 0.798561 1.000000
vt 0.798561 0.000000
vt 0.805755 1.000000
vt 0.805755 0.000000
vt 0.812950 1.000000
vt 0.812950 0.000000
vt 0.820144 1.000000
vt 0.820144 0.000000
vt 0.827338 1.000000
vt 0.827338 0.000000
vt 0.834532 1.000000
vt 0.834532 0.000000
vt 0.841727 1.000000
vt 0.841727 0.000000
vt 0.848921 1.000000
vt 0.848921 0.000000
vt 0.856115 1.000000
vt 0.856115 0.000000
vt 0.863309 1.000000
vt 0.863309 0.000000
vt 0.870504 1.000000
vt 0.870504 0.000000
vt 0.877698 1.000000
vt 0.877698 0.000000
vt 0.884892 1.000000
vt 0.884892 0.000000
vt 0.892086 1.000000
vt 0.892086 0.000000
vt 0.899281 1.000000
vt 0.899281 0.000000
vt 0.906475 1.000000
vt 0.906475 0.000000
vt 0.913669 1.000000
vt 0.913669 0.000000
vt 0.920863 1.000000
vt 0.920863 0.000000
vt 0.928058 1.000000
vt 0.928058 0.000000
vt 0.935252 1.000000
vt 0.935252 0.000000
vt 0.942446 1.000000
vt 0.942446 0.000000
vt 0.949640 1.000000
vt 0.949640 0.000000
vt 0.956835 1.000000
vt 0.956835 0.000000
vt 0.964029 1.000000
vt 0.964029 0.000000
vt 0.971223 1.000000
vt 0.971223 0.000000
vt 0.978417 1.000000
vt 0.978417 0.000000
vt 0.985611 1.000000
vt 0.985611 0.000000
vt 0.992806 1.000000
vt 0.992806 0.000000
vt 0.008850 1.000000
vt 0.008850 0.000000
vt 0.017699 1.000000
vt 0.017699 0.000000
vt 0.026549 1.000000
vt 0.026549 0.000000
vt 0.035398 1.000000
vt 0.035398 0.000000
vt 0.044248 1.000000
vt 0.044248 0.000000
vt 0.053097 1.000000
vt 0.053097 0.000000
vt 0.061947 1.000000
vt 0.061947 0.000000
vt 0.070796 1.000000
vt 0.070796 0.000000
vt 0.079646 1.000000
vt 0.079646 0.000000
vt 0.088496 1.000000
vt 0.088496 0.000000
vt 0.097345 1.000000
vt 0.097345 0.000000
vt 0.106195 1.000000
vt 0.106195 0.000000
vt 0.115044 1.000000
vt 0.115044 0.000000
vt 0.123894 1.000000
vt 0.123894 0.000000
vt 0.132743 1.000000
vt 0.132743 0.000000
vt 0.141593 1.000000
vt 0.141593 0.000000
vt 0.150442 1.000000
vt 0.150442 0.000000
vt 0.159292 1.000000
vt 0.159292 0.000000
vt 0.168142 1.000000
vt 0.168142 0.000000
vt 0.176991 1.000000
vt 0.176991 0.000000
vt 0.185841 1.000000
vt 0.185841 0.000000
vt 0.194690 1.000000
vt 0.194690 0.000000
vt 0.203540 1.000000
vt 0.203540 0.000000
vt 0.212389 1.000000
vt 0.212389 0.000000
vt 0.221239 1.000000
vt 0.221239 0.000000
vt 0.230089 1.000000
vt 0.230089 0.000000
vt 0.238938 1.000000
vt 0.238938 0.000000
vt 0.247788 1.000000
vt 0.247788 0.000000
vt 0.256637 1.000000
vt 0.256637 0.000000
vt 0.265487 1.000000
vt 0.265487 0.000000
vt 0.274336 1.000000
vt 0.274336 0.000000
vt 0.283186 1.000000
vt 0.283186 0.000000
vt 0.292035 1.000000
vt 0.292035 0.000000
vt 0.300885 1.000000
vt 0.300885 0.000000
vt 0.309735 1.000000
vt 0.309735 0.000000
vt 0.318584 1.000000
vt 0.318584 0.000000
vt 0.327434 1.000000
vt 0.327434 0.000000
vt 0.336283 1.000000
vt 0.336283 0.000000
vt 0.345133 1.000000
vt 0.345133 0.000000
vt 0.353982 1.000000
vt 0.353982 0.000000
vt 0.362832 1.000000
vt 0.362832 0.000000
vt 0.371681 1.000000
vt 0.371681 0.000000
vt 0.380531 1.000000
vt 0.380531 0.000000
vt 0.389381 1.000000
vt 0.389381 0.000000
vt 0.398230 1.000000
vt 0.398230 0.000000
vt 0.407080 1.000000
vt 0.407080 0.000000
vt 0.415929 1.000000
vt 0.415929 0.000000
vt 0.424779 1.000000
vt 0.424779 0.000000
vt 0.433628 1.000000
vt 0.433628 0.000000
vt 0.442478 1.000000
vt 0.442478 0.000000
vt 0.451327 1.000000
vt 0.451327 0.000000
vt 0.460177 1.000000
vt 0.460177 0.000000
vt 0.469027 1.000000
vt 0.469027 0.000000
vt 0.477876 1.000000
vt 0.477876 0.000000
vt 0.486726 1.000000
vt 0.486726 0.000000
vt 0.495575 1.000000
vt 0.495575 0.000000
vt 0.504425 1.000000
vt 0.504425 0.000000
vt 0.513274 1.000000
vt 0.513274 0.000000
vt 0.522124 1.000000
vt 0.522124 0.000000
vt 0.530973 1.000000
vt 0.530973 0.000000
vt 0.539823 1.000000
vt 0.539823 0.000000
vt 0.548673 1.000000
vt 0.548673 0.000000
vt 0.557522 1.000000
vt 0.557522 0.000000
vt 0.566372 1.000000
vt 0.566372 0.000000
vt 0.575221 1.000000
vt 0.575221 0.000000
vt 0.584071 1.000000
vt 0.584071 0.000000
vt 0.592920 1.000000
vt 0.592920 0.000000
vt 0.601770 1.000000
vt 0.601770 0.000000
vt 0.610619 1.000000
vt 0.610619 0.000000
vt 0.619469 1.000000
vt 0.619469 0.000000
vt 0.628319 1.000000
vt 0.628319 0.000000
vt 0.637168 1.000000
vt 0.637168 0.000000
vt 0.646018 1.000000
vt 0.646018 0.000000
vt 0.654867 1.000000
vt 0.654867 0.000000
vt 0.663717 1.000000
vt 0.663717 0.000000
vt 0.672566 1.000000
vt 0.672566 0.000000
vt 0.681416 1.000000
vt 0.681416 0.000000
vt 0.690265 1.000000
vt 0.690265 0.000000
vt 0.699115 1.000000
vt 0.699115 0.000000
vt 0.707965 1.000000
vt 0.707965 0.000000
vt 0.716814 1.000000
vt 0.716814 0.000000
vt 0.725664 1.000000
vt 0.725664 0.000000
vt 0.734513 1.000000
vt 0.734513 0.000000
vt 0.743363 1.000000
vt 0.743363 0.000000
vt 0.752212 1.000000
vt 0.752212 0.000000
vt 0.761062 1.000000
vt 0.761062 0.000000
vt 0.769912 1.000000
vt 0.769912 0.000000
vt 0.778761 1.000000
vt 0.778761 0.000000
vt 0.787611 1.000000
vt 0.787611 0.000000
vt 0.796460 1.000000
vt 0.796460 0.000000
vt 0.805310 1.000000
vt 0.805310 0.000000
vt 0.814159 1.000000
vt 0.814159 0.000000
vt 0.823009 1.000000
vt 0.823009 0.000000
vt 0.831858 1.000000
vt 0.831858 0.000000
vt 0.840708 1.000000
vt 0.840708 0.000000
vt 0.849558 1.000000
vt 0.849558 0.000000
vt 0.858407 1.000000
vt 0.858407 0.000000
vt 0.867257 1.000000
vt 0.867257 0.000000
vt 0.876106 1.000000
vt 0.876106 0.000000
vt 0.884956 1.000000
vt 0.884956 0.000000
vt 0.893805 1.000000
vt 0.893805 0.000000
vt 0.902655 1.000000
vt 0.902655 0.000000
vt 0.911504 1.000000
vt 0.911504 0.000000
vt 0.920354 1.000000
vt 0.920354 0.000000
vt 0.929204 1.000000
vt 0.929204 0.000000
vt 0.938053 1.000000
vt 0.938053 0.000000
vt 0.946903 1.000000
vt 0.946903 0.000000
vt 0.955752 1.000000
vt 0.955752 0.000000
vt 0.964602 1.000000
vt 0.964602 0.000000
vt 0.973451 1.000000
vt 0.973451 0.000000
vt 0.982301 1.000000
vt 0.982301 0.000000
vt 0.991150 1.000000
vt 0.991150 0.000000
vt 0.011628 1.000000
vt 0.011628 0.000000
vt 0.023256 1.000000
vt 0.023256 0.000000
vt 0.034884 1.000000
vt 0.034884 0.000000
vt 0.046512 1.000000
vt 0.046512 0.000000
vt 0.058140 1.000000
vt 0.058140 0.000000
vt 0.069767 1.000000
vt 0.069767 0.000000
vt 0.081395 1.000000
vt 0.081395 0.000000
vt 0.093023 1.000000
vt 0.093023 0.000000
vt 0.104651 1.000000
vt 0.104651 0.000000
vt 0.116279 1.000000
vt 0.116279 0.000000
vt 0.127907 1.000000
vt 0.127907 0.000000
vt 0.139535 1.000000
vt 0.139535 0.000000
vt 0.151163 1.000000
vt 0.151163 0.000000
vt 0.162791 1.000000
vt 0.162791 0.000000
vt 0.174419 1.000000
vt 0.174419 0.000000
vt 0.186047 1.000000
vt 0.186047 0.000000
vt 0.197674 1.000000
vt 0.197674 0.000000
vt 0.209302 1.000000
vt 0.209302 0.000000
vt 0.220930 1.000000
vt 0.220930 0.000000
vt 0.232558 1.000000
vt 0.232558 0.000000
vt 0.244186 1.000000
vt 0.244186 0.000000
vt 0.255814 1.000000
vt 0.255814 0.000000
vt 0.267442 1.000000
vt 0.267442 0.000000
vt 0.279070 1.000000
vt 0.279070 0.000000
vt 0.290698 1.000000
vt 0.290698 0.000000
vt 0.302326 1.000000
vt 0.302326 0.000000
vt 0.313953 1.000000
vt 0.313953 0.000000
vt 0.325581 1.000000
vt 0.325581 0.000000
vt 0.337209 1.000000
vt 0.337209 0.000000
vt 0.348837 1.000000
vt 0.348837 0.000000
vt 0.360465 1.000000
vt 0.360465 0.000000
vt 0.372093 1.000000
vt 0.372093 0.000000
vt 0.383721 1.000000
vt 0.383721 0.000000
vt 0.395349 1.000000
vt 0.395349 0.000000
vt 0.406977 1.000000
vt 0.406977 0.000000
vt 0.418605 1.000000
vt 0.418605 0.000000
vt 0.430233 1.000000
vt 0.430233 0.000000
vt 0.441860 1.000000
vt 0.441860 0.000000
vt 0.453488 1.000000
vt 0.453488 0.000000
vt 0.465116 1.000000
vt 0.465116 0.000000
vt 0.476744 1.000000
vt 0.476744 0.000000
vt 0.488372 1.000000
vt 0.488372 0.000000
vt 0.500000 1.000000
vt 0.511628 1.000000
vt 0.511628 0.000000
vt 0.523256 1.000000
vt 0.523256 0.000000
vt 0.534884 1.000000
vt 0.534884 0.000000
vt 0.546512 1.000000
vt 0.546512 0.000000
vt 0.558140 1.000000
vt 0.558140 0.000000
vt 0.569767 1.000000
vt 0.569767 0.000000
vt 0.581395 1.000000
vt 0.581395 0.000000
vt 0.593023 1.000000
vt 0.593023 0.000000
vt 0.604651 1.000000
vt 0.604651 0.000000
vt 0.616279 1.000000
vt 0.616279 0.000000
vt 0.627907 1.000000
vt 0.627907 0.000000
vt 0.639535 1.000000
vt 0.639535 0.000000
vt 0.651163 1.000000
vt 0.651163 0.000000
vt 0.662791 1.000000
vt 0.662791 0.000000
vt 0.674419 1.000000
vt 0.674419 0.000000
vt 0.686047 1.000000
vt 0.686047 0.000000
vt 0.697674 1.000000
vt 0.697674 0.000000
vt 0.709302 1.000000
vt 0.709302 0.000000
vt 0.720930 1.000000
vt 0.720930 0.000000
vt 0.732558 1.000000
vt 0.732558 0.000000
vt 0.744186 1.000000
vt 0.744186 0.000000
vt 0.755814 1.000000
vt 0.755814 0.000000
vt 0.767442 1.000000
vt 0.767442 0.000000
vt 0.779070 1.000000
vt 0.779070 0.000000
vt 0.790698 1.000000
vt 0.790698 0.000000
vt 0.802326 1.000000
vt 0.802326 0.000000
vt 0.813953 1.000000
vt 0.813953 0.000000
vt 0.825581 1.000000
vt 0.825581 0.000000
vt 0.837209 1.000000
vt 0.837209 0.000000
vt 0.848837 1.000000
vt 0.848837 0.000000
vt 0.860465 1.000000
vt 0.860465 0.000000
vt 0.872093 1.000000
vt 0.872093 0.000000
vt 0.883721 1.000000
vt 0.883721 0.000000
vt 0.895349 1.000000
vt 0.895349 0.000000
vt 0.906977 1.000000
vt 0.906977 0.000000
vt 0.918605 1.000000
vt 0.918605 0.000000
vt 0.930233 1.000000
vt 0.930233 0.000000
vt 0.941860 1.000000
vt 0.941860 0.000000
vt 0.953488 1.000000
vt 0.953488 0.000000
vt 0.965116 1.000000
vt 0.965116 0.000000
vt 0.976744 1.000000
vt 0.976744 0.000000
vt 0.988372 1.000000
vt 0.988372 0.000000
vt 0.004167 1.000000
vt 0.004167 0.000000
vt 0.008333 1.000000
vt 0.008333 0.000000
vt 0.012500 1.000000
vt 0.012500 0.000000
vt 0.016667 1.000000
vt 0.016667 0.000000
vt 0.020833 1.000000
vt 0.020833 0.000000
vt 0.025000 1.000000
vt 0.025000 0.000000
vt 0.029167 1.000000
vt 0.029167 0.000000
vt 0.033333 1.000000
vt 0.033333 0.000000
vt 0.037500 1.000000
vt 0.037500 0.000000
vt 0.041667 1.000000
vt 0.041667 0.000000
vt 0.045833 1.000000
vt 0.045833 0.000000
vt 0.050000 1.000000
vt 0.050000 0.000000
vt 0.054167 1.000000
vt 0.054167 0.000000
vt 0.058333 1.000000
vt 0.058333 0.000000
vt 0.062500 1.000000
vt 0.062500 0.000000
vt 0.066667 1.000000
vt 0.066667 0.000000
vt 0.070833 1.000000
vt 0.070833 0.000000
vt 0.075000 1.000000
vt 0.075000 0.000000
vt 0.079167 1.000000
vt 0.079167 0.000000
vt 0.083333 1.000000
vt 0.083333 0.000000
vt 0.087500 1.000000
vt 0.087500 0.000000
vt 0.091667 1.000000
vt 0.091667 0.000000
vt 0.095833 1.000000
vt 0.095833 0.000000
vt 0.100000 1.000000
vt 0.100000 0.000000
vt 0.104167 1.000000
vt 0.104167 0.000000
vt 0.108333 1.000000
vt 0.108333 0.000000
vt 0.112500 1.000000
vt 0.112500 0.000000
vt 0.116667 1.000000
vt 0.116667 0.000000
vt 0.120833 1.000000
vt 0.120833 0.000000
vt 0.125000 1.000000
vt 0.125000 0.000000
vt 0.129167 1.000000
vt 0.129167 0.000000
vt 0.133333 1.000000
vt 0.133333 0.000000
vt 0.137500 1.000000
vt 0.137500 0.000000
vt 0.141667 1.000000
vt 0.141667 0.000000
vt 0.145833 1.000000
vt 0.145833 0.000000
vt 0.150000 1.000000
vt 0.150000 0.000000
vt 0.154167 1.000000
vt 0.154167 0.000000
vt 0.158333 1.000000
vt 0.158333 0.000000
vt 0.162500 1.000000
vt 0.162500 0.000000
vt 0.166667 1.000000
vt 0.170833 1.000000
vt 0.170833 0.000000
vt 0.175000 1.000000
vt 0.175000 0.000000
vt 0.179167 1.000000
vt 0.179167 0.000000
vt 0.183333 1.000000
vt 0.183333 0.000000
vt 0.187500 1.000000
vt 0.187500 0.000000
vt 0.191667 1.000000
vt 0.191667 0.000000
vt 0.195833 1.000000
vt 0.195833 0.000000
vt 0.200000 1.000000
vt 0.204167 1.000000
vt 0.204167 0.000000
vt 0.208333 1.000000
vt 0.208333 0.000000
vt 0.212500 1.000000
vt 0.212500 0.000000
vt 0.216667 1.000000
vt 0.216667 0.000000
vt 0.220833 1.000000
vt 0.220833 0.000000
vt 0.225000 1.000000
vt 0.225000 0.000000
vt 0.229167 1.000000
vt 0.229167 0.000000
vt 0.233333 1.000000
vt 0.233333 0.000000
vt 0.237500 1.000000
vt 0.237500 0.000000
vt 0.241667 1.000000
vt 0.241667 0.000000
vt 0.245833 1.000000
vt 0.245833 0.000000
vt 0.250000 1.000000
vt 0.254167 1.000000
vt 0.254167 0.000000
vt 0.258333 1.000000
vt 0.258333 0.000000
vt 0.262500 1.000000
vt 0.262500 0.000000
vt 0.266667 1.000000
vt 0.266667 0.000000
vt 0.270833 1.000000
vt 0.270833 0.000000
vt 0.275000 1.000000
vt 0.275000 0.000000
vt 0.279167 1.000000
vt 0.279167 0.000000
vt 0.283333 1.000000
vt 0.283333 0.000000
vt 0.287500 1.000000
vt 0.287500 0.000000
vt 0.291667 1.000000
vt 0.291667 0.000000
vt 0.295833 1.000000
vt 0.295833 0.000000
vt 0.300000 1.000000
vt 0.300000 0.000000
vt 0.304167 1.000000
vt 0.304167 0.000000
vt 0.308333 1.000000
vt 0.308333 0.000000
vt 0.312500 1.000000
vt 0.312500 0.000000
vt 0.316667 1.000000
vt 0.316667 0.000000
vt 0.320833 1.000000
vt 0.320833 0.000000
vt 0.325000 1.000000
vt 0.325000 0.000000
vt 0.329167 1.000000
vt 0.329167 0.000000
vt 0.337500 1.000000
vt 0.337500 0.000000
vt 0.341667 1.000000
vt 0.341667 0.000000
vt 0.345833 1.000000
vt 0.345833 0.000000
vt 0.350000 1.000000
vt 0.350000 0.000000
vt 0.354167 1.000000
vt 0.354167 0.000000
vt 0.358333 1.000000
vt 0.358333 0.000000
vt 0.362500 1.000000
vt 0.362500 0.000000
vt 0.366667 1.000000
vt 0.366667 0.000000
vt 0.370833 1.000000
vt 0.370833 0.000000
vt 0.375000 1.000000
vt 0.375000 0.000000
vt 0.379167 1.000000
vt 0.379167 0.000000
vt 0.383333 1.000000
vt 0.383333 0.000000
vt 0.387500 1.000000
vt 0.387500 0.000000
vt 0.391667 1.000000
vt 0.391667 0.000000
vt 0.395833 1.000000
vt 0.395833 0.000000
vt 0.400000 1.000000
vt 0.404167 1.000000
vt 0.404167 0.000000
vt 0.408333 1.000000
vt 0.408333 0.000000
vt 0.412500 1.000000
vt 0.412500 0.000000
vt 0.416667 1.000000
vt 0.416667 0.000000
vt 0.420833 1.000000
vt 0.420833 0.000000
vt 0.425000 1.000000
vt 0.425000 0.000000
vt 0.429167 1.000000
vt 0.429167 0.000000
vt 0.433333 1.000000
vt 0.433333 0.000000
vt 0.437500 1.000000
vt 0.437500 0.000000
vt 0.441667 1.000000
vt 0.441667 0.000000
vt 0.445833 1.000000
vt 0.445833 0.000000
vt 0.450000 1.000000
vt 0.450000 0.000000
vt 0.454167 1.000000
vt 0.454167 0.000000
vt 0.458333 1.000000
vt 0.458333 0.000000
vt 0.462500 1.000000
vt 0.462500 0.000000
vt 0.466667 1.000000
vt 0.466667 0.000000
vt 0.470833 1.000000
vt 0.470833 0.000000
vt 0.475000 1.000000
vt 0.475000 0.000000
vt 0.479167 1.000000
vt 0.479167 0.000000
vt 0.483333 1.000000
vt 0.483333 0.000000
vt 0.487500 1.000000
vt 0.487500 0.000000
vt 0.491667 1.000000
vt 0.491667 0.000000
vt 0.495833 1.000000
vt 0.495833 0.000000
vt 0.504167 1.000000
vt 0.504167 0.000000
vt 0.508333 1.000000
vt 0.508333 0.000000
vt 0.512500 1.000000
vt 0.512500 0.000000
vt 0.516667 1.000000
vt 0.516667 0.000000
vt 0.520833 1.000000
vt 0.520833 0.000000
vt 0.525000 1.000000
vt 0.525000 0.000000
vt 0.529167 1.000000
vt 0.529167 0.000000
vt 0.533333 1.000000
vt 0.533333 0.000000
vt 0.537500 1.000000
vt 0.537500 0.000000
vt 0.541667 1.000000
vt 0.541667 0.000000
vt 0.545833 1.000000
vt 0.545833 0.000000
vt 0.550000 1.000000
vt 0.550000 0.000000
vt 0.554167 1.000000
vt 0.554167 0.000000
vt 0.558333 1.000000
vt 0.558333 0.000000
vt 0.562500 1.000000
vt 0.562500 0.000000
vt 0.566667 1.000000
vt 0.566667 0.000000
vt 0.570833 1.000000
vt 0.570833 0.000000
vt 0.575000 1.000000
vt 0.575000 0.000000
vt 0.579167 1.000000
vt 0.579167 0.000000
vt 0.583333 1.000000
vt 0.583333 0.000000
vt 0.587500 1.000000
vt 0.587500 0.000000
vt 0.591667 1.000000
vt 0.591667 0.000000
vt 0.595833 1.000000
vt 0.595833 0.000000
vt 0.600000 1.000000
vt 0.604167 1.000000
vt 0.604167 0.000000
vt 0.608333 1.000000
vt 0.608333 0.000000
vt 0.612500 1.000000
vt 0.612500 0.000000
vt 0.616667 1.000000
vt 0.616667 0.000000
vt 0.620833 1.000000
vt 0.620833 0.000000
vt 0.625000 1.000000
vt 0.625000 0.000000
vt 0.629167 1.000000
vt 0.629167 0.000000
vt 0.633333 1.000000
vt 0.633333 0.000000
vt 0.637500 1.000000
vt 0.637500 0.000000
vt 0.641667 1.000000
vt 0.641667 0.000000
vt 0.645833 1.000000
vt 0.645833 0.000000
vt 0.650000 1.000000
vt 0.650000 0.000000
vt 0.654167 1.000000
vt 0.654167 0.000000
vt 0.658333 1.000000
vt 0.658333 0.000000
vt 0.662500 1.000000
vt 0.662500 0.000000
vt 0.670833 1.000000
vt 0.670833 0.000000
vt 0.675000 1.000000
vt 0.675000 0.000000
vt 0.679167 1.000000
vt 0.679167 0.000000
vt 0.683333 1.000000
vt 0.683333 0.000000
vt 0.687500 1.000000
vt 0.687500 0.000000
vt 0.691667 1.000000
vt 0.691667 0.000000
vt 0.695833 1.000000
vt 0.695833 0.000000
vt 0.700000 1.000000
vt 0.700000 0.000000
vt 0.704167 1.000000
vt 0.704167 0.000000
vt 0.708333 1.000000
vt 0.708333 0.000000
vt 0.712500 1.000000
vt 0.712500 0.000000
vt 0.716667 1.000000
vt 0.716667 0.000000
vt 0.720833 1.000000
vt 0.720833 0.000000
vt 0.725000 1.000000
vt 0.725000 0.000000
vt 0.729167 1.000000
vt 0.729167 0.000000
vt 0.733333 1.000000
vt 0.733333 0.000000
vt 0.737500 1.000000
vt 0.737500 0.000000
vt 0.741667 1.000000
vt 0.741667 0.000000
vt 0.745833 1.000000
vt 0.745833 0.000000
vt 0.750000 1.000000
vt 0.754167 1.000000
vt 0.754167 0.000000
vt 0.758333 1.000000
vt 0.758333 0.000000
vt 0.762500 1.000000
vt 0.762500 0.000000
vt 0.766667 1.000000
vt 0.766667 0.000000
vt 0.770833 1.000000
vt 0.770833 0.000000
vt 0.775000 1.000000
vt 0.775000 0.000000
vt 0.779167 1.000000
vt 0.779167 0.000000
vt 0.783333 1.000000
vt 0.783333 0.000000
vt 0.787500 1.000000
vt 0.787500 0.000000
vt 0.791667 1.000000
vt 0.791667 0.000000
vt 0.795833 1.000000
vt 0.795833 0.000000
vt 0.800000 1.000000
vt 0.804167 1.000000
vt 0.804167 0.000000
vt 0.808333 1.000000
vt 0.808333 0.000000
vt 0.812500 1.000000
vt 0.812500 0.000000
vt 0.816667 1.000000
vt 0.816667 0.000000
vt 0.820833 1.000000
vt 0.820833 0.000000
vt 0.825000 1.000000
vt 0.825000 0.000000
vt 0.829167 1.000000
vt 0.829167 0.000000
vt 0.833333 1.000000
vt 0.837500 1.000000
vt 0.837500 0.000000
vt 0.841667 1.000000
vt 0.841667 0.000000
vt 0.845833 1.000000
vt 0.845833 0.000000
vt 0.850000 1.000000
vt 0.850000 0.000000
vt 0.854167 1.000000
vt 0.854167 0.000000
vt 0.858333 1.000000
vt 0.858333 0.000000
vt 0.862500 1.000000
vt 0.862500 0.000000
vt 0.866667 1.000000
vt 0.866667 0.000000
vt 0.870833 1.000000
vt 0.870833 0.000000
vt 0.875000 1.000000
vt 0.875000 0.000000
vt 0.879167 1.000000
vt 0.879167 0.000000
vt 0.883333 1.000000
vt 0.883333 0.000000
vt 0.887500 1.000000
vt 0.887500 0.000000
vt 0.891667 1.000000
vt 0.891667 0.000000
vt 0.895833 1.000000
vt 0.895833 0.000000
vt 0.900000 1.000000
vt 0.900000 0.000000
vt 0.904167 1.000000
vt 0.904167 0.000000
vt 0.908333 1.000000
vt 0.908333 0.000000
vt 0.912500 1.000000
vt 0.912500 0.000000
vt 0.916667 1.000000
vt 0.916667 0.000000
vt 0.920833 1.000000
vt 0.920833 0.000000
vt 0.925000 1.000000
vt 0.925000 0.000000
vt 0.929167 1.000000
vt 0.929167 0.000000
vt 0.933333 1.000000
vt 0.933333 0.000000
vt 0.937500 1.000000
vt 0.937500 0.000000
vt 0.941667 1.000000
vt 0.941667 0.000000
vt 0.945833 1.000000
vt 0.945833 0.000000
vt 0.950000 1.000000
vt 0.950000 0.000000
vt 0.954167 1.000000
vt 0.954167 0.000000
vt 0.958333 1.000000
vt 0.958333 0.000000
vt 0.962500 1.000000
vt 0.962500 0.000000
vt 0.966667 1.000000
vt 0.966667 0.000000
vt 0.970833 1.000000
vt 0.970833 0.000000
vt 0.975000 1.000000
vt 0.975000 0.000000
vt 0.979167 1.000000
vt 0.979167 0.000000
vt 0.983333 1.000000
vt 0.983333 0.000000
vt 0.987500 1.000000
vt 0.987500 0.000000
vt 0.991667 1.000000
vt 0.991667 0.000000
vt 0.995833 1.000000
vt 0.995833 0.000000
vt 0.011364 1.000000
vt 0.011364 0.000000
vt 0.022727 1.000000
vt 0.022727 0.000000
vt 0.034091 1.000000
vt 0.034091 0.000000
vt 0.045455 1.000000
vt 0.045455 0.000000
vt 0.056818 1.000000
vt 0.056818 0.000000
vt 0.068182 1.000000
vt 0.068182 0.000000
vt 0.079545 1.000000
vt 0.079545 0.000000
vt 0.090909 1.000000
vt 0.102273 1.000000
vt 0.102273 0.000000
vt 0.113636 1.000000
vt 0.113636 0.000000
vt 0.136364 1.000000
vt 0.136364 0.000000
vt 0.147727 1.000000
vt 0.147727 0.000000
vt 0.159091 1.000000
vt 0.159091 0.000000
vt 0.170455 1.000000
vt 0.170455 0.000000
vt 0.181818 1.000000
vt 0.193182 1.000000
vt 0.193182 0.000000
vt 0.204545 1.000000
vt 0.204545 0.000000
vt 0.215909 1.000000
vt 0.215909 0.000000
vt 0.227273 1.000000
vt 0.227273 0.000000
vt 0.238636 1.000000
vt 0.238636 0.000000
vt 0.261364 1.000000
vt 0.261364 0.000000
vt 0.272727 1.000000
vt 0.284091 1.000000
vt 0.284091 0.000000
vt 0.295455 1.000000
vt 0.295455 0.000000
vt 0.306818 1.000000
vt 0.306818 0.000000
vt 0.318182 1.000000
vt 0.318182 0.000000
vt 0.329545 1.000000
vt 0.329545 0.000000
vt 0.340909 1.000000
vt 0.340909 0.000000
vt 0.352273 1.000000
vt 0.352273 0.000000
vt 0.363636 1.000000
vt 0.386364 1.000000
vt 0.386364 0.000000
vt 0.397727 1.000000
vt 0.397727 0.000000
vt 0.409091 1.000000
vt 0.409091 0.000000
vt 0.420455 1.000000
vt 0.420455 0.000000
vt 0.431818 1.000000
vt 0.431818 0.000000
vt 0.443182 1.000000
vt 0.443182 0.000000
vt 0.454545 1.000000
vt 0.465909 1.000000
vt 0.465909 0.000000
vt 0.477273 1.000000
vt 0.477273 0.000000
vt 0.488636 1.000000
vt 0.488636 0.000000
vt 0.511364 1.000000
vt 0.511364 0.000000
vt 0.522727 1.000000
vt 0.522727 0.000000
vt 0.534091 1.000000
vt 0.534091 0.000000
vt 0.545455 1.000000
vt 0.556818 1.000000
vt 0.556818 0.000000
vt 0.568182 1.000000
vt 0.568182 0.000000
vt 0.579545 1.000000
vt 0.579545 0.000000
vt 0.590909 1.000000
vt 0.590909 0.000000
vt 0.602273 1.000000
vt 0.602273 0.000000
vt 0.613636 1.000000
vt 0.613636 0.000000
vt 0.636364 1.000000
vt 0.647727 1.000000
vt 0.647727 0.000000
vt 0.659091 1.000000
vt 0.659091 0.000000
vt 0.670455 1.000000
vt 0.670455 0.000000
vt 0.681818 1.000000
vt 0.681818 0.000000
vt 0.693182 1.000000
vt 0.693182 0.000000
vt 0.704545 1.000000
vt 0.704545 0.000000
vt 0.715909 1.000000
vt 0.715909 0.000000
vt 0.727273 1.000000
vt 0.738636 1.000000
vt 0.738636 0.000000
vt 0.761364 1.000000
vt 0.761364 0.000000
vt 0.772727 1.000000
vt 0.772727 0.000000
vt 0.784091 1.000000
vt 0.784091 0.000000
vt 0.795455 1.000000
vt 0.795455 0.000000
vt 0.806818 1.000000
vt 0.806818 0.000000
vt 0.818182 1.000000
vt 0.829545 1.000000
vt 0.829545 0.000000
vt 0.840909 1.000000
vt 0.840909 0.000000
vt 0.852273 1.000000
vt 0.852273 0.000000
vt 0.863636 1.000000
vt 0.863636 0.000000
vt 0.886364 1.000000
vt 0.886364 0.000000
vt 0.897727 1.000000
vt 0.897727 0.000000
vt 0.909091 1.000000
vt 0.920455 1.000000
vt 0.920455 0.000000
vt 0.931818 1.000000
vt 0.931818 0.000000
vt 0.943182 1.000000
vt 0.943182 0.000000
vt 0.954545 1.000000
vt 0.954545 0.000000
vt 0.965909 1.000000
vt 0.965909 0.000000
vt 0.977273 1.000000
vt 0.977273 0.000000
vt 0.988636 1.000000
vt 0.988636 0.000000
vt 0.003571 1.000000
vt 0.003571 0.000000
vt 0.007143 1.000000
vt 0.007143 0.000000
vt 0.010714 1.000000
vt 0.010714 0.000000
vt 0.014286 1.000000
vt 0.014286 0.000000
vt 0.017857 1.000000
vt 0.017857 0.000000
vt 0.021429 1.000000
vt 0.021429 0.000000
vt 0.028571 1.000000
vt 0.028571 0.000000
vt 0.032143 1.000000
vt 0.032143 0.000000
vt 0.035714 1.000000
vt 0.035714 0.000000
vt 0.039286 1.000000
vt 0.039286 0.000000
vt 0.042857 1.000000
vt 0.042857 0.000000
vt 0.046429 1.000000
vt 0.046429 0.000000
vt 0.053571 1.000000
vt 0.053571 0.000000
vt 0.057143 1.000000
vt 0.057143 0.000000
vt 0.060714 1.000000
vt 0.060714 0.000000
vt 0.064286 1.000000
vt 0.064286 0.000000
vt 0.067857 1.000000
vt 0.067857 0.000000
vt 0.071429 1.000000
vt 0.071429 0.000000
vt 0.078571 1.000000
vt 0.078571 0.000000
vt 0.082143 1.000000
vt 0.082143 0.000000
vt 0.085714 1.000000
vt 0.085714 0.000000
vt 0.089286 1.000000
vt 0.089286 0.000000
vt 0.092857 1.000000
vt 0.092857 0.000000
vt 0.096429 1.000000
vt 0.096429 0.000000
vt 0.103571 1.000000
vt 0.103571 0.000000
vt 0.107143 1.000000
vt 0.107143 0.000000
vt 0.110714 1.000000
vt 0.110714 0.000000
vt 0.114286 1.000000
vt 0.114286 0.000000
vt 0.117857 1.000000
vt 0.117857 0.000000
vt 0.121429 1.000000
vt 0.121429 0.000000
vt 0.128571 1.000000
vt 0.128571 0.000000
vt 0.132143 1.000000
vt 0.132143 0.000000
vt 0.135714 1.000000
vt 0.135714 0.000000
vt 0.139286 1.000000
vt 0.139286 0.000000
vt 0.142857 1.000000
vt 0.142857 0.000000
vt 0.146429 1.000000
vt 0.146429 0.000000
vt 0.153571 1.000000
vt 0.153571 0.000000
vt 0.157143 1.000000
vt 0.157143 0.000000
vt 0.160714 1.000000
vt 0.160714 0.000000
vt 0.164286 1.000000
vt 0.164286 0.000000
vt 0.167857 1.000000
vt 0.167857 0.000000
vt 0.171429 1.000000
vt 0.171429 0.000000
vt 0.178571 1.000000
vt 0.178571 0.000000
vt 0.182143 1.000000
vt 0.182143 0.000000
vt 0.185714 1.000000
vt 0.185714 0.000000
vt 0.189286 1.000000
vt 0.189286 0.000000
vt 0.192857 1.000000
vt 0.192857 0.000000
vt 0.196429 1.000000
vt 0.196429 0.000000
vt 0.203571 1.000000
vt 0.203571 0.000000
vt 0.207143 1.000000
vt 0.207143 0.000000
vt 0.210714 1.000000
vt 0.210714 0.000000
vt 0.214286 1.000000
vt 0.214286 0.000000
vt 0.217857 1.000000
vt 0.217857 0.000000
vt 0.221429 1.000000
vt 0.221429 0.000000
vt 0.228571 1.000000
vt 0.228571 0.000000
vt 0.232143 1.000000
vt 0.232143 0.000000
vt 0.235714 1.000000
vt 0.235714 0.000000
vt 0.239286 1.000000
vt 0.239286 0.000000
vt 0.242857 1.000000
vt 0.242857 0.000000
vt 0.246429 1.000000
vt 0.246429 0.000000
vt 0.253571 1.000000
vt 0.253571 0.000000
vt 0.257143 1.000000
vt 0.257143 0.000000
vt 0.260714 1.000000
vt 0.260714 0.000000
vt 0.264286 1.000000
vt 0.264286 0.000000
vt 0.267857 1.000000
vt 0.267857 0.000000
vt 0.271429 1.000000
vt 0.271429 0.000000
vt 0.278571 1.000000
vt 0.278571 0.000000
vt 0.282143 1.000000
vt 0.282143 0.000000
vt 0.285714 1.000000
vt 0.285714 0.000000
vt 0.289286 1.000000
vt 0.289286 0.000000
vt 0.292857 1.000000
vt 0.292857 0.000000
vt 0.296429 1.000000
vt 0.296429 0.000000
vt 0.303571 1.000000
vt 0.303571 0.000000
vt 0.307143 1.000000
vt 0.307143 0.000000
vt 0.310714 1.000000
vt 0.310714 0.000000
vt 0.314286 1.000000
vt 0.314286 0.000000
vt 0.317857 1.000000
vt 0.317857 0.000000
vt 0.321429 1.000000
vt 0.321429 0.000000
vt 0.328571 1.000000
vt 0.328571 0.000000
vt 0.332143 1.000000
vt 0.332143 0.000000
vt 0.335714 1.000000
vt 0.335714 0.000000
vt 0.339286 1.000000
vt 0.339286 0.000000
vt 0.342857 1.000000
vt 0.342857 0.000000
vt 0.346429 1.000000
vt 0.346429 0.000000
vt 0.353571 1.000000
vt 0.353571 0.000000
vt 0.357143 1.000000
vt 0.357143 0.000000
vt 0.360714 1.000000
vt 0.360714 0.000000
vt 0.364286 1.000000
vt 0.364286 0.000000
vt 0.367857 1.000000
vt 0.367857 0.000000
vt 0.371429 1.000000
vt 0.371429 0.000000
vt 0.378571 1.000000
vt 0.378571 0.000000
vt 0.382143 1.000000
vt 0.382143 0.000000
vt 0.385714 1.000000
vt 0.385714 0.000000
vt 0.389286 1.000000
vt 0.389286 0.000000
vt 0.392857 1.000000
vt 0.392857 0.000000
vt 0.396429 1.000000
vt 0.396429 0.000000
vt 0.403571 1.000000
vt 0.403571 0.000000
vt 0.407143 1.000000
vt 0.407143 0.000000
vt 0.410714 1.000000
vt 0.410714 0.000000
vt 0.414286 1.000000
vt 0.414286 0.000000
vt 0.417857 1.000000
vt 0.417857 0.000000
vt 0.421429 1.000000
vt 0.421429 0.000000
vt 0.428571 1.000000
vt 0.428571 0.000000
vt 0.432143 1.000000
vt 0.432143 0.000000
vt 0.435714 1.000000
vt 0.435714 0.000000
vt 0.439286 1.000000
vt 0.439286 0.000000
vt 0.442857 1.000000
vt 0.442857 0.000000
vt 0.446429 1.000000
vt 0.446429 0.000000
vt 0.453571 1.000000
vt 0.453571 0.000000
vt 0.457143 1.000000
vt 0.457143 0.000000
vt 0.460714 1.000000
vt 0.460714 0.000000
vt 0.464286 1.000000
vt 0.464286 0.000000
vt 0.467857 1.000000
vt 0.467857 0.000000
vt 0.471429 1.000000
vt 0.471429 0.000000
vt 0.478571 1.000000
vt 0.478571 0.000000
vt 0.482143 1.000000
vt 0.482143 0.000000
vt 0.485714 1.000000
vt 0.485714 0.000000
vt 0.489286 1.000000
vt 0.489286 0.000000
vt 0.492857 1.000000
vt 0.492857 0.000000
vt 0.496429 1.000000
vt 0.496429 0.000000
vt 0.503571 1.000000
vt 0.503571 0.000000
vt 0.507143 1.000000
vt 0.507143 0.000000
vt 0.510714 1.000000
vt 0.510714 0.000000
vt 0.514286 1.000000
vt 0.514286 0.000000
vt 0.517857 1.000000
vt 0.517857 0.000000
vt 0.521429 1.000000
vt 0.521429 0.000000
vt 0.528571 1.000000
vt 0.528571 0.000000
vt 0.532143 1.000000
vt 0.532143 0.000000
vt 0.535714 1.000000
vt 0.535714 0.000000
vt 0.539286 1.000000
vt 0.539286 0.000000
vt 0.542857 1.000000
vt 0.542857 0.000000
vt 0.546429 1.000000
vt 0.546429 0.000000
vt 0.553571 1.000000
vt 0.553571 0.000000
vt 0.557143 1.000000
vt 0.557143 0.000000
vt 0.560714 1.000000
vt 0.560714 0.000000
vt 0.564286 1.000000
vt 0.564286 0.000000
vt 0.567857 1.000000
vt 0.567857 0.000000
vt 0.571429 1.000000
vt 0.571429 0.000000
vt 0.578571 1.000000
vt 0.578571 0.000000
vt 0.582143 1.000000
vt 0.582143 0.000000
vt 0.585714 1.000000
vt 0.585714 0.000000
vt 0.589286 1.000000
vt 0.589286 0.000000
vt 0.592857 1.000000
vt 0.592857 0.000000
vt 0.596429 1.000000
vt 0.596429 0.000000
vt 0.603571 1.000000
vt 0.603571 0.000000
vt 0.607143 1.000000
vt 0.607143 0.000000
vt 0.610714 1.000000
vt 0.610714 0.000000
vt 0.614286 1.000000
vt 0.614286 0.000000
vt 0.617857 1.000000
vt 0.617857 0.000000
vt 0.621429 1.000000
vt 0.621429 0.000000
vt 0.628571 1.000000
vt 0.628571 0.000000
vt 0.632143 1.000000
vt 0.632143 0.000000
vt 0.635714 1.000000
vt 0.635714 0.000000
vt 0.639286 1.000000
vt 0.639286 0.000000
vt 0.642857 1.000000
vt 0.642857 0.000000
vt 0.646429 1.000000
vt 0.646429 0.000000
vt 0.653571 1.000000
vt 0.653571 0.000000
vt 0.657143 1.000000
vt 0.657143 0.000000
vt 0.660714 1.000000
vt 0.660714 0.000000
vt 0.664286 1.000000
vt 0.664286 0.000000
vt 0.667857 1.000000
vt 0.667857 0.000000
vt 0.671429 1.000000
vt 0.671429 0.000000
vt 0.678571 1.000000
vt 0.678571 0.000000
vt 0.682143 1.000000
vt 0.682143 0.000000
vt 0.685714 1.000000
vt 0.685714 0.000000
vt 0.689286 1.000000
vt 0.689286 0.000000
vt 0.692857 1.000000
vt 0.692857 0.000000
vt 0.696429 1.000000
vt 0.696429 0.000000
vt 0.703571 1.000000
vt 0.703571 0.000000
vt 0.707143 1.000000
vt 0.707143 0.000000
vt 0.710714 1.000000
vt 0.710714 0.000000
vt 0.714286 1.000000
vt 0.714286 0.000000
vt 0.717857 1.000000
vt 0.717857 0.000000
vt 0.721429 1.000000
vt 0.721429 0.000000
vt 0.728571 1.000000
vt 0.728571 0.000000
vt 0.732143 1.000000
vt 0.732143 0.000000
vt 0.735714 1.000000
vt 0.735714 0.000000
vt 0.739286 1.000000
vt 0.739286 0.000000
vt 0.742857 1.000000
vt 0.742857 0.000000
vt 0.746429 1.000000
vt 0.746429 0.000000
vt 0.753571 1.000000
vt 0.753571 0.000000
vt 0.757143 1.000000
vt 0.757143 0.000000
vt 0.760714 1.000000
vt 0.760714 0.000000
vt 0.764286 1.000000
vt 0.764286 0.000000
vt 0.767857 1.000000
vt 0.767857 0.000000
vt 0.771429 1.000000
vt 0.771429 0.000000
vt 0.778571 1.000000
vt 0.778571 0.000000
vt 0.782143 1.000000
vt 0.782143 0.000000
vt 0.785714 1.000000
vt 0.785714 0.000000
vt 0.789286 1.000000
vt 0.789286 0.000000
vt 0.792857 1.000000
vt 0.792857 0.000000
vt 0.796429 1.000000
vt 0.796429 0.000000
vt 0.803571 1.000000
vt 0.803571 0.000000
vt 0.807143 1.000000
vt 0.807143 0.000000
vt 0.810714 1.000000
vt 0.810714 0.000000
vt 0.814286 1.000000
vt 0.814286 0.000000
vt 0.817857 1.000000
vt 0.817857 0.000000
vt 0.821429 1.000000
vt 0.821429 0.000000
vt 0.828571 1.000000
vt 0.828571 0.000000
vt 0.832143 1.000000
vt 0.832143 0.000000
vt 0.835714 1.000000
vt 0.835714 0.000000
vt 0.839286 1.000000
vt 0.839286 0.000000
vt 0.842857 1.000000
vt 0.842857 0.000000
vt 0.846429 1.000000
vt 0.846429 0.000000
vt 0.853571 1.000000
vt 0.853571 0.000000
vt 0.857143 1.000000
vt 0.857143 0.000000
vt 0.860714 1.000000
vt 0.860714 0.000000
vt 0.864286 1.000000
vt 0.864286 0.000000
vt 0.867857 1.000000
vt 0.867857 0.000000
vt 0.871429 1.000000
vt 0.871429 0.000000
vt 0.878571 1.000000
vt 0.878571 0.000000
vt 0.882143 1.000000
vt 0.882143 0.000000
vt 0.885714 1.000000
vt 0.885714 0.000000
vt 0.889286 1.000000
vt 0.889286 0.000000
vt 0.892857 1.000000
vt 0.892857 0.000000
vt 0.896429 1.000000
vt 0.896429 0.000000
vt 0.903571 1.000000
vt 0.903571 0.000000
vt 0.907143 1.000000
vt 0.907143 0.000000
vt 0.910714 1.000000
vt 0.910714 0.000000
vt 0.914286 1.000000
vt 0.914286 0.000000
vt 0.917857 1.000000
vt 0.917857 0.000000
vt 0.921429 1.000000
vt 0.921429 0.000000
vt 0.928571 1.000000
vt 0.928571 0.000000
vt 0.932143 1.000000
vt 0.932143 0.000000
vt 0.935714 1.000000
vt 0.935714 0.000000
vt 0.939286 1.000000
vt 0.939286 0.000000
vt 0.942857 1.000000
vt 0.942857 0.000000
vt 0.946429 1.000000
vt 0.946429 0.000000
vt 0.953571 1.000000
vt 0.953571 0.000000
vt 0.957143 1.000000
vt 0.957143 0.000000
vt 0.960714 1.000000
vt 0.960714 0.000000
vt 0.964286 1.000000
vt 0.964286 0.000000
vt 0.967857 1.000000
vt 0.967857 0.000000
vt 0.971429 1.000000
vt 0.971429 0.000000
vt 0.978571 1.000000
vt 0.978571 0.000000
vt 0.982143 1.000000
vt 0.982143 0.000000
vt 0.985714 1.000000
vt 0.985714 0.000000
vt 0.989286 1.000000
vt 0.989286 0.000000
vt 0.992857 1.000000
vt 0.992857 0.000000
vt 0.996429 1.000000
vt 0.996429 0.000000
vt 0.002825 1.000000
vt 0.002825 0.000000
vt 0.005650 1.000000
vt 0.005650 0.000000
vt 0.008475 1.000000
vt 0.008475 0.000000
vt 0.011299 1.000000
vt 0.011299 0.000000
vt 0.014124 1.000000
vt 0.014124 0.000000
vt 0.016949 1.000000
vt 0.016949 0.000000
vt 0.019774 1.000000
vt 0.019774 0.000000
vt 0.022599 1.000000
vt 0.022599 0.000000
vt 0.025424 1.000000
vt 0.025424 0.000000
vt 0.028249 1.000000
vt 0.028249 0.000000
vt 0.031073 1.000000
vt 0.031073 0.000000
vt 0.033898 1.000000
vt 0.033898 0.000000
vt 0.036723 1.000000
vt 0.036723 0.000000
vt 0.039548 1.000000
vt 0.039548 0.000000
vt 0.042373 1.000000
vt 0.042373 0.000000
vt 0.045198 1.000000
vt 0.045198 0.000000
vt 0.048023 1.000000
vt 0.048023 0.000000
vt 0.050847 1.000000
vt 0.050847 0.000000
vt 0.053672 1.000000
vt 0.053672 0.000000
vt 0.056497 1.000000
vt 0.056497 0.000000
vt 0.059322 1.000000
vt 0.059322 0.000000
vt 0.062147 1.000000
vt 0.062147 0.000000
vt 0.064972 1.000000
vt 0.064972 0.000000
vt 0.067797 1.000000
vt 0.067797 0.000000
vt 0.070621 1.000000
vt 0.070621 0.000000
vt 0.073446 1.000000
vt 0.073446 0.000000
vt 0.076271 1.000000
vt 0.076271 0.000000
vt 0.079096 1.000000
vt 0.079096 0.000000
vt 0.081921 1.000000
vt 0.081921 0.000000
vt 0.084746 1.000000
vt 0.084746 0.000000
vt 0.087571 1.000000
vt 0.087571 0.000000
vt 0.090395 1.000000
vt 0.090395 0.000000
vt 0.093220 1.000000
vt 0.093220 0.000000
vt 0.096045 1.000000
vt 0.096045 0.000000
vt 0.098870 1.000000
vt 0.098870 0.000000
vt 0.101695 1.000000
vt 0.101695 0.000000
vt 0.104520 1.000000
vt 0.104520 0.000000
vt 0.107345 1.000000
vt 0.107345 0.000000
vt 0.110169 1.000000
vt 0.110169 0.000000
vt 0.112994 1.000000
vt 0.112994 0.000000
vt 0.115819 1.000000
vt 0.115819 0.000000
vt 0.118644 1.000000
vt 0.118644 0.000000
vt 0.121469 1.000000
vt 0.121469 0.000000
vt 0.124294 1.000000
vt 0.124294 0.000000
vt 0.127119 1.000000
vt 0.127119 0.000000
vt 0.129944 1.000000
vt 0.129944 0.000000
vt 0.132768 1.000000
vt 0.132768 0.000000
vt 0.135593 1.000000
vt 0.135593 0.000000
vt 0.138418 1.000000
vt 0.138418 0.000000
vt 0.141243 1.000000
vt 0.141243 0.000000
vt 0.144068 1.000000
vt 0.144068 0.000000
vt 0.146893 1.000000
vt 0.146893 0.000000
vt 0.149718 1.000000
vt 0.149718 0.000000
vt 0.152542 1.000000
vt 0.152542 0.000000
vt 0.155367 1.000000
vt 0.155367 0.000000
vt 0.158192 1.000000
vt 0.158192 0.000000
vt 0.161017 1.000000
vt 0.161017 0.000000
vt 0.163842 1.000000
vt 0.163842 0.000000
vt 0.169492 1.000000
vt 0.169492 0.000000
vt 0.172316 1.000000
vt 0.172316 0.000000
vt 0.175141 1.000000
vt 0.175141 0.000000
vt 0.177966 1.000000
vt 0.177966 0.000000
vt 0.180791 1.000000
vt 0.180791 0.000000
vt 0.183616 1.000000
vt 0.183616 0.000000
vt 0.186441 1.000000
vt 0.186441 0.000000
vt 0.189266 1.000000
vt 0.189266 0.000000
vt 0.192090 1.000000
vt 0.192090 0.000000
vt 0.194915 1.000000
vt 0.194915 0.000000
vt 0.197740 1.000000
vt 0.197740 0.000000
vt 0.200565 1.000000
vt 0.200565 0.000000
vt 0.203390 1.000000
vt 0.203390 0.000000
vt 0.206215 1.000000
vt 0.206215 0.000000
vt 0.209040 1.000000
vt 0.209040 0.000000
vt 0.211864 1.000000
vt 0.211864 0.000000
vt 0.214689 1.000000
vt 0.214689 0.000000
vt 0.217514 1.000000
vt 0.217514 0.000000
vt 0.220339 1.000000
vt 0.220339 0.000000
vt 0.223164 1.000000
vt 0.223164 0.000000
vt 0.225989 1.000000
vt 0.225989 0.000000
vt 0.228814 1.000000
vt 0.228814 0.000000
vt 0.231638 1.000000
vt 0.231638 0.000000
vt 0.234463 1.000000
vt 0.234463 0.000000
vt 0.237288 1.000000
vt 0.237288 0.000000
vt 0.240113 1.000000
vt 0.240113 0.000000
vt 0.242938 1.000000
vt 0.242938 0.000000
vt 0.245763 1.000000
vt 0.245763 0.000000
vt 0.248588 1.000000
vt 0.248588 0.000000
vt 0.251412 1.000000
vt 0.251412 0.000000
vt 0.254237 1.000000
vt 0.254237 0.000000
vt 0.257062 1.000000
vt 0.257062 0.000000
vt 0.259887 1.000000
vt 0.259887 0.000000
vt 0.262712 1.000000
vt 0.262712 0.000000
vt 0.265537 1.000000
vt 0.265537 0.000000
vt 0.268362 1.000000
vt 0.268362 0.000000
vt 0.271186 1.000000
vt 0.271186 0.000000
vt 0.274011 1.000000
vt 0.274011 0.000000
vt 0.276836 1.000000
vt 0.276836 0.000000
vt 0.279661 1.000000
vt 0.279661 0.000000
vt 0.282486 1.000000
vt 0.282486 0.000000
vt 0.285311 1.000000
vt 0.285311 0.000000
vt 0.288136 1.000000
vt 0.288136 0.000000
vt 0.290960 1.000000
vt 0.290960 0.000000
vt 0.293785 1.000000
vt 0.293785 0.000000
vt 0.296610 1.000000
vt 0.296610 0.000000
vt 0.299435 1.000000
vt 0.299435 0.000000
vt 0.302260 1.000000
vt 0.302260 0.000000
vt 0.305085 1.000000
vt 0.305085 0.000000
vt 0.307910 1.000000
vt 0.307910 0.000000
vt 0.310734 1.000000
vt 0.310734 0.000000
vt 0.313559 1.000000
vt 0.313559 0.000000
vt 0.316384 1.000000
vt 0.316384 0.000000
vt 0.319209 1.000000
vt 0.319209 0.000000
vt 0.322034 1.000000
vt 0.322034 0.000000
vt 0.324859 1.000000
vt 0.324859 0.000000
vt 0.327684 1.000000
vt 0.327684 0.000000
vt 0.330508 1.000000
vt 0.330508 0.000000
vt 0.336158 1.000000
vt 0.336158 0.000000
vt 0.338983 1.000000
vt 0.338983 0.000000
vt 0.341808 1.000000
vt 0.341808 0.000000
vt 0.344633 1.000000
vt 0.344633 0.000000
vt 0.347458 1.000000
vt 0.347458 0.000000
vt 0.350282 1.000000
vt 0.350282 0.000000
vt 0.353107 1.000000
vt 0.353107 0.000000
vt 0.355932 1.000000
vt 0.355932 0.000000
vt 0.358757 1.000000
vt 0.358757 0.000000
vt 0.361582 1.000000
vt 0.361582 0.000000
vt 0.364407 1.000000
vt 0.364407 0.000000
vt 0.367232 1.000000
vt 0.367232 0.000000
vt 0.370057 1.000000
vt 0.370057 0.000000
vt 0.372881 1.000000
vt 0.372881 0.000000
vt 0.375706 1.000000
vt 0.375706 0.000000
vt 0.378531 1.000000
vt 0.378531 0.000000
vt 0.381356 1.000000
vt 0.381356 0.000000
vt 0.384181 1.000000
vt 0.384181 0.000000
vt 0.387006 1.000000
vt 0.387006 0.000000
vt 0.389830 1.000000
vt 0.389830 0.000000
vt 0.392655 1.000000
vt 0.392655 0.000000
vt 0.395480 1.000000
vt 0.395480 0.000000
vt 0.398305 1.000000
vt 0.398305 0.000000
vt 0.401130 1.000000
vt 0.401130 0.000000
vt 0.403955 1.000000
vt 0.403955 0.000000
vt 0.406780 1.000000
vt 0.406780 0.000000
vt 0.409605 1.000000
vt 0.409605 0.000000
vt 0.412429 1.000000
vt 0.412429 0.000000
vt 0.415254 1.000000
vt 0.415254 0.000000
vt 0.418079 1.000000
vt 0.418079 0.000000
vt 0.420904 1.000000
vt 0.420904 0.000000
vt 0.423729 1.000000
vt 0.423729 0.000000
vt 0.426554 1.000000
vt 0.426554 0.000000
vt 0.429379 1.000000
vt 0.429379 0.000000
vt 0.432203 1.000000
vt 0.432203 0.000000
vt 0.435028 1.000000
vt 0.435028 0.000000
vt 0.437853 1.000000
vt 0.437853 0.000000
vt 0.440678 1.000000
vt 0.440678 0.000000
vt 0.443503 1.000000
vt 0.443503 0.000000
vt 0.446328 1.000000
vt 0.446328 0.000000
vt 0.449153 1.000000
vt 0.449153 0.000000
vt 0.451977 1.000000
vt 0.451977 0.000000
vt 0.454802 1.000000
vt 0.454802 0.000000
vt 0.457627 1.000000
vt 0.457627 0.000000
vt 0.460452 1.000000
vt 0.460452 0.000000
vt 0.463277 1.000000
vt 0.463277 0.000000
vt 0.466102 1.000000
vt 0.466102 0.000000
vt 0.468927 1.000000
vt 0.468927 0.000000
vt 0.471751 1.000000
vt 0.471751 0.000000
vt 0.474576 1.000000
vt 0.474576 0.000000
vt 0.477401 1.000000
vt 0.477401 0.000000
vt 0.480226 1.000000
vt 0.480226 0.000000
vt 0.483051 1.000000
vt 0.483051 0.000000
vt 0.485876 1.000000
vt 0.485876 0.000000
vt 0.488701 1.000000
vt 0.488701 0.000000
vt 0.491525 1.000000
vt 0.491525 0.000000
vt 0.494350 1.000000
vt 0.494350 0.000000
vt 0.497175 1.000000
vt 0.497175 0.000000
vt 0.502825 1.000000
vt 0.502825 0.000000
vt 0.505650 1.000000
vt 0.505650 0.000000
vt 0.508475 1.000000
vt 0.508475 0.000000
vt 0.511299 1.000000
vt 0.511299 0.000000
vt 0.514124 1.000000
vt 0.514124 0.000000
vt 0.516949 1.000000
vt 0.516949 0.000000
vt 0.519774 1.000000
vt 0.519774 0.000000
vt 0.522599 1.000000
vt 0.522599 0.000000
vt 0.525424 1.000000
vt 0.525424 0.000000
vt 0.528249 1.000000
vt 0.528249 0.000000
vt 0.531073 1.000000
vt 0.531073 0.000000
vt 0.533898 1.000000
vt 0.533898 0.000000
vt 0.536723 1.000000
vt 0.536723 0.000000
vt 0.539548 1.000000
vt 0.539548 0.000000
vt 0.542373 1.000000
vt 0.542373 0.000000
vt 0.545198 1.000000
vt 0.545198 0.000000
vt 0.548023 1.000000
vt 0.548023 0.000000
vt 0.550847 1.000000
vt 0.550847 0.000000
vt 0.553672 1.000000
vt 0.553672 0.000000
vt 0.556497 1.000000
vt 0.556497 0.000000
vt 0.559322 1.000000
vt 0.559322 0.000000
vt 0.562147 1.000000
vt 0.562147 0.000000
vt 0.564972 1.000000
vt 0.564972 0.000000
vt 0.567797 1.000000
vt 0.567797 0.000000
vt 0.570621 1.000000
vt 0.570621 0.000000
vt 0.573446 1.000000
vt 0.573446 0.000000
vt 0.576271 1.000000
vt 0.576271 0.000000
vt 0.579096 1.000000
vt 0.579096 0.000000
vt 0.581921 1.000000
vt 0.581921 0.000000
vt 0.584746 1.000000
vt 0.584746 0.000000
vt 0.587571 1.000000
vt 0.587571 0.000000
vt 0.590395 1.000000
vt 0.590395 0.000000
vt 0.593220 1.000000
vt 0.593220 0.000000
vt 0.596045 1.000000
vt 0.596045 0.000000
vt 0.598870 1.000000
vt 0.598870 0.000000
vt 0.601695 1.000000
vt 0.601695 0.000000
vt 0.604520 1.000000
vt 0.604520 0.000000
vt 0.607345 1.000000
vt 0.607345 0.000000
vt 0.610169 1.000000
vt 0.610169 0.000000
vt 0.612994 1.000000
vt 0.612994 0.000000
vt 0.615819 1.000000
vt 0.615819 0.000000
vt 0.618644 1.000000
vt 0.618644 0.000000
vt 0.621469 1.000000
vt 0.621469 0.000000
vt 0.624294 1.000000
vt 0.624294 0.000000
vt 0.627119 1.000000
vt 0.627119 0.000000
vt 0.629943 1.000000
vt 0.629943 0.000000
vt 0.632768 1.000000
vt 0.632768 0.000000
vt 0.635593 1.000000
vt 0.635593 0.000000
vt 0.638418 1.000000
vt 0.638418 0.000000
vt 0.641243 1.000000
vt 0.641243 0.000000
vt 0.644068 1.000000
vt 0.644068 0.000000
vt 0.646893 1.000000
vt 0.646893 0.000000
vt 0.649718 1.000000
vt 0.649718 0.000000
vt 0.652542 1.000000
vt 0.652542 0.000000
vt 0.655367 1.000000
vt 0.655367 0.000000
vt 0.658192 1.000000
vt 0.658192 0.000000
vt 0.661017 1.000000
vt 0.661017 0.000000
vt 0.663842 1.000000
vt 0.663842 0.000000
vt 0.669492 1.000000
vt 0.669492 0.000000
vt 0.672316 1.000000
vt 0.672316 0.000000
vt 0.675141 1.000000
vt 0.675141 0.000000
vt 0.677966 1.000000
vt 0.677966 0.000000
vt 0.680791 1.000000
vt 0.680791 0.000000
vt 0.683616 1.000000
vt 0.683616 0.000000
vt 0.686441 1.000000
vt 0.686441 0.000000
vt 0.689266 1.000000
vt 0.689266 0.000000
vt 0.692090 1.000000
vt 0.692090 0.000000
vt 0.694915 1.000000
vt 0.694915 0.000000
vt 0.697740 1.000000
vt 0.697740 0.000000
vt 0.700565 1.000000
vt 0.700565 0.000000
vt 0.703390 1.000000
vt 0.703390 0.000000
vt 0.706215 1.000000
vt 0.706215 0.000000
vt 0.709040 1.000000
vt 0.709040 0.000000
vt 0.711864 1.000000
vt 0.711864 0.000000
vt 0.714689 1.000000
vt 0.714689 0.000000
vt 0.717514 1.000000
vt 0.717514 0.000000
vt 0.720339 1.000000
vt 0.720339 0.000000
vt 0.723164 1.000000
vt 0.723164 0.000000
vt 0.725989 1.000000
vt 0.725989 0.000000
vt 0.728814 1.000000
vt 0.728814 0.000000
vt 0.731638 1.000000
vt 0.731638 0.000000
vt 0.734463 1.000000
vt 0.734463 0.000000
vt 0.737288 1.000000
vt 0.737288 0.000000
vt 0.740113 1.000000
vt 0.740113 0.000000
vt 0.742938 1.000000
vt 0.742938 0.000000
vt 0.745763 1.000000
vt 0.745763 0.000000
vt 0.748588 1.000000
vt 0.748588 0.000000
vt 0.751412 1.000000
vt 0.751412 0.000000
vt 0.754237 1.000000
vt 0.754237 0.000000
vt 0.757062 1.000000
vt 0.757062 0.000000
vt 0.759887 1.000000
vt 0.759887 0.000000
vt 0.762712 1.000000
vt 0.762712 0.000000
vt 0.765537 1.000000
vt 0.765537 0.000000
vt 0.768362 1.000000
vt 0.768362 0.000000
vt 0.771186 1.000000
vt 0.771186 0.000000
vt 0.774011 1.000000
vt 0.774011 0.000000
vt 0.776836 1.000000
vt 0.776836 0.000000
vt 0.779661 1.000000
vt 0.779661 0.000000
vt 0.782486 1.000000
vt 0.782486 0.000000
vt 0.785311 1.000000
vt 0.785311 0.000000
vt 0.788136 1.000000
vt 0.788136 0.000000
vt 0.790960 1.000000
vt 0.790960 0.000000
vt 0.793785 1.000000
vt 0.793785 0.000000
vt 0.796610 1.000000
vt 0.796610 0.000000
vt 0.799435 1.000000
vt 0.799435 0.000000
vt 0.802260 1.000000
vt 0.802260 0.000000
vt 0.805085 1.000000
vt 0.805085 0.000000
vt 0.807910 1.000000
vt 0.807910 0.000000
vt 0.810734 1.000000
vt 0.810734 0.000000
vt 0.813559 1.000000
vt 0.813559 0.000000
vt 0.816384 1.000000
vt 0.816384 0.000000
vt 0.819209 1.000000
vt 0.819209 0.000000
vt 0.822034 1.000000
vt 0.822034 0.000000
vt 0.824859 1.000000
vt 0.824859 0.000000
vt 0.827684 1.000000
vt 0.827684 0.000000
vt 0.830508 1.000000
vt 0.830508 0.000000
vt 0.836158 1.000000
vt 0.836158 0.000000
vt 0.838983 1.000000
vt 0.838983 0.000000
vt 0.841808 1.000000
vt 0.841808 0.000000
vt 0.844633 1.000000
vt 0.844633 0.000000
vt 0.847458 1.000000
vt 0.847458 0.000000
vt 0.850282 1.000000
vt 0.850282 0.000000
vt 0.853107 1.000000
vt 0.853107 0.000000
vt 0.855932 1.000000
vt 0.855932 0.000000
vt 0.858757 1.000000
vt 0.858757 0.000000
vt 0.861582 1.000000
vt 0.861582 0.000000
vt 0.864407 1.000000
vt 0.864407 0.000000
vt 0.867232 1.000000
vt 0.867232 0.000000
vt 0.870057 1.000000
vt 0.870057 0.000000
vt 0.872881 1.000000
vt 0.872881 0.000000
vt 0.875706 1.000000
vt 0.875706 0.000000
vt 0.878531 1.000000
vt 0.878531 0.000000
vt 0.881356 1.000000
vt 0.881356 0.000000
vt 0.884181 1.000000
vt 0.884181 0.000000
vt 0.887006 1.000000
vt 0.887006 0.000000
vt 0.889831 1.000000
vt 0.889831 0.000000
vt 0.892655 1.000000
vt 0.892655 0.000000
vt 0.895480 1.000000
vt 0.895480 0.000000
vt 0.898305 1.000000
vt 0.898305 0.000000
vt 0.901130 1.000000
vt 0.901130 0.000000
vt 0.903955 1.000000
vt 0.903955 0.000000
vt 0.906780 1.000000
vt 0.906780 0.000000
vt 0.909605 1.000000
vt 0.909605 0.000000
vt 0.912429 1.000000
vt 0.912429 0.000000
vt 0.915254 1.000000
vt 0.915254 0.000000
vt 0.918079 1.000000
vt 0.918079 0.000000
vt 0.920904 1.000000
vt 0.920904 0.000000
vt 0.923729 1.000000
vt 0.923729 0.000000
vt 0.926554 1.000000
vt 0.926554 0.000000
vt 0.929379 1.000000
vt 0.929379 0.000000
vt 0.932203 1.000000
vt 0.932203 0.000000
vt 0.935028 1.000000
vt 0.935028 0.000000
vt 0.937853 1.000000
vt 0.937853 0.000000
vt 0.940678 1.000000
vt 0.940678 0.000000
vt 0.943503 1.000000
vt 0.943503 0.000000
vt 0.946328 1.000000
vt 0.946328 0.000000
vt 0.949153 1.000000
vt 0.949153 0.000000
vt 0.951977 1.000000
vt 0.951977 0.000000
vt 0.954802 1.000000
vt 0.954802 0.000000
vt 0.957627 1.000000
vt 0.957627 0.000000
vt 0.960452 1.000000
vt 0.960452 0.000000
vt 0.963277 1.000000
vt 0.963277 0.000000
vt 0.966102 1.000000
vt 0.966102 0.000000
vt 0.968927 1.000000
vt 0.968927 0.000000
vt 0.971751 1.000000
vt 0.971751 0.000000
vt 0.974576 1.000000
vt 0.974576 0.000000
vt 0.977401 1.000000
vt 0.977401 0.000000
vt 0.980226 1.000000
vt 0.980226 0.000000
vt 0.983051 1.000000
vt 0.983051 0.000000
vt 0.985876 1.000000
vt 0.985876 0.000000
vt 0.988701 1.000000
vt 0.988701 0.000000
vt 0.991525 1.000000
vt 0.991525 0.000000
vt 0.994350 1.000000
vt 0.994350 0.000000
vt 0.997175 1.000000
vt 0.997175 0.000000
vt 0.005525 1.000000
vt 0.005525 0.000000
vt 0.011050 1.000000
vt 0.011050 0.000000
vt 0.016575 1.000000
vt 0.016575 0.000000
vt 0.022099 1.000000
vt 0.022099 0.000000
vt 0.027624 1.000000
vt 0.027624 0.000000
vt 0.033149 1.000000
vt 0.033149 0.000000
vt 0.038674 1.000000
vt 0.038674 0.000000
vt 0.044199 1.000000
vt 0.044199 0.000000
vt 0.049724 1.000000
vt 0.049724 0.000000
vt 0.055249 1.000000
vt 0.055249 0.000000
vt 0.060773 1.000000
vt 0.060773 0.000000
vt 0.066298 1.000000
vt 0.066298 0.000000
vt 0.071823 1.000000
vt 0.071823 0.000000
vt 0.077348 1.000000
vt 0.077348 0.000000
vt 0.082873 1.000000
vt 0.082873 0.000000
vt 0.088398 1.000000
vt 0.088398 0.000000
vt 0.093923 1.000000
vt 0.093923 0.000000
vt 0.099448 1.000000
vt 0.099448 0.000000
vt 0.104972 1.000000
vt 0.104972 0.000000
vt 0.110497 1.000000
vt 0.110497 0.000000
vt 0.116022 1.000000
vt 0.116022 0.000000
vt 0.121547 1.000000
vt 0.121547 0.000000
vt 0.127072 1.000000
vt 0.127072 0.000000
vt 0.132597 1.000000
vt 0.132597 0.000000
vt 0.138122 1.000000
vt 0.138122 0.000000
vt 0.143646 1.000000
vt 0.143646 0.000000
vt 0.149171 1.000000
vt 0.149171 0.000000
vt 0.154696 1.000000
vt 0.154696 0.000000
vt 0.160221 1.000000
vt 0.160221 0.000000
vt 0.165746 1.000000
vt 0.165746 0.000000
vt 0.171271 1.000000
vt 0.171271 0.000000
vt 0.176796 1.000000
vt 0.176796 0.000000
vt 0.182320 1.000000
vt 0.182320 0.000000
vt 0.187845 1.000000
vt 0.187845 0.000000
vt 0.193370 1.000000
vt 0.193370 0.000000
vt 0.198895 1.000000
vt 0.198895 0.000000
vt 0.204420 1.000000
vt 0.204420 0.000000
vt 0.209945 1.000000
vt 0.209945 0.000000
vt 0.215470 1.000000
vt 0.215470 0.000000
vt 0.220994 1.000000
vt 0.220994 0.000000
vt 0.226519 1.000000
vt 0.226519 0.000000
vt 0.232044 1.000000
vt 0.232044 0.000000
vt 0.237569 1.000000
vt 0.237569 0.000000
vt 0.243094 1.000000
vt 0.243094 0.000000
vt 0.248619 1.000000
vt 0.248619 0.000000
vt 0.254144 1.000000
vt 0.254144 0.000000
vt 0.259668 1.000000
vt 0.259668 0.000000
vt 0.265193 1.000000
vt 0.265193 0.000000
vt 0.270718 1.000000
vt 0.270718 0.000000
vt 0.276243 1.000000
vt 0.276243 0.000000
vt 0.281768 1.000000
vt 0.281768 0.000000
vt 0.287293 1.000000
vt 0.287293 0.000000
vt 0.292818 1.000000
vt 0.292818 0.000000
vt 0.298343 1.000000
vt 0.298343 0.000000
vt 0.303867 1.000000
vt 0.303867 0.000000
vt 0.309392 1.000000
vt 0.309392 0.000000
vt 0.314917 1.000000
vt 0.314917 0.000000
vt 0.320442 1.000000
vt 0.320442 0.000000
vt 0.325967 1.000000
vt 0.325967 0.000000
vt 0.331492 1.000000
vt 0.331492 0.000000
vt 0.337017 1.000000
vt 0.337017 0.000000
vt 0.342541 1.000000
vt 0.342541 0.000000
vt 0.348066 1.000000
vt 0.348066 0.000000
vt 0.353591 1.000000
vt 0.353591 0.000000
vt 0.359116 1.000000
vt 0.359116 0.000000
vt 0.364641 1.000000
vt 0.364641 0.000000
vt 0.370166 1.000000
vt 0.370166 0.000000
vt 0.375691 1.000000
vt 0.375691 0.000000
vt 0.381215 1.000000
vt 0.381215 0.000000
vt 0.386740 1.000000
vt 0.386740 0.000000
vt 0.392265 1.000000
vt 0.392265 0.000000
vt 0.397790 1.000000
vt 0.397790 0.000000
vt 0.403315 1.000000
vt 0.403315 0.000000
vt 0.408840 1.000000
vt 0.408840 0.000000
vt 0.414365 1.000000
vt 0.414365 0.000000
vt 0.419890 1.000000
vt 0.419890 0.000000
vt 0.425414 1.000000
vt 0.425414 0.000000
vt 0.430939 1.000000
vt 0.430939 0.000000
vt 0.436464 1.000000
vt 0.436464 0.000000
vt 0.441989 1.000000
vt 0.441989 0.000000
vt 0.447514 1.000000
vt 0.447514 0.000000
vt 0.453039 1.000000
vt 0.453039 0.000000
vt 0.458564 1.000000
vt 0.458564 0.000000
vt 0.464088 1.000000
vt 0.464088 0.000000
vt 0.469613 1.000000
vt 0.469613 0.000000
vt 0.475138 1.000000
vt 0.475138 0.000000
vt 0.480663 1.000000
vt 0.480663 0.000000
vt 0.486188 1.000000
vt 0.486188 0.000000
vt 0.491713 1.000000
vt 0.491713 0.000000
vt 0.497238 1.000000
vt 0.497238 0.000000
vt 0.502762 1.000000
vt 0.502762 0.000000
vt 0.508287 1.000000
vt 0.508287 0.000000
vt 0.513812 1.000000
vt 0.513812 0.000000
vt 0.519337 1.000000
vt 0.519337 0.000000
vt 0.524862 1.000000
vt 0.524862 0.000000
vt 0.530387 1.000000
vt 0.530387 0.000000
vt 0.535912 1.000000
vt 0.535912 0.000000
vt 0.541436 1.000000
vt 0.541436 0.000000
vt 0.546961 1.000000
vt 0.546961 0.000000
vt 0.552486 1.000000
vt 0.552486 0.000000
vt 0.558011 1.000000
vt 0.558011 0.000000
vt 0.563536 1.000000
vt 0.563536 0.000000
vt 0.569061 1.000000
vt 0.569061 0.000000
vt 0.574586 1.000000
vt 0.574586 0.000000
vt 0.580110 1.000000
vt 0.580110 0.000000
vt 0.585635 1.000000
vt 0.585635 0.000000
vt 0.591160 1.000000
vt 0.591160 0.000000
vt 0.596685 1.000000
vt 0.596685 0.000000
vt 0.602210 1.000000
vt 0.602210 0.000000
vt 0.607735 1.000000
vt 0.607735 0.000000
vt 0.613260 1.000000
vt 0.613260 0.000000
vt 0.618785 1.000000
vt 0.618785 0.000000
vt 0.624309 1.000000
vt 0.624309 0.000000
vt 0.629834 1.000000
vt 0.629834 0.000000
vt 0.635359 1.000000
vt 0.635359 0.000000
vt 0.640884 1.000000
vt 0.640884 0.000000
vt 0.646409 1.000000
vt 0.646409 0.000000
vt 0.651934 1.000000
vt 0.651934 0.000000
vt 0.657459 1.000000
vt 0.657459 0.000000
vt 0.662983 1.000000
vt 0.662983 0.000000
vt 0.668508 1.000000
vt 0.668508 0.000000
vt 0.674033 1.000000
vt 0.674033 0.000000
vt 0.679558 1.000000
vt 0.679558 0.000000
vt 0.685083 1.000000
vt 0.685083 0.000000
vt 0.690608 1.000000
vt 0.690608 0.000000
vt 0.696133 1.000000
vt 0.696133 0.000000
vt 0.701657 1.000000
vt 0.701657 0.000000
vt 0.707182 1.000000
vt 0.707182 0.000000
vt 0.712707 1.000000
vt 0.712707 0.000000
vt 0.718232 1.000000
vt 0.718232 0.000000
vt 0.723757 1.000000
vt 0.723757 0.000000
vt 0.729282 1.000000
vt 0.729282 0.000000
vt 0.734807 1.000000
vt 0.734807 0.000000
vt 0.740331 1.000000
vt 0.740331 0.000000
vt 0.745856 1.000000
vt 0.745856 0.000000
vt 0.751381 1.000000
vt 0.751381 0.000000
vt 0.756906 1.000000
vt 0.756906 0.000000
vt 0.762431 1.000000
vt 0.762431 0.000000
vt 0.767956 1.000000
vt 0.767956 0.000000
vt 0.773481 1.000000
vt 0.773481 0.000000
vt 0.779006 1.000000
vt 0.779006 0.000000
vt 0.784530 1.000000
vt 0.784530 0.000000
vt 0.790055 1.000000
vt 0.790055 0.000000
vt 0.795580 1.000000
vt 0.795580 0.000000
vt 0.801105 1.000000
vt 0.801105 0.000000
vt 0.806630 1.000000
vt 0.806630 0.000000
vt 0.812155 1.000000
vt 0.812155 0.000000
vt 0.817680 1.000000
vt 0.817680 0.000000
vt 0.823204 1.000000
vt 0.823204 0.000000
vt 0.828729 1.000000
vt 0.828729 0.000000
vt 0.834254 1.000000
vt 0.834254 0.000000
vt 0.839779 1.000000
vt 0.839779 0.000000
vt 0.845304 1.000000
vt 0.845304 0.000000
vt 0.850829 1.000000
vt 0.850829 0.000000
vt 0.856354 1.000000
vt 0.856354 0.000000
vt 0.861878 1.000000
vt 0.861878 0.000000
vt 0.867403 1.000000
vt 0.867403 0.000000
vt 0.872928 1.000000
vt 0.872928 0.000000
vt 0.878453 1.000000
vt 0.878453 0.000000
vt 0.883978 1.000000
vt 0.883978 0.000000
vt 0.889503 1.000000
vt 0.889503 0.000000
vt 0.895028 1.000000
vt 0.895028 0.000000
vt 0.900553 1.000000
vt 0.900553 0.000000
vt 0.906077 1.000000
vt 0.906077 0.000000
vt 0.911602 1.000000
vt 0.911602 0.000000
vt 0.917127 1.000000
vt 0.917127 0.000000
vt 0.922652 1.000000
vt 0.922652 0.000000
vt 0.928177 1.000000
vt 0.928177 0.000000
vt 0.933702 1.000000
vt 0.933702 0.000000
vt 0.939227 1.000000
vt 0.939227 0.000000
vt 0.944751 1.000000
vt 0.944751 0.000000
vt 0.950276 1.000000
vt 0.950276 0.000000
vt 0.955801 1.000000
vt 0.955801 0.000000
vt 0.961326 1.000000
vt 0.961326 0.000000
vt 0.966851 1.000000
vt 0.966851 0.000000
vt 0.972376 1.000000
vt 0.972376 0.000000
vt 0.977901 1.000000
vt 0.977901 0.000000
vt 0.983425 1.000000
vt 0.983425 0.000000
vt 0.988950 1.000000
vt 0.988950 0.000000
vt 0.994475 1.000000
vt 0.994475 0.000000
vt 0.002488 1.000000
vt 0.002488 0.000000
vt 0.004975 1.000000
vt 0.004975 0.000000
vt 0.007463 1.000000
vt 0.007463 0.000000
vt 0.009950 1.000000
vt 0.009950 0.000000
vt 0.012438 1.000000
vt 0.012438 0.000000
vt 0.014925 1.000000
vt 0.014925 0.000000
vt 0.017413 1.000000
vt 0.017413 0.000000
vt 0.019900 1.000000
vt 0.019900 0.000000
vt 0.022388 1.000000
vt 0.022388 0.000000
vt 0.024876 1.000000
vt 0.024876 0.000000
vt 0.027363 1.000000
vt 0.027363 0.000000
vt 0.029851 1.000000
vt 0.029851 0.000000
vt 0.032338 1.000000
vt 0.032338 0.000000
vt 0.034826 1.000000
vt 0.034826 0.000000
vt 0.037313 1.000000
vt 0.037313 0.000000
vt 0.039801 1.000000
vt 0.039801 0.000000
vt 0.042289 1.000000
vt 0.042289 0.000000
vt 0.044776 1.000000
vt 0.044776 0.000000
vt 0.047264 1.000000
vt 0.047264 0.000000
vt 0.049751 1.000000
vt 0.049751 0.000000
vt 0.052239 1.000000
vt 0.052239 0.000000
vt 0.054726 1.000000
vt 0.054726 0.000000
vt 0.057214 1.000000
vt 0.057214 0.000000
vt 0.059701 1.000000
vt 0.059701 0.000000
vt 0.062189 1.000000
vt 0.062189 0.000000
vt 0.064677 1.000000
vt 0.064677 0.000000
vt 0.067164 1.000000
vt 0.067164 0.000000
vt 0.069652 1.000000
vt 0.069652 0.000000
vt 0.072139 1.000000
vt 0.072139 0.000000
vt 0.074627 1.000000
vt 0.074627 0.000000
vt 0.077114 1.000000
vt 0.077114 0.000000
vt 0.079602 1.000000
vt 0.079602 0.000000
vt 0.082090 1.000000
vt 0.082090 0.000000
vt 0.084577 1.000000
vt 0.084577 0.000000
vt 0.087065 1.000000
vt 0.087065 0.000000
vt 0.089552 1.000000
vt 0.089552 0.000000
vt 0.092040 1.000000
vt 0.092040 0.000000
vt 0.094527 1.000000
vt 0.094527 0.000000
vt 0.097015 1.000000
vt 0.097015 0.000000
vt 0.099502 1.000000
vt 0.099502 0.000000
vt 0.101990 1.000000
vt 0.101990 0.000000
vt 0.104478 1.000000
vt 0.104478 0.000000
vt 0.106965 1.000000
vt 0.106965 0.000000
vt 0.109453 1.000000
vt 0.109453 0.000000
vt 0.111940 1.000000
vt 0.111940 0.000000
vt 0.114428 1.000000
vt 0.114428 0.000000
vt 0.116915 1.000000
vt 0.116915 0.000000
vt 0.119403 1.000000
vt 0.119403 0.000000
vt 0.121891 1.000000
vt 0.121891 0.000000
vt 0.124378 1.000000
vt 0.124378 0.000000
vt 0.126866 1.000000
vt 0.126866 0.000000
vt 0.129353 1.000000
vt 0.129353 0.000000
vt 0.131841 1.000000
vt 0.131841 0.000000
vt 0.134328 1.000000
vt 0.134328 0.000000
vt 0.136816 1.000000
vt 0.136816 0.000000
vt 0.139303 1.000000
vt 0.139303 0.000000
vt 0.141791 1.000000
vt 0.141791 0.000000
vt 0.144279 1.000000
vt 0.144279 0.000000
vt 0.146766 1.000000
vt 0.146766 0.000000
vt 0.149254 1.000000
vt 0.149254 0.000000
vt 0.151741 1.000000
vt 0.151741 0.000000
vt 0.154229 1.000000
vt 0.154229 0.000000
vt 0.156716 1.000000
vt 0.156716 0.000000
vt 0.159204 1.000000
vt 0.159204 0.000000
vt 0.161692 1.000000
vt 0.161692 0.000000
vt 0.164179 1.000000
vt 0.164179 0.000000
vt 0.169154 1.000000
vt 0.169154 0.000000
vt 0.171642 1.000000
vt 0.171642 0.000000
vt 0.174129 1.000000
vt 0.174129 0.000000
vt 0.176617 1.000000
vt 0.176617 0.000000
vt 0.179104 1.000000
vt 0.179104 0.000000
vt 0.181592 1.000000
vt 0.181592 0.000000
vt 0.184080 1.000000
vt 0.184080 0.000000
vt 0.186567 1.000000
vt 0.186567 0.000000
vt 0.189055 1.000000
vt 0.189055 0.000000
vt 0.191542 1.000000
vt 0.191542 0.000000
vt 0.194030 1.000000
vt 0.194030 0.000000
vt 0.196517 1.000000
vt 0.196517 0.000000
vt 0.199005 1.000000
vt 0.199005 0.000000
vt 0.201493 1.000000
vt 0.201493 0.000000
vt 0.203980 1.000000
vt 0.203980 0.000000
vt 0.206468 1.000000
vt 0.206468 0.000000
vt 0.208955 1.000000
vt 0.208955 0.000000
vt 0.211443 1.000000
vt 0.211443 0.000000
vt 0.213930 1.000000
vt 0.213930 0.000000
vt 0.216418 1.000000
vt 0.216418 0.000000
vt 0.218905 1.000000
vt 0.218905 0.000000
vt 0.221393 1.000000
vt 0.221393 0.000000
vt 0.223881 1.000000
vt 0.223881 0.000000
vt 0.226368 1.000000
vt 0.226368 0.000000
vt 0.228856 1.000000
vt 0.228856 0.000000
vt 0.231343 1.000000
vt 0.231343 0.000000
vt 0.233831 1.000000
vt 0.233831 0.000000
vt 0.236318 1.000000
vt 0.236318 0.000000
vt 0.238806 1.000000
vt 0.238806 0.000000
vt 0.241294 1.000000
vt 0.241294 0.000000
vt 0.243781 1.000000
vt 0.243781 0.000000
vt 0.246269 1.000000
vt 0.246269 0.000000
vt 0.248756 1.000000
vt 0.248756 0.000000
vt 0.251244 1.000000
vt 0.251244 0.000000
vt 0.253731 1.000000
vt 0.253731 0.000000
vt 0.256219 1.000000
vt 0.256219 0.000000
vt 0.258706 1.000000
vt 0.258706 0.000000
vt 0.261194 1.000000
vt 0.261194 0.000000
vt 0.263682 1.000000
vt 0.263682 0.000000
vt 0.266169 1.000000
vt 0.266169 0.000000
vt 0.268657 1.000000
vt 0.268657 0.000000
vt 0.271144 1.000000
vt 0.271144 0.000000
vt 0.273632 1.000000
vt 0.273632 0.000000
vt 0.276119 1.000000
vt 0.276119 0.000000
vt 0.278607 1.000000
vt 0.278607 0.000000
vt 0.281095 1.000000
vt 0.281095 0.000000
vt 0.283582 1.000000
vt 0.283582 0.000000
vt 0.286070 1.000000
vt 0.286070 0.000000
vt 0.288557 1.000000
vt 0.288557 0.000000
vt 0.291045 1.000000
vt 0.291045 0.000000
vt 0.293532 1.000000
vt 0.293532 0.000000
vt 0.296020 1.000000
vt 0.296020 0.000000
vt 0.298507 1.000000
vt 0.298507 0.000000
vt 0.300995 1.000000
vt 0.300995 0.000000
vt 0.303483 1.000000
vt 0.303483 0.000000
vt 0.305970 1.000000
vt 0.305970 0.000000
vt 0.308458 1.000000
vt 0.308458 0.000000
vt 0.310945 1.000000
vt 0.310945 0.000000
vt 0.313433 1.000000
vt 0.313433 0.000000
vt 0.315920 1.000000
vt 0.315920 0.000000
vt 0.318408 1.000000
vt 0.318408 0.000000
vt 0.320896 1.000000
vt 0.320896 0.000000
vt 0.323383 1.000000
vt 0.323383 0.000000
vt 0.325871 1.000000
vt 0.325871 0.000000
vt 0.328358 1.000000
vt 0.328358 0.000000
vt 0.330846 1.000000
vt 0.330846 0.000000
vt 0.335821 1.000000
vt 0.335821 0.000000
vt 0.338308 1.000000
vt 0.338308 0.000000
vt 0.340796 1.000000
vt 0.340796 0.000000
vt 0.343284 1.000000
vt 0.343284 0.000000
vt 0.345771 1.000000
vt 0.345771 0.000000
vt 0.348259 1.000000
vt 0.348259 0.000000
vt 0.350746 1.000000
vt 0.350746 0.000000
vt 0.353234 1.000000
vt 0.353234 0.000000
vt 0.355721 1.000000
vt 0.355721 0.000000
vt 0.358209 1.000000
vt 0.358209 0.000000
vt 0.360697 1.000000
vt 0.360697 0.000000
vt 0.363184 1.000000
vt 0.363184 0.000000
vt 0.365672 1.000000
vt 0.365672 0.000000
vt 0.368159 1.000000
vt 0.368159 0.000000
vt 0.370647 1.000000
vt 0.370647 0.000000
vt 0.373134 1.000000
vt 0.373134 0.000000
vt 0.375622 1.000000
vt 0.375622 0.000000
vt 0.378109 1.000000
vt 0.378109 0.000000
vt 0.380597 1.000000
vt 0.380597 0.000000
vt 0.383085 1.000000
vt 0.383085 0.000000
vt 0.385572 1.000000
vt 0.385572 0.000000
vt 0.388060 1.000000
vt 0.388060 0.000000
vt 0.390547 1.000000
vt 0.390547 0.000000
vt 0.393035 1.000000
vt 0.393035 0.000000
vt 0.395522 1.000000
vt 0.395522 0.000000
vt 0.398010 1.000000
vt 0.398010 0.000000
vt 0.400498 1.000000
vt 0.400498 0.000000
vt 0.402985 1.000000
vt 0.402985 0.000000
vt 0.405473 1.000000
vt 0.405473 0.000000
vt 0.407960 1.000000
vt 0.407960 0.000000
vt 0.410448 1.000000
vt 0.410448 0.000000
vt 0.412935 1.000000
vt 0.412935 0.000000
vt 0.415423 1.000000
vt 0.415423 0.000000
vt 0.417910 1.000000
vt 0.417910 0.000000
vt 0.420398 1.000000
vt 0.420398 0.000000
vt 0.422886 1.000000
vt 0.422886 0.000000
vt 0.425373 1.000000
vt 0.425373 0.000000
vt 0.427861 1.000000
vt 0.427861 0.000000
vt 0.430348 1.000000
vt 0.430348 0.000000
vt 0.432836 1.000000
vt 0.432836 0.000000
vt 0.435323 1.000000
vt 0.435323 0.000000
vt 0.437811 1.000000
vt 0.437811 0.000000
vt 0.440298 1.000000
vt 0.440298 0.000000
vt 0.442786 1.000000
vt 0.442786 0.000000
vt 0.445274 1.000000
vt 0.445274 0.000000
vt 0.447761 1.000000
vt 0.447761 0.000000
vt 0.450249 1.000000
vt 0.450249 0.000000
vt 0.452736 1.000000
vt 0.452736 0.000000
vt 0.455224 1.000000
vt 0.455224 0.000000
vt 0.457711 1.000000
vt 0.457711 0.000000
vt 0.460199 1.000000
vt 0.460199 0.000000
vt 0.462687 1.000000
vt 0.462687 0.000000
vt 0.465174 1.000000
vt 0.465174 0.000000
vt 0.467662 1.000000
vt 0.467662 0.000000
vt 0.470149 1.000000
vt 0.470149 0.000000
vt 0.472637 1.000000
vt 0.472637 0.000000
vt 0.475124 1.000000
vt 0.475124 0.000000
vt 0.477612 1.000000
vt 0.477612 0.000000
vt 0.480099 1.000000
vt 0.480099 0.000000
vt 0.482587 1.000000
vt 0.482587 0.000000
vt 0.485075 1.000000
vt 0.485075 0.000000
vt 0.487562 1.000000
vt 0.487562 0.000000
vt 0.490050 1.000000
vt 0.490050 0.000000
vt 0.492537 1.000000
vt 0.492537 0.000000
vt 0.495025 1.000000
vt 0.495025 0.000000
vt 0.497512 1.000000
vt 0.497512 0.000000
vt 0.502488 1.000000
vt 0.502488 0.000000
vt 0.504975 1.000000
vt 0.504975 0.000000
vt 0.507463 1.000000
vt 0.507463 0.000000
vt 0.509950 1.000000
vt 0.509950 0.000000
vt 0.512438 1.000000
vt 0.512438 0.000000
vt 0.514925 1.000000
vt 0.514925 0.000000
vt 0.517413 1.000000
vt 0.517413 0.000000
vt 0.519901 1.000000
vt 0.519901 0.000000
vt 0.522388 1.000000
vt 0.522388 0.000000
vt 0.524876 1.000000
vt 0.524876 0.000000
vt 0.527363 1.000000
vt 0.527363 0.000000
vt 0.529851 1.000000
vt 0.529851 0.000000
vt 0.532338 1.000000
vt 0.532338 0.000000
vt 0.534826 1.000000
vt 0.534826 0.000000
vt 0.537313 1.000000
vt 0.537313 0.000000
vt 0.539801 1.000000
vt 0.539801 0.000000
vt 0.542289 1.000000
vt 0.542289 0.000000
vt 0.544776 1.000000
vt 0.544776 0.000000
vt 0.547264 1.000000
vt 0.547264 0.000000
vt 0.549751 1.000000
vt 0.549751 0.000000
vt 0.552239 1.000000
vt 0.552239 0.000000
vt 0.554726 1.000000
vt 0.554726 0.000000
vt 0.557214 1.000000
vt 0.557214 0.000000
vt 0.559702 1.000000
vt 0.559702 0.000000
vt 0.562189 1.000000
vt 0.562189 0.000000
vt 0.564677 1.000000
vt 0.564677 0.000000
vt 0.567164 1.000000
vt 0.567164 0.000000
vt 0.569652 1.000000
vt 0.569652 0.000000
vt 0.572139 1.000000
vt 0.572139 0.000000
vt 0.574627 1.000000
vt 0.574627 0.000000
vt 0.577114 1.000000
vt 0.577114 0.000000
vt 0.579602 1.000000
vt 0.579602 0.000000
vt 0.582090 1.000000
vt 0.582090 0.000000
vt 0.584577 1.000000
vt 0.584577 0.000000
vt 0.587065 1.000000
vt 0.587065 0.000000
vt 0.589552 1.000000
vt 0.589552 0.000000
vt 0.592040 1.000000
vt 0.592040 0.000000
vt 0.594527 1.000000
vt 0.594527 0.000000
vt 0.597015 1.000000
vt 0.597015 0.000000
vt 0.599503 1.000000
vt 0.599503 0.000000
vt 0.601990 1.000000
vt 0.601990 0.000000
vt 0.604478 1.000000
vt 0.604478 0.000000
vt 0.606965 1.000000
vt 0.606965 0.000000
vt 0.609453 1.000000
vt 0.609453 0.000000
vt 0.611940 1.000000
vt 0.611940 0.000000
vt 0.614428 1.000000
vt 0.614428 0.000000
vt 0.616915 1.000000
vt 0.616915 0.000000
vt 0.619403 1.000000
vt 0.619403 0.000000
vt 0.621891 1.000000
vt 0.621891 0.000000
vt 0.624378 1.000000
vt 0.624378 0.000000
vt 0.626866 1.000000
vt 0.626866 0.000000
vt 0.629353 1.000000
vt 0.629353 0.000000
vt 0.631841 1.000000
vt 0.631841 0.000000
vt 0.634328 1.000000
vt 0.634328 0.000000
vt 0.636816 1.000000
vt 0.636816 0.000000
vt 0.639304 1.000000
vt 0.639304 0.000000
vt 0.641791 1.000000
vt 0.641791 0.000000
vt 0.644279 1.000000
vt 0.644279 0.000000
vt 0.646766 1.000000
vt 0.646766 0.000000
vt 0.649254 1.000000
vt 0.649254 0.000000
vt 0.651741 1.000000
vt 0.651741 0.000000
vt 0.654229 1.000000
vt 0.654229 0.000000
vt 0.656716 1.000000
vt 0.656716 0.000000
vt 0.659204 1.000000
vt 0.659204 0.000000
vt 0.661692 1.000000
vt 0.661692 0.000000
vt 0.664179 1.000000
vt 0.664179 0.000000
vt 0.669154 1.000000
vt 0.669154 0.000000
vt 0.671642 1.000000
vt 0.671642 0.000000
vt 0.674129 1.000000
vt 0.674129 0.000000
vt 0.676617 1.000000
vt 0.676617 0.000000
vt 0.679105 1.000000
vt 0.679105 0.000000
vt 0.681592 1.000000
vt 0.681592 0.000000
vt 0.684080 1.000000
vt 0.684080 0.000000
vt 0.686567 1.000000
vt 0.686567 0.000000
vt 0.689055 1.000000
vt 0.689055 0.000000
vt 0.691542 1.000000
vt 0.691542 0.000000
vt 0.694030 1.000000
vt 0.694030 0.000000
vt 0.696517 1.000000
vt 0.696517 0.000000
vt 0.699005 1.000000
vt 0.699005 0.000000
vt 0.701493 1.000000
vt 0.701493 0.000000
vt 0.703980 1.000000
vt 0.703980 0.000000
vt 0.706468 1.000000
vt 0.706468 0.000000
vt 0.708955 1.000000
vt 0.708955 0.000000
vt 0.711443 1.000000
vt 0.711443 0.000000
vt 0.713930 1.000000
vt 0.713930 0.000000
vt 0.716418 1.000000
vt 0.716418 0.000000
vt 0.718905 1.000000
vt 0.718905 0.000000
vt 0.721393 1.000000
vt 0.721393 0.000000
vt 0.723881 1.000000
vt 0.723881 0.000000
vt 0.726368 1.000000
vt 0.726368 0.000000
vt 0.728856 1.000000
vt 0.728856 0.000000
vt 0.731343 1.000000
vt 0.731343 0.000000
vt 0.733831 1.000000
vt 0.733831 0.000000
vt 0.736318 1.000000
vt 0.736318 0.000000
vt 0.738806 1.000000
vt 0.738806 0.000000
vt 0.741294 1.000000
vt 0.741294 0.000000
vt 0.743781 1.000000
vt 0.743781 0.000000
vt 0.746269 1.000000
vt 0.746269 0.000000
vt 0.748756 1.000000
vt 0.748756 0.000000
vt 0.751244 1.000000
vt 0.751244 0.000000
vt 0.753731 1.000000
vt 0.753731 0.000000
vt 0.756219 1.000000
vt 0.756219 0.000000
vt 0.758706 1.000000
vt 0.758706 0.000000
vt 0.761194 1.000000
vt 0.761194 0.000000
vt 0.763682 1.000000
vt 0.763682 0.000000
vt 0.766169 1.000000
vt 0.766169 0.000000
vt 0.768657 1.000000
vt 0.768657 0.000000
vt 0.771144 1.000000
vt 0.771144 0.000000
vt 0.773632 1.000000
vt 0.773632 0.000000
vt 0.776119 1.000000
vt 0.776119 0.000000
vt 0.778607 1.000000
vt 0.778607 0.000000
vt 0.781095 1.000000
vt 0.781095 0.000000
vt 0.783582 1.000000
vt 0.783582 0.000000
vt 0.786070 1.000000
vt 0.786070 0.000000
vt 0.788557 1.000000
vt 0.788557 0.000000
vt 0.791045 1.000000
vt 0.791045 0.000000
vt 0.793532 1.000000
vt 0.793532 0.000000
vt 0.796020 1.000000
vt 0.796020 0.000000
vt 0.798507 1.000000
vt 0.798507 0.000000
vt 0.800995 1.000000
vt 0.800995 0.000000
vt 0.803483 1.000000
vt 0.803483 0.000000
vt 0.805970 1.000000
vt 0.805970 0.000000
vt 0.808458 1.000000
vt 0.808458 0.000000
vt 0.810945 1.000000
vt 0.810945 0.000000
vt 0.813433 1.000000
vt 0.813433 0.000000
vt 0.815920 1.000000
vt 0.815920 0.000000
vt 0.818408 1.000000
vt 0.818408 0.000000
vt 0.820895 1.000000
vt 0.820895 0.000000
vt 0.823383 1.000000
vt 0.823383 0.000000
vt 0.825871 1.000000
vt 0.825871 0.000000
vt 0.828358 1.000000
vt 0.828358 0.000000
vt 0.830846 1.000000
vt 0.830846 0.000000
vt 0.835821 1.000000
vt 0.835821 0.000000
vt 0.838308 1.000000
vt 0.838308 0.000000
vt 0.840796 1.000000
vt 0.840796 0.000000
vt 0.843284 1.000000
vt 0.843284 0.000000
vt 0.845771 1.000000
vt 0.845771 0.000000
vt 0.848259 1.000000
vt 0.848259 0.000000
vt 0.850746 1.000000
vt 0.850746 0.000000
vt 0.853234 1.000000
vt 0.853234 0.000000
vt 0.855721 1.000000
vt 0.855721 0.000000
vt 0.858209 1.000000
vt 0.858209 0.000000
vt 0.860696 1.000000
vt 0.860696 0.000000
vt 0.863184 1.000000
vt 0.863184 0.000000
vt 0.865672 1.000000
vt 0.865672 0.000000
vt 0.868159 1.000000
vt 0.868159 0.000000
vt 0.870647 1.000000
vt 0.870647 0.000000
vt 0.873134 1.000000
vt 0.873134 0.000000
vt 0.875622 1.000000
vt 0.875622 0.000000
vt 0.878109 1.000000
vt 0.878109 0.000000
vt 0.880597 1.000000
vt 0.880597 0.000000
vt 0.883085 1.000000
vt 0.883085 0.000000
vt 0.885572 1.000000
vt 0.885572 0.000000
vt 0.888060 1.000000
vt 0.888060 0.000000
vt 0.890547 1.000000
vt 0.890547 0.000000
vt 0.893035 1.000000
vt 0.893035 0.000000
vt 0.895522 1.000000
vt 0.895522 0.000000
vt 0.898010 1.000000
vt 0.898010 0.000000
vt 0.900497 1.000000
vt 0.900497 0.000000
vt 0.902985 1.000000
vt 0.902985 0.000000
vt 0.905473 1.000000
vt 0.905473 0.000000
vt 0.907960 1.000000
vt 0.907960 0.000000
vt 0.910448 1.000000
vt 0.910448 0.000000
vt 0.912935 1.000000
vt 0.912935 0.000000
vt 0.915423 1.000000
vt 0.915423 0.000000
vt 0.917910 1.000000
vt 0.917910 0.000000
vt 0.920398 1.000000
vt 0.920398 0.000000
vt 0.922886 1.000000
vt 0.922886 0.000000
vt 0.925373 1.000000
vt 0.925373 0.000000
vt 0.927861 1.000000
vt 0.927861 0.000000
vt 0.930348 1.000000
vt 0.930348 0.000000
vt 0.932836 1.000000
vt 0.932836 0.000000
vt 0.935323 1.000000
vt 0.935323 0.000000
vt 0.937811 1.000000
vt 0.937811 0.000000
vt 0.940298 1.000000
vt 0.940298 0.000000
vt 0.942786 1.000000
vt 0.942786 0.000000
vt 0.945274 1.000000
vt 0.945274 0.000000
vt 0.947761 1.000000
vt 0.947761 0.000000
vt 0.950249 1.000000
vt 0.950249 0.000000
vt 0.952736 1.000000
vt 0.952736 0.000000
vt 0.955224 1.000000
vt 0.955224 0.000000
vt 0.957711 1.000000
vt 0.957711 0.000000
vt 0.960199 1.000000
vt 0.960199 0.000000
vt 0.962687 1.000000
vt 0.962687 0.000000
vt 0.965174 1.000000
vt 0.965174 0.000000
vt 0.967662 1.000000
vt 0.967662 0.000000
vt 0.970149 1.000000
vt 0.970149 0.000000
vt 0.972637 1.000000
vt 0.972637 0.000000
vt 0.975124 1.000000
vt 0.975124 0.000000
vt 0.977612 1.000000
vt 0.977612 0.000000
vt 0.980099 1.000000
vt 0.980099 0.000000
vt 0.982587 1.000000
vt 0.982587 0.000000
vt 0.985075 1.000000
vt 0.985075 0.000000
vt 0.987562 1.000000
vt 0.987562 0.000000
vt 0.990050 1.000000
vt 0.990050 0.000000
vt 0.992537 1.000000
vt 0.992537 0.000000
vt 0.995025 1.000000
vt 0.995025 0.000000
vt 0.997512 1.000000
vt 0.997512 0.000000
vt 0.011905 1.000000
vt 0.011905 0.000000
vt 0.023810 1.000000
vt 0.023810 0.000000
vt 0.047619 1.000000
vt 0.047619 0.000000
vt 0.059524 1.000000
vt 0.059524 0.000000
vt 0.095238 1.000000
vt 0.095238 0.000000
vt 0.119048 1.000000
vt 0.119048 0.000000
vt 0.130952 1.000000
vt 0.130952 0.000000
vt 0.154762 1.000000
vt 0.154762 0.000000
vt 0.190476 1.000000
vt 0.190476 0.000000
vt 0.202381 1.000000
vt 0.202381 0.000000
vt 0.226190 1.000000
vt 0.226190 0.000000
vt 0.238095 1.000000
vt 0.238095 0.000000
vt 0.261905 1.000000
vt 0.261905 0.000000
vt 0.273810 1.000000
vt 0.273810 0.000000
vt 0.297619 1.000000
vt 0.297619 0.000000
vt 0.309524 1.000000
vt 0.309524 0.000000
vt 0.345238 1.000000
vt 0.345238 0.000000
vt 0.369048 1.000000
vt 0.369048 0.000000
vt 0.380952 1.000000
vt 0.380952 0.000000
vt 0.404762 1.000000
vt 0.404762 0.000000
vt 0.440476 1.000000
vt 0.440476 0.000000
vt 0.452381 1.000000
vt 0.452381 0.000000
vt 0.476190 1.000000
vt 0.476190 0.000000
vt 0.488095 1.000000
vt 0.488095 0.000000
vt 0.511905 1.000000
vt 0.511905 0.000000
vt 0.523810 1.000000
vt 0.523810 0.000000
vt 0.547619 1.000000
vt 0.547619 0.000000
vt 0.559524 1.000000
vt 0.559524 0.000000
vt 0.595238 1.000000
vt 0.595238 0.000000
vt 0.619048 1.000000
vt 0.619048 0.000000
vt 0.630952 1.000000
vt 0.630952 0.000000
vt 0.654762 1.000000
vt 0.654762 0.000000
vt 0.690476 1.000000
vt 0.690476 0.000000
vt 0.702381 1.000000
vt 0.702381 0.000000
vt 0.726190 1.000000
vt 0.726190 0.000000
vt 0.738095 1.000000
vt 0.738095 0.000000
vt 0.761905 1.000000
vt 0.761905 0.000000
vt 0.773810 1.000000
vt 0.773810 0.000000
vt 0.797619 1.000000
vt 0.797619 0.000000
vt 0.809524 1.000000
vt 0.809524 0.000000
vt 0.845238 1.000000
vt 0.845238 0.000000
vt 0.869048 1.000000
vt 0.869048 0.000000
vt 0.880952 1.000000
vt 0.880952 0.000000
vt 0.904762 1.000000
vt 0.904762 0.000000
vt 0.940476 1.000000
vt 0.940476 0.000000
vt 0.952381 1.000000
vt 0.952381 0.000000
vt 0.976190 1.000000
vt 0.976190 0.000000
vt 0.988095 1.000000
vt 0.988095 0.000000
vt 0.005952 1.000000
vt 0.005952 0.000000
vt 0.029762 1.000000
vt 0.029762 0.000000
vt 0.065476 1.000000
vt 0.065476 0.000000
vt 0.077381 1.000000
vt 0.077381 0.000000
vt 0.101190 1.000000
vt 0.101190 0.000000
vt 0.113095 1.000000
vt 0.113095 0.000000
vt 0.136905 1.000000
vt 0.136905 0.000000
vt 0.148810 1.000000
vt 0.148810 0.000000
vt 0.172619 1.000000
vt 0.172619 0.000000
vt 0.184524 1.000000
vt 0.184524 0.000000
vt 0.220238 1.000000
vt 0.220238 0.000000
vt 0.244048 1.000000
vt 0.244048 0.000000
vt 0.255952 1.000000
vt 0.255952 0.000000
vt 0.279762 1.000000
vt 0.279762 0.000000
vt 0.315476 1.000000
vt 0.315476 0.000000
vt 0.327381 1.000000
vt 0.327381 0.000000
vt 0.351190 1.000000
vt 0.351190 0.000000
vt 0.363095 1.000000
vt 0.363095 0.000000
vt 0.386905 1.000000
vt 0.386905 0.000000
vt 0.398810 1.000000
vt 0.398810 0.000000
vt 0.422619 1.000000
vt 0.422619 0.000000
vt 0.434524 1.000000
vt 0.434524 0.000000
vt 0.470238 1.000000
vt 0.470238 0.000000
vt 0.494048 1.000000
vt 0.494048 0.000000
vt 0.505952 1.000000
vt 0.505952 0.000000
vt 0.529762 1.000000
vt 0.529762 0.000000
vt 0.565476 1.000000
vt 0.565476 0.000000
vt 0.577381 1.000000
vt 0.577381 0.000000
vt 0.601190 1.000000
vt 0.601190 0.000000
vt 0.613095 1.000000
vt 0.613095 0.000000
vt 0.636905 1.000000
vt 0.636905 0.000000
vt 0.648810 1.000000
vt 0.648810 0.000000
vt 0.672619 1.000000
vt 0.672619 0.000000
vt 0.684524 1.000000
vt 0.684524 0.000000
vt 0.720238 1.000000
vt 0.720238 0.000000
vt 0.744048 1.000000
vt 0.744048 0.000000
vt 0.755952 1.000000
vt 0.755952 0.000000
vt 0.779762 1.000000
vt 0.779762 0.000000
vt 0.815476 1.000000
vt 0.815476 0.000000
vt 0.827381 1.000000
vt 0.827381 0.000000
vt 0.851190 1.000000
vt 0.851190 0.000000
vt 0.863095 1.000000
vt 0.863095 0.000000
vt 0.886905 1.000000
vt 0.886905 0.000000
vt 0.898810 1.000000
vt 0.898810 0.000000
vt 0.922619 1.000000
vt 0.922619 0.000000
vt 0.934524 1.000000
vt 0.934524 0.000000
vt 0.970238 1.000000
vt 0.970238 0.000000
vt 0.994048 1.000000
vt 0.994048 0.000000
vt 0.016129 1.000000
vt 0.016129 0.000000
vt 0.032258 1.000000
vt 0.048387 1.000000
vt 0.048387 0.000000
vt 0.064516 1.000000
vt 0.080645 1.000000
vt 0.080645 0.000000
vt 0.096774 1.000000
vt 0.112903 1.000000
vt 0.112903 0.000000
vt 0.129032 1.000000
vt 0.145161 1.000000
vt 0.145161 0.000000
vt 0.161290 1.000000
vt 0.177419 1.000000
vt 0.177419 0.000000
vt 0.193548 1.000000
vt 0.209677 1.000000
vt 0.209677 0.000000
vt 0.225806 1.000000
vt 0.241935 1.000000
vt 0.241935 0.000000
vt 0.258065 1.000000
vt 0.274194 1.000000
vt 0.274194 0.000000
vt 0.290323 1.000000
vt 0.306452 1.000000
vt 0.306452 0.000000
vt 0.322581 1.000000
vt 0.338710 1.000000
vt 0.338710 0.000000
vt 0.354839 1.000000
vt 0.370968 1.000000
vt 0.370968 0.000000
vt 0.387097 1.000000
vt 0.403226 1.000000
vt 0.403226 0.000000
vt 0.419355 1.000000
vt 0.435484 1.000000
vt 0.435484 0.000000
vt 0.451613 1.000000
vt 0.467742 1.000000
vt 0.467742 0.000000
vt 0.483871 1.000000
vt 0.516129 1.000000
vt 0.532258 1.000000
vt 0.532258 0.000000
vt 0.548387 1.000000
vt 0.564516 1.000000
vt 0.564516 0.000000
vt 0.580645 1.000000
vt 0.596774 1.000000
vt 0.596774 0.000000
vt 0.612903 1.000000
vt 0.629032 1.000000
vt 0.629032 0.000000
vt 0.645161 1.000000
vt 0.661290 1.000000
vt 0.661290 0.000000
vt 0.677419 1.000000
vt 0.693548 1.000000
vt 0.693548 0.000000
vt 0.709677 1.000000
vt 0.725806 1.000000
vt 0.725806 0.000000
vt 0.741935 1.000000
vt 0.758065 1.000000
vt 0.758065 0.000000
vt 0.774194 1.000000
vt 0.790323 1.000000
vt 0.790323 0.000000
vt 0.806452 1.000000
vt 0.822581 1.000000
vt 0.822581 0.000000
vt 0.838710 1.000000
vt 0.854839 1.000000
vt 0.854839 0.000000
vt 0.870968 1.000000
vt 0.887097 1.000000
vt 0.887097 0.000000
vt 0.903226 1.000000
vt 0.919355 1.000000
vt 0.919355 0.000000
vt 0.935484 1.000000
vt 0.951613 1.000000
vt 0.951613 0.000000
vt 0.967742 1.000000
vt 0.983871 1.000000
vt 0.983871 0.000000
s 0
f 654/1/1 488/2/1 487/3/1
f 653/4/1 488/2/1 654/1/1
f 653/4/1 489/5/1 488/2/1
f 652/6/1 489/5/1 653/4/1
f 651/7/1 489/5/1 652/6/1
f 651/7/1 490/8/1 489/5/1
f 650/9/1 490/8/1 651/7/1
f 649/10/1 490/8/1 650/9/1
f 649/10/1 491/11/1 490/8/1
f 648/12/1 491/11/1 649/10/1
f 648/12/1 492/13/1 491/11/1
f 647/14/1 492/13/1 648/12/1
f 646/15/1 492/13/1 647/14/1
f 646/15/1 493/16/1 492/13/1
f 645/17/1 493/16/1 646/15/1
f 644/18/1 493/16/1 645/17/1
f 644/18/1 494/19/1 493/16/1
f 643/20/1 494/19/1 644/18/1
f 642/21/1 494/19/1 643/20/1
f 642/21/1 495/22/1 494/19/1
f 642/21/1 496/23/1 495/22/1
f 641/24/1 496/23/1 642/21/1
f 641/24/1 497/25/1 496/23/1
f 640/26/1 497/25/1 641/24/1
f 640/26/1 498/27/1 497/25/1
f 639/28/1 498/27/1 640/26/1
f 639/28/1 499/29/1 498/27/1
f 638/30/1 499/29/1 639/28/1
f 638/30/1 500/31/1 499/29/1
f 612/32/1 614/33/1 613/34/1
f 612/32/1 615/35/1 614/33/1
f 611/36/1 615/35/1 612/32/1
f 611/36/1 616/37/1 615/35/1
f 637/38/1 500/31/1 638/30/1
f 610/39/1 616/37/1 611/36/1
f 610/39/1 617/40/1 616/37/1
f 637/38/1 715/41/1 500/31/1
f 715/41/1 501/42/1 500/31/1
f 609/43/1 617/40/1 610/39/1
f 609/43/1 618/44/1 617/40/1
f 636/45/1 715/41/1 637/38/1
f 636/45/1 716/46/1 715/41/1
f 714/47/1 501/42/1 715/41/1
f 713/48/1 501/42/1 714/47/1
f 636/45/1 655/49/1 716/46/1
f 712/50/1 501/42/1 713/48/1
f 712/50/1 502/51/1 501/42/1
f 636/45/1 656/52/1 655/49/1
f 608/53/1 618/44/1 609/43/1
f 711/54/1 502/51/1 712/50/1
f 608/53/1 619/55/1 618/44/1
f 710/56/1 502/51/1 711/54/1
f 709/57/1 502/51/1 710/56/1
f 635/58/1 656/52/1 636/45/1
f 709/57/1 503/59/1 502/51/1
f 708/60/1 503/59/1 709/57/1
f 607/61/1 619/55/1 608/53/1
f 607/61/1 620/62/1 619/55/1
f 635/58/1 657/63/1 656/52/1
f 707/64/1 503/59/1 708/60/1
f 607/61/1 621/65/1 620/62/1
f 707/64/1 504/66/1 503/59/1
f 634/67/1 657/63/1 635/58/1
f 706/68/1 504/66/1 707/64/1
f 607/61/1 622/69/1 621/65/1
f 606/70/1 622/69/1 607/61/1
f 634/67/1 658/71/1 657/63/1
f 705/72/1 504/66/1 706/68/1
f 606/70/1 623/73/1 622/69/1
f 705/72/1 505/74/1 504/66/1
f 605/75/1 623/73/1 606/70/1
f 633/76/1 658/71/1 634/67/1
f 605/75/1 624/77/1 623/73/1
f 704/78/1 505/74/1 705/72/1
f 604/79/1 624/77/1 605/75/1
f 604/79/1 625/80/1 624/77/1
f 704/78/1 506/81/1 505/74/1
f 633/76/1 659/82/1 658/71/1
f 604/79/1 626/83/1 625/80/1
f 632/84/1 659/82/1 633/76/1
f 603/85/1 626/83/1 604/79/1
f 603/85/1 627/86/1 626/83/1
f 704/78/1 507/87/1 506/81/1
f 603/85/1 628/88/1 627/86/1
f 631/89/1 659/82/1 632/84/1
f 603/85/1 629/90/1 628/88/1
f 602/91/1 629/90/1 603/85/1
f 631/89/1 660/92/1 659/82/1
f 602/91/1 630/93/1 629/90/1
f 704/78/1 508/94/1 507/87/1
f 602/91/1 631/89/1 630/93/1
f 602/91/1 660/92/1 631/89/1
f 703/95/1 508/94/1 704/78/1
f 601/96/1 660/92/1 602/91/1
f 703/95/1 509/97/1 508/94/1
f 601/96/1 661/98/1 660/92/1
f 703/95/1 510/99/1 509/97/1
f 600/100/1 661/98/1 601/96/1
f 703/95/1 511/101/1 510/99/1
f 600/100/1 662/102/1 661/98/1
f 599/103/1 662/102/1 600/100/1
f 703/95/1 512/104/1 511/101/1
f 702/105/1 512/104/1 703/95/1
f 598/106/1 662/102/1 599/103/1
f 598/106/1 663/107/1 662/102/1
f 597/108/1 663/107/1 598/106/1
f 597/108/1 664/109/1 663/107/1
f 701/110/1 512/104/1 702/105/1
f 701/110/1 513/111/1 512/104/1
f 596/112/1 664/109/1 597/108/1
f 596/112/1 665/113/1 664/109/1
f 595/114/1 665/113/1 596/112/1
f 595/114/1 666/115/1 665/113/1
f 700/116/1 513/111/1 701/110/1
f 700/116/1 514/117/1 513/111/1
f 595/114/1 667/118/1 666/115/1
f 594/119/1 667/118/1 595/114/1
f 594/119/1 668/120/1 667/118/1
f 594/119/1 669/121/1 668/120/1
f 594/119/1 670/122/1 669/121/1
f 594/119/1 671/123/1 670/122/1
f 699/124/1 514/117/1 700/116/1
f 594/119/1 672/125/1 671/123/1
f 594/119/1 673/126/1 672/125/1
f 699/124/1 515/127/1 514/117/1
f 594/119/1 674/128/1 673/126/1
f 593/129/1 674/128/1 594/119/1
f 593/129/1 675/130/1 674/128/1
f 593/129/1 676/131/1 675/130/1
f 593/129/1 677/132/1 676/131/1
f 698/133/1 515/127/1 699/124/1
f 593/129/1 678/134/1 677/132/1
f 593/129/1 679/135/1 678/134/1
f 698/133/1 516/136/1 515/127/1
f 593/129/1 680/137/1 679/135/1
f 592/138/1 680/137/1 593/129/1
f 697/139/1 516/136/1 698/133/1
f 592/138/1 681/140/1 680/137/1
f 697/139/1 517/141/1 516/136/1
f 696/142/1 517/141/1 697/139/1
f 591/143/1 681/140/1 592/138/1
f 591/143/1 682/144/1 681/140/1
f 696/142/1 518/145/1 517/141/1
f 695/146/1 518/145/1 696/142/1
f 591/143/1 683/147/1 682/144/1
f 590/148/1 683/147/1 591/143/1
f 695/146/1 519/149/1 518/145/1
f 694/150/1 519/149/1 695/146/1
f 590/148/1 684/151/1 683/147/1
f 589/152/1 684/151/1 590/148/1
f 694/150/1 520/153/1 519/149/1
f 693/154/1 520/153/1 694/150/1
f 589/152/1 685/155/1 684/151/1
f 588/156/1 685/155/1 589/152/1
f 693/154/1 521/157/1 520/153/1
f 588/156/1 686/158/1 685/155/1
f 692/159/1 521/157/1 693/154/1
f 588/156/1 687/160/1 686/158/1
f 692/159/1 522/161/1 521/157/1
f 587/162/1 687/160/1 588/156/1
f 587/162/1 688/163/1 687/160/1
f 692/159/1 523/164/1 522/161/1
f 586/165/1 688/163/1 587/162/1
f 586/165/1 689/166/1 688/163/1
f 692/159/1 524/167/1 523/164/1
f 692/159/1 525/168/1 524/167/1
f 586/165/1 690/169/1 689/166/1
f 585/170/1 690/169/1 586/165/1
f 692/159/1 526/171/1 525/168/1
f 692/159/1 527/172/1 526/171/1
f 692/159/1 528/173/1 527/172/1
f 585/170/1 691/174/1 690/169/1
f 692/159/1 529/175/1 528/173/1
f 692/159/1 547/176/1 529/175/1
f 547/176/1 546/177/1 529/175/1
f 546/177/1 530/178/1 529/175/1
f 584/179/1 691/174/1 585/170/1
f 691/174/1 547/176/1 692/159/1
f 691/174/1 548/180/1 547/176/1
f 545/181/1 530/178/1 546/177/1
f 544/182/1 530/178/1 545/181/1
f 543/183/1 530/178/1 544/182/1
f 542/184/1 530/178/1 543/183/1
f 542/184/1 531/185/1 530/178/1
f 541/186/1 531/185/1 542/184/1
f 540/187/1 531/185/1 541/186/1
f 539/188/1 531/185/1 540/187/1
f 538/189/1 531/185/1 539/188/1
f 538/189/1 532/190/1 531/185/1
f 691/174/1 549/191/1 548/180/1
f 537/192/1 532/190/1 538/189/1
f 537/192/1 533/193/1 532/190/1
f 536/194/1 533/193/1 537/192/1
f 535/195/1 533/193/1 536/194/1
f 535/195/1 534/196/1 533/193/1
f 584/179/1 549/191/1 691/174/1
f 584/179/1 550/197/1 549/191/1
f 584/179/1 551/198/1 550/197/1
f 584/179/1 552/199/1 551/198/1
f 583/200/1 552/199/1 584/179/1
f 583/200/1 553/201/1 552/199/1
f 583/200/1 554/202/1 553/201/1
f 583/200/1 555/203/1 554/202/1
f 582/204/1 555/203/1 583/200/1
f 582/204/1 556/205/1 555/203/1
f 582/204/1 557/206/1 556/205/1
f 581/207/1 557/206/1 582/204/1
f 581/207/1 558/208/1 557/206/1
f 580/209/1 558/208/1 581/207/1
f 580/209/1 559/210/1 558/208/1
f 579/211/1 559/210/1 580/209/1
f 579/211/1 560/212/1 559/210/1
f 579/211/1 561/213/1 560/212/1
f 578/214/1 561/213/1 579/211/1
f 578/214/1 562/215/1 561/213/1
f 578/214/1 563/216/1 562/215/1
f 577/217/1 563/216/1 578/214/1
f 577/217/1 564/218/1 563/216/1
f 576/219/1 564/218/1 577/217/1
f 576/219/1 565/220/1 564/218/1
f 576/219/1 566/221/1 565/220/1
f 575/222/1 566/221/1 576/219/1
f 575/222/1 567/223/1 566/221/1
f 574/224/1 567/223/1 575/222/1
f 402/225/1 2/226/1 1/227/1
f 574/224/1 568/228/1 567/223/1
f 574/224/1 569/229/1 568/228/1
f 402/225/1 3/230/1 2/226/1
f 573/231/1 569/229/1 574/224/1
f 573/231/1 570/232/1 569/229/1
f 572/233/1 570/232/1 573/231/1
f 572/233/1 571/234/1 570/232/1
f 402/225/1 4/235/1 3/230/1
f 402/225/1 5/236/1 4/235/1
f 402/225/1 6/237/1 5/236/1
f 402/225/1 7/238/1 6/237/1
f 402/225/1 8/239/1 7/238/1
f 402/225/1 9/240/1 8/239/1
f 401/241/1 9/240/1 402/225/1
f 401/241/1 10/242/1 9/240/1
f 400/243/1 10/242/1 401/241/1
f 400/243/1 11/244/1 10/242/1
f 399/245/1 11/244/1 400/243/1
f 398/246/1 11/244/1 399/245/1
f 398/246/1 12/247/1 11/244/1
f 397/248/1 12/247/1 398/246/1
f 397/248/1 13/249/1 12/247/1
f 396/250/1 13/249/1 397/248/1
f 395/251/1 86/252/1 396/250/1
f 86/252/1 13/249/1 396/250/1
f 395/251/1 87/253/1 86/252/1
f 85/254/1 13/249/1 86/252/1
f 85/254/1 14/255/1 13/249/1
f 84/256/1 14/255/1 85/254/1
f 395/251/1 88/257/1 87/253/1
f 83/258/1 14/255/1 84/256/1
f 376/259/1 378/260/1 377/261/1
f 375/262/1 378/260/1 376/259/1
f 394/263/1 88/257/1 395/251/1
f 375/262/1 379/264/1 378/260/1
f 82/265/1 14/255/1 83/258/1
f 374/266/1 379/264/1 375/262/1
f 374/266/1 380/267/1 379/264/1
f 394/263/1 89/268/1 88/257/1
f 374/266/1 381/269/1 380/267/1
f 81/270/1 14/255/1 82/265/1
f 373/271/1 381/269/1 374/266/1
f 373/271/1 382/272/1 381/269/1
f 80/273/1 14/255/1 81/270/1
f 393/274/1 89/268/1 394/263/1
f 393/274/1 90/275/1 89/268/1
f 373/271/1 383/276/1 382/272/1
f 79/277/1 14/255/1 80/273/1
f 372/278/1 383/276/1 373/271/1
f 372/278/1 384/279/1 383/276/1
f 78/280/1 14/255/1 79/277/1
f 372/278/1 385/281/1 384/279/1
f 393/274/1 91/282/1 90/275/1
f 392/283/1 91/282/1 393/274/1
f 77/284/1 14/255/1 78/280/1
f 372/278/1 386/285/1 385/281/1
f 371/286/1 386/285/1 372/278/1
f 76/287/1 14/255/1 77/284/1
f 371/286/1 387/288/1 386/285/1
f 392/283/1 92/289/1 91/282/1
f 391/290/1 92/289/1 392/283/1
f 75/291/1 14/255/1 76/287/1
f 371/286/1 388/292/1 387/288/1
f 370/293/1 388/292/1 371/286/1
f 74/294/1 14/255/1 75/291/1
f 391/290/1 93/295/1 92/289/1
f 370/293/1 389/296/1 388/292/1
f 390/297/1 93/295/1 391/290/1
f 73/298/1 14/255/1 74/294/1
f 370/293/1 390/297/1 389/296/1
f 390/297/1 94/299/1 93/295/1
f 369/300/1 390/297/1 370/293/1
f 369/300/1 94/299/1 390/297/1
f 369/300/1 95/301/1 94/299/1
f 368/302/1 95/301/1 369/300/1
f 73/298/1 15/303/1 14/255/1
f 368/302/1 96/304/1 95/301/1
f 367/305/1 96/304/1 368/302/1
f 367/305/1 97/306/1 96/304/1
f 367/305/1 98/307/1 97/306/1
f 72/308/1 15/303/1 73/298/1
f 366/309/1 98/307/1 367/305/1
f 366/309/1 99/310/1 98/307/1
f 365/311/1 99/310/1 366/309/1
f 72/308/1 16/312/1 15/303/1
f 71/313/1 16/312/1 72/308/1
f 364/314/1 99/310/1 365/311/1
f 134/315/1 136/316/1 135/317/1
f 134/315/1 137/318/1 136/316/1
f 133/319/1 137/318/1 134/315/1
f 133/319/1 138/320/1 137/318/1
f 132/321/1 138/320/1 133/319/1
f 132/321/1 139/322/1 138/320/1
f 131/323/1 139/322/1 132/321/1
f 131/323/1 140/324/1 139/322/1
f 131/323/1 141/325/1 140/324/1
f 130/326/1 141/325/1 131/323/1
f 130/326/1 142/327/1 141/325/1
f 129/328/1 142/327/1 130/326/1
f 129/328/1 143/329/1 142/327/1
f 128/330/1 143/329/1 129/328/1
f 128/330/1 144/331/1 143/329/1
f 128/330/1 145/332/1 144/331/1
f 127/333/1 145/332/1 128/330/1
f 127/333/1 146/334/1 145/332/1
f 71/313/1 17/335/1 16/312/1
f 126/336/1 146/334/1 127/333/1
f 126/336/1 147/337/1 146/334/1
f 70/338/1 17/335/1 71/313/1
f 125/339/1 147/337/1 126/336/1
f 125/339/1 148/340/1 147/337/1
f 124/341/1 148/340/1 125/339/1
f 124/341/1 149/342/1 148/340/1
f 124/341/1 150/343/1 149/342/1
f 363/344/1 99/310/1 364/314/1
f 123/345/1 150/343/1 124/341/1
f 123/345/1 151/346/1 150/343/1
f 122/347/1 151/346/1 123/345/1
f 122/347/1 152/348/1 151/346/1
f 121/349/1 152/348/1 122/347/1
f 121/349/1 153/350/1 152/348/1
f 120/351/1 153/350/1 121/349/1
f 119/352/1 153/350/1 120/351/1
f 119/352/1 154/353/1 153/350/1
f 118/354/1 154/353/1 119/352/1
f 117/355/1 154/353/1 118/354/1
f 117/355/1 155/356/1 154/353/1
f 116/357/1 155/356/1 117/355/1
f 115/358/1 155/356/1 116/357/1
f 115/358/1 156/359/1 155/356/1
f 114/360/1 156/359/1 115/358/1
f 113/361/1 156/359/1 114/360/1
f 113/361/1 157/362/1 156/359/1
f 112/363/1 157/362/1 113/361/1
f 111/364/1 157/362/1 112/363/1
f 111/364/1 158/365/1 157/362/1
f 110/366/1 158/365/1 111/364/1
f 110/366/1 159/367/1 158/365/1
f 109/368/1 159/367/1 110/366/1
f 109/368/1 160/369/1 159/367/1
f 108/370/1 160/369/1 109/368/1
f 108/370/1 161/371/1 160/369/1
f 69/372/1 17/335/1 70/338/1
f 107/373/1 161/371/1 108/370/1
f 107/373/1 162/374/1 161/371/1
f 69/372/1 18/375/1 17/335/1
f 107/373/1 163/376/1 162/374/1
f 106/377/1 163/376/1 107/373/1
f 362/378/1 99/310/1 363/344/1
f 106/377/1 164/379/1 163/376/1
f 106/377/1 165/380/1 164/379/1
f 105/381/1 165/380/1 106/377/1
f 105/381/1 166/382/1 165/380/1
f 105/381/1 167/383/1 166/382/1
f 104/384/1 167/383/1 105/381/1
f 104/384/1 168/385/1 167/383/1
f 104/384/1 169/386/1 168/385/1
f 103/387/1 169/386/1 104/384/1
f 103/387/1 170/388/1 169/386/1
f 103/387/1 171/389/1 170/388/1
f 102/390/1 171/389/1 103/387/1
f 102/390/1 172/391/1 171/389/1
f 101/392/1 172/391/1 102/390/1
f 101/392/1 173/393/1 172/391/1
f 100/394/1 173/393/1 101/392/1
f 99/310/1 173/393/1 100/394/1
f 99/310/1 174/395/1 173/393/1
f 362/378/1 174/395/1 99/310/1
f 362/378/1 175/396/1 174/395/1
f 362/378/1 176/397/1 175/396/1
f 362/378/1 177/398/1 176/397/1
f 361/399/1 177/398/1 362/378/1
f 68/400/1 18/375/1 69/372/1
f 361/399/1 178/401/1 177/398/1
f 68/400/1 19/402/1 18/375/1
f 361/399/1 179/403/1 178/401/1
f 361/399/1 180/404/1 179/403/1
f 361/399/1 181/405/1 180/404/1
f 361/399/1 182/406/1 181/405/1
f 361/399/1 183/407/1 182/406/1
f 361/399/1 184/408/1 183/407/1
f 360/409/1 184/408/1 361/399/1
f 67/410/1 19/402/1 68/400/1
f 67/410/1 20/411/1 19/402/1
f 207/412/1 209/413/1 208/414/1
f 206/415/1 209/413/1 207/412/1
f 205/416/1 209/413/1 206/415/1
f 205/416/1 210/417/1 209/413/1
f 204/418/1 210/417/1 205/416/1
f 204/418/1 211/419/1 210/417/1
f 359/420/1 184/408/1 360/409/1
f 203/421/1 211/419/1 204/418/1
f 203/421/1 212/422/1 211/419/1
f 203/421/1 213/423/1 212/422/1
f 202/424/1 213/423/1 203/421/1
f 202/424/1 214/425/1 213/423/1
f 201/426/1 214/425/1 202/424/1
f 201/426/1 215/427/1 214/425/1
f 201/426/1 216/428/1 215/427/1
f 200/429/1 216/428/1 201/426/1
f 200/429/1 217/430/1 216/428/1
f 200/429/1 218/431/1 217/430/1
f 199/432/1 218/431/1 200/429/1
f 199/432/1 219/433/1 218/431/1
f 199/432/1 220/434/1 219/433/1
f 198/435/1 220/434/1 199/432/1
f 198/435/1 221/436/1 220/434/1
f 197/437/1 221/436/1 198/435/1
f 66/438/1 20/411/1 67/410/1
f 197/437/1 222/439/1 221/436/1
f 196/440/1 222/439/1 197/437/1
f 66/438/1 21/441/1 20/411/1
f 196/440/1 223/442/1 222/439/1
f 195/443/1 223/442/1 196/440/1
f 195/443/1 224/444/1 223/442/1
f 194/445/1 224/444/1 195/443/1
f 358/446/1 184/408/1 359/420/1
f 194/445/1 225/447/1 224/444/1
f 193/448/1 225/447/1 194/445/1
f 193/448/1 226/449/1 225/447/1
f 192/450/1 226/449/1 193/448/1
f 192/450/1 227/451/1 226/449/1
f 191/452/1 227/451/1 192/450/1
f 191/452/1 228/453/1 227/451/1
f 190/454/1 228/453/1 191/452/1
f 190/454/1 229/455/1 228/453/1
f 189/456/1 229/455/1 190/454/1
f 189/456/1 230/457/1 229/455/1
f 188/458/1 230/457/1 189/456/1
f 188/458/1 231/459/1 230/457/1
f 187/460/1 231/459/1 188/458/1
f 65/461/1 21/441/1 66/438/1
f 65/461/1 22/462/1 21/441/1
f 187/460/1 232/463/1 231/459/1
f 186/464/1 232/463/1 187/460/1
f 357/465/1 184/408/1 358/446/1
f 185/466/1 232/463/1 186/464/1
f 185/466/1 233/467/1 232/463/1
f 184/408/1 233/467/1 185/466/1
f 184/408/1 234/468/1 233/467/1
f 357/465/1 234/468/1 184/408/1
f 357/465/1 235/469/1 234/468/1
f 357/465/1 236/470/1 235/469/1
f 357/465/1 237/471/1 236/470/1
f 357/465/1 238/472/1 237/471/1
f 357/465/1 239/473/1 238/472/1
f 357/465/1 240/474/1 239/473/1
f 356/475/1 240/474/1 357/465/1
f 65/461/1 23/476/1 22/462/1
f 356/475/1 241/477/1 240/474/1
f 356/475/1 242/478/1 241/477/1
f 64/479/1 23/476/1 65/461/1
f 356/475/1 243/480/1 242/478/1
f 356/475/1 244/481/1 243/480/1
f 356/475/1 245/482/1 244/481/1
f 355/483/1 245/482/1 356/475/1
f 64/479/1 24/484/1 23/476/1
f 63/485/1 24/484/1 64/479/1
f 354/486/1 245/482/1 355/483/1
f 268/487/1 270/488/1 269/489/1
f 267/490/1 270/488/1 268/487/1
f 266/491/1 270/488/1 267/490/1
f 265/492/1 270/488/1 266/491/1
f 63/485/1 25/493/1 24/484/1
f 264/494/1 270/488/1 265/492/1
f 264/494/1 271/495/1 270/488/1
f 263/496/1 271/495/1 264/494/1
f 262/497/1 271/495/1 263/496/1
f 261/498/1 271/495/1 262/497/1
f 260/499/1 271/495/1 261/498/1
f 260/499/1 272/500/1 271/495/1
f 259/501/1 272/500/1 260/499/1
f 258/502/1 272/500/1 259/501/1
f 258/502/1 273/503/1 272/500/1
f 257/504/1 273/503/1 258/502/1
f 353/505/1 245/482/1 354/486/1
f 256/506/1 273/503/1 257/504/1
f 256/506/1 274/507/1 273/503/1
f 255/508/1 274/507/1 256/506/1
f 62/509/1 25/493/1 63/485/1
f 255/508/1 275/510/1 274/507/1
f 254/511/1 275/510/1 255/508/1
f 254/511/1 276/512/1 275/510/1
f 62/509/1 26/513/1 25/493/1
f 253/514/1 276/512/1 254/511/1
f 253/514/1 277/515/1 276/512/1
f 352/516/1 245/482/1 353/505/1
f 252/517/1 277/515/1 253/514/1
f 252/517/1 278/518/1 277/515/1
f 251/519/1 278/518/1 252/517/1
f 251/519/1 279/520/1 278/518/1
f 250/521/1 279/520/1 251/519/1
f 250/521/1 280/522/1 279/520/1
f 351/523/1 245/482/1 352/516/1
f 250/521/1 281/524/1 280/522/1
f 249/525/1 281/524/1 250/521/1
f 249/525/1 282/526/1 281/524/1
f 248/527/1 282/526/1 249/525/1
f 247/528/1 282/526/1 248/527/1
f 62/509/1 27/529/1 26/513/1
f 246/530/1 282/526/1 247/528/1
f 350/531/1 245/482/1 351/523/1
f 61/532/1 27/529/1 62/509/1
f 245/482/1 282/526/1 246/530/1
f 350/531/1 282/526/1 245/482/1
f 61/532/1 28/533/1 27/529/1
f 60/534/1 28/533/1 61/532/1
f 349/535/1 282/526/1 350/531/1
f 60/534/1 29/536/1 28/533/1
f 349/535/1 329/537/1 282/526/1
f 329/537/1 283/538/1 282/526/1
f 59/539/1 29/536/1 60/534/1
f 349/535/1 330/540/1 329/537/1
f 328/541/1 283/538/1 329/537/1
f 348/542/1 330/540/1 349/535/1
f 59/539/1 30/543/1 29/536/1
f 58/544/1 30/543/1 59/539/1
f 347/545/1 330/540/1 348/542/1
f 58/544/1 31/546/1 30/543/1
f 57/547/1 31/546/1 58/544/1
f 347/545/1 331/548/1 330/540/1
f 328/541/1 284/549/1 283/538/1
f 346/550/1 331/548/1 347/545/1
f 327/551/1 284/549/1 328/541/1
f 57/547/1 32/552/1 31/546/1
f 56/553/1 32/552/1 57/547/1
f 346/550/1 332/554/1 331/548/1
f 345/555/1 332/554/1 346/550/1
f 345/555/1 333/556/1 332/554/1
f 55/557/1 32/552/1 56/553/1
f 55/557/1 33/558/1 32/552/1
f 345/555/1 334/559/1 333/556/1
f 344/560/1 334/559/1 345/555/1
f 344/560/1 335/561/1 334/559/1
f 54/562/1 33/558/1 55/557/1
f 344/560/1 336/563/1 335/561/1
f 54/562/1 34/564/1 33/558/1
f 343/565/1 336/563/1 344/560/1
f 343/565/1 337/566/1 336/563/1
f 342/567/1 337/566/1 343/565/1
f 342/567/1 338/568/1 337/566/1
f 327/551/1 285/569/1 284/549/1
f 53/570/1 34/564/1 54/562/1
f 342/567/1 339/571/1 338/568/1
f 326/572/1 285/569/1 327/551/1
f 341/573/1 339/571/1 342/567/1
f 341/573/1 340/574/1 339/571/1
f 53/570/1 35/575/1 34/564/1
f 52/576/1 35/575/1 53/570/1
f 52/576/1 36/577/1 35/575/1
f 484/578/1 486/579/1 485/580/1
f 483/581/1 486/579/1 484/578/1
f 483/581/1 403/582/1 486/579/1
f 482/583/1 403/582/1 483/581/1
f 482/583/1 404/584/1 403/582/1
f 481/585/1 404/584/1 482/583/1
f 51/586/1 36/577/1 52/576/1
f 480/587/1 404/584/1 481/585/1
f 479/588/1 404/584/1 480/587/1
f 51/586/1 37/589/1 36/577/1
f 478/590/1 404/584/1 479/588/1
f 478/590/1 405/591/1 404/584/1
f 50/592/1 37/589/1 51/586/1
f 477/593/1 405/591/1 478/590/1
f 476/594/1 405/591/1 477/593/1
f 50/592/1 38/595/1 37/589/1
f 49/596/1 38/595/1 50/592/1
f 326/572/1 286/597/1 285/569/1
f 476/594/1 406/598/1 405/591/1
f 475/599/1 406/598/1 476/594/1
f 325/600/1 286/597/1 326/572/1
f 48/601/1 38/595/1 49/596/1
f 474/602/1 406/598/1 475/599/1
f 48/601/1 39/603/1 38/595/1
f 474/602/1 407/604/1 406/598/1
f 47/605/1 39/603/1 48/601/1
f 47/605/1 40/606/1 39/603/1
f 46/607/1 40/606/1 47/605/1
f 46/607/1 41/608/1 40/606/1
f 45/609/1 41/608/1 46/607/1
f 473/610/1 407/604/1 474/602/1
f 45/609/1 42/611/1 41/608/1
f 473/610/1 408/612/1 407/604/1
f 44/613/1 42/611/1 45/609/1
f 44/613/1 43/614/1 42/611/1
f 473/610/1 409/615/1 408/612/1
f 325/600/1 287/616/1 286/597/1
f 472/617/1 409/615/1 473/610/1
f 324/618/1 287/616/1 325/600/1
f 472/617/1 410/619/1 409/615/1
f 471/620/1 410/619/1 472/617/1
f 471/620/1 411/621/1 410/619/1
f 324/618/1 288/622/1 287/616/1
f 470/623/1 411/621/1 471/620/1
f 470/623/1 412/624/1 411/621/1
f 323/625/1 288/622/1 324/618/1
f 470/623/1 413/626/1 412/624/1
f 469/627/1 413/626/1 470/623/1
f 323/625/1 289/628/1 288/622/1
f 469/627/1 414/629/1 413/626/1
f 468/630/1 414/629/1 469/627/1
f 468/630/1 415/631/1 414/629/1
f 322/632/1 289/628/1 323/625/1
f 322/632/1 290/633/1 289/628/1
f 467/634/1 415/631/1 468/630/1
f 467/634/1 416/635/1 415/631/1
f 467/634/1 417/636/1 416/635/1
f 467/634/1 418/637/1 417/636/1
f 322/632/1 291/638/1 290/633/1
f 466/639/1 418/637/1 467/634/1
f 466/639/1 419/640/1 418/637/1
f 321/641/1 291/638/1 322/632/1
f 466/639/1 420/642/1 419/640/1
f 321/641/1 292/643/1 291/638/1
f 465/644/1 420/642/1 466/639/1
f 465/644/1 421/645/1 420/642/1
f 321/641/1 293/646/1 292/643/1
f 465/644/1 422/647/1 421/645/1
f 320/648/1 293/646/1 321/641/1
f 464/649/1 422/647/1 465/644/1
f 320/648/1 294/650/1 293/646/1
f 464/649/1 423/651/1 422/647/1
f 320/648/1 295/652/1 294/650/1
f 464/649/1 424/653/1 423/651/1
f 463/654/1 424/653/1 464/649/1
f 319/655/1 295/652/1 320/648/1
f 319/655/1 296/656/1 295/652/1
f 319/655/1 297/657/1 296/656/1
f 463/654/1 425/658/1 424/653/1
f 462/659/1 425/658/1 463/654/1
f 319/655/1 298/660/1 297/657/1
f 318/661/1 298/660/1 319/655/1
f 462/659/1 426/662/1 425/658/1
f 461/663/1 426/662/1 462/659/1
f 318/661/1 299/664/1 298/660/1
f 460/665/1 426/662/1 461/663/1
f 318/661/1 300/666/1 299/664/1
f 460/665/1 427/667/1 426/662/1
f 318/661/1 301/668/1 300/666/1
f 459/669/1 427/667/1 460/665/1
f 317/670/1 301/668/1 318/661/1
f 317/670/1 302/671/1 301/668/1
f 458/672/1 427/667/1 459/669/1
f 458/672/1 428/673/1 427/667/1
f 457/674/1 428/673/1 458/672/1
f 317/670/1 303/675/1 302/671/1
f 457/674/1 429/676/1 428/673/1
f 456/677/1 429/676/1 457/674/1
f 317/670/1 304/678/1 303/675/1
f 316/679/1 304/678/1 317/670/1
f 456/677/1 430/680/1 429/676/1
f 315/681/1 304/678/1 316/679/1
f 455/682/1 430/680/1 456/677/1
f 455/682/1 431/683/1 430/680/1
f 314/684/1 304/678/1 315/681/1
f 314/684/1 305/685/1 304/678/1
f 454/686/1 431/683/1 455/682/1
f 454/686/1 432/687/1 431/683/1
f 313/688/1 305/685/1 314/684/1
f 312/689/1 305/685/1 313/688/1
f 454/686/1 433/690/1 432/687/1
f 453/691/1 433/690/1 454/686/1
f 311/692/1 305/685/1 312/689/1
f 311/692/1 306/693/1 305/685/1
f 310/694/1 306/693/1 311/692/1
f 310/694/1 307/695/1 306/693/1
f 309/696/1 307/695/1 310/694/1
f 309/696/1 308/697/1 307/695/1
f 453/691/1 434/698/1 433/690/1
f 452/699/1 434/698/1 453/691/1
f 452/699/1 435/700/1 434/698/1
f 451/701/1 435/700/1 452/699/1
f 451/701/1 436/702/1 435/700/1
f 450/703/1 436/702/1 451/701/1
f 450/703/1 437/704/1 436/702/1
f 449/705/1 437/704/1 450/703/1
f 449/705/1 438/706/1 437/704/1
f 449/705/1 439/707/1 438/706/1
f 448/708/1 439/707/1 449/705/1
f 448/708/1 440/709/1 439/707/1
f 447/710/1 440/709/1 448/708/1
f 447/710/1 441/711/1 440/709/1
f 446/712/1 441/711/1 447/710/1
f 446/712/1 442/713/1 441/711/1
f 445/714/1 442/713/1 446/712/1
f 445/714/1 443/715/1 442/713/1
f 444/716/1 443/715/1 445/714/1
f 1249/717/1 1251/46/1 1250/718/1
f 1248/719/1 1251/46/1 1249/717/1
f 1248/719/1 1071/720/1 1251/46/1
f 1247/721/1 1071/720/1 1248/719/1
f 1247/721/1 1072/722/1 1071/720/1
f 1246/723/1 1072/722/1 1247/721/1
f 1245/724/1 1072/722/1 1246/723/1
f 1244/725/1 1072/722/1 1245/724/1
f 1243/726/1 1072/722/1 1244/725/1
f 1242/727/1 1072/722/1 1243/726/1
f 1242/727/1 1073/728/1 1072/722/1
f 1241/729/1 1073/728/1 1242/727/1
f 1240/730/1 1073/728/1 1241/729/1
f 1240/730/1 1074/731/1 1073/728/1
f 1239/732/1 1074/731/1 1240/730/1
f 1239/732/1 1075/733/1 1074/731/1
f 1239/732/1 1076/734/1 1075/733/1
f 1239/732/1 1077/735/1 1076/734/1
f 1239/732/1 1078/736/1 1077/735/1
f 1239/732/1 1079/737/1 1078/736/1
f 1239/732/1 1080/738/1 1079/737/1
f 1238/739/1 1080/738/1 1239/732/1
f 1238/739/1 1081/740/1 1080/738/1
f 1237/741/1 1081/740/1 1238/739/1
f 1237/741/1 1082/742/1 1081/740/1
f 1236/743/1 1082/742/1 1237/741/1
f 1236/743/1 1083/744/1 1082/742/1
f 1235/745/1 1083/744/1 1236/743/1
f 1235/745/1 1084/746/1 1083/744/1
f 1235/745/1 1085/747/1 1084/746/1
f 1235/745/1 1086/748/1 1085/747/1
f 1235/745/1 1087/749/1 1086/748/1
f 1235/745/1 1088/750/1 1087/749/1
f 1235/745/1 1089/751/1 1088/750/1
f 1234/752/1 1089/751/1 1235/745/1
f 1234/752/1 1090/753/1 1089/751/1
f 1234/752/1 1091/754/1 1090/753/1
f 1234/752/1 1092/755/1 1091/754/1
f 1234/752/1 1093/756/1 1092/755/1
f 1234/752/1 1094/757/1 1093/756/1
f 1233/758/1 1094/757/1 1234/752/1
f 1233/758/1 1095/759/1 1094/757/1
f 1233/758/1 1179/760/1 1095/759/1
f 1179/760/1 1096/761/1 1095/759/1
f 1232/762/1 1179/760/1 1233/758/1
f 1232/762/1 1180/763/1 1179/760/1
f 1178/764/1 1096/761/1 1179/760/1
f 1231/765/1 1180/763/1 1232/762/1
f 1178/764/1 1097/766/1 1096/761/1
f 1177/767/1 1097/766/1 1178/764/1
f 1231/765/1 1181/768/1 1180/763/1
f 1230/769/1 1181/768/1 1231/765/1
f 1229/770/1 1181/768/1 1230/769/1
f 1176/771/1 1097/766/1 1177/767/1
f 1229/770/1 1182/772/1 1181/768/1
f 1176/771/1 1098/773/1 1097/766/1
f 1228/774/1 1182/772/1 1229/770/1
f 1175/775/1 1098/773/1 1176/771/1
f 1228/774/1 1183/776/1 1182/772/1
f 1174/777/1 1098/773/1 1175/775/1
f 1227/778/1 1183/776/1 1228/774/1
f 1227/778/1 1184/779/1 1183/776/1
f 1174/777/1 1099/780/1 1098/773/1
f 1173/781/1 1099/780/1 1174/777/1
f 1227/778/1 1185/782/1 1184/779/1
f 1226/783/1 1185/782/1 1227/778/1
f 1172/784/1 1099/780/1 1173/781/1
f 1226/783/1 1186/785/1 1185/782/1
f 1172/784/1 1100/786/1 1099/780/1
f 1225/787/1 1186/785/1 1226/783/1
f 1171/788/1 1100/786/1 1172/784/1
f 1225/787/1 1187/789/1 1186/785/1
f 1171/788/1 1101/790/1 1100/786/1
f 1224/791/1 1187/789/1 1225/787/1
f 1170/792/1 1101/790/1 1171/788/1
f 1224/791/1 1188/793/1 1187/789/1
f 1169/794/1 1101/790/1 1170/792/1
f 1224/791/1 1189/795/1 1188/793/1
f 1223/796/1 1189/795/1 1224/791/1
f 1169/794/1 1102/797/1 1101/790/1
f 1223/796/1 1190/798/1 1189/795/1
f 1168/799/1 1102/797/1 1169/794/1
f 1222/800/1 1190/798/1 1223/796/1
f 1222/800/1 1191/801/1 1190/798/1
f 1167/802/1 1102/797/1 1168/799/1
f 1167/802/1 1103/803/1 1102/797/1
f 1068/804/1 1070/805/1 1069/806/1
f 1067/807/1 1070/805/1 1068/804/1
f 1067/807/1 717/227/1 1070/805/1
f 1222/800/1 1192/808/1 1191/801/1
f 1066/809/1 717/227/1 1067/807/1
f 1066/809/1 718/810/1 717/227/1
f 1065/811/1 718/810/1 1066/809/1
f 1065/811/1 719/812/1 718/810/1
f 1064/813/1 719/812/1 1065/811/1
f 1063/814/1 719/812/1 1064/813/1
f 1063/814/1 720/815/1 719/812/1
f 1166/816/1 1103/803/1 1167/802/1
f 1062/817/1 720/815/1 1063/814/1
f 1062/817/1 721/818/1 720/815/1
f 1061/819/1 721/818/1 1062/817/1
f 1061/819/1 722/820/1 721/818/1
f 1061/819/1 723/821/1 722/820/1
f 1221/822/1 1192/808/1 1222/800/1
f 1060/823/1 723/821/1 1061/819/1
f 1060/823/1 724/824/1 723/821/1
f 1166/816/1 1104/825/1 1103/803/1
f 1060/823/1 725/826/1 724/824/1
f 1059/827/1 725/826/1 1060/823/1
f 1221/822/1 1193/828/1 1192/808/1
f 1059/827/1 726/829/1 725/826/1
f 1059/827/1 727/830/1 726/829/1
f 1058/831/1 727/830/1 1059/827/1
f 1165/832/1 1104/825/1 1166/816/1
f 1058/831/1 728/833/1 727/830/1
f 1058/831/1 729/834/1 728/833/1
f 1058/831/1 730/835/1 729/834/1
f 1058/831/1 731/836/1 730/835/1
f 1057/837/1 731/836/1 1058/831/1
f 1057/837/1 732/838/1 731/836/1
f 1057/837/1 733/839/1 732/838/1
f 1057/837/1 734/840/1 733/839/1
f 1057/837/1 735/841/1 734/840/1
f 1057/837/1 736/842/1 735/841/1
f 1056/843/1 736/842/1 1057/837/1
f 1221/822/1 1194/844/1 1193/828/1
f 1056/843/1 737/845/1 736/842/1
f 1056/843/1 738/846/1 737/845/1
f 1164/847/1 1104/825/1 1165/832/1
f 1056/843/1 739/848/1 738/846/1
f 1056/843/1 740/849/1 739/848/1
f 1055/850/1 740/849/1 1056/843/1
f 1164/847/1 1105/851/1 1104/825/1
f 1220/852/1 1194/844/1 1221/822/1
f 1055/850/1 741/853/1 740/849/1
f 1055/850/1 742/854/1 741/853/1
f 1054/855/1 742/854/1 1055/850/1
f 1054/855/1 743/856/1 742/854/1
f 1163/857/1 1105/851/1 1164/847/1
f 1220/852/1 1195/858/1 1194/844/1
f 1054/855/1 744/859/1 743/856/1
f 1053/860/1 744/859/1 1054/855/1
f 1053/860/1 745/861/1 744/859/1
f 1053/860/1 746/862/1 745/861/1
f 1053/860/1 747/863/1 746/862/1
f 1052/864/1 747/863/1 1053/860/1
f 1163/857/1 1106/865/1 1105/851/1
f 1162/866/1 1106/865/1 1163/857/1
f 1052/864/1 748/867/1 747/863/1
f 1052/864/1 749/868/1 748/867/1
f 1220/852/1 1196/869/1 1195/858/1
f 1052/864/1 750/870/1 749/868/1
f 1051/871/1 750/870/1 1052/864/1
f 1051/871/1 751/872/1 750/870/1
f 1219/873/1 1196/869/1 1220/852/1
f 1051/871/1 752/874/1 751/872/1
f 1051/871/1 753/875/1 752/874/1
f 1161/876/1 1106/865/1 1162/866/1
f 1051/871/1 754/877/1 753/875/1
f 1051/871/1 755/878/1 754/877/1
f 1051/871/1 756/879/1 755/878/1
f 1050/880/1 756/879/1 1051/871/1
f 1050/880/1 757/881/1 756/879/1
f 1050/880/1 758/882/1 757/881/1
f 1161/876/1 1107/883/1 1106/865/1
f 1050/880/1 759/884/1 758/882/1
f 1050/880/1 760/885/1 759/884/1
f 1050/880/1 761/886/1 760/885/1
f 1160/887/1 1107/883/1 1161/876/1
f 1049/888/1 761/886/1 1050/880/1
f 1049/888/1 762/889/1 761/886/1
f 1219/873/1 1197/890/1 1196/869/1
f 1049/888/1 763/891/1 762/889/1
f 1049/888/1 764/892/1 763/891/1
f 1049/888/1 765/893/1 764/892/1
f 1048/894/1 765/893/1 1049/888/1
f 1159/895/1 1107/883/1 1160/887/1
f 1048/894/1 766/896/1 765/893/1
f 1159/895/1 1108/897/1 1107/883/1
f 1159/895/1 1109/898/1 1108/897/1
f 1159/895/1 1110/899/1 1109/898/1
f 1159/895/1 1111/900/1 1110/899/1
f 1048/894/1 767/901/1 766/896/1
f 1159/895/1 1112/902/1 1111/900/1
f 1159/895/1 1113/903/1 1112/902/1
f 1159/895/1 1114/904/1 1113/903/1
f 1048/894/1 768/905/1 767/901/1
f 1159/895/1 1115/906/1 1114/904/1
f 1218/907/1 1197/890/1 1219/873/1
f 1159/895/1 1116/908/1 1115/906/1
f 1047/909/1 768/905/1 1048/894/1
f 1159/895/1 1117/910/1 1116/908/1
f 1158/911/1 1117/910/1 1159/895/1
f 1047/909/1 769/912/1 768/905/1
f 1158/911/1 1118/913/1 1117/910/1
f 1158/911/1 1119/914/1 1118/913/1
f 1158/911/1 1120/915/1 1119/914/1
f 1047/909/1 770/916/1 769/912/1
f 1218/907/1 1198/917/1 1197/890/1
f 1158/911/1 1121/918/1 1120/915/1
f 1047/909/1 771/919/1 770/916/1
f 1158/911/1 1122/920/1 1121/918/1
f 1046/921/1 771/919/1 1047/909/1
f 1157/922/1 1122/920/1 1158/911/1
f 1045/923/1 771/919/1 1046/921/1
f 1044/924/1 771/919/1 1045/923/1
f 1043/925/1 771/919/1 1044/924/1
f 1043/925/1 772/926/1 771/919/1
f 1042/927/1 772/926/1 1043/925/1
f 1157/922/1 1123/928/1 1122/920/1
f 1041/929/1 772/926/1 1042/927/1
f 1040/930/1 772/926/1 1041/929/1
f 1040/930/1 1022/931/1 772/926/1
f 1022/931/1 773/932/1 772/926/1
f 1157/922/1 1124/933/1 1123/928/1
f 1040/930/1 1023/934/1 1022/931/1
f 1021/935/1 773/932/1 1022/931/1
f 1039/936/1 1023/934/1 1040/930/1
f 1156/937/1 1124/933/1 1157/922/1
f 1156/937/1 1125/938/1 1124/933/1
f 1038/939/1 1023/934/1 1039/936/1
f 1021/935/1 774/940/1 773/932/1
f 1020/941/1 774/940/1 1021/935/1
f 1037/942/1 1023/934/1 1038/939/1
f 1156/937/1 1126/943/1 1125/938/1
f 1037/942/1 1024/944/1 1023/934/1
f 1019/945/1 774/940/1 1020/941/1
f 1019/945/1 775/946/1 774/940/1
f 1036/947/1 1024/944/1 1037/942/1
f 1156/937/1 1127/948/1 1126/943/1
f 1155/949/1 1127/948/1 1156/937/1
f 1035/950/1 1024/944/1 1036/947/1
f 1035/950/1 1025/951/1 1024/944/1
f 1155/949/1 1128/952/1 1127/948/1
f 1018/953/1 775/946/1 1019/945/1
f 1018/953/1 776/954/1 775/946/1
f 1155/949/1 1129/955/1 1128/952/1
f 1034/956/1 1025/951/1 1035/950/1
f 1154/957/1 1129/955/1 1155/949/1
f 1218/907/1 1199/958/1 1198/917/1
f 1034/956/1 1026/959/1 1025/951/1
f 1017/960/1 776/954/1 1018/953/1
f 1154/957/1 1130/961/1 1129/955/1
f 1017/960/1 777/962/1 776/954/1
f 1153/963/1 1130/961/1 1154/957/1
f 1153/963/1 1131/964/1 1130/961/1
f 1034/956/1 1027/965/1 1026/959/1
f 1016/966/1 777/962/1 1017/960/1
f 1217/967/1 1199/958/1 1218/907/1
f 1016/966/1 778/968/1 777/962/1
f 1153/963/1 1132/969/1 1131/964/1
f 1152/970/1 1132/969/1 1153/963/1
f 1034/956/1 1028/971/1 1027/965/1
f 1152/970/1 1133/972/1 1132/969/1
f 1015/973/1 778/968/1 1016/966/1
f 1151/974/1 1133/972/1 1152/970/1
f 1034/956/1 1029/975/1 1028/971/1
f 1151/974/1 1134/976/1 1133/972/1
f 1015/973/1 779/977/1 778/968/1
f 1034/956/1 1030/978/1 1029/975/1
f 1014/979/1 779/977/1 1015/973/1
f 1150/980/1 1134/976/1 1151/974/1
f 1150/980/1 1135/981/1 1134/976/1
f 1034/956/1 1031/982/1 1030/978/1
f 1149/983/1 1135/981/1 1150/980/1
f 1149/983/1 1136/984/1 1135/981/1
f 1034/956/1 1032/985/1 1031/982/1
f 1034/956/1 1033/986/1 1032/985/1
f 1013/987/1 779/977/1 1014/979/1
f 1149/983/1 1137/988/1 1136/984/1
f 1148/989/1 1137/988/1 1149/983/1
f 1148/989/1 1138/990/1 1137/988/1
f 1147/991/1 1138/990/1 1148/989/1
f 1013/987/1 780/992/1 779/977/1
f 1147/991/1 1139/993/1 1138/990/1
f 1146/994/1 1139/993/1 1147/991/1
f 1012/995/1 780/992/1 1013/987/1
f 1146/994/1 1140/996/1 1139/993/1
f 1145/997/1 1140/996/1 1146/994/1
f 1145/997/1 1141/998/1 1140/996/1
f 1144/999/1 1141/998/1 1145/997/1
f 1217/967/1 1200/1000/1 1199/958/1
f 1144/999/1 1142/1001/1 1141/998/1
f 1143/1002/1 1142/1001/1 1144/999/1
f 1011/1003/1 780/992/1 1012/995/1
f 1011/1003/1 781/1004/1 780/992/1
f 1010/1005/1 781/1004/1 1011/1003/1
f 1009/1006/1 781/1004/1 1010/1005/1
f 1216/1007/1 1200/1000/1 1217/967/1
f 1009/1006/1 782/1008/1 781/1004/1
f 1216/1007/1 1201/1009/1 1200/1000/1
f 1009/1006/1 783/1010/1 782/1008/1
f 1009/1006/1 784/1011/1 783/1010/1
f 1215/1012/1 1201/1009/1 1216/1007/1
f 1215/1012/1 1202/1013/1 1201/1009/1
f 1009/1006/1 785/1014/1 784/1011/1
f 1009/1006/1 786/1015/1 785/1014/1
f 1215/1012/1 1203/1016/1 1202/1013/1
f 1214/1017/1 1203/1016/1 1215/1012/1
f 1213/1018/1 1203/1016/1 1214/1017/1
f 1009/1006/1 787/1019/1 786/1015/1
f 1212/1020/1 1203/1016/1 1213/1018/1
f 1211/1021/1 1203/1016/1 1212/1020/1
f 1210/1022/1 1203/1016/1 1211/1021/1
f 1209/1023/1 1203/1016/1 1210/1022/1
f 1208/1024/1 1203/1016/1 1209/1023/1
f 1207/1025/1 1203/1016/1 1208/1024/1
f 1207/1025/1 1204/1026/1 1203/1016/1
f 1206/1027/1 1204/1026/1 1207/1025/1
f 1206/1027/1 1205/1028/1 1204/1026/1
f 1009/1006/1 788/1029/1 787/1019/1
f 800/1030/1 802/1031/1 801/1032/1
f 800/1030/1 803/1033/1 802/1031/1
f 800/1030/1 804/1034/1 803/1033/1
f 800/1030/1 805/1035/1 804/1034/1
f 800/1030/1 806/1036/1 805/1035/1
f 800/1030/1 807/1037/1 806/1036/1
f 800/1030/1 808/1038/1 807/1037/1
f 799/1039/1 808/1038/1 800/1030/1
f 799/1039/1 809/1040/1 808/1038/1
f 799/1039/1 810/1041/1 809/1040/1
f 798/1042/1 810/1041/1 799/1039/1
f 798/1042/1 811/1043/1 810/1041/1
f 798/1042/1 812/1044/1 811/1043/1
f 797/1045/1 812/1044/1 798/1042/1
f 797/1045/1 813/1046/1 812/1044/1
f 797/1045/1 814/1047/1 813/1046/1
f 796/1048/1 814/1047/1 797/1045/1
f 796/1048/1 815/1049/1 814/1047/1
f 796/1048/1 816/1050/1 815/1049/1
f 795/1051/1 816/1050/1 796/1048/1
f 795/1051/1 817/1052/1 816/1050/1
f 1009/1006/1 789/1053/1 788/1029/1
f 795/1051/1 818/1054/1 817/1052/1
f 794/1055/1 818/1054/1 795/1051/1
f 794/1055/1 819/1056/1 818/1054/1
f 793/1057/1 819/1056/1 794/1055/1
f 793/1057/1 820/1058/1 819/1056/1
f 792/1059/1 820/1058/1 793/1057/1
f 792/1059/1 821/1060/1 820/1058/1
f 791/1061/1 821/1060/1 792/1059/1
f 791/1061/1 822/1062/1 821/1060/1
f 790/1063/1 822/1062/1 791/1061/1
f 790/1063/1 823/1064/1 822/1062/1
f 789/1053/1 823/1064/1 790/1063/1
f 789/1053/1 824/1065/1 823/1064/1
f 1009/1006/1 824/1065/1 789/1053/1
f 1009/1006/1 825/1066/1 824/1065/1
f 1009/1006/1 826/1067/1 825/1066/1
f 1009/1006/1 827/1068/1 826/1067/1
f 1009/1006/1 828/1069/1 827/1068/1
f 1008/1070/1 828/1069/1 1009/1006/1
f 1008/1070/1 829/1071/1 828/1069/1
f 1008/1070/1 830/1072/1 829/1071/1
f 1008/1070/1 831/1073/1 830/1072/1
f 1008/1070/1 832/1074/1 831/1073/1
f 1008/1070/1 833/1075/1 832/1074/1
f 1008/1070/1 834/1076/1 833/1075/1
f 1008/1070/1 835/1077/1 834/1076/1
f 1008/1070/1 836/1078/1 835/1077/1
f 1008/1070/1 837/1079/1 836/1078/1
f 1008/1070/1 838/1080/1 837/1079/1
f 1008/1070/1 839/1081/1 838/1080/1
f 1008/1070/1 840/1082/1 839/1081/1
f 1008/1070/1 841/1083/1 840/1082/1
f 1008/1070/1 842/1084/1 841/1083/1
f 1008/1070/1 843/1085/1 842/1084/1
f 1008/1070/1 844/1086/1 843/1085/1
f 1008/1070/1 845/1087/1 844/1086/1
f 1008/1070/1 846/1088/1 845/1087/1
f 1008/1070/1 847/1089/1 846/1088/1
f 1008/1070/1 848/1090/1 847/1089/1
f 1008/1070/1 849/1091/1 848/1090/1
f 1008/1070/1 972/1092/1 849/1091/1
f 972/1092/1 850/1093/1 849/1091/1
f 1007/1094/1 972/1092/1 1008/1070/1
f 1006/1095/1 972/1092/1 1007/1094/1
f 1005/1096/1 972/1092/1 1006/1095/1
f 1004/1097/1 972/1092/1 1005/1096/1
f 1003/1098/1 972/1092/1 1004/1097/1
f 1002/1099/1 972/1092/1 1003/1098/1
f 1001/1100/1 972/1092/1 1002/1099/1
f 1001/1100/1 973/1101/1 972/1092/1
f 971/1102/1 850/1093/1 972/1092/1
f 1000/1103/1 973/1101/1 1001/1100/1
f 999/1104/1 973/1101/1 1000/1103/1
f 999/1104/1 974/1105/1 973/1101/1
f 998/1106/1 974/1105/1 999/1104/1
f 997/1107/1 974/1105/1 998/1106/1
f 997/1107/1 975/1108/1 974/1105/1
f 996/1109/1 975/1108/1 997/1107/1
f 996/1109/1 976/1110/1 975/1108/1
f 995/1111/1 976/1110/1 996/1109/1
f 995/1111/1 977/1112/1 976/1110/1
f 994/1113/1 977/1112/1 995/1111/1
f 994/1113/1 978/1114/1 977/1112/1
f 993/1115/1 978/1114/1 994/1113/1
f 993/1115/1 979/1116/1 978/1114/1
f 992/1117/1 979/1116/1 993/1115/1
f 992/1117/1 980/1118/1 979/1116/1
f 991/1119/1 980/1118/1 992/1117/1
f 991/1119/1 981/1120/1 980/1118/1
f 990/1121/1 981/1120/1 991/1119/1
f 990/1121/1 982/1122/1 981/1120/1
f 989/1123/1 982/1122/1 990/1121/1
f 989/1123/1 983/1124/1 982/1122/1
f 988/1125/1 983/1124/1 989/1123/1
f 987/1126/1 983/1124/1 988/1125/1
f 987/1126/1 984/1127/1 983/1124/1
f 986/1128/1 984/1127/1 987/1126/1
f 985/1129/1 984/1127/1 986/1128/1
f 863/1130/1 865/1131/1 864/1132/1
f 863/1130/1 866/1133/1 865/1131/1
f 862/1134/1 866/1133/1 863/1130/1
f 862/1134/1 867/1135/1 866/1133/1
f 861/1136/1 867/1135/1 862/1134/1
f 860/1137/1 867/1135/1 861/1136/1
f 860/1137/1 868/1138/1 867/1135/1
f 859/1139/1 868/1138/1 860/1137/1
f 859/1139/1 869/1140/1 868/1138/1
f 858/1141/1 869/1140/1 859/1139/1
f 858/1141/1 870/1142/1 869/1140/1
f 857/1143/1 870/1142/1 858/1141/1
f 856/1144/1 870/1142/1 857/1143/1
f 856/1144/1 871/1145/1 870/1142/1
f 855/1146/1 871/1145/1 856/1144/1
f 854/1147/1 871/1145/1 855/1146/1
f 854/1147/1 872/1148/1 871/1145/1
f 853/1149/1 872/1148/1 854/1147/1
f 853/1149/1 873/1150/1 872/1148/1
f 852/1151/1 873/1150/1 853/1149/1
f 851/1152/1 873/1150/1 852/1151/1
f 851/1152/1 874/1153/1 873/1150/1
f 850/1093/1 874/1153/1 851/1152/1
f 850/1093/1 875/1154/1 874/1153/1
f 850/1093/1 876/1155/1 875/1154/1
f 850/1093/1 877/1156/1 876/1155/1
f 850/1093/1 878/1157/1 877/1156/1
f 850/1093/1 879/1158/1 878/1157/1
f 850/1093/1 880/1159/1 879/1158/1
f 971/1102/1 880/1159/1 850/1093/1
f 971/1102/1 881/1160/1 880/1159/1
f 971/1102/1 882/1161/1 881/1160/1
f 970/1162/1 882/1161/1 971/1102/1
f 970/1162/1 883/1163/1 882/1161/1
f 970/1162/1 884/1164/1 883/1163/1
f 969/1165/1 884/1164/1 970/1162/1
f 969/1165/1 885/1166/1 884/1164/1
f 968/1167/1 885/1166/1 969/1165/1
f 968/1167/1 886/1168/1 885/1166/1
f 968/1167/1 887/1169/1 886/1168/1
f 967/1170/1 887/1169/1 968/1167/1
f 967/1170/1 888/1171/1 887/1169/1
f 966/1172/1 888/1171/1 967/1170/1
f 966/1172/1 889/1173/1 888/1171/1
f 965/1174/1 889/1173/1 966/1172/1
f 965/1174/1 890/1175/1 889/1173/1
f 964/1176/1 890/1175/1 965/1174/1
f 964/1176/1 891/1177/1 890/1175/1
f 963/1178/1 891/1177/1 964/1176/1
f 963/1178/1 892/1179/1 891/1177/1
f 962/1180/1 892/1179/1 963/1178/1
f 962/1180/1 911/1181/1 892/1179/1
f 911/1181/1 910/1182/1 892/1179/1
f 910/1182/1 909/1183/1 892/1179/1
f 909/1183/1 893/1184/1 892/1179/1
f 962/1180/1 912/1185/1 911/1181/1
f 962/1180/1 913/1186/1 912/1185/1
f 908/1187/1 893/1184/1 909/1183/1
f 962/1180/1 914/1188/1 913/1186/1
f 907/1189/1 893/1184/1 908/1187/1
f 906/1190/1 893/1184/1 907/1189/1
f 962/1180/1 915/1191/1 914/1188/1
f 905/1192/1 893/1184/1 906/1190/1
f 962/1180/1 916/1193/1 915/1191/1
f 961/1194/1 916/1193/1 962/1180/1
f 904/1195/1 893/1184/1 905/1192/1
f 904/1195/1 894/1196/1 893/1184/1
f 903/1197/1 894/1196/1 904/1195/1
f 961/1194/1 917/1198/1 916/1193/1
f 902/1199/1 894/1196/1 903/1197/1
f 961/1194/1 918/1200/1 917/1198/1
f 901/1201/1 894/1196/1 902/1199/1
f 901/1201/1 895/1202/1 894/1196/1
f 961/1194/1 919/1203/1 918/1200/1
f 900/1204/1 895/1202/1 901/1201/1
f 899/1205/1 895/1202/1 900/1204/1
f 899/1205/1 896/1206/1 895/1202/1
f 960/1207/1 919/1203/1 961/1194/1
f 960/1207/1 920/1208/1 919/1203/1
f 898/1209/1 896/1206/1 899/1205/1
f 898/1209/1 897/1210/1 896/1206/1
f 960/1207/1 921/1211/1 920/1208/1
f 960/1207/1 922/1212/1 921/1211/1
f 959/1213/1 922/1212/1 960/1207/1
f 959/1213/1 923/1214/1 922/1212/1
f 958/1215/1 923/1214/1 959/1213/1
f 958/1215/1 924/1216/1 923/1214/1
f 958/1215/1 925/1217/1 924/1216/1
f 958/1215/1 926/1218/1 925/1217/1
f 957/1219/1 926/1218/1 958/1215/1
f 957/1219/1 927/1220/1 926/1218/1
f 956/1221/1 927/1220/1 957/1219/1
f 956/1221/1 928/1222/1 927/1220/1
f 956/1221/1 929/1223/1 928/1222/1
f 955/1224/1 929/1223/1 956/1221/1
f 955/1224/1 930/1225/1 929/1223/1
f 954/1226/1 930/1225/1 955/1224/1
f 954/1226/1 931/1227/1 930/1225/1
f 953/1228/1 931/1227/1 954/1226/1
f 953/1228/1 932/1229/1 931/1227/1
f 953/1228/1 933/1230/1 932/1229/1
f 952/1231/1 933/1230/1 953/1228/1
f 952/1231/1 934/1232/1 933/1230/1
f 951/1233/1 934/1232/1 952/1231/1
f 951/1233/1 935/1234/1 934/1232/1
f 950/1235/1 935/1234/1 951/1233/1
f 950/1235/1 936/1236/1 935/1234/1
f 950/1235/1 937/1237/1 936/1236/1
f 950/1235/1 938/1238/1 937/1237/1
f 949/1239/1 938/1238/1 950/1235/1
f 949/1239/1 939/1240/1 938/1238/1
f 949/1239/1 940/1241/1 939/1240/1
f 949/1239/1 941/1242/1 940/1241/1
f 948/1243/1 941/1242/1 949/1239/1
f 948/1243/1 942/1244/1 941/1242/1
f 948/1243/1 943/1245/1 942/1244/1
f 948/1243/1 944/1246/1 943/1245/1
f 947/1247/1 946/1248/1 948/1243/1
f 946/1248/1 945/1249/1 948/1243/1
f 945/1249/1 944/1246/1 948/1243/1
f 1287/1250/1 1289/1251/1 1288/1252/1
f 1311/1253/1 1313/1254/1 1312/1255/1
f 1287/1250/1 1290/1256/1 1289/1251/1
f 1286/1257/1 1290/1256/1 1287/1250/1
f 1286/1257/1 1291/1258/1 1290/1256/1
f 1285/1259/1 1291/1258/1 1286/1257/1
f 1285/1259/1 1292/1260/1 1291/1258/1
f 1285/1259/1 1293/1261/1 1292/1260/1
f 1284/1262/1 1293/1261/1 1285/1259/1
f 1284/1262/1 1294/1263/1 1293/1261/1
f 1283/1264/1 1294/1263/1 1284/1262/1
f 1283/1264/1 1295/1265/1 1294/1263/1
f 1310/1266/1 1313/1254/1 1311/1253/1
f 1283/1264/1 1296/1267/1 1295/1265/1
f 1282/1268/1 1296/1267/1 1283/1264/1
f 1282/1268/1 1297/1269/1 1296/1267/1
f 1281/1270/1 1297/1269/1 1282/1268/1
f 1281/1270/1 1298/1271/1 1297/1269/1
f 1309/1272/1 1313/1254/1 1310/1266/1
f 1280/1273/1 1298/1271/1 1281/1270/1
f 1280/1273/1 1299/1274/1 1298/1271/1
f 1308/1275/1 1313/1254/1 1309/1272/1
f 1280/1273/1 1300/1276/1 1299/1274/1
f 1279/1277/1 1300/1276/1 1280/1273/1
f 1279/1277/1 1301/1278/1 1300/1276/1
f 1307/1279/1 1313/1254/1 1308/1275/1
f 1278/1280/1 1339/1281/1 1279/1277/1
f 1339/1281/1 1338/1282/1 1279/1277/1
f 1338/1282/1 1301/1278/1 1279/1277/1
f 1338/1282/1 1302/1283/1 1301/1278/1
f 1306/1284/1 1313/1254/1 1307/1279/1
f 1337/1285/1 1302/1283/1 1338/1282/1
f 1278/1280/1 1340/1286/1 1339/1281/1
f 1336/1287/1 1302/1283/1 1337/1285/1
f 1278/1280/1 1341/1288/1 1340/1286/1
f 1336/1287/1 1303/1289/1 1302/1283/1
f 1305/1290/1 1313/1254/1 1306/1284/1
f 1335/1291/1 1303/1289/1 1336/1287/1
f 1278/1280/1 1342/1292/1 1341/1288/1
f 1335/1291/1 1304/1293/1 1303/1289/1
f 1304/1293/1 1313/1254/1 1305/1290/1
f 1334/1294/1 1304/1293/1 1335/1291/1
f 1334/1294/1 1333/1295/1 1304/1293/1
f 1333/1295/1 1332/1296/1 1304/1293/1
f 1332/1296/1 1331/1297/1 1304/1293/1
f 1331/1297/1 1330/1298/1 1304/1293/1
f 1330/1298/1 1329/1299/1 1304/1293/1
f 1329/1299/1 1328/1300/1 1304/1293/1
f 1328/1300/1 1327/1301/1 1304/1293/1
f 1327/1301/1 1313/1254/1 1304/1293/1
f 1278/1280/1 1343/1302/1 1342/1292/1
f 1277/1303/1 1343/1302/1 1278/1280/1
f 1277/1303/1 1344/1304/1 1343/1302/1
f 1277/1303/1 1345/1202/1 1344/1304/1
f 1277/1303/1 1346/1305/1 1345/1202/1
f 1276/1306/1 1346/1305/1 1277/1303/1
f 1276/1306/1 1347/1307/1 1346/1305/1
f 1276/1306/1 1348/1308/1 1347/1307/1
f 1275/1309/1 1348/1308/1 1276/1306/1
f 1275/1309/1 1349/1310/1 1348/1308/1
f 1274/1311/1 1349/1310/1 1275/1309/1
f 1274/1311/1 1350/1312/1 1349/1310/1
f 1274/1311/1 1351/1313/1 1350/1312/1
f 1273/1314/1 1351/1313/1 1274/1311/1
f 1273/1314/1 1352/1315/1 1351/1313/1
f 1326/1316/1 1313/1254/1 1327/1301/1
f 1272/1317/1 1352/1315/1 1273/1314/1
f 1272/1317/1 1353/1318/1 1352/1315/1
f 1325/1319/1 1313/1254/1 1326/1316/1
f 1272/1317/1 1354/1320/1 1353/1318/1
f 1271/1321/1 1354/1320/1 1272/1317/1
f 1271/1321/1 1355/1322/1 1354/1320/1
f 1324/1323/1 1313/1254/1 1325/1319/1
f 1270/1324/1 1355/1322/1 1271/1321/1
f 1270/1324/1 1356/1325/1 1355/1322/1
f 1323/1326/1 1313/1254/1 1324/1323/1
f 1269/1327/1 1356/1325/1 1270/1324/1
f 1269/1327/1 1357/1328/1 1356/1325/1
f 1322/1329/1 1313/1254/1 1323/1326/1
f 1269/1327/1 1358/1330/1 1357/1328/1
f 1268/1331/1 1358/1330/1 1269/1327/1
f 1321/1332/1 1313/1254/1 1322/1329/1
f 1268/1331/1 1359/1333/1 1358/1330/1
f 1267/1334/1 1359/1333/1 1268/1331/1
f 1267/1334/1 1360/1335/1 1359/1333/1
f 1320/1336/1 1313/1254/1 1321/1332/1
f 1267/1334/1 1361/1337/1 1360/1335/1
f 1266/1338/1 1361/1337/1 1267/1334/1
f 1319/1339/1 1313/1254/1 1320/1336/1
f 1266/1338/1 1362/1340/1 1361/1337/1
f 1318/1341/1 1313/1254/1 1319/1339/1
f 1265/1342/1 1362/1340/1 1266/1338/1
f 1265/1342/1 1363/1343/1 1362/1340/1
f 1317/1344/1 1313/1254/1 1318/1341/1
f 1264/1345/1 1363/1343/1 1265/1342/1
f 1264/1345/1 1364/1346/1 1363/1343/1
f 1316/1347/1 1313/1254/1 1317/1344/1
f 1263/1348/1 1364/1346/1 1264/1345/1
f 1263/1348/1 1365/1349/1 1364/1346/1
f 1315/1350/1 1313/1254/1 1316/1347/1
f 1263/1348/1 1366/1351/1 1365/1349/1
f 1262/1352/1 1366/1351/1 1263/1348/1
f 1315/1350/1 1314/1353/1 1313/1254/1
f 1262/1352/1 1367/1354/1 1366/1351/1
f 1262/1352/1 1368/1355/1 1367/1354/1
f 1261/1356/1 1368/1355/1 1262/1352/1
f 1261/1356/1 1369/1357/1 1368/1355/1
f 1261/1356/1 1370/1358/1 1369/1357/1
f 1261/1356/1 1371/1359/1 1370/1358/1
f 1260/1360/1 1371/1359/1 1261/1356/1
f 1260/1360/1 1372/1361/1 1371/1359/1
f 1260/1360/1 1373/1362/1 1372/1361/1
f 1259/1363/1 1373/1362/1 1260/1360/1
f 1259/1363/1 1374/1364/1 1373/1362/1
f 1259/1363/1 1375/1365/1 1374/1364/1
f 1258/1366/1 1375/1365/1 1259/1363/1
f 1258/1366/1 1376/1367/1 1375/1365/1
f 1258/1366/1 1377/1368/1 1376/1367/1
f 1257/1369/1 1377/1368/1 1258/1366/1
f 1257/1369/1 1378/1370/1 1377/1368/1
f 1257/1369/1 1379/1371/1 1378/1370/1
f 1256/1372/1 1379/1371/1 1257/1369/1
f 1256/1372/1 1380/1373/1 1379/1371/1
f 1255/1374/1 1380/1373/1 1256/1372/1
f 1255/1374/1 1381/1375/1 1380/1373/1
f 1255/1374/1 1382/1376/1 1381/1375/1
f 1254/1377/1 1382/1376/1 1255/1374/1
f 1254/1377/1 1383/1378/1 1382/1376/1
f 1253/1379/1 1383/1378/1 1254/1377/1
f 1253/1379/1 1384/1380/1 1383/1378/1
f 1253/1379/1 1385/1381/1 1384/1380/1
f 1252/227/1 1385/1381/1 1253/1379/1
f 1252/227/1 1386/1382/1 1385/1381/1
f 1531/46/1 1386/1382/1 1252/227/1
f 1531/46/1 1387/1383/1 1386/1382/1
f 1530/1384/1 1387/1383/1 1531/46/1
f 1530/1384/1 1388/1385/1 1387/1383/1
f 1529/1386/1 1388/1385/1 1530/1384/1
f 1528/1387/1 1388/1385/1 1529/1386/1
f 1528/1387/1 1389/1388/1 1388/1385/1
f 1527/1389/1 1389/1388/1 1528/1387/1
f 1526/1390/1 1389/1388/1 1527/1389/1
f 1526/1390/1 1390/1391/1 1389/1388/1
f 1525/1392/1 1390/1391/1 1526/1390/1
f 1524/1393/1 1390/1391/1 1525/1392/1
f 1524/1393/1 1391/1394/1 1390/1391/1
f 1523/1395/1 1391/1394/1 1524/1393/1
f 1522/1396/1 1391/1394/1 1523/1395/1
f 1522/1396/1 1392/1397/1 1391/1394/1
f 1521/1398/1 1392/1397/1 1522/1396/1
f 1520/1399/1 1392/1397/1 1521/1398/1
f 1519/1400/1 1392/1397/1 1520/1399/1
f 1519/1400/1 1393/1401/1 1392/1397/1
f 1518/1402/1 1393/1401/1 1519/1400/1
f 1517/1403/1 1393/1401/1 1518/1402/1
f 1517/1403/1 1394/1404/1 1393/1401/1
f 1516/1405/1 1394/1404/1 1517/1403/1
f 1516/1405/1 1395/1406/1 1394/1404/1
f 1515/1407/1 1395/1406/1 1516/1405/1
f 1514/1408/1 1395/1406/1 1515/1407/1
f 1514/1408/1 1396/1409/1 1395/1406/1
f 1513/1410/1 1396/1409/1 1514/1408/1
f 1512/1411/1 1396/1409/1 1513/1410/1
f 1512/1411/1 1397/1412/1 1396/1409/1
f 1459/1413/1 1461/1414/1 1460/1415/1
f 1511/1416/1 1397/1412/1 1512/1411/1
f 1458/1417/1 1461/1414/1 1459/1413/1
f 1458/1417/1 1462/1418/1 1461/1414/1
f 1511/1416/1 1398/1419/1 1397/1412/1
f 1510/1420/1 1398/1419/1 1511/1416/1
f 1458/1417/1 1463/1421/1 1462/1418/1
f 1509/1422/1 1398/1419/1 1510/1420/1
f 1509/1422/1 1399/1423/1 1398/1419/1
f 1458/1417/1 1464/1424/1 1463/1421/1
f 1508/1425/1 1399/1423/1 1509/1422/1
f 1508/1425/1 1400/1426/1 1399/1423/1
f 1458/1417/1 1465/1427/1 1464/1424/1
f 1507/1428/1 1400/1426/1 1508/1425/1
f 1507/1428/1 1401/1429/1 1400/1426/1
f 1458/1417/1 1466/1430/1 1465/1427/1
f 1506/1431/1 1401/1429/1 1507/1428/1
f 1458/1417/1 1467/1432/1 1466/1430/1
f 1506/1431/1 1402/1433/1 1401/1429/1
f 1505/1434/1 1402/1433/1 1506/1431/1
f 1458/1417/1 1468/1435/1 1467/1432/1
f 1504/1436/1 1402/1433/1 1505/1434/1
f 1504/1436/1 1403/1437/1 1402/1433/1
f 1503/1438/1 1403/1437/1 1504/1436/1
f 1458/1417/1 1469/1439/1 1468/1435/1
f 1503/1438/1 1404/1440/1 1403/1437/1
f 1502/1441/1 1404/1440/1 1503/1438/1
f 1458/1417/1 1470/1442/1 1469/1439/1
f 1501/1443/1 1404/1440/1 1502/1441/1
f 1501/1443/1 1405/1444/1 1404/1440/1
f 1458/1417/1 1471/1445/1 1470/1442/1
f 1500/1446/1 1405/1444/1 1501/1443/1
f 1458/1417/1 1472/1447/1 1471/1445/1
f 1500/1446/1 1406/1448/1 1405/1444/1
f 1499/1449/1 1406/1448/1 1500/1446/1
f 1458/1417/1 1473/1450/1 1472/1447/1
f 1499/1449/1 1407/1451/1 1406/1448/1
f 1498/1452/1 1407/1451/1 1499/1449/1
f 1458/1417/1 1474/1453/1 1473/1450/1
f 1497/1454/1 1407/1451/1 1498/1452/1
f 1497/1454/1 1408/1455/1 1407/1451/1
f 1496/1456/1 1408/1455/1 1497/1454/1
f 1458/1417/1 1457/1457/1 1474/1453/1
f 1457/1457/1 1456/1458/1 1474/1453/1
f 1456/1458/2 1455/1459/2 1474/1453/2
f 1455/1459/1 1475/1460/1 1474/1453/1
f 1496/1456/1 1409/1461/1 1408/1455/1
f 1495/1462/1 1409/1461/1 1496/1456/1
f 1455/1459/1 1454/1463/1 1475/1460/1
f 1454/1463/2 1453/1464/2 1475/1460/2
f 1453/1464/2 1452/1465/2 1475/1460/2
f 1452/1465/1 1476/1466/1 1475/1460/1
f 1494/1467/1 1409/1461/1 1495/1462/1
f 1494/1467/1 1410/1468/1 1409/1461/1
f 1493/1469/1 1410/1468/1 1494/1467/1
f 1452/1465/1 1451/1470/1 1476/1466/1
f 1451/1470/1 1450/1471/1 1476/1466/1
f 1450/1471/1 1449/1472/1 1476/1466/1
f 1449/1472/1 1477/1473/1 1476/1466/1
f 1493/1469/1 1411/1474/1 1410/1468/1
f 1492/1475/1 1411/1474/1 1493/1469/1
f 1449/1472/1 1448/1476/1 1477/1473/1
f 1448/1476/1 1478/1477/1 1477/1473/1
f 1491/1478/1 1411/1474/1 1492/1475/1
f 1491/1478/1 1412/1479/1 1411/1474/1
f 1448/1476/1 1447/1480/1 1478/1477/1
f 1447/1480/1 1479/1481/1 1478/1477/1
f 1490/1482/1 1412/1479/1 1491/1478/1
f 1447/1480/1 1480/1483/1 1479/1481/1
f 1489/1484/1 1412/1479/1 1490/1482/1
f 1489/1484/1 1413/1485/1 1412/1479/1
f 1488/1486/1 1413/1485/1 1489/1484/1
f 1447/1480/1 1481/1487/1 1480/1483/1
f 1487/1488/1 1413/1485/1 1488/1486/1
f 1447/1480/1 1446/1489/1 1481/1487/1
f 1446/1489/1 1482/1490/1 1481/1487/1
f 1486/1491/1 1413/1485/1 1487/1488/1
f 1446/1489/1 1483/1492/1 1482/1490/1
f 1485/1493/1 1413/1485/1 1486/1491/1
f 1485/1493/1 1414/1494/1 1413/1485/1
f 1446/1489/1 1484/1495/1 1483/1492/1
f 1484/1495/1 1414/1494/1 1485/1493/1
f 1446/1489/1 1414/1494/1 1484/1495/1
f 1445/1496/1 1414/1494/1 1446/1489/1
f 1444/1497/1 1414/1494/1 1445/1496/1
f 1443/1498/1 1414/1494/1 1444/1497/1
f 1442/1499/1 1414/1494/1 1443/1498/1
f 1442/1499/1 1415/1500/1 1414/1494/1
f 1441/1501/1 1415/1500/1 1442/1499/1
f 1440/1502/1 1415/1500/1 1441/1501/1
f 1439/1503/1 1415/1500/1 1440/1502/1
f 1438/728/1 1415/1500/1 1439/1503/1
f 1437/1504/1 1415/1500/1 1438/728/1
f 1436/1505/1 1415/1500/1 1437/1504/1
f 1435/1506/1 1415/1500/1 1436/1505/1
f 1434/1507/1 1415/1500/1 1435/1506/1
f 1433/1508/1 1415/1500/1 1434/1507/1
f 1433/1508/1 1416/1509/1 1415/1500/1
f 1432/1510/1 1416/1509/1 1433/1508/1
f 1431/1511/1 1416/1509/1 1432/1510/1
f 1431/1511/1 1417/1512/1 1416/1509/1
f 1430/1513/1 1417/1512/1 1431/1511/1
f 1430/1513/1 1418/1514/1 1417/1512/1
f 1429/1515/1 1418/1514/1 1430/1513/1
f 1428/1516/1 1418/1514/1 1429/1515/1
f 1428/1516/1 1419/1517/1 1418/1514/1
f 1427/1518/1 1419/1517/1 1428/1516/1
f 1426/1519/1 1419/1517/1 1427/1518/1
f 1426/1519/1 1420/1520/1 1419/1517/1
f 1425/1521/1 1420/1520/1 1426/1519/1
f 1425/1521/1 1421/1522/1 1420/1520/1
f 1424/1523/1 1421/1522/1 1425/1521/1
f 1423/1524/1 1421/1522/1 1424/1523/1
f 1423/1524/1 1422/1525/1 1421/1522/1
f 1592/1526/1 1594/1527/1 1593/1528/1
f 1592/1526/1 1595/1529/1 1594/1527/1
f 1560/1530/1 1562/1531/1 1561/1202/1
f 1560/1530/1 1563/1532/1 1562/1531/1
f 1591/1533/3 1595/1529/3 1592/1526/3
f 1590/728/1 1596/1534/1 1591/1533/1
f 1596/1534/1 1595/1529/1 1591/1533/1
f 1590/728/1 1597/1535/1 1596/1534/1
f 1559/1536/1 1563/1532/1 1560/1530/1
f 1558/1537/1 1564/1538/1 1559/1536/1
f 1564/1538/1 1563/1532/1 1559/1536/1
f 1558/1537/1 1565/1539/1 1564/1538/1
f 1590/728/1 1598/1540/1 1597/1535/1
f 1557/1541/1 1565/1539/1 1558/1537/1
f 1590/728/1 1599/1542/1 1598/1540/1
f 1556/1543/1 1565/1539/1 1557/1541/1
f 1556/1543/1 1566/1544/1 1565/1539/1
f 1589/1545/1 1599/1542/1 1590/728/1
f 1589/1545/1 1600/1546/1 1599/1542/1
f 1555/1547/1 1566/1544/1 1556/1543/1
f 1589/1545/1 1601/1548/1 1600/1546/1
f 1554/1549/1 1566/1544/1 1555/1547/1
f 1554/1549/1 1567/1550/1 1566/1544/1
f 1588/1551/1 1601/1548/1 1589/1545/1
f 1588/1551/1 1602/1552/1 1601/1548/1
f 1553/1553/1 1567/1550/1 1554/1549/1
f 1588/1551/1 1603/1554/1 1602/1552/1
f 1552/1555/1 1567/1550/1 1553/1553/1
f 1552/1555/1 1568/1556/1 1567/1550/1
f 1587/1557/1 1603/1554/1 1588/1551/1
f 1587/1557/1 1604/1558/1 1603/1554/1
f 1551/1559/1 1568/1556/1 1552/1555/1
f 1587/1557/1 1605/1560/1 1604/1558/1
f 1550/1561/1 1568/1556/1 1551/1559/1
f 1550/1561/1 1569/1562/1 1568/1556/1
f 1586/1563/1 1605/1560/1 1587/1557/1
f 1586/1563/1 1606/1564/1 1605/1560/1
f 1549/1565/1 1569/1562/1 1550/1561/1
f 1586/1563/1 1607/1566/1 1606/1564/1
f 1548/1567/1 1569/1562/1 1549/1565/1
f 1548/1567/1 1570/1568/1 1569/1562/1
f 1585/1569/1 1607/1566/1 1586/1563/1
f 1585/1569/1 1608/1570/1 1607/1566/1
f 1547/1571/1 1570/1568/1 1548/1567/1
f 1585/1569/1 1609/1572/1 1608/1570/1
f 1546/1573/1 1570/1568/1 1547/1571/1
f 1546/1573/1 1571/1574/1 1570/1568/1
f 1585/1569/1 1610/1575/1 1609/1572/1
f 1545/1576/1 1571/1574/1 1546/1573/1
f 1584/1577/1 1610/1575/1 1585/1569/1
f 1584/1577/1 1611/1578/1 1610/1575/1
f 1544/1579/1 1571/1574/1 1545/1576/1
f 1584/1577/1 1612/1580/1 1611/1578/1
f 1544/1579/1 1572/1581/1 1571/1574/1
f 1543/1582/1 1572/1581/1 1544/1579/1
f 1583/1583/1 1612/1580/1 1584/1577/1
f 1583/1583/1 1613/1584/1 1612/1580/1
f 1542/1585/1 1572/1581/1 1543/1582/1
f 1583/1583/1 1614/1586/1 1613/1584/1
f 1542/1585/1 1573/1587/1 1572/1581/1
f 1583/1583/1 1615/1588/1 1614/1586/1
f 1541/1589/1 1573/1587/1 1542/1585/1
f 1582/1590/1 1615/1588/1 1583/1583/1
f 1582/1590/1 1616/1591/1 1615/1588/1
f 1540/1592/1 1573/1587/1 1541/1589/1
f 1540/1592/1 1574/1593/1 1573/1587/1
f 1582/1590/1 1617/1594/1 1616/1591/1
f 1581/1595/1 1617/1594/1 1582/1590/1
f 1539/1596/1 1574/1593/1 1540/1592/1
f 1581/1595/1 1618/1597/1 1617/1594/1
f 1538/1598/1 1574/1593/1 1539/1596/1
f 1581/1595/1 1619/46/1 1618/1597/1
f 1538/1598/1 1575/1599/1 1574/1593/1
f 1580/1600/1 1619/46/1 1581/1595/1
f 1537/1601/1 1575/1599/1 1538/1598/1
f 1580/1600/1 1532/227/1 1619/46/1
f 1536/1602/1 1575/1599/1 1537/1601/1
f 1580/1600/1 1533/1603/1 1532/227/1
f 1536/1602/1 1576/1604/1 1575/1599/1
f 1579/1605/1 1533/1603/1 1580/1600/1
f 1535/1606/1 1576/1604/1 1536/1602/1
f 1534/1607/1 1576/1604/1 1535/1606/1
f 1534/1607/1 1577/1608/1 1576/1604/1
f 1578/1609/1 1533/1603/1 1579/1605/1
f 1578/1609/1 1534/1607/1 1533/1603/1
f 1578/1609/1 1577/1608/1 1534/1607/1
f 1631/1610/1 1633/1611/1 1632/1612/1
f 1631/1610/1 1634/1613/1 1633/1611/1
f 1630/1614/1 1634/1613/1 1631/1610/1
f 1630/1614/1 1635/1615/1 1634/1613/1
f 1630/1614/1 1636/1616/1 1635/1615/1
f 1629/1617/1 1636/1616/1 1630/1614/1
f 1629/1617/1 1637/1618/1 1636/1616/1
f 1629/1617/1 1638/1619/1 1637/1618/1
f 1628/1620/1 1638/1619/1 1629/1617/1
f 1628/1620/1 1639/1621/1 1638/1619/1
f 1627/1622/1 1639/1621/1 1628/1620/1
f 1627/1622/1 1640/1623/1 1639/1621/1
f 1627/1622/1 1641/1624/1 1640/1623/1
f 1626/1625/1 1641/1624/1 1627/1622/1
f 1626/1625/1 1642/1626/1 1641/1624/1
f 1626/1625/1 1643/1627/1 1642/1626/1
f 1625/1628/1 1643/1627/1 1626/1625/1
f 1625/1628/1 1644/1629/1 1643/1627/1
f 1625/1628/1 1645/1630/1 1644/1629/1
f 1624/1631/1 1645/1630/1 1625/1628/1
f 1624/1631/1 1646/1632/1 1645/1630/1
f 1623/1633/1 1646/1632/1 1624/1631/1
f 1623/1633/1 1647/1634/1 1646/1632/1
f 1623/1633/1 1648/1635/1 1647/1634/1
f 1622/1636/1 1648/1635/1 1623/1633/1
f 1622/1636/1 1649/1637/1 1648/1635/1
f 1622/1636/1 1650/1638/1 1649/1637/1
f 1621/1639/1 1650/1638/1 1622/1636/1
f 1621/1639/1 1651/1640/1 1650/1638/1
f 1621/1639/1 1652/1641/1 1651/1640/1
f 1620/227/1 1652/1641/1 1621/1639/1
f 1620/227/1 1653/1642/1 1652/1641/1
f 2198/1127/1 1653/1642/1 1620/227/1
f 2198/1127/1 1654/1643/1 1653/1642/1
f 2197/1644/1 1654/1643/1 2198/1127/1
f 2197/1644/1 1655/1645/1 1654/1643/1
f 2196/1646/1 1655/1645/1 2197/1644/1
f 2196/1646/1 1656/1647/1 1655/1645/1
f 2195/1648/1 1656/1647/1 2196/1646/1
f 2195/1648/1 1657/1649/1 1656/1647/1
f 2194/1650/1 1657/1649/1 2195/1648/1
f 2194/1650/1 1658/1651/1 1657/1649/1
f 2193/1652/1 1658/1651/1 2194/1650/1
f 2192/1653/1 1658/1651/1 2193/1652/1
f 2192/1653/1 1659/1654/1 1658/1651/1
f 2191/1655/1 1659/1654/1 2192/1653/1
f 2774/1656/1 2776/46/1 2775/1657/1
f 2773/1658/1 2776/46/1 2774/1656/1
f 2773/1658/1 2537/1659/1 2776/46/1
f 2772/1660/1 2537/1659/1 2773/1658/1
f 2191/1655/1 1660/1661/1 1659/1654/1
f 2772/1660/1 2538/1662/1 2537/1659/1
f 2190/1663/1 1660/1661/1 2191/1655/1
f 2771/1664/1 2538/1662/1 2772/1660/1
f 2771/1664/1 2539/1665/1 2538/1662/1
f 2770/1666/1 2539/1665/1 2771/1664/1
f 2189/1667/1 1660/1661/1 2190/1663/1
f 2770/1666/1 2540/1668/1 2539/1665/1
f 2769/1669/1 2540/1668/1 2770/1666/1
f 2188/1670/1 1660/1661/1 2189/1667/1
f 2188/1670/1 1661/1671/1 1660/1661/1
f 2187/1672/1 1661/1671/1 2188/1670/1
f 2768/1673/1 2540/1668/1 2769/1669/1
f 2186/1674/1 1661/1671/1 2187/1672/1
f 2768/1673/1 2541/1675/1 2540/1668/1
f 2767/1676/1 2541/1675/1 2768/1673/1
f 2186/1674/1 1662/1677/1 1661/1671/1
f 2766/1678/1 2541/1675/1 2767/1676/1
f 2185/1679/1 1662/1677/1 2186/1674/1
f 2185/1679/1 1663/1680/1 1662/1677/1
f 2766/1678/1 2542/1681/1 2541/1675/1
f 2765/1682/1 2542/1681/1 2766/1678/1
f 2185/1679/1 1664/1683/1 1663/1680/1
f 2184/1684/1 1664/1683/1 2185/1679/1
f 2764/1685/1 2542/1681/1 2765/1682/1
f 2764/1685/1 2543/1686/1 2542/1681/1
f 2184/1684/1 1665/1687/1 1664/1683/1
f 2763/1688/1 2543/1686/1 2764/1685/1
f 2183/1689/1 1665/1687/1 2184/1684/1
f 2183/1689/1 1666/1690/1 1665/1687/1
f 2762/1691/1 2543/1686/1 2763/1688/1
f 2182/1692/1 1666/1690/1 2183/1689/1
f 2762/1691/1 2544/1693/1 2543/1686/1
f 2761/1694/1 2544/1693/1 2762/1691/1
f 2182/1692/1 1667/1695/1 1666/1690/1
f 2760/1696/1 2544/1693/1 2761/1694/1
f 2182/1692/1 1668/1697/1 1667/1695/1
f 2181/1698/1 1668/1697/1 2182/1692/1
f 2759/1699/1 2544/1693/1 2760/1696/1
f 2181/1698/1 1669/1700/1 1668/1697/1
f 2759/1699/1 2545/1701/1 2544/1693/1
f 2180/1702/1 1669/1700/1 2181/1698/1
f 2758/1703/1 2545/1701/1 2759/1699/1
f 2757/1704/1 2545/1701/1 2758/1703/1
f 2179/1705/1 1669/1700/1 2180/1702/1
f 2756/1706/1 2545/1701/1 2757/1704/1
f 2756/1706/1 2546/1707/1 2545/1701/1
f 2755/1708/1 2546/1707/1 2756/1706/1
f 2178/1709/1 1669/1700/1 2179/1705/1
f 2754/1710/1 2546/1707/1 2755/1708/1
f 2177/1711/1 1669/1700/1 2178/1709/1
f 2753/1712/1 2546/1707/1 2754/1710/1
f 2177/1711/1 1670/1713/1 1669/1700/1
f 2752/1714/1 2546/1707/1 2753/1712/1
f 2176/1715/1 1670/1713/1 2177/1711/1
f 2752/1714/1 2547/1716/1 2546/1707/1
f 2175/1717/1 1670/1713/1 2176/1715/1
f 2751/1718/1 2547/1716/1 2752/1714/1
f 2174/1719/1 1670/1713/1 2175/1717/1
f 2751/1718/1 2548/1720/1 2547/1716/1
f 2750/1721/1 2548/1720/1 2751/1718/1
f 2174/1719/1 1671/1722/1 1670/1713/1
f 2173/1723/1 1671/1722/1 2174/1719/1
f 2749/1724/1 2548/1720/1 2750/1721/1
f 2749/1724/1 2549/1725/1 2548/1720/1
f 2172/1726/1 1671/1722/1 2173/1723/1
f 2172/1726/1 1672/1727/1 1671/1722/1
f 2748/1728/1 2549/1725/1 2749/1724/1
f 2748/1728/1 2550/1729/1 2549/1725/1
f 2748/1728/1 2551/1730/1 2550/1729/1
f 2748/1728/1 2552/1731/1 2551/1730/1
f 2171/1732/1 1672/1727/1 2172/1726/1
f 2748/1728/1 2553/1733/1 2552/1731/1
f 2748/1728/1 2554/1734/1 2553/1733/1
f 2747/1735/1 2554/1734/1 2748/1728/1
f 2747/1735/1 2555/1736/1 2554/1734/1
f 2171/1732/1 1673/1737/1 1672/1727/1
f 2747/1735/1 2556/1738/1 2555/1736/1
f 2747/1735/1 2557/1739/1 2556/1738/1
f 2170/1740/1 1673/1737/1 2171/1732/1
f 2747/1735/1 2558/1741/1 2557/1739/1
f 2747/1735/1 2559/1742/1 2558/1741/1
f 2747/1735/1 2560/1743/1 2559/1742/1
f 2746/1744/1 2560/1743/1 2747/1735/1
f 2170/1740/1 1674/1745/1 1673/1737/1
f 2746/1744/1 2561/1746/1 2560/1743/1
f 2169/1747/1 1674/1745/1 2170/1740/1
f 2746/1744/1 2562/1748/1 2561/1746/1
f 2169/1747/1 1675/1749/1 1674/1745/1
f 2745/1750/1 2562/1748/1 2746/1744/1
f 2168/1751/1 1675/1749/1 2169/1747/1
f 2745/1750/1 2563/1752/1 2562/1748/1
f 1703/1753/1 1705/1754/1 1704/1755/1
f 1703/1753/1 1706/1756/1 1705/1754/1
f 1702/1757/1 1706/1756/1 1703/1753/1
f 1702/1757/1 1707/1758/1 1706/1756/1
f 1701/1759/1 1707/1758/1 1702/1757/1
f 1701/1759/1 1708/1760/1 1707/1758/1
f 1700/1761/1 1708/1760/1 1701/1759/1
f 1700/1761/1 1709/1762/1 1708/1760/1
f 1700/1761/1 1710/1763/1 1709/1762/1
f 1699/1764/1 1710/1763/1 1700/1761/1
f 1699/1764/1 1711/1765/1 1710/1763/1
f 1698/1766/1 1711/1765/1 1699/1764/1
f 1698/1766/1 1712/1767/1 1711/1765/1
f 1697/1768/1 1712/1767/1 1698/1766/1
f 2168/1751/1 1676/1769/1 1675/1749/1
f 1697/1768/1 1713/1770/1 1712/1767/1
f 1697/1768/1 1714/1771/1 1713/1770/1
f 1696/1772/1 1714/1771/1 1697/1768/1
f 2167/1773/1 1676/1769/1 2168/1751/1
f 1696/1772/1 1715/1774/1 1714/1771/1
f 1695/1775/1 1715/1774/1 1696/1772/1
f 1695/1775/1 1716/1776/1 1715/1774/1
f 2744/1777/1 2563/1752/1 2745/1750/1
f 1694/1778/1 1716/1776/1 1695/1775/1
f 2744/1777/1 2564/1779/1 2563/1752/1
f 1694/1778/1 1717/1780/1 1716/1776/1
f 1694/1778/1 1718/1781/1 1717/1780/1
f 1693/1782/1 1718/1781/1 1694/1778/1
f 1693/1782/1 1719/1783/1 1718/1781/1
f 2167/1773/1 1677/1784/1 1676/1769/1
f 1692/1785/1 1719/1783/1 1693/1782/1
f 1692/1785/1 1720/1786/1 1719/1783/1
f 2166/1787/1 1677/1784/1 2167/1773/1
f 1692/1785/1 1721/1788/1 1720/1786/1
f 1691/1789/1 1721/1788/1 1692/1785/1
f 1690/1790/1 1721/1788/1 1691/1789/1
f 1690/1790/1 1722/1791/1 1721/1788/1
f 1689/1792/1 1722/1791/1 1690/1790/1
f 1689/1792/1 1723/1793/1 1722/1791/1
f 2744/1777/1 2565/1794/1 2564/1779/1
f 1688/1795/1 1723/1793/1 1689/1792/1
f 2166/1787/1 1678/1796/1 1677/1784/1
f 1688/1795/1 1724/1797/1 1723/1793/1
f 1687/1798/1 1724/1797/1 1688/1795/1
f 2743/1799/1 2565/1794/1 2744/1777/1
f 1687/1798/1 1725/1800/1 1724/1797/1
f 2165/1801/1 1678/1796/1 2166/1787/1
f 1686/1802/1 1725/1800/1 1687/1798/1
f 1685/1803/1 1725/1800/1 1686/1802/1
f 1685/1803/1 1726/1804/1 1725/1800/1
f 2165/1801/1 1679/1805/1 1678/1796/1
f 1684/1806/1 1726/1804/1 1685/1803/1
f 1684/1806/1 1727/1807/1 1726/1804/1
f 2743/1799/1 2566/1808/1 2565/1794/1
f 1683/1809/1 1727/1807/1 1684/1806/1
f 1683/1809/1 1728/1810/1 1727/1807/1
f 1682/1811/1 1728/1810/1 1683/1809/1
f 2164/1812/1 1679/1805/1 2165/1801/1
f 2164/1812/1 1680/1813/1 1679/1805/1
f 1682/1811/1 1729/1814/1 1728/1810/1
f 1681/1815/1 1729/1814/1 1682/1811/1
f 2742/1816/1 2566/1808/1 2743/1799/1
f 1681/1815/1 1730/1817/1 1729/1814/1
f 1680/1813/1 1730/1817/1 1681/1815/1
f 2742/1816/1 2567/1818/1 2566/1808/1
f 1680/1813/1 1731/1819/1 1730/1817/1
f 2164/1812/1 1731/1819/1 1680/1813/1
f 2164/1812/1 1732/1820/1 1731/1819/1
f 2163/1821/1 1732/1820/1 2164/1812/1
f 2163/1821/1 1733/1822/1 1732/1820/1
f 2163/1821/1 1734/1823/1 1733/1822/1
f 2163/1821/1 1735/1824/1 1734/1823/1
f 2163/1821/1 1736/1825/1 1735/1824/1
f 2163/1821/1 1737/1826/1 1736/1825/1
f 2163/1821/1 1738/1827/1 1737/1826/1
f 2742/1816/1 2568/1828/1 2567/1818/1
f 2163/1821/1 1739/1829/1 1738/1827/1
f 2163/1821/1 1740/1830/1 1739/1829/1
f 2163/1821/1 1741/1831/1 1740/1830/1
f 2163/1821/1 1742/1832/1 1741/1831/1
f 2162/1833/1 1742/1832/1 2163/1821/1
f 2162/1833/1 1743/1834/1 1742/1832/1
f 2741/1835/1 2568/1828/1 2742/1816/1
f 2161/1836/1 1743/1834/1 2162/1833/1
f 2161/1836/1 1744/1837/1 1743/1834/1
f 2160/1838/1 1744/1837/1 2161/1836/1
f 2160/1838/1 1745/1839/1 1744/1837/1
f 2159/1840/1 1745/1839/1 2160/1838/1
f 2159/1840/1 1746/1841/1 1745/1839/1
f 2158/1842/1 1746/1841/1 2159/1840/1
f 2741/1835/1 2569/1843/1 2568/1828/1
f 2158/1842/1 1747/1844/1 1746/1841/1
f 2157/1845/1 1747/1844/1 2158/1842/1
f 2157/1845/1 1748/1846/1 1747/1844/1
f 2156/1847/1 1748/1846/1 2157/1845/1
f 2156/1847/1 1749/1848/1 1748/1846/1
f 2155/1849/1 1749/1848/1 2156/1847/1
f 2154/1850/1 1749/1848/1 2155/1849/1
f 2154/1850/1 1750/1851/1 1749/1848/1
f 2153/1852/1 1750/1851/1 2154/1850/1
f 2153/1852/1 1751/1853/1 1750/1851/1
f 2152/1854/1 1751/1853/1 2153/1852/1
f 2152/1854/1 1752/1855/1 1751/1853/1
f 2151/1856/1 1752/1855/1 2152/1854/1
f 2741/1835/1 2570/1857/1 2569/1843/1
f 2740/1858/1 2570/1857/1 2741/1835/1
f 2150/1859/1 1752/1855/1 2151/1856/1
f 2150/1859/1 2337/1860/1 1752/1855/1
f 2337/1860/1 1753/1861/1 1752/1855/1
f 2149/1862/1 2337/1860/1 2150/1859/1
f 2148/1863/1 2337/1860/1 2149/1862/1
f 2147/1864/1 2337/1860/1 2148/1863/1
f 2146/1865/1 2337/1860/1 2147/1864/1
f 2145/1866/1 2337/1860/1 2146/1865/1
f 2144/1867/1 2337/1860/1 2145/1866/1
f 2143/1868/1 2337/1860/1 2144/1867/1
f 2142/1869/1 2337/1860/1 2143/1868/1
f 2141/1870/1 2337/1860/1 2142/1869/1
f 2140/1871/1 2337/1860/1 2141/1870/1
f 2139/1872/1 2337/1860/1 2140/1871/1
f 2138/1873/1 2199/1874/1 2139/1872/1
f 2199/1874/3 2337/1860/3 2139/1872/3
f 2138/1873/1 2103/1875/1 2199/1874/1
f 2103/1875/1 2200/1876/1 2199/1874/1
f 2336/1877/1 1753/1861/1 2337/1860/1
f 2137/1878/1 2103/1875/1 2138/1873/1
f 2136/1879/1 2103/1875/1 2137/1878/1
f 2135/1880/1 2103/1875/1 2136/1879/1
f 2134/1881/1 2103/1875/1 2135/1880/1
f 2133/1882/1 2103/1875/1 2134/1881/1
f 2740/1858/1 2571/1883/1 2570/1857/1
f 2132/1884/1 2103/1875/1 2133/1882/1
f 2131/1885/1 2103/1875/1 2132/1884/1
f 2130/1886/1 2103/1875/1 2131/1885/1
f 2130/1886/1 2104/1887/1 2103/1875/1
f 2102/1888/1 2200/1876/1 2103/1875/1
f 2129/1889/1 2104/1887/1 2130/1886/1
f 2336/1877/1 1754/1890/1 1753/1861/1
f 2128/1891/1 2104/1887/1 2129/1889/1
f 2128/1891/1 2105/1892/1 2104/1887/1
f 2127/1893/1 2105/1892/1 2128/1891/1
f 2102/1888/1 2201/1894/1 2200/1876/1
f 2127/1893/1 2106/1895/1 2105/1892/1
f 2739/1896/1 2571/1883/1 2740/1858/1
f 2126/1897/1 2106/1895/1 2127/1893/1
f 2739/1896/1 2572/1898/1 2571/1883/1
f 2335/1899/1 1754/1890/1 2336/1877/1
f 2125/1900/1 2106/1895/1 2126/1897/1
f 2125/1900/1 2107/1901/1 2106/1895/1
f 2124/1902/1 2107/1901/1 2125/1900/1
f 2123/1903/1 2107/1901/1 2124/1902/1
f 2123/1903/1 2108/1904/1 2107/1901/1
f 2122/1905/1 2108/1904/1 2123/1903/1
f 2122/1905/1 2109/1906/1 2108/1904/1
f 2121/1907/1 2109/1906/1 2122/1905/1
f 2120/1908/1 2109/1906/1 2121/1907/1
f 2120/1908/1 2110/1909/1 2109/1906/1
f 2102/1888/1 2202/1910/1 2201/1894/1
f 2119/1911/1 2110/1909/1 2120/1908/1
f 2335/1899/1 1755/1912/1 1754/1890/1
f 2119/1911/1 2111/1913/1 2110/1909/1
f 2118/1914/1 2111/1913/1 2119/1911/1
f 2739/1896/1 2573/1915/1 2572/1898/1
f 2118/1914/1 2112/1916/1 2111/1913/1
f 2117/1917/1 2112/1916/1 2118/1914/1
f 2117/1917/1 2113/1918/1 2112/1916/1
f 2116/1919/1 2113/1918/1 2117/1917/1
f 2116/1919/1 2114/1920/1 2113/1918/1
f 2115/1921/1 2114/1920/1 2116/1919/1
f 2334/1922/1 1755/1912/1 2335/1899/1
f 2101/1923/1 2202/1910/1 2102/1888/1
f 2738/1924/1 2573/1915/1 2739/1896/1
f 2101/1923/1 2203/1925/1 2202/1910/1
f 2738/1924/1 2574/1926/1 2573/1915/1
f 2738/1924/1 2575/1927/1 2574/1926/1
f 2738/1924/1 2576/1928/1 2575/1927/1
f 2738/1924/1 2577/1929/1 2576/1928/1
f 2738/1924/1 2578/1930/1 2577/1929/1
f 2334/1922/1 1756/1931/1 1755/1912/1
f 2738/1924/1 2579/1932/1 2578/1930/1
f 2738/1924/1 2580/1933/1 2579/1932/1
f 2738/1924/1 2581/1934/1 2580/1933/1
f 2738/1924/1 2582/1935/1 2581/1934/1
f 2101/1923/1 2204/1936/1 2203/1925/1
f 2738/1924/1 2583/1937/1 2582/1935/1
f 2333/1938/1 1756/1931/1 2334/1922/1
f 2738/1924/1 2584/1939/1 2583/1937/1
f 2738/1924/1 2585/1940/1 2584/1939/1
f 2738/1924/1 2586/1941/1 2585/1940/1
f 2738/1924/1 2587/1942/1 2586/1941/1
f 2737/1943/1 2587/1942/1 2738/1924/1
f 2333/1938/1 1757/1944/1 1756/1931/1
f 2737/1943/1 2588/1945/1 2587/1942/1
f 2101/1923/1 2205/1946/1 2204/1936/1
f 2737/1943/1 2589/1947/1 2588/1945/1
f 2737/1943/1 2590/1948/1 2589/1947/1
f 2100/1949/1 2205/1946/1 2101/1923/1
f 2737/1943/1 2591/1950/1 2590/1948/1
f 2737/1943/1 2592/1951/1 2591/1950/1
f 2332/1952/1 1757/1944/1 2333/1938/1
f 2737/1943/1 2593/1953/1 2592/1951/1
f 2737/1943/1 2594/1954/1 2593/1953/1
f 2737/1943/1 2595/1955/1 2594/1954/1
f 2737/1943/1 2596/1956/1 2595/1955/1
f 2737/1943/1 2597/1957/1 2596/1956/1
f 2737/1943/1 2598/1958/1 2597/1957/1
f 2100/1949/1 2206/1959/1 2205/1946/1
f 2737/1943/1 2599/1960/1 2598/1958/1
f 2332/1952/1 1758/1961/1 1757/1944/1
f 2737/1943/1 2600/1962/1 2599/1960/1
f 2737/1943/1 2601/1963/1 2600/1962/1
f 2736/1964/1 2705/1965/1 2737/1943/1
f 2705/1965/1 2601/1963/1 2737/1943/1
f 2705/1965/1 2602/1966/1 2601/1963/1
f 2331/1967/1 1758/1961/1 2332/1952/1
f 2736/1964/1 2706/1968/1 2705/1965/1
f 2704/1969/1 2602/1966/1 2705/1965/1
f 2100/1949/1 2207/1970/1 2206/1959/1
f 2704/1969/1 2603/1971/1 2602/1966/1
f 2331/1967/1 1759/1972/1 1758/1961/1
f 2704/1969/1 2604/1973/1 2603/1971/1
f 2099/1974/1 2207/1970/1 2100/1949/1
f 2099/1974/1 2208/1975/1 2207/1970/1
f 2704/1969/1 2605/1976/1 2604/1973/1
f 2330/1977/1 1759/1972/1 2331/1967/1
f 2704/1969/1 2606/1978/1 2605/1976/1
f 2330/1977/1 1760/1979/1 1759/1972/1
f 2736/1964/1 2707/1980/1 2706/1968/1
f 2735/1981/1 2707/1980/1 2736/1964/1
f 2099/1974/1 2209/1982/1 2208/1975/1
f 2703/1983/1 2606/1978/1 2704/1969/1
f 2703/1983/1 2607/1984/1 2606/1978/1
f 2703/1983/1 2608/1985/1 2607/1984/1
f 2330/1977/1 1761/1986/1 1760/1979/1
f 2099/1974/1 2210/1987/1 2209/1982/1
f 2329/1988/1 1761/1986/1 2330/1977/1
f 2261/1989/1 2263/1990/1 2262/1991/1
f 2261/1989/1 2264/1992/1 2263/1990/1
f 2260/1993/1 2264/1992/1 2261/1989/1
f 2260/1993/1 2265/1994/1 2264/1992/1
f 2259/1995/1 2265/1994/1 2260/1993/1
f 2259/1995/1 2266/1996/1 2265/1994/1
f 2258/1997/1 2266/1996/1 2259/1995/1
f 2258/1997/1 2267/1998/1 2266/1996/1
f 2735/1981/1 2708/1999/1 2707/1980/1
f 2098/2000/1 2210/1987/1 2099/1974/1
f 2258/1997/1 2268/2001/1 2267/1998/1
f 2257/2002/1 2268/2001/1 2258/1997/1
f 2257/2002/1 2269/2003/1 2268/2001/1
f 2703/1983/1 2609/2004/1 2608/1985/1
f 2257/2002/1 2270/2005/1 2269/2003/1
f 2257/2002/1 2271/2006/1 2270/2005/1
f 2256/2007/1 2271/2006/1 2257/2002/1
f 2256/2007/1 2272/2008/1 2271/2006/1
f 2734/2009/1 2708/1999/1 2735/1981/1
f 2256/2007/1 2273/2010/1 2272/2008/1
f 2098/2000/1 2211/2011/1 2210/1987/1
f 2256/2007/1 2274/2012/1 2273/2010/1
f 2255/2013/1 2274/2012/1 2256/2007/1
f 2255/2013/1 2275/2014/1 2274/2012/1
f 2255/2013/1 2276/2015/1 2275/2014/1
f 2329/1988/1 1762/2016/1 1761/1986/1
f 2254/2017/1 2276/2015/1 2255/2013/1
f 2254/2017/1 2277/2018/1 2276/2015/1
f 2702/2019/1 2609/2004/1 2703/1983/1
f 2254/2017/1 2278/2020/1 2277/2018/1
f 2702/2019/1 2610/2021/1 2609/2004/1
f 2253/2022/1 2278/2020/1 2254/2017/1
f 2328/2023/1 1762/2016/1 2329/1988/1
f 2253/2022/1 2279/2024/1 2278/2020/1
f 2252/2025/1 2279/2024/1 2253/2022/1
f 2252/2025/1 2280/2026/1 2279/2024/1
f 2098/2000/1 2212/2027/1 2211/2011/1
f 2252/2025/1 2281/2028/1 2280/2026/1
f 2251/2029/1 2281/2028/1 2252/2025/1
f 2702/2019/1 2611/2030/1 2610/2021/1
f 2328/2023/1 1763/2031/1 1762/2016/1
f 2251/2029/1 2282/2032/1 2281/2028/1
f 2734/2009/1 2709/2033/1 2708/1999/1
f 2251/2029/1 2283/2034/1 2282/2032/1
f 2098/2000/1 2213/2035/1 2212/2027/1
f 2250/2036/1 2283/2034/1 2251/2029/1
f 2250/2036/1 2284/2037/1 2283/2034/1
f 2250/2036/1 2285/2038/1 2284/2037/1
f 2733/2039/1 2709/2033/1 2734/2009/1
f 2250/2036/1 2286/2040/1 2285/2038/1
f 2249/2041/1 2286/2040/1 2250/2036/1
f 2248/2042/1 2286/2040/1 2249/2041/1
f 2702/2019/1 2612/2043/1 2611/2030/1
f 2327/2044/1 1763/2031/1 2328/2023/1
f 2247/2045/1 2286/2040/1 2248/2042/1
f 2247/2045/1 2287/2046/1 2286/2040/1
f 2098/2000/1 2214/2047/1 2213/2035/1
f 2327/2044/1 1764/2048/1 1763/2031/1
f 2246/2049/1 2287/2046/1 2247/2045/1
f 2701/2050/1 2612/2043/1 2702/2019/1
f 2097/2051/1 2214/2047/1 2098/2000/1
f 2245/2052/1 2287/2046/1 2246/2049/1
f 2245/2052/1 2288/2053/1 2287/2046/1
f 2244/2054/1 2288/2053/1 2245/2052/1
f 2244/2054/1 2289/2055/1 2288/2053/1
f 2243/2056/1 2289/2055/1 2244/2054/1
f 2242/2057/1 2289/2055/1 2243/2056/1
f 2242/2057/1 2290/2058/1 2289/2055/1
f 2733/2039/1 2710/2059/1 2709/2033/1
f 2241/2060/1 2290/2058/1 2242/2057/1
f 2097/2051/1 2215/2061/1 2214/2047/1
f 2241/2060/1 2291/2062/1 2290/2058/1
f 2240/2063/1 2291/2062/1 2241/2060/1
f 2240/2063/1 2292/2064/1 2291/2062/1
f 2327/2044/1 1765/2065/1 1764/2048/1
f 2701/2050/1 2613/2066/1 2612/2043/1
f 2239/2067/1 2292/2064/1 2240/2063/1
f 2239/2067/1 2293/2068/1 2292/2064/1
f 2238/2069/1 2293/2068/1 2239/2067/1
f 2238/2069/1 2294/2070/1 2293/2068/1
f 2237/2071/1 2294/2070/1 2238/2069/1
f 2237/2071/1 2295/2072/1 2294/2070/1
f 2326/2073/1 1765/2065/1 2327/2044/1
f 2097/2051/1 2216/2074/1 2215/2061/1
f 2236/2075/1 2295/2072/1 2237/2071/1
f 2236/2075/1 2296/2076/1 2295/2072/1
f 2235/2077/1 2296/2076/1 2236/2075/1
f 2235/2077/1 2297/2078/1 2296/2076/1
f 2326/2073/1 1766/2079/1 1765/2065/1
f 2234/2080/1 2297/2078/1 2235/2077/1
f 2234/2080/1 2298/2081/1 2297/2078/1
f 2732/2082/1 2710/2059/1 2733/2039/1
f 2233/2083/1 2298/2081/1 2234/2080/1
f 2700/2084/1 2613/2066/1 2701/2050/1
f 2233/2083/1 2299/2085/1 2298/2081/1
f 2233/2083/1 2300/2086/1 2299/2085/1
f 2232/2087/1 2300/2086/1 2233/2083/1
f 2732/2082/1 2711/2088/1 2710/2059/1
f 2700/2084/1 2614/2089/1 2613/2066/1
f 2097/2051/1 2217/2090/1 2216/2074/1
f 2231/2091/1 2300/2086/1 2232/2087/1
f 2231/2091/1 2301/2092/1 2300/2086/1
f 2326/2073/1 1767/2093/1 1766/2079/1
f 2230/2094/1 2301/2092/1 2231/2091/1
f 2230/2094/1 2302/2095/1 2301/2092/1
f 2229/2096/1 2302/2095/1 2230/2094/1
f 2096/2097/1 2217/2090/1 2097/2051/1
f 2228/2098/1 2302/2095/1 2229/2096/1
f 2325/2099/1 1767/2093/1 2326/2073/1
f 2228/2098/1 2303/2100/1 2302/2095/1
f 2096/2097/1 2218/2101/1 2217/2090/1
f 2227/2102/1 2303/2100/1 2228/2098/1
f 2325/2099/1 1768/2103/1 1767/2093/1
f 2227/2102/1 2304/2104/1 2303/2100/1
f 2226/2105/1 2304/2104/1 2227/2102/1
f 2700/2084/1 2615/2106/1 2614/2089/1
f 2699/2107/1 2615/2106/1 2700/2084/1
f 2732/2082/1 2712/2108/1 2711/2088/1
f 2225/2109/1 2304/2104/1 2226/2105/1
f 2312/2110/1 2314/2111/1 2313/2112/1
f 2312/2110/1 2315/2113/1 2314/2111/1
f 2225/2109/1 2305/2114/1 2304/2104/1
f 2312/2110/1 2316/2115/1 2315/2113/1
f 2312/2110/1 2317/2116/1 2316/2115/1
f 2312/2110/1 2318/2117/1 2317/2116/1
f 2312/2110/1 2319/2118/1 2318/2117/1
f 2312/2110/1 2320/2119/1 2319/2118/1
f 2731/2120/1 2712/2108/1 2732/2082/1
f 2312/2110/1 2321/2121/1 2320/2119/1
f 2096/2097/1 2219/2122/1 2218/2101/1
f 2325/2099/1 1769/2123/1 1768/2103/1
f 2312/2110/1 2322/2124/1 2321/2121/1
f 2225/2109/1 2306/2125/1 2305/2114/1
f 2312/2110/1 2323/2126/1 2322/2124/1
f 2312/2110/1 2324/2127/1 2323/2126/1
f 2312/2110/1 2325/2099/1 2324/2127/1
f 2311/2128/1 2325/2099/1 2312/2110/1
f 2311/2128/1 1769/2123/1 2325/2099/1
f 2225/2109/1 2307/2129/1 2306/2125/1
f 2311/2128/1 1770/2130/1 1769/2123/1
f 2096/2097/1 2220/2131/1 2219/2122/1
f 2225/2109/1 2308/2132/1 2307/2129/1
f 2731/2120/1 2713/2133/1 2712/2108/1
f 2698/2134/1 2615/2106/1 2699/2107/1
f 2698/2134/1 2616/2135/1 2615/2106/1
f 2225/2109/1 2309/2136/1 2308/2132/1
f 2311/2128/1 1771/2137/1 1770/2130/1
f 2095/2138/1 2220/2131/1 2096/2097/1
f 2095/2138/1 2221/2139/1 2220/2131/1
f 2225/2109/1 2310/2140/1 2309/2136/1
f 2730/2141/1 2713/2133/1 2731/2120/1
f 2311/2128/1 1772/2142/1 1771/2137/1
f 2225/2109/1 2311/2128/1 2310/2140/1
f 2730/2141/1 2714/2143/1 2713/2133/1
f 2697/2144/1 2616/2135/1 2698/2134/1
f 2095/2138/1 2222/2145/1 2221/2139/1
f 2225/2109/1 2338/2146/1 2311/2128/1
f 2338/2146/1 1772/2142/1 2311/2128/1
f 2338/2146/1 1773/2147/1 1772/2142/1
f 2697/2144/1 2617/2148/1 2616/2135/1
f 2338/2146/1 1774/2149/1 1773/2147/1
f 2730/2141/1 2715/2150/1 2714/2143/1
f 2225/2109/1 2339/2151/1 2338/2146/1
f 2450/2152/1 1774/2149/1 2338/2146/1
f 2449/2153/1 1774/2149/1 2450/2152/1
f 2448/2154/1 1774/2149/1 2449/2153/1
f 2447/2155/1 1774/2149/1 2448/2154/1
f 2446/2156/1 1774/2149/1 2447/2155/1
f 2095/2138/1 2223/2157/1 2222/2145/1
f 2445/2158/1 1774/2149/1 2446/2156/1
f 2444/2159/1 1774/2149/1 2445/2158/1
f 2696/2160/1 2617/2148/1 2697/2144/1
f 2729/2161/1 2715/2150/1 2730/2141/1
f 2443/2162/1 1774/2149/1 2444/2159/1
f 2442/2163/1 1774/2149/1 2443/2162/1
f 2442/2163/1 1775/2164/1 1774/2149/1
f 2441/2165/1 1775/2164/1 2442/2163/1
f 2224/2166/1 2339/2151/1 2225/2109/1
f 2440/2167/1 1775/2164/1 2441/2165/1
f 2094/2168/1 2223/2157/1 2095/2138/1
f 2439/2169/1 1775/2164/1 2440/2167/1
f 2729/2161/1 2716/2170/1 2715/2150/1
f 2094/2168/1 2224/2166/1 2223/2157/1
f 2438/2171/1 1836/2172/1 2439/2169/1
f 1836/2172/1 1775/2164/1 2439/2169/1
f 1836/2172/1 1776/2173/1 1775/2164/1
f 2696/2160/1 2618/2174/1 2617/2148/1
f 2695/2175/1 2618/2174/1 2696/2160/1
f 2438/2171/1 1837/2176/1 1836/2172/1
f 1835/2177/1 1776/2173/1 1836/2172/1
f 1834/2178/1 1776/2173/1 1835/2177/1
f 1834/2178/1 1777/2179/1 1776/2173/1
f 1833/2180/1 1777/2179/1 1834/2178/1
f 1833/2180/1 1778/2181/1 1777/2179/1
f 1833/2180/1 1779/2182/1 1778/2181/1
f 1833/2180/1 1780/2183/1 1779/2182/1
f 2729/2161/1 2717/2184/1 2716/2170/1
f 1832/2185/1 1780/2183/1 1833/2180/1
f 1832/2185/1 1781/2186/1 1780/2183/1
f 1832/2185/1 1782/2187/1 1781/2186/1
f 2728/2188/1 2717/2184/1 2729/2161/1
f 2224/2166/1 2451/2189/1 2339/2151/1
f 2451/2189/1 2340/2190/1 2339/2151/1
f 1832/2185/1 1783/2191/1 1782/2187/1
f 1832/2185/1 1784/2192/1 1783/2191/1
f 1831/2193/1 1784/2192/1 1832/2185/1
f 2694/2194/1 2618/2174/1 2695/2175/1
f 1831/2193/1 1785/2195/1 1784/2192/1
f 1831/2193/1 1786/2196/1 1785/2195/1
f 1831/2193/1 1787/2197/1 1786/2196/1
f 2727/2198/1 2717/2184/1 2728/2188/1
f 1831/2193/1 1788/2199/1 1787/2197/1
f 1830/2200/1 1788/2199/1 1831/2193/1
f 2094/2168/1 2451/2189/1 2224/2166/1
f 2437/2201/1 1837/2176/1 2438/2171/1
f 2437/2201/1 1838/2202/1 1837/2176/1
f 1830/2200/1 1789/2203/1 1788/2199/1
f 1830/2200/1 1790/2204/1 1789/2203/1
f 1830/2200/1 1791/2205/1 1790/2204/1
f 2726/2206/1 2717/2184/1 2727/2198/1
f 1829/2207/1 1791/2205/1 1830/2200/1
f 1829/2207/1 1792/2208/1 1791/2205/1
f 1829/2207/1 1793/2209/1 1792/2208/1
f 1829/2207/1 1794/2210/1 1793/2209/1
f 2725/2211/1 2717/2184/1 2726/2206/1
f 2725/2211/1 2718/2212/1 2717/2184/1
f 2094/2168/1 2452/2213/1 2451/2189/1
f 2536/2214/1 2340/2190/1 2451/2189/1
f 1829/2207/1 1795/2215/1 1794/2210/1
f 1829/2207/1 1796/2216/1 1795/2215/1
f 1828/2217/1 1796/2216/1 1829/2207/1
f 2693/2218/1 2618/2174/1 2694/2194/1
f 1828/2217/1 1797/2219/1 1796/2216/1
f 2724/2220/1 2718/2212/1 2725/2211/1
f 2724/2220/1 2719/2221/1 2718/2212/1
f 2094/2168/1 2453/2222/1 2452/2213/1
f 1828/2217/1 1798/2223/1 1797/2219/1
f 1828/2217/1 1799/2224/1 1798/2223/1
f 2723/2225/1 2719/2221/1 2724/2220/1
f 2723/2225/1 2720/2226/1 2719/2221/1
f 1828/2217/1 1800/2227/1 1799/2224/1
f 1827/2228/1 1800/2227/1 1828/2217/1
f 2094/2168/1 2454/2229/1 2453/2222/1
f 2722/2230/1 2720/2226/1 2723/2225/1
f 2722/2230/1 2721/2231/1 2720/2226/1
f 1827/2228/1 1801/2232/1 1800/2227/1
f 2693/2218/1 2619/2233/1 2618/2174/1
f 2093/2234/1 2067/2235/1 2094/2168/1
f 2067/2235/1 2454/2229/1 2094/2168/1
f 2067/2235/1 2455/2236/1 2454/2229/1
f 1826/2237/1 1801/2232/1 1827/2228/1
f 2067/2235/1 2456/2238/1 2455/2236/1
f 1826/2237/1 1802/2239/1 1801/2232/1
f 2692/2240/1 2619/2233/1 2693/2218/1
f 2093/2234/1 2068/2241/1 2067/2235/1
f 2066/2242/1 2463/2243/1 2067/2235/1
f 2463/2243/1 2459/2244/1 2067/2235/1
f 2459/2244/1 2457/2245/1 2067/2235/1
f 2457/2245/1 2456/2238/1 2067/2235/1
f 1825/2246/1 1802/2239/1 1826/2237/1
f 2459/2244/1 2458/2247/1 2457/2245/1
f 1825/2246/1 1803/2248/1 1802/2239/1
f 1824/2249/1 1803/2248/1 1825/2246/1
f 2463/2243/4 2460/2250/4 2459/2244/4
f 1824/2249/1 1804/2251/1 1803/2248/1
f 2463/2243/1 2461/2252/1 2460/2250/1
f 2093/2234/1 2069/2253/1 2068/2241/1
f 1823/2254/1 1804/2251/1 1824/2249/1
f 2463/2243/5 2462/2255/5 2461/2252/5
f 1823/2254/1 1805/2256/1 1804/2251/1
f 1822/2257/1 1805/2256/1 1823/2254/1
f 1822/2257/1 1806/2258/1 1805/2256/1
f 2066/2242/1 2464/2259/1 2463/2243/1
f 1821/2260/1 1806/2258/1 1822/2257/1
f 1821/2260/1 1807/2261/1 1806/2258/1
f 1820/2262/1 1807/2261/1 1821/2260/1
f 2360/2263/1 2362/2264/1 2361/2265/1
f 2359/2266/1 2362/2264/1 2360/2263/1
f 2359/2266/1 2363/2267/1 2362/2264/1
f 2358/2268/1 2363/2267/1 2359/2266/1
f 2358/2268/1 2364/2269/1 2363/2267/1
f 2093/2234/1 2070/2270/1 2069/2253/1
f 1820/2262/1 1808/2271/1 1807/2261/1
f 2357/2272/1 2364/2269/1 2358/2268/1
f 2357/2272/1 2365/2273/1 2364/2269/1
f 1819/2274/1 1808/2271/1 1820/2262/1
f 2357/2272/1 2366/2275/1 2365/2273/1
f 2356/2276/1 2366/2275/1 2357/2272/1
f 1819/2274/1 1809/2277/1 1808/2271/1
f 2356/2276/1 2367/2278/1 2366/2275/1
f 2355/2279/1 2367/2278/1 2356/2276/1
f 1818/2280/1 1809/2277/1 1819/2274/1
f 2355/2279/1 2368/2281/1 2367/2278/1
f 1818/2280/1 1810/2282/1 1809/2277/1
f 2355/2279/1 2369/2283/1 2368/2281/1
f 2354/2284/1 2369/2283/1 2355/2279/1
f 1817/2285/1 1810/2282/1 1818/2280/1
f 1817/2285/1 1811/2286/1 1810/2282/1
f 2354/2284/1 2370/2287/1 2369/2283/1
f 2692/2240/1 2620/2288/1 2619/2233/1
f 1817/2285/1 1812/2289/1 1811/2286/1
f 1816/2290/1 1812/2289/1 1817/2285/1
f 1816/2290/1 1813/2291/1 1812/2289/1
f 2354/2284/1 2371/2292/1 2370/2287/1
f 2353/2293/1 2371/2292/1 2354/2284/1
f 1815/2294/1 1813/2291/1 1816/2290/1
f 1815/2294/1 1814/2295/1 1813/2291/1
f 2353/2293/1 2372/2296/1 2371/2292/1
f 2353/2293/1 2373/2297/1 2372/2296/1
f 2353/2293/1 2374/2298/1 2373/2297/1
f 2352/2299/1 2374/2298/1 2353/2293/1
f 2352/2299/1 2375/2300/1 2374/2298/1
f 2352/2299/1 2376/2301/1 2375/2300/1
f 2093/2234/1 2071/2302/1 2070/2270/1
f 2065/2303/1 2464/2259/1 2066/2242/1
f 2351/2304/1 2376/2301/1 2352/2299/1
f 2351/2304/1 2377/2305/1 2376/2301/1
f 2350/2306/1 2377/2305/1 2351/2304/1
f 2092/2307/1 2071/2302/1 2093/2234/1
f 2349/2308/1 2377/2305/1 2350/2306/1
f 2349/2308/1 2378/2309/1 2377/2305/1
f 2348/2310/1 2378/2309/1 2349/2308/1
f 2347/2311/1 2378/2309/1 2348/2310/1
f 2347/2311/1 2379/2312/1 2378/2309/1
f 2346/2313/1 2379/2312/1 2347/2311/1
f 2691/2314/1 2620/2288/1 2692/2240/1
f 2345/2315/1 2379/2312/1 2346/2313/1
f 2345/2315/1 2380/2316/1 2379/2312/1
f 2344/2317/1 2380/2316/1 2345/2315/1
f 2343/2318/1 2380/2316/1 2344/2317/1
f 2342/2319/1 2380/2316/1 2343/2318/1
f 2342/2319/1 2381/2320/1 2380/2316/1
f 2341/2321/1 2381/2320/1 2342/2319/1
f 2092/2307/1 2072/2322/1 2071/2302/1
f 2340/2190/1 2381/2320/1 2341/2321/1
f 2536/2214/1 2381/2320/1 2340/2190/1
f 2536/2214/1 2382/2323/1 2381/2320/1
f 2536/2214/1 2383/2324/1 2382/2323/1
f 2064/2325/1 2464/2259/1 2065/2303/1
f 2536/2214/1 2384/2326/1 2383/2324/1
f 2536/2214/1 2385/2327/1 2384/2326/1
f 2092/2307/1 2073/2328/1 2072/2322/1
f 2536/2214/1 2386/2329/1 2385/2327/1
f 2536/2214/1 2387/2330/1 2386/2329/1
f 2063/2331/1 2464/2259/1 2064/2325/1
f 2691/2314/1 2621/2332/1 2620/2288/1
f 2536/2214/1 2388/2333/1 2387/2330/1
f 2092/2307/1 2074/2334/1 2073/2328/1
f 2535/2335/1 2388/2333/1 2536/2214/1
f 2535/2335/1 2389/2336/1 2388/2333/1
f 2534/2337/1 2389/2336/1 2535/2335/1
f 2534/2337/1 2390/2338/1 2389/2336/1
f 2533/2339/1 2390/2338/1 2534/2337/1
f 2533/2339/1 2391/2340/1 2390/2338/1
f 2532/2341/1 2391/2340/1 2533/2339/1
f 2532/2341/1 2392/2342/1 2391/2340/1
f 2091/2343/1 2074/2334/1 2092/2307/1
f 2091/2343/1 2075/2344/1 2074/2334/1
f 2531/2345/1 2392/2342/1 2532/2341/1
f 2531/2345/1 2393/2346/1 2392/2342/1
f 2690/2347/1 2621/2332/1 2691/2314/1
f 2062/2348/1 2464/2259/1 2063/2331/1
f 2530/2349/1 2393/2346/1 2531/2345/1
f 2530/2349/1 2394/2350/1 2393/2346/1
f 2529/2351/1 2394/2350/1 2530/2349/1
f 2529/2351/1 2395/2352/1 2394/2350/1
f 2528/2353/1 2395/2352/1 2529/2351/1
f 2528/2353/1 2396/2354/1 2395/2352/1
f 2527/2355/1 2396/2354/1 2528/2353/1
f 2527/2355/1 2397/2356/1 2396/2354/1
f 2526/2357/1 2397/2356/1 2527/2355/1
f 2526/2357/1 2398/2358/1 2397/2356/1
f 2091/2343/1 2076/2359/1 2075/2344/1
f 2525/2360/1 2398/2358/1 2526/2357/1
f 2525/2360/1 2399/2361/1 2398/2358/1
f 2524/2362/1 2399/2361/1 2525/2360/1
f 2524/2362/1 2400/2363/1 2399/2361/1
f 2523/2364/1 2400/2363/1 2524/2362/1
f 2523/2364/1 2401/2365/1 2400/2363/1
f 2061/2366/1 2464/2259/1 2062/2348/1
f 2522/2367/1 2401/2365/1 2523/2364/1
f 2521/2368/1 2401/2365/1 2522/2367/1
f 2091/2343/1 2077/2369/1 2076/2359/1
f 2520/2370/1 2401/2365/1 2521/2368/1
f 2519/2371/1 2401/2365/1 2520/2370/1
f 2518/2372/1 2401/2365/1 2519/2371/1
f 2518/2372/1 2402/2373/1 2401/2365/1
f 2517/2374/1 2402/2373/1 2518/2372/1
f 2690/2347/1 2622/2375/1 2621/2332/1
f 2516/2376/1 2402/2373/1 2517/2374/1
f 2091/2343/1 2078/2377/1 2077/2369/1
f 2515/2378/1 2402/2373/1 2516/2376/1
f 2060/2379/1 2464/2259/1 2061/2366/1
f 2514/2380/1 2402/2373/1 2515/2378/1
f 2513/2381/1 2402/2373/1 2514/2380/1
f 2512/2382/1 2402/2373/1 2513/2381/1
f 2689/2383/1 2622/2375/1 2690/2347/1
f 2512/2382/1 2488/2384/1 2402/2373/1
f 2488/2384/1 2403/2385/1 2402/2373/1
f 2090/2386/1 2078/2377/1 2091/2343/1
f 2511/2387/1 2488/2384/1 2512/2382/1
f 2511/2387/1 2489/2388/1 2488/2384/1
f 2487/2389/1 2403/2385/1 2488/2384/1
f 2510/2390/1 2489/2388/1 2511/2387/1
f 2510/2390/1 2490/2391/1 2489/2388/1
f 2090/2386/1 2079/2392/1 2078/2377/1
f 2509/2393/1 2490/2391/1 2510/2390/1
f 2509/2393/1 2491/2394/1 2490/2391/1
f 2089/2395/1 2079/2392/1 2090/2386/1
f 2508/2396/1 2491/2394/1 2509/2393/1
f 2508/2396/1 2492/2397/1 2491/2394/1
f 2486/2398/1 2403/2385/1 2487/2389/1
f 2507/2399/1 2492/2397/1 2508/2396/1
f 2507/2399/1 2493/2400/1 2492/2397/1
f 2088/2401/1 2079/2392/1 2089/2395/1
f 2059/2402/1 2464/2259/1 2060/2379/1
f 2506/2403/1 2493/2400/1 2507/2399/1
f 2506/2403/1 2494/2404/1 2493/2400/1
f 2505/2405/1 2494/2404/1 2506/2403/1
f 2505/2405/1 2495/2406/1 2494/2404/1
f 2087/2407/1 2079/2392/1 2088/2401/1
f 2504/2408/1 2495/2406/1 2505/2405/1
f 2504/2408/1 2496/2409/1 2495/2406/1
f 2486/2398/1 2404/2410/1 2403/2385/1
f 2503/2411/1 2496/2409/1 2504/2408/1
f 2503/2411/1 2497/2412/1 2496/2409/1
f 2502/2413/1 2497/2412/1 2503/2411/1
f 2502/2413/1 2498/2414/1 2497/2412/1
f 2485/2415/1 2404/2410/1 2486/2398/1
f 2501/2416/1 2498/2414/1 2502/2413/1
f 2501/2416/1 2499/2417/1 2498/2414/1
f 2500/2418/1 2499/2417/1 2501/2416/1
f 2086/2419/1 2079/2392/1 2087/2407/1
f 2086/2419/1 2080/2420/1 2079/2392/1
f 2085/2421/1 2080/2420/1 2086/2419/1
f 2085/2421/1 2081/2422/1 2080/2420/1
f 2084/2423/1 2081/2422/1 2085/2421/1
f 2084/2423/1 2082/2424/1 2081/2422/1
f 2689/2383/1 2623/2425/1 2622/2375/1
f 2083/2426/1 2082/2424/1 2084/2423/1
f 2484/2427/1 2404/2410/1 2485/2415/1
f 2484/2427/1 2405/2428/1 2404/2410/1
f 2058/2429/1 2464/2259/1 2059/2402/1
f 2436/2430/1 1838/2202/1 2437/2201/1
f 2483/2431/1 2405/2428/1 2484/2427/1
f 2483/2431/1 2406/2432/1 2405/2428/1
f 2688/2433/1 2623/2425/1 2689/2383/1
f 2482/2434/1 2406/2432/1 2483/2431/1
f 2057/2435/1 2464/2259/1 2058/2429/1
f 2482/2434/1 2407/2436/1 2406/2432/1
f 2481/2437/1 2407/2436/1 2482/2434/1
f 2688/2433/1 2624/2438/1 2623/2425/1
f 2481/2437/1 2408/2439/1 2407/2436/1
f 2480/2440/1 2408/2439/1 2481/2437/1
f 2429/2441/1 2431/2442/1 2430/2443/1
f 2428/2444/1 2431/2442/1 2429/2441/1
f 2428/2444/1 2432/2445/1 2431/2442/1
f 2056/2446/1 2464/2259/1 2057/2435/1
f 2427/2447/1 2432/2445/1 2428/2444/1
f 2427/2447/1 2433/2448/1 2432/2445/1
f 2426/2449/1 2433/2448/1 2427/2447/1
f 2426/2449/1 2434/2450/1 2433/2448/1
f 2425/2451/1 2434/2450/1 2426/2449/1
f 2425/2451/1 2435/2452/1 2434/2450/1
f 2424/2453/1 2435/2452/1 2425/2451/1
f 2424/2453/1 2436/2430/1 2435/2452/1
f 2480/2440/1 2409/2454/1 2408/2439/1
f 2423/2455/1 2436/2430/1 2424/2453/1
f 2423/2455/1 1838/2202/1 2436/2430/1
f 2479/2456/1 2409/2454/1 2480/2440/1
f 2422/2457/1 1838/2202/1 2423/2455/1
f 2687/2458/1 2624/2438/1 2688/2433/1
f 2421/2459/1 1838/2202/1 2422/2457/1
f 2479/2456/1 2410/2460/1 2409/2454/1
f 2420/2461/1 1838/2202/1 2421/2459/1
f 2687/2458/1 2625/2462/1 2624/2438/1
f 2055/2463/1 2464/2259/1 2056/2446/1
f 2419/2464/1 1838/2202/1 2420/2461/1
f 2478/2465/1 2410/2460/1 2479/2456/1
f 2418/2466/1 1838/2202/1 2419/2464/1
f 2478/2465/1 2411/2467/1 2410/2460/1
f 2417/2468/1 1838/2202/1 2418/2466/1
f 2416/2469/1 1838/2202/1 2417/2468/1
f 2415/2470/1 1838/2202/1 2416/2469/1
f 2478/2465/1 2412/2471/1 2411/2467/1
f 2477/2472/1 2412/2471/1 2478/2465/1
f 2414/2473/1 1838/2202/1 2415/2470/1
f 2413/2474/1 1838/2202/1 2414/2473/1
f 2054/2475/1 2464/2259/1 2055/2463/1
f 2412/2471/1 1838/2202/1 2413/2474/1
f 2477/2472/1 1838/2202/1 2412/2471/1
f 2476/2476/1 1838/2202/1 2477/2472/1
f 2686/2477/1 2625/2462/1 2687/2458/1
f 2686/2477/1 2626/2478/1 2625/2462/1
f 2476/2476/1 1839/2479/1 1838/2202/1
f 2053/2480/1 2464/2259/1 2054/2475/1
f 2052/2481/1 2464/2259/1 2053/2480/1
f 2476/2476/1 1840/2482/1 1839/2479/1
f 2475/2483/1 1840/2482/1 2476/2476/1
f 2051/2484/1 2464/2259/1 2052/2481/1
f 2474/2485/1 1840/2482/1 2475/2483/1
f 2050/2486/1 2464/2259/1 2051/2484/1
f 2473/2487/1 1840/2482/1 2474/2485/1
f 2472/2488/1 1874/2489/1 2473/2487/1
f 1874/2489/1 1840/2482/1 2473/2487/1
f 2472/2488/1 1875/2490/1 1874/2489/1
f 1873/2491/1 1840/2482/1 1874/2489/1
f 2049/2492/1 2464/2259/1 2050/2486/1
f 1872/2493/1 1840/2482/1 1873/2491/1
f 1872/2493/1 1841/2494/1 1840/2482/1
f 1871/2495/1 1841/2494/1 1872/2493/1
f 2472/2488/1 1876/2496/1 1875/2490/1
f 1870/2497/1 1841/2494/1 1871/2495/1
f 2471/2498/1 1876/2496/1 2472/2488/1
f 1869/2499/1 1841/2494/1 1870/2497/1
f 2471/2498/1 1877/2500/1 1876/2496/1
f 2470/2501/1 1877/2500/1 2471/2498/1
f 2048/2502/1 2464/2259/1 2049/2492/1
f 1868/2503/1 1841/2494/1 1869/2499/1
f 2470/2501/1 1878/2504/1 1877/2500/1
f 2469/2505/1 1878/2504/1 2470/2501/1
f 1867/2506/1 1841/2494/1 1868/2503/1
f 2469/2505/1 1879/2507/1 1878/2504/1
f 2468/2508/1 1879/2507/1 2469/2505/1
f 2047/2509/1 2464/2259/1 2048/2502/1
f 1866/2510/1 1841/2494/1 1867/2506/1
f 2468/2508/1 1880/2511/1 1879/2507/1
f 2467/2512/1 1880/2511/1 2468/2508/1
f 2686/2477/1 2627/2513/1 2626/2478/1
f 1866/2510/1 1842/2514/1 1841/2494/1
f 1865/2515/1 1842/2514/1 1866/2510/1
f 2466/2516/1 1880/2511/1 2467/2512/1
f 2466/2516/1 1881/2517/1 1880/2511/1
f 2046/2518/1 2464/2259/1 2047/2509/1
f 2685/2519/1 2627/2513/1 2686/2477/1
f 2465/2520/1 1881/2517/1 2466/2516/1
f 1864/2521/1 1842/2514/1 1865/2515/1
f 2464/2259/1 1881/2517/1 2465/2520/1
f 2464/2259/1 1882/2522/1 1881/2517/1
f 2046/2518/1 1882/2522/1 2464/2259/1
f 2045/2523/1 1882/2522/1 2046/2518/1
f 1863/2524/1 1842/2514/1 1864/2521/1
f 2045/2523/1 1883/2525/1 1882/2522/1
f 1863/2524/1 1843/2526/1 1842/2514/1
f 2044/2527/1 1883/2525/1 2045/2523/1
f 1862/2528/1 1843/2526/1 1863/2524/1
f 2044/2527/1 1884/2529/1 1883/2525/1
f 1861/2530/1 1843/2526/1 1862/2528/1
f 2043/2531/1 1884/2529/1 2044/2527/1
f 2043/2531/1 1885/2532/1 1884/2529/1
f 1860/2533/1 1843/2526/1 1861/2530/1
f 1860/2533/1 1844/2534/1 1843/2526/1
f 2042/2535/1 1885/2532/1 2043/2531/1
f 2042/2535/1 1886/2536/1 1885/2532/1
f 1859/2537/1 1844/2534/1 1860/2533/1
f 1858/2538/1 1844/2534/1 1859/2537/1
f 2041/2539/1 1886/2536/1 2042/2535/1
f 2041/2539/1 2006/2540/1 1886/2536/1
f 2006/2540/1 1887/2541/1 1886/2536/1
f 1857/2542/1 1844/2534/1 1858/2538/1
f 1857/2542/1 1845/2543/1 1844/2534/1
f 1856/2544/1 1845/2543/1 1857/2542/1
f 1855/2545/1 1845/2543/1 1856/2544/1
f 1855/2545/1 1846/2546/1 1845/2543/1
f 1854/2547/1 1846/2546/1 1855/2545/1
f 1853/2548/1 1846/2546/1 1854/2547/1
f 2040/2549/1 2006/2540/1 2041/2539/1
f 1852/2550/1 1846/2546/1 1853/2548/1
f 1852/2550/1 1847/2551/1 1846/2546/1
f 2685/2519/1 2628/2552/1 2627/2513/1
f 1851/2553/1 1847/2551/1 1852/2550/1
f 1851/2553/1 1848/2554/1 1847/2551/1
f 1850/2555/1 1848/2554/1 1851/2553/1
f 2684/2556/1 2628/2552/1 2685/2519/1
f 2040/2549/1 2007/2557/1 2006/2540/1
f 2005/2558/1 1887/2541/1 2006/2540/1
f 1849/2559/1 1848/2554/1 1850/2555/1
f 2005/2558/1 1888/2560/1 1887/2541/1
f 2040/2549/1 2008/2561/1 2007/2557/1
f 2040/2549/1 2009/2562/1 2008/2561/1
f 2039/2563/1 2009/2562/1 2040/2549/1
f 2039/2563/1 2010/2564/1 2009/2562/1
f 2039/2563/1 2011/2565/1 2010/2564/1
f 2039/2563/1 2012/2566/1 2011/2565/1
f 2039/2563/1 2013/2567/1 2012/2566/1
f 2038/2568/1 2013/2567/1 2039/2563/1
f 2038/2568/1 2014/2569/1 2013/2567/1
f 2038/2568/1 2015/2570/1 2014/2569/1
f 2038/2568/1 2016/2571/1 2015/2570/1
f 2005/2558/1 1889/2572/1 1888/2560/1
f 2038/2568/1 2017/2573/1 2016/2571/1
f 2038/2568/1 2018/2574/1 2017/2573/1
f 2037/2575/1 2018/2574/1 2038/2568/1
f 2037/2575/1 2019/2576/1 2018/2574/1
f 2037/2575/1 2020/2577/1 2019/2576/1
f 2684/2556/1 2629/2578/1 2628/2552/1
f 2683/2579/1 2629/2578/1 2684/2556/1
f 2036/2580/1 2020/2577/1 2037/2575/1
f 2004/2581/1 1889/2572/1 2005/2558/1
f 2036/2580/1 2021/2582/1 2020/2577/1
f 2036/2580/1 2022/2583/1 2021/2582/1
f 2035/2584/1 2022/2583/1 2036/2580/1
f 2004/2581/1 1890/2585/1 1889/2572/1
f 2035/2584/1 2023/2586/1 2022/2583/1
f 2035/2584/1 2024/2587/1 2023/2586/1
f 2034/2588/1 2024/2587/1 2035/2584/1
f 2034/2588/1 2025/2589/1 2024/2587/1
f 2034/2588/1 2026/2590/1 2025/2589/1
f 2033/2591/1 2026/2590/1 2034/2588/1
f 2033/2591/1 2027/2592/1 2026/2590/1
f 2033/2591/1 2028/2593/1 2027/2592/1
f 2032/2594/1 2028/2593/1 2033/2591/1
f 2032/2594/1 2029/2595/1 2028/2593/1
f 2032/2594/1 2030/2596/1 2029/2595/1
f 2032/2594/1 2031/2597/1 2030/2596/1
f 2004/2581/1 1891/2598/1 1890/2585/1
f 2682/2599/1 2629/2578/1 2683/2579/1
f 2003/2600/1 1891/2598/1 2004/2581/1
f 2682/2599/1 2630/2601/1 2629/2578/1
f 2003/2600/1 1892/2602/1 1891/2598/1
f 2003/2600/1 1893/2603/1 1892/2602/1
f 2681/2604/1 2630/2601/1 2682/2599/1
f 2002/2605/1 1893/2603/1 2003/2600/1
f 2681/2604/1 2631/2606/1 2630/2601/1
f 2002/2605/1 1894/2607/1 1893/2603/1
f 2680/2608/1 2631/2606/1 2681/2604/1
f 2679/2609/1 2631/2606/1 2680/2608/1
f 2002/2605/1 1895/2610/1 1894/2607/1
f 2678/2611/1 2631/2606/1 2679/2609/1
f 2001/2612/1 1895/2610/1 2002/2605/1
f 2677/2613/1 2631/2606/1 2678/2611/1
f 2676/2614/1 2631/2606/1 2677/2613/1
f 2001/2612/1 1896/2615/1 1895/2610/1
f 2675/2616/1 2631/2606/1 2676/2614/1
f 2675/2616/1 2632/2617/1 2631/2606/1
f 2674/2618/1 2632/2617/1 2675/2616/1
f 2673/2619/1 2632/2617/1 2674/2618/1
f 2001/2612/1 1897/2620/1 1896/2615/1
f 2000/2621/1 1897/2620/1 2001/2612/1
f 2672/2622/1 2632/2617/1 2673/2619/1
f 2671/2623/1 2632/2617/1 2672/2622/1
f 2000/2621/1 1898/2624/1 1897/2620/1
f 1945/2625/1 1947/2626/1 1946/2627/1
f 1944/2628/1 1947/2626/1 1945/2625/1
f 1944/2628/1 1948/2629/1 1947/2626/1
f 1943/2630/1 1948/2629/1 1944/2628/1
f 2670/2631/1 2632/2617/1 2671/2623/1
f 1943/2630/1 1949/2632/1 1948/2629/1
f 1942/2633/1 1949/2632/1 1943/2630/1
f 1942/2633/1 1950/2634/1 1949/2632/1
f 1941/2635/1 1950/2634/1 1942/2633/1
f 2000/2621/1 1899/2636/1 1898/2624/1
f 1941/2635/1 1951/2637/1 1950/2634/1
f 1940/2638/1 1951/2637/1 1941/2635/1
f 2669/2639/1 2632/2617/1 2670/2631/1
f 2669/2639/1 2633/2640/1 2632/2617/1
f 1999/2641/1 1899/2636/1 2000/2621/1
f 1939/2642/1 1951/2637/1 1940/2638/1
f 1939/2642/1 1952/2643/1 1951/2637/1
f 1999/2641/1 1900/2644/1 1899/2636/1
f 1938/2645/1 1952/2643/1 1939/2642/1
f 2668/2646/1 2633/2640/1 2669/2639/1
f 1938/2645/1 1953/2647/1 1952/2643/1
f 1937/2648/1 1953/2647/1 1938/2645/1
f 1999/2641/1 1901/2649/1 1900/2644/1
f 1937/2648/1 1954/2650/1 1953/2647/1
f 1936/2651/1 1954/2650/1 1937/2648/1
f 1935/2652/1 1954/2650/1 1936/2651/1
f 1935/2652/1 1955/2653/1 1954/2650/1
f 1999/2641/1 1902/2654/1 1901/2649/1
f 1934/2655/1 1955/2653/1 1935/2652/1
f 1934/2655/1 1956/2656/1 1955/2653/1
f 1999/2641/1 1903/2657/1 1902/2654/1
f 1998/2658/1 1903/2657/1 1999/2641/1
f 1933/2659/1 1956/2656/1 1934/2655/1
f 1998/2658/1 1904/2660/1 1903/2657/1
f 1933/2659/1 1957/2661/1 1956/2656/1
f 2667/2662/1 2633/2640/1 2668/2646/1
f 1932/2663/1 1957/2661/1 1933/2659/1
f 1998/2658/1 1905/2664/1 1904/2660/1
f 2667/2662/1 2634/2665/1 2633/2640/1
f 1998/2658/1 1906/2666/1 1905/2664/1
f 1932/2663/1 1958/2667/1 1957/2661/1
f 1931/2668/1 1958/2667/1 1932/2663/1
f 1998/2658/1 1907/2669/1 1906/2666/1
f 1998/2658/1 1908/2670/1 1907/2669/1
f 1930/2671/1 1958/2667/1 1931/2668/1
f 1998/2658/1 1909/2672/1 1908/2670/1
f 1998/2658/1 1910/2673/1 1909/2672/1
f 1997/2674/1 1910/2673/1 1998/2658/1
f 1997/2674/1 1911/2675/1 1910/2673/1
f 1930/2671/1 1959/2676/1 1958/2667/1
f 1929/2677/1 1959/2676/1 1930/2671/1
f 1997/2674/1 1912/2678/1 1911/2675/1
f 1997/2674/1 1913/2679/1 1912/2678/1
f 1928/2680/1 1959/2676/1 1929/2677/1
f 2667/2662/1 2635/2681/1 2634/2665/1
f 1997/2674/1 1914/2682/1 1913/2679/1
f 1927/2683/1 1959/2676/1 1928/2680/1
f 1997/2674/1 1915/2684/1 1914/2682/1
f 2666/2685/1 2635/2681/1 2667/2662/1
f 1926/2686/1 1959/2676/1 1927/2683/1
f 1926/2686/1 1960/2687/1 1959/2676/1
f 1997/2674/1 1916/2688/1 1915/2684/1
f 1997/2674/1 1917/2689/1 1916/2688/1
f 1925/2690/1 1960/2687/1 1926/2686/1
f 1997/2674/1 1918/2691/1 1917/2689/1
f 1924/2692/1 1960/2687/1 1925/2690/1
f 1997/2674/1 1919/2693/1 1918/2691/1
f 1996/2694/1 1919/2693/1 1997/2674/1
f 1996/2694/1 1920/2695/1 1919/2693/1
f 1923/2696/1 1960/2687/1 1924/2692/1
f 1996/2694/1 1921/2697/1 1920/2695/1
f 1922/2698/1 1960/2687/1 1923/2696/1
f 1996/2694/1 1922/2698/1 1921/2697/1
f 1996/2694/1 1960/2687/1 1922/2698/1
f 2666/2685/1 2636/2699/1 2635/2681/1
f 1996/2694/1 1961/2700/1 1960/2687/1
f 1995/2701/1 1961/2700/1 1996/2694/1
f 2665/2702/1 2636/2699/1 2666/2685/1
f 1995/2701/1 1962/2703/1 1961/2700/1
f 2665/2702/1 2637/2704/1 2636/2699/1
f 1994/2705/1 1962/2703/1 1995/2701/1
f 1994/2705/1 1963/2706/1 1962/2703/1
f 2665/2702/1 2638/2707/1 2637/2704/1
f 2664/2708/1 2638/2707/1 2665/2702/1
f 1994/2705/1 1964/2709/1 1963/2706/1
f 1993/2710/1 1964/2709/1 1994/2705/1
f 2664/2708/1 2639/2711/1 2638/2707/1
f 1993/2710/1 1965/2712/1 1964/2709/1
f 1992/2713/1 1965/2712/1 1993/2710/1
f 2663/2714/1 2639/2711/1 2664/2708/1
f 1992/2713/1 1966/2715/1 1965/2712/1
f 1991/2716/1 1966/2715/1 1992/2713/1
f 2663/2714/1 2640/2717/1 2639/2711/1
f 1991/2716/1 1967/2718/1 1966/2715/1
f 1990/2719/1 1967/2718/1 1991/2716/1
f 1990/2719/1 1968/2720/1 1967/2718/1
f 1989/2721/1 1968/2720/1 1990/2719/1
f 2663/2714/1 2641/2722/1 2640/2717/1
f 2662/2723/1 2641/2722/1 2663/2714/1
f 1989/2721/1 1969/2724/1 1968/2720/1
f 1988/2725/1 1969/2724/1 1989/2721/1
f 1987/2726/1 1969/2724/1 1988/2725/1
f 1987/2726/1 1970/2727/1 1969/2724/1
f 2662/2723/1 2642/2728/1 2641/2722/1
f 1986/2729/1 1970/2727/1 1987/2726/1
f 2661/2730/1 2642/2728/1 2662/2723/1
f 1986/2729/1 1971/2731/1 1970/2727/1
f 1986/2729/1 1972/2732/1 1971/2731/1
f 1985/2733/1 1972/2732/1 1986/2729/1
f 1985/2733/1 1973/2734/1 1972/2732/1
f 1985/2733/1 1974/2735/1 1973/2734/1
f 1985/2733/1 1975/2736/1 1974/2735/1
f 1984/2737/1 1975/2736/1 1985/2733/1
f 1984/2737/1 1976/2738/1 1975/2736/1
f 1984/2737/1 1977/2739/1 1976/2738/1
f 1983/2740/1 1977/2739/1 1984/2737/1
f 1983/2740/1 1978/2741/1 1977/2739/1
f 2661/2730/1 2643/2742/1 2642/2728/1
f 1983/2740/1 1979/2743/1 1978/2741/1
f 1983/2740/1 1980/2744/1 1979/2743/1
f 1982/2745/1 1980/2744/1 1983/2740/1
f 1982/2745/1 1981/2746/1 1980/2744/1
f 2660/2747/1 2643/2742/1 2661/2730/1
f 2660/2747/1 2644/2748/1 2643/2742/1
f 2659/2749/1 2644/2748/1 2660/2747/1
f 2659/2749/1 2645/2750/1 2644/2748/1
f 2659/2749/1 2646/2751/1 2645/2750/1
f 2658/2752/1 2646/2751/1 2659/2749/1
f 2658/2752/1 2647/2753/1 2646/2751/1
f 2658/2752/1 2648/2754/1 2647/2753/1
f 2657/2755/1 2648/2754/1 2658/2752/1
f 2657/2755/1 2649/2756/1 2648/2754/1
f 2657/2755/1 2650/2757/1 2649/2756/1
f 2657/2755/1 2651/2758/1 2650/2757/1
f 2657/2755/1 2652/2759/1 2651/2758/1
f 2657/2755/1 2653/2760/1 2652/2759/1
f 2656/2761/1 2653/2760/1 2657/2755/1
f 2656/2761/1 2654/2762/1 2653/2760/1
f 2655/2763/1 2654/2762/1 2656/2761/1
f 3430/1/3 3263/3/3 3264/2/3
f 3429/4/3 3430/1/3 3264/2/3
f 3429/4/3 3264/2/3 3265/5/3
f 3428/6/3 3429/4/3 3265/5/3
f 3427/7/3 3428/6/3 3265/5/3
f 3427/7/3 3265/5/3 3266/8/3
f 3426/9/3 3427/7/3 3266/8/3
f 3425/10/3 3426/9/3 3266/8/3
f 3425/10/3 3266/8/3 3267/11/3
f 3424/12/3 3425/10/3 3267/11/3
f 3424/12/3 3267/11/3 3268/13/3
f 3423/14/3 3424/12/3 3268/13/3
f 3422/15/3 3423/14/3 3268/13/3
f 3422/15/3 3268/13/3 3269/16/3
f 3421/17/3 3422/15/3 3269/16/3
f 3420/18/3 3421/17/3 3269/16/3
f 3420/18/3 3269/16/3 3270/19/3
f 3419/20/3 3420/18/3 3270/19/3
f 3418/21/3 3419/20/3 3270/19/3
f 3418/21/3 3270/19/3 3271/22/3
f 3418/21/3 3271/22/3 3272/23/3
f 3417/24/3 3418/21/3 3272/23/3
f 3417/24/3 3272/23/3 3273/25/3
f 3416/26/3 3417/24/3 3273/25/3
f 3416/26/3 3273/25/3 3274/27/3
f 3415/28/3 3416/26/3 3274/27/3
f 3415/28/3 3274/27/3 3275/29/3
f 3414/30/3 3415/28/3 3275/29/3
f 3414/30/3 3275/29/3 3276/31/3
f 3388/32/3 3389/34/3 3390/33/3
f 3388/32/3 3390/33/3 3391/35/3
f 3387/36/3 3388/32/3 3391/35/3
f 3387/36/3 3391/35/3 3392/37/3
f 3413/38/3 3414/30/3 3276/31/3
f 3386/39/3 3387/36/3 3392/37/3
f 3386/39/3 3392/37/3 3393/40/3
f 3413/38/3 3276/31/3 3491/41/3
f 3491/41/3 3276/31/3 3277/42/3
f 3385/43/3 3386/39/3 3393/40/3
f 3385/43/3 3393/40/3 3394/44/3
f 3412/45/3 3413/38/3 3491/41/3
f 3412/45/3 3491/41/3 3492/46/3
f 3490/47/3 3491/41/3 3277/42/3
f 3489/48/3 3490/47/3 3277/42/3
f 3412/45/3 3492/46/3 3431/49/3
f 3488/50/3 3489/48/3 3277/42/3
f 3488/50/3 3277/42/3 3278/51/3
f 3412/45/3 3431/49/3 3432/52/3
f 3384/53/3 3385/43/3 3394/44/3
f 3487/54/3 3488/50/3 3278/51/3
f 3384/53/3 3394/44/3 3395/55/3
f 3486/56/3 3487/54/3 3278/51/3
f 3485/57/3 3486/56/3 3278/51/3
f 3411/58/3 3412/45/3 3432/52/3
f 3485/57/3 3278/51/3 3279/59/3
f 3484/60/3 3485/57/3 3279/59/3
f 3383/61/3 3384/53/3 3395/55/3
f 3383/61/3 3395/55/3 3396/62/3
f 3411/58/3 3432/52/3 3433/63/3
f 3483/64/3 3484/60/3 3279/59/3
f 3383/61/3 3396/62/3 3397/65/3
f 3483/64/3 3279/59/3 3280/66/3
f 3410/67/3 3411/58/3 3433/63/3
f 3482/68/3 3483/64/3 3280/66/3
f 3383/61/3 3397/65/3 3398/69/3
f 3382/70/3 3383/61/3 3398/69/3
f 3410/67/3 3433/63/3 3434/71/3
f 3481/72/3 3482/68/3 3280/66/3
f 3382/70/3 3398/69/3 3399/73/3
f 3481/72/3 3280/66/3 3281/74/3
f 3381/75/3 3382/70/3 3399/73/3
f 3409/76/3 3410/67/3 3434/71/3
f 3381/75/3 3399/73/3 3400/77/3
f 3480/78/3 3481/72/3 3281/74/3
f 3380/79/3 3381/75/3 3400/77/3
f 3380/79/3 3400/77/3 3401/80/3
f 3480/78/3 3281/74/3 3282/81/3
f 3409/76/3 3434/71/3 3435/82/3
f 3380/79/3 3401/80/3 3402/83/3
f 3408/84/3 3409/76/3 3435/82/3
f 3379/85/3 3380/79/3 3402/83/3
f 3379/85/3 3402/83/3 3403/86/3
f 3480/78/3 3282/81/3 3283/87/3
f 3379/85/3 3403/86/3 3404/88/3
f 3407/89/3 3408/84/3 3435/82/3
f 3379/85/3 3404/88/3 3405/90/3
f 3378/91/3 3379/85/3 3405/90/3
f 3407/89/3 3435/82/3 3436/92/3
f 3378/91/3 3405/90/3 3406/93/3
f 3480/78/3 3283/87/3 3284/94/3
f 3378/91/3 3406/93/3 3407/89/3
f 3378/91/3 3407/89/3 3436/92/3
f 3479/95/3 3480/78/3 3284/94/3
f 3377/96/3 3378/91/3 3436/92/3
f 3479/95/3 3284/94/3 3285/97/3
f 3377/96/3 3436/92/3 3437/98/3
f 3479/95/3 3285/97/3 3286/99/3
f 3376/100/3 3377/96/3 3437/98/3
f 3479/95/3 3286/99/3 3287/101/3
f 3376/100/3 3437/98/3 3438/102/3
f 3375/103/3 3376/100/3 3438/102/3
f 3479/95/3 3287/101/3 3288/104/3
f 3478/105/3 3479/95/3 3288/104/3
f 3374/106/3 3375/103/3 3438/102/3
f 3374/106/3 3438/102/3 3439/107/3
f 3373/108/3 3374/106/3 3439/107/3
f 3373/108/3 3439/107/3 3440/109/3
f 3477/110/3 3478/105/3 3288/104/3
f 3477/110/3 3288/104/3 3289/111/3
f 3372/112/3 3373/108/3 3440/109/3
f 3372/112/3 3440/109/3 3441/113/3
f 3371/114/3 3372/112/3 3441/113/3
f 3371/114/3 3441/113/3 3442/115/3
f 3476/116/3 3477/110/3 3289/111/3
f 3476/116/3 3289/111/3 3290/117/3
f 3371/114/3 3442/115/3 3443/118/3
f 3370/119/3 3371/114/3 3443/118/3
f 3370/119/3 3443/118/3 3444/120/3
f 3370/119/3 3444/120/3 3445/121/3
f 3370/119/3 3445/121/3 3446/122/3
f 3370/119/3 3446/122/3 3447/123/3
f 3475/124/3 3476/116/3 3290/117/3
f 3370/119/3 3447/123/3 3448/125/3
f 3370/119/3 3448/125/3 3449/126/3
f 3475/124/3 3290/117/3 3291/127/3
f 3370/119/3 3449/126/3 3450/128/3
f 3369/129/3 3370/119/3 3450/128/3
f 3369/129/3 3450/128/3 3451/130/3
f 3369/129/3 3451/130/3 3452/131/3
f 3369/129/3 3452/131/3 3453/132/3
f 3474/133/3 3475/124/3 3291/127/3
f 3369/129/3 3453/132/3 3454/134/3
f 3369/129/3 3454/134/3 3455/135/3
f 3474/133/3 3291/127/3 3292/136/3
f 3369/129/3 3455/135/3 3456/137/3
f 3368/138/3 3369/129/3 3456/137/3
f 3473/139/3 3474/133/3 3292/136/3
f 3368/138/3 3456/137/3 3457/140/3
f 3473/139/3 3292/136/3 3293/141/3
f 3472/142/3 3473/139/3 3293/141/3
f 3367/143/3 3368/138/3 3457/140/3
f 3367/143/3 3457/140/3 3458/144/3
f 3472/142/3 3293/141/3 3294/145/3
f 3471/146/3 3472/142/3 3294/145/3
f 3367/143/3 3458/144/3 3459/147/3
f 3366/148/3 3367/143/3 3459/147/3
f 3471/146/3 3294/145/3 3295/149/3
f 3470/150/3 3471/146/3 3295/149/3
f 3366/148/3 3459/147/3 3460/151/3
f 3365/152/3 3366/148/3 3460/151/3
f 3470/150/3 3295/149/3 3296/153/3
f 3469/154/3 3470/150/3 3296/153/3
f 3365/152/3 3460/151/3 3461/155/3
f 3364/156/3 3365/152/3 3461/155/3
f 3469/154/3 3296/153/3 3297/157/3
f 3364/156/3 3461/155/3 3462/158/3
f 3468/159/3 3469/154/3 3297/157/3
f 3364/156/3 3462/158/3 3463/160/3
f 3468/159/3 3297/157/3 3298/161/3
f 3363/162/3 3364/156/3 3463/160/3
f 3363/162/3 3463/160/3 3464/163/3
f 3468/159/3 3298/161/3 3299/164/3
f 3362/165/3 3363/162/3 3464/163/3
f 3362/165/3 3464/163/3 3465/166/3
f 3468/159/3 3299/164/3 3300/167/3
f 3468/159/3 3300/167/3 3301/168/3
f 3362/165/3 3465/166/3 3466/169/3
f 3361/170/3 3362/165/3 3466/169/3
f 3468/159/3 3301/168/3 3302/171/3
f 3468/159/3 3302/171/3 3303/172/3
f 3468/159/3 3303/172/3 3304/173/3
f 3361/170/3 3466/169/3 3467/174/3
f 3468/159/3 3304/173/3 3305/175/3
f 3468/159/3 3305/175/3 3323/176/3
f 3323/176/3 3305/175/3 3322/177/3
f 3322/177/3 3305/175/3 3306/178/3
f 3360/179/3 3361/170/3 3467/174/3
f 3467/174/3 3468/159/3 3323/176/3
f 3467/174/3 3323/176/3 3324/180/3
f 3321/181/3 3322/177/3 3306/178/3
f 3320/182/3 3321/181/3 3306/178/3
f 3319/183/3 3320/182/3 3306/178/3
f 3318/184/3 3319/183/3 3306/178/3
f 3318/184/3 3306/178/3 3307/185/3
f 3317/186/3 3318/184/3 3307/185/3
f 3316/187/3 3317/186/3 3307/185/3
f 3315/188/3 3316/187/3 3307/185/3
f 3314/189/3 3315/188/3 3307/185/3
f 3314/189/3 3307/185/3 3308/190/3
f 3467/174/3 3324/180/3 3325/191/3
f 3313/192/3 3314/189/3 3308/190/3
f 3313/192/3 3308/190/3 3309/193/3
f 3312/194/3 3313/192/3 3309/193/3
f 3311/195/3 3312/194/3 3309/193/3
f 3311/195/3 3309/193/3 3310/196/3
f 3360/179/3 3467/174/3 3325/191/3
f 3360/179/3 3325/191/3 3326/197/3
f 3360/179/3 3326/197/3 3327/198/3
f 3360/179/3 3327/198/3 3328/199/3
f 3359/200/3 3360/179/3 3328/199/3
f 3359/200/3 3328/199/3 3329/201/3
f 3359/200/3 3329/201/3 3330/202/3
f 3359/200/3 3330/202/3 3331/203/3
f 3358/204/3 3359/200/3 3331/203/3
f 3358/204/3 3331/203/3 3332/205/3
f 3358/204/3 3332/205/3 3333/206/3
f 3357/207/3 3358/204/3 3333/206/3
f 3357/207/3 3333/206/3 3334/208/3
f 3356/209/3 3357/207/3 3334/208/3
f 3356/209/3 3334/208/3 3335/210/3
f 3355/211/3 3356/209/3 3335/210/3
f 3355/211/3 3335/210/3 3336/212/3
f 3355/211/3 3336/212/3 3337/213/3
f 3354/214/3 3355/211/3 3337/213/3
f 3354/214/3 3337/213/3 3338/215/3
f 3354/214/3 3338/215/3 3339/216/3
f 3353/217/3 3354/214/3 3339/216/3
f 3353/217/3 3339/216/3 3340/218/3
f 3352/219/3 3353/217/3 3340/218/3
f 3352/219/3 3340/218/3 3341/220/3
f 3352/219/3 3341/220/3 3342/221/3
f 3351/222/3 3352/219/3 3342/221/3
f 3351/222/3 3342/221/3 3343/223/3
f 3350/224/3 3351/222/3 3343/223/3
f 3178/225/3 2777/227/3 2778/226/3
f 3350/224/3 3343/223/3 3344/228/3
f 3350/224/3 3344/228/3 3345/229/3
f 3178/225/3 2778/226/3 2779/230/3
f 3349/231/3 3350/224/3 3345/229/3
f 3349/231/3 3345/229/3 3346/232/3
f 3348/233/3 3349/231/3 3346/232/3
f 3348/233/3 3346/232/3 3347/234/3
f 3178/225/3 2779/230/3 2780/235/3
f 3178/225/3 2780/235/3 2781/236/3
f 3178/225/3 2781/236/3 2782/237/3
f 3178/225/3 2782/237/3 2783/238/3
f 3178/225/3 2783/238/3 2784/239/3
f 3178/225/3 2784/239/3 2785/240/3
f 3177/241/3 3178/225/3 2785/240/3
f 3177/241/3 2785/240/3 2786/242/3
f 3176/243/3 3177/241/3 2786/242/3
f 3176/243/3 2786/242/3 2787/244/3
f 3175/245/3 3176/243/3 2787/244/3
f 3174/246/3 3175/245/3 2787/244/3
f 3174/246/3 2787/244/3 2788/247/3
f 3173/248/3 3174/246/3 2788/247/3
f 3173/248/3 2788/247/3 2789/249/3
f 3172/250/3 3173/248/3 2789/249/3
f 3171/251/3 3172/250/3 2862/252/3
f 2862/252/3 3172/250/3 2789/249/3
f 3171/251/3 2862/252/3 2863/253/3
f 2861/254/3 2862/252/3 2789/249/3
f 2861/254/3 2789/249/3 2790/255/3
f 2860/256/3 2861/254/3 2790/255/3
f 3171/251/3 2863/253/3 2864/257/3
f 2859/258/3 2860/256/3 2790/255/3
f 3152/259/3 3153/261/3 3154/260/3
f 3151/262/3 3152/259/3 3154/260/3
f 3170/263/3 3171/251/3 2864/257/3
f 3151/262/3 3154/260/3 3155/264/3
f 2858/265/3 2859/258/3 2790/255/3
f 3150/266/3 3151/262/3 3155/264/3
f 3150/266/3 3155/264/3 3156/267/3
f 3170/263/3 2864/257/3 2865/268/3
f 3150/266/3 3156/267/3 3157/269/3
f 2857/270/3 2858/265/3 2790/255/3
f 3149/271/3 3150/266/3 3157/269/3
f 3149/271/3 3157/269/3 3158/272/3
f 2856/273/3 2857/270/3 2790/255/3
f 3169/274/3 3170/263/3 2865/268/3
f 3169/274/3 2865/268/3 2866/275/3
f 3149/271/3 3158/272/3 3159/276/3
f 2855/277/3 2856/273/3 2790/255/3
f 3148/278/3 3149/271/3 3159/276/3
f 3148/278/3 3159/276/3 3160/279/3
f 2854/280/3 2855/277/3 2790/255/3
f 3148/278/3 3160/279/3 3161/281/3
f 3169/274/3 2866/275/3 2867/282/3
f 3168/283/3 3169/274/3 2867/282/3
f 2853/284/3 2854/280/3 2790/255/3
f 3148/278/3 3161/281/3 3162/285/3
f 3147/286/3 3148/278/3 3162/285/3
f 2852/287/3 2853/284/3 2790/255/3
f 3147/286/3 3162/285/3 3163/288/3
f 3168/283/3 2867/282/3 2868/289/3
f 3167/290/3 3168/283/3 2868/289/3
f 2851/291/3 2852/287/3 2790/255/3
f 3147/286/3 3163/288/3 3164/292/3
f 3146/293/3 3147/286/3 3164/292/3
f 2850/294/3 2851/291/3 2790/255/3
f 3167/290/3 2868/289/3 2869/295/3
f 3146/293/3 3164/292/3 3165/296/3
f 3166/297/3 3167/290/3 2869/295/3
f 2849/298/3 2850/294/3 2790/255/3
f 3146/293/3 3165/296/3 3166/297/3
f 3166/297/3 2869/295/3 2870/299/3
f 3145/300/3 3146/293/3 3166/297/3
f 3145/300/3 3166/297/3 2870/299/3
f 3145/300/3 2870/299/3 2871/301/3
f 3144/302/3 3145/300/3 2871/301/3
f 2849/298/3 2790/255/3 2791/303/3
f 3144/302/3 2871/301/3 2872/304/3
f 3143/305/3 3144/302/3 2872/304/3
f 3143/305/3 2872/304/3 2873/306/3
f 3143/305/3 2873/306/3 2874/307/3
f 2848/308/3 2849/298/3 2791/303/3
f 3142/309/3 3143/305/3 2874/307/3
f 3142/309/3 2874/307/3 2875/310/3
f 3141/311/3 3142/309/3 2875/310/3
f 2848/308/3 2791/303/3 2792/312/3
f 2847/313/3 2848/308/3 2792/312/3
f 3140/314/3 3141/311/3 2875/310/3
f 2910/315/3 2911/317/3 2912/316/3
f 2910/315/3 2912/316/3 2913/318/3
f 2909/319/3 2910/315/3 2913/318/3
f 2909/319/3 2913/318/3 2914/320/3
f 2908/321/3 2909/319/3 2914/320/3
f 2908/321/3 2914/320/3 2915/322/3
f 2907/323/3 2908/321/3 2915/322/3
f 2907/323/3 2915/322/3 2916/324/3
f 2907/323/3 2916/324/3 2917/325/3
f 2906/326/3 2907/323/3 2917/325/3
f 2906/326/3 2917/325/3 2918/327/3
f 2905/328/3 2906/326/3 2918/327/3
f 2905/328/3 2918/327/3 2919/329/3
f 2904/330/3 2905/328/3 2919/329/3
f 2904/330/3 2919/329/3 2920/331/3
f 2904/330/3 2920/331/3 2921/332/3
f 2903/333/3 2904/330/3 2921/332/3
f 2903/333/3 2921/332/3 2922/334/3
f 2847/313/3 2792/312/3 2793/335/3
f 2902/336/3 2903/333/3 2922/334/3
f 2902/336/3 2922/334/3 2923/337/3
f 2846/338/3 2847/313/3 2793/335/3
f 2901/339/3 2902/336/3 2923/337/3
f 2901/339/3 2923/337/3 2924/340/3
f 2900/341/3 2901/339/3 2924/340/3
f 2900/341/3 2924/340/3 2925/342/3
f 2900/341/3 2925/342/3 2926/343/3
f 3139/344/3 3140/314/3 2875/310/3
f 2899/345/3 2900/341/3 2926/343/3
f 2899/345/3 2926/343/3 2927/346/3
f 2898/347/3 2899/345/3 2927/346/3
f 2898/347/3 2927/346/3 2928/348/3
f 2897/349/3 2898/347/3 2928/348/3
f 2897/349/3 2928/348/3 2929/350/3
f 2896/351/3 2897/349/3 2929/350/3
f 2895/352/3 2896/351/3 2929/350/3
f 2895/352/3 2929/350/3 2930/353/3
f 2894/354/3 2895/352/3 2930/353/3
f 2893/355/3 2894/354/3 2930/353/3
f 2893/355/3 2930/353/3 2931/356/3
f 2892/357/3 2893/355/3 2931/356/3
f 2891/358/3 2892/357/3 2931/356/3
f 2891/358/3 2931/356/3 2932/359/3
f 2890/360/3 2891/358/3 2932/359/3
f 2889/361/3 2890/360/3 2932/359/3
f 2889/361/3 2932/359/3 2933/362/3
f 2888/363/3 2889/361/3 2933/362/3
f 2887/364/3 2888/363/3 2933/362/3
f 2887/364/3 2933/362/3 2934/365/3
f 2886/366/3 2887/364/3 2934/365/3
f 2886/366/3 2934/365/3 2935/367/3
f 2885/368/3 2886/366/3 2935/367/3
f 2885/368/3 2935/367/3 2936/369/3
f 2884/370/3 2885/368/3 2936/369/3
f 2884/370/3 2936/369/3 2937/371/3
f 2845/372/3 2846/338/3 2793/335/3
f 2883/373/3 2884/370/3 2937/371/3
f 2883/373/3 2937/371/3 2938/374/3
f 2845/372/3 2793/335/3 2794/375/3
f 2883/373/3 2938/374/3 2939/376/3
f 2882/377/3 2883/373/3 2939/376/3
f 3138/378/3 3139/344/3 2875/310/3
f 2882/377/3 2939/376/3 2940/379/3
f 2882/377/3 2940/379/3 2941/380/3
f 2881/381/3 2882/377/3 2941/380/3
f 2881/381/3 2941/380/3 2942/382/3
f 2881/381/3 2942/382/3 2943/383/3
f 2880/384/3 2881/381/3 2943/383/3
f 2880/384/3 2943/383/3 2944/385/3
f 2880/384/3 2944/385/3 2945/386/3
f 2879/387/3 2880/384/3 2945/386/3
f 2879/387/3 2945/386/3 2946/388/3
f 2879/387/3 2946/388/3 2947/389/3
f 2878/390/3 2879/387/3 2947/389/3
f 2878/390/3 2947/389/3 2948/391/3
f 2877/392/3 2878/390/3 2948/391/3
f 2877/392/3 2948/391/3 2949/393/3
f 2876/394/3 2877/392/3 2949/393/3
f 2875/310/3 2876/394/3 2949/393/3
f 2875/310/3 2949/393/3 2950/395/3
f 3138/378/3 2875/310/3 2950/395/3
f 3138/378/3 2950/395/3 2951/396/3
f 3138/378/3 2951/396/3 2952/397/3
f 3138/378/3 2952/397/3 2953/398/3
f 3137/399/3 3138/378/3 2953/398/3
f 2844/400/3 2845/372/3 2794/375/3
f 3137/399/3 2953/398/3 2954/401/3
f 2844/400/3 2794/375/3 2795/402/3
f 3137/399/3 2954/401/3 2955/403/3
f 3137/399/3 2955/403/3 2956/404/3
f 3137/399/3 2956/404/3 2957/405/3
f 3137/399/3 2957/405/3 2958/406/3
f 3137/399/3 2958/406/3 2959/407/3
f 3137/399/3 2959/407/3 2960/408/3
f 3136/409/3 3137/399/3 2960/408/3
f 2843/410/3 2844/400/3 2795/402/3
f 2843/410/3 2795/402/3 2796/411/3
f 2983/412/3 2984/414/3 2985/413/3
f 2982/415/3 2983/412/3 2985/413/3
f 2981/416/3 2982/415/3 2985/413/3
f 2981/416/3 2985/413/3 2986/417/3
f 2980/418/3 2981/416/3 2986/417/3
f 2980/418/3 2986/417/3 2987/419/3
f 3135/420/3 3136/409/3 2960/408/3
f 2979/421/3 2980/418/3 2987/419/3
f 2979/421/3 2987/419/3 2988/422/3
f 2979/421/3 2988/422/3 2989/423/3
f 2978/424/3 2979/421/3 2989/423/3
f 2978/424/3 2989/423/3 2990/425/3
f 2977/426/3 2978/424/3 2990/425/3
f 2977/426/3 2990/425/3 2991/427/3
f 2977/426/3 2991/427/3 2992/428/3
f 2976/429/3 2977/426/3 2992/428/3
f 2976/429/3 2992/428/3 2993/430/3
f 2976/429/3 2993/430/3 2994/431/3
f 2975/432/3 2976/429/3 2994/431/3
f 2975/432/3 2994/431/3 2995/433/3
f 2975/432/3 2995/433/3 2996/434/3
f 2974/435/3 2975/432/3 2996/434/3
f 2974/435/3 2996/434/3 2997/436/3
f 2973/437/3 2974/435/3 2997/436/3
f 2842/438/3 2843/410/3 2796/411/3
f 2973/437/3 2997/436/3 2998/439/3
f 2972/440/3 2973/437/3 2998/439/3
f 2842/438/3 2796/411/3 2797/441/3
f 2972/440/3 2998/439/3 2999/442/3
f 2971/443/3 2972/440/3 2999/442/3
f 2971/443/3 2999/442/3 3000/444/3
f 2970/445/3 2971/443/3 3000/444/3
f 3134/446/3 3135/420/3 2960/408/3
f 2970/445/3 3000/444/3 3001/447/3
f 2969/448/3 2970/445/3 3001/447/3
f 2969/448/3 3001/447/3 3002/449/3
f 2968/450/3 2969/448/3 3002/449/3
f 2968/450/3 3002/449/3 3003/451/3
f 2967/452/3 2968/450/3 3003/451/3
f 2967/452/3 3003/451/3 3004/453/3
f 2966/454/3 2967/452/3 3004/453/3
f 2966/454/3 3004/453/3 3005/455/3
f 2965/456/3 2966/454/3 3005/455/3
f 2965/456/3 3005/455/3 3006/457/3
f 2964/458/3 2965/456/3 3006/457/3
f 2964/458/3 3006/457/3 3007/459/3
f 2963/460/3 2964/458/3 3007/459/3
f 2841/461/3 2842/438/3 2797/441/3
f 2841/461/3 2797/441/3 2798/462/3
f 2963/460/3 3007/459/3 3008/463/3
f 2962/464/3 2963/460/3 3008/463/3
f 3133/465/3 3134/446/3 2960/408/3
f 2961/466/3 2962/464/3 3008/463/3
f 2961/466/3 3008/463/3 3009/467/3
f 2960/408/3 2961/466/3 3009/467/3
f 2960/408/3 3009/467/3 3010/468/3
f 3133/465/3 2960/408/3 3010/468/3
f 3133/465/3 3010/468/3 3011/469/3
f 3133/465/3 3011/469/3 3012/470/3
f 3133/465/3 3012/470/3 3013/471/3
f 3133/465/3 3013/471/3 3014/472/3
f 3133/465/3 3014/472/3 3015/473/3
f 3133/465/3 3015/473/3 3016/474/3
f 3132/475/3 3133/465/3 3016/474/3
f 2841/461/3 2798/462/3 2799/476/3
f 3132/475/3 3016/474/3 3017/477/3
f 3132/475/3 3017/477/3 3018/478/3
f 2840/479/3 2841/461/3 2799/476/3
f 3132/475/3 3018/478/3 3019/480/3
f 3132/475/3 3019/480/3 3020/481/3
f 3132/475/3 3020/481/3 3021/482/3
f 3131/483/3 3132/475/3 3021/482/3
f 2840/479/3 2799/476/3 2800/484/3
f 2839/485/3 2840/479/3 2800/484/3
f 3130/486/3 3131/483/3 3021/482/3
f 3044/487/3 3045/489/3 3046/488/3
f 3043/490/3 3044/487/3 3046/488/3
f 3042/491/3 3043/490/3 3046/488/3
f 3041/492/3 3042/491/3 3046/488/3
f 2839/485/3 2800/484/3 2801/493/3
f 3040/494/3 3041/492/3 3046/488/3
f 3040/494/3 3046/488/3 3047/495/3
f 3039/496/3 3040/494/3 3047/495/3
f 3038/497/3 3039/496/3 3047/495/3
f 3037/498/3 3038/497/3 3047/495/3
f 3036/499/3 3037/498/3 3047/495/3
f 3036/499/3 3047/495/3 3048/500/3
f 3035/501/3 3036/499/3 3048/500/3
f 3034/502/3 3035/501/3 3048/500/3
f 3034/502/3 3048/500/3 3049/503/3
f 3033/504/3 3034/502/3 3049/503/3
f 3129/505/3 3130/486/3 3021/482/3
f 3032/506/3 3033/504/3 3049/503/3
f 3032/506/3 3049/503/3 3050/507/3
f 3031/508/3 3032/506/3 3050/507/3
f 2838/509/3 2839/485/3 2801/493/3
f 3031/508/3 3050/507/3 3051/510/3
f 3030/511/3 3031/508/3 3051/510/3
f 3030/511/3 3051/510/3 3052/512/3
f 2838/509/3 2801/493/3 2802/513/3
f 3029/514/3 3030/511/3 3052/512/3
f 3029/514/3 3052/512/3 3053/515/3
f 3128/516/3 3129/505/3 3021/482/3
f 3028/517/3 3029/514/3 3053/515/3
f 3028/517/3 3053/515/3 3054/518/3
f 3027/519/3 3028/517/3 3054/518/3
f 3027/519/3 3054/518/3 3055/520/3
f 3026/521/3 3027/519/3 3055/520/3
f 3026/521/3 3055/520/3 3056/522/3
f 3127/523/3 3128/516/3 3021/482/3
f 3026/521/3 3056/522/3 3057/524/3
f 3025/525/3 3026/521/3 3057/524/3
f 3025/525/3 3057/524/3 3058/526/3
f 3024/527/3 3025/525/3 3058/526/3
f 3023/528/3 3024/527/3 3058/526/3
f 2838/509/3 2802/513/3 2803/529/3
f 3022/530/3 3023/528/3 3058/526/3
f 3126/531/3 3127/523/3 3021/482/3
f 2837/532/3 2838/509/3 2803/529/3
f 3021/482/3 3022/530/3 3058/526/3
f 3126/531/3 3021/482/3 3058/526/3
f 2837/532/3 2803/529/3 2804/533/3
f 2836/534/3 2837/532/3 2804/533/3
f 3125/535/3 3126/531/3 3058/526/3
f 2836/534/3 2804/533/3 2805/536/3
f 3125/535/3 3058/526/3 3105/537/3
f 3105/537/3 3058/526/3 3059/538/3
f 2835/539/3 2836/534/3 2805/536/3
f 3125/535/3 3105/537/3 3106/540/3
f 3104/541/3 3105/537/3 3059/538/3
f 3124/542/3 3125/535/3 3106/540/3
f 2835/539/3 2805/536/3 2806/543/3
f 2834/544/3 2835/539/3 2806/543/3
f 3123/545/3 3124/542/3 3106/540/3
f 2834/544/3 2806/543/3 2807/546/3
f 2833/547/3 2834/544/3 2807/546/3
f 3123/545/3 3106/540/3 3107/548/3
f 3104/541/3 3059/538/3 3060/549/3
f 3122/550/3 3123/545/3 3107/548/3
f 3103/551/3 3104/541/3 3060/549/3
f 2833/547/3 2807/546/3 2808/552/3
f 2832/553/3 2833/547/3 2808/552/3
f 3122/550/3 3107/548/3 3108/554/3
f 3121/555/3 3122/550/3 3108/554/3
f 3121/555/3 3108/554/3 3109/556/3
f 2831/557/3 2832/553/3 2808/552/3
f 2831/557/3 2808/552/3 2809/558/3
f 3121/555/3 3109/556/3 3110/559/3
f 3120/560/3 3121/555/3 3110/559/3
f 3120/560/3 3110/559/3 3111/561/3
f 2830/562/3 2831/557/3 2809/558/3
f 3120/560/3 3111/561/3 3112/563/3
f 2830/562/3 2809/558/3 2810/564/3
f 3119/565/3 3120/560/3 3112/563/3
f 3119/565/3 3112/563/3 3113/566/3
f 3118/567/3 3119/565/3 3113/566/3
f 3118/567/3 3113/566/3 3114/568/3
f 3103/551/3 3060/549/3 3061/569/3
f 2829/570/3 2830/562/3 2810/564/3
f 3118/567/3 3114/568/3 3115/571/3
f 3102/572/3 3103/551/3 3061/569/3
f 3117/573/3 3118/567/3 3115/571/3
f 3117/573/3 3115/571/3 3116/574/3
f 2829/570/3 2810/564/3 2811/575/3
f 2828/576/3 2829/570/3 2811/575/3
f 2828/576/3 2811/575/3 2812/577/3
f 3260/578/3 3261/580/3 3262/579/3
f 3259/581/3 3260/578/3 3262/579/3
f 3259/581/3 3262/579/3 3179/582/3
f 3258/583/3 3259/581/3 3179/582/3
f 3258/583/3 3179/582/3 3180/584/3
f 3257/585/3 3258/583/3 3180/584/3
f 2827/586/3 2828/576/3 2812/577/3
f 3256/587/3 3257/585/3 3180/584/3
f 3255/588/3 3256/587/3 3180/584/3
f 2827/586/3 2812/577/3 2813/589/3
f 3254/590/3 3255/588/3 3180/584/3
f 3254/590/3 3180/584/3 3181/591/3
f 2826/592/3 2827/586/3 2813/589/3
f 3253/593/3 3254/590/3 3181/591/3
f 3252/594/3 3253/593/3 3181/591/3
f 2826/592/3 2813/589/3 2814/595/3
f 2825/596/3 2826/592/3 2814/595/3
f 3102/572/3 3061/569/3 3062/597/3
f 3252/594/3 3181/591/3 3182/598/3
f 3251/599/3 3252/594/3 3182/598/3
f 3101/600/3 3102/572/3 3062/597/3
f 2824/601/3 2825/596/3 2814/595/3
f 3250/602/3 3251/599/3 3182/598/3
f 2824/601/3 2814/595/3 2815/603/3
f 3250/602/3 3182/598/3 3183/604/3
f 2823/605/3 2824/601/3 2815/603/3
f 2823/605/3 2815/603/3 2816/606/3
f 2822/607/3 2823/605/3 2816/606/3
f 2822/607/3 2816/606/3 2817/608/3
f 2821/609/3 2822/607/3 2817/608/3
f 3249/610/3 3250/602/3 3183/604/3
f 2821/609/3 2817/608/3 2818/611/3
f 3249/610/3 3183/604/3 3184/612/3
f 2820/613/3 2821/609/3 2818/611/3
f 2820/613/3 2818/611/3 2819/614/3
f 3249/610/3 3184/612/3 3185/615/3
f 3101/600/3 3062/597/3 3063/616/3
f 3248/617/3 3249/610/3 3185/615/3
f 3100/618/3 3101/600/3 3063/616/3
f 3248/617/3 3185/615/3 3186/619/3
f 3247/620/3 3248/617/3 3186/619/3
f 3247/620/3 3186/619/3 3187/621/3
f 3100/618/3 3063/616/3 3064/622/3
f 3246/623/3 3247/620/3 3187/621/3
f 3246/623/3 3187/621/3 3188/624/3
f 3099/625/3 3100/618/3 3064/622/3
f 3246/623/3 3188/624/3 3189/626/3
f 3245/627/3 3246/623/3 3189/626/3
f 3099/625/3 3064/622/3 3065/628/3
f 3245/627/3 3189/626/3 3190/629/3
f 3244/630/3 3245/627/3 3190/629/3
f 3244/630/3 3190/629/3 3191/631/3
f 3098/632/3 3099/625/3 3065/628/3
f 3098/632/3 3065/628/3 3066/633/3
f 3243/634/3 3244/630/3 3191/631/3
f 3243/634/3 3191/631/3 3192/635/3
f 3243/634/3 3192/635/3 3193/636/3
f 3243/634/3 3193/636/3 3194/637/3
f 3098/632/3 3066/633/3 3067/638/3
f 3242/639/3 3243/634/3 3194/637/3
f 3242/639/3 3194/637/3 3195/640/3
f 3097/641/3 3098/632/3 3067/638/3
f 3242/639/3 3195/640/3 3196/642/3
f 3097/641/3 3067/638/3 3068/643/3
f 3241/644/3 3242/639/3 3196/642/3
f 3241/644/3 3196/642/3 3197/645/3
f 3097/641/3 3068/643/3 3069/646/3
f 3241/644/3 3197/645/3 3198/647/3
f 3096/648/3 3097/641/3 3069/646/3
f 3240/649/3 3241/644/3 3198/647/3
f 3096/648/3 3069/646/3 3070/650/3
f 3240/649/3 3198/647/3 3199/651/3
f 3096/648/3 3070/650/3 3071/652/3
f 3240/649/3 3199/651/3 3200/653/3
f 3239/654/3 3240/649/3 3200/653/3
f 3095/655/3 3096/648/3 3071/652/3
f 3095/655/3 3071/652/3 3072/656/3
f 3095/655/3 3072/656/3 3073/657/3
f 3239/654/3 3200/653/3 3201/658/3
f 3238/659/3 3239/654/3 3201/658/3
f 3095/655/3 3073/657/3 3074/660/3
f 3094/661/3 3095/655/3 3074/660/3
f 3238/659/3 3201/658/3 3202/662/3
f 3237/663/3 3238/659/3 3202/662/3
f 3094/661/3 3074/660/3 3075/664/3
f 3236/665/3 3237/663/3 3202/662/3
f 3094/661/3 3075/664/3 3076/666/3
f 3236/665/3 3202/662/3 3203/667/3
f 3094/661/3 3076/666/3 3077/668/3
f 3235/669/3 3236/665/3 3203/667/3
f 3093/670/3 3094/661/3 3077/668/3
f 3093/670/3 3077/668/3 3078/671/3
f 3234/672/3 3235/669/3 3203/667/3
f 3234/672/3 3203/667/3 3204/673/3
f 3233/674/3 3234/672/3 3204/673/3
f 3093/670/3 3078/671/3 3079/675/3
f 3233/674/3 3204/673/3 3205/676/3
f 3232/677/3 3233/674/3 3205/676/3
f 3093/670/3 3079/675/3 3080/678/3
f 3092/679/3 3093/670/3 3080/678/3
f 3232/677/3 3205/676/3 3206/680/3
f 3091/681/3 3092/679/3 3080/678/3
f 3231/682/3 3232/677/3 3206/680/3
f 3231/682/3 3206/680/3 3207/683/3
f 3090/684/3 3091/681/3 3080/678/3
f 3090/684/3 3080/678/3 3081/685/3
f 3230/686/3 3231/682/3 3207/683/3
f 3230/686/3 3207/683/3 3208/687/3
f 3089/688/3 3090/684/3 3081/685/3
f 3088/689/3 3089/688/3 3081/685/3
f 3230/686/3 3208/687/3 3209/690/3
f 3229/691/3 3230/686/3 3209/690/3
f 3087/692/3 3088/689/3 3081/685/3
f 3087/692/3 3081/685/3 3082/693/3
f 3086/694/3 3087/692/3 3082/693/3
f 3086/694/3 3082/693/3 3083/695/3
f 3085/696/3 3086/694/3 3083/695/3
f 3085/696/3 3083/695/3 3084/697/3
f 3229/691/3 3209/690/3 3210/698/3
f 3228/699/3 3229/691/3 3210/698/3
f 3228/699/3 3210/698/3 3211/700/3
f 3227/701/3 3228/699/3 3211/700/3
f 3227/701/3 3211/700/3 3212/702/3
f 3226/703/3 3227/701/3 3212/702/3
f 3226/703/3 3212/702/3 3213/704/3
f 3225/705/3 3226/703/3 3213/704/3
f 3225/705/3 3213/704/3 3214/706/3
f 3225/705/3 3214/706/3 3215/707/3
f 3224/708/3 3225/705/3 3215/707/3
f 3224/708/3 3215/707/3 3216/709/3
f 3223/710/3 3224/708/3 3216/709/3
f 3223/710/3 3216/709/3 3217/711/3
f 3222/712/3 3223/710/3 3217/711/3
f 3222/712/3 3217/711/3 3218/713/3
f 3221/714/3 3222/712/3 3218/713/3
f 3221/714/3 3218/713/3 3219/715/3
f 3220/716/3 3221/714/3 3219/715/3
f 4025/717/3 4026/718/3 4027/46/3
f 4024/719/3 4025/717/3 4027/46/3
f 4024/719/3 4027/46/3 3847/720/3
f 4023/721/3 4024/719/3 3847/720/3
f 4023/721/3 3847/720/3 3848/722/3
f 4022/723/3 4023/721/3 3848/722/3
f 4021/724/3 4022/723/3 3848/722/3
f 4020/725/3 4021/724/3 3848/722/3
f 4019/726/3 4020/725/3 3848/722/3
f 4018/727/3 4019/726/3 3848/722/3
f 4018/727/3 3848/722/3 3849/728/3
f 4017/729/3 4018/727/3 3849/728/3
f 4016/730/3 4017/729/3 3849/728/3
f 4016/730/3 3849/728/3 3850/731/3
f 4015/732/3 4016/730/3 3850/731/3
f 4015/732/3 3850/731/3 3851/733/3
f 4015/732/3 3851/733/3 3852/734/3
f 4015/732/3 3852/734/3 3853/735/3
f 4015/732/3 3853/735/3 3854/736/3
f 4015/732/3 3854/736/3 3855/737/3
f 4015/732/3 3855/737/3 3856/738/3
f 4014/739/3 4015/732/3 3856/738/3
f 4014/739/3 3856/738/3 3857/740/3
f 4013/741/3 4014/739/3 3857/740/3
f 4013/741/3 3857/740/3 3858/742/3
f 4012/743/3 4013/741/3 3858/742/3
f 4012/743/3 3858/742/3 3859/744/3
f 4011/745/3 4012/743/3 3859/744/3
f 4011/745/3 3859/744/3 3860/746/3
f 4011/745/3 3860/746/3 3861/747/3
f 4011/745/3 3861/747/3 3862/748/3
f 4011/745/3 3862/748/3 3863/749/3
f 4011/745/3 3863/749/3 3864/750/3
f 4011/745/3 3864/750/3 3865/751/3
f 4010/752/3 4011/745/3 3865/751/3
f 4010/752/3 3865/751/3 3866/753/3
f 4010/752/3 3866/753/3 3867/754/3
f 4010/752/3 3867/754/3 3868/755/3
f 4010/752/3 3868/755/3 3869/756/3
f 4010/752/3 3869/756/3 3870/757/3
f 4009/758/3 4010/752/3 3870/757/3
f 4009/758/3 3870/757/3 3871/759/3
f 4009/758/3 3871/759/3 3955/760/3
f 3955/760/3 3871/759/3 3872/761/3
f 4008/762/3 4009/758/3 3955/760/3
f 4008/762/3 3955/760/3 3956/763/3
f 3954/764/3 3955/760/3 3872/761/3
f 4007/765/3 4008/762/3 3956/763/3
f 3954/764/3 3872/761/3 3873/766/3
f 3953/767/3 3954/764/3 3873/766/3
f 4007/765/3 3956/763/3 3957/768/3
f 4006/769/3 4007/765/3 3957/768/3
f 4005/770/3 4006/769/3 3957/768/3
f 3952/771/3 3953/767/3 3873/766/3
f 4005/770/3 3957/768/3 3958/772/3
f 3952/771/3 3873/766/3 3874/773/3
f 4004/774/3 4005/770/3 3958/772/3
f 3951/775/3 3952/771/3 3874/773/3
f 4004/774/3 3958/772/3 3959/776/3
f 3950/777/3 3951/775/3 3874/773/3
f 4003/778/3 4004/774/3 3959/776/3
f 4003/778/3 3959/776/3 3960/779/3
f 3950/777/3 3874/773/3 3875/780/3
f 3949/781/3 3950/777/3 3875/780/3
f 4003/778/3 3960/779/3 3961/782/3
f 4002/783/3 4003/778/3 3961/782/3
f 3948/784/3 3949/781/3 3875/780/3
f 4002/783/3 3961/782/3 3962/785/3
f 3948/784/3 3875/780/3 3876/786/3
f 4001/787/3 4002/783/3 3962/785/3
f 3947/788/3 3948/784/3 3876/786/3
f 4001/787/3 3962/785/3 3963/789/3
f 3947/788/3 3876/786/3 3877/790/3
f 4000/791/3 4001/787/3 3963/789/3
f 3946/792/3 3947/788/3 3877/790/3
f 4000/791/3 3963/789/3 3964/793/3
f 3945/794/3 3946/792/3 3877/790/3
f 4000/791/3 3964/793/3 3965/795/3
f 3999/796/3 4000/791/3 3965/795/3
f 3945/794/3 3877/790/3 3878/797/3
f 3999/796/3 3965/795/3 3966/798/3
f 3944/799/3 3945/794/3 3878/797/3
f 3998/800/3 3999/796/3 3966/798/3
f 3998/800/3 3966/798/3 3967/801/3
f 3943/802/3 3944/799/3 3878/797/3
f 3943/802/3 3878/797/3 3879/803/3
f 3844/804/3 3845/806/3 3846/805/3
f 3843/807/3 3844/804/3 3846/805/3
f 3843/807/3 3846/805/3 3493/227/3
f 3998/800/3 3967/801/3 3968/808/3
f 3842/809/3 3843/807/3 3493/227/3
f 3842/809/3 3493/227/3 3494/810/3
f 3841/811/3 3842/809/3 3494/810/3
f 3841/811/3 3494/810/3 3495/812/3
f 3840/813/3 3841/811/3 3495/812/3
f 3839/814/3 3840/813/3 3495/812/3
f 3839/814/3 3495/812/3 3496/815/3
f 3942/816/3 3943/802/3 3879/803/3
f 3838/817/3 3839/814/3 3496/815/3
f 3838/817/3 3496/815/3 3497/818/3
f 3837/819/3 3838/817/3 3497/818/3
f 3837/819/3 3497/818/3 3498/820/3
f 3837/819/3 3498/820/3 3499/821/3
f 3997/822/3 3998/800/3 3968/808/3
f 3836/823/3 3837/819/3 3499/821/3
f 3836/823/3 3499/821/3 3500/824/3
f 3942/816/3 3879/803/3 3880/825/3
f 3836/823/3 3500/824/3 3501/826/3
f 3835/827/3 3836/823/3 3501/826/3
f 3997/822/3 3968/808/3 3969/828/3
f 3835/827/3 3501/826/3 3502/829/3
f 3835/827/3 3502/829/3 3503/830/3
f 3834/831/3 3835/827/3 3503/830/3
f 3941/832/3 3942/816/3 3880/825/3
f 3834/831/3 3503/830/3 3504/833/3
f 3834/831/3 3504/833/3 3505/834/3
f 3834/831/3 3505/834/3 3506/835/3
f 3834/831/3 3506/835/3 3507/836/3
f 3833/837/3 3834/831/3 3507/836/3
f 3833/837/3 3507/836/3 3508/838/3
f 3833/837/3 3508/838/3 3509/839/3
f 3833/837/3 3509/839/3 3510/840/3
f 3833/837/3 3510/840/3 3511/841/3
f 3833/837/3 3511/841/3 3512/842/3
f 3832/843/3 3833/837/3 3512/842/3
f 3997/822/3 3969/828/3 3970/844/3
f 3832/843/3 3512/842/3 3513/845/3
f 3832/843/3 3513/845/3 3514/846/3
f 3940/847/3 3941/832/3 3880/825/3
f 3832/843/3 3514/846/3 3515/848/3
f 3832/843/3 3515/848/3 3516/849/3
f 3831/850/3 3832/843/3 3516/849/3
f 3940/847/3 3880/825/3 3881/851/3
f 3996/852/3 3997/822/3 3970/844/3
f 3831/850/3 3516/849/3 3517/853/3
f 3831/850/3 3517/853/3 3518/854/3
f 3830/855/3 3831/850/3 3518/854/3
f 3830/855/3 3518/854/3 3519/856/3
f 3939/857/3 3940/847/3 3881/851/3
f 3996/852/3 3970/844/3 3971/858/3
f 3830/855/3 3519/856/3 3520/859/3
f 3829/860/3 3830/855/3 3520/859/3
f 3829/860/3 3520/859/3 3521/861/3
f 3829/860/3 3521/861/3 3522/862/3
f 3829/860/3 3522/862/3 3523/863/3
f 3828/864/3 3829/860/3 3523/863/3
f 3939/857/3 3881/851/3 3882/865/3
f 3938/866/3 3939/857/3 3882/865/3
f 3828/864/3 3523/863/3 3524/867/3
f 3828/864/3 3524/867/3 3525/868/3
f 3996/852/3 3971/858/3 3972/869/3
f 3828/864/3 3525/868/3 3526/870/3
f 3827/871/3 3828/864/3 3526/870/3
f 3827/871/3 3526/870/3 3527/872/3
f 3995/873/3 3996/852/3 3972/869/3
f 3827/871/3 3527/872/3 3528/874/3
f 3827/871/3 3528/874/3 3529/875/3
f 3937/876/3 3938/866/3 3882/865/3
f 3827/871/3 3529/875/3 3530/877/3
f 3827/871/3 3530/877/3 3531/878/3
f 3827/871/3 3531/878/3 3532/879/3
f 3826/880/3 3827/871/3 3532/879/3
f 3826/880/3 3532/879/3 3533/881/3
f 3826/880/3 3533/881/3 3534/882/3
f 3937/876/3 3882/865/3 3883/883/3
f 3826/880/3 3534/882/3 3535/884/3
f 3826/880/3 3535/884/3 3536/885/3
f 3826/880/3 3536/885/3 3537/886/3
f 3936/887/3 3937/876/3 3883/883/3
f 3825/888/3 3826/880/3 3537/886/3
f 3825/888/3 3537/886/3 3538/889/3
f 3995/873/3 3972/869/3 3973/890/3
f 3825/888/3 3538/889/3 3539/891/3
f 3825/888/3 3539/891/3 3540/892/3
f 3825/888/3 3540/892/3 3541/893/3
f 3824/894/3 3825/888/3 3541/893/3
f 3935/895/3 3936/887/3 3883/883/3
f 3824/894/3 3541/893/3 3542/896/3
f 3935/895/3 3883/883/3 3884/897/3
f 3935/895/3 3884/897/3 3885/898/3
f 3935/895/3 3885/898/3 3886/899/3
f 3935/895/3 3886/899/3 3887/900/3
f 3824/894/3 3542/896/3 3543/901/3
f 3935/895/3 3887/900/3 3888/902/3
f 3935/895/3 3888/902/3 3889/903/3
f 3935/895/3 3889/903/3 3890/904/3
f 3824/894/3 3543/901/3 3544/905/3
f 3935/895/3 3890/904/3 3891/906/3
f 3994/907/3 3995/873/3 3973/890/3
f 3935/895/3 3891/906/3 3892/908/3
f 3823/909/3 3824/894/3 3544/905/3
f 3935/895/3 3892/908/3 3893/910/3
f 3934/911/3 3935/895/3 3893/910/3
f 3823/909/3 3544/905/3 3545/912/3
f 3934/911/3 3893/910/3 3894/913/3
f 3934/911/3 3894/913/3 3895/914/3
f 3934/911/3 3895/914/3 3896/915/3
f 3823/909/3 3545/912/3 3546/916/3
f 3994/907/3 3973/890/3 3974/917/3
f 3934/911/3 3896/915/3 3897/918/3
f 3823/909/3 3546/916/3 3547/919/3
f 3934/911/3 3897/918/3 3898/920/3
f 3822/921/3 3823/909/3 3547/919/3
f 3933/922/3 3934/911/3 3898/920/3
f 3821/923/3 3822/921/3 3547/919/3
f 3820/924/3 3821/923/3 3547/919/3
f 3819/925/3 3820/924/3 3547/919/3
f 3819/925/3 3547/919/3 3548/926/3
f 3818/927/3 3819/925/3 3548/926/3
f 3933/922/3 3898/920/3 3899/928/3
f 3817/929/3 3818/927/3 3548/926/3
f 3816/930/3 3817/929/3 3548/926/3
f 3816/930/3 3548/926/3 3798/931/3
f 3798/931/3 3548/926/3 3549/932/3
f 3933/922/3 3899/928/3 3900/933/3
f 3816/930/3 3798/931/3 3799/934/3
f 3797/935/3 3798/931/3 3549/932/3
f 3815/936/3 3816/930/3 3799/934/3
f 3932/937/3 3933/922/3 3900/933/3
f 3932/937/3 3900/933/3 3901/938/3
f 3814/939/3 3815/936/3 3799/934/3
f 3797/935/3 3549/932/3 3550/940/3
f 3796/941/3 3797/935/3 3550/940/3
f 3813/942/3 3814/939/3 3799/934/3
f 3932/937/3 3901/938/3 3902/943/3
f 3813/942/3 3799/934/3 3800/944/3
f 3795/945/3 3796/941/3 3550/940/3
f 3795/945/3 3550/940/3 3551/946/3
f 3812/947/3 3813/942/3 3800/944/3
f 3932/937/3 3902/943/3 3903/948/3
f 3931/949/3 3932/937/3 3903/948/3
f 3811/950/3 3812/947/3 3800/944/3
f 3811/950/3 3800/944/3 3801/951/3
f 3931/949/3 3903/948/3 3904/952/3
f 3794/953/3 3795/945/3 3551/946/3
f 3794/953/3 3551/946/3 3552/954/3
f 3931/949/3 3904/952/3 3905/955/3
f 3810/956/3 3811/950/3 3801/951/3
f 3930/957/3 3931/949/3 3905/955/3
f 3994/907/3 3974/917/3 3975/958/3
f 3810/956/3 3801/951/3 3802/959/3
f 3793/960/3 3794/953/3 3552/954/3
f 3930/957/3 3905/955/3 3906/961/3
f 3793/960/3 3552/954/3 3553/962/3
f 3929/963/3 3930/957/3 3906/961/3
f 3929/963/3 3906/961/3 3907/964/3
f 3810/956/3 3802/959/3 3803/965/3
f 3792/966/3 3793/960/3 3553/962/3
f 3993/967/3 3994/907/3 3975/958/3
f 3792/966/3 3553/962/3 3554/968/3
f 3929/963/3 3907/964/3 3908/969/3
f 3928/970/3 3929/963/3 3908/969/3
f 3810/956/3 3803/965/3 3804/971/3
f 3928/970/3 3908/969/3 3909/972/3
f 3791/973/3 3792/966/3 3554/968/3
f 3927/974/3 3928/970/3 3909/972/3
f 3810/956/3 3804/971/3 3805/975/3
f 3927/974/3 3909/972/3 3910/976/3
f 3791/973/3 3554/968/3 3555/977/3
f 3810/956/3 3805/975/3 3806/978/3
f 3790/979/3 3791/973/3 3555/977/3
f 3926/980/3 3927/974/3 3910/976/3
f 3926/980/3 3910/976/3 3911/981/3
f 3810/956/3 3806/978/3 3807/982/3
f 3925/983/3 3926/980/3 3911/981/3
f 3925/983/3 3911/981/3 3912/984/3
f 3810/956/3 3807/982/3 3808/985/3
f 3810/956/3 3808/985/3 3809/986/3
f 3789/987/3 3790/979/3 3555/977/3
f 3925/983/3 3912/984/3 3913/988/3
f 3924/989/3 3925/983/3 3913/988/3
f 3924/989/3 3913/988/3 3914/990/3
f 3923/991/3 3924/989/3 3914/990/3
f 3789/987/3 3555/977/3 3556/992/3
f 3923/991/3 3914/990/3 3915/993/3
f 3922/994/3 3923/991/3 3915/993/3
f 3788/995/3 3789/987/3 3556/992/3
f 3922/994/3 3915/993/3 3916/996/3
f 3921/997/3 3922/994/3 3916/996/3
f 3921/997/3 3916/996/3 3917/998/3
f 3920/999/3 3921/997/3 3917/998/3
f 3993/967/3 3975/958/3 3976/1000/3
f 3920/999/3 3917/998/3 3918/1001/3
f 3919/1002/3 3920/999/3 3918/1001/3
f 3787/1003/3 3788/995/3 3556/992/3
f 3787/1003/3 3556/992/3 3557/1004/3
f 3786/1005/3 3787/1003/3 3557/1004/3
f 3785/1006/3 3786/1005/3 3557/1004/3
f 3992/1007/3 3993/967/3 3976/1000/3
f 3785/1006/3 3557/1004/3 3558/1008/3
f 3992/1007/3 3976/1000/3 3977/1009/3
f 3785/1006/3 3558/1008/3 3559/1010/3
f 3785/1006/3 3559/1010/3 3560/1011/3
f 3991/1012/3 3992/1007/3 3977/1009/3
f 3991/1012/3 3977/1009/3 3978/1013/3
f 3785/1006/3 3560/1011/3 3561/1014/3
f 3785/1006/3 3561/1014/3 3562/1015/3
f 3991/1012/3 3978/1013/3 3979/1016/3
f 3990/1017/6 3991/1012/6 3979/1016/6
f 3989/1018/3 3990/1017/3 3979/1016/3
f 3785/1006/3 3562/1015/3 3563/1019/3
f 3988/1020/3 3989/1018/3 3979/1016/3
f 3987/1021/3 3988/1020/3 3979/1016/3
f 3986/1022/3 3987/1021/3 3979/1016/3
f 3985/1023/3 3986/1022/3 3979/1016/3
f 3984/1024/3 3985/1023/3 3979/1016/3
f 3983/1025/3 3984/1024/3 3979/1016/3
f 3983/1025/3 3979/1016/3 3980/1026/3
f 3982/1027/3 3983/1025/3 3980/1026/3
f 3982/1027/3 3980/1026/3 3981/1028/3
f 3785/1006/3 3563/1019/3 3564/1029/3
f 3576/1030/3 3577/1032/3 3578/1031/3
f 3576/1030/3 3578/1031/3 3579/1033/3
f 3576/1030/3 3579/1033/3 3580/1034/3
f 3576/1030/3 3580/1034/3 3581/1035/3
f 3576/1030/3 3581/1035/3 3582/1036/3
f 3576/1030/3 3582/1036/3 3583/1037/3
f 3576/1030/3 3583/1037/3 3584/1038/3
f 3575/1039/3 3576/1030/3 3584/1038/3
f 3575/1039/3 3584/1038/3 3585/1040/3
f 3575/1039/3 3585/1040/3 3586/1041/3
f 3574/1042/3 3575/1039/3 3586/1041/3
f 3574/1042/3 3586/1041/3 3587/1043/3
f 3574/1042/3 3587/1043/3 3588/1044/3
f 3573/1045/3 3574/1042/3 3588/1044/3
f 3573/1045/3 3588/1044/3 3589/1046/3
f 3573/1045/3 3589/1046/3 3590/1047/3
f 3572/1048/3 3573/1045/3 3590/1047/3
f 3572/1048/3 3590/1047/3 3591/1049/3
f 3572/1048/3 3591/1049/3 3592/1050/3
f 3571/1051/3 3572/1048/3 3592/1050/3
f 3571/1051/3 3592/1050/3 3593/1052/3
f 3785/1006/3 3564/1029/3 3565/1053/3
f 3571/1051/3 3593/1052/3 3594/1054/3
f 3570/1055/3 3571/1051/3 3594/1054/3
f 3570/1055/3 3594/1054/3 3595/1056/3
f 3569/1057/3 3570/1055/3 3595/1056/3
f 3569/1057/3 3595/1056/3 3596/1058/3
f 3568/1059/3 3569/1057/3 3596/1058/3
f 3568/1059/3 3596/1058/3 3597/1060/3
f 3567/1061/3 3568/1059/3 3597/1060/3
f 3567/1061/3 3597/1060/3 3598/1062/3
f 3566/1063/3 3567/1061/3 3598/1062/3
f 3566/1063/3 3598/1062/3 3599/1064/3
f 3565/1053/3 3566/1063/3 3599/1064/3
f 3565/1053/3 3599/1064/3 3600/1065/3
f 3785/1006/3 3565/1053/3 3600/1065/3
f 3785/1006/3 3600/1065/3 3601/1066/3
f 3785/1006/3 3601/1066/3 3602/1067/3
f 3785/1006/3 3602/1067/3 3603/1068/3
f 3785/1006/3 3603/1068/3 3604/1069/3
f 3784/1070/3 3785/1006/3 3604/1069/3
f 3784/1070/3 3604/1069/3 3605/1071/3
f 3784/1070/3 3605/1071/3 3606/1072/3
f 3784/1070/3 3606/1072/3 3607/1073/3
f 3784/1070/3 3607/1073/3 3608/1074/3
f 3784/1070/3 3608/1074/3 3609/1075/3
f 3784/1070/3 3609/1075/3 3610/1076/3
f 3784/1070/3 3610/1076/3 3611/1077/3
f 3784/1070/3 3611/1077/3 3612/1078/3
f 3784/1070/3 3612/1078/3 3613/1079/3
f 3784/1070/3 3613/1079/3 3614/1080/3
f 3784/1070/3 3614/1080/3 3615/1081/3
f 3784/1070/3 3615/1081/3 3616/1082/3
f 3784/1070/3 3616/1082/3 3617/1083/3
f 3784/1070/3 3617/1083/3 3618/1084/3
f 3784/1070/3 3618/1084/3 3619/1085/3
f 3784/1070/3 3619/1085/3 3620/1086/3
f 3784/1070/3 3620/1086/3 3621/1087/3
f 3784/1070/3 3621/1087/3 3622/1088/3
f 3784/1070/3 3622/1088/3 3623/1089/3
f 3784/1070/3 3623/1089/3 3624/1090/3
f 3784/1070/3 3624/1090/3 3625/1091/3
f 3784/1070/3 3625/1091/3 3748/1092/3
f 3748/1092/3 3625/1091/3 3626/1093/3
f 3783/1094/3 3784/1070/3 3748/1092/3
f 3782/1095/3 3783/1094/3 3748/1092/3
f 3781/1096/3 3782/1095/3 3748/1092/3
f 3780/1097/3 3781/1096/3 3748/1092/3
f 3779/1098/3 3780/1097/3 3748/1092/3
f 3778/1099/3 3779/1098/3 3748/1092/3
f 3777/1100/3 3778/1099/3 3748/1092/3
f 3777/1100/3 3748/1092/3 3749/1101/3
f 3747/1102/3 3748/1092/3 3626/1093/3
f 3776/1103/3 3777/1100/3 3749/1101/3
f 3775/1104/3 3776/1103/3 3749/1101/3
f 3775/1104/3 3749/1101/3 3750/1105/3
f 3774/1106/3 3775/1104/3 3750/1105/3
f 3773/1107/3 3774/1106/3 3750/1105/3
f 3773/1107/3 3750/1105/3 3751/1108/3
f 3772/1109/3 3773/1107/3 3751/1108/3
f 3772/1109/3 3751/1108/3 3752/1110/3
f 3771/1111/3 3772/1109/3 3752/1110/3
f 3771/1111/3 3752/1110/3 3753/1112/3
f 3770/1113/3 3771/1111/3 3753/1112/3
f 3770/1113/3 3753/1112/3 3754/1114/3
f 3769/1115/3 3770/1113/3 3754/1114/3
f 3769/1115/3 3754/1114/3 3755/1116/3
f 3768/1117/3 3769/1115/3 3755/1116/3
f 3768/1117/3 3755/1116/3 3756/1118/3
f 3767/1119/3 3768/1117/3 3756/1118/3
f 3767/1119/3 3756/1118/3 3757/1120/3
f 3766/1121/3 3767/1119/3 3757/1120/3
f 3766/1121/3 3757/1120/3 3758/1122/3
f 3765/1123/3 3766/1121/3 3758/1122/3
f 3765/1123/3 3758/1122/3 3759/1124/3
f 3764/1125/3 3765/1123/3 3759/1124/3
f 3763/1126/3 3764/1125/3 3759/1124/3
f 3763/1126/3 3759/1124/3 3760/1127/3
f 3762/1128/3 3763/1126/3 3760/1127/3
f 3761/1129/3 3762/1128/3 3760/1127/3
f 3639/1130/3 3640/1132/3 3641/1131/3
f 3639/1130/3 3641/1131/3 3642/1133/3
f 3638/1134/3 3639/1130/3 3642/1133/3
f 3638/1134/3 3642/1133/3 3643/1135/3
f 3637/1136/3 3638/1134/3 3643/1135/3
f 3636/1137/3 3637/1136/3 3643/1135/3
f 3636/1137/3 3643/1135/3 3644/1138/3
f 3635/1139/3 3636/1137/3 3644/1138/3
f 3635/1139/3 3644/1138/3 3645/1140/3
f 3634/1141/3 3635/1139/3 3645/1140/3
f 3634/1141/3 3645/1140/3 3646/1142/3
f 3633/1143/3 3634/1141/3 3646/1142/3
f 3632/1144/3 3633/1143/3 3646/1142/3
f 3632/1144/3 3646/1142/3 3647/1145/3
f 3631/1146/3 3632/1144/3 3647/1145/3
f 3630/1147/3 3631/1146/3 3647/1145/3
f 3630/1147/3 3647/1145/3 3648/1148/3
f 3629/1149/3 3630/1147/3 3648/1148/3
f 3629/1149/3 3648/1148/3 3649/1150/3
f 3628/1151/3 3629/1149/3 3649/1150/3
f 3627/1152/3 3628/1151/3 3649/1150/3
f 3627/1152/3 3649/1150/3 3650/1153/3
f 3626/1093/3 3627/1152/3 3650/1153/3
f 3626/1093/3 3650/1153/3 3651/1154/3
f 3626/1093/3 3651/1154/3 3652/1155/3
f 3626/1093/3 3652/1155/3 3653/1156/3
f 3626/1093/3 3653/1156/3 3654/1157/3
f 3626/1093/3 3654/1157/3 3655/1158/3
f 3626/1093/3 3655/1158/3 3656/1159/3
f 3747/1102/3 3626/1093/3 3656/1159/3
f 3747/1102/3 3656/1159/3 3657/1160/3
f 3747/1102/3 3657/1160/3 3658/1161/3
f 3746/1162/3 3747/1102/3 3658/1161/3
f 3746/1162/3 3658/1161/3 3659/1163/3
f 3746/1162/3 3659/1163/3 3660/1164/3
f 3745/1165/3 3746/1162/3 3660/1164/3
f 3745/1165/3 3660/1164/3 3661/1166/3
f 3744/1167/3 3745/1165/3 3661/1166/3
f 3744/1167/3 3661/1166/3 3662/1168/3
f 3744/1167/3 3662/1168/3 3663/1169/3
f 3743/1170/3 3744/1167/3 3663/1169/3
f 3743/1170/3 3663/1169/3 3664/1171/3
f 3742/1172/3 3743/1170/3 3664/1171/3
f 3742/1172/3 3664/1171/3 3665/1173/3
f 3741/1174/3 3742/1172/3 3665/1173/3
f 3741/1174/3 3665/1173/3 3666/1175/3
f 3740/1176/3 3741/1174/3 3666/1175/3
f 3740/1176/3 3666/1175/3 3667/1177/3
f 3739/1178/3 3740/1176/3 3667/1177/3
f 3739/1178/3 3667/1177/3 3668/1179/3
f 3738/1180/3 3739/1178/3 3668/1179/3
f 3738/1180/3 3668/1179/3 3687/1181/3
f 3687/1181/3 3668/1179/3 3686/1182/3
f 3686/1182/3 3668/1179/3 3685/1183/3
f 3685/1183/3 3668/1179/3 3669/1184/3
f 3738/1180/3 3687/1181/3 3688/1185/3
f 3738/1180/3 3688/1185/3 3689/1186/3
f 3684/1187/3 3685/1183/3 3669/1184/3
f 3738/1180/3 3689/1186/3 3690/1188/3
f 3683/1189/3 3684/1187/3 3669/1184/3
f 3682/1190/3 3683/1189/3 3669/1184/3
f 3738/1180/3 3690/1188/3 3691/1191/3
f 3681/1192/3 3682/1190/3 3669/1184/3
f 3738/1180/3 3691/1191/3 3692/1193/3
f 3737/1194/3 3738/1180/3 3692/1193/3
f 3680/1195/3 3681/1192/3 3669/1184/3
f 3680/1195/3 3669/1184/3 3670/1196/3
f 3679/1197/3 3680/1195/3 3670/1196/3
f 3737/1194/3 3692/1193/3 3693/1198/3
f 3678/1199/3 3679/1197/3 3670/1196/3
f 3737/1194/3 3693/1198/3 3694/1200/3
f 3677/1201/3 3678/1199/3 3670/1196/3
f 3677/1201/3 3670/1196/3 3671/1202/3
f 3737/1194/3 3694/1200/3 3695/1203/3
f 3676/1204/3 3677/1201/3 3671/1202/3
f 3675/1205/3 3676/1204/3 3671/1202/3
f 3675/1205/3 3671/1202/3 3672/1206/3
f 3736/1207/3 3737/1194/3 3695/1203/3
f 3736/1207/3 3695/1203/3 3696/1208/3
f 3674/1209/3 3675/1205/3 3672/1206/3
f 3674/1209/3 3672/1206/3 3673/1210/3
f 3736/1207/3 3696/1208/3 3697/1211/3
f 3736/1207/3 3697/1211/3 3698/1212/3
f 3735/1213/3 3736/1207/3 3698/1212/3
f 3735/1213/3 3698/1212/3 3699/1214/3
f 3734/1215/3 3735/1213/3 3699/1214/3
f 3734/1215/3 3699/1214/3 3700/1216/3
f 3734/1215/3 3700/1216/3 3701/1217/3
f 3734/1215/3 3701/1217/3 3702/1218/3
f 3733/1219/3 3734/1215/3 3702/1218/3
f 3733/1219/3 3702/1218/3 3703/1220/3
f 3732/1221/3 3733/1219/3 3703/1220/3
f 3732/1221/3 3703/1220/3 3704/1222/3
f 3732/1221/3 3704/1222/3 3705/1223/3
f 3731/1224/3 3732/1221/3 3705/1223/3
f 3731/1224/3 3705/1223/3 3706/1225/3
f 3730/1226/3 3731/1224/3 3706/1225/3
f 3730/1226/3 3706/1225/3 3707/1227/3
f 3729/1228/3 3730/1226/3 3707/1227/3
f 3729/1228/3 3707/1227/3 3708/1229/3
f 3729/1228/3 3708/1229/3 3709/1230/3
f 3728/1231/3 3729/1228/3 3709/1230/3
f 3728/1231/3 3709/1230/3 3710/1232/3
f 3727/1233/3 3728/1231/3 3710/1232/3
f 3727/1233/3 3710/1232/3 3711/1234/3
f 3726/1235/3 3727/1233/3 3711/1234/3
f 3726/1235/3 3711/1234/3 3712/1236/3
f 3726/1235/3 3712/1236/3 3713/1237/3
f 3726/1235/3 3713/1237/3 3714/1238/3
f 3725/1239/3 3726/1235/3 3714/1238/3
f 3725/1239/3 3714/1238/3 3715/1240/3
f 3725/1239/3 3715/1240/3 3716/1241/3
f 3725/1239/3 3716/1241/3 3717/1242/3
f 3724/1243/3 3725/1239/3 3717/1242/3
f 3724/1243/3 3717/1242/3 3718/1244/3
f 3724/1243/3 3718/1244/3 3719/1245/3
f 3724/1243/3 3719/1245/3 3720/1246/3
f 3723/1247/3 3724/1243/3 3722/1248/3
f 3722/1248/3 3724/1243/3 3721/1249/3
f 3721/1249/3 3724/1243/3 3720/1246/3
f 4063/1250/3 4064/1252/3 4065/1251/3
f 4087/1253/3 4088/1255/3 4089/1254/3
f 4063/1250/3 4065/1251/3 4066/1256/3
f 4062/1257/3 4063/1250/3 4066/1256/3
f 4062/1257/3 4066/1256/3 4067/1258/3
f 4061/1259/3 4062/1257/3 4067/1258/3
f 4061/1259/3 4067/1258/3 4068/1260/3
f 4061/1259/3 4068/1260/3 4069/1261/3
f 4060/1262/3 4061/1259/3 4069/1261/3
f 4060/1262/3 4069/1261/3 4070/1263/3
f 4059/1264/3 4060/1262/3 4070/1263/3
f 4059/1264/3 4070/1263/3 4071/1265/3
f 4086/1266/3 4087/1253/3 4089/1254/3
f 4059/1264/3 4071/1265/3 4072/1267/3
f 4058/1268/3 4059/1264/3 4072/1267/3
f 4058/1268/3 4072/1267/3 4073/1269/3
f 4057/1270/3 4058/1268/3 4073/1269/3
f 4057/1270/3 4073/1269/3 4074/1271/3
f 4085/1272/3 4086/1266/3 4089/1254/3
f 4056/1273/3 4057/1270/3 4074/1271/3
f 4056/1273/3 4074/1271/3 4075/1274/3
f 4084/1275/3 4085/1272/3 4089/1254/3
f 4056/1273/3 4075/1274/3 4076/1276/3
f 4055/1277/3 4056/1273/3 4076/1276/3
f 4055/1277/3 4076/1276/3 4077/1278/3
f 4083/1279/3 4084/1275/3 4089/1254/3
f 4054/1280/3 4055/1277/3 4115/1281/3
f 4115/1281/3 4055/1277/3 4114/1282/3
f 4114/1282/3 4055/1277/3 4077/1278/3
f 4114/1282/3 4077/1278/3 4078/1283/3
f 4082/1284/3 4083/1279/3 4089/1254/3
f 4113/1285/3 4114/1282/3 4078/1283/3
f 4054/1280/3 4115/1281/3 4116/1286/3
f 4112/1287/3 4113/1285/3 4078/1283/3
f 4054/1280/3 4116/1286/3 4117/1288/3
f 4112/1287/3 4078/1283/3 4079/1289/3
f 4081/1290/3 4082/1284/3 4089/1254/3
f 4111/1291/3 4112/1287/3 4079/1289/3
f 4054/1280/3 4117/1288/3 4118/1292/3
f 4111/1291/3 4079/1289/3 4080/1293/3
f 4080/1293/3 4081/1290/3 4089/1254/3
f 4110/1294/3 4111/1291/3 4080/1293/3
f 4110/1294/3 4080/1293/3 4109/1295/3
f 4109/1295/3 4080/1293/3 4108/1296/3
f 4108/1296/3 4080/1293/3 4107/1297/3
f 4107/1297/3 4080/1293/3 4106/1298/3
f 4106/1298/3 4080/1293/3 4105/1299/3
f 4105/1299/3 4080/1293/3 4104/1300/3
f 4104/1300/3 4080/1293/3 4103/1301/3
f 4103/1301/3 4080/1293/3 4089/1254/3
f 4054/1280/3 4118/1292/3 4119/1302/3
f 4053/1303/3 4054/1280/3 4119/1302/3
f 4053/1303/3 4119/1302/3 4120/1304/3
f 4053/1303/3 4120/1304/3 4121/1202/3
f 4053/1303/3 4121/1202/3 4122/1305/3
f 4052/1306/3 4053/1303/3 4122/1305/3
f 4052/1306/3 4122/1305/3 4123/1307/3
f 4052/1306/3 4123/1307/3 4124/1308/3
f 4051/1309/3 4052/1306/3 4124/1308/3
f 4051/1309/3 4124/1308/3 4125/1310/3
f 4050/1311/3 4051/1309/3 4125/1310/3
f 4050/1311/3 4125/1310/3 4126/1312/3
f 4050/1311/3 4126/1312/3 4127/1313/3
f 4049/1314/3 4050/1311/3 4127/1313/3
f 4049/1314/3 4127/1313/3 4128/1315/3
f 4102/1316/3 4103/1301/3 4089/1254/3
f 4048/1317/3 4049/1314/3 4128/1315/3
f 4048/1317/3 4128/1315/3 4129/1318/3
f 4101/1319/3 4102/1316/3 4089/1254/3
f 4048/1317/3 4129/1318/3 4130/1320/3
f 4047/1321/3 4048/1317/3 4130/1320/3
f 4047/1321/3 4130/1320/3 4131/1322/3
f 4100/1323/3 4101/1319/3 4089/1254/3
f 4046/1324/3 4047/1321/3 4131/1322/3
f 4046/1324/3 4131/1322/3 4132/1325/3
f 4099/1326/3 4100/1323/3 4089/1254/3
f 4045/1327/3 4046/1324/3 4132/1325/3
f 4045/1327/3 4132/1325/3 4133/1328/3
f 4098/1329/3 4099/1326/3 4089/1254/3
f 4045/1327/3 4133/1328/3 4134/1330/3
f 4044/1331/3 4045/1327/3 4134/1330/3
f 4097/1332/6 4098/1329/6 4089/1254/6
f 4044/1331/3 4134/1330/3 4135/1333/3
f 4043/1334/3 4044/1331/3 4135/1333/3
f 4043/1334/3 4135/1333/3 4136/1335/3
f 4096/1336/3 4097/1332/3 4089/1254/3
f 4043/1334/3 4136/1335/3 4137/1337/3
f 4042/1338/3 4043/1334/3 4137/1337/3
f 4095/1339/3 4096/1336/3 4089/1254/3
f 4042/1338/3 4137/1337/3 4138/1340/3
f 4094/1341/3 4095/1339/3 4089/1254/3
f 4041/1342/3 4042/1338/3 4138/1340/3
f 4041/1342/3 4138/1340/3 4139/1343/3
f 4093/1344/3 4094/1341/3 4089/1254/3
f 4040/1345/3 4041/1342/3 4139/1343/3
f 4040/1345/3 4139/1343/3 4140/1346/3
f 4092/1347/3 4093/1344/3 4089/1254/3
f 4039/1348/3 4040/1345/3 4140/1346/3
f 4039/1348/3 4140/1346/3 4141/1349/3
f 4091/1350/3 4092/1347/3 4089/1254/3
f 4039/1348/3 4141/1349/3 4142/1351/3
f 4038/1352/3 4039/1348/3 4142/1351/3
f 4091/1350/3 4089/1254/3 4090/1353/3
f 4038/1352/3 4142/1351/3 4143/1354/3
f 4038/1352/3 4143/1354/3 4144/1355/3
f 4037/1356/3 4038/1352/3 4144/1355/3
f 4037/1356/3 4144/1355/3 4145/1357/3
f 4037/1356/3 4145/1357/3 4146/1358/3
f 4037/1356/3 4146/1358/3 4147/1359/3
f 4036/1360/3 4037/1356/3 4147/1359/3
f 4036/1360/3 4147/1359/3 4148/1361/3
f 4036/1360/3 4148/1361/3 4149/1362/3
f 4035/1363/3 4036/1360/3 4149/1362/3
f 4035/1363/3 4149/1362/3 4150/1364/3
f 4035/1363/3 4150/1364/3 4151/1365/3
f 4034/1366/3 4035/1363/3 4151/1365/3
f 4034/1366/3 4151/1365/3 4152/1367/3
f 4034/1366/3 4152/1367/3 4153/1368/3
f 4033/1369/3 4034/1366/3 4153/1368/3
f 4033/1369/3 4153/1368/3 4154/1370/3
f 4033/1369/3 4154/1370/3 4155/1371/3
f 4032/1372/3 4033/1369/3 4155/1371/3
f 4032/1372/3 4155/1371/3 4156/1373/3
f 4031/1374/3 4032/1372/3 4156/1373/3
f 4031/1374/3 4156/1373/3 4157/1375/3
f 4031/1374/3 4157/1375/3 4158/1376/3
f 4030/1377/3 4031/1374/3 4158/1376/3
f 4030/1377/3 4158/1376/3 4159/1378/3
f 4029/1379/3 4030/1377/3 4159/1378/3
f 4029/1379/3 4159/1378/3 4160/1380/3
f 4029/1379/3 4160/1380/3 4161/1381/3
f 4028/227/3 4029/1379/3 4161/1381/3
f 4028/227/3 4161/1381/3 4162/1382/3
f 4307/46/3 4028/227/3 4162/1382/3
f 4307/46/3 4162/1382/3 4163/1383/3
f 4306/1384/3 4307/46/3 4163/1383/3
f 4306/1384/3 4163/1383/3 4164/1385/3
f 4305/1386/3 4306/1384/3 4164/1385/3
f 4304/1387/3 4305/1386/3 4164/1385/3
f 4304/1387/3 4164/1385/3 4165/1388/3
f 4303/1389/3 4304/1387/3 4165/1388/3
f 4302/1390/3 4303/1389/3 4165/1388/3
f 4302/1390/3 4165/1388/3 4166/1391/3
f 4301/1392/3 4302/1390/3 4166/1391/3
f 4300/1393/3 4301/1392/3 4166/1391/3
f 4300/1393/3 4166/1391/3 4167/1394/3
f 4299/1395/3 4300/1393/3 4167/1394/3
f 4298/1396/3 4299/1395/3 4167/1394/3
f 4298/1396/3 4167/1394/3 4168/1397/3
f 4297/1398/3 4298/1396/3 4168/1397/3
f 4296/1399/3 4297/1398/3 4168/1397/3
f 4295/1400/3 4296/1399/3 4168/1397/3
f 4295/1400/3 4168/1397/3 4169/1401/3
f 4294/1402/3 4295/1400/3 4169/1401/3
f 4293/1403/3 4294/1402/3 4169/1401/3
f 4293/1403/3 4169/1401/3 4170/1404/3
f 4292/1405/3 4293/1403/3 4170/1404/3
f 4292/1405/3 4170/1404/3 4171/1406/3
f 4291/1407/3 4292/1405/3 4171/1406/3
f 4290/1408/3 4291/1407/3 4171/1406/3
f 4290/1408/3 4171/1406/3 4172/1409/3
f 4289/1410/3 4290/1408/3 4172/1409/3
f 4288/1411/3 4289/1410/3 4172/1409/3
f 4288/1411/3 4172/1409/3 4173/1412/3
f 4235/1413/3 4236/1415/3 4237/1414/3
f 4287/1416/3 4288/1411/3 4173/1412/3
f 4234/1417/3 4235/1413/3 4237/1414/3
f 4234/1417/3 4237/1414/3 4238/1418/3
f 4287/1416/3 4173/1412/3 4174/1419/3
f 4286/1420/3 4287/1416/3 4174/1419/3
f 4234/1417/3 4238/1418/3 4239/1421/3
f 4285/1422/3 4286/1420/3 4174/1419/3
f 4285/1422/3 4174/1419/3 4175/1423/3
f 4234/1417/3 4239/1421/3 4240/1424/3
f 4284/1425/3 4285/1422/3 4175/1423/3
f 4284/1425/3 4175/1423/3 4176/1426/3
f 4234/1417/3 4240/1424/3 4241/1427/3
f 4283/1428/3 4284/1425/3 4176/1426/3
f 4283/1428/3 4176/1426/3 4177/1429/3
f 4234/1417/3 4241/1427/3 4242/1430/3
f 4282/1431/3 4283/1428/3 4177/1429/3
f 4234/1417/3 4242/1430/3 4243/1432/3
f 4282/1431/3 4177/1429/3 4178/1433/3
f 4281/1434/3 4282/1431/3 4178/1433/3
f 4234/1417/3 4243/1432/3 4244/1435/3
f 4280/1436/3 4281/1434/3 4178/1433/3
f 4280/1436/3 4178/1433/3 4179/1437/3
f 4279/1438/3 4280/1436/3 4179/1437/3
f 4234/1417/3 4244/1435/3 4245/1439/3
f 4279/1438/3 4179/1437/3 4180/1440/3
f 4278/1441/3 4279/1438/3 4180/1440/3
f 4234/1417/3 4245/1439/3 4246/1442/3
f 4277/1443/3 4278/1441/3 4180/1440/3
f 4277/1443/3 4180/1440/3 4181/1444/3
f 4234/1417/3 4246/1442/3 4247/1445/3
f 4276/1446/3 4277/1443/3 4181/1444/3
f 4234/1417/3 4247/1445/3 4248/1447/3
f 4276/1446/3 4181/1444/3 4182/1448/3
f 4275/1449/3 4276/1446/3 4182/1448/3
f 4234/1417/3 4248/1447/3 4249/1450/3
f 4275/1449/3 4182/1448/3 4183/1451/3
f 4274/1452/3 4275/1449/3 4183/1451/3
f 4234/1417/3 4249/1450/3 4250/1453/3
f 4273/1454/3 4274/1452/3 4183/1451/3
f 4273/1454/3 4183/1451/3 4184/1455/3
f 4272/1456/3 4273/1454/3 4184/1455/3
f 4234/1417/6 4250/1453/6 4233/1457/6
f 4233/1457/3 4250/1453/3 4232/1458/3
f 4232/1458/3 4250/1453/3 4231/1459/3
f 4231/1459/3 4250/1453/3 4251/1460/3
f 4272/1456/3 4184/1455/3 4185/1461/3
f 4271/1462/3 4272/1456/3 4185/1461/3
f 4231/1459/6 4251/1460/6 4230/1463/6
f 4230/1463/3 4251/1460/3 4229/1464/3
f 4229/1464/3 4251/1460/3 4228/1465/3
f 4228/1465/3 4251/1460/3 4252/1466/3
f 4270/1467/3 4271/1462/3 4185/1461/3
f 4270/1467/3 4185/1461/3 4186/1468/3
f 4269/1469/3 4270/1467/3 4186/1468/3
f 4228/1465/3 4252/1466/3 4227/1470/3
f 4227/1470/3 4252/1466/3 4226/1471/3
f 4226/1471/3 4252/1466/3 4225/1472/3
f 4225/1472/3 4252/1466/3 4253/1473/3
f 4269/1469/3 4186/1468/3 4187/1474/3
f 4268/1475/3 4269/1469/3 4187/1474/3
f 4225/1472/3 4253/1473/3 4224/1476/3
f 4224/1476/3 4253/1473/3 4254/1477/3
f 4267/1478/3 4268/1475/3 4187/1474/3
f 4267/1478/3 4187/1474/3 4188/1479/3
f 4224/1476/6 4254/1477/6 4223/1480/6
f 4223/1480/3 4254/1477/3 4255/1481/3
f 4266/1482/3 4267/1478/3 4188/1479/3
f 4223/1480/3 4255/1481/3 4256/1483/3
f 4265/1484/3 4266/1482/3 4188/1479/3
f 4265/1484/3 4188/1479/3 4189/1485/3
f 4264/1486/3 4265/1484/3 4189/1485/3
f 4223/1480/3 4256/1483/3 4257/1487/3
f 4263/1488/3 4264/1486/3 4189/1485/3
f 4223/1480/6 4257/1487/6 4222/1489/6
f 4222/1489/3 4257/1487/3 4258/1490/3
f 4262/1491/3 4263/1488/3 4189/1485/3
f 4222/1489/3 4258/1490/3 4259/1492/3
f 4261/1493/3 4262/1491/3 4189/1485/3
f 4261/1493/3 4189/1485/3 4190/1494/3
f 4222/1489/3 4259/1492/3 4260/1495/3
f 4260/1495/3 4261/1493/3 4190/1494/3
f 4222/1489/3 4260/1495/3 4190/1494/3
f 4221/1496/3 4222/1489/3 4190/1494/3
f 4220/1497/3 4221/1496/3 4190/1494/3
f 4219/1498/3 4220/1497/3 4190/1494/3
f 4218/1499/3 4219/1498/3 4190/1494/3
f 4218/1499/3 4190/1494/3 4191/1500/3
f 4217/1501/3 4218/1499/3 4191/1500/3
f 4216/1502/3 4217/1501/3 4191/1500/3
f 4215/1503/3 4216/1502/3 4191/1500/3
f 4214/728/3 4215/1503/3 4191/1500/3
f 4213/1504/3 4214/728/3 4191/1500/3
f 4212/1505/3 4213/1504/3 4191/1500/3
f 4211/1506/3 4212/1505/3 4191/1500/3
f 4210/1507/3 4211/1506/3 4191/1500/3
f 4209/1508/3 4210/1507/3 4191/1500/3
f 4209/1508/3 4191/1500/3 4192/1509/3
f 4208/1510/3 4209/1508/3 4192/1509/3
f 4207/1511/3 4208/1510/3 4192/1509/3
f 4207/1511/3 4192/1509/3 4193/1512/3
f 4206/1513/3 4207/1511/3 4193/1512/3
f 4206/1513/3 4193/1512/3 4194/1514/3
f 4205/1515/3 4206/1513/3 4194/1514/3
f 4204/1516/3 4205/1515/3 4194/1514/3
f 4204/1516/3 4194/1514/3 4195/1517/3
f 4203/1518/3 4204/1516/3 4195/1517/3
f 4202/1519/3 4203/1518/3 4195/1517/3
f 4202/1519/3 4195/1517/3 4196/1520/3
f 4201/1521/3 4202/1519/3 4196/1520/3
f 4201/1521/3 4196/1520/3 4197/1522/3
f 4200/1523/3 4201/1521/3 4197/1522/3
f 4199/1524/3 4200/1523/3 4197/1522/3
f 4199/1524/3 4197/1522/3 4198/1525/3
f 4368/1526/3 4369/1528/3 4370/1527/3
f 4368/1526/3 4370/1527/3 4371/1529/3
f 4336/1530/3 4337/1202/3 4338/1531/3
f 4336/1530/3 4338/1531/3 4339/1532/3
f 4367/1533/1 4368/1526/1 4371/1529/1
f 4366/728/3 4367/1533/3 4372/1534/3
f 4372/1534/3 4367/1533/3 4371/1529/3
f 4366/728/3 4372/1534/3 4373/1535/3
f 4335/1536/3 4336/1530/3 4339/1532/3
f 4334/1537/3 4335/1536/3 4340/1538/3
f 4340/1538/1 4335/1536/1 4339/1532/1
f 4334/1537/3 4340/1538/3 4341/1539/3
f 4366/728/3 4373/1535/3 4374/1540/3
f 4333/1541/3 4334/1537/3 4341/1539/3
f 4366/728/3 4374/1540/3 4375/1542/3
f 4332/1543/3 4333/1541/3 4341/1539/3
f 4332/1543/3 4341/1539/3 4342/1544/3
f 4365/1545/3 4366/728/3 4375/1542/3
f 4365/1545/3 4375/1542/3 4376/1546/3
f 4331/1547/3 4332/1543/3 4342/1544/3
f 4365/1545/3 4376/1546/3 4377/1548/3
f 4330/1549/3 4331/1547/3 4342/1544/3
f 4330/1549/3 4342/1544/3 4343/1550/3
f 4364/1551/3 4365/1545/3 4377/1548/3
f 4364/1551/3 4377/1548/3 4378/1552/3
f 4329/1553/3 4330/1549/3 4343/1550/3
f 4364/1551/3 4378/1552/3 4379/1554/3
f 4328/1555/3 4329/1553/3 4343/1550/3
f 4328/1555/3 4343/1550/3 4344/1556/3
f 4363/1557/3 4364/1551/3 4379/1554/3
f 4363/1557/3 4379/1554/3 4380/1558/3
f 4327/1559/3 4328/1555/3 4344/1556/3
f 4363/1557/3 4380/1558/3 4381/1560/3
f 4326/1561/3 4327/1559/3 4344/1556/3
f 4326/1561/3 4344/1556/3 4345/1562/3
f 4362/1563/3 4363/1557/3 4381/1560/3
f 4362/1563/3 4381/1560/3 4382/1564/3
f 4325/1565/3 4326/1561/3 4345/1562/3
f 4362/1563/3 4382/1564/3 4383/1566/3
f 4324/1567/3 4325/1565/3 4345/1562/3
f 4324/1567/3 4345/1562/3 4346/1568/3
f 4361/1569/3 4362/1563/3 4383/1566/3
f 4361/1569/3 4383/1566/3 4384/1570/3
f 4323/1571/3 4324/1567/3 4346/1568/3
f 4361/1569/3 4384/1570/3 4385/1572/3
f 4322/1573/3 4323/1571/3 4346/1568/3
f 4322/1573/3 4346/1568/3 4347/1574/3
f 4361/1569/3 4385/1572/3 4386/1575/3
f 4321/1576/3 4322/1573/3 4347/1574/3
f 4360/1577/3 4361/1569/3 4386/1575/3
f 4360/1577/3 4386/1575/3 4387/1578/3
f 4320/1579/3 4321/1576/3 4347/1574/3
f 4360/1577/3 4387/1578/3 4388/1580/3
f 4320/1579/3 4347/1574/3 4348/1581/3
f 4319/1582/3 4320/1579/3 4348/1581/3
f 4359/1583/3 4360/1577/3 4388/1580/3
f 4359/1583/3 4388/1580/3 4389/1584/3
f 4318/1585/3 4319/1582/3 4348/1581/3
f 4359/1583/3 4389/1584/3 4390/1586/3
f 4318/1585/3 4348/1581/3 4349/1587/3
f 4359/1583/3 4390/1586/3 4391/1588/3
f 4317/1589/3 4318/1585/3 4349/1587/3
f 4358/1590/3 4359/1583/3 4391/1588/3
f 4358/1590/3 4391/1588/3 4392/1591/3
f 4316/1592/3 4317/1589/3 4349/1587/3
f 4316/1592/3 4349/1587/3 4350/1593/3
f 4358/1590/3 4392/1591/3 4393/1594/3
f 4357/1595/3 4358/1590/3 4393/1594/3
f 4315/1596/3 4316/1592/3 4350/1593/3
f 4357/1595/3 4393/1594/3 4394/1597/3
f 4314/1598/3 4315/1596/3 4350/1593/3
f 4357/1595/3 4394/1597/3 4395/46/3
f 4314/1598/3 4350/1593/3 4351/1599/3
f 4356/1600/3 4357/1595/3 4395/46/3
f 4313/1601/3 4314/1598/3 4351/1599/3
f 4356/1600/3 4395/46/3 4308/227/3
f 4312/1602/3 4313/1601/3 4351/1599/3
f 4356/1600/3 4308/227/3 4309/1603/3
f 4312/1602/3 4351/1599/3 4352/1604/3
f 4355/1605/3 4356/1600/3 4309/1603/3
f 4311/1606/3 4312/1602/3 4352/1604/3
f 4310/1607/3 4311/1606/3 4352/1604/3
f 4310/1607/3 4352/1604/3 4353/1608/3
f 4354/1609/3 4355/1605/3 4309/1603/3
f 4354/1609/3 4309/1603/3 4310/1607/3
f 4354/1609/3 4310/1607/3 4353/1608/3
f 4407/1610/3 4408/1612/3 4409/1611/3
f 4407/1610/3 4409/1611/3 4410/1613/3
f 4406/1614/3 4407/1610/3 4410/1613/3
f 4406/1614/3 4410/1613/3 4411/1615/3
f 4406/1614/3 4411/1615/3 4412/1616/3
f 4405/1617/3 4406/1614/3 4412/1616/3
f 4405/1617/3 4412/1616/3 4413/1618/3
f 4405/1617/3 4413/1618/3 4414/1619/3
f 4404/1620/3 4405/1617/3 4414/1619/3
f 4404/1620/3 4414/1619/3 4415/1621/3
f 4403/1622/3 4404/1620/3 4415/1621/3
f 4403/1622/3 4415/1621/3 4416/1623/3
f 4403/1622/3 4416/1623/3 4417/1624/3
f 4402/1625/3 4403/1622/3 4417/1624/3
f 4402/1625/3 4417/1624/3 4418/1626/3
f 4402/1625/3 4418/1626/3 4419/1627/3
f 4401/1628/3 4402/1625/3 4419/1627/3
f 4401/1628/3 4419/1627/3 4420/1629/3
f 4401/1628/3 4420/1629/3 4421/1630/3
f 4400/1631/3 4401/1628/3 4421/1630/3
f 4400/1631/3 4421/1630/3 4422/1632/3
f 4399/1633/3 4400/1631/3 4422/1632/3
f 4399/1633/3 4422/1632/3 4423/1634/3
f 4399/1633/3 4423/1634/3 4424/1635/3
f 4398/1636/3 4399/1633/3 4424/1635/3
f 4398/1636/3 4424/1635/3 4425/1637/3
f 4398/1636/3 4425/1637/3 4426/1638/3
f 4397/1639/3 4398/1636/3 4426/1638/3
f 4397/1639/3 4426/1638/3 4427/1640/3
f 4397/1639/3 4427/1640/3 4428/1641/3
f 4396/227/3 4397/1639/3 4428/1641/3
f 4396/227/3 4428/1641/3 4429/1642/3
f 4974/1127/3 4396/227/3 4429/1642/3
f 4974/1127/3 4429/1642/3 4430/1643/3
f 4973/1644/3 4974/1127/3 4430/1643/3
f 4973/1644/3 4430/1643/3 4431/1645/3
f 4972/1646/3 4973/1644/3 4431/1645/3
f 4972/1646/3 4431/1645/3 4432/1647/3
f 4971/1648/3 4972/1646/3 4432/1647/3
f 4971/1648/3 4432/1647/3 4433/1649/3
f 4970/1650/3 4971/1648/3 4433/1649/3
f 4970/1650/3 4433/1649/3 4434/1651/3
f 4969/1652/3 4970/1650/3 4434/1651/3
f 4968/1653/3 4969/1652/3 4434/1651/3
f 4968/1653/3 4434/1651/3 4435/1654/3
f 4967/1655/3 4968/1653/3 4435/1654/3
f 5550/1656/3 5551/1657/3 5552/46/3
f 5549/1658/3 5550/1656/3 5552/46/3
f 5549/1658/3 5552/46/3 5313/1659/3
f 5548/1660/3 5549/1658/3 5313/1659/3
f 4967/1655/3 4435/1654/3 4436/1661/3
f 5548/1660/3 5313/1659/3 5314/1662/3
f 4966/1663/3 4967/1655/3 4436/1661/3
f 5547/1664/3 5548/1660/3 5314/1662/3
f 5547/1664/3 5314/1662/3 5315/1665/3
f 5546/1666/3 5547/1664/3 5315/1665/3
f 4965/1667/3 4966/1663/3 4436/1661/3
f 5546/1666/3 5315/1665/3 5316/1668/3
f 5545/1669/3 5546/1666/3 5316/1668/3
f 4964/1670/3 4965/1667/3 4436/1661/3
f 4964/1670/3 4436/1661/3 4437/1671/3
f 4963/1672/3 4964/1670/3 4437/1671/3
f 5544/1673/3 5545/1669/3 5316/1668/3
f 4962/1674/3 4963/1672/3 4437/1671/3
f 5544/1673/3 5316/1668/3 5317/1675/3
f 5543/1676/3 5544/1673/3 5317/1675/3
f 4962/1674/3 4437/1671/3 4438/1677/3
f 5542/1678/3 5543/1676/3 5317/1675/3
f 4961/1679/3 4962/1674/3 4438/1677/3
f 4961/1679/3 4438/1677/3 4439/1680/3
f 5542/1678/3 5317/1675/3 5318/1681/3
f 5541/1682/3 5542/1678/3 5318/1681/3
f 4961/1679/3 4439/1680/3 4440/1683/3
f 4960/1684/3 4961/1679/3 4440/1683/3
f 5540/1685/3 5541/1682/3 5318/1681/3
f 5540/1685/3 5318/1681/3 5319/1686/3
f 4960/1684/3 4440/1683/3 4441/1687/3
f 5539/1688/3 5540/1685/3 5319/1686/3
f 4959/1689/3 4960/1684/3 4441/1687/3
f 4959/1689/3 4441/1687/3 4442/1690/3
f 5538/1691/3 5539/1688/3 5319/1686/3
f 4958/1692/3 4959/1689/3 4442/1690/3
f 5538/1691/3 5319/1686/3 5320/1693/3
f 5537/1694/3 5538/1691/3 5320/1693/3
f 4958/1692/3 4442/1690/3 4443/1695/3
f 5536/1696/3 5537/1694/3 5320/1693/3
f 4958/1692/3 4443/1695/3 4444/1697/3
f 4957/1698/3 4958/1692/3 4444/1697/3
f 5535/1699/3 5536/1696/3 5320/1693/3
f 4957/1698/3 4444/1697/3 4445/1700/3
f 5535/1699/3 5320/1693/3 5321/1701/3
f 4956/1702/3 4957/1698/3 4445/1700/3
f 5534/1703/3 5535/1699/3 5321/1701/3
f 5533/1704/3 5534/1703/3 5321/1701/3
f 4955/1705/3 4956/1702/3 4445/1700/3
f 5532/1706/3 5533/1704/3 5321/1701/3
f 5532/1706/3 5321/1701/3 5322/1707/3
f 5531/1708/3 5532/1706/3 5322/1707/3
f 4954/1709/3 4955/1705/3 4445/1700/3
f 5530/1710/3 5531/1708/3 5322/1707/3
f 4953/1711/3 4954/1709/3 4445/1700/3
f 5529/1712/3 5530/1710/3 5322/1707/3
f 4953/1711/3 4445/1700/3 4446/1713/3
f 5528/1714/3 5529/1712/3 5322/1707/3
f 4952/1715/3 4953/1711/3 4446/1713/3
f 5528/1714/3 5322/1707/3 5323/1716/3
f 4951/1717/3 4952/1715/3 4446/1713/3
f 5527/1718/3 5528/1714/3 5323/1716/3
f 4950/1719/3 4951/1717/3 4446/1713/3
f 5527/1718/3 5323/1716/3 5324/1720/3
f 5526/1721/3 5527/1718/3 5324/1720/3
f 4950/1719/3 4446/1713/3 4447/1722/3
f 4949/1723/3 4950/1719/3 4447/1722/3
f 5525/1724/3 5526/1721/3 5324/1720/3
f 5525/1724/3 5324/1720/3 5325/1725/3
f 4948/1726/3 4949/1723/3 4447/1722/3
f 4948/1726/3 4447/1722/3 4448/1727/3
f 5524/1728/3 5525/1724/3 5325/1725/3
f 5524/1728/3 5325/1725/3 5326/1729/3
f 5524/1728/3 5326/1729/3 5327/1730/3
f 5524/1728/3 5327/1730/3 5328/1731/3
f 4947/1732/3 4948/1726/3 4448/1727/3
f 5524/1728/3 5328/1731/3 5329/1733/3
f 5524/1728/3 5329/1733/3 5330/1734/3
f 5523/1735/3 5524/1728/3 5330/1734/3
f 5523/1735/3 5330/1734/3 5331/1736/3
f 4947/1732/3 4448/1727/3 4449/1737/3
f 5523/1735/3 5331/1736/3 5332/1738/3
f 5523/1735/3 5332/1738/3 5333/1739/3
f 4946/1740/3 4947/1732/3 4449/1737/3
f 5523/1735/3 5333/1739/3 5334/1741/3
f 5523/1735/3 5334/1741/3 5335/1742/3
f 5523/1735/3 5335/1742/3 5336/1743/3
f 5522/1744/3 5523/1735/3 5336/1743/3
f 4946/1740/3 4449/1737/3 4450/1745/3
f 5522/1744/3 5336/1743/3 5337/1746/3
f 4945/1747/3 4946/1740/3 4450/1745/3
f 5522/1744/3 5337/1746/3 5338/1748/3
f 4945/1747/3 4450/1745/3 4451/1749/3
f 5521/1750/3 5522/1744/3 5338/1748/3
f 4944/1751/3 4945/1747/3 4451/1749/3
f 5521/1750/3 5338/1748/3 5339/1752/3
f 4479/1753/3 4480/1755/3 4481/1754/3
f 4479/1753/3 4481/1754/3 4482/1756/3
f 4478/1757/3 4479/1753/3 4482/1756/3
f 4478/1757/3 4482/1756/3 4483/1758/3
f 4477/1759/3 4478/1757/3 4483/1758/3
f 4477/1759/3 4483/1758/3 4484/1760/3
f 4476/1761/3 4477/1759/3 4484/1760/3
f 4476/1761/3 4484/1760/3 4485/1762/3
f 4476/1761/3 4485/1762/3 4486/1763/3
f 4475/1764/3 4476/1761/3 4486/1763/3
f 4475/1764/3 4486/1763/3 4487/1765/3
f 4474/1766/3 4475/1764/3 4487/1765/3
f 4474/1766/3 4487/1765/3 4488/1767/3
f 4473/1768/3 4474/1766/3 4488/1767/3
f 4944/1751/3 4451/1749/3 4452/1769/3
f 4473/1768/3 4488/1767/3 4489/1770/3
f 4473/1768/3 4489/1770/3 4490/1771/3
f 4472/1772/3 4473/1768/3 4490/1771/3
f 4943/1773/3 4944/1751/3 4452/1769/3
f 4472/1772/3 4490/1771/3 4491/1774/3
f 4471/1775/3 4472/1772/3 4491/1774/3
f 4471/1775/3 4491/1774/3 4492/1776/3
f 5520/1777/3 5521/1750/3 5339/1752/3
f 4470/1778/3 4471/1775/3 4492/1776/3
f 5520/1777/3 5339/1752/3 5340/1779/3
f 4470/1778/3 4492/1776/3 4493/1780/3
f 4470/1778/3 4493/1780/3 4494/1781/3
f 4469/1782/3 4470/1778/3 4494/1781/3
f 4469/1782/3 4494/1781/3 4495/1783/3
f 4943/1773/3 4452/1769/3 4453/1784/3
f 4468/1785/3 4469/1782/3 4495/1783/3
f 4468/1785/3 4495/1783/3 4496/1786/3
f 4942/1787/3 4943/1773/3 4453/1784/3
f 4468/1785/3 4496/1786/3 4497/1788/3
f 4467/1789/3 4468/1785/3 4497/1788/3
f 4466/1790/3 4467/1789/3 4497/1788/3
f 4466/1790/3 4497/1788/3 4498/1791/3
f 4465/1792/3 4466/1790/3 4498/1791/3
f 4465/1792/3 4498/1791/3 4499/1793/3
f 5520/1777/3 5340/1779/3 5341/1794/3
f 4464/1795/3 4465/1792/3 4499/1793/3
f 4942/1787/3 4453/1784/3 4454/1796/3
f 4464/1795/3 4499/1793/3 4500/1797/3
f 4463/1798/3 4464/1795/3 4500/1797/3
f 5519/1799/3 5520/1777/3 5341/1794/3
f 4463/1798/3 4500/1797/3 4501/1800/3
f 4941/1801/3 4942/1787/3 4454/1796/3
f 4462/1802/3 4463/1798/3 4501/1800/3
f 4461/1803/3 4462/1802/3 4501/1800/3
f 4461/1803/3 4501/1800/3 4502/1804/3
f 4941/1801/3 4454/1796/3 4455/1805/3
f 4460/1806/3 4461/1803/3 4502/1804/3
f 4460/1806/3 4502/1804/3 4503/1807/3
f 5519/1799/3 5341/1794/3 5342/1808/3
f 4459/1809/3 4460/1806/3 4503/1807/3
f 4459/1809/3 4503/1807/3 4504/1810/3
f 4458/1811/3 4459/1809/3 4504/1810/3
f 4940/1812/3 4941/1801/3 4455/1805/3
f 4940/1812/3 4455/1805/3 4456/1813/3
f 4458/1811/3 4504/1810/3 4505/1814/3
f 4457/1815/3 4458/1811/3 4505/1814/3
f 5518/1816/3 5519/1799/3 5342/1808/3
f 4457/1815/3 4505/1814/3 4506/1817/3
f 4456/1813/3 4457/1815/3 4506/1817/3
f 5518/1816/3 5342/1808/3 5343/1818/3
f 4456/1813/3 4506/1817/3 4507/1819/3
f 4940/1812/3 4456/1813/3 4507/1819/3
f 4940/1812/3 4507/1819/3 4508/1820/3
f 4939/1821/3 4940/1812/3 4508/1820/3
f 4939/1821/3 4508/1820/3 4509/1822/3
f 4939/1821/3 4509/1822/3 4510/1823/3
f 4939/1821/3 4510/1823/3 4511/1824/3
f 4939/1821/3 4511/1824/3 4512/1825/3
f 4939/1821/3 4512/1825/3 4513/1826/3
f 4939/1821/3 4513/1826/3 4514/1827/3
f 5518/1816/3 5343/1818/3 5344/1828/3
f 4939/1821/3 4514/1827/3 4515/1829/3
f 4939/1821/3 4515/1829/3 4516/1830/3
f 4939/1821/3 4516/1830/3 4517/1831/3
f 4939/1821/3 4517/1831/3 4518/1832/3
f 4938/1833/3 4939/1821/3 4518/1832/3
f 4938/1833/3 4518/1832/3 4519/1834/3
f 5517/1835/3 5518/1816/3 5344/1828/3
f 4937/1836/3 4938/1833/3 4519/1834/3
f 4937/1836/3 4519/1834/3 4520/1837/3
f 4936/1838/3 4937/1836/3 4520/1837/3
f 4936/1838/3 4520/1837/3 4521/1839/3
f 4935/1840/3 4936/1838/3 4521/1839/3
f 4935/1840/3 4521/1839/3 4522/1841/3
f 4934/1842/3 4935/1840/3 4522/1841/3
f 5517/1835/3 5344/1828/3 5345/1843/3
f 4934/1842/3 4522/1841/3 4523/1844/3
f 4933/1845/3 4934/1842/3 4523/1844/3
f 4933/1845/3 4523/1844/3 4524/1846/3
f 4932/1847/3 4933/1845/3 4524/1846/3
f 4932/1847/3 4524/1846/3 4525/1848/3
f 4931/1849/3 4932/1847/3 4525/1848/3
f 4930/1850/3 4931/1849/3 4525/1848/3
f 4930/1850/3 4525/1848/3 4526/1851/3
f 4929/1852/3 4930/1850/3 4526/1851/3
f 4929/1852/3 4526/1851/3 4527/1853/3
f 4928/1854/3 4929/1852/3 4527/1853/3
f 4928/1854/3 4527/1853/3 4528/1855/3
f 4927/1856/3 4928/1854/3 4528/1855/3
f 5517/1835/3 5345/1843/3 5346/1857/3
f 5516/1858/3 5517/1835/3 5346/1857/3
f 4926/1859/3 4927/1856/3 4528/1855/3
f 4926/1859/3 4528/1855/3 5113/1860/3
f 5113/1860/3 4528/1855/3 4529/1861/3
f 4925/1862/3 4926/1859/3 5113/1860/3
f 4924/1863/3 4925/1862/3 5113/1860/3
f 4923/1864/3 4924/1863/3 5113/1860/3
f 4922/1865/3 4923/1864/3 5113/1860/3
f 4921/1866/3 4922/1865/3 5113/1860/3
f 4920/1867/3 4921/1866/3 5113/1860/3
f 4919/1868/3 4920/1867/3 5113/1860/3
f 4918/1869/3 4919/1868/3 5113/1860/3
f 4917/1870/3 4918/1869/3 5113/1860/3
f 4916/1871/3 4917/1870/3 5113/1860/3
f 4915/1872/3 4916/1871/3 5113/1860/3
f 4914/1873/3 4915/1872/3 4975/1874/3
f 4975/1874/1 4915/1872/1 5113/1860/1
f 4914/1873/3 4975/1874/3 4879/1875/3
f 4879/1875/3 4975/1874/3 4976/1876/3
f 5112/1877/3 5113/1860/3 4529/1861/3
f 4913/1878/3 4914/1873/3 4879/1875/3
f 4912/1879/3 4913/1878/3 4879/1875/3
f 4911/1880/3 4912/1879/3 4879/1875/3
f 4910/1881/3 4911/1880/3 4879/1875/3
f 4909/1882/3 4910/1881/3 4879/1875/3
f 5516/1858/3 5346/1857/3 5347/1883/3
f 4908/1884/3 4909/1882/3 4879/1875/3
f 4907/1885/3 4908/1884/3 4879/1875/3
f 4906/1886/3 4907/1885/3 4879/1875/3
f 4906/1886/3 4879/1875/3 4880/1887/3
f 4878/1888/3 4879/1875/3 4976/1876/3
f 4905/1889/3 4906/1886/3 4880/1887/3
f 5112/1877/3 4529/1861/3 4530/1890/3
f 4904/1891/3 4905/1889/3 4880/1887/3
f 4904/1891/3 4880/1887/3 4881/1892/3
f 4903/1893/3 4904/1891/3 4881/1892/3
f 4878/1888/3 4976/1876/3 4977/1894/3
f 4903/1893/3 4881/1892/3 4882/1895/3
f 5515/1896/3 5516/1858/3 5347/1883/3
f 4902/1897/3 4903/1893/3 4882/1895/3
f 5515/1896/3 5347/1883/3 5348/1898/3
f 5111/1899/3 5112/1877/3 4530/1890/3
f 4901/1900/3 4902/1897/3 4882/1895/3
f 4901/1900/3 4882/1895/3 4883/1901/3
f 4900/1902/3 4901/1900/3 4883/1901/3
f 4899/1903/3 4900/1902/3 4883/1901/3
f 4899/1903/3 4883/1901/3 4884/1904/3
f 4898/1905/3 4899/1903/3 4884/1904/3
f 4898/1905/3 4884/1904/3 4885/1906/3
f 4897/1907/3 4898/1905/3 4885/1906/3
f 4896/1908/3 4897/1907/3 4885/1906/3
f 4896/1908/3 4885/1906/3 4886/1909/3
f 4878/1888/3 4977/1894/3 4978/1910/3
f 4895/1911/3 4896/1908/3 4886/1909/3
f 5111/1899/3 4530/1890/3 4531/1912/3
f 4895/1911/3 4886/1909/3 4887/1913/3
f 4894/1914/3 4895/1911/3 4887/1913/3
f 5515/1896/3 5348/1898/3 5349/1915/3
f 4894/1914/3 4887/1913/3 4888/1916/3
f 4893/1917/3 4894/1914/3 4888/1916/3
f 4893/1917/3 4888/1916/3 4889/1918/3
f 4892/1919/3 4893/1917/3 4889/1918/3
f 4892/1919/3 4889/1918/3 4890/1920/3
f 4891/1921/3 4892/1919/3 4890/1920/3
f 5110/1922/3 5111/1899/3 4531/1912/3
f 4877/1923/3 4878/1888/3 4978/1910/3
f 5514/1924/3 5515/1896/3 5349/1915/3
f 4877/1923/3 4978/1910/3 4979/1925/3
f 5514/1924/3 5349/1915/3 5350/1926/3
f 5514/1924/3 5350/1926/3 5351/1927/3
f 5514/1924/3 5351/1927/3 5352/1928/3
f 5514/1924/3 5352/1928/3 5353/1929/3
f 5514/1924/3 5353/1929/3 5354/1930/3
f 5110/1922/3 4531/1912/3 4532/1931/3
f 5514/1924/3 5354/1930/3 5355/1932/3
f 5514/1924/3 5355/1932/3 5356/1933/3
f 5514/1924/3 5356/1933/3 5357/1934/3
f 5514/1924/3 5357/1934/3 5358/1935/3
f 4877/1923/3 4979/1925/3 4980/1936/3
f 5514/1924/3 5358/1935/3 5359/1937/3
f 5109/1938/3 5110/1922/3 4532/1931/3
f 5514/1924/3 5359/1937/3 5360/1939/3
f 5514/1924/3 5360/1939/3 5361/1940/3
f 5514/1924/3 5361/1940/3 5362/1941/3
f 5514/1924/3 5362/1941/3 5363/1942/3
f 5513/1943/3 5514/1924/3 5363/1942/3
f 5109/1938/3 4532/1931/3 4533/1944/3
f 5513/1943/3 5363/1942/3 5364/1945/3
f 4877/1923/3 4980/1936/3 4981/1946/3
f 5513/1943/3 5364/1945/3 5365/1947/3
f 5513/1943/3 5365/1947/3 5366/1948/3
f 4876/1949/3 4877/1923/3 4981/1946/3
f 5513/1943/3 5366/1948/3 5367/1950/3
f 5513/1943/3 5367/1950/3 5368/1951/3
f 5108/1952/3 5109/1938/3 4533/1944/3
f 5513/1943/3 5368/1951/3 5369/1953/3
f 5513/1943/3 5369/1953/3 5370/1954/3
f 5513/1943/3 5370/1954/3 5371/1955/3
f 5513/1943/3 5371/1955/3 5372/1956/3
f 5513/1943/3 5372/1956/3 5373/1957/3
f 5513/1943/3 5373/1957/3 5374/1958/3
f 4876/1949/3 4981/1946/3 4982/1959/3
f 5513/1943/3 5374/1958/3 5375/1960/3
f 5108/1952/3 4533/1944/3 4534/1961/3
f 5513/1943/3 5375/1960/3 5376/1962/3
f 5513/1943/3 5376/1962/3 5377/1963/3
f 5512/1964/3 5513/1943/3 5481/1965/3
f 5481/1965/3 5513/1943/3 5377/1963/3
f 5481/1965/3 5377/1963/3 5378/1966/3
f 5107/1967/3 5108/1952/3 4534/1961/3
f 5512/1964/3 5481/1965/3 5482/1968/3
f 5480/1969/3 5481/1965/3 5378/1966/3
f 4876/1949/3 4982/1959/3 4983/1970/3
f 5480/1969/3 5378/1966/3 5379/1971/3
f 5107/1967/3 4534/1961/3 4535/1972/3
f 5480/1969/3 5379/1971/3 5380/1973/3
f 4875/1974/3 4876/1949/3 4983/1970/3
f 4875/1974/3 4983/1970/3 4984/1975/3
f 5480/1969/3 5380/1973/3 5381/1976/3
f 5106/1977/3 5107/1967/3 4535/1972/3
f 5480/1969/3 5381/1976/3 5382/1978/3
f 5106/1977/3 4535/1972/3 4536/1979/3
f 5512/1964/3 5482/1968/3 5483/1980/3
f 5511/1981/3 5512/1964/3 5483/1980/3
f 4875/1974/3 4984/1975/3 4985/1982/3
f 5479/1983/3 5480/1969/3 5382/1978/3
f 5479/1983/3 5382/1978/3 5383/1984/3
f 5479/1983/3 5383/1984/3 5384/1985/3
f 5106/1977/3 4536/1979/3 4537/1986/3
f 4875/1974/3 4985/1982/3 4986/1987/3
f 5105/1988/3 5106/1977/3 4537/1986/3
f 5037/1989/3 5038/1991/3 5039/1990/3
f 5037/1989/3 5039/1990/3 5040/1992/3
f 5036/1993/3 5037/1989/3 5040/1992/3
f 5036/1993/3 5040/1992/3 5041/1994/3
f 5035/1995/3 5036/1993/3 5041/1994/3
f 5035/1995/3 5041/1994/3 5042/1996/3
f 5034/1997/3 5035/1995/3 5042/1996/3
f 5034/1997/3 5042/1996/3 5043/1998/3
f 5511/1981/3 5483/1980/3 5484/1999/3
f 4874/2000/3 4875/1974/3 4986/1987/3
f 5034/1997/3 5043/1998/3 5044/2001/3
f 5033/2002/3 5034/1997/3 5044/2001/3
f 5033/2002/3 5044/2001/3 5045/2003/3
f 5479/1983/3 5384/1985/3 5385/2004/3
f 5033/2002/3 5045/2003/3 5046/2005/3
f 5033/2002/3 5046/2005/3 5047/2006/3
f 5032/2007/3 5033/2002/3 5047/2006/3
f 5032/2007/3 5047/2006/3 5048/2008/3
f 5510/2009/3 5511/1981/3 5484/1999/3
f 5032/2007/3 5048/2008/3 5049/2010/3
f 4874/2000/3 4986/1987/3 4987/2011/3
f 5032/2007/3 5049/2010/3 5050/2012/3
f 5031/2013/3 5032/2007/3 5050/2012/3
f 5031/2013/3 5050/2012/3 5051/2014/3
f 5031/2013/3 5051/2014/3 5052/2015/3
f 5105/1988/3 4537/1986/3 4538/2016/3
f 5030/2017/3 5031/2013/3 5052/2015/3
f 5030/2017/3 5052/2015/3 5053/2018/3
f 5478/2019/3 5479/1983/3 5385/2004/3
f 5030/2017/3 5053/2018/3 5054/2020/3
f 5478/2019/3 5385/2004/3 5386/2021/3
f 5029/2022/3 5030/2017/3 5054/2020/3
f 5104/2023/3 5105/1988/3 4538/2016/3
f 5029/2022/3 5054/2020/3 5055/2024/3
f 5028/2025/3 5029/2022/3 5055/2024/3
f 5028/2025/3 5055/2024/3 5056/2026/3
f 4874/2000/3 4987/2011/3 4988/2027/3
f 5028/2025/3 5056/2026/3 5057/2028/3
f 5027/2029/3 5028/2025/3 5057/2028/3
f 5478/2019/3 5386/2021/3 5387/2030/3
f 5104/2023/3 4538/2016/3 4539/2031/3
f 5027/2029/3 5057/2028/3 5058/2032/3
f 5510/2009/3 5484/1999/3 5485/2033/3
f 5027/2029/3 5058/2032/3 5059/2034/3
f 4874/2000/3 4988/2027/3 4989/2035/3
f 5026/2036/3 5027/2029/3 5059/2034/3
f 5026/2036/3 5059/2034/3 5060/2037/3
f 5026/2036/3 5060/2037/3 5061/2038/3
f 5509/2039/3 5510/2009/3 5485/2033/3
f 5026/2036/3 5061/2038/3 5062/2040/3
f 5025/2041/3 5026/2036/3 5062/2040/3
f 5024/2042/3 5025/2041/3 5062/2040/3
f 5478/2019/3 5387/2030/3 5388/2043/3
f 5103/2044/3 5104/2023/3 4539/2031/3
f 5023/2045/3 5024/2042/3 5062/2040/3
f 5023/2045/3 5062/2040/3 5063/2046/3
f 4874/2000/3 4989/2035/3 4990/2047/3
f 5103/2044/3 4539/2031/3 4540/2048/3
f 5022/2049/3 5023/2045/3 5063/2046/3
f 5477/2050/3 5478/2019/3 5388/2043/3
f 4873/2051/3 4874/2000/3 4990/2047/3
f 5021/2052/3 5022/2049/3 5063/2046/3
f 5021/2052/3 5063/2046/3 5064/2053/3
f 5020/2054/3 5021/2052/3 5064/2053/3
f 5020/2054/3 5064/2053/3 5065/2055/3
f 5019/2056/3 5020/2054/3 5065/2055/3
f 5018/2057/3 5019/2056/3 5065/2055/3
f 5018/2057/3 5065/2055/3 5066/2058/3
f 5509/2039/3 5485/2033/3 5486/2059/3
f 5017/2060/3 5018/2057/3 5066/2058/3
f 4873/2051/3 4990/2047/3 4991/2061/3
f 5017/2060/3 5066/2058/3 5067/2062/3
f 5016/2063/3 5017/2060/3 5067/2062/3
f 5016/2063/3 5067/2062/3 5068/2064/3
f 5103/2044/3 4540/2048/3 4541/2065/3
f 5477/2050/3 5388/2043/3 5389/2066/3
f 5015/2067/3 5016/2063/3 5068/2064/3
f 5015/2067/3 5068/2064/3 5069/2068/3
f 5014/2069/3 5015/2067/3 5069/2068/3
f 5014/2069/3 5069/2068/3 5070/2070/3
f 5013/2071/3 5014/2069/3 5070/2070/3
f 5013/2071/3 5070/2070/3 5071/2072/3
f 5102/2073/3 5103/2044/3 4541/2065/3
f 4873/2051/3 4991/2061/3 4992/2074/3
f 5012/2075/3 5013/2071/3 5071/2072/3
f 5012/2075/3 5071/2072/3 5072/2076/3
f 5011/2077/3 5012/2075/3 5072/2076/3
f 5011/2077/3 5072/2076/3 5073/2078/3
f 5102/2073/3 4541/2065/3 4542/2079/3
f 5010/2080/3 5011/2077/3 5073/2078/3
f 5010/2080/3 5073/2078/3 5074/2081/3
f 5508/2082/3 5509/2039/3 5486/2059/3
f 5009/2083/3 5010/2080/3 5074/2081/3
f 5476/2084/3 5477/2050/3 5389/2066/3
f 5009/2083/3 5074/2081/3 5075/2085/3
f 5009/2083/3 5075/2085/3 5076/2086/3
f 5008/2087/3 5009/2083/3 5076/2086/3
f 5508/2082/3 5486/2059/3 5487/2088/3
f 5476/2084/3 5389/2066/3 5390/2089/3
f 4873/2051/3 4992/2074/3 4993/2090/3
f 5007/2091/3 5008/2087/3 5076/2086/3
f 5007/2091/3 5076/2086/3 5077/2092/3
f 5102/2073/3 4542/2079/3 4543/2093/3
f 5006/2094/3 5007/2091/3 5077/2092/3
f 5006/2094/3 5077/2092/3 5078/2095/3
f 5005/2096/3 5006/2094/3 5078/2095/3
f 4872/2097/3 4873/2051/3 4993/2090/3
f 5004/2098/3 5005/2096/3 5078/2095/3
f 5101/2099/3 5102/2073/3 4543/2093/3
f 5004/2098/3 5078/2095/3 5079/2100/3
f 4872/2097/3 4993/2090/3 4994/2101/3
f 5003/2102/3 5004/2098/3 5079/2100/3
f 5101/2099/3 4543/2093/3 4544/2103/3
f 5003/2102/3 5079/2100/3 5080/2104/3
f 5002/2105/3 5003/2102/3 5080/2104/3
f 5476/2084/3 5390/2089/3 5391/2106/3
f 5475/2107/3 5476/2084/3 5391/2106/3
f 5508/2082/3 5487/2088/3 5488/2108/3
f 5001/2109/3 5002/2105/3 5080/2104/3
f 5088/2110/3 5089/2112/3 5090/2111/3
f 5088/2110/3 5090/2111/3 5091/2113/3
f 5001/2109/3 5080/2104/3 5081/2114/3
f 5088/2110/3 5091/2113/3 5092/2115/3
f 5088/2110/3 5092/2115/3 5093/2116/3
f 5088/2110/3 5093/2116/3 5094/2117/3
f 5088/2110/3 5094/2117/3 5095/2118/3
f 5088/2110/3 5095/2118/3 5096/2119/3
f 5507/2120/3 5508/2082/3 5488/2108/3
f 5088/2110/3 5096/2119/3 5097/2121/3
f 4872/2097/3 4994/2101/3 4995/2122/3
f 5101/2099/3 4544/2103/3 4545/2123/3
f 5088/2110/3 5097/2121/3 5098/2124/3
f 5001/2109/3 5081/2114/3 5082/2125/3
f 5088/2110/3 5098/2124/3 5099/2126/3
f 5088/2110/3 5099/2126/3 5100/2127/3
f 5088/2110/3 5100/2127/3 5101/2099/3
f 5087/2128/3 5088/2110/3 5101/2099/3
f 5087/2128/3 5101/2099/3 4545/2123/3
f 5001/2109/3 5082/2125/3 5083/2129/3
f 5087/2128/3 4545/2123/3 4546/2130/3
f 4872/2097/3 4995/2122/3 4996/2131/3
f 5001/2109/3 5083/2129/3 5084/2132/3
f 5507/2120/3 5488/2108/3 5489/2133/3
f 5474/2134/3 5475/2107/3 5391/2106/3
f 5474/2134/3 5391/2106/3 5392/2135/3
f 5001/2109/3 5084/2132/3 5085/2136/3
f 5087/2128/3 4546/2130/3 4547/2137/3
f 4871/2138/3 4872/2097/3 4996/2131/3
f 4871/2138/3 4996/2131/3 4997/2139/3
f 5001/2109/3 5085/2136/3 5086/2140/3
f 5506/2141/3 5507/2120/3 5489/2133/3
f 5087/2128/3 4547/2137/3 4548/2142/3
f 5001/2109/3 5086/2140/3 5087/2128/3
f 5506/2141/3 5489/2133/3 5490/2143/3
f 5473/2144/3 5474/2134/3 5392/2135/3
f 4871/2138/3 4997/2139/3 4998/2145/3
f 5001/2109/3 5087/2128/3 5114/2146/3
f 5114/2146/3 5087/2128/3 4548/2142/3
f 5114/2146/3 4548/2142/3 4549/2147/3
f 5473/2144/3 5392/2135/3 5393/2148/3
f 5114/2146/3 4549/2147/3 4550/2149/3
f 5506/2141/3 5490/2143/3 5491/2150/3
f 5001/2109/3 5114/2146/3 5115/2151/3
f 5226/2152/3 5114/2146/3 4550/2149/3
f 5225/2153/3 5226/2152/3 4550/2149/3
f 5224/2154/3 5225/2153/3 4550/2149/3
f 5223/2155/3 5224/2154/3 4550/2149/3
f 5222/2156/3 5223/2155/3 4550/2149/3
f 4871/2138/3 4998/2145/3 4999/2157/3
f 5221/2158/3 5222/2156/3 4550/2149/3
f 5220/2159/3 5221/2158/3 4550/2149/3
f 5472/2160/3 5473/2144/3 5393/2148/3
f 5505/2161/3 5506/2141/3 5491/2150/3
f 5219/2162/3 5220/2159/3 4550/2149/3
f 5218/2163/3 5219/2162/3 4550/2149/3
f 5218/2163/3 4550/2149/3 4551/2164/3
f 5217/2165/3 5218/2163/3 4551/2164/3
f 5000/2166/3 5001/2109/3 5115/2151/3
f 5216/2167/3 5217/2165/3 4551/2164/3
f 4870/2168/3 4871/2138/3 4999/2157/3
f 5215/2169/3 5216/2167/3 4551/2164/3
f 5505/2161/3 5491/2150/3 5492/2170/3
f 4870/2168/3 4999/2157/3 5000/2166/3
f 5214/2171/3 5215/2169/3 4612/2172/3
f 4612/2172/3 5215/2169/3 4551/2164/3
f 4612/2172/3 4551/2164/3 4552/2173/3
f 5472/2160/3 5393/2148/3 5394/2174/3
f 5471/2175/3 5472/2160/3 5394/2174/3
f 5214/2171/3 4612/2172/3 4613/2176/3
f 4611/2177/3 4612/2172/3 4552/2173/3
f 4610/2178/3 4611/2177/3 4552/2173/3
f 4610/2178/3 4552/2173/3 4553/2179/3
f 4609/2180/3 4610/2178/3 4553/2179/3
f 4609/2180/3 4553/2179/3 4554/2181/3
f 4609/2180/3 4554/2181/3 4555/2182/3
f 4609/2180/3 4555/2182/3 4556/2183/3
f 5505/2161/3 5492/2170/3 5493/2184/3
f 4608/2185/3 4609/2180/3 4556/2183/3
f 4608/2185/3 4556/2183/3 4557/2186/3
f 4608/2185/3 4557/2186/3 4558/2187/3
f 5504/2188/3 5505/2161/3 5493/2184/3
f 5000/2166/3 5115/2151/3 5227/2189/3
f 5227/2189/3 5115/2151/3 5116/2190/3
f 4608/2185/3 4558/2187/3 4559/2191/3
f 4608/2185/3 4559/2191/3 4560/2192/3
f 4607/2193/3 4608/2185/3 4560/2192/3
f 5470/2194/3 5471/2175/3 5394/2174/3
f 4607/2193/3 4560/2192/3 4561/2195/3
f 4607/2193/3 4561/2195/3 4562/2196/3
f 4607/2193/3 4562/2196/3 4563/2197/3
f 5503/2198/3 5504/2188/3 5493/2184/3
f 4607/2193/3 4563/2197/3 4564/2199/3
f 4606/2200/3 4607/2193/3 4564/2199/3
f 4870/2168/3 5000/2166/3 5227/2189/3
f 5213/2201/3 5214/2171/3 4613/2176/3
f 5213/2201/3 4613/2176/3 4614/2202/3
f 4606/2200/3 4564/2199/3 4565/2203/3
f 4606/2200/3 4565/2203/3 4566/2204/3
f 4606/2200/3 4566/2204/3 4567/2205/3
f 5502/2206/3 5503/2198/3 5493/2184/3
f 4605/2207/3 4606/2200/3 4567/2205/3
f 4605/2207/3 4567/2205/3 4568/2208/3
f 4605/2207/3 4568/2208/3 4569/2209/3
f 4605/2207/3 4569/2209/3 4570/2210/3
f 5501/2211/3 5502/2206/3 5493/2184/3
f 5501/2211/3 5493/2184/3 5494/2212/3
f 4870/2168/3 5227/2189/3 5228/2213/3
f 5312/2214/3 5227/2189/3 5116/2190/3
f 4605/2207/3 4570/2210/3 4571/2215/3
f 4605/2207/3 4571/2215/3 4572/2216/3
f 4604/2217/3 4605/2207/3 4572/2216/3
f 5469/2218/3 5470/2194/3 5394/2174/3
f 4604/2217/3 4572/2216/3 4573/2219/3
f 5500/2220/3 5501/2211/3 5494/2212/3
f 5500/2220/3 5494/2212/3 5495/2221/3
f 4870/2168/3 5228/2213/3 5229/2222/3
f 4604/2217/3 4573/2219/3 4574/2223/3
f 4604/2217/3 4574/2223/3 4575/2224/3
f 5499/2225/3 5500/2220/3 5495/2221/3
f 5499/2225/3 5495/2221/3 5496/2226/3
f 4604/2217/3 4575/2224/3 4576/2227/3
f 4603/2228/3 4604/2217/3 4576/2227/3
f 4870/2168/3 5229/2222/3 5230/2229/3
f 5498/2230/3 5499/2225/3 5496/2226/3
f 5498/2230/3 5496/2226/3 5497/2231/3
f 4603/2228/3 4576/2227/3 4577/2232/3
f 5469/2218/3 5394/2174/3 5395/2233/3
f 4869/2234/3 4870/2168/3 4843/2235/3
f 4843/2235/3 4870/2168/3 5230/2229/3
f 4843/2235/3 5230/2229/3 5231/2236/3
f 4602/2237/3 4603/2228/3 4577/2232/3
f 4843/2235/3 5231/2236/3 5232/2238/3
f 4602/2237/3 4577/2232/3 4578/2239/3
f 5468/2240/3 5469/2218/3 5395/2233/3
f 4869/2234/3 4843/2235/3 4844/2241/3
f 4842/2242/3 4843/2235/3 5239/2243/3
f 5239/2243/3 4843/2235/3 5235/2244/3
f 5235/2244/3 4843/2235/3 5233/2245/3
f 5233/2245/3 4843/2235/3 5232/2238/3
f 4601/2246/3 4602/2237/3 4578/2239/3
f 5235/2244/1 5233/2245/1 5234/2247/1
f 4601/2246/3 4578/2239/3 4579/2248/3
f 4600/2249/3 4601/2246/3 4579/2248/3
f 5239/2243/7 5235/2244/7 5236/2250/7
f 4600/2249/3 4579/2248/3 4580/2251/3
f 5239/2243/3 5236/2250/3 5237/2252/3
f 4869/2234/3 4844/2241/3 4845/2253/3
f 4599/2254/3 4600/2249/3 4580/2251/3
f 5239/2243/8 5237/2252/8 5238/2255/8
f 4599/2254/3 4580/2251/3 4581/2256/3
f 4598/2257/3 4599/2254/3 4581/2256/3
f 4598/2257/3 4581/2256/3 4582/2258/3
f 4842/2242/3 5239/2243/3 5240/2259/3
f 4597/2260/3 4598/2257/3 4582/2258/3
f 4597/2260/3 4582/2258/3 4583/2261/3
f 4596/2262/3 4597/2260/3 4583/2261/3
f 5136/2263/3 5137/2265/3 5138/2264/3
f 5135/2266/3 5136/2263/3 5138/2264/3
f 5135/2266/3 5138/2264/3 5139/2267/3
f 5134/2268/3 5135/2266/3 5139/2267/3
f 5134/2268/3 5139/2267/3 5140/2269/3
f 4869/2234/3 4845/2253/3 4846/2270/3
f 4596/2262/3 4583/2261/3 4584/2271/3
f 5133/2272/3 5134/2268/3 5140/2269/3
f 5133/2272/3 5140/2269/3 5141/2273/3
f 4595/2274/3 4596/2262/3 4584/2271/3
f 5133/2272/3 5141/2273/3 5142/2275/3
f 5132/2276/3 5133/2272/3 5142/2275/3
f 4595/2274/3 4584/2271/3 4585/2277/3
f 5132/2276/3 5142/2275/3 5143/2278/3
f 5131/2279/3 5132/2276/3 5143/2278/3
f 4594/2280/3 4595/2274/3 4585/2277/3
f 5131/2279/3 5143/2278/3 5144/2281/3
f 4594/2280/3 4585/2277/3 4586/2282/3
f 5131/2279/3 5144/2281/3 5145/2283/3
f 5130/2284/3 5131/2279/3 5145/2283/3
f 4593/2285/3 4594/2280/3 4586/2282/3
f 4593/2285/3 4586/2282/3 4587/2286/3
f 5130/2284/3 5145/2283/3 5146/2287/3
f 5468/2240/3 5395/2233/3 5396/2288/3
f 4593/2285/3 4587/2286/3 4588/2289/3
f 4592/2290/3 4593/2285/3 4588/2289/3
f 4592/2290/3 4588/2289/3 4589/2291/3
f 5130/2284/3 5146/2287/3 5147/2292/3
f 5129/2293/3 5130/2284/3 5147/2292/3
f 4591/2294/3 4592/2290/3 4589/2291/3
f 4591/2294/3 4589/2291/3 4590/2295/3
f 5129/2293/3 5147/2292/3 5148/2296/3
f 5129/2293/3 5148/2296/3 5149/2297/3
f 5129/2293/3 5149/2297/3 5150/2298/3
f 5128/2299/3 5129/2293/3 5150/2298/3
f 5128/2299/3 5150/2298/3 5151/2300/3
f 5128/2299/3 5151/2300/3 5152/2301/3
f 4869/2234/3 4846/2270/3 4847/2302/3
f 4841/2303/3 4842/2242/3 5240/2259/3
f 5127/2304/3 5128/2299/3 5152/2301/3
f 5127/2304/3 5152/2301/3 5153/2305/3
f 5126/2306/3 5127/2304/3 5153/2305/3
f 4868/2307/3 4869/2234/3 4847/2302/3
f 5125/2308/3 5126/2306/3 5153/2305/3
f 5125/2308/3 5153/2305/3 5154/2309/3
f 5124/2310/3 5125/2308/3 5154/2309/3
f 5123/2311/3 5124/2310/3 5154/2309/3
f 5123/2311/3 5154/2309/3 5155/2312/3
f 5122/2313/3 5123/2311/3 5155/2312/3
f 5467/2314/3 5468/2240/3 5396/2288/3
f 5121/2315/3 5122/2313/3 5155/2312/3
f 5121/2315/3 5155/2312/3 5156/2316/3
f 5120/2317/3 5121/2315/3 5156/2316/3
f 5119/2318/3 5120/2317/3 5156/2316/3
f 5118/2319/3 5119/2318/3 5156/2316/3
f 5118/2319/3 5156/2316/3 5157/2320/3
f 5117/2321/3 5118/2319/3 5157/2320/3
f 4868/2307/3 4847/2302/3 4848/2322/3
f 5116/2190/3 5117/2321/3 5157/2320/3
f 5312/2214/3 5116/2190/3 5157/2320/3
f 5312/2214/3 5157/2320/3 5158/2323/3
f 5312/2214/3 5158/2323/3 5159/2324/3
f 4840/2325/3 4841/2303/3 5240/2259/3
f 5312/2214/3 5159/2324/3 5160/2326/3
f 5312/2214/3 5160/2326/3 5161/2327/3
f 4868/2307/3 4848/2322/3 4849/2328/3
f 5312/2214/3 5161/2327/3 5162/2329/3
f 5312/2214/3 5162/2329/3 5163/2330/3
f 4839/2331/3 4840/2325/3 5240/2259/3
f 5467/2314/3 5396/2288/3 5397/2332/3
f 5312/2214/3 5163/2330/3 5164/2333/3
f 4868/2307/3 4849/2328/3 4850/2334/3
f 5311/2335/3 5312/2214/3 5164/2333/3
f 5311/2335/3 5164/2333/3 5165/2336/3
f 5310/2337/3 5311/2335/3 5165/2336/3
f 5310/2337/3 5165/2336/3 5166/2338/3
f 5309/2339/3 5310/2337/3 5166/2338/3
f 5309/2339/3 5166/2338/3 5167/2340/3
f 5308/2341/3 5309/2339/3 5167/2340/3
f 5308/2341/3 5167/2340/3 5168/2342/3
f 4867/2343/3 4868/2307/3 4850/2334/3
f 4867/2343/3 4850/2334/3 4851/2344/3
f 5307/2345/3 5308/2341/3 5168/2342/3
f 5307/2345/3 5168/2342/3 5169/2346/3
f 5466/2347/3 5467/2314/3 5397/2332/3
f 4838/2348/3 4839/2331/3 5240/2259/3
f 5306/2349/3 5307/2345/3 5169/2346/3
f 5306/2349/3 5169/2346/3 5170/2350/3
f 5305/2351/3 5306/2349/3 5170/2350/3
f 5305/2351/3 5170/2350/3 5171/2352/3
f 5304/2353/3 5305/2351/3 5171/2352/3
f 5304/2353/3 5171/2352/3 5172/2354/3
f 5303/2355/3 5304/2353/3 5172/2354/3
f 5303/2355/3 5172/2354/3 5173/2356/3
f 5302/2357/3 5303/2355/3 5173/2356/3
f 5302/2357/3 5173/2356/3 5174/2358/3
f 4867/2343/3 4851/2344/3 4852/2359/3
f 5301/2360/3 5302/2357/3 5174/2358/3
f 5301/2360/3 5174/2358/3 5175/2361/3
f 5300/2362/3 5301/2360/3 5175/2361/3
f 5300/2362/3 5175/2361/3 5176/2363/3
f 5299/2364/3 5300/2362/3 5176/2363/3
f 5299/2364/3 5176/2363/3 5177/2365/3
f 4837/2366/3 4838/2348/3 5240/2259/3
f 5298/2367/3 5299/2364/3 5177/2365/3
f 5297/2368/3 5298/2367/3 5177/2365/3
f 4867/2343/3 4852/2359/3 4853/2369/3
f 5296/2370/3 5297/2368/3 5177/2365/3
f 5295/2371/3 5296/2370/3 5177/2365/3
f 5294/2372/3 5295/2371/3 5177/2365/3
f 5294/2372/3 5177/2365/3 5178/2373/3
f 5293/2374/3 5294/2372/3 5178/2373/3
f 5466/2347/3 5397/2332/3 5398/2375/3
f 5292/2376/3 5293/2374/3 5178/2373/3
f 4867/2343/3 4853/2369/3 4854/2377/3
f 5291/2378/3 5292/2376/3 5178/2373/3
f 4836/2379/3 4837/2366/3 5240/2259/3
f 5290/2380/3 5291/2378/3 5178/2373/3
f 5289/2381/3 5290/2380/3 5178/2373/3
f 5288/2382/3 5289/2381/3 5178/2373/3
f 5465/2383/3 5466/2347/3 5398/2375/3
f 5288/2382/3 5178/2373/3 5264/2384/3
f 5264/2384/3 5178/2373/3 5179/2385/3
f 4866/2386/3 4867/2343/3 4854/2377/3
f 5287/2387/3 5288/2382/3 5264/2384/3
f 5287/2387/3 5264/2384/3 5265/2388/3
f 5263/2389/3 5264/2384/3 5179/2385/3
f 5286/2390/3 5287/2387/3 5265/2388/3
f 5286/2390/3 5265/2388/3 5266/2391/3
f 4866/2386/3 4854/2377/3 4855/2392/3
f 5285/2393/3 5286/2390/3 5266/2391/3
f 5285/2393/3 5266/2391/3 5267/2394/3
f 4865/2395/3 4866/2386/3 4855/2392/3
f 5284/2396/3 5285/2393/3 5267/2394/3
f 5284/2396/3 5267/2394/3 5268/2397/3
f 5262/2398/3 5263/2389/3 5179/2385/3
f 5283/2399/3 5284/2396/3 5268/2397/3
f 5283/2399/3 5268/2397/3 5269/2400/3
f 4864/2401/3 4865/2395/3 4855/2392/3
f 4835/2402/3 4836/2379/3 5240/2259/3
f 5282/2403/3 5283/2399/3 5269/2400/3
f 5282/2403/3 5269/2400/3 5270/2404/3
f 5281/2405/3 5282/2403/3 5270/2404/3
f 5281/2405/3 5270/2404/3 5271/2406/3
f 4863/2407/3 4864/2401/3 4855/2392/3
f 5280/2408/3 5281/2405/3 5271/2406/3
f 5280/2408/3 5271/2406/3 5272/2409/3
f 5262/2398/3 5179/2385/3 5180/2410/3
f 5279/2411/3 5280/2408/3 5272/2409/3
f 5279/2411/3 5272/2409/3 5273/2412/3
f 5278/2413/3 5279/2411/3 5273/2412/3
f 5278/2413/3 5273/2412/3 5274/2414/3
f 5261/2415/3 5262/2398/3 5180/2410/3
f 5277/2416/3 5278/2413/3 5274/2414/3
f 5277/2416/3 5274/2414/3 5275/2417/3
f 5276/2418/3 5277/2416/3 5275/2417/3
f 4862/2419/3 4863/2407/3 4855/2392/3
f 4862/2419/3 4855/2392/3 4856/2420/3
f 4861/2421/3 4862/2419/3 4856/2420/3
f 4861/2421/3 4856/2420/3 4857/2422/3
f 4860/2423/3 4861/2421/3 4857/2422/3
f 4860/2423/3 4857/2422/3 4858/2424/3
f 5465/2383/3 5398/2375/3 5399/2425/3
f 4859/2426/3 4860/2423/3 4858/2424/3
f 5260/2427/3 5261/2415/3 5180/2410/3
f 5260/2427/3 5180/2410/3 5181/2428/3
f 4834/2429/3 4835/2402/3 5240/2259/3
f 5212/2430/3 5213/2201/3 4614/2202/3
f 5259/2431/3 5260/2427/3 5181/2428/3
f 5259/2431/3 5181/2428/3 5182/2432/3
f 5464/2433/3 5465/2383/3 5399/2425/3
f 5258/2434/3 5259/2431/3 5182/2432/3
f 4833/2435/3 4834/2429/3 5240/2259/3
f 5258/2434/3 5182/2432/3 5183/2436/3
f 5257/2437/3 5258/2434/3 5183/2436/3
f 5464/2433/3 5399/2425/3 5400/2438/3
f 5257/2437/3 5183/2436/3 5184/2439/3
f 5256/2440/3 5257/2437/3 5184/2439/3
f 5205/2441/3 5206/2443/3 5207/2442/3
f 5204/2444/3 5205/2441/3 5207/2442/3
f 5204/2444/3 5207/2442/3 5208/2445/3
f 4832/2446/3 4833/2435/3 5240/2259/3
f 5203/2447/3 5204/2444/3 5208/2445/3
f 5203/2447/3 5208/2445/3 5209/2448/3
f 5202/2449/3 5203/2447/3 5209/2448/3
f 5202/2449/3 5209/2448/3 5210/2450/3
f 5201/2451/3 5202/2449/3 5210/2450/3
f 5201/2451/3 5210/2450/3 5211/2452/3
f 5200/2453/3 5201/2451/3 5211/2452/3
f 5200/2453/3 5211/2452/3 5212/2430/3
f 5256/2440/3 5184/2439/3 5185/2454/3
f 5199/2455/3 5200/2453/3 5212/2430/3
f 5199/2455/3 5212/2430/3 4614/2202/3
f 5255/2456/3 5256/2440/3 5185/2454/3
f 5198/2457/3 5199/2455/3 4614/2202/3
f 5463/2458/3 5464/2433/3 5400/2438/3
f 5197/2459/3 5198/2457/3 4614/2202/3
f 5255/2456/3 5185/2454/3 5186/2460/3
f 5196/2461/3 5197/2459/3 4614/2202/3
f 5463/2458/3 5400/2438/3 5401/2462/3
f 4831/2463/3 4832/2446/3 5240/2259/3
f 5195/2464/3 5196/2461/3 4614/2202/3
f 5254/2465/3 5255/2456/3 5186/2460/3
f 5194/2466/3 5195/2464/3 4614/2202/3
f 5254/2465/3 5186/2460/3 5187/2467/3
f 5193/2468/3 5194/2466/3 4614/2202/3
f 5192/2469/3 5193/2468/3 4614/2202/3
f 5191/2470/3 5192/2469/3 4614/2202/3
f 5254/2465/3 5187/2467/3 5188/2471/3
f 5253/2472/3 5254/2465/3 5188/2471/3
f 5190/2473/3 5191/2470/3 4614/2202/3
f 5189/2474/3 5190/2473/3 4614/2202/3
f 4830/2475/3 4831/2463/3 5240/2259/3
f 5188/2471/3 5189/2474/3 4614/2202/3
f 5253/2472/3 5188/2471/3 4614/2202/3
f 5252/2476/3 5253/2472/3 4614/2202/3
f 5462/2477/3 5463/2458/3 5401/2462/3
f 5462/2477/3 5401/2462/3 5402/2478/3
f 5252/2476/3 4614/2202/3 4615/2479/3
f 4829/2480/3 4830/2475/3 5240/2259/3
f 4828/2481/3 4829/2480/3 5240/2259/3
f 5252/2476/3 4615/2479/3 4616/2482/3
f 5251/2483/3 5252/2476/3 4616/2482/3
f 4827/2484/3 4828/2481/3 5240/2259/3
f 5250/2485/3 5251/2483/3 4616/2482/3
f 4826/2486/3 4827/2484/3 5240/2259/3
f 5249/2487/3 5250/2485/3 4616/2482/3
f 5248/2488/3 5249/2487/3 4650/2489/3
f 4650/2489/3 5249/2487/3 4616/2482/3
f 5248/2488/3 4650/2489/3 4651/2490/3
f 4649/2491/3 4650/2489/3 4616/2482/3
f 4825/2492/3 4826/2486/3 5240/2259/3
f 4648/2493/3 4649/2491/3 4616/2482/3
f 4648/2493/3 4616/2482/3 4617/2494/3
f 4647/2495/3 4648/2493/3 4617/2494/3
f 5248/2488/3 4651/2490/3 4652/2496/3
f 4646/2497/3 4647/2495/3 4617/2494/3
f 5247/2498/3 5248/2488/3 4652/2496/3
f 4645/2499/3 4646/2497/3 4617/2494/3
f 5247/2498/3 4652/2496/3 4653/2500/3
f 5246/2501/3 5247/2498/3 4653/2500/3
f 4824/2502/3 4825/2492/3 5240/2259/3
f 4644/2503/3 4645/2499/3 4617/2494/3
f 5246/2501/3 4653/2500/3 4654/2504/3
f 5245/2505/3 5246/2501/3 4654/2504/3
f 4643/2506/3 4644/2503/3 4617/2494/3
f 5245/2505/3 4654/2504/3 4655/2507/3
f 5244/2508/3 5245/2505/3 4655/2507/3
f 4823/2509/3 4824/2502/3 5240/2259/3
f 4642/2510/3 4643/2506/3 4617/2494/3
f 5244/2508/3 4655/2507/3 4656/2511/3
f 5243/2512/3 5244/2508/3 4656/2511/3
f 5462/2477/3 5402/2478/3 5403/2513/3
f 4642/2510/3 4617/2494/3 4618/2514/3
f 4641/2515/3 4642/2510/3 4618/2514/3
f 5242/2516/3 5243/2512/3 4656/2511/3
f 5242/2516/3 4656/2511/3 4657/2517/3
f 4822/2518/3 4823/2509/3 5240/2259/3
f 5461/2519/3 5462/2477/3 5403/2513/3
f 5241/2520/3 5242/2516/3 4657/2517/3
f 4640/2521/3 4641/2515/3 4618/2514/3
f 5240/2259/3 5241/2520/3 4657/2517/3
f 5240/2259/3 4657/2517/3 4658/2522/3
f 4822/2518/3 5240/2259/3 4658/2522/3
f 4821/2523/3 4822/2518/3 4658/2522/3
f 4639/2524/3 4640/2521/3 4618/2514/3
f 4821/2523/3 4658/2522/3 4659/2525/3
f 4639/2524/3 4618/2514/3 4619/2526/3
f 4820/2527/3 4821/2523/3 4659/2525/3
f 4638/2528/3 4639/2524/3 4619/2526/3
f 4820/2527/3 4659/2525/3 4660/2529/3
f 4637/2530/3 4638/2528/3 4619/2526/3
f 4819/2531/3 4820/2527/3 4660/2529/3
f 4819/2531/3 4660/2529/3 4661/2532/3
f 4636/2533/3 4637/2530/3 4619/2526/3
f 4636/2533/3 4619/2526/3 4620/2534/3
f 4818/2535/3 4819/2531/3 4661/2532/3
f 4818/2535/3 4661/2532/3 4662/2536/3
f 4635/2537/3 4636/2533/3 4620/2534/3
f 4634/2538/3 4635/2537/3 4620/2534/3
f 4817/2539/3 4818/2535/3 4662/2536/3
f 4817/2539/3 4662/2536/3 4782/2540/3
f 4782/2540/3 4662/2536/3 4663/2541/3
f 4633/2542/3 4634/2538/3 4620/2534/3
f 4633/2542/3 4620/2534/3 4621/2543/3
f 4632/2544/3 4633/2542/3 4621/2543/3
f 4631/2545/3 4632/2544/3 4621/2543/3
f 4631/2545/3 4621/2543/3 4622/2546/3
f 4630/2547/3 4631/2545/3 4622/2546/3
f 4629/2548/3 4630/2547/3 4622/2546/3
f 4816/2549/3 4817/2539/3 4782/2540/3
f 4628/2550/3 4629/2548/3 4622/2546/3
f 4628/2550/3 4622/2546/3 4623/2551/3
f 5461/2519/3 5403/2513/3 5404/2552/3
f 4627/2553/3 4628/2550/3 4623/2551/3
f 4627/2553/3 4623/2551/3 4624/2554/3
f 4626/2555/3 4627/2553/3 4624/2554/3
f 5460/2556/3 5461/2519/3 5404/2552/3
f 4816/2549/3 4782/2540/3 4783/2557/3
f 4781/2558/3 4782/2540/3 4663/2541/3
f 4625/2559/3 4626/2555/3 4624/2554/3
f 4781/2558/3 4663/2541/3 4664/2560/3
f 4816/2549/3 4783/2557/3 4784/2561/3
f 4816/2549/3 4784/2561/3 4785/2562/3
f 4815/2563/3 4816/2549/3 4785/2562/3
f 4815/2563/3 4785/2562/3 4786/2564/3
f 4815/2563/3 4786/2564/3 4787/2565/3
f 4815/2563/3 4787/2565/3 4788/2566/3
f 4815/2563/3 4788/2566/3 4789/2567/3
f 4814/2568/3 4815/2563/3 4789/2567/3
f 4814/2568/3 4789/2567/3 4790/2569/3
f 4814/2568/3 4790/2569/3 4791/2570/3
f 4814/2568/3 4791/2570/3 4792/2571/3
f 4781/2558/3 4664/2560/3 4665/2572/3
f 4814/2568/3 4792/2571/3 4793/2573/3
f 4814/2568/3 4793/2573/3 4794/2574/3
f 4813/2575/3 4814/2568/3 4794/2574/3
f 4813/2575/3 4794/2574/3 4795/2576/3
f 4813/2575/3 4795/2576/3 4796/2577/3
f 5460/2556/3 5404/2552/3 5405/2578/3
f 5459/2579/3 5460/2556/3 5405/2578/3
f 4812/2580/3 4813/2575/3 4796/2577/3
f 4780/2581/3 4781/2558/3 4665/2572/3
f 4812/2580/3 4796/2577/3 4797/2582/3
f 4812/2580/3 4797/2582/3 4798/2583/3
f 4811/2584/3 4812/2580/3 4798/2583/3
f 4780/2581/3 4665/2572/3 4666/2585/3
f 4811/2584/3 4798/2583/3 4799/2586/3
f 4811/2584/3 4799/2586/3 4800/2587/3
f 4810/2588/3 4811/2584/3 4800/2587/3
f 4810/2588/3 4800/2587/3 4801/2589/3
f 4810/2588/3 4801/2589/3 4802/2590/3
f 4809/2591/3 4810/2588/3 4802/2590/3
f 4809/2591/3 4802/2590/3 4803/2592/3
f 4809/2591/3 4803/2592/3 4804/2593/3
f 4808/2594/3 4809/2591/3 4804/2593/3
f 4808/2594/3 4804/2593/3 4805/2595/3
f 4808/2594/6 4805/2595/6 4806/2596/6
f 4808/2594/3 4806/2596/3 4807/2597/3
f 4780/2581/3 4666/2585/3 4667/2598/3
f 5458/2599/3 5459/2579/3 5405/2578/3
f 4779/2600/3 4780/2581/3 4667/2598/3
f 5458/2599/3 5405/2578/3 5406/2601/3
f 4779/2600/3 4667/2598/3 4668/2602/3
f 4779/2600/3 4668/2602/3 4669/2603/3
f 5457/2604/3 5458/2599/3 5406/2601/3
f 4778/2605/3 4779/2600/3 4669/2603/3
f 5457/2604/3 5406/2601/3 5407/2606/3
f 4778/2605/3 4669/2603/3 4670/2607/3
f 5456/2608/3 5457/2604/3 5407/2606/3
f 5455/2609/3 5456/2608/3 5407/2606/3
f 4778/2605/3 4670/2607/3 4671/2610/3
f 5454/2611/3 5455/2609/3 5407/2606/3
f 4777/2612/3 4778/2605/3 4671/2610/3
f 5453/2613/3 5454/2611/3 5407/2606/3
f 5452/2614/3 5453/2613/3 5407/2606/3
f 4777/2612/3 4671/2610/3 4672/2615/3
f 5451/2616/3 5452/2614/3 5407/2606/3
f 5451/2616/3 5407/2606/3 5408/2617/3
f 5450/2618/3 5451/2616/3 5408/2617/3
f 5449/2619/3 5450/2618/3 5408/2617/3
f 4777/2612/3 4672/2615/3 4673/2620/3
f 4776/2621/3 4777/2612/3 4673/2620/3
f 5448/2622/3 5449/2619/3 5408/2617/3
f 5447/2623/3 5448/2622/3 5408/2617/3
f 4776/2621/3 4673/2620/3 4674/2624/3
f 4721/2625/3 4722/2627/3 4723/2626/3
f 4720/2628/3 4721/2625/3 4723/2626/3
f 4720/2628/3 4723/2626/3 4724/2629/3
f 4719/2630/3 4720/2628/3 4724/2629/3
f 5446/2631/3 5447/2623/3 5408/2617/3
f 4719/2630/3 4724/2629/3 4725/2632/3
f 4718/2633/3 4719/2630/3 4725/2632/3
f 4718/2633/3 4725/2632/3 4726/2634/3
f 4717/2635/3 4718/2633/3 4726/2634/3
f 4776/2621/3 4674/2624/3 4675/2636/3
f 4717/2635/3 4726/2634/3 4727/2637/3
f 4716/2638/3 4717/2635/3 4727/2637/3
f 5445/2639/3 5446/2631/3 5408/2617/3
f 5445/2639/3 5408/2617/3 5409/2640/3
f 4775/2641/3 4776/2621/3 4675/2636/3
f 4715/2642/3 4716/2638/3 4727/2637/3
f 4715/2642/3 4727/2637/3 4728/2643/3
f 4775/2641/3 4675/2636/3 4676/2644/3
f 4714/2645/3 4715/2642/3 4728/2643/3
f 5444/2646/3 5445/2639/3 5409/2640/3
f 4714/2645/3 4728/2643/3 4729/2647/3
f 4713/2648/3 4714/2645/3 4729/2647/3
f 4775/2641/3 4676/2644/3 4677/2649/3
f 4713/2648/3 4729/2647/3 4730/2650/3
f 4712/2651/3 4713/2648/3 4730/2650/3
f 4711/2652/3 4712/2651/3 4730/2650/3
f 4711/2652/3 4730/2650/3 4731/2653/3
f 4775/2641/3 4677/2649/3 4678/2654/3
f 4710/2655/3 4711/2652/3 4731/2653/3
f 4710/2655/3 4731/2653/3 4732/2656/3
f 4775/2641/3 4678/2654/3 4679/2657/3
f 4774/2658/3 4775/2641/3 4679/2657/3
f 4709/2659/3 4710/2655/3 4732/2656/3
f 4774/2658/3 4679/2657/3 4680/2660/3
f 4709/2659/3 4732/2656/3 4733/2661/3
f 5443/2662/3 5444/2646/3 5409/2640/3
f 4708/2663/3 4709/2659/3 4733/2661/3
f 4774/2658/3 4680/2660/3 4681/2664/3
f 5443/2662/3 5409/2640/3 5410/2665/3
f 4774/2658/3 4681/2664/3 4682/2666/3
f 4708/2663/3 4733/2661/3 4734/2667/3
f 4707/2668/3 4708/2663/3 4734/2667/3
f 4774/2658/3 4682/2666/3 4683/2669/3
f 4774/2658/3 4683/2669/3 4684/2670/3
f 4706/2671/3 4707/2668/3 4734/2667/3
f 4774/2658/3 4684/2670/3 4685/2672/3
f 4774/2658/3 4685/2672/3 4686/2673/3
f 4773/2674/3 4774/2658/3 4686/2673/3
f 4773/2674/3 4686/2673/3 4687/2675/3
f 4706/2671/3 4734/2667/3 4735/2676/3
f 4705/2677/3 4706/2671/3 4735/2676/3
f 4773/2674/3 4687/2675/3 4688/2678/3
f 4773/2674/3 4688/2678/3 4689/2679/3
f 4704/2680/3 4705/2677/3 4735/2676/3
f 5443/2662/3 5410/2665/3 5411/2681/3
f 4773/2674/3 4689/2679/3 4690/2682/3
f 4703/2683/3 4704/2680/3 4735/2676/3
f 4773/2674/3 4690/2682/3 4691/2684/3
f 5442/2685/3 5443/2662/3 5411/2681/3
f 4702/2686/3 4703/2683/3 4735/2676/3
f 4702/2686/3 4735/2676/3 4736/2687/3
f 4773/2674/3 4691/2684/3 4692/2688/3
f 4773/2674/3 4692/2688/3 4693/2689/3
f 4701/2690/3 4702/2686/3 4736/2687/3
f 4773/2674/3 4693/2689/3 4694/2691/3
f 4700/2692/3 4701/2690/3 4736/2687/3
f 4773/2674/3 4694/2691/3 4695/2693/3
f 4772/2694/3 4773/2674/3 4695/2693/3
f 4772/2694/3 4695/2693/3 4696/2695/3
f 4699/2696/3 4700/2692/3 4736/2687/3
f 4772/2694/3 4696/2695/3 4697/2697/3
f 4698/2698/3 4699/2696/3 4736/2687/3
f 4772/2694/3 4697/2697/3 4698/2698/3
f 4772/2694/3 4698/2698/3 4736/2687/3
f 5442/2685/3 5411/2681/3 5412/2699/3
f 4772/2694/3 4736/2687/3 4737/2700/3
f 4771/2701/3 4772/2694/3 4737/2700/3
f 5441/2702/3 5442/2685/3 5412/2699/3
f 4771/2701/3 4737/2700/3 4738/2703/3
f 5441/2702/3 5412/2699/3 5413/2704/3
f 4770/2705/3 4771/2701/3 4738/2703/3
f 4770/2705/3 4738/2703/3 4739/2706/3
f 5441/2702/3 5413/2704/3 5414/2707/3
f 5440/2708/3 5441/2702/3 5414/2707/3
f 4770/2705/3 4739/2706/3 4740/2709/3
f 4769/2710/3 4770/2705/3 4740/2709/3
f 5440/2708/3 5414/2707/3 5415/2711/3
f 4769/2710/3 4740/2709/3 4741/2712/3
f 4768/2713/3 4769/2710/3 4741/2712/3
f 5439/2714/3 5440/2708/3 5415/2711/3
f 4768/2713/3 4741/2712/3 4742/2715/3
f 4767/2716/3 4768/2713/3 4742/2715/3
f 5439/2714/3 5415/2711/3 5416/2717/3
f 4767/2716/3 4742/2715/3 4743/2718/3
f 4766/2719/3 4767/2716/3 4743/2718/3
f 4766/2719/3 4743/2718/3 4744/2720/3
f 4765/2721/3 4766/2719/3 4744/2720/3
f 5439/2714/3 5416/2717/3 5417/2722/3
f 5438/2723/3 5439/2714/3 5417/2722/3
f 4765/2721/3 4744/2720/3 4745/2724/3
f 4764/2725/3 4765/2721/3 4745/2724/3
f 4763/2726/3 4764/2725/3 4745/2724/3
f 4763/2726/3 4745/2724/3 4746/2727/3
f 5438/2723/3 5417/2722/3 5418/2728/3
f 4762/2729/3 4763/2726/3 4746/2727/3
f 5437/2730/3 5438/2723/3 5418/2728/3
f 4762/2729/3 4746/2727/3 4747/2731/3
f 4762/2729/3 4747/2731/3 4748/2732/3
f 4761/2733/3 4762/2729/3 4748/2732/3
f 4761/2733/3 4748/2732/3 4749/2734/3
f 4761/2733/3 4749/2734/3 4750/2735/3
f 4761/2733/3 4750/2735/3 4751/2736/3
f 4760/2737/3 4761/2733/3 4751/2736/3
f 4760/2737/3 4751/2736/3 4752/2738/3
f 4760/2737/3 4752/2738/3 4753/2739/3
f 4759/2740/3 4760/2737/3 4753/2739/3
f 4759/2740/3 4753/2739/3 4754/2741/3
f 5437/2730/3 5418/2728/3 5419/2742/3
f 4759/2740/3 4754/2741/3 4755/2743/3
f 4759/2740/3 4755/2743/3 4756/2744/3
f 4758/2745/3 4759/2740/3 4756/2744/3
f 4758/2745/3 4756/2744/3 4757/2746/3
f 5436/2747/3 5437/2730/3 5419/2742/3
f 5436/2747/3 5419/2742/3 5420/2748/3
f 5435/2749/3 5436/2747/3 5420/2748/3
f 5435/2749/3 5420/2748/3 5421/2750/3
f 5435/2749/3 5421/2750/3 5422/2751/3
f 5434/2752/3 5435/2749/3 5422/2751/3
f 5434/2752/3 5422/2751/3 5423/2753/3
f 5434/2752/3 5423/2753/3 5424/2754/3
f 5433/2755/3 5434/2752/3 5424/2754/3
f 5433/2755/3 5424/2754/3 5425/2756/3
f 5433/2755/3 5425/2756/3 5426/2757/3
f 5433/2755/3 5426/2757/3 5427/2758/3
f 5433/2755/3 5427/2758/3 5428/2759/3
f 5433/2755/3 5428/2759/3 5429/2760/3
f 5432/2761/3 5433/2755/3 5429/2760/3
f 5432/2761/3 5429/2760/3 5430/2762/3
f 5431/2763/3 5432/2761/3 5430/2762/3
s 1
f 5554/2764/9 5556/2765/10 5555/2766/10 5553/227/9
f 5556/2765/10 5558/2767/11 5557/2768/11 5555/2766/10
f 5558/2767/11 5560/2769/12 5559/2770/12 5557/2768/11
f 5560/2769/12 5562/2771/13 5561/2772/13 5559/2770/12
f 5562/2771/13 5564/2773/14 5563/2774/14 5561/2772/13
f 5564/2773/14 5566/2775/15 5565/2776/15 5563/2774/14
f 5566/2775/15 5568/2777/16 5567/2778/16 5565/2776/15
f 5568/2777/16 5570/2779/17 5569/2780/17 5567/2778/16
f 5570/2779/17 5572/2781/18 5571/2782/18 5569/2780/17
f 5572/2781/18 5574/2783/19 5573/2784/19 5571/2782/18
f 5574/2783/19 5576/2785/20 5575/2786/20 5573/2784/19
f 5576/2785/20 5578/2787/21 5577/2788/21 5575/2786/20
f 5578/2787/21 5580/2789/22 5579/2790/22 5577/2788/21
f 5580/2789/22 5582/2791/23 5581/2792/23 5579/2790/22
f 5582/2791/23 5584/2793/24 5583/2794/24 5581/2792/23
f 5584/2793/24 5586/2795/25 5585/2796/25 5583/2794/24
f 5586/2795/25 5588/2797/26 5587/2798/26 5585/2796/25
f 5588/2797/26 5590/2799/27 5589/2800/27 5587/2798/26
f 5590/2799/27 5592/2801/28 5591/2802/28 5589/2800/27
f 5592/2801/28 5594/2803/29 5593/2804/29 5591/2802/28
f 5594/2803/29 5596/2805/30 5595/2806/30 5593/2804/29
f 5596/2805/30 5598/2807/31 5597/2808/31 5595/2806/30
f 5598/2807/31 5600/2809/32 5599/2810/32 5597/2808/31
f 5600/2809/32 5602/2811/33 5601/2812/33 5599/2810/32
f 5602/2811/33 5604/2813/34 5603/2814/34 5601/2812/33
f 5604/2813/34 5606/2815/35 5605/2816/35 5603/2814/34
f 5606/2815/35 5608/2817/36 5607/2818/36 5605/2816/35
f 5608/2817/36 5610/2819/37 5609/2820/37 5607/2818/36
f 5610/2819/37 5612/2821/38 5611/2822/38 5609/2820/37
f 5612/2821/38 5614/2823/39 5613/2824/39 5611/2822/38
f 5614/2823/39 5616/2825/40 5615/2826/40 5613/2824/39
f 5616/2825/40 5618/2827/41 5617/2828/41 5615/2826/40
f 5618/2827/41 5620/2829/42 5619/2830/42 5617/2828/41
f 5620/2829/42 5622/2831/43 5621/2832/43 5619/2830/42
f 5622/2831/43 5624/2833/44 5623/2834/44 5621/2832/43
f 5624/2833/44 5626/2835/45 5625/2836/45 5623/2834/44
f 5626/2835/45 5628/2837/46 5627/2838/46 5625/2836/45
f 5628/2837/46 5630/2839/47 5629/2840/47 5627/2838/46
f 5630/2839/47 5632/2841/48 5631/2842/48 5629/2840/47
f 5632/2841/48 5634/2843/49 5633/2844/49 5631/2842/48
f 5634/2843/49 5636/2845/50 5635/2846/50 5633/2844/49
f 5636/2845/50 5638/2847/51 5637/2848/51 5635/2846/50
f 5638/2847/51 5640/2849/52 5639/2850/52 5637/2848/51
f 5640/2849/52 5642/2851/53 5641/2852/53 5639/2850/52
f 5642/2851/53 5644/2853/54 5643/2854/54 5641/2852/53
f 5644/2853/54 5646/2855/55 5645/2856/55 5643/2854/54
f 5646/2855/55 5648/2857/56 5647/2858/56 5645/2856/55
f 5648/2857/56 5650/2859/57 5649/2860/57 5647/2858/56
f 5650/2859/57 5652/2861/58 5651/2862/58 5649/2860/57
f 5652/2861/58 5654/2863/59 5653/2864/59 5651/2862/58
f 5654/2863/59 5656/2865/60 5655/2866/60 5653/2864/59
f 5656/2865/60 5658/2867/61 5657/2868/61 5655/2866/60
f 5658/2867/61 5660/2869/62 5659/2870/62 5657/2868/61
f 5660/2869/62 5662/2871/63 5661/2872/63 5659/2870/62
f 5662/2871/63 5664/2873/64 5663/2874/64 5661/2872/63
f 5664/2873/64 5666/2875/65 5665/2876/65 5663/2874/64
f 5666/2875/65 5668/2877/66 5667/2878/66 5665/2876/65
f 5668/2877/66 5670/2879/67 5669/2880/67 5667/2878/66
f 5670/2879/67 5672/2881/68 5671/2882/68 5669/2880/67
f 5672/2881/68 5674/2883/69 5673/2884/69 5671/2882/68
f 5674/2883/69 5676/2885/70 5675/2886/70 5673/2884/69
f 5676/2885/70 5678/2887/71 5677/2888/71 5675/2886/70
f 5678/2887/71 5680/2889/72 5679/2890/72 5677/2888/71
f 5680/2889/72 5682/2891/73 5681/2892/73 5679/2890/72
f 5682/2891/73 5684/2893/74 5683/2894/74 5681/2892/73
f 5684/2893/74 5686/2895/75 5685/2896/75 5683/2894/74
f 5686/2895/75 5688/2897/76 5687/2898/76 5685/2896/75
f 5688/2897/76 5690/2899/77 5689/2900/77 5687/2898/76
f 5690/2899/77 5692/2901/78 5691/2902/78 5689/2900/77
f 5692/2901/78 5694/2903/79 5693/2904/79 5691/2902/78
f 5694/2903/79 5696/2905/80 5695/2906/80 5693/2904/79
f 5696/2905/80 5698/2907/81 5697/2908/81 5695/2906/80
f 5698/2907/81 5700/2909/82 5699/2910/82 5697/2908/81
f 5700/2909/82 5702/2911/83 5701/2912/83 5699/2910/82
f 5702/2911/83 5704/2913/84 5703/2914/84 5701/2912/83
f 5704/2913/84 5706/2915/85 5705/2916/85 5703/2914/84
f 5706/2915/85 5708/2917/86 5707/2918/86 5705/2916/85
f 5708/2917/86 5710/2919/87 5709/2920/87 5707/2918/86
f 5710/2919/87 5712/2921/88 5711/2922/88 5709/2920/87
f 5712/2921/88 5714/2923/89 5713/2924/89 5711/2922/88
f 5714/2923/89 5716/2925/90 5715/2926/90 5713/2924/89
f 5716/2925/90 5718/2927/91 5717/2928/91 5715/2926/90
f 5718/2927/91 5720/2929/92 5719/2930/92 5717/2928/91
f 5720/2929/92 5722/2931/93 5721/2932/93 5719/2930/92
f 5722/2931/93 5724/2933/94 5723/2934/94 5721/2932/93
f 5724/2933/94 5726/2935/95 5725/2936/95 5723/2934/94
f 5726/2935/95 5728/2937/96 5727/2938/96 5725/2936/95
f 5728/2937/96 5730/2939/97 5729/2940/97 5727/2938/96
f 5730/2939/97 5732/2941/98 5731/2942/98 5729/2940/97
f 5732/2941/98 5734/2943/99 5733/2944/99 5731/2942/98
f 5734/2943/99 5736/2945/100 5735/2946/100 5733/2944/99
f 5736/2945/100 5738/2947/101 5737/2948/101 5735/2946/100
f 5738/2947/101 5740/2949/102 5739/2950/102 5737/2948/101
f 5740/2949/102 5742/2951/103 5741/2952/103 5739/2950/102
f 5742/2951/103 5744/2953/104 5743/2954/104 5741/2952/103
f 5744/2953/104 5746/2955/105 5745/2956/105 5743/2954/104
f 5746/2955/105 5748/2957/106 5747/2958/106 5745/2956/105
f 5748/2957/106 5750/2959/107 5749/2960/107 5747/2958/106
f 5750/2959/107 5752/2961/108 5751/2962/108 5749/2960/107
f 5752/2961/108 5754/2963/109 5753/2964/109 5751/2962/108
f 5754/2963/109 5756/2965/110 5755/2966/110 5753/2964/109
f 5756/2965/110 5758/2967/111 5757/2968/111 5755/2966/110
f 5758/2967/111 5760/2969/112 5759/2970/112 5757/2968/111
f 5760/2969/112 5762/2971/113 5761/2972/113 5759/2970/112
f 5762/2971/113 5764/2973/114 5763/2974/114 5761/2972/113
f 5764/2973/114 5766/2975/115 5765/2976/115 5763/2974/114
f 5766/2975/115 5768/2977/116 5767/2978/116 5765/2976/115
f 5768/2977/116 5770/2979/117 5769/2980/117 5767/2978/116
f 5770/2979/117 5772/2981/118 5771/2982/118 5769/2980/117
f 5772/2981/118 5774/2983/119 5773/2984/119 5771/2982/118
f 5774/2983/119 5776/2985/120 5775/2986/120 5773/2984/119
f 5776/2985/120 5778/2987/121 5777/2988/121 5775/2986/120
f 5778/2987/121 5780/2989/122 5779/2990/122 5777/2988/121
f 5780/2989/122 5782/2991/123 5781/2992/123 5779/2990/122
f 5782/2991/123 5784/2993/124 5783/2994/124 5781/2992/123
f 5784/2993/124 5786/2995/125 5785/2996/125 5783/2994/124
f 5786/2995/125 5788/2997/126 5787/2998/126 5785/2996/125
f 5788/2997/126 5790/2999/127 5789/3000/127 5787/2998/126
f 5790/2999/127 5792/3001/128 5791/3002/128 5789/3000/127
f 5792/3001/128 5794/3003/129 5793/3004/129 5791/3002/128
f 5794/3003/129 5796/3005/130 5795/3006/130 5793/3004/129
f 5796/3005/130 5798/3007/131 5797/3008/131 5795/3006/130
f 5798/3007/131 5800/3009/132 5799/3010/132 5797/3008/131
f 5800/3009/132 5802/3011/133 5801/3012/133 5799/3010/132
f 5802/3011/133 5804/3013/134 5803/3014/134 5801/3012/133
f 5804/3013/134 5806/3015/135 5805/3016/135 5803/3014/134
f 5806/3015/135 5808/3017/136 5807/3018/136 5805/3016/135
f 5808/3017/136 5810/3019/137 5809/3020/137 5807/3018/136
f 5810/3019/137 5812/3021/138 5811/3022/138 5809/3020/137
f 5812/3021/138 5814/3023/139 5813/3024/139 5811/3022/138
f 5814/3023/139 5816/3025/140 5815/3026/140 5813/3024/139
f 5816/3025/140 5818/3027/141 5817/3028/141 5815/3026/140
f 5818/3027/141 5820/3029/142 5819/3030/142 5817/3028/141
f 5820/3029/142 5822/3031/143 5821/3032/143 5819/3030/142
f 5822/3031/143 5824/3033/144 5823/3034/144 5821/3032/143
f 5824/3033/144 5826/3035/145 5825/3036/145 5823/3034/144
f 5826/3035/145 5828/3037/146 5827/3038/146 5825/3036/145
f 5828/3037/146 5830/3039/147 5829/3040/147 5827/3038/146
f 5830/3039/147 5832/3041/148 5831/3042/148 5829/3040/147
f 5832/3041/148 5834/3043/149 5833/3044/149 5831/3042/148
f 5834/3043/149 5836/3045/150 5835/3046/150 5833/3044/149
f 5836/3045/150 5838/3047/40 5837/3048/40 5835/3046/150
f 5838/3047/40 5840/3049/151 5839/3050/151 5837/3048/40
f 5840/3049/151 5842/3051/152 5841/3052/152 5839/3050/151
f 5842/3051/152 5844/3053/153 5843/3054/153 5841/3052/152
f 5844/3053/153 5846/3055/154 5845/3056/154 5843/3054/153
f 5846/3055/154 5848/3057/155 5847/3058/155 5845/3056/154
f 5848/3057/155 5850/3059/156 5849/3060/156 5847/3058/155
f 5850/3059/156 5852/3061/157 5851/3062/157 5849/3060/156
f 5852/3061/157 5854/3063/158 5853/3064/158 5851/3062/157
f 5854/3063/158 5856/3065/159 5855/3066/159 5853/3064/158
f 5856/3065/159 5858/3067/160 5857/3068/160 5855/3066/159
f 5858/3067/160 5860/3069/161 5859/3070/161 5857/3068/160
f 5860/3069/161 5862/3071/162 5861/3072/162 5859/3070/161
f 5862/3071/162 5864/3073/163 5863/3074/163 5861/3072/162
f 5864/3073/163 5866/3075/164 5865/3076/164 5863/3074/163
f 5866/3075/164 5868/3077/165 5867/3078/165 5865/3076/164
f 5868/3077/165 5870/3079/166 5869/3080/166 5867/3078/165
f 5870/3079/166 5872/3081/167 5871/3082/167 5869/3080/166
f 5872/3081/167 5874/3083/168 5873/3084/168 5871/3082/167
f 5874/3083/168 5876/3085/169 5875/3086/169 5873/3084/168
f 5876/3085/169 5878/3087/170 5877/3088/170 5875/3086/169
f 5878/3087/170 5880/3089/171 5879/3090/171 5877/3088/170
f 5880/3089/171 5882/3091/172 5881/3092/172 5879/3090/171
f 5882/3091/172 5884/3093/173 5883/3094/173 5881/3092/172
f 5884/3093/173 5886/3095/174 5885/3096/174 5883/3094/173
f 5886/3095/174 5888/3097/175 5887/3098/175 5885/3096/174
f 5888/3097/175 5890/3099/176 5889/3100/176 5887/3098/175
f 5890/3099/176 5892/3101/177 5891/3102/177 5889/3100/176
f 5892/3101/177 5894/3103/178 5893/3104/178 5891/3102/177
f 5894/3103/178 5896/3105/179 5895/3106/179 5893/3104/178
f 5896/3105/179 5898/3107/180 5897/3108/180 5895/3106/179
f 5898/3107/180 5900/3109/181 5899/3110/181 5897/3108/180
f 5900/3109/181 5902/3111/182 5901/3112/182 5899/3110/181
f 5902/3111/182 5904/3113/183 5903/3114/183 5901/3112/182
f 5904/3113/183 5906/3115/184 5905/3116/184 5903/3114/183
f 5906/3115/184 5908/3117/185 5907/3118/185 5905/3116/184
f 5908/3117/185 5910/3119/186 5909/3120/186 5907/3118/185
f 5910/3119/186 5912/3121/187 5911/3122/187 5909/3120/186
f 5912/3121/187 5914/3123/188 5913/3124/188 5911/3122/187
f 5914/3123/188 5916/3125/189 5915/3126/189 5913/3124/188
f 5916/3125/189 5918/3127/190 5917/3128/190 5915/3126/189
f 5918/3127/190 5920/3129/191 5919/3130/191 5917/3128/190
f 5920/3129/191 5922/3131/192 5921/3132/192 5919/3130/191
f 5922/3131/192 5924/3133/193 5923/3134/193 5921/3132/192
f 5924/3133/193 5926/3135/194 5925/3136/194 5923/3134/193
f 5926/3135/194 5928/3137/195 5927/3138/195 5925/3136/194
f 5928/3137/195 5930/3139/196 5929/3140/196 5927/3138/195
f 5930/3139/196 5932/3141/197 5931/3142/197 5929/3140/196
f 5932/3141/197 5934/3143/198 5933/3144/198 5931/3142/197
f 5934/3143/198 5936/3145/199 5935/3146/199 5933/3144/198
f 5936/3145/199 5938/3147/200 5937/3148/200 5935/3146/199
f 5938/3147/200 5940/3149/201 5939/1202/201 5937/3148/200
f 5940/3149/201 5942/3150/202 5941/3151/202 5939/1202/201
f 5942/3150/202 5944/3152/203 5943/3153/203 5941/3151/202
f 5944/3152/203 5946/3154/204 5945/3155/204 5943/3153/203
f 5946/3154/204 5948/3156/205 5947/3157/205 5945/3155/204
f 5948/3156/205 5950/3158/206 5949/3159/206 5947/3157/205
f 5950/3158/206 5952/3160/207 5951/3161/207 5949/3159/206
f 5952/3160/207 5954/3162/208 5953/3163/208 5951/3161/207
f 5954/3162/208 5956/3164/209 5955/3165/209 5953/3163/208
f 5956/3164/209 5958/3166/210 5957/3167/210 5955/3165/209
f 5958/3166/210 5960/3168/211 5959/3169/211 5957/3167/210
f 5960/3168/211 5962/3170/212 5961/3171/212 5959/3169/211
f 5962/3170/212 5964/3172/213 5963/3173/213 5961/3171/212
f 5964/3172/213 5966/3174/214 5965/3175/214 5963/3173/213
f 5966/3174/214 5968/3176/215 5967/3177/215 5965/3175/214
f 5968/3176/215 5970/3178/216 5969/3179/216 5967/3177/215
f 5970/3178/216 5972/3180/217 5971/3181/217 5969/3179/216
f 5972/3180/217 5974/3182/218 5973/3183/218 5971/3181/217
f 5974/3182/218 5976/3184/219 5975/3185/219 5973/3183/218
f 5976/3184/219 5978/3186/220 5977/3187/220 5975/3185/219
f 5978/3186/220 5980/3188/221 5979/3189/221 5977/3187/220
f 5980/3188/221 5982/3190/222 5981/3191/222 5979/3189/221
f 5982/3190/222 5984/3192/223 5983/3193/223 5981/3191/222
f 5984/3192/223 5986/3194/224 5985/3195/224 5983/3193/223
f 5986/3194/224 5988/3196/225 5987/3197/225 5985/3195/224
f 5988/3196/225 5990/3198/226 5989/3199/226 5987/3197/225
f 5990/3198/226 5992/3200/227 5991/3201/227 5989/3199/226
f 5992/3200/227 5994/3202/228 5993/3203/228 5991/3201/227
f 5994/3202/228 5996/3204/229 5995/3205/229 5993/3203/228
f 5996/3204/229 5998/3206/230 5997/3207/230 5995/3205/229
f 5998/3206/230 6000/3208/231 5999/3209/231 5997/3207/230
f 6000/3208/231 6002/3210/232 6001/3211/232 5999/3209/231
f 6002/3210/232 6004/3212/233 6003/3213/233 6001/3211/232
f 6004/3212/233 6006/3214/234 6005/3215/234 6003/3213/233
f 6006/3214/234 6008/3216/235 6007/3217/235 6005/3215/234
f 6008/3216/235 6010/3218/236 6009/3219/236 6007/3217/235
f 6010/3218/236 6012/3220/237 6011/3221/237 6009/3219/236
f 6012/3220/237 6014/3222/238 6013/3223/238 6011/3221/237
f 6014/3222/238 6016/3224/239 6015/3225/239 6013/3223/238
f 6016/3224/239 6018/3226/240 6017/3227/240 6015/3225/239
f 6018/3226/240 6020/3228/241 6019/3229/241 6017/3227/240
f 6020/3228/241 6022/3230/242 6021/3231/242 6019/3229/241
f 6022/3230/242 6024/3232/243 6023/3233/243 6021/3231/242
f 6024/3232/243 6026/3234/244 6025/3235/244 6023/3233/243
f 6026/3234/244 6028/3236/245 6027/3237/245 6025/3235/244
f 6028/3236/245 6030/3238/246 6029/3239/246 6027/3237/245
f 6030/3238/246 6032/3240/247 6031/3241/247 6029/3239/246
f 6032/3240/247 6034/3242/248 6033/3243/248 6031/3241/247
f 6034/3242/248 6036/3244/249 6035/3245/249 6033/3243/248
f 6036/3244/249 6038/3246/250 6037/3247/250 6035/3245/249
f 6038/3246/250 6040/3248/251 6039/3249/251 6037/3247/250
f 6040/3248/251 6042/3250/252 6041/3251/252 6039/3249/251
f 6042/3250/252 6044/3252/253 6043/3253/253 6041/3251/252
f 6044/3252/253 6046/3254/254 6045/3255/254 6043/3253/253
f 6046/3254/254 6048/3256/255 6047/3257/255 6045/3255/254
f 6048/3256/255 6050/3258/256 6049/3259/256 6047/3257/255
f 6050/3258/256 6052/3260/257 6051/3261/257 6049/3259/256
f 6052/3260/257 6054/3262/258 6053/3263/258 6051/3261/257
f 6054/3262/258 6056/3264/259 6055/3265/259 6053/3263/258
f 6056/3264/259 6058/3266/260 6057/3267/260 6055/3265/259
f 6058/3266/260 6060/3268/261 6059/3269/261 6057/3267/260
f 6060/3268/261 6062/3270/262 6061/3271/262 6059/3269/261
f 6062/3270/262 6064/3272/263 6063/3273/263 6061/3271/262
f 6064/3272/263 6066/3274/264 6065/3275/264 6063/3273/263
f 6066/3274/264 6068/3276/265 6067/3277/265 6065/3275/264
f 6068/3276/265 6070/3278/266 6069/3279/266 6067/3277/265
f 6070/3278/266 6072/3280/267 6071/3281/267 6069/3279/266
f 6072/3280/267 6074/3282/268 6073/3283/268 6071/3281/267
f 6074/3282/268 6076/3284/269 6075/3285/269 6073/3283/268
f 6076/3284/269 6078/3286/270 6077/3287/270 6075/3285/269
f 6078/3286/270 6080/3288/271 6079/3289/271 6077/3287/270
f 6080/3288/271 6082/3290/272 6081/3291/272 6079/3289/271
f 6082/3290/272 6084/3292/273 6083/3293/273 6081/3291/272
f 6084/3292/273 6086/3294/274 6085/3295/274 6083/3293/273
f 6086/3294/274 6088/3296/275 6087/3297/275 6085/3295/274
f 6088/3296/275 6090/3298/276 6089/3299/276 6087/3297/275
f 6090/3298/276 6092/3300/277 6091/3301/277 6089/3299/276
f 6092/3300/277 6094/3302/278 6093/3303/278 6091/3301/277
f 6094/3302/278 6096/3304/279 6095/3305/279 6093/3303/278
f 6096/3304/279 6098/3306/280 6097/3307/280 6095/3305/279
f 6098/3306/280 6100/3308/281 6099/3309/281 6097/3307/280
f 6100/3308/281 6102/3310/282 6101/3311/282 6099/3309/281
f 6102/3310/282 6104/3312/283 6103/3313/283 6101/3311/282
f 6104/3312/283 6106/3314/284 6105/3315/284 6103/3313/283
f 6106/3314/284 6108/3316/285 6107/3317/285 6105/3315/284
f 6108/3316/285 6110/3318/286 6109/3319/286 6107/3317/285
f 6110/3318/286 6112/3320/287 6111/3321/287 6109/3319/286
f 6112/3320/287 6114/3322/288 6113/3323/288 6111/3321/287
f 6114/3322/288 6116/3324/289 6115/3325/289 6113/3323/288
f 6116/3324/289 6118/3326/290 6117/3327/290 6115/3325/289
f 6118/3326/290 6120/3328/291 6119/3329/291 6117/3327/290
f 6120/3328/291 6122/3330/292 6121/3331/292 6119/3329/291
f 6122/3330/292 6124/3332/293 6123/3333/293 6121/3331/292
f 6124/3332/293 6126/3334/294 6125/3335/294 6123/3333/293
f 6126/3334/294 6128/3336/295 6127/3337/295 6125/3335/294
f 6128/3336/295 6130/3338/296 6129/3339/296 6127/3337/295
f 6130/3338/296 6132/3340/297 6131/3341/297 6129/3339/296
f 6132/3340/297 6134/3342/298 6133/3343/298 6131/3341/297
f 6134/3342/298 6136/3344/299 6135/3345/299 6133/3343/298
f 6136/3344/299 6138/3346/300 6137/3347/300 6135/3345/299
f 6138/3346/300 6140/3348/301 6139/3349/301 6137/3347/300
f 6140/3348/301 6142/3350/302 6141/3351/302 6139/3349/301
f 6142/3350/302 6144/3352/303 6143/3353/303 6141/3351/302
f 6144/3352/303 6146/3354/304 6145/3355/304 6143/3353/303
f 6146/3354/304 6148/3356/305 6147/3357/305 6145/3355/304
f 6148/3356/305 6150/3358/306 6149/3359/306 6147/3357/305
f 6150/3358/306 6152/3360/307 6151/3361/307 6149/3359/306
f 6152/3360/307 6154/3362/308 6153/3363/308 6151/3361/307
f 6154/3362/308 6156/3364/309 6155/3365/309 6153/3363/308
f 6156/3364/309 6158/3366/310 6157/3367/310 6155/3365/309
f 6158/3366/310 6160/3368/311 6159/3369/311 6157/3367/310
f 6160/3368/311 6162/3370/312 6161/3371/312 6159/3369/311
f 6162/3370/312 6164/3372/313 6163/3373/313 6161/3371/312
f 6164/3372/313 6166/3374/314 6165/3375/314 6163/3373/313
f 6166/3374/314 6168/3376/315 6167/3377/315 6165/3375/314
f 6168/3376/315 6170/3378/316 6169/3379/316 6167/3377/315
f 6170/3378/316 6172/3380/317 6171/3381/317 6169/3379/316
f 6172/3380/317 6174/3382/318 6173/3383/318 6171/3381/317
f 6174/3382/318 6176/3384/319 6175/3385/319 6173/3383/318
f 6176/3384/319 6178/3386/320 6177/3387/320 6175/3385/319
f 6178/3386/320 6180/3388/321 6179/3389/321 6177/3387/320
f 6180/3388/321 6182/3390/322 6181/3391/322 6179/3389/321
f 6182/3390/322 6184/3392/323 6183/3393/323 6181/3391/322
f 6184/3392/323 6186/3394/324 6185/3395/324 6183/3393/323
f 6186/3394/324 6188/3396/325 6187/3397/325 6185/3395/324
f 6188/3396/325 6190/3398/326 6189/3399/326 6187/3397/325
f 6190/3398/326 6192/3400/327 6191/3401/327 6189/3399/326
f 6192/3400/327 6194/3402/328 6193/3403/328 6191/3401/327
f 6194/3402/328 6196/3404/329 6195/3405/329 6193/3403/328
f 6196/3404/329 6198/3406/330 6197/3407/330 6195/3405/329
f 6198/3406/330 6200/3408/331 6199/3409/331 6197/3407/330
f 6200/3408/331 6202/3410/332 6201/3411/332 6199/3409/331
f 6202/3410/332 6204/3412/333 6203/3413/333 6201/3411/332
f 6204/3412/333 6206/3414/334 6205/3415/334 6203/3413/333
f 6206/3414/334 6208/3416/335 6207/3417/335 6205/3415/334
f 6208/3416/335 6210/3418/336 6209/3419/336 6207/3417/335
f 6210/3418/336 6212/3420/337 6211/3421/337 6209/3419/336
f 6212/3420/337 6214/3422/338 6213/3423/338 6211/3421/337
f 6214/3422/338 6216/3424/339 6215/3425/339 6213/3423/338
f 6216/3424/339 6218/3426/340 6217/3427/340 6215/3425/339
f 6218/3426/340 6220/3428/341 6219/3429/341 6217/3427/340
f 6220/3428/341 6222/3430/342 6221/3431/342 6219/3429/341
f 6222/3430/342 6224/3432/343 6223/3433/343 6221/3431/342
f 6224/3432/343 6226/3434/344 6225/3435/344 6223/3433/343
f 6226/3434/344 6228/3436/345 6227/3437/345 6225/3435/344
f 6228/3436/345 6230/3438/346 6229/3439/346 6227/3437/345
f 6230/3438/346 6232/3440/347 6231/3441/347 6229/3439/346
f 6232/3440/347 6234/3442/348 6233/3443/348 6231/3441/347
f 6234/3442/348 6236/3444/349 6235/3445/349 6233/3443/348
f 6236/3444/349 6238/3446/350 6237/3447/350 6235/3445/349
f 6238/3446/350 6240/3448/351 6239/3449/351 6237/3447/350
f 6240/3448/351 6242/3450/352 6241/3451/352 6239/3449/351
f 6242/3450/352 6244/3452/353 6243/3453/353 6241/3451/352
f 6244/3452/353 6246/3454/354 6245/3455/354 6243/3453/353
f 6246/3454/354 6248/3456/355 6247/3457/355 6245/3455/354
f 6248/3456/355 6250/3458/356 6249/3459/356 6247/3457/355
f 6250/3458/356 6252/3460/357 6251/3461/357 6249/3459/356
f 6252/3460/357 6254/3462/358 6253/3463/358 6251/3461/357
f 6254/3462/358 6256/3464/359 6255/3465/359 6253/3463/358
f 6256/3464/359 6258/3466/360 6257/3467/360 6255/3465/359
f 6258/3466/360 6260/3468/361 6259/3469/361 6257/3467/360
f 6260/3468/361 6262/3470/362 6261/3471/362 6259/3469/361
f 6262/3470/362 6264/3472/363 6263/3473/363 6261/3471/362
f 6264/3472/363 6266/3474/364 6265/3475/364 6263/3473/363
f 6266/3474/364 6268/3476/365 6267/3477/365 6265/3475/364
f 6268/3476/365 6270/3478/366 6269/3479/366 6267/3477/365
f 6270/3478/366 6272/3480/367 6271/3481/367 6269/3479/366
f 6272/3480/367 6274/3482/368 6273/3483/368 6271/3481/367
f 6274/3482/368 6276/3484/369 6275/3485/369 6273/3483/368
f 6276/3484/369 6278/3486/370 6277/3487/370 6275/3485/369
f 6278/3486/370 6280/3488/371 6279/3489/371 6277/3487/370
f 6280/3488/371 6282/3490/372 6281/3491/372 6279/3489/371
f 6282/3490/372 6284/3492/373 6283/3493/373 6281/3491/372
f 6284/3492/373 6286/3494/374 6285/3495/374 6283/3493/373
f 6286/3494/374 6288/3496/375 6287/3497/375 6285/3495/374
f 6288/3496/375 6290/3498/376 6289/3499/376 6287/3497/375
f 6290/3498/376 6292/3500/377 6291/3501/377 6289/3499/376
f 6292/3500/377 6294/3502/378 6293/3503/378 6291/3501/377
f 6294/3502/378 6296/3504/379 6295/3505/379 6293/3503/378
f 6296/3504/379 6298/3506/380 6297/3507/380 6295/3505/379
f 6298/3506/380 6300/3508/381 6299/3509/381 6297/3507/380
f 6300/3508/381 6302/3510/382 6301/3511/382 6299/3509/381
f 6302/3510/382 6304/3512/383 6303/3513/383 6301/3511/382
f 6304/3512/383 6306/3514/384 6305/3515/384 6303/3513/383
f 6306/3514/384 6308/3516/385 6307/3517/385 6305/3515/384
f 6308/3516/385 6310/3518/386 6309/3519/386 6307/3517/385
f 6310/3518/386 6312/3520/387 6311/3521/387 6309/3519/386
f 6312/3520/387 6314/3522/388 6313/3523/388 6311/3521/387
f 6314/3522/388 6316/3524/389 6315/3525/389 6313/3523/388
f 6316/3524/389 6318/3526/390 6317/3527/390 6315/3525/389
f 6318/3526/390 6320/3528/391 6319/3529/391 6317/3527/390
f 6320/3528/391 6322/3530/392 6321/3531/392 6319/3529/391
f 6322/3530/392 6324/3532/393 6323/3533/393 6321/3531/392
f 6324/3532/393 6326/3534/394 6325/728/394 6323/3533/393
f 6326/3534/394 6328/3535/395 6327/3536/395 6325/728/394
f 6328/3535/395 6330/3537/396 6329/3538/396 6327/3536/395
f 6330/3537/396 6332/3539/397 6331/3540/397 6329/3538/396
f 6332/3539/397 6334/3541/398 6333/3542/398 6331/3540/397
f 6334/3541/398 6336/3543/399 6335/3544/399 6333/3542/398
f 6336/3543/399 6338/3545/400 6337/3546/400 6335/3544/399
f 6338/3545/400 6340/3547/401 6339/3548/401 6337/3546/400
f 6340/3547/401 6342/3549/402 6341/3550/402 6339/3548/401
f 6342/3549/402 6344/3551/403 6343/3552/403 6341/3550/402
f 6344/3551/403 6346/3553/404 6345/3554/404 6343/3552/403
f 6346/3553/404 6348/3555/405 6347/3556/405 6345/3554/404
f 6348/3555/405 6350/3557/406 6349/3558/406 6347/3556/405
f 6350/3557/406 6352/3559/407 6351/3560/407 6349/3558/406
f 6352/3559/407 6354/3561/408 6353/3562/408 6351/3560/407
f 6354/3561/408 6356/3563/409 6355/3564/409 6353/3562/408
f 6356/3563/409 6358/3565/410 6357/3566/410 6355/3564/409
f 6358/3565/410 6360/3567/411 6359/3568/411 6357/3566/410
f 6360/3567/411 6362/3569/412 6361/3570/412 6359/3568/411
f 6362/3569/412 6364/3571/413 6363/3572/413 6361/3570/412
f 6364/3571/413 6366/3573/414 6365/3574/414 6363/3572/413
f 6366/3573/414 6368/3575/415 6367/3576/415 6365/3574/414
f 6368/3575/415 6370/3577/416 6369/3578/416 6367/3576/415
f 6370/3577/416 6372/3579/417 6371/3580/417 6369/3578/416
f 6372/3579/417 6374/3581/418 6373/3582/418 6371/3580/417
f 6374/3581/418 6376/3583/419 6375/3584/419 6373/3582/418
f 6376/3583/419 6378/3585/420 6377/3586/420 6375/3584/419
f 6378/3585/420 6380/3587/421 6379/3588/421 6377/3586/420
f 6380/3587/421 6382/3589/422 6381/3590/422 6379/3588/421
f 6382/3589/422 6384/3591/423 6383/3592/423 6381/3590/422
f 6384/3591/423 6386/3593/424 6385/3594/424 6383/3592/423
f 6386/3593/424 6388/3595/425 6387/3596/425 6385/3594/424
f 6388/3595/425 6390/3597/426 6389/3598/426 6387/3596/425
f 6390/3597/426 6392/3599/427 6391/3600/427 6389/3598/426
f 6392/3599/427 6394/3601/428 6393/3602/428 6391/3600/427
f 6394/3601/428 6396/3603/429 6395/3604/429 6393/3602/428
f 6396/3603/429 6398/3605/430 6397/3606/430 6395/3604/429
f 6398/3605/430 6400/3607/431 6399/3608/431 6397/3606/430
f 6400/3607/431 6402/3609/432 6401/3610/432 6399/3608/431
f 6402/3609/432 6404/3611/433 6403/3612/433 6401/3610/432
f 6404/3611/433 6406/3613/434 6405/3614/434 6403/3612/433
f 6406/3613/434 6408/3615/435 6407/3616/435 6405/3614/434
f 6408/3615/435 6410/3617/436 6409/3618/436 6407/3616/435
f 6410/3617/436 6412/3619/437 6411/3620/437 6409/3618/436
f 6412/3619/437 6414/3621/438 6413/3622/438 6411/3620/437
f 6414/3621/438 6416/3623/439 6415/3624/439 6413/3622/438
f 6416/3623/439 6418/3625/440 6417/3626/440 6415/3624/439
f 6418/3625/440 6420/3627/441 6419/3628/441 6417/3626/440
f 6420/3627/441 6422/3629/442 6421/3630/442 6419/3628/441
f 6422/3629/442 6424/3631/443 6423/3632/443 6421/3630/442
f 6424/3631/443 6426/3633/444 6425/3634/444 6423/3632/443
f 6426/3633/444 6428/3635/445 6427/3636/445 6425/3634/444
f 6428/3635/445 6430/3637/446 6429/3638/446 6427/3636/445
f 6430/3637/446 6432/3639/13 6431/3640/13 6429/3638/446
f 6432/3639/13 6434/3641/447 6433/3642/447 6431/3640/13
f 6434/3641/447 6436/3643/448 6435/3644/448 6433/3642/447
f 6436/3643/448 6438/3645/449 6437/3646/449 6435/3644/448
f 6438/3645/449 6440/3647/450 6439/3648/450 6437/3646/449
f 6440/3647/450 6442/3649/451 6441/3650/451 6439/3648/450
f 6442/3649/451 6444/3651/452 6443/3652/452 6441/3650/451
f 6444/3651/452 6446/3653/453 6445/3654/453 6443/3652/452
f 6446/3653/453 6448/3655/454 6447/3656/454 6445/3654/453
f 6448/3655/454 6450/3657/455 6449/3658/455 6447/3656/454
f 6450/3657/455 6452/3659/456 6451/3660/456 6449/3658/455
f 6452/3659/456 6454/3661/457 6453/3662/457 6451/3660/456
f 6454/3661/457 6456/3663/458 6455/3664/458 6453/3662/457
f 6456/3663/458 6458/3665/459 6457/3666/459 6455/3664/458
f 6458/3665/459 6460/3667/460 6459/3668/460 6457/3666/459
f 6460/3667/460 6462/3669/461 6461/3670/461 6459/3668/460
f 6462/3669/461 6464/3671/462 6463/3672/462 6461/3670/461
f 6464/3671/462 6466/3673/463 6465/3674/463 6463/3672/462
f 6466/3673/463 6468/3675/464 6467/3676/464 6465/3674/463
f 6468/3675/464 6470/3677/465 6469/3678/465 6467/3676/464
f 6470/3677/465 6472/3679/466 6471/3680/466 6469/3678/465
f 6472/3679/466 6474/3681/467 6473/3682/467 6471/3680/466
f 6474/3681/467 6476/3683/468 6475/3684/468 6473/3682/467
f 6476/3683/468 6478/3685/469 6477/3686/469 6475/3684/468
f 6478/3685/469 6480/3687/237 6479/3688/237 6477/3686/469
f 6480/3687/237 6482/3689/470 6481/3690/470 6479/3688/237
f 6482/3689/470 6484/3691/471 6483/3692/471 6481/3690/470
f 6484/3691/471 6486/3693/472 6485/3694/472 6483/3692/471
f 6486/3693/472 6488/3695/473 6487/3696/473 6485/3694/472
f 6488/3695/473 6490/3697/474 6489/3698/474 6487/3696/473
f 6490/3697/474 6492/3699/475 6491/3700/475 6489/3698/474
f 6492/3699/475 6494/3701/476 6493/3702/476 6491/3700/475
f 6494/3701/476 6496/3703/477 6495/3704/477 6493/3702/476
f 6496/3703/477 6498/3705/478 6497/3706/478 6495/3704/477
f 6498/3705/478 6500/3707/479 6499/3708/479 6497/3706/478
f 6500/3707/479 6502/3709/480 6501/3710/480 6499/3708/479
f 6502/3709/480 6504/3711/481 6503/3712/481 6501/3710/480
f 6504/3711/481 6506/3713/482 6505/3714/482 6503/3712/481
f 6506/3713/482 6508/3715/483 6507/3716/483 6505/3714/482
f 6508/3715/483 6510/3717/484 6509/3718/484 6507/3716/483
f 6510/3717/484 6512/3719/485 6511/3720/485 6509/3718/484
f 6512/3719/485 6514/3721/486 6513/3722/486 6511/3720/485
f 6514/3721/486 6516/3723/487 6515/3724/487 6513/3722/486
f 6516/3723/487 6518/3725/488 6517/3726/488 6515/3724/487
f 6518/3725/488 6520/3727/489 6519/3728/489 6517/3726/488
f 6520/3727/489 6522/3729/490 6521/3730/490 6519/3728/489
f 6522/3729/490 6524/3731/491 6523/3732/491 6521/3730/490
f 6524/3731/491 6526/3733/492 6525/3734/492 6523/3732/491
f 6526/3733/492 6528/3735/493 6527/3736/493 6525/3734/492
f 6528/3735/493 6530/3737/494 6529/3738/494 6527/3736/493
f 6530/3737/494 6532/3739/495 6531/3740/495 6529/3738/494
f 6532/3739/495 6534/3741/496 6533/3742/496 6531/3740/495
f 6534/3741/496 6536/3743/497 6535/3744/497 6533/3742/496
f 6536/3743/497 6538/3745/498 6537/3746/498 6535/3744/497
f 6538/3745/498 6540/3747/499 6539/3748/499 6537/3746/498
f 6540/3747/499 6542/3749/500 6541/3750/500 6539/3748/499
f 6542/3749/500 6544/3751/501 6543/3752/501 6541/3750/500
f 6544/3751/501 6546/3753/502 6545/3754/502 6543/3752/501
f 6546/3753/502 6548/3755/503 6547/3756/503 6545/3754/502
f 6548/3755/503 6550/3757/504 6549/3758/504 6547/3756/503
f 6550/3757/504 6552/3759/505 6551/3760/505 6549/3758/504
f 6552/3759/505 6554/3761/506 6553/3762/506 6551/3760/505
f 6554/3761/506 6556/3763/507 6555/3764/507 6553/3762/506
f 6556/3763/507 6558/3765/508 6557/3766/508 6555/3764/507
f 6558/3765/508 6560/3767/509 6559/3768/509 6557/3766/508
f 6560/3767/509 6562/3769/510 6561/3770/510 6559/3768/509
f 6562/3769/510 6564/3771/511 6563/3772/511 6561/3770/510
f 6564/3771/511 6566/3773/512 6565/3774/512 6563/3772/511
f 6566/3773/512 6568/3775/513 6567/3776/513 6565/3774/512
f 6568/3775/513 6570/3777/514 6569/3778/514 6567/3776/513
f 6570/3777/514 6572/3779/515 6571/3780/515 6569/3778/514
f 6572/3779/515 6574/3781/516 6573/3782/516 6571/3780/515
f 6574/3781/516 6576/3783/517 6575/3784/517 6573/3782/516
f 6576/3783/517 6578/3785/518 6577/3786/518 6575/3784/517
f 6578/3785/518 6580/3787/519 6579/3788/519 6577/3786/518
f 6580/3787/519 6582/3789/520 6581/3790/520 6579/3788/519
f 6582/3789/520 6584/3791/521 6583/3792/521 6581/3790/520
f 6584/3791/521 6586/3793/522 6585/3794/522 6583/3792/521
f 6586/3793/522 6588/3795/523 6587/3796/523 6585/3794/522
f 6588/3795/523 6590/3797/524 6589/3798/524 6587/3796/523
f 6590/3797/524 6592/3799/525 6591/3800/525 6589/3798/524
f 6592/3799/525 6594/3801/526 6593/3802/526 6591/3800/525
f 6594/3801/526 6596/3803/527 6595/3804/527 6593/3802/526
f 6596/3803/527 6598/3805/528 6597/3806/528 6595/3804/527
f 6598/3805/528 6600/3807/529 6599/3808/529 6597/3806/528
f 6600/3807/529 6602/3809/530 6601/3810/530 6599/3808/529
f 6602/3809/530 6604/3811/531 6603/3812/531 6601/3810/530
f 6604/3811/531 6606/3813/532 6605/3814/532 6603/3812/531
f 6606/3813/532 6608/3815/533 6607/3816/533 6605/3814/532
f 6608/3815/533 6610/3817/534 6609/3818/534 6607/3816/533
f 6610/3817/534 6612/3819/535 6611/3820/535 6609/3818/534
f 6612/3819/535 6614/3821/536 6613/3822/536 6611/3820/535
f 6614/3821/536 6616/3823/537 6615/3824/537 6613/3822/536
f 6616/3823/537 6618/3825/538 6617/3826/538 6615/3824/537
f 6618/3825/538 6620/3827/539 6619/3828/539 6617/3826/538
f 6620/3827/539 6622/3829/540 6621/3830/540 6619/3828/539
f 6622/3829/540 6624/3831/541 6623/3832/541 6621/3830/540
f 6624/3831/541 6626/3833/542 6625/3834/542 6623/3832/541
f 6626/3833/542 6628/3835/543 6627/3836/543 6625/3834/542
f 6628/3835/543 6630/3837/544 6629/3838/544 6627/3836/543
f 6630/3837/544 6632/3839/545 6631/3840/545 6629/3838/544
f 6632/3839/545 6634/3841/546 6633/3842/546 6631/3840/545
f 6634/3841/546 6636/3843/547 6635/3844/547 6633/3842/546
f 6636/3843/547 6638/3845/548 6637/3846/548 6635/3844/547
f 6638/3845/548 6640/3847/549 6639/3848/549 6637/3846/548
f 6640/3847/549 6642/3849/550 6641/3850/550 6639/3848/549
f 6642/3849/550 6644/3851/551 6643/3852/551 6641/3850/550
f 6644/3851/551 6646/3853/552 6645/3854/552 6643/3852/551
f 6646/3853/552 6648/3855/553 6647/3856/553 6645/3854/552
f 6648/3855/553 6650/3857/554 6649/3858/554 6647/3856/553
f 6650/3857/554 6652/3859/555 6651/3860/555 6649/3858/554
f 6652/3859/555 6654/3861/556 6653/3862/556 6651/3860/555
f 6654/3861/556 6656/3863/557 6655/3864/557 6653/3862/556
f 6656/3863/557 6658/3865/558 6657/3866/558 6655/3864/557
f 6658/3865/558 6660/3867/559 6659/3868/559 6657/3866/558
f 6660/3867/559 6662/3869/560 6661/3870/560 6659/3868/559
f 6662/3869/560 6664/3871/561 6663/3872/561 6661/3870/560
f 6664/3871/561 6666/3873/562 6665/3874/562 6663/3872/561
f 6666/3873/562 6668/3875/562 6667/3876/562 6665/3874/562
f 6668/3875/562 6670/3877/562 6669/3878/562 6667/3876/562
f 6670/3877/562 6672/3879/562 6671/3880/562 6669/3878/562
f 6672/3879/562 6674/3881/562 6673/3882/562 6671/3880/562
f 6674/3881/562 6676/3883/562 6675/3884/562 6673/3882/562
f 6676/3883/562 6678/3885/562 6677/3886/562 6675/3884/562
f 6678/3885/562 6680/3887/562 6679/3888/562 6677/3886/562
f 6680/3887/562 6682/3889/562 6681/3890/562 6679/3888/562
f 6682/3889/562 6684/3891/562 6683/3892/562 6681/3890/562
f 6684/3891/562 6686/3893/562 6685/3894/562 6683/3892/562
f 6686/3893/562 6688/3895/563 6687/3896/563 6685/3894/562
f 6688/3895/563 6690/3897/564 6689/3898/564 6687/3896/563
f 6690/3897/564 6692/3899/565 6691/3900/565 6689/3898/564
f 6692/3899/565 6694/3901/566 6693/3902/566 6691/3900/565
f 6694/3901/566 6696/3903/567 6695/3904/567 6693/3902/566
f 6696/3903/567 6698/3905/568 6697/3906/568 6695/3904/567
f 6698/3905/568 6700/3907/569 6699/3908/569 6697/3906/568
f 6700/3907/569 6702/3909/570 6701/3910/570 6699/3908/569
f 6702/3909/570 6704/3911/571 6703/3912/571 6701/3910/570
f 6704/3911/571 6706/3913/572 6705/3914/572 6703/3912/571
f 6706/3913/572 6708/3915/573 6707/3916/573 6705/3914/572
f 6708/3915/573 6710/3917/574 6709/3918/574 6707/3916/573
f 6710/3917/574 5554/3919/9 5553/46/9 6709/3918/574
f 6712/2764/575 6714/3920/576 6713/3921/576 6711/227/575
f 6714/3920/576 6716/3922/577 6715/3923/577 6713/3921/576
f 6716/3922/577 6718/3924/578 6717/3925/578 6715/3923/577
f 6718/3924/578 6720/3926/579 6719/3927/579 6717/3925/578
f 6720/3926/579 6722/3928/580 6721/3929/580 6719/3927/579
f 6722/3928/580 6724/3930/581 6723/3931/581 6721/3929/580
f 6724/3930/581 6726/3932/582 6725/3933/582 6723/3931/581
f 6726/3932/582 6728/3934/583 6727/3935/583 6725/3933/582
f 6728/3934/583 6730/3936/584 6729/3937/584 6727/3935/583
f 6730/3936/584 6732/3938/585 6731/3939/585 6729/3937/584
f 6732/3938/585 6734/3940/586 6733/3941/586 6731/3939/585
f 6734/3940/586 6736/3942/587 6735/3943/587 6733/3941/586
f 6736/3942/587 6738/3944/588 6737/3945/588 6735/3943/587
f 6738/3944/588 6740/3946/589 6739/3947/589 6737/3945/588
f 6740/3946/589 6742/3948/590 6741/3949/590 6739/3947/589
f 6742/3948/590 6744/3950/591 6743/3951/591 6741/3949/590
f 6744/3950/591 6746/3952/592 6745/3953/592 6743/3951/591
f 6746/3952/592 6748/3954/593 6747/3955/593 6745/3953/592
f 6748/3954/593 6750/3956/594 6749/3957/594 6747/3955/593
f 6750/3956/594 6752/3958/595 6751/3959/595 6749/3957/594
f 6752/3958/595 6754/3960/596 6753/3961/596 6751/3959/595
f 6754/3960/596 6756/3962/597 6755/3963/597 6753/3961/596
f 6756/3962/597 6758/3964/598 6757/3965/598 6755/3963/597
f 6758/3964/598 6760/3966/599 6759/3967/599 6757/3965/598
f 6760/3966/599 6762/3968/600 6761/3969/600 6759/3967/599
f 6762/3968/600 6764/3970/601 6763/3971/601 6761/3969/600
f 6764/3970/601 6766/3972/602 6765/3973/602 6763/3971/601
f 6766/3972/602 6768/3974/603 6767/3975/603 6765/3973/602
f 6768/3974/603 6770/3976/604 6769/3977/604 6767/3975/603
f 6770/3976/604 6772/3978/605 6771/3979/605 6769/3977/604
f 6772/3978/605 6774/3980/606 6773/3981/606 6771/3979/605
f 6774/3980/606 6776/3982/607 6775/3983/607 6773/3981/606
f 6776/3982/607 6778/3984/608 6777/3985/608 6775/3983/607
f 6778/3984/608 6780/3986/609 6779/3987/609 6777/3985/608
f 6780/3986/609 6782/3988/610 6781/3989/610 6779/3987/609
f 6782/3988/610 6784/3990/611 6783/3991/611 6781/3989/610
f 6784/3990/611 6786/3992/612 6785/3993/612 6783/3991/611
f 6786/3992/612 6788/3994/613 6787/3995/613 6785/3993/612
f 6788/3994/613 6790/3996/614 6789/3997/614 6787/3995/613
f 6790/3996/614 6792/3998/615 6791/3999/615 6789/3997/614
f 6792/3998/615 6794/4000/616 6793/4001/616 6791/3999/615
f 6794/4000/616 6796/4002/617 6795/4003/617 6793/4001/616
f 6796/4002/617 6798/4004/618 6797/4005/618 6795/4003/617
f 6798/4004/618 6800/4006/619 6799/4007/619 6797/4005/618
f 6800/4006/619 6802/4008/620 6801/4009/620 6799/4007/619
f 6802/4008/620 6804/4010/621 6803/4011/621 6801/4009/620
f 6804/4010/621 6806/4012/622 6805/4013/622 6803/4011/621
f 6806/4012/622 6808/4014/623 6807/4015/623 6805/4013/622
f 6808/4014/623 6810/4016/624 6809/4017/624 6807/4015/623
f 6810/4016/624 6812/4018/625 6811/4019/625 6809/4017/624
f 6812/4018/625 6814/4020/626 6813/4021/626 6811/4019/625
f 6814/4020/626 6816/4022/627 6815/4023/627 6813/4021/626
f 6816/4022/627 6818/4024/628 6817/4025/628 6815/4023/627
f 6818/4024/628 6820/4026/629 6819/4027/629 6817/4025/628
f 6820/4026/629 6822/4028/630 6821/4029/630 6819/4027/629
f 6822/4028/630 6824/4030/631 6823/4031/631 6821/4029/630
f 6824/4030/631 6826/4032/632 6825/4033/632 6823/4031/631
f 6826/4032/632 6828/4034/633 6827/4035/633 6825/4033/632
f 6828/4034/633 6830/4036/634 6829/4037/634 6827/4035/633
f 6830/4036/634 6832/4038/635 6831/4039/635 6829/4037/634
f 6832/4038/635 6834/4040/636 6833/4041/636 6831/4039/635
f 6834/4040/636 6836/4042/637 6835/4043/637 6833/4041/636
f 6836/4042/637 6838/4044/638 6837/4045/638 6835/4043/637
f 6838/4044/638 6840/4046/29 6839/4047/29 6837/4045/638
f 6840/4046/29 6842/4048/154 6841/4049/154 6839/4047/29
f 6842/4048/154 6844/4050/154 6843/4051/154 6841/4049/154
f 6844/4050/154 6846/4052/154 6845/4053/154 6843/4051/154
f 6846/4052/154 6848/4054/154 6847/4055/154 6845/4053/154
f 6848/4054/154 6850/4056/154 6849/4057/154 6847/4055/154
f 6850/4056/154 6852/4058/154 6851/4059/154 6849/4057/154
f 6852/4058/154 6854/4060/154 6853/4061/154 6851/4059/154
f 6854/4060/154 6856/4062/154 6855/4063/154 6853/4061/154
f 6856/4062/154 6858/4064/154 6857/4065/154 6855/4063/154
f 6858/4064/154 6860/4066/154 6859/4067/154 6857/4065/154
f 6860/4066/154 6862/4068/154 6861/4069/154 6859/4067/154
f 6862/4068/154 6864/4070/639 6863/4071/639 6861/4069/154
f 6864/4070/639 6866/4072/640 6865/4073/640 6863/4071/639
f 6866/4072/640 6868/4074/641 6867/4075/641 6865/4073/640
f 6868/4074/641 6870/4076/642 6869/4077/642 6867/4075/641
f 6870/4076/642 6872/4078/643 6871/4079/643 6869/4077/642
f 6872/4078/643 6874/4080/644 6873/4081/644 6871/4079/643
f 6874/4080/644 6876/4082/645 6875/4083/645 6873/4081/644
f 6876/4082/645 6878/4084/646 6877/4085/646 6875/4083/645
f 6878/4084/646 6880/4086/647 6879/4087/647 6877/4085/646
f 6880/4086/647 6882/4088/648 6881/4089/648 6879/4087/647
f 6882/4088/648 6884/4090/649 6883/4091/649 6881/4089/648
f 6884/4090/649 6886/4092/650 6885/4093/650 6883/4091/649
f 6886/4092/650 6888/4094/651 6887/4095/651 6885/4093/650
f 6888/4094/651 6890/4096/652 6889/4097/652 6887/4095/651
f 6890/4096/652 6892/4098/653 6891/4099/653 6889/4097/652
f 6892/4098/653 6894/4100/654 6893/4101/654 6891/4099/653
f 6894/4100/654 6896/4102/655 6895/4103/655 6893/4101/654
f 6896/4102/655 6898/4104/656 6897/4105/656 6895/4103/655
f 6898/4104/656 6900/4106/657 6899/4107/657 6897/4105/656
f 6900/4106/657 6902/4108/658 6901/4109/658 6899/4107/657
f 6902/4108/658 6904/4110/659 6903/4111/659 6901/4109/658
f 6904/4110/659 6906/4112/660 6905/4113/660 6903/4111/659
f 6906/4112/660 6908/4114/661 6907/4115/661 6905/4113/660
f 6908/4114/661 6910/4116/662 6909/4117/662 6907/4115/661
f 6910/4116/662 6912/4118/663 6911/4119/663 6909/4117/662
f 6912/4118/663 6914/4120/664 6913/4121/664 6911/4119/663
f 6914/4120/664 6916/4122/665 6915/4123/665 6913/4121/664
f 6916/4122/665 6918/4124/666 6917/4125/666 6915/4123/665
f 6918/4124/666 6920/4126/667 6919/4127/667 6917/4125/666
f 6920/4126/667 6922/4128/668 6921/4129/668 6919/4127/667
f 6922/4128/668 6924/4130/669 6923/4131/669 6921/4129/668
f 6924/4130/669 6926/4132/670 6925/4133/670 6923/4131/669
f 6926/4132/670 6928/4134/671 6927/4135/671 6925/4133/670
f 6928/4134/671 6930/4136/672 6929/4137/672 6927/4135/671
f 6930/4136/672 6932/4138/673 6931/4139/673 6929/4137/672
f 6932/4138/673 6934/4140/674 6933/4141/674 6931/4139/673
f 6934/4140/674 6936/4142/675 6935/4143/675 6933/4141/674
f 6936/4142/675 6938/4144/676 6937/4145/676 6935/4143/675
f 6938/4144/676 6940/4146/677 6939/4147/677 6937/4145/676
f 6940/4146/677 6942/4148/678 6941/4149/678 6939/4147/677
f 6942/4148/678 6944/4150/679 6943/4151/679 6941/4149/678
f 6944/4150/679 6946/4152/680 6945/4153/680 6943/4151/679
f 6946/4152/680 6948/4154/681 6947/4155/681 6945/4153/680
f 6948/4154/681 6950/4156/682 6949/4157/682 6947/4155/681
f 6950/4156/682 6952/4158/683 6951/4159/683 6949/4157/682
f 6952/4158/683 6954/4160/684 6953/4161/684 6951/4159/683
f 6954/4160/684 6956/4162/685 6955/4163/685 6953/4161/684
f 6956/4162/685 6958/4164/686 6957/4165/686 6955/4163/685
f 6958/4164/686 6960/4166/687 6959/4167/687 6957/4165/686
f 6960/4166/687 6962/4168/688 6961/4169/688 6959/4167/687
f 6962/4168/688 6964/4170/689 6963/4171/689 6961/4169/688
f 6964/4170/689 6966/4172/690 6965/4173/690 6963/4171/689
f 6966/4172/690 6968/4174/691 6967/4175/691 6965/4173/690
f 6968/4174/691 6970/4176/692 6969/4177/692 6967/4175/691
f 6970/4176/692 6972/4178/693 6971/4179/693 6969/4177/692
f 6972/4178/693 6974/4180/694 6973/4181/694 6971/4179/693
f 6974/4180/694 6976/4182/695 6975/4183/695 6973/4181/694
f 6976/4182/695 6978/4184/696 6977/4185/696 6975/4183/695
f 6978/4184/696 6980/4186/697 6979/4187/697 6977/4185/696
f 6980/4186/697 6982/4188/698 6981/4189/698 6979/4187/697
f 6982/4188/698 6984/4190/699 6983/4191/699 6981/4189/698
f 6984/4190/699 6986/4192/700 6985/4193/700 6983/4191/699
f 6986/4192/700 6988/4194/701 6987/4195/701 6985/4193/700
f 6988/4194/701 6712/3919/575 6711/46/575 6987/4195/701
f 6990/2764/702 6992/4196/703 6991/4197/703 6989/227/702
f 6992/4196/703 6994/4198/704 6993/4199/704 6991/4197/703
f 6994/4198/704 6996/4200/705 6995/4201/705 6993/4199/704
f 6996/4200/705 6998/4202/705 6997/4203/705 6995/4201/705
f 6998/4202/705 7000/4204/705 6999/4205/705 6997/4203/705
f 7000/4204/705 7002/4206/705 7001/4207/705 6999/4205/705
f 7002/4206/705 7004/4208/705 7003/4209/705 7001/4207/705
f 7004/4208/705 7006/4210/705 7005/4211/705 7003/4209/705
f 7006/4210/705 7008/4212/705 7007/4213/705 7005/4211/705
f 7008/4212/705 7010/4214/705 7009/4215/705 7007/4213/705
f 7010/4214/705 7012/4216/705 7011/4217/705 7009/4215/705
f 7012/4216/705 7014/4218/705 7013/4219/705 7011/4217/705
f 7014/4218/705 7016/4220/705 7015/4221/705 7013/4219/705
f 7016/4220/705 7018/4222/706 7017/4223/706 7015/4221/705
f 7018/4222/706 7020/4224/707 7019/4225/707 7017/4223/706
f 7020/4224/707 7022/4226/708 7021/4227/708 7019/4225/707
f 7022/4226/708 7024/4228/709 7023/4229/709 7021/4227/708
f 7024/4228/709 7026/4230/710 7025/4231/710 7023/4229/709
f 7026/4230/710 7028/4232/711 7027/4233/711 7025/4231/710
f 7028/4232/711 7030/4234/712 7029/4235/712 7027/4233/711
f 7030/4234/712 7032/4236/713 7031/4237/713 7029/4235/712
f 7032/4236/713 7034/4238/714 7033/4239/714 7031/4237/713
f 7034/4238/714 7036/4240/715 7035/4241/715 7033/4239/714
f 7036/4240/715 7038/4242/716 7037/4243/716 7035/4241/715
f 7038/4242/716 7040/4244/717 7039/4245/717 7037/4243/716
f 7040/4244/717 7042/4246/718 7041/4247/718 7039/4245/717
f 7042/4246/718 7044/4248/301 7043/4249/301 7041/4247/718
f 7044/4248/301 7046/4250/719 7045/4251/719 7043/4249/301
f 7046/4250/719 7048/4252/720 7047/4253/720 7045/4251/719
f 7048/4252/720 7050/4254/721 7049/4255/721 7047/4253/720
f 7050/4254/721 7052/4256/722 7051/4257/722 7049/4255/721
f 7052/4256/722 7054/4258/723 7053/4259/723 7051/4257/722
f 7054/4258/723 7056/4260/724 7055/4261/724 7053/4259/723
f 7056/4260/724 7058/4262/725 7057/4263/725 7055/4261/724
f 7058/4262/725 7060/4264/726 7059/4265/726 7057/4263/725
f 7060/4264/726 7062/4266/727 7061/4267/727 7059/4265/726
f 7062/4266/727 7064/4268/728 7063/4269/728 7061/4267/727
f 7064/4268/728 7066/4270/729 7065/4271/729 7063/4269/728
f 7066/4270/729 7068/4272/730 7067/4273/730 7065/4271/729
f 7068/4272/730 7070/4274/731 7069/4275/731 7067/4273/730
f 7070/4274/731 7072/4276/732 7071/4277/732 7069/4275/731
f 7072/4276/732 7074/4278/733 7073/4279/733 7071/4277/732
f 7074/4278/733 7076/4280/734 7075/4281/734 7073/4279/733
f 7076/4280/734 7078/4282/735 7077/4283/735 7075/4281/734
f 7078/4282/735 7080/4284/736 7079/4285/736 7077/4283/735
f 7080/4284/736 7082/4286/737 7081/4287/737 7079/4285/736
f 7082/4286/737 7084/4288/738 7083/4289/738 7081/4287/737
f 7084/4288/738 7086/4290/739 7085/4291/739 7083/4289/738
f 7086/4290/739 7088/4292/740 7087/4293/740 7085/4291/739
f 7088/4292/740 7090/4294/741 7089/4295/741 7087/4293/740
f 7090/4294/741 7092/4296/742 7091/4297/742 7089/4295/741
f 7092/4296/742 7094/4298/743 7093/4299/743 7091/4297/742
f 7094/4298/743 7096/4300/744 7095/4301/744 7093/4299/743
f 7096/4300/744 7098/4302/745 7097/4303/745 7095/4301/744
f 7098/4302/745 7100/4304/746 7099/4305/746 7097/4303/745
f 7100/4304/746 7102/4306/747 7101/4307/747 7099/4305/746
f 7102/4306/747 7104/4308/748 7103/4309/748 7101/4307/747
f 7104/4308/748 7106/4310/749 7105/4311/749 7103/4309/748
f 7106/4310/749 7108/4312/750 7107/4313/750 7105/4311/749
f 7108/4312/750 7110/4314/751 7109/4315/751 7107/4313/750
f 7110/4314/751 7112/4316/752 7111/4317/752 7109/4315/751
f 7112/4316/752 7114/4318/753 7113/4319/753 7111/4317/752
f 7114/4318/753 7116/4320/754 7115/4321/754 7113/4319/753
f 7116/4320/754 7118/4322/755 7117/4323/755 7115/4321/754
f 7118/4322/755 7120/4324/756 7119/4325/756 7117/4323/755
f 7120/4324/756 7122/4326/757 7121/4327/757 7119/4325/756
f 7122/4326/757 7124/4328/758 7123/4329/758 7121/4327/757
f 7124/4328/758 7126/4330/759 7125/4331/759 7123/4329/758
f 7126/4330/759 7128/4332/760 7127/4333/760 7125/4331/759
f 7128/4332/760 7130/4334/761 7129/4335/761 7127/4333/760
f 7130/4334/761 7132/4336/762 7131/4337/762 7129/4335/761
f 7132/4336/762 7134/4338/763 7133/4339/763 7131/4337/762
f 7134/4338/763 7136/4340/764 7135/4341/764 7133/4339/763
f 7136/4340/764 7138/4342/765 7137/4343/765 7135/4341/764
f 7138/4342/765 7140/4344/766 7139/4345/766 7137/4343/765
f 7140/4344/766 7142/4346/767 7141/4347/767 7139/4345/766
f 7142/4346/767 7144/4348/768 7143/4349/768 7141/4347/767
f 7144/4348/768 7146/4350/769 7145/4351/769 7143/4349/768
f 7146/4350/769 7148/4352/770 7147/4353/770 7145/4351/769
f 7148/4352/770 7150/4354/771 7149/4355/771 7147/4353/770
f 7150/4354/771 7152/4356/772 7151/4357/772 7149/4355/771
f 7152/4356/772 7154/4358/773 7153/4359/773 7151/4357/772
f 7154/4358/773 7156/4360/774 7155/4361/774 7153/4359/773
f 7156/4360/774 7158/4362/775 7157/4363/775 7155/4361/774
f 7158/4362/775 7160/4364/776 7159/4365/776 7157/4363/775
f 7160/4364/776 7162/4366/777 7161/4367/777 7159/4365/776
f 7162/4366/777 7164/4368/778 7163/4369/778 7161/4367/777
f 7164/4368/778 7166/4370/779 7165/4371/779 7163/4369/778
f 7166/4370/779 7168/4372/780 7167/4373/780 7165/4371/779
f 7168/4372/780 7170/4374/781 7169/4375/781 7167/4373/780
f 7170/4374/781 7172/4376/782 7171/4377/782 7169/4375/781
f 7172/4376/782 7174/4378/783 7173/4379/783 7171/4377/782
f 7174/4378/783 7176/4380/784 7175/4381/784 7173/4379/783
f 7176/4380/784 7178/4382/785 7177/4383/785 7175/4381/784
f 7178/4382/785 7180/4384/786 7179/4385/786 7177/4383/785
f 7180/4384/786 7182/4386/787 7181/4387/787 7179/4385/786
f 7182/4386/787 7184/4388/788 7183/4389/788 7181/4387/787
f 7184/4388/788 7186/4390/789 7185/4391/789 7183/4389/788
f 7186/4390/789 7188/4392/790 7187/4393/790 7185/4391/789
f 7188/4392/790 7190/4394/791 7189/4395/791 7187/4393/790
f 7190/4394/791 7192/4396/792 7191/4397/792 7189/4395/791
f 7192/4396/792 7194/4398/570 7193/4399/570 7191/4397/792
f 7194/4398/570 7196/4400/569 7195/4401/569 7193/4399/570
f 7196/4400/569 7198/4402/568 7197/4403/568 7195/4401/569
f 7198/4402/568 7200/4404/567 7199/4405/567 7197/4403/568
f 7200/4404/567 7202/4406/566 7201/4407/566 7199/4405/567
f 7202/4406/566 7204/4408/565 7203/4409/565 7201/4407/566
f 7204/4408/565 7206/4410/564 7205/4411/564 7203/4409/565
f 7206/4410/564 7208/4412/793 7207/4413/793 7205/4411/564
f 7208/4412/793 7210/4414/794 7209/4415/794 7207/4413/793
f 7210/4414/794 7212/4416/795 7211/4417/795 7209/4415/794
f 7212/4416/795 7214/4418/796 7213/4419/796 7211/4417/795
f 7214/4418/796 6990/3919/702 6989/46/702 7213/4419/796
f 7216/2764/797 7218/4420/798 7217/4421/798 7215/227/797
f 7218/4420/798 7220/4422/798 7219/4423/798 7217/4421/798
f 7220/4422/798 7222/4424/798 7221/4425/798 7219/4423/798
f 7222/4424/798 7224/4426/798 7223/4427/798 7221/4425/798
f 7224/4426/798 7226/4428/798 7225/4429/798 7223/4427/798
f 7226/4428/798 7228/4430/798 7227/4431/798 7225/4429/798
f 7228/4430/798 7230/4432/798 7229/4433/798 7227/4431/798
f 7230/4432/798 7232/4434/798 7231/4435/798 7229/4433/798
f 7232/4434/798 7234/4436/798 7233/4437/798 7231/4435/798
f 7234/4436/798 7236/4438/798 7235/4439/798 7233/4437/798
f 7236/4438/798 7238/4440/798 7237/4441/798 7235/4439/798
f 7238/4440/798 7240/4442/799 7239/4443/799 7237/4441/798
f 7240/4442/799 7242/4444/800 7241/4445/800 7239/4443/799
f 7242/4444/800 7244/4446/801 7243/4447/801 7241/4445/800
f 7244/4446/801 7246/4448/802 7245/4449/802 7243/4447/801
f 7246/4448/802 7248/4450/803 7247/4451/803 7245/4449/802
f 7248/4450/803 7250/4452/804 7249/4453/804 7247/4451/803
f 7250/4452/804 7252/4454/805 7251/4455/805 7249/4453/804
f 7252/4454/805 7254/4456/806 7253/4457/806 7251/4455/805
f 7254/4456/806 7256/4458/807 7255/4459/807 7253/4457/806
f 7256/4458/807 7258/4460/808 7257/4461/808 7255/4459/807
f 7258/4460/808 7260/4462/809 7259/4463/809 7257/4461/808
f 7260/4462/809 7262/4464/810 7261/4465/810 7259/4463/809
f 7262/4464/810 7264/4466/811 7263/4467/811 7261/4465/810
f 7264/4466/811 7266/4468/812 7265/4469/812 7263/4467/811
f 7266/4468/812 7268/4470/813 7267/4471/813 7265/4469/812
f 7268/4470/813 7270/4472/814 7269/4473/814 7267/4471/813
f 7270/4472/814 7272/4474/815 7271/4475/815 7269/4473/814
f 7272/4474/815 7274/4476/816 7273/4477/816 7271/4475/815
f 7274/4476/816 7276/4478/817 7275/4479/817 7273/4477/816
f 7276/4478/817 7278/4480/818 7277/4481/818 7275/4479/817
f 7278/4480/818 7280/4482/819 7279/4483/819 7277/4481/818
f 7280/4482/819 7282/4484/820 7281/4485/820 7279/4483/819
f 7282/4484/820 7284/4486/821 7283/4487/821 7281/4485/820
f 7284/4486/821 7286/4488/822 7285/4489/822 7283/4487/821
f 7286/4488/822 7288/4490/823 7287/4491/823 7285/4489/822
f 7288/4490/823 7290/4492/824 7289/4493/824 7287/4491/823
f 7290/4492/824 7292/4494/825 7291/4495/825 7289/4493/824
f 7292/4494/825 7294/4496/826 7293/4497/826 7291/4495/825
f 7294/4496/826 7296/4498/827 7295/4499/827 7293/4497/826
f 7296/4498/827 7298/4500/828 7297/4501/828 7295/4499/827
f 7298/4500/828 7300/4502/829 7299/4503/829 7297/4501/828
f 7300/4502/829 7302/4504/830 7301/1127/830 7299/4503/829
f 7302/4504/830 7304/4505/831 7303/4506/831 7301/1127/830
f 7304/4505/831 7306/4507/832 7305/4508/832 7303/4506/831
f 7306/4507/832 7308/4509/833 7307/4510/833 7305/4508/832
f 7308/4509/833 7310/4511/834 7309/4512/834 7307/4510/833
f 7310/4511/834 7312/4513/835 7311/4514/835 7309/4512/834
f 7312/4513/835 7314/4515/836 7313/4516/836 7311/4514/835
f 7314/4515/836 7316/4517/837 7315/4518/837 7313/4516/836
f 7316/4517/837 7318/4519/838 7317/4520/838 7315/4518/837
f 7318/4519/838 7320/4521/839 7319/4522/839 7317/4520/838
f 7320/4521/839 7322/4523/840 7321/4524/840 7319/4522/839
f 7322/4523/840 7324/4525/841 7323/4526/841 7321/4524/840
f 7324/4525/841 7326/4527/842 7325/4528/842 7323/4526/841
f 7326/4527/842 7328/4529/843 7327/4530/843 7325/4528/842
f 7328/4529/843 7330/4531/844 7329/4532/844 7327/4530/843
f 7330/4531/844 7332/4533/845 7331/4534/845 7329/4532/844
f 7332/4533/845 7334/4535/846 7333/4536/846 7331/4534/845
f 7334/4535/846 7336/4537/847 7335/4538/847 7333/4536/846
f 7336/4537/847 7338/4539/848 7337/4540/848 7335/4538/847
f 7338/4539/848 7340/4541/849 7339/4542/849 7337/4540/848
f 7340/4541/849 7342/4543/850 7341/4544/850 7339/4542/849
f 7342/4543/850 7344/4545/851 7343/4546/851 7341/4544/850
f 7344/4545/851 7346/4547/852 7345/4548/852 7343/4546/851
f 7346/4547/852 7348/4549/853 7347/4550/853 7345/4548/852
f 7348/4549/853 7350/4551/854 7349/4552/854 7347/4550/853
f 7350/4551/854 7352/4553/855 7351/4554/855 7349/4552/854
f 7352/4553/855 7354/4555/856 7353/4556/856 7351/4554/855
f 7354/4555/856 7356/4557/857 7355/4558/857 7353/4556/856
f 7356/4557/857 7358/4559/858 7357/4560/858 7355/4558/857
f 7358/4559/858 7360/4561/859 7359/4562/859 7357/4560/858
f 7360/4561/859 7362/4563/860 7361/4564/860 7359/4562/859
f 7362/4563/860 7364/4565/861 7363/4566/861 7361/4564/860
f 7364/4565/861 7366/4567/862 7365/4568/862 7363/4566/861
f 7366/4567/862 7368/4569/538 7367/4570/538 7365/4568/862
f 7368/4569/538 7370/4571/539 7369/4572/539 7367/4570/538
f 7370/4571/539 7372/4573/540 7371/4574/540 7369/4572/539
f 7372/4573/540 7374/4575/541 7373/4576/541 7371/4574/540
f 7374/4575/541 7376/4577/542 7375/4578/542 7373/4576/541
f 7376/4577/542 7378/4579/543 7377/4580/543 7375/4578/542
f 7378/4579/543 7380/4581/544 7379/4582/544 7377/4580/543
f 7380/4581/544 7382/4583/545 7381/4584/545 7379/4582/544
f 7382/4583/545 7384/4585/546 7383/4586/546 7381/4584/545
f 7384/4585/546 7386/4587/863 7385/4588/863 7383/4586/546
f 7386/4587/863 7216/3919/797 7215/46/797 7385/4588/863
f 7388/2764/864 7390/4589/865 7389/4590/865 7387/227/864
f 7390/4589/865 7392/4591/866 7391/4592/866 7389/4590/865
f 7392/4591/866 7394/4593/867 7393/4594/867 7391/4592/866
f 7394/4593/867 7396/4595/868 7395/4596/868 7393/4594/867
f 7396/4595/868 7398/4597/869 7397/4598/869 7395/4596/868
f 7398/4597/869 7400/4599/870 7399/4600/870 7397/4598/869
f 7400/4599/870 7402/4601/871 7401/4602/871 7399/4600/870
f 7402/4601/871 7404/4603/872 7403/4604/872 7401/4602/871
f 7404/4603/872 7406/4605/873 7405/4606/873 7403/4604/872
f 7406/4605/873 7408/4607/874 7407/4608/874 7405/4606/873
f 7408/4607/874 7410/4609/875 7409/4610/875 7407/4608/874
f 7410/4609/875 7412/4611/876 7411/4612/876 7409/4610/875
f 7412/4611/876 7414/4613/877 7413/4614/877 7411/4612/876
f 7414/4613/877 7416/4615/878 7415/4616/878 7413/4614/877
f 7416/4615/878 7418/4617/879 7417/4618/879 7415/4616/878
f 7418/4617/879 7420/4619/880 7419/4620/880 7417/4618/879
f 7420/4619/880 7422/4621/881 7421/4622/881 7419/4620/880
f 7422/4621/881 7424/4623/882 7423/4624/882 7421/4622/881
f 7424/4623/882 7426/4625/883 7425/4626/883 7423/4624/882
f 7426/4625/883 7428/4627/884 7427/4628/884 7425/4626/883
f 7428/4627/884 7430/4629/885 7429/4630/885 7427/4628/884
f 7430/4629/885 7432/4631/886 7431/4632/886 7429/4630/885
f 7432/4631/886 7434/4633/887 7433/4634/887 7431/4632/886
f 7434/4633/887 7436/4635/888 7435/4636/888 7433/4634/887
f 7436/4635/888 7438/4637/889 7437/4638/889 7435/4636/888
f 7438/4637/889 7440/4639/890 7439/4640/890 7437/4638/889
f 7440/4639/890 7442/4641/891 7441/4642/891 7439/4640/890
f 7442/4641/891 7444/4643/892 7443/4644/892 7441/4642/891
f 7444/4643/892 7446/4645/893 7445/4646/893 7443/4644/892
f 7446/4645/893 7448/4647/894 7447/4648/894 7445/4646/893
f 7448/4647/894 7450/4649/895 7449/4650/895 7447/4648/894
f 7450/4649/895 7452/4651/896 7451/4652/896 7449/4650/895
f 7452/4651/896 7454/4653/897 7453/4654/897 7451/4652/896
f 7454/4653/897 7456/4655/898 7455/4656/898 7453/4654/897
f 7456/4655/898 7458/4657/899 7457/4658/899 7455/4656/898
f 7458/4657/899 7460/4659/900 7459/4660/900 7457/4658/899
f 7460/4659/900 7462/4661/901 7461/4662/901 7459/4660/900
f 7462/4661/901 7464/4663/902 7463/4664/902 7461/4662/901
f 7464/4663/902 7466/4665/903 7465/4666/903 7463/4664/902
f 7466/4665/903 7468/4667/904 7467/1036/904 7465/4666/903
f 7468/4667/904 7470/4668/905 7469/4669/905 7467/1036/904
f 7470/4668/905 7472/4670/906 7471/4671/906 7469/4669/905
f 7472/4670/906 7474/4672/907 7473/4673/907 7471/4671/906
f 7474/4672/907 7476/4674/908 7475/4675/908 7473/4673/907
f 7476/4674/908 7478/4676/909 7477/4677/909 7475/4675/908
f 7478/4676/909 7480/4678/910 7479/4679/910 7477/4677/909
f 7480/4678/910 7482/4680/911 7481/4681/911 7479/4679/910
f 7482/4680/911 7484/4682/912 7483/331/912 7481/4681/911
f 7484/4682/912 7486/4683/913 7485/4684/913 7483/331/912
f 7486/4683/913 7488/4685/914 7487/4686/914 7485/4684/913
f 7488/4685/914 7490/4687/915 7489/4688/915 7487/4686/914
f 7490/4687/915 7492/4689/916 7491/4690/916 7489/4688/915
f 7492/4689/916 7494/4691/917 7493/4692/917 7491/4690/916
f 7494/4691/917 7496/4693/918 7495/4694/918 7493/4692/917
f 7496/4693/918 7498/4695/919 7497/4696/919 7495/4694/918
f 7498/4695/919 7500/4697/920 7499/4698/920 7497/4696/919
f 7500/4697/920 7502/4699/921 7501/4700/921 7499/4698/920
f 7502/4699/921 7504/4701/922 7503/4702/922 7501/4700/921
f 7504/4701/922 7506/4703/923 7505/4704/923 7503/4702/922
f 7506/4703/923 7508/4705/924 7507/2672/924 7505/4704/923
f 7508/4705/924 7510/4706/925 7509/4707/925 7507/2672/924
f 7510/4706/925 7512/4708/926 7511/4709/926 7509/4707/925
f 7512/4708/926 7514/4710/927 7513/4711/927 7511/4709/926
f 7514/4710/927 7516/4712/928 7515/4713/928 7513/4711/927
f 7516/4712/928 7518/4714/929 7517/4715/929 7515/4713/928
f 7518/4714/929 7520/4716/930 7519/4717/930 7517/4715/929
f 7520/4716/930 7522/4718/931 7521/4719/931 7519/4717/930
f 7522/4718/931 7524/4720/932 7523/4721/932 7521/4719/931
f 7524/4720/932 7526/4722/933 7525/4723/933 7523/4721/932
f 7526/4722/933 7528/4724/934 7527/4725/934 7525/4723/933
f 7528/4724/934 7530/4726/879 7529/4727/879 7527/4725/934
f 7530/4726/879 7532/4728/935 7531/4729/935 7529/4727/879
f 7532/4728/935 7534/4730/936 7533/4731/936 7531/4729/935
f 7534/4730/936 7536/4732/937 7535/4733/937 7533/4731/936
f 7536/4732/937 7538/4734/938 7537/4735/938 7535/4733/937
f 7538/4734/938 7540/4736/939 7539/4737/939 7537/4735/938
f 7540/4736/939 7542/4738/940 7541/4739/940 7539/4737/939
f 7542/4738/940 7544/4740/941 7543/4741/941 7541/4739/940
f 7544/4740/941 7546/4742/942 7545/4743/942 7543/4741/941
f 7546/4742/942 7548/3149/943 7547/1202/943 7545/4743/942
f 7548/3149/943 7550/4744/944 7549/4745/944 7547/1202/943
f 7550/4744/944 7552/4746/945 7551/4747/945 7549/4745/944
f 7552/4746/945 7554/4748/946 7553/4749/946 7551/4747/945
f 7554/4748/946 7556/4750/947 7555/4751/947 7553/4749/946
f 7556/4750/947 7558/4752/948 7557/4753/948 7555/4751/947
f 7558/4752/948 7560/4754/949 7559/4755/949 7557/4753/948
f 7560/4754/949 7562/4756/950 7561/4757/950 7559/4755/949
f 7562/4756/950 7564/4758/951 7563/4759/951 7561/4757/950
f 7564/4758/951 7566/4760/952 7565/4761/952 7563/4759/951
f 7566/4760/952 7568/4762/953 7567/4763/953 7565/4761/952
f 7568/4762/953 7570/4764/954 7569/4765/954 7567/4763/953
f 7570/4764/954 7572/4766/955 7571/4767/955 7569/4765/954
f 7572/4766/955 7574/4768/956 7573/4769/956 7571/4767/955
f 7574/4768/956 7576/4770/957 7575/4771/957 7573/4769/956
f 7576/4770/957 7578/4772/958 7577/4773/958 7575/4771/957
f 7578/4772/958 7580/4774/959 7579/616/959 7577/4773/958
f 7580/4774/959 7582/4775/960 7581/4776/960 7579/616/959
f 7582/4775/960 7584/4777/961 7583/4778/961 7581/4776/960
f 7584/4777/961 7586/4779/759 7585/4780/759 7583/4778/961
f 7586/4779/759 7588/4781/962 7587/4782/962 7585/4780/759
f 7588/4781/962 7590/4783/963 7589/4784/963 7587/4782/962
f 7590/4783/963 7592/4785/964 7591/4786/964 7589/4784/963
f 7592/4785/964 7594/4787/965 7593/4788/965 7591/4786/964
f 7594/4787/965 7596/4789/966 7595/4790/966 7593/4788/965
f 7596/4789/966 7598/4791/60 7597/4792/60 7595/4790/966
f 7598/4791/60 7600/4793/65 7599/4794/65 7597/4792/60
f 7600/4793/65 7602/4795/967 7601/4796/967 7599/4794/65
f 7602/4795/967 7604/4797/968 7603/4798/968 7601/4796/967
f 7604/4797/968 7606/4799/969 7605/4800/969 7603/4798/968
f 7606/4799/969 7608/4801/970 7607/4802/970 7605/4800/969
f 7608/4801/970 7610/4803/971 7609/4804/971 7607/4802/970
f 7610/4803/971 7612/4805/972 7611/4806/972 7609/4804/971
f 7612/4805/972 7614/4807/973 7613/4808/973 7611/4806/972
f 7614/4807/973 7616/4809/974 7615/4810/974 7613/4808/973
f 7616/4809/974 7618/4811/975 7617/4812/975 7615/4810/974
f 7618/4811/975 7620/4813/976 7619/4814/976 7617/4812/975
f 7620/4813/976 7622/4815/977 7621/4816/977 7619/4814/976
f 7622/4815/977 7624/4817/978 7623/4818/978 7621/4816/977
f 7624/4817/978 7626/4819/979 7625/4820/979 7623/4818/978
f 7626/4819/979 7628/4504/980 7627/1127/980 7625/4820/979
f 7628/4504/980 7630/4821/981 7629/4822/981 7627/1127/980
f 7630/4821/981 7632/4823/982 7631/4824/982 7629/4822/981
f 7632/4823/982 7634/4825/983 7633/4826/983 7631/4824/982
f 7634/4825/983 7636/4827/984 7635/4828/984 7633/4826/983
f 7636/4827/984 7638/4829/985 7637/4830/985 7635/4828/984
f 7638/4829/985 7640/4831/986 7639/4832/986 7637/4830/985
f 7640/4831/986 7642/4833/987 7641/4834/987 7639/4832/986
f 7642/4833/987 7644/4835/988 7643/4836/988 7641/4834/987
f 7644/4835/988 7646/4837/989 7645/4838/989 7643/4836/988
f 7646/4837/989 7648/4839/990 7647/4840/990 7645/4838/989
f 7648/4839/990 7650/4841/991 7649/4842/991 7647/4840/990
f 7650/4841/991 7652/4843/992 7651/4844/992 7649/4842/991
f 7652/4843/992 7654/4845/993 7653/4846/993 7651/4844/992
f 7654/4845/993 7656/4847/994 7655/4848/994 7653/4846/993
f 7656/4847/994 7658/4849/995 7657/4850/995 7655/4848/994
f 7658/4849/995 7660/4851/996 7659/4852/996 7657/4850/995
f 7660/4851/996 7662/4853/997 7661/4854/997 7659/4852/996
f 7662/4853/997 7664/4855/998 7663/4856/998 7661/4854/997
f 7664/4855/998 7666/4857/999 7665/4858/999 7663/4856/998
f 7666/4857/999 7668/4859/1000 7667/4860/1000 7665/4858/999
f 7668/4859/1000 7670/4861/1001 7669/4862/1001 7667/4860/1000
f 7670/4861/1001 7672/4863/1002 7671/4864/1002 7669/4862/1001
f 7672/4863/1002 7674/4865/1003 7673/4866/1003 7671/4864/1002
f 7674/4865/1003 7676/4867/1004 7675/680/1004 7673/4866/1003
f 7676/4867/1004 7678/4868/1005 7677/4869/1005 7675/680/1004
f 7678/4868/1005 7680/4870/1006 7679/4871/1006 7677/4869/1005
f 7680/4870/1006 7682/4872/1007 7681/4873/1007 7679/4871/1006
f 7682/4872/1007 7684/4874/1008 7683/4875/1008 7681/4873/1007
f 7684/4874/1008 7686/4876/1009 7685/4877/1009 7683/4875/1008
f 7686/4876/1009 7688/4878/1010 7687/4879/1010 7685/4877/1009
f 7688/4878/1010 7690/4880/1011 7689/4881/1011 7687/4879/1010
f 7690/4880/1011 7692/4882/1012 7691/4883/1012 7689/4881/1011
f 7692/4882/1012 7694/4884/1013 7693/4885/1013 7691/4883/1012
f 7694/4884/1013 7696/4886/1014 7695/4887/1014 7693/4885/1013
f 7696/4886/1014 7698/4888/1015 7697/4889/1015 7695/4887/1014
f 7698/4888/1015 7700/4890/1016 7699/4891/1016 7697/4889/1015
f 7700/4890/1016 7702/4892/1017 7701/4893/1017 7699/4891/1016
f 7702/4892/1017 7704/4894/1018 7703/4895/1018 7701/4893/1017
f 7704/4894/1018 7706/4896/1019 7705/4897/1019 7703/4895/1018
f 7706/4896/1019 7708/3534/1020 7707/728/1020 7705/4897/1019
f 7708/3534/1020 7710/4898/1021 7709/4899/1021 7707/728/1020
f 7710/4898/1021 7712/4900/1022 7711/4901/1022 7709/4899/1021
f 7712/4900/1022 7714/4902/1023 7713/4903/1023 7711/4901/1022
f 7714/4902/1023 7716/4904/1024 7715/4905/1024 7713/4903/1023
f 7716/4904/1024 7718/4906/1025 7717/4907/1025 7715/4905/1024
f 7718/4906/1025 7720/4908/1026 7719/4909/1026 7717/4907/1025
f 7720/4908/1026 7722/4910/1027 7721/4911/1027 7719/4909/1026
f 7722/4910/1027 7724/4912/1028 7723/4913/1028 7721/4911/1027
f 7724/4912/1028 7726/4914/1029 7725/4915/1029 7723/4913/1028
f 7726/4914/1029 7728/4916/1030 7727/4917/1030 7725/4915/1029
f 7728/4916/1030 7730/4918/1031 7729/4919/1031 7727/4917/1030
f 7730/4918/1031 7732/4920/1032 7731/4921/1032 7729/4919/1031
f 7732/4920/1032 7734/4922/1033 7733/4923/1033 7731/4921/1032
f 7734/4922/1033 7736/4924/1034 7735/4925/1034 7733/4923/1033
f 7736/4924/1034 7738/4926/1035 7737/4927/1035 7735/4925/1034
f 7738/4926/1035 7740/4928/1036 7739/4929/1036 7737/4927/1035
f 7740/4928/1036 7742/4930/1037 7741/4931/1037 7739/4929/1036
f 7742/4930/1037 7744/4932/1038 7743/4933/1038 7741/4931/1037
f 7744/4932/1038 7746/4934/1039 7745/4935/1039 7743/4933/1038
f 7746/4934/1039 7748/4936/1040 7747/2389/1040 7745/4935/1039
f 7748/4936/1040 7750/4937/1041 7749/4938/1041 7747/2389/1040
f 7750/4937/1041 7752/4939/1042 7751/4940/1042 7749/4938/1041
f 7752/4939/1042 7754/4941/1043 7753/4942/1043 7751/4940/1042
f 7754/4941/1043 7756/4943/1044 7755/4944/1044 7753/4942/1043
f 7756/4943/1044 7758/4945/1045 7757/4946/1045 7755/4944/1044
f 7758/4945/1045 7760/4947/1046 7759/4948/1046 7757/4946/1045
f 7760/4947/1046 7762/4949/1047 7761/4950/1047 7759/4948/1046
f 7762/4949/1047 7764/4951/1048 7763/4952/1048 7761/4950/1047
f 7764/4951/1048 7766/4953/1049 7765/4954/1049 7763/4952/1048
f 7766/4953/1049 7768/4955/1050 7767/4956/1050 7765/4954/1049
f 7768/4955/1050 7770/4957/1051 7769/4958/1051 7767/4956/1050
f 7770/4957/1051 7772/4959/1052 7771/231/1052 7769/4958/1051
f 7772/4959/1052 7774/4960/1053 7773/4961/1053 7771/231/1052
f 7774/4960/1053 7776/4962/1054 7775/4963/1054 7773/4961/1053
f 7776/4962/1054 7778/4964/1055 7777/4965/1055 7775/4963/1054
f 7778/4964/1055 7780/4966/1056 7779/4967/1056 7777/4965/1055
f 7780/4966/1056 7782/4968/1057 7781/4969/1057 7779/4967/1056
f 7782/4968/1057 7784/4970/1058 7783/4971/1058 7781/4969/1057
f 7784/4970/1058 7786/4972/1059 7785/4973/1059 7783/4971/1058
f 7786/4972/1059 7788/4974/1060 7787/866/1060 7785/4973/1059
f 7788/4974/1060 7790/4975/1061 7789/4976/1061 7787/866/1060
f 7790/4975/1061 7792/4977/1062 7791/4978/1062 7789/4976/1061
f 7792/4977/1062 7794/4979/1063 7793/4980/1063 7791/4978/1062
f 7794/4979/1063 7796/4981/1064 7795/4982/1064 7793/4980/1063
f 7796/4981/1064 7798/4983/1065 7797/4984/1065 7795/4982/1064
f 7798/4983/1065 7800/4985/1066 7799/4986/1066 7797/4984/1065
f 7800/4985/1066 7802/4987/1067 7801/4988/1067 7799/4986/1066
f 7802/4987/1067 7804/4989/1068 7803/4990/1068 7801/4988/1067
f 7804/4989/1068 7806/4991/1069 7805/4992/1069 7803/4990/1068
f 7806/4991/1069 7808/4993/1070 7807/4994/1070 7805/4992/1069
f 7808/4993/1070 7810/4995/1071 7809/4996/1071 7807/4994/1070
f 7810/4995/1071 7812/4997/1072 7811/4998/1072 7809/4996/1071
f 7812/4997/1072 7814/4999/1073 7813/5000/1073 7811/4998/1072
f 7814/4999/1073 7816/5001/1074 7815/5002/1074 7813/5000/1073
f 7816/5001/1074 7818/5003/1075 7817/5004/1075 7815/5002/1074
f 7818/5003/1075 7820/5005/1076 7819/5006/1076 7817/5004/1075
f 7820/5005/1076 7822/5007/1077 7821/5008/1077 7819/5006/1076
f 7822/5007/1077 7824/5009/1078 7823/5010/1078 7821/5008/1077
f 7824/5009/1078 7826/5011/1079 7825/5012/1079 7823/5010/1078
f 7826/5011/1079 7828/5013/1080 7827/5014/1080 7825/5012/1079
f 7828/5013/1080 7830/5015/1081 7829/5016/1081 7827/5014/1080
f 7830/5015/1081 7832/5017/1082 7831/5018/1082 7829/5016/1081
f 7832/5017/1082 7834/5019/1083 7833/5020/1083 7831/5018/1082
f 7834/5019/1083 7836/5021/1084 7835/5022/1084 7833/5020/1083
f 7836/5021/1084 7838/5023/1085 7837/5024/1085 7835/5022/1084
f 7838/5023/1085 7840/5025/1086 7839/5026/1086 7837/5024/1085
f 7840/5025/1086 7842/5027/1087 7841/5028/1087 7839/5026/1086
f 7842/5027/1087 7844/5029/1088 7843/5030/1088 7841/5028/1087
f 7844/5029/1088 7846/5031/1089 7845/5032/1089 7843/5030/1088
f 7846/5031/1089 7848/5033/1090 7847/5034/1090 7845/5032/1089
f 7848/5033/1090 7850/5035/1091 7849/5036/1091 7847/5034/1090
f 7850/5035/1091 7852/5037/1092 7851/5038/1092 7849/5036/1091
f 7852/5037/1092 7854/5039/1093 7853/5040/1093 7851/5038/1092
f 7854/5039/1093 7856/5041/1094 7855/5042/1094 7853/5040/1093
f 7856/5041/1094 7858/5043/1095 7857/5044/1095 7855/5042/1094
f 7858/5043/1095 7860/5045/1096 7859/5046/1096 7857/5044/1095
f 7860/5045/1096 7862/5047/1097 7861/5048/1097 7859/5046/1096
f 7862/5047/1097 7864/5049/1098 7863/5050/1098 7861/5048/1097
f 7864/5049/1098 7866/5051/1099 7865/5052/1099 7863/5050/1098
f 7866/5051/1099 7388/3919/864 7387/46/864 7865/5052/1099
f 7868/2764/1100 7870/5053/1101 7869/5054/1101 7867/227/1100
f 7870/5053/1101 7872/5055/1102 7871/5056/1102 7869/5054/1101
f 7872/5055/1102 7874/5057/1103 7873/5058/1103 7871/5056/1102
f 7874/5057/1103 7876/5059/1104 7875/5060/1104 7873/5058/1103
f 7876/5059/1104 7878/5061/1105 7877/5062/1105 7875/5060/1104
f 7878/5061/1105 7880/5063/1106 7879/5064/1106 7877/5062/1105
f 7880/5063/1106 7882/5065/1107 7881/5066/1107 7879/5064/1106
f 7882/5065/1107 7884/5067/1108 7883/438/1108 7881/5066/1107
f 7884/5067/1108 7886/5068/1109 7885/5069/1109 7883/438/1108
f 7886/5068/1109 7888/5070/1110 7887/5071/1110 7885/5069/1109
f 7888/5070/1110 7890/4647/1111 7889/4648/1111 7887/5071/1110
f 7890/4647/1111 7892/5072/1112 7891/5073/1112 7889/4648/1111
f 7892/5072/1112 7894/5074/1113 7893/5075/1113 7891/5073/1112
f 7894/5074/1113 7896/5076/1114 7895/5077/1114 7893/5075/1113
f 7896/5076/1114 7898/5078/1115 7897/5079/1115 7895/5077/1114
f 7898/5078/1115 7900/5080/1116 7899/323/1116 7897/5079/1115
f 7900/5080/1116 7902/5081/1117 7901/5082/1117 7899/323/1116
f 7902/5081/1117 7904/5083/1118 7903/5084/1118 7901/5082/1117
f 7904/5083/1118 7906/5085/1119 7905/5086/1119 7903/5084/1118
f 7906/5085/1119 7908/5087/1120 7907/5088/1120 7905/5086/1119
f 7908/5087/1120 7910/5089/1121 7909/5090/1121 7907/5088/1120
f 7910/5089/1121 7912/4705/1122 7911/2672/1122 7909/5090/1121
f 7912/4705/1122 7914/5091/1123 7913/5092/1123 7911/2672/1122
f 7914/5091/1123 7916/5093/1124 7915/440/1124 7913/5092/1123
f 7916/5093/1124 7918/5094/1125 7917/5095/1125 7915/440/1124
f 7918/5094/1125 7920/5096/1126 7919/5097/1126 7917/5095/1125
f 7920/5096/1126 7922/5098/1127 7921/5099/1127 7919/5097/1126
f 7922/5098/1127 7924/5100/1046 7923/5101/1046 7921/5099/1127
f 7924/5100/1046 7926/5102/1128 7925/5103/1128 7923/5101/1046
f 7926/5102/1128 7928/5104/1129 7927/5105/1129 7925/5103/1128
f 7928/5104/1129 7930/5106/1130 7929/5107/1130 7927/5105/1129
f 7930/5106/1130 7932/5108/1131 7931/498/1131 7929/5107/1130
f 7932/5108/1131 7934/4762/1132 7933/4763/1132 7931/498/1131
f 7934/4762/1132 7936/5109/1133 7935/5110/1133 7933/4763/1132
f 7936/5109/1133 7938/5111/1134 7937/5112/1134 7935/5110/1133
f 7938/5111/1134 7940/5113/1135 7939/5114/1135 7937/5112/1134
f 7940/5113/1135 7942/5115/1136 7941/5116/1136 7939/5114/1135
f 7942/5115/1136 7944/5117/1137 7943/5118/1137 7941/5116/1136
f 7944/5117/1137 7946/5119/1138 7945/5120/1138 7943/5118/1137
f 7946/5119/1138 7948/5121/1139 7947/572/1139 7945/5120/1138
f 7948/5121/1139 7950/5122/1140 7949/5123/1140 7947/572/1139
f 7950/5122/1140 7952/5124/1141 7951/5125/1141 7949/5123/1140
f 7952/5124/1141 7954/5126/1142 7953/5127/1142 7951/5125/1141
f 7954/5126/1142 7956/4504/1143 7955/1127/1143 7953/5127/1142
f 7956/4504/1143 7958/5128/1144 7957/5129/1144 7955/1127/1143
f 7958/5128/1144 7960/5130/1145 7959/5131/1145 7957/5129/1144
f 7960/5130/1145 7962/5132/1146 7961/5133/1146 7959/5131/1145
f 7962/5132/1146 7964/5134/1147 7963/290/1147 7961/5133/1146
f 7964/5134/1147 7966/5135/1148 7965/5136/1148 7963/290/1147
f 7966/5135/1148 7968/5137/1149 7967/5138/1149 7965/5136/1148
f 7968/5137/1149 7970/5139/1150 7969/5140/1150 7967/5138/1149
f 7970/5139/1150 7972/5141/1151 7971/5142/1151 7969/5140/1150
f 7972/5141/1151 7974/5143/1152 7973/5144/1152 7971/5142/1151
f 7974/5143/1152 7976/5145/1153 7975/5146/1153 7973/5144/1152
f 7976/5145/1153 7978/4878/1154 7977/4879/1154 7975/5146/1153
f 7978/4878/1154 7980/5147/1155 7979/677/1155 7977/4879/1154
f 7980/5147/1155 7982/5148/1156 7981/5149/1156 7979/677/1155
f 7982/5148/1156 7984/5150/1157 7983/5151/1157 7981/5149/1156
f 7984/5150/1157 7986/5152/1158 7985/5153/1158 7983/5151/1157
f 7986/5152/1158 7988/5154/1046 7987/5155/1046 7985/5153/1158
f 7988/5154/1046 7990/5156/1128 7989/5157/1128 7987/5155/1046
f 7990/5156/1128 7992/5158/1129 7991/5159/1129 7989/5157/1128
f 7992/5158/1129 7994/5160/1130 7993/5161/1130 7991/5159/1129
f 7994/5160/1130 7996/5162/1159 7995/157/1159 7993/5161/1130
f 7996/5162/1159 7998/5163/1160 7997/5164/1160 7995/157/1159
f 7998/5163/1160 8000/4936/1161 7999/2389/1161 7997/5164/1160
f 8000/4936/1161 8002/5165/1162 8001/5166/1162 7999/2389/1161
f 8002/5165/1162 8004/5167/1163 8003/5168/1163 8001/5166/1162
f 8004/5167/1163 8006/5169/1164 8005/5170/1164 8003/5168/1163
f 8006/5169/1164 8008/5171/1165 8007/5172/1165 8005/5170/1164
f 8008/5171/1165 8010/5173/1166 8009/5174/1166 8007/5172/1165
f 8010/5173/1166 8012/5175/1167 8011/165/1167 8009/5174/1166
f 8012/5175/1167 8014/5176/1168 8013/5177/1168 8011/165/1167
f 8014/5176/1168 8016/5178/1169 8015/5179/1169 8013/5177/1168
f 8016/5178/1169 8018/5180/1170 8017/5181/1170 8015/5179/1169
f 8018/5180/1170 8020/5182/1171 8019/5183/1171 8017/5181/1170
f 8020/5182/1171 8022/4993/1172 8021/4994/1172 8019/5183/1171
f 8022/4993/1172 8024/5184/1173 8023/5185/1173 8021/4994/1172
f 8024/5184/1173 8026/5186/1174 8025/5187/1174 8023/5185/1173
f 8026/5186/1174 8028/5188/1175 8027/7/1175 8025/5187/1174
f 8028/5188/1175 8030/5189/1176 8029/5190/1176 8027/7/1175
f 8030/5189/1176 8032/5191/1177 8031/5192/1177 8029/5190/1176
f 8032/5191/1177 8034/5193/1178 8033/5194/1178 8031/5192/1177
f 8034/5193/1178 8036/5195/1179 8035/5196/1179 8033/5194/1178
f 8036/5195/1179 8038/5197/1180 8037/5198/1180 8035/5196/1179
f 8038/5197/1180 8040/5199/1181 8039/5200/1181 8037/5198/1180
f 8040/5199/1181 8042/5201/1182 8041/5202/1182 8039/5200/1181
f 8042/5201/1182 7868/3919/1100 7867/46/1100 8041/5202/1182
f 8044/2764/1183 8046/5203/1184 8045/5204/1184 8043/227/1183
f 8046/5203/1184 8048/5205/1185 8047/5206/1185 8045/5204/1184
f 8048/5205/1185 8050/5207/1186 8049/5208/1186 8047/5206/1185
f 8050/5207/1186 8052/5209/209 8051/5210/209 8049/5208/1186
f 8052/5209/209 8054/5211/1187 8053/5212/1187 8051/5210/209
f 8054/5211/1187 8056/5213/1188 8055/5214/1188 8053/5212/1187
f 8056/5213/1188 8058/4599/1189 8057/4600/1189 8055/5214/1188
f 8058/4599/1189 8060/5215/1190 8059/5216/1190 8057/4600/1189
f 8060/5215/1190 8062/5217/1191 8061/5218/1191 8059/5216/1190
f 8062/5217/1191 8064/5219/1192 8063/5220/1192 8061/5218/1191
f 8064/5219/1192 8066/5221/1193 8065/5222/1193 8063/5220/1192
f 8066/5221/1193 8068/5223/1194 8067/5224/1194 8065/5222/1193
f 8068/5223/1194 8070/5225/1195 8069/5226/1195 8067/5224/1194
f 8070/5225/1195 8072/4611/1196 8071/4612/1196 8069/5226/1195
f 8072/4611/1196 8074/5227/1197 8073/5228/1197 8071/4612/1196
f 8074/5227/1197 8076/5229/1198 8075/5230/1198 8073/5228/1197
f 8076/5229/1198 8078/5231/1199 8077/5232/1199 8075/5230/1198
f 8078/5231/1199 8080/5233/1200 8079/5234/1200 8077/5232/1199
f 8080/5233/1200 8082/5235/1201 8081/5236/1201 8079/5234/1200
f 8082/5235/1201 8084/5237/1202 8083/5238/1202 8081/5236/1201
f 8084/5237/1202 8086/4623/1203 8085/4624/1203 8083/5238/1202
f 8086/4623/1203 8088/5239/1204 8087/5240/1204 8085/4624/1203
f 8088/5239/1204 8090/5241/1205 8089/5242/1205 8087/5240/1204
f 8090/5241/1205 8092/5243/1206 8091/5244/1206 8089/5242/1205
f 8092/5243/1206 8094/5245/1207 8093/5246/1207 8091/5244/1206
f 8094/5245/1207 8096/5247/1208 8095/5248/1208 8093/5246/1207
f 8096/5247/1208 8098/5249/1209 8097/5250/1209 8095/5248/1208
f 8098/5249/1209 8100/4635/1210 8099/4636/1210 8097/5250/1209
f 8100/4635/1210 8102/5251/1211 8101/5252/1211 8099/4636/1210
f 8102/5251/1211 8104/5253/1212 8103/5254/1212 8101/5252/1211
f 8104/5253/1212 8106/5255/1213 8105/5256/1213 8103/5254/1212
f 8106/5255/1213 8108/5257/1214 8107/5258/1214 8105/5256/1213
f 8108/5257/1214 8110/5259/1215 8109/5260/1215 8107/5258/1214
f 8110/5259/1215 8112/5261/1216 8111/5262/1216 8109/5260/1215
f 8112/5261/1216 8114/4647/1217 8113/4648/1217 8111/5262/1216
f 8114/4647/1217 8116/5263/1218 8115/5264/1218 8113/4648/1217
f 8116/5263/1218 8118/5265/1219 8117/5266/1219 8115/5264/1218
f 8118/5265/1219 8120/5267/1220 8119/5268/1220 8117/5266/1219
f 8120/5267/1220 8122/5269/1221 8121/5270/1221 8119/5268/1220
f 8122/5269/1221 8124/5271/1222 8123/5272/1222 8121/5270/1221
f 8124/5271/1222 8126/5273/1223 8125/5274/1223 8123/5272/1222
f 8126/5273/1223 8128/4659/1224 8127/4660/1224 8125/5274/1223
f 8128/4659/1224 8130/5275/1225 8129/5276/1225 8127/4660/1224
f 8130/5275/1225 8132/5277/1226 8131/5278/1226 8129/5276/1225
f 8132/5277/1226 8134/5279/1227 8133/5280/1227 8131/5278/1226
f 8134/5279/1227 8136/5281/1228 8135/5282/1228 8133/5280/1227
f 8136/5281/1228 8138/5283/1229 8137/5284/1229 8135/5282/1228
f 8138/5283/1229 8140/5285/1230 8139/5286/1230 8137/5284/1229
f 8140/5285/1230 8142/4670/1231 8141/4671/1231 8139/5286/1230
f 8142/4670/1231 8144/5287/1232 8143/5288/1232 8141/4671/1231
f 8144/5287/1232 8146/5289/1233 8145/5290/1233 8143/5288/1232
f 8146/5289/1233 8148/5291/1234 8147/5292/1234 8145/5290/1233
f 8148/5291/1234 8150/5293/1235 8149/5294/1235 8147/5292/1234
f 8150/5293/1235 8152/5295/1236 8151/5296/1236 8149/5294/1235
f 8152/5295/1236 8154/5297/1237 8153/5298/1237 8151/5296/1236
f 8154/5297/1237 8156/4682/1238 8155/331/1238 8153/5298/1237
f 8156/4682/1238 8158/5299/1239 8157/5300/1239 8155/331/1238
f 8158/5299/1239 8160/5301/1240 8159/5302/1240 8157/5300/1239
f 8160/5301/1240 8162/5303/1241 8161/5304/1241 8159/5302/1240
f 8162/5303/1241 8164/5305/1242 8163/5306/1242 8161/5304/1241
f 8164/5305/1242 8166/5307/1243 8165/5308/1243 8163/5306/1242
f 8166/5307/1243 8168/5309/1244 8167/5310/1244 8165/5308/1243
f 8168/5309/1244 8170/4693/1245 8169/4694/1245 8167/5310/1244
f 8170/4693/1245 8172/5311/1246 8171/5312/1246 8169/4694/1245
f 8172/5311/1246 8174/5313/1247 8173/5314/1247 8171/5312/1246
f 8174/5313/1247 8176/5315/1248 8175/5316/1248 8173/5314/1247
f 8176/5315/1248 8178/5317/1249 8177/5318/1249 8175/5316/1248
f 8178/5317/1249 8180/5319/1250 8179/5320/1250 8177/5318/1249
f 8180/5319/1250 8182/5321/1251 8181/5322/1251 8179/5320/1250
f 8182/5321/1251 8184/4705/1252 8183/2672/1252 8181/5322/1251
f 8184/4705/1252 8186/5323/1253 8185/5324/1253 8183/2672/1252
f 8186/5323/1253 8188/5325/1254 8187/5326/1254 8185/5324/1253
f 8188/5325/1254 8190/5327/1255 8189/5328/1255 8187/5326/1254
f 8190/5327/1255 8192/5329/213 8191/5330/213 8189/5328/1255
f 8192/5329/213 8194/5331/1256 8193/5332/1256 8191/5330/213
f 8194/5331/1256 8196/5333/1257 8195/5334/1257 8193/5332/1256
f 8196/5333/1257 8198/4716/1258 8197/4717/1258 8195/5334/1257
f 8198/4716/1258 8200/5335/1259 8199/5336/1259 8197/4717/1258
f 8200/5335/1259 8202/5337/1260 8201/5338/1260 8199/5336/1259
f 8202/5337/1260 8204/5339/1261 8203/5340/1261 8201/5338/1260
f 8204/5339/1261 8206/5341/1262 8205/5342/1262 8203/5340/1261
f 8206/5341/1262 8208/5343/1263 8207/5344/1263 8205/5342/1262
f 8208/5343/1263 8210/5345/1264 8209/5346/1264 8207/5344/1263
f 8210/5345/1264 8212/4728/1265 8211/4729/1265 8209/5346/1264
f 8212/4728/1265 8214/5347/1266 8213/5348/1266 8211/4729/1265
f 8214/5347/1266 8216/5349/1267 8215/5350/1267 8213/5348/1266
f 8216/5349/1267 8218/5351/1268 8217/5352/1268 8215/5350/1267
f 8218/5351/1268 8220/5353/1269 8219/5354/1269 8217/5352/1268
f 8220/5353/1269 8222/5355/1270 8221/5356/1270 8219/5354/1269
f 8222/5355/1270 8224/5357/1271 8223/5358/1271 8221/5356/1270
f 8224/5357/1271 8226/4740/1272 8225/4741/1272 8223/5358/1271
f 8226/4740/1272 8228/5359/1273 8227/5360/1273 8225/4741/1272
f 8228/5359/1273 8230/5361/1274 8229/5362/1274 8227/5360/1273
f 8230/5361/1274 8232/5363/1275 8231/5364/1275 8229/5362/1274
f 8232/5363/1275 8234/5365/1276 8233/5366/1276 8231/5364/1275
f 8234/5365/1276 8236/5367/1277 8235/5368/1277 8233/5366/1276
f 8236/5367/1277 8238/5369/1278 8237/5370/1278 8235/5368/1277
f 8238/5369/1278 8240/4750/1279 8239/4751/1279 8237/5370/1278
f 8240/4750/1279 8242/5371/1280 8241/5372/1280 8239/4751/1279
f 8242/5371/1280 8244/5373/1281 8243/5374/1281 8241/5372/1280
f 8244/5373/1281 8246/5375/1282 8245/5376/1282 8243/5374/1281
f 8246/5375/1282 8248/5377/1283 8247/5378/1283 8245/5376/1282
f 8248/5377/1283 8250/5379/1284 8249/5380/1284 8247/5378/1283
f 8250/5379/1284 8252/5381/1285 8251/5382/1285 8249/5380/1284
f 8252/5381/1285 8254/4762/1286 8253/4763/1286 8251/5382/1285
f 8254/4762/1286 8256/5383/1287 8255/5384/1287 8253/4763/1286
f 8256/5383/1287 8258/5385/65 8257/5386/65 8255/5384/1287
f 8258/5385/65 8260/5387/1288 8259/5388/1288 8257/5386/65
f 8260/5387/1288 8262/5389/1289 8261/5390/1289 8259/5388/1288
f 8262/5389/1289 8264/5391/1290 8263/5392/1290 8261/5390/1289
f 8264/5391/1290 8266/5393/1291 8265/5394/1291 8263/5392/1290
f 8266/5393/1291 8268/4774/1292 8267/616/1292 8265/5394/1291
f 8268/4774/1292 8270/5395/1293 8269/5396/1293 8267/616/1292
f 8270/5395/1293 8272/5397/1294 8271/5398/1294 8269/5396/1293
f 8272/5397/1294 8274/5399/1295 8273/5400/1295 8271/5398/1294
f 8274/5399/1295 8276/5401/1296 8275/5402/1296 8273/5400/1295
f 8276/5401/1296 8278/5403/1297 8277/5404/1297 8275/5402/1296
f 8278/5403/1297 8280/5405/1298 8279/5406/1298 8277/5404/1297
f 8280/5405/1298 8282/4785/1299 8281/4786/1299 8279/5406/1298
f 8282/4785/1299 8284/5407/1300 8283/5408/1300 8281/4786/1299
f 8284/5407/1300 8286/5409/1301 8285/5410/1301 8283/5408/1300
f 8286/5409/1301 8288/5411/1302 8287/5412/1302 8285/5410/1301
f 8288/5411/1302 8290/5413/1303 8289/5414/1303 8287/5412/1302
f 8290/5413/1303 8292/5415/165 8291/5416/165 8289/5414/1303
f 8292/5415/165 8294/5417/1304 8293/5418/1304 8291/5416/165
f 8294/5417/1304 8296/4797/1305 8295/4798/1305 8293/5418/1304
f 8296/4797/1305 8298/5419/1306 8297/5420/1306 8295/4798/1305
f 8298/5419/1306 8300/5421/1307 8299/5422/1307 8297/5420/1306
f 8300/5421/1307 8302/5423/1308 8301/5424/1308 8299/5422/1307
f 8302/5423/1308 8304/5425/1309 8303/5426/1309 8301/5424/1308
f 8304/5425/1309 8306/5427/1310 8305/5428/1310 8303/5426/1309
f 8306/5427/1310 8308/5429/1311 8307/5430/1311 8305/5428/1310
f 8308/5429/1311 8310/4809/1312 8309/4810/1312 8307/5430/1311
f 8310/4809/1312 8312/5431/1313 8311/5432/1313 8309/4810/1312
f 8312/5431/1313 8314/5433/1314 8313/5434/1314 8311/5432/1313
f 8314/5433/1314 8316/5435/1315 8315/5436/1315 8313/5434/1314
f 8316/5435/1315 8318/5437/1316 8317/5438/1316 8315/5436/1315
f 8318/5437/1316 8320/5439/1317 8319/5440/1317 8317/5438/1316
f 8320/5439/1317 8322/5441/1318 8321/5442/1318 8319/5440/1317
f 8322/5441/1318 8324/4504/1319 8323/1127/1319 8321/5442/1318
f 8324/4504/1319 8326/5443/1320 8325/5444/1320 8323/1127/1319
f 8326/5443/1320 8328/5445/1321 8327/5446/1321 8325/5444/1320
f 8328/5445/1321 8330/5447/1322 8329/5448/1322 8327/5446/1321
f 8330/5447/1322 8332/5449/1323 8331/5450/1323 8329/5448/1322
f 8332/5449/1323 8334/5451/1324 8333/5452/1324 8331/5450/1323
f 8334/5451/1324 8336/5453/1325 8335/5454/1325 8333/5452/1324
f 8336/5453/1325 8338/4831/1289 8337/4832/1289 8335/5454/1325
f 8338/4831/1289 8340/5455/1288 8339/5456/1288 8337/4832/1289
f 8340/5455/1288 8342/5457/1326 8341/5458/1326 8339/5456/1288
f 8342/5457/1326 8344/5459/1287 8343/5460/1287 8341/5458/1326
f 8344/5459/1287 8346/5461/1286 8345/5462/1286 8343/5460/1287
f 8346/5461/1286 8348/5463/1285 8347/5464/1285 8345/5462/1286
f 8348/5463/1285 8350/5465/1284 8349/5466/1284 8347/5464/1285
f 8350/5465/1284 8352/4843/1283 8351/4844/1283 8349/5466/1284
f 8352/4843/1283 8354/5467/1327 8353/5468/1327 8351/4844/1283
f 8354/5467/1327 8356/5469/1281 8355/5470/1281 8353/5468/1327
f 8356/5469/1281 8358/5471/1280 8357/5472/1280 8355/5470/1281
f 8358/5471/1280 8360/5473/1328 8359/5474/1328 8357/5472/1280
f 8360/5473/1328 8362/5475/1329 8361/5476/1329 8359/5474/1328
f 8362/5475/1329 8364/5477/1330 8363/5478/1330 8361/5476/1329
f 8364/5477/1330 8366/4855/234 8365/4856/234 8363/5478/1330
f 8366/4855/234 8368/5479/1331 8367/5480/1331 8365/4856/234
f 8368/5479/1331 8370/5481/1332 8369/5482/1332 8367/5480/1331
f 8370/5481/1332 8372/5483/1333 8371/5484/1333 8369/5482/1332
f 8372/5483/1333 8374/5485/415 8373/5486/415 8371/5484/1333
f 8374/5485/415 8376/5487/1334 8375/5488/1334 8373/5486/415
f 8376/5487/1334 8378/5489/1335 8377/5490/1335 8375/5488/1334
f 8378/5489/1335 8380/4867/1336 8379/680/1336 8377/5490/1335
f 8380/4867/1336 8382/5491/1337 8381/5492/1337 8379/680/1336
f 8382/5491/1337 8384/5493/1338 8383/5494/1338 8381/5492/1337
f 8384/5493/1338 8386/5495/1339 8385/5496/1339 8383/5494/1338
f 8386/5495/1339 8388/5497/1340 8387/5498/1340 8385/5496/1339
f 8388/5497/1340 8390/5499/1341 8389/5500/1341 8387/5498/1340
f 8390/5499/1341 8392/5501/1342 8391/5502/1342 8389/5500/1341
f 8392/5501/1342 8394/4878/1343 8393/4879/1343 8391/5502/1342
f 8394/4878/1343 8396/5503/1344 8395/5504/1344 8393/4879/1343
f 8396/5503/1344 8398/5505/1345 8397/5506/1345 8395/5504/1344
f 8398/5505/1345 8400/5507/1346 8399/5508/1346 8397/5506/1345
f 8400/5507/1346 8402/5509/1347 8401/5510/1347 8399/5508/1346
f 8402/5509/1347 8404/5511/1348 8403/5512/1348 8401/5510/1347
f 8404/5511/1348 8406/5513/1349 8405/5514/1349 8403/5512/1348
f 8406/5513/1349 8408/4890/1350 8407/4891/1350 8405/5514/1349
f 8408/4890/1350 8410/5515/1351 8409/5516/1351 8407/4891/1350
f 8410/5515/1351 8412/5517/1352 8411/5518/1352 8409/5516/1351
f 8412/5517/1352 8414/5519/1353 8413/5520/1353 8411/5518/1352
f 8414/5519/1353 8416/5521/1354 8415/5522/1354 8413/5520/1353
f 8416/5521/1354 8418/5523/1355 8417/5524/1355 8415/5522/1354
f 8418/5523/1355 8420/5525/1356 8419/5526/1356 8417/5524/1355
f 8420/5525/1356 8422/4900/1357 8421/4901/1357 8419/5526/1356
f 8422/4900/1357 8424/5527/1358 8423/5528/1358 8421/4901/1357
f 8424/5527/1358 8426/5529/1359 8425/5530/1359 8423/5528/1358
f 8426/5529/1359 8428/5531/1360 8427/5532/1360 8425/5530/1359
f 8428/5531/1360 8430/5533/1361 8429/5534/1361 8427/5532/1360
f 8430/5533/1361 8432/5535/1362 8431/5536/1362 8429/5534/1361
f 8432/5535/1362 8434/5537/1363 8433/5538/1363 8431/5536/1362
f 8434/5537/1363 8436/4912/1364 8435/4913/1364 8433/5538/1363
f 8436/4912/1364 8438/5539/1365 8437/5540/1365 8435/4913/1364
f 8438/5539/1365 8440/5541/1366 8439/5542/1366 8437/5540/1365
f 8440/5541/1366 8442/5543/1367 8441/5544/1367 8439/5542/1366
f 8442/5543/1367 8444/5545/1368 8443/5546/1368 8441/5544/1367
f 8444/5545/1368 8446/5547/355 8445/5548/355 8443/5546/1368
f 8446/5547/355 8448/5549/1369 8447/5550/1369 8445/5548/355
f 8448/5549/1369 8450/4924/1370 8449/4925/1370 8447/5550/1369
f 8450/4924/1370 8452/5551/1371 8451/5552/1371 8449/4925/1370
f 8452/5551/1371 8454/5553/1372 8453/5554/1372 8451/5552/1371
f 8454/5553/1372 8456/5555/1373 8455/5556/1373 8453/5554/1372
f 8456/5555/1373 8458/5557/1374 8457/5558/1374 8455/5556/1373
f 8458/5557/1374 8460/5559/1375 8459/5560/1375 8457/5558/1374
f 8460/5559/1375 8462/5561/1376 8461/5562/1376 8459/5560/1375
f 8462/5561/1376 8464/4936/1377 8463/2389/1377 8461/5562/1376
f 8464/4936/1377 8466/5563/1378 8465/5564/1378 8463/2389/1377
f 8466/5563/1378 8468/5565/1379 8467/5566/1379 8465/5564/1378
f 8468/5565/1379 8470/5567/1380 8469/5568/1380 8467/5566/1379
f 8470/5567/1380 8472/5569/1381 8471/5570/1381 8469/5568/1380
f 8472/5569/1381 8474/5571/1382 8473/5572/1382 8471/5570/1381
f 8474/5571/1382 8476/5573/1383 8475/5574/1383 8473/5572/1382
f 8476/5573/1383 8478/4947/1384 8477/4948/1384 8475/5574/1383
f 8478/4947/1384 8480/5575/1385 8479/5576/1385 8477/4948/1384
f 8480/5575/1385 8482/5577/1386 8481/5578/1386 8479/5576/1385
f 8482/5577/1386 8484/5579/1387 8483/5580/1387 8481/5578/1386
f 8484/5579/1387 8486/5581/1388 8485/5582/1388 8483/5580/1387
f 8486/5581/1388 8488/5583/1389 8487/5584/1389 8485/5582/1388
f 8488/5583/1389 8490/5585/1390 8489/5586/1390 8487/5584/1389
f 8490/5585/1390 8492/4959/1391 8491/231/1391 8489/5586/1390
f 8492/4959/1391 8494/5587/1392 8493/5588/1392 8491/231/1391
f 8494/5587/1392 8496/5589/1393 8495/5590/1393 8493/5588/1392
f 8496/5589/1393 8498/5591/1394 8497/5592/1394 8495/5590/1393
f 8498/5591/1394 8500/5593/724 8499/5594/724 8497/5592/1394
f 8500/5593/724 8502/5595/1395 8501/5596/1395 8499/5594/724
f 8502/5595/1395 8504/5597/1396 8503/5598/1396 8501/5596/1395
f 8504/5597/1396 8506/4970/1397 8505/4971/1397 8503/5598/1396
f 8506/4970/1397 8508/5599/1398 8507/5600/1398 8505/4971/1397
f 8508/5599/1398 8510/5601/1399 8509/5602/1399 8507/5600/1398
f 8510/5601/1399 8512/5603/1400 8511/5604/1400 8509/5602/1399
f 8512/5603/1400 8514/5605/1401 8513/5606/1401 8511/5604/1400
f 8514/5605/1401 8516/5607/1402 8515/5608/1402 8513/5606/1401
f 8516/5607/1402 8518/5609/1403 8517/5610/1403 8515/5608/1402
f 8518/5609/1403 8520/4981/1404 8519/4982/1404 8517/5610/1403
f 8520/4981/1404 8522/5611/1405 8521/5612/1405 8519/4982/1404
f 8522/5611/1405 8524/5613/1406 8523/5614/1406 8521/5612/1405
f 8524/5613/1406 8526/5615/1407 8525/5616/1407 8523/5614/1406
f 8526/5615/1407 8528/5617/1408 8527/5618/1408 8525/5616/1407
f 8528/5617/1408 8530/5619/1409 8529/5620/1409 8527/5618/1408
f 8530/5619/1409 8532/5621/1128 8531/5622/1128 8529/5620/1409
f 8532/5621/1128 8534/4993/1410 8533/4994/1410 8531/5622/1128
f 8534/4993/1410 8536/5623/1411 8535/5624/1411 8533/4994/1410
f 8536/5623/1411 8538/5625/1412 8537/5626/1412 8535/5624/1411
f 8538/5625/1412 8540/5627/1413 8539/5628/1413 8537/5626/1412
f 8540/5627/1413 8542/5629/1414 8541/5630/1414 8539/5628/1413
f 8542/5629/1414 8544/5631/1415 8543/5632/1415 8541/5630/1414
f 8544/5631/1415 8546/5633/1416 8545/5634/1416 8543/5632/1415
f 8546/5633/1416 8548/5005/1417 8547/5006/1417 8545/5634/1416
f 8548/5005/1417 8550/5635/1418 8549/5636/1418 8547/5006/1417
f 8550/5635/1418 8552/5637/1419 8551/5638/1419 8549/5636/1418
f 8552/5637/1419 8554/5639/1420 8553/5640/1420 8551/5638/1419
f 8554/5639/1420 8556/5641/1421 8555/5642/1421 8553/5640/1420
f 8556/5641/1421 8558/5643/1422 8557/5644/1422 8555/5642/1421
f 8558/5643/1422 8560/5645/1423 8559/5646/1423 8557/5644/1422
f 8560/5645/1423 8562/5017/1424 8561/5018/1424 8559/5646/1423
f 8562/5017/1424 8564/5647/1425 8563/5648/1425 8561/5018/1424
f 8564/5647/1425 8566/5649/1426 8565/5650/1426 8563/5648/1425
f 8566/5649/1426 8568/5651/1427 8567/5652/1427 8565/5650/1426
f 8568/5651/1427 8570/5653/1428 8569/5654/1428 8567/5652/1427
f 8570/5653/1428 8572/5655/1429 8571/5656/1429 8569/5654/1428
f 8572/5655/1429 8574/5657/1430 8573/5658/1430 8571/5656/1429
f 8574/5657/1430 8576/5029/1431 8575/5030/1431 8573/5658/1430
f 8576/5029/1431 8578/5659/1432 8577/5660/1432 8575/5030/1431
f 8578/5659/1432 8580/5661/1433 8579/5662/1433 8577/5660/1432
f 8580/5661/1433 8582/5663/1434 8581/5664/1434 8579/5662/1433
f 8582/5663/1434 8584/5665/1435 8583/5666/1435 8581/5664/1434
f 8584/5665/1435 8586/5667/1436 8585/5668/1436 8583/5666/1435
f 8586/5667/1436 8588/5669/1437 8587/5670/1437 8585/5668/1436
f 8588/5669/1437 8590/5041/1438 8589/5042/1438 8587/5670/1437
f 8590/5041/1438 8592/5671/1439 8591/5672/1439 8589/5042/1438
f 8592/5671/1439 8594/5673/1440 8593/5674/1440 8591/5672/1439
f 8594/5673/1440 8596/5675/1441 8595/5676/1441 8593/5674/1440
f 8596/5675/1441 8598/5677/1442 8597/5678/1442 8595/5676/1441
f 8598/5677/1442 8600/5679/1443 8599/5680/1443 8597/5678/1442
f 8600/5679/1443 8602/5681/1444 8601/5682/1444 8599/5680/1443
f 8602/5681/1444 8044/3919/1183 8043/46/1183 8601/5682/1444
f 8604/2764/1445 8606/5683/1446 8605/5684/1446 8603/227/1445
f 8606/5683/1446 8608/5685/1447 8607/5686/1447 8605/5684/1446
f 8608/5685/1447 8610/5687/1448 8609/5688/1448 8607/5686/1447
f 8610/5687/1448 8612/5689/1449 8611/5690/1449 8609/5688/1448
f 8612/5689/1449 8614/5691/1450 8613/5692/1450 8611/5690/1449
f 8614/5691/1450 8616/5693/1451 8615/5694/1451 8613/5692/1450
f 8616/5693/1451 8618/5695/1452 8617/5696/1452 8615/5694/1451
f 8618/5695/1452 8620/5697/1453 8619/5698/1453 8617/5696/1452
f 8620/5697/1453 8622/5699/1454 8621/5700/1454 8619/5698/1453
f 8622/5699/1454 8624/5701/1455 8623/5702/1455 8621/5700/1454
f 8624/5701/1455 8626/5703/1456 8625/5704/1456 8623/5702/1455
f 8626/5703/1456 8628/5705/1457 8627/5706/1457 8625/5704/1456
f 8628/5705/1457 8630/5707/1458 8629/5708/1458 8627/5706/1457
f 8630/5707/1458 8632/5709/1459 8631/5710/1459 8629/5708/1458
f 8632/5709/1459 8634/5711/1460 8633/5712/1460 8631/5710/1459
f 8634/5711/1460 8636/5713/1461 8635/5714/1461 8633/5712/1460
f 8636/5713/1461 8638/5715/1462 8637/5716/1462 8635/5714/1461
f 8638/5715/1462 8640/5717/1463 8639/5718/1463 8637/5716/1462
f 8640/5717/1463 8642/5719/1464 8641/5720/1464 8639/5718/1463
f 8642/5719/1464 8644/5721/1465 8643/5722/1465 8641/5720/1464
f 8644/5721/1465 8646/5723/1129 8645/5724/1129 8643/5722/1465
f 8646/5723/1129 8648/5725/1466 8647/5726/1466 8645/5724/1129
f 8648/5725/1466 8650/5727/1467 8649/5728/1467 8647/5726/1466
f 8650/5727/1467 8652/5729/1468 8651/5730/1468 8649/5728/1467
f 8652/5729/1468 8654/5731/1469 8653/5732/1469 8651/5730/1468
f 8654/5731/1469 8656/5733/1470 8655/5734/1470 8653/5732/1469
f 8656/5733/1470 8658/5735/1471 8657/5736/1471 8655/5734/1470
f 8658/5735/1471 8660/5737/1472 8659/5738/1472 8657/5736/1471
f 8660/5737/1472 8662/5739/1473 8661/5740/1473 8659/5738/1472
f 8662/5739/1473 8664/5741/1474 8663/5742/1474 8661/5740/1473
f 8664/5741/1474 8666/5743/1475 8665/5744/1475 8663/5742/1474
f 8666/5743/1475 8668/5745/1476 8667/5746/1476 8665/5744/1475
f 8668/5745/1476 8670/5747/1477 8669/5748/1477 8667/5746/1476
f 8670/5747/1477 8672/5749/1478 8671/5750/1478 8669/5748/1477
f 8672/5749/1478 8674/5751/1479 8673/5752/1479 8671/5750/1478
f 8674/5751/1479 8676/5753/1480 8675/5754/1480 8673/5752/1479
f 8676/5753/1480 8678/5755/1481 8677/5756/1481 8675/5754/1480
f 8678/5755/1481 8680/5757/1482 8679/5758/1482 8677/5756/1481
f 8680/5757/1482 8682/5759/1483 8681/5760/1483 8679/5758/1482
f 8682/5759/1483 8684/5761/1484 8683/5762/1484 8681/5760/1483
f 8684/5761/1484 8686/5763/1485 8685/5764/1485 8683/5762/1484
f 8686/5763/1485 8688/5765/1486 8687/5766/1486 8685/5764/1485
f 8688/5765/1486 8690/5767/1487 8689/5768/1487 8687/5766/1486
f 8690/5767/1487 8692/5769/1488 8691/5770/1488 8689/5768/1487
f 8692/5769/1488 8694/5771/1489 8693/5772/1489 8691/5770/1488
f 8694/5771/1489 8696/5773/1490 8695/5774/1490 8693/5772/1489
f 8696/5773/1490 8698/5775/1491 8697/5776/1491 8695/5774/1490
f 8698/5775/1491 8700/5777/1492 8699/5778/1492 8697/5776/1491
f 8700/5777/1492 8702/5779/1493 8701/5780/1493 8699/5778/1492
f 8702/5779/1493 8704/5781/1494 8703/5782/1494 8701/5780/1493
f 8704/5781/1494 8706/5783/1495 8705/5784/1495 8703/5782/1494
f 8706/5783/1495 8708/5785/1496 8707/5786/1496 8705/5784/1495
f 8708/5785/1496 8710/5787/1497 8709/5788/1497 8707/5786/1496
f 8710/5787/1497 8712/5789/1498 8711/5790/1498 8709/5788/1497
f 8712/5789/1498 8714/5791/1499 8713/5792/1499 8711/5790/1498
f 8714/5791/1499 8716/5793/1500 8715/5794/1500 8713/5792/1499
f 8716/5793/1500 8718/5795/1501 8717/5796/1501 8715/5794/1500
f 8718/5795/1501 8720/5797/1502 8719/5798/1502 8717/5796/1501
f 8720/5797/1502 8722/4667/1503 8721/1036/1503 8719/5798/1502
f 8722/4667/1503 8724/5799/1504 8723/5800/1504 8721/1036/1503
f 8724/5799/1504 8726/5801/1505 8725/5802/1505 8723/5800/1504
f 8726/5801/1505 8728/5803/1506 8727/5804/1506 8725/5802/1505
f 8728/5803/1506 8730/5805/1507 8729/5806/1507 8727/5804/1506
f 8730/5805/1507 8732/5807/1508 8731/5808/1508 8729/5806/1507
f 8732/5807/1508 8734/5809/1509 8733/5810/1509 8731/5808/1508
f 8734/5809/1509 8736/5811/1510 8735/5812/1510 8733/5810/1509
f 8736/5811/1510 8738/5813/1511 8737/5814/1511 8735/5812/1510
f 8738/5813/1511 8740/5815/1512 8739/5816/1512 8737/5814/1511
f 8740/5815/1512 8742/5817/1513 8741/5818/1513 8739/5816/1512
f 8742/5817/1513 8744/5819/1514 8743/5820/1514 8741/5818/1513
f 8744/5819/1514 8746/5821/1515 8745/5822/1515 8743/5820/1514
f 8746/5821/1515 8748/5823/1516 8747/5824/1516 8745/5822/1515
f 8748/5823/1516 8750/5825/1517 8749/5826/1517 8747/5824/1516
f 8750/5825/1517 8752/5827/1518 8751/5828/1518 8749/5826/1517
f 8752/5827/1518 8754/5829/1519 8753/5830/1519 8751/5828/1518
f 8754/5829/1519 8756/5831/1520 8755/5832/1520 8753/5830/1519
f 8756/5831/1520 8758/5833/1521 8757/5834/1521 8755/5832/1520
f 8758/5833/1521 8760/5835/1522 8759/5836/1522 8757/5834/1521
f 8760/5835/1522 8762/5837/1523 8761/5838/1523 8759/5836/1522
f 8762/5837/1523 8764/5839/1524 8763/5840/1524 8761/5838/1523
f 8764/5839/1524 8766/5841/1525 8765/5842/1525 8763/5840/1524
f 8766/5841/1525 8768/5843/1526 8767/5844/1526 8765/5842/1525
f 8768/5843/1526 8770/5845/1527 8769/5846/1527 8767/5844/1526
f 8770/5845/1527 8772/5847/1528 8771/5848/1528 8769/5846/1527
f 8772/5847/1528 8774/5849/1529 8773/5850/1529 8771/5848/1528
f 8774/5849/1529 8776/5851/1530 8775/5852/1530 8773/5850/1529
f 8776/5851/1530 8778/5853/1531 8777/5854/1531 8775/5852/1530
f 8778/5853/1531 8780/5855/1532 8779/5856/1532 8777/5854/1531
f 8780/5855/1532 8782/5857/1533 8781/5858/1533 8779/5856/1532
f 8782/5857/1533 8784/5859/1534 8783/5860/1534 8781/5858/1533
f 8784/5859/1534 8786/5861/1535 8785/5862/1535 8783/5860/1534
f 8786/5861/1535 8788/5863/1536 8787/5864/1536 8785/5862/1535
f 8788/5863/1536 8790/5865/1537 8789/5866/1537 8787/5864/1536
f 8790/5865/1537 8792/5867/1538 8791/5868/1538 8789/5866/1537
f 8792/5867/1538 8794/5869/1539 8793/5870/1539 8791/5868/1538
f 8794/5869/1539 8796/5871/1540 8795/5872/1540 8793/5870/1539
f 8796/5871/1540 8798/5873/1541 8797/5874/1541 8795/5872/1540
f 8798/5873/1541 8800/5875/1542 8799/5876/1542 8797/5874/1541
f 8800/5875/1542 8802/5877/1543 8801/5878/1543 8799/5876/1542
f 8802/5877/1543 8804/5879/1544 8803/5880/1544 8801/5878/1543
f 8804/5879/1544 8806/5881/1545 8805/5882/1545 8803/5880/1544
f 8806/5881/1545 8808/5883/1546 8807/5884/1546 8805/5882/1545
f 8808/5883/1546 8810/5885/1547 8809/5886/1547 8807/5884/1546
f 8810/5885/1547 8812/5887/1548 8811/5888/1548 8809/5886/1547
f 8812/5887/1548 8814/5889/1549 8813/5890/1549 8811/5888/1548
f 8814/5889/1549 8816/5891/1550 8815/5892/1550 8813/5890/1549
f 8816/5891/1550 8818/5893/1551 8817/5894/1551 8815/5892/1550
f 8818/5893/1551 8820/5895/1552 8819/5896/1552 8817/5894/1551
f 8820/5895/1552 8822/5897/1553 8821/5898/1553 8819/5896/1552
f 8822/5897/1553 8824/5899/1554 8823/5900/1554 8821/5898/1553
f 8824/5899/1554 8826/5901/1555 8825/5902/1555 8823/5900/1554
f 8826/5901/1555 8828/5903/1556 8827/5904/1556 8825/5902/1555
f 8828/5903/1556 8830/5905/1557 8829/5906/1557 8827/5904/1556
f 8830/5905/1557 8832/5907/1558 8831/5908/1558 8829/5906/1557
f 8832/5907/1558 8834/5909/1559 8833/5910/1559 8831/5908/1558
f 8834/5909/1559 8836/5911/1560 8835/5912/1560 8833/5910/1559
f 8836/5911/1560 8838/5913/1561 8837/5914/1561 8835/5912/1560
f 8838/5913/1561 8840/3149/1562 8839/1202/1562 8837/5914/1561
f 8840/3149/1562 8842/5915/1563 8841/5916/1563 8839/1202/1562
f 8842/5915/1563 8844/5917/1564 8843/5918/1564 8841/5916/1563
f 8844/5917/1564 8846/5919/224 8845/5920/224 8843/5918/1564
f 8846/5919/224 8848/5921/1565 8847/5922/1565 8845/5920/224
f 8848/5921/1565 8850/5923/1566 8849/5924/1566 8847/5922/1565
f 8850/5923/1566 8852/5925/1567 8851/5926/1567 8849/5924/1566
f 8852/5925/1567 8854/5927/1568 8853/5928/1568 8851/5926/1567
f 8854/5927/1568 8856/5929/1569 8855/5930/1569 8853/5928/1568
f 8856/5929/1569 8858/5931/1570 8857/5932/1570 8855/5930/1569
f 8858/5931/1570 8860/5933/1571 8859/5934/1571 8857/5932/1570
f 8860/5933/1571 8862/5935/1572 8861/5936/1572 8859/5934/1571
f 8862/5935/1572 8864/5937/1573 8863/5938/1573 8861/5936/1572
f 8864/5937/1573 8866/5939/1574 8865/5940/1574 8863/5938/1573
f 8866/5939/1574 8868/5941/1575 8867/5942/1575 8865/5940/1574
f 8868/5941/1575 8870/5943/1576 8869/5944/1576 8867/5942/1575
f 8870/5943/1576 8872/5945/1577 8871/5946/1577 8869/5944/1576
f 8872/5945/1577 8874/5947/1578 8873/5948/1578 8871/5946/1577
f 8874/5947/1578 8876/5949/1579 8875/5950/1579 8873/5948/1578
f 8876/5949/1579 8878/5951/1580 8877/5952/1580 8875/5950/1579
f 8878/5951/1580 8880/5953/1581 8879/5954/1581 8877/5952/1580
f 8880/5953/1581 8882/5955/1582 8881/5956/1582 8879/5954/1581
f 8882/5955/1582 8884/5957/1583 8883/5958/1583 8881/5956/1582
f 8884/5957/1583 8886/5959/1584 8885/5960/1584 8883/5958/1583
f 8886/5959/1584 8888/5961/1585 8887/5962/1585 8885/5960/1584
f 8888/5961/1585 8890/5963/1586 8889/5964/1586 8887/5962/1585
f 8890/5963/1586 8892/5965/1587 8891/5966/1587 8889/5964/1586
f 8892/5965/1587 8894/5967/1588 8893/5968/1588 8891/5966/1587
f 8894/5967/1588 8896/5969/90 8895/5970/90 8893/5968/1588
f 8896/5969/90 8898/5971/1589 8897/5972/1589 8895/5970/90
f 8898/5971/1589 8900/5973/1590 8899/5974/1590 8897/5972/1589
f 8900/5973/1590 8902/5975/1591 8901/5976/1591 8899/5974/1590
f 8902/5975/1591 8904/5977/1592 8903/5978/1592 8901/5976/1591
f 8904/5977/1592 8906/5979/1593 8905/5980/1593 8903/5978/1592
f 8906/5979/1593 8908/5981/1594 8907/5982/1594 8905/5980/1593
f 8908/5981/1594 8910/5983/1595 8909/5984/1595 8907/5982/1594
f 8910/5983/1595 8912/5985/1596 8911/5986/1596 8909/5984/1595
f 8912/5985/1596 8914/5987/1597 8913/5988/1597 8911/5986/1596
f 8914/5987/1597 8916/5989/1598 8915/5990/1598 8913/5988/1597
f 8916/5989/1598 8918/5991/1599 8917/5992/1599 8915/5990/1598
f 8918/5991/1599 8920/5993/1600 8919/5994/1600 8917/5992/1599
f 8920/5993/1600 8922/5995/1601 8921/5996/1601 8919/5994/1600
f 8922/5995/1601 8924/5997/1602 8923/5998/1602 8921/5996/1601
f 8924/5997/1602 8926/5999/1603 8925/6000/1603 8923/5998/1602
f 8926/5999/1603 8928/6001/1604 8927/6002/1604 8925/6000/1603
f 8928/6001/1604 8930/6003/1605 8929/6004/1605 8927/6002/1604
f 8930/6003/1605 8932/6005/1606 8931/6006/1606 8929/6004/1605
f 8932/6005/1606 8934/6007/1607 8933/6008/1607 8931/6006/1606
f 8934/6007/1607 8936/6009/1608 8935/6010/1608 8933/6008/1607
f 8936/6009/1608 8938/6011/1609 8937/6012/1609 8935/6010/1608
f 8938/6011/1609 8940/6013/1610 8939/6014/1610 8937/6012/1609
f 8940/6013/1610 8942/6015/1611 8941/6016/1611 8939/6014/1610
f 8942/6015/1611 8944/6017/1612 8943/6018/1612 8941/6016/1611
f 8944/6017/1612 8946/6019/1613 8945/6020/1613 8943/6018/1612
f 8946/6019/1613 8948/6021/1614 8947/6022/1614 8945/6020/1613
f 8948/6021/1614 8950/6023/1615 8949/6024/1615 8947/6022/1614
f 8950/6023/1615 8952/6025/1616 8951/6026/1616 8949/6024/1615
f 8952/6025/1616 8954/6027/1617 8953/6028/1617 8951/6026/1616
f 8954/6027/1617 8956/6029/1618 8955/6030/1618 8953/6028/1617
f 8956/6029/1618 8958/4504/1619 8957/1127/1619 8955/6030/1618
f 8958/4504/1619 8960/6031/1620 8959/6032/1620 8957/1127/1619
f 8960/6031/1620 8962/6033/1621 8961/6034/1621 8959/6032/1620
f 8962/6033/1621 8964/6035/1622 8963/6036/1622 8961/6034/1621
f 8964/6035/1622 8966/6037/1623 8965/6038/1623 8963/6036/1622
f 8966/6037/1623 8968/6039/1624 8967/6040/1624 8965/6038/1623
f 8968/6039/1624 8970/6041/1625 8969/6042/1625 8967/6040/1624
f 8970/6041/1625 8972/6043/1626 8971/6044/1626 8969/6042/1625
f 8972/6043/1626 8974/6045/1627 8973/6046/1627 8971/6044/1626
f 8974/6045/1627 8976/6047/1628 8975/6048/1628 8973/6046/1627
f 8976/6047/1628 8978/6049/1629 8977/6050/1629 8975/6048/1628
f 8978/6049/1629 8980/6051/1630 8979/6052/1630 8977/6050/1629
f 8980/6051/1630 8982/6053/1631 8981/6054/1631 8979/6052/1630
f 8982/6053/1631 8984/6055/1632 8983/6056/1632 8981/6054/1631
f 8984/6055/1632 8986/6057/1633 8985/6058/1633 8983/6056/1632
f 8986/6057/1633 8988/6059/1634 8987/6060/1634 8985/6058/1633
f 8988/6059/1634 8990/6061/1635 8989/6062/1635 8987/6060/1634
f 8990/6061/1635 8992/6063/1636 8991/6064/1636 8989/6062/1635
f 8992/6063/1636 8994/6065/1637 8993/6066/1637 8991/6064/1636
f 8994/6065/1637 8996/6067/1638 8995/6068/1638 8993/6066/1637
f 8996/6067/1638 8998/6069/1639 8997/6070/1639 8995/6068/1638
f 8998/6069/1639 9000/6071/1640 8999/6072/1640 8997/6070/1639
f 9000/6071/1640 9002/6073/1641 9001/6074/1641 8999/6072/1640
f 9002/6073/1641 9004/6075/362 9003/6076/362 9001/6074/1641
f 9004/6075/362 9006/6077/1642 9005/6078/1642 9003/6076/362
f 9006/6077/1642 9008/6079/1643 9007/6080/1643 9005/6078/1642
f 9008/6079/1643 9010/6081/1644 9009/6082/1644 9007/6080/1643
f 9010/6081/1644 9012/6083/1645 9011/6084/1645 9009/6082/1644
f 9012/6083/1645 9014/6085/1646 9013/6086/1646 9011/6084/1645
f 9014/6085/1646 9016/6087/197 9015/6088/197 9013/6086/1646
f 9016/6087/197 9018/6089/1647 9017/6090/1647 9015/6088/197
f 9018/6089/1647 9020/6091/1648 9019/6092/1648 9017/6090/1647
f 9020/6091/1648 9022/6093/1649 9021/6094/1649 9019/6092/1648
f 9022/6093/1649 9024/6095/1650 9023/6096/1650 9021/6094/1649
f 9024/6095/1650 9026/6097/1651 9025/6098/1651 9023/6096/1650
f 9026/6097/1651 9028/6099/1652 9027/6100/1652 9025/6098/1651
f 9028/6099/1652 9030/6101/1653 9029/6102/1653 9027/6100/1652
f 9030/6101/1653 9032/6103/1654 9031/6104/1654 9029/6102/1653
f 9032/6103/1654 9034/6105/1655 9033/6106/1655 9031/6104/1654
f 9034/6105/1655 9036/6107/1656 9035/6108/1656 9033/6106/1655
f 9036/6107/1656 9038/6109/1657 9037/6110/1657 9035/6108/1656
f 9038/6109/1657 9040/6111/1658 9039/6112/1658 9037/6110/1657
f 9040/6111/1658 9042/6113/1659 9041/6114/1659 9039/6112/1658
f 9042/6113/1659 9044/6115/1660 9043/6116/1660 9041/6114/1659
f 9044/6115/1660 9046/6117/1661 9045/6118/1661 9043/6116/1660
f 9046/6117/1661 9048/6119/798 9047/6120/798 9045/6118/1661
f 9048/6119/798 9050/6121/1662 9049/6122/1662 9047/6120/798
f 9050/6121/1662 9052/6123/1663 9051/6124/1663 9049/6122/1662
f 9052/6123/1663 9054/6125/1664 9053/6126/1664 9051/6124/1663
f 9054/6125/1664 9056/6127/1665 9055/6128/1665 9053/6126/1664
f 9056/6127/1665 9058/6129/1666 9057/6130/1666 9055/6128/1665
f 9058/6129/1666 9060/6131/1667 9059/6132/1667 9057/6130/1666
f 9060/6131/1667 9062/6133/271 9061/6134/271 9059/6132/1667
f 9062/6133/271 9064/6135/1668 9063/6136/1668 9061/6134/271
f 9064/6135/1668 9066/6137/241 9065/6138/241 9063/6136/1668
f 9066/6137/241 9068/6139/1669 9067/6140/1669 9065/6138/241
f 9068/6139/1669 9070/6141/1670 9069/6142/1670 9067/6140/1669
f 9070/6141/1670 9072/6143/1671 9071/6144/1671 9069/6142/1670
f 9072/6143/1671 9074/6145/1672 9073/6146/1672 9071/6144/1671
f 9074/6145/1672 9076/3534/1673 9075/728/1673 9073/6146/1672
f 9076/3534/1673 9078/6147/1674 9077/6148/1674 9075/728/1673
f 9078/6147/1674 9080/6149/1675 9079/6150/1675 9077/6148/1674
f 9080/6149/1675 9082/6151/1676 9081/6152/1676 9079/6150/1675
f 9082/6151/1676 9084/6153/1677 9083/6154/1677 9081/6152/1676
f 9084/6153/1677 9086/6155/1678 9085/6156/1678 9083/6154/1677
f 9086/6155/1678 9088/6157/1679 9087/6158/1679 9085/6156/1678
f 9088/6157/1679 9090/6159/1680 9089/6160/1680 9087/6158/1679
f 9090/6159/1680 9092/6161/1681 9091/6162/1681 9089/6160/1680
f 9092/6161/1681 9094/6163/1682 9093/6164/1682 9091/6162/1681
f 9094/6163/1682 9096/6165/1683 9095/6166/1683 9093/6164/1682
f 9096/6165/1683 9098/6167/1684 9097/6168/1684 9095/6166/1683
f 9098/6167/1684 9100/6169/1685 9099/6170/1685 9097/6168/1684
f 9100/6169/1685 9102/6171/1686 9101/6172/1686 9099/6170/1685
f 9102/6171/1686 9104/6173/1687 9103/6174/1687 9101/6172/1686
f 9104/6173/1687 9106/6175/1688 9105/6176/1688 9103/6174/1687
f 9106/6175/1688 9108/6177/1689 9107/6178/1689 9105/6176/1688
f 9108/6177/1689 9110/6179/1690 9109/6180/1690 9107/6178/1689
f 9110/6179/1690 9112/6181/1691 9111/6182/1691 9109/6180/1690
f 9112/6181/1691 9114/6183/1692 9113/6184/1692 9111/6182/1691
f 9114/6183/1692 9116/6185/1693 9115/6186/1693 9113/6184/1692
f 9116/6185/1693 9118/6187/1694 9117/6188/1694 9115/6186/1693
f 9118/6187/1694 9120/6189/1695 9119/6190/1695 9117/6188/1694
f 9120/6189/1695 9122/6191/1696 9121/6192/1696 9119/6190/1695
f 9122/6191/1696 9124/6193/1697 9123/6194/1697 9121/6192/1696
f 9124/6193/1697 9126/6195/1698 9125/6196/1698 9123/6194/1697
f 9126/6195/1698 9128/6197/1699 9127/6198/1699 9125/6196/1698
f 9128/6197/1699 9130/6199/1700 9129/6200/1700 9127/6198/1699
f 9130/6199/1700 9132/6201/1701 9131/6202/1701 9129/6200/1700
f 9132/6201/1701 9134/6203/1702 9133/6204/1702 9131/6202/1701
f 9134/6203/1702 9136/6205/1703 9135/6206/1703 9133/6204/1702
f 9136/6205/1703 9138/6207/1704 9137/6208/1704 9135/6206/1703
f 9138/6207/1704 9140/6209/1705 9139/6210/1705 9137/6208/1704
f 9140/6209/1705 9142/6211/1706 9141/6212/1706 9139/6210/1705
f 9142/6211/1706 9144/6213/1707 9143/6214/1707 9141/6212/1706
f 9144/6213/1707 9146/6215/1708 9145/6216/1708 9143/6214/1707
f 9146/6215/1708 9148/6217/1709 9147/6218/1709 9145/6216/1708
f 9148/6217/1709 9150/6219/1710 9149/6220/1710 9147/6218/1709
f 9150/6219/1710 9152/6221/1711 9151/6222/1711 9149/6220/1710
f 9152/6221/1711 9154/6223/1712 9153/6224/1712 9151/6222/1711
f 9154/6223/1712 9156/6225/1713 9155/6226/1713 9153/6224/1712
f 9156/6225/1713 9158/6227/1714 9157/6228/1714 9155/6226/1713
f 9158/6227/1714 9160/6229/1715 9159/6230/1715 9157/6228/1714
f 9160/6229/1715 9162/6231/1716 9161/6232/1716 9159/6230/1715
f 9162/6231/1716 9164/6233/1717 9163/6234/1717 9161/6232/1716
f 9164/6233/1717 9166/6235/1718 9165/6236/1718 9163/6234/1717
f 9166/6235/1718 9168/6237/1719 9167/6238/1719 9165/6236/1718
f 9168/6237/1719 9170/6239/1720 9169/6240/1720 9167/6238/1719
f 9170/6239/1720 9172/6241/1721 9171/6242/1721 9169/6240/1720
f 9172/6241/1721 9174/6243/1722 9173/6244/1722 9171/6242/1721
f 9174/6243/1722 9176/6245/1723 9175/6246/1723 9173/6244/1722
f 9176/6245/1723 9178/6247/1724 9177/6248/1724 9175/6246/1723
f 9178/6247/1724 9180/6249/1725 9179/6250/1725 9177/6248/1724
f 9180/6249/1725 9182/6251/1726 9181/6252/1726 9179/6250/1725
f 9182/6251/1726 9184/6253/1727 9183/6254/1727 9181/6252/1726
f 9184/6253/1727 9186/6255/1728 9185/6256/1728 9183/6254/1727
f 9186/6255/1728 9188/6257/1729 9187/6258/1729 9185/6256/1728
f 9188/6257/1729 9190/6259/1730 9189/6260/1730 9187/6258/1729
f 9190/6259/1730 9192/6261/1731 9191/6262/1731 9189/6260/1730
f 9192/6261/1731 9194/4974/1732 9193/866/1732 9191/6262/1731
f 9194/4974/1732 9196/6263/1733 9195/6264/1733 9193/866/1732
f 9196/6263/1733 9198/6265/1734 9197/6266/1734 9195/6264/1733
f 9198/6265/1734 9200/6267/1735 9199/6268/1735 9197/6266/1734
f 9200/6267/1735 9202/6269/1736 9201/6270/1736 9199/6268/1735
f 9202/6269/1736 9204/6271/1737 9203/6272/1737 9201/6270/1736
f 9204/6271/1737 9206/6273/1738 9205/6274/1738 9203/6272/1737
f 9206/6273/1738 9208/6275/1739 9207/6276/1739 9205/6274/1738
f 9208/6275/1739 9210/6277/1740 9209/6278/1740 9207/6276/1739
f 9210/6277/1740 9212/6279/1741 9211/6280/1741 9209/6278/1740
f 9212/6279/1741 9214/6281/1742 9213/6282/1742 9211/6280/1741
f 9214/6281/1742 9216/6283/1743 9215/6284/1743 9213/6282/1742
f 9216/6283/1743 9218/6285/1744 9217/6286/1744 9215/6284/1743
f 9218/6285/1744 9220/6287/826 9219/6288/826 9217/6286/1744
f 9220/6287/826 9222/6289/1745 9221/6290/1745 9219/6288/826
f 9222/6289/1745 9224/6291/1746 9223/6292/1746 9221/6290/1745
f 9224/6291/1746 9226/6293/1747 9225/6294/1747 9223/6292/1746
f 9226/6293/1747 9228/6295/1748 9227/6296/1748 9225/6294/1747
f 9228/6295/1748 9230/6297/1749 9229/6298/1749 9227/6296/1748
f 9230/6297/1749 9232/6299/1750 9231/6300/1750 9229/6298/1749
f 9232/6299/1750 9234/6301/1751 9233/6302/1751 9231/6300/1750
f 9234/6301/1751 9236/6303/1752 9235/6304/1752 9233/6302/1751
f 9236/6303/1752 9238/6305/1753 9237/6306/1753 9235/6304/1752
f 9238/6305/1753 9240/6307/1754 9239/6308/1754 9237/6306/1753
f 9240/6307/1754 9242/6309/514 9241/6310/514 9239/6308/1754
f 9242/6309/514 9244/6311/1755 9243/6312/1755 9241/6310/514
f 9244/6311/1755 9246/6313/516 9245/6314/516 9243/6312/1755
f 9246/6313/516 9248/6315/517 9247/6316/517 9245/6314/516
f 9248/6315/517 9250/6317/1756 9249/6318/1756 9247/6316/517
f 9250/6317/1756 9252/6319/519 9251/6320/519 9249/6318/1756
f 9252/6319/519 9254/6321/520 9253/6322/520 9251/6320/519
f 9254/6321/520 9256/6323/1757 9255/6324/1757 9253/6322/520
f 9256/6323/1757 9258/6325/522 9257/6326/522 9255/6324/1757
f 9258/6325/522 9260/6327/1758 9259/6328/1758 9257/6326/522
f 9260/6327/1758 9262/6329/524 9261/6330/524 9259/6328/1758
f 9262/6329/524 9264/6331/1759 9263/6332/1759 9261/6330/524
f 9264/6331/1759 9266/6333/1760 9265/6334/1760 9263/6332/1759
f 9266/6333/1760 9268/6335/1761 9267/6336/1761 9265/6334/1760
f 9268/6335/1761 9270/6337/1762 9269/6338/1762 9267/6336/1761
f 9270/6337/1762 9272/6339/1763 9271/6340/1763 9269/6338/1762
f 9272/6339/1763 9274/6341/1764 9273/6342/1764 9271/6340/1763
f 9274/6341/1764 9276/6343/1765 9275/6344/1765 9273/6342/1764
f 9276/6343/1765 9278/6345/1766 9277/6346/1766 9275/6344/1765
f 9278/6345/1766 9280/6347/1767 9279/6348/1767 9277/6346/1766
f 9280/6347/1767 9282/6349/1768 9281/6350/1768 9279/6348/1767
f 9282/6349/1768 9284/6351/1769 9283/6352/1769 9281/6350/1768
f 9284/6351/1769 9286/6353/1770 9285/6354/1770 9283/6352/1769
f 9286/6353/1770 9288/6355/1771 9287/6356/1771 9285/6354/1770
f 9288/6355/1771 9290/6357/1772 9289/6358/1772 9287/6356/1771
f 9290/6357/1772 9292/6359/1773 9291/6360/1773 9289/6358/1772
f 9292/6359/1773 9294/6361/1774 9293/6362/1774 9291/6360/1773
f 9294/6361/1774 9296/6363/1775 9295/6364/1775 9293/6362/1774
f 9296/6363/1775 9298/6365/1776 9297/6366/1776 9295/6364/1775
f 9298/6365/1776 9300/6367/1777 9299/6368/1777 9297/6366/1776
f 9300/6367/1777 9302/6369/1778 9301/6370/1778 9299/6368/1777
f 9302/6369/1778 9304/6371/1779 9303/6372/1779 9301/6370/1778
f 9304/6371/1779 9306/6373/1780 9305/6374/1780 9303/6372/1779
f 9306/6373/1780 9308/6375/1781 9307/6376/1781 9305/6374/1780
f 9308/6375/1781 9310/6377/1782 9309/6378/1782 9307/6376/1781
f 9310/6377/1782 8604/3919/1445 8603/46/1445 9309/6378/1782
f 9312/2764/1783 9314/6379/1784 9313/6380/1784 9311/227/1783
f 9314/6379/1784 9316/6381/1785 9315/6382/1785 9313/6380/1784
f 9316/6381/1785 9318/6383/1786 9317/6384/1786 9315/6382/1785
f 9318/6383/1786 9320/6385/1787 9319/6386/1787 9317/6384/1786
f 9320/6385/1787 9322/6387/1788 9321/6388/1788 9319/6386/1787
f 9322/6387/1788 9324/6389/1789 9323/6390/1789 9321/6388/1788
f 9324/6389/1789 9326/6391/1790 9325/6392/1790 9323/6390/1789
f 9326/6391/1790 9328/6393/1791 9327/6394/1791 9325/6392/1790
f 9328/6393/1791 9330/6395/1792 9329/6396/1792 9327/6394/1791
f 9330/6395/1792 9332/6397/1793 9331/6398/1793 9329/6396/1792
f 9332/6397/1793 9334/6399/1794 9333/6400/1794 9331/6398/1793
f 9334/6399/1794 9336/6401/1795 9335/6402/1795 9333/6400/1794
f 9336/6401/1795 9338/6403/1796 9337/6404/1796 9335/6402/1795
f 9338/6403/1796 9340/6405/1797 9339/6406/1797 9337/6404/1796
f 9340/6405/1797 9342/6407/1798 9341/6408/1798 9339/6406/1797
f 9342/6407/1798 9344/6409/1799 9343/6410/1799 9341/6408/1798
f 9344/6409/1799 9346/6411/1800 9345/6412/1800 9343/6410/1799
f 9346/6411/1800 9348/6413/1801 9347/6414/1801 9345/6412/1800
f 9348/6413/1801 9350/6415/1802 9349/6416/1802 9347/6414/1801
f 9350/6415/1802 9352/6417/1803 9351/6418/1803 9349/6416/1802
f 9352/6417/1803 9354/6419/1804 9353/6420/1804 9351/6418/1803
f 9354/6419/1804 9356/6421/1805 9355/6422/1805 9353/6420/1804
f 9356/6421/1805 9358/6423/1806 9357/6424/1806 9355/6422/1805
f 9358/6423/1806 9360/6425/1807 9359/6426/1807 9357/6424/1806
f 9360/6425/1807 9362/6427/1808 9361/6428/1808 9359/6426/1807
f 9362/6427/1808 9364/6429/1809 9363/6430/1809 9361/6428/1808
f 9364/6429/1809 9366/6431/1810 9365/6432/1810 9363/6430/1809
f 9366/6431/1810 9368/6433/1811 9367/6434/1811 9365/6432/1810
f 9368/6433/1811 9370/6435/1812 9369/6436/1812 9367/6434/1811
f 9370/6435/1812 9372/6437/1813 9371/6438/1813 9369/6436/1812
f 9372/6437/1813 9374/6439/1814 9373/6440/1814 9371/6438/1813
f 9374/6439/1814 9376/6441/1815 9375/6442/1815 9373/6440/1814
f 9376/6441/1815 9378/6443/1816 9377/6444/1816 9375/6442/1815
f 9378/6443/1816 9380/6445/1817 9379/6446/1817 9377/6444/1816
f 9380/6445/1817 9382/6447/1818 9381/6448/1818 9379/6446/1817
f 9382/6447/1818 9384/6449/1819 9383/6450/1819 9381/6448/1818
f 9384/6449/1819 9386/6451/1820 9385/6452/1820 9383/6450/1819
f 9386/6451/1820 9388/6453/1821 9387/6454/1821 9385/6452/1820
f 9388/6453/1821 9390/6455/1822 9389/6456/1822 9387/6454/1821
f 9390/6455/1822 9392/6457/1823 9391/6458/1823 9389/6456/1822
f 9392/6457/1823 9394/6459/1824 9393/6460/1824 9391/6458/1823
f 9394/6459/1824 9396/6461/953 9395/6462/953 9393/6460/1824
f 9396/6461/953 9398/6463/177 9397/6464/177 9395/6462/953
f 9398/6463/177 9400/6465/1825 9399/6466/1825 9397/6464/177
f 9400/6465/1825 9402/6467/1826 9401/6468/1826 9399/6466/1825
f 9402/6467/1826 9404/6469/1827 9403/6470/1827 9401/6468/1826
f 9404/6469/1827 9406/6471/1828 9405/6472/1828 9403/6470/1827
f 9406/6471/1828 9408/6473/1829 9407/6474/1829 9405/6472/1828
f 9408/6473/1829 9410/6475/1830 9409/6476/1830 9407/6474/1829
f 9410/6475/1830 9412/6477/1831 9411/6478/1831 9409/6476/1830
f 9412/6477/1831 9414/6479/1832 9413/6480/1832 9411/6478/1831
f 9414/6479/1832 9416/6481/1833 9415/6482/1833 9413/6480/1832
f 9416/6481/1833 9418/6483/1834 9417/6484/1834 9415/6482/1833
f 9418/6483/1834 9420/6485/1835 9419/6486/1835 9417/6484/1834
f 9420/6485/1835 9422/6487/1836 9421/6488/1836 9419/6486/1835
f 9422/6487/1836 9424/6489/1837 9423/6490/1837 9421/6488/1836
f 9424/6489/1837 9426/6491/1838 9425/6492/1838 9423/6490/1837
f 9426/6491/1838 9428/6493/1839 9427/6494/1839 9425/6492/1838
f 9428/6493/1839 9430/6495/1840 9429/6496/1840 9427/6494/1839
f 9430/6495/1840 9432/6497/1841 9431/6498/1841 9429/6496/1840
f 9432/6497/1841 9434/6499/1842 9433/6500/1842 9431/6498/1841
f 9434/6499/1842 9436/6501/1843 9435/6502/1843 9433/6500/1842
f 9436/6501/1843 9438/6503/1844 9437/6504/1844 9435/6502/1843
f 9438/6503/1844 9440/6505/1845 9439/6506/1845 9437/6504/1844
f 9440/6505/1845 9442/6507/1846 9441/6508/1846 9439/6506/1845
f 9442/6507/1846 9444/6509/1847 9443/6510/1847 9441/6508/1846
f 9444/6509/1847 9446/6511/1848 9445/6512/1848 9443/6510/1847
f 9446/6511/1848 9448/6513/1849 9447/6514/1849 9445/6512/1848
f 9448/6513/1849 9450/6515/1850 9449/6516/1850 9447/6514/1849
f 9450/6515/1850 9452/6517/1851 9451/6518/1851 9449/6516/1850
f 9452/6517/1851 9454/6519/1852 9453/6520/1852 9451/6518/1851
f 9454/6519/1852 9456/6521/1853 9455/6522/1853 9453/6520/1852
f 9456/6521/1853 9458/6523/1854 9457/6524/1854 9455/6522/1853
f 9458/6523/1854 9460/6525/1855 9459/6526/1855 9457/6524/1854
f 9460/6525/1855 9462/6527/1856 9461/6528/1856 9459/6526/1855
f 9462/6527/1856 9464/6529/1857 9463/6530/1857 9461/6528/1856
f 9464/6529/1857 9466/6531/1858 9465/6532/1858 9463/6530/1857
f 9466/6531/1858 9468/6533/1859 9467/6534/1859 9465/6532/1858
f 9468/6533/1859 9470/6535/1860 9469/6536/1860 9467/6534/1859
f 9470/6535/1860 9472/6537/1861 9471/6538/1861 9469/6536/1860
f 9472/6537/1861 9474/6539/1862 9473/6540/1862 9471/6538/1861
f 9474/6539/1862 9476/6541/1863 9475/6542/1863 9473/6540/1862
f 9476/6541/1863 9478/6543/1864 9477/6544/1864 9475/6542/1863
f 9478/6543/1864 9480/6545/1865 9479/6546/1865 9477/6544/1864
f 9480/6545/1865 9482/6547/1866 9481/6548/1866 9479/6546/1865
f 9482/6547/1866 9484/6549/1867 9483/6550/1867 9481/6548/1866
f 9484/6549/1867 9486/6551/1868 9485/6552/1868 9483/6550/1867
f 9486/6551/1868 9488/6553/1869 9487/6554/1869 9485/6552/1868
f 9488/6553/1869 9490/6555/1870 9489/6556/1870 9487/6554/1869
f 9490/6555/1870 9492/6557/1871 9491/6558/1871 9489/6556/1870
f 9492/6557/1871 9494/6559/1872 9493/6560/1872 9491/6558/1871
f 9494/6559/1872 9496/6561/1873 9495/6562/1873 9493/6560/1872
f 9496/6561/1873 9498/6563/1874 9497/6564/1874 9495/6562/1873
f 9498/6563/1874 9500/6565/1875 9499/6566/1875 9497/6564/1874
f 9500/6565/1875 9502/6567/1876 9501/6568/1876 9499/6566/1875
f 9502/6567/1876 9504/6569/1877 9503/6570/1877 9501/6568/1876
f 9504/6569/1877 9506/6571/1878 9505/6572/1878 9503/6570/1877
f 9506/6571/1878 9508/6573/1878 9507/6574/1878 9505/6572/1878
f 9508/6573/1878 9510/6575/1879 9509/6576/1879 9507/6574/1878
f 9510/6575/1879 9512/6577/1880 9511/6578/1880 9509/6576/1879
f 9512/6577/1880 9514/6579/1872 9513/6580/1872 9511/6578/1880
f 9514/6579/1872 9516/6581/1872 9515/6582/1872 9513/6580/1872
f 9516/6581/1872 9518/6583/1881 9517/6584/1881 9515/6582/1872
f 9518/6583/1881 9520/6585/1881 9519/6586/1881 9517/6584/1881
f 9520/6585/1881 9522/6587/1881 9521/6588/1881 9519/6586/1881
f 9522/6587/1881 9524/6589/1882 9523/6590/1882 9521/6588/1881
f 9524/6589/1882 9526/6591/1883 9525/6592/1883 9523/6590/1882
f 9526/6591/1883 9528/6593/1884 9527/6594/1884 9525/6592/1883
f 9528/6593/1884 9530/6595/1885 9529/6596/1885 9527/6594/1884
f 9530/6595/1885 9532/6597/1886 9531/6598/1886 9529/6596/1885
f 9532/6597/1886 9534/6599/1887 9533/6600/1887 9531/6598/1886
f 9534/6599/1887 9536/6601/1888 9535/6602/1888 9533/6600/1887
f 9536/6601/1888 9538/6603/1889 9537/6604/1889 9535/6602/1888
f 9538/6603/1889 9540/6605/1890 9539/6606/1890 9537/6604/1889
f 9540/6605/1890 9542/6607/1828 9541/6608/1828 9539/6606/1890
f 9542/6607/1828 9544/6609/1891 9543/6610/1891 9541/6608/1828
f 9544/6609/1891 9546/6611/1892 9545/6612/1892 9543/6610/1891
f 9546/6611/1892 9548/6613/1893 9547/6614/1893 9545/6612/1892
f 9548/6613/1893 9550/6615/1894 9549/6616/1894 9547/6614/1893
f 9550/6615/1894 9552/6617/1895 9551/6618/1895 9549/6616/1894
f 9552/6617/1895 9554/6619/1896 9553/6620/1896 9551/6618/1895
f 9554/6619/1896 9556/6621/1897 9555/6622/1897 9553/6620/1896
f 9556/6621/1897 9558/6623/1898 9557/6624/1898 9555/6622/1897
f 9558/6623/1898 9560/6625/1899 9559/6626/1899 9557/6624/1898
f 9560/6625/1899 9562/6627/1900 9561/6628/1900 9559/6626/1899
f 9562/6627/1900 9564/6629/1901 9563/6630/1901 9561/6628/1900
f 9564/6629/1901 9566/6631/1902 9565/6632/1902 9563/6630/1901
f 9566/6631/1902 9568/6633/1903 9567/6634/1903 9565/6632/1902
f 9568/6633/1903 9570/6635/1904 9569/6636/1904 9567/6634/1903
f 9570/6635/1904 9572/6637/1905 9571/6638/1905 9569/6636/1904
f 9572/6637/1905 9574/6639/1906 9573/6640/1906 9571/6638/1905
f 9574/6639/1906 9576/6641/1907 9575/6642/1907 9573/6640/1906
f 9576/6641/1907 9578/6643/1908 9577/6644/1908 9575/6642/1907
f 9578/6643/1908 9580/6645/1909 9579/6646/1909 9577/6644/1908
f 9580/6645/1909 9582/6647/1910 9581/6648/1910 9579/6646/1909
f 9582/6647/1910 9584/6649/1911 9583/6650/1911 9581/6648/1910
f 9584/6649/1911 9586/6651/1912 9585/6652/1912 9583/6650/1911
f 9586/6651/1912 9588/6653/1189 9587/6654/1189 9585/6652/1912
f 9588/6653/1189 9590/6655/1913 9589/6656/1913 9587/6654/1189
f 9590/6655/1913 9592/6657/1914 9591/6658/1914 9589/6656/1913
f 9592/6657/1914 9594/6659/1915 9593/6660/1915 9591/6658/1914
f 9594/6659/1915 9596/6661/1916 9595/6662/1916 9593/6660/1915
f 9596/6661/1916 9598/6663/1917 9597/6664/1917 9595/6662/1916
f 9598/6663/1917 9600/6665/1918 9599/6666/1918 9597/6664/1917
f 9600/6665/1918 9602/6667/1919 9601/6668/1919 9599/6666/1918
f 9602/6667/1919 9604/6669/1920 9603/6670/1920 9601/6668/1919
f 9604/6669/1920 9606/6671/1921 9605/6672/1921 9603/6670/1920
f 9606/6671/1921 9608/6673/1922 9607/6674/1922 9605/6672/1921
f 9608/6673/1922 9610/6675/1923 9609/6676/1923 9607/6674/1922
f 9610/6675/1923 9612/6677/1924 9611/6678/1924 9609/6676/1923
f 9612/6677/1924 9614/6679/1925 9613/6680/1925 9611/6678/1924
f 9614/6679/1925 9616/6681/1926 9615/6682/1926 9613/6680/1925
f 9616/6681/1926 9618/6683/1927 9617/6684/1927 9615/6682/1926
f 9618/6683/1927 9620/6685/1928 9619/6686/1928 9617/6684/1927
f 9620/6685/1928 9622/6687/1929 9621/6688/1929 9619/6686/1928
f 9622/6687/1929 9624/6689/1930 9623/6690/1930 9621/6688/1929
f 9624/6689/1930 9626/6691/1931 9625/6692/1931 9623/6690/1930
f 9626/6691/1931 9628/6693/1932 9627/6694/1932 9625/6692/1931
f 9628/6693/1932 9630/6695/1933 9629/6696/1933 9627/6694/1932
f 9630/6695/1933 9632/6697/1934 9631/6698/1934 9629/6696/1933
f 9632/6697/1934 9634/6699/1935 9633/6700/1935 9631/6698/1934
f 9634/6699/1935 9636/6701/484 9635/6702/484 9633/6700/1935
f 9636/6701/484 9638/6703/1936 9637/6704/1936 9635/6702/484
f 9638/6703/1936 9640/6705/1937 9639/6706/1937 9637/6704/1936
f 9640/6705/1937 9642/6707/1938 9641/6708/1938 9639/6706/1937
f 9642/6707/1938 9644/6709/1939 9643/6710/1939 9641/6708/1938
f 9644/6709/1939 9646/6711/1940 9645/6712/1940 9643/6710/1939
f 9646/6711/1940 9648/6713/1941 9647/6714/1941 9645/6712/1940
f 9648/6713/1941 9650/6715/1942 9649/6716/1942 9647/6714/1941
f 9650/6715/1942 9652/6717/1943 9651/6718/1943 9649/6716/1942
f 9652/6717/1943 9654/6719/1944 9653/6720/1944 9651/6718/1943
f 9654/6719/1944 9656/6721/1945 9655/6722/1945 9653/6720/1944
f 9656/6721/1945 9658/6723/1946 9657/6724/1946 9655/6722/1945
f 9658/6723/1946 9660/6725/1947 9659/6726/1947 9657/6724/1946
f 9660/6725/1947 9662/6727/1128 9661/6728/1128 9659/6726/1947
f 9662/6727/1128 9664/6729/1948 9663/6730/1948 9661/6728/1128
f 9664/6729/1948 9666/6731/1949 9665/6732/1949 9663/6730/1948
f 9666/6731/1949 9668/6733/1950 9667/6734/1950 9665/6732/1949
f 9668/6733/1950 9670/6735/1951 9669/6736/1951 9667/6734/1950
f 9670/6735/1951 9672/6737/1952 9671/6738/1952 9669/6736/1951
f 9672/6737/1952 9312/3919/1783 9311/46/1783 9671/6738/1952
f 9674/2764/1953 9676/6739/1954 9675/6740/1954 9673/227/1953
f 9676/6739/1954 9678/6741/1955 9677/6742/1955 9675/6740/1954
f 9678/6741/1955 9680/6743/1956 9679/6744/1956 9677/6742/1955
f 9680/6743/1956 9682/6745/1957 9681/6746/1957 9679/6744/1956
f 9682/6745/1957 9684/6747/1958 9683/6748/1958 9681/6746/1957
f 9684/6747/1958 9686/6749/1959 9685/6750/1959 9683/6748/1958
f 9686/6749/1959 9688/6751/1960 9687/6752/1960 9685/6750/1959
f 9688/6751/1960 9690/6753/1961 9689/6754/1961 9687/6752/1960
f 9690/6753/1961 9692/6755/1962 9691/6756/1962 9689/6754/1961
f 9692/6755/1962 9694/6757/1963 9693/6758/1963 9691/6756/1962
f 9694/6757/1963 9696/6759/1964 9695/6760/1964 9693/6758/1963
f 9696/6759/1964 9698/6761/1965 9697/6762/1965 9695/6760/1964
f 9698/6761/1965 9700/6763/1966 9699/6764/1966 9697/6762/1965
f 9700/6763/1966 9702/6765/1967 9701/6766/1967 9699/6764/1966
f 9702/6765/1967 9704/6767/1968 9703/6768/1968 9701/6766/1967
f 9704/6767/1968 9706/6769/1969 9705/6770/1969 9703/6768/1968
f 9706/6769/1969 9708/6771/1970 9707/6772/1970 9705/6770/1969
f 9708/6771/1970 9710/6773/1971 9709/6774/1971 9707/6772/1970
f 9710/6773/1971 9712/6775/1972 9711/6776/1972 9709/6774/1971
f 9712/6775/1972 9714/6777/1973 9713/6778/1973 9711/6776/1972
f 9714/6777/1973 9716/6779/1974 9715/6780/1974 9713/6778/1973
f 9716/6779/1974 9718/6781/1975 9717/6782/1975 9715/6780/1974
f 9718/6781/1975 9720/6783/736 9719/6784/736 9717/6782/1975
f 9720/6783/736 9722/6785/1976 9721/6786/1976 9719/6784/736
f 9722/6785/1976 9724/6787/1977 9723/6788/1977 9721/6786/1976
f 9724/6787/1977 9726/6789/1978 9725/6790/1978 9723/6788/1977
f 9726/6789/1978 9728/6791/1979 9727/6792/1979 9725/6790/1978
f 9728/6791/1979 9730/6793/1980 9729/6794/1980 9727/6792/1979
f 9730/6793/1980 9732/6795/1981 9731/6796/1981 9729/6794/1980
f 9732/6795/1981 9734/6797/1982 9733/6798/1982 9731/6796/1981
f 9734/6797/1982 9736/6799/1983 9735/6800/1983 9733/6798/1982
f 9736/6799/1983 9738/6801/1984 9737/6802/1984 9735/6800/1983
f 9738/6801/1984 9740/6803/1985 9739/6804/1985 9737/6802/1984
f 9740/6803/1985 9742/6805/1986 9741/6806/1986 9739/6804/1985
f 9742/6805/1986 9744/6807/1987 9743/6808/1987 9741/6806/1986
f 9744/6807/1987 9746/6809/1988 9745/6810/1988 9743/6808/1987
f 9746/6809/1988 9748/6811/1989 9747/6812/1989 9745/6810/1988
f 9748/6811/1989 9750/6813/1990 9749/6814/1990 9747/6812/1989
f 9750/6813/1990 9752/6815/1991 9751/6816/1991 9749/6814/1990
f 9752/6815/1991 9754/6817/1992 9753/6818/1992 9751/6816/1991
f 9754/6817/1992 9756/6819/1993 9755/6820/1993 9753/6818/1992
f 9756/6819/1993 9758/6821/1994 9757/6822/1994 9755/6820/1993
f 9758/6821/1994 9760/6823/1995 9759/6824/1995 9757/6822/1994
f 9760/6823/1995 9762/6825/1996 9761/6826/1996 9759/6824/1995
f 9762/6825/1996 9764/6827/1997 9763/6828/1997 9761/6826/1996
f 9764/6827/1997 9766/6829/1998 9765/6830/1998 9763/6828/1997
f 9766/6829/1998 9768/6831/1999 9767/6832/1999 9765/6830/1998
f 9768/6831/1999 9770/6833/2000 9769/6834/2000 9767/6832/1999
f 9770/6833/2000 9772/6835/2001 9771/6836/2001 9769/6834/2000
f 9772/6835/2001 9774/6837/2002 9773/6838/2002 9771/6836/2001
f 9774/6837/2002 9776/6839/2003 9775/6840/2003 9773/6838/2002
f 9776/6839/2003 9778/6841/2004 9777/6842/2004 9775/6840/2003
f 9778/6841/2004 9780/6843/2005 9779/6844/2005 9777/6842/2004
f 9780/6843/2005 9782/6845/2006 9781/6846/2006 9779/6844/2005
f 9782/6845/2006 9784/6847/2007 9783/6848/2007 9781/6846/2006
f 9784/6847/2007 9786/6849/2008 9785/6850/2008 9783/6848/2007
f 9786/6849/2008 9788/6851/2009 9787/6852/2009 9785/6850/2008
f 9788/6851/2009 9790/6853/2010 9789/6854/2010 9787/6852/2009
f 9790/6853/2010 9792/6855/2011 9791/6856/2011 9789/6854/2010
f 9792/6855/2011 9794/6857/2012 9793/6858/2012 9791/6856/2011
f 9794/6857/2012 9796/6859/2013 9795/6860/2013 9793/6858/2012
f 9796/6859/2013 9798/6861/2014 9797/6862/2014 9795/6860/2013
f 9798/6861/2014 9800/6863/2015 9799/6864/2015 9797/6862/2014
f 9800/6863/2015 9802/6865/2016 9801/6866/2016 9799/6864/2015
f 9802/6865/2016 9804/6867/2017 9803/6868/2017 9801/6866/2016
f 9804/6867/2017 9806/6869/2018 9805/6870/2018 9803/6868/2017
f 9806/6869/2018 9808/4667/2019 9807/1036/2019 9805/6870/2018
f 9808/4667/2019 9810/6871/2020 9809/6872/2020 9807/1036/2019
f 9810/6871/2020 9812/6873/2021 9811/6874/2021 9809/6872/2020
f 9812/6873/2021 9814/6875/2022 9813/6876/2022 9811/6874/2021
f 9814/6875/2022 9816/6877/1025 9815/6878/1025 9813/6876/2022
f 9816/6877/1025 9818/6879/2023 9817/6880/2023 9815/6878/1025
f 9818/6879/2023 9820/6881/2024 9819/6882/2024 9817/6880/2023
f 9820/6881/2024 9822/6883/2025 9821/6884/2025 9819/6882/2024
f 9822/6883/2025 9824/6885/2026 9823/6886/2026 9821/6884/2025
f 9824/6885/2026 9826/6887/2027 9825/6888/2027 9823/6886/2026
f 9826/6887/2027 9828/6889/2028 9827/6890/2028 9825/6888/2027
f 9828/6889/2028 9830/6891/2029 9829/6892/2029 9827/6890/2028
f 9830/6891/2029 9832/6893/2030 9831/6894/2030 9829/6892/2029
f 9832/6893/2030 9834/6895/2031 9833/6896/2031 9831/6894/2030
f 9834/6895/2031 9836/6897/2032 9835/6898/2032 9833/6896/2031
f 9836/6897/2032 9838/6899/2033 9837/6900/2033 9835/6898/2032
f 9838/6899/2033 9840/6901/2034 9839/6902/2034 9837/6900/2033
f 9840/6901/2034 9842/6903/2035 9841/6904/2035 9839/6902/2034
f 9842/6903/2035 9844/6905/2036 9843/6906/2036 9841/6904/2035
f 9844/6905/2036 9846/6907/2037 9845/6908/2037 9843/6906/2036
f 9846/6907/2037 9848/6909/2038 9847/6910/2038 9845/6908/2037
f 9848/6909/2038 9850/6911/2039 9849/6912/2039 9847/6910/2038
f 9850/6911/2039 9852/6913/2040 9851/6914/2040 9849/6912/2039
f 9852/6913/2040 9854/6915/2041 9853/6916/2041 9851/6914/2040
f 9854/6915/2041 9856/6917/2042 9855/6918/2042 9853/6916/2041
f 9856/6917/2042 9858/6919/2043 9857/6920/2043 9855/6918/2042
f 9858/6919/2043 9860/6921/2044 9859/6922/2044 9857/6920/2043
f 9860/6921/2044 9862/6923/2045 9861/6924/2045 9859/6922/2044
f 9862/6923/2045 9864/6925/2046 9863/6926/2046 9861/6924/2045
f 9864/6925/2046 9866/6927/2047 9865/6928/2047 9863/6926/2046
f 9866/6927/2047 9868/6929/2048 9867/6930/2048 9865/6928/2047
f 9868/6929/2048 9870/6931/2049 9869/6932/2049 9867/6930/2048
f 9870/6931/2049 9872/6933/2050 9871/6934/2050 9869/6932/2049
f 9872/6933/2050 9874/6935/2051 9873/6936/2051 9871/6934/2050
f 9874/6935/2051 9876/6937/2052 9875/6938/2052 9873/6936/2051
f 9876/6937/2052 9878/6939/2053 9877/6940/2053 9875/6938/2052
f 9878/6939/2053 9880/6941/2054 9879/6942/2054 9877/6940/2053
f 9880/6941/2054 9882/6943/2055 9881/6944/2055 9879/6942/2054
f 9882/6943/2055 9884/6945/2056 9883/6946/2056 9881/6944/2055
f 9884/6945/2056 9886/6947/2057 9885/6948/2057 9883/6946/2056
f 9886/6947/2057 9888/6949/2058 9887/6950/2058 9885/6948/2057
f 9888/6949/2058 9890/6951/2059 9889/6952/2059 9887/6950/2058
f 9890/6951/2059 9892/6953/2060 9891/6954/2060 9889/6952/2059
f 9892/6953/2060 9894/6955/2061 9893/6956/2061 9891/6954/2060
f 9894/6955/2061 9896/6957/2062 9895/6958/2062 9893/6956/2061
f 9896/6957/2062 9898/6959/2063 9897/6960/2063 9895/6958/2062
f 9898/6959/2063 9900/6961/776 9899/6962/776 9897/6960/2063
f 9900/6961/776 9902/6963/2064 9901/6964/2064 9899/6962/776
f 9902/6963/2064 9904/6965/2065 9903/6966/2065 9901/6964/2064
f 9904/6965/2065 9906/6967/2066 9905/6968/2066 9903/6966/2065
f 9906/6967/2066 9908/6969/2067 9907/6970/2067 9905/6968/2066
f 9908/6969/2067 9910/6971/2068 9909/6972/2068 9907/6970/2067
f 9910/6971/2068 9912/6973/2069 9911/6974/2069 9909/6972/2068
f 9912/6973/2069 9914/6975/1581 9913/6976/1581 9911/6974/2069
f 9914/6975/1581 9916/6977/2070 9915/6978/2070 9913/6976/1581
f 9916/6977/2070 9918/6979/2071 9917/6980/2071 9915/6978/2070
f 9918/6979/2071 9920/6981/2072 9919/6982/2072 9917/6980/2071
f 9920/6981/2072 9922/6983/2073 9921/6984/2073 9919/6982/2072
f 9922/6983/2073 9924/6985/2074 9923/6986/2074 9921/6984/2073
f 9924/6985/2074 9926/6987/2075 9925/6988/2075 9923/6986/2074
f 9926/6987/2075 9928/6989/2076 9927/6990/2076 9925/6988/2075
f 9928/6989/2076 9930/6991/2077 9929/6992/2077 9927/6990/2076
f 9930/6991/2077 9932/6993/2078 9931/6994/2078 9929/6992/2077
f 9932/6993/2078 9934/6995/2079 9933/6996/2079 9931/6994/2078
f 9934/6995/2079 9936/6997/2080 9935/6998/2080 9933/6996/2079
f 9936/6997/2080 9938/6999/2081 9937/7000/2081 9935/6998/2080
f 9938/6999/2081 9940/7001/2082 9939/7002/2082 9937/7000/2081
f 9940/7001/2082 9942/3149/2083 9941/1202/2083 9939/7002/2082
f 9942/3149/2083 9944/7003/2084 9943/7004/2084 9941/1202/2083
f 9944/7003/2084 9946/7005/2085 9945/7006/2085 9943/7004/2084
f 9946/7005/2085 9948/7007/2086 9947/7008/2086 9945/7006/2085
f 9948/7007/2086 9950/7009/2087 9949/7010/2087 9947/7008/2086
f 9950/7009/2087 9952/7011/2088 9951/7012/2088 9949/7010/2087
f 9952/7011/2088 9954/7013/2089 9953/7014/2089 9951/7012/2088
f 9954/7013/2089 9956/7015/2090 9955/7016/2090 9953/7014/2089
f 9956/7015/2090 9958/7017/2091 9957/7018/2091 9955/7016/2090
f 9958/7017/2091 9960/7019/2092 9959/7020/2092 9957/7018/2091
f 9960/7019/2092 9962/7021/2093 9961/7022/2093 9959/7020/2092
f 9962/7021/2093 9964/7023/2094 9963/7024/2094 9961/7022/2093
f 9964/7023/2094 9966/7025/2095 9965/7026/2095 9963/7024/2094
f 9966/7025/2095 9968/7027/2096 9967/7028/2096 9965/7026/2095
f 9968/7027/2096 9970/7029/2097 9969/7030/2097 9967/7028/2096
f 9970/7029/2097 9972/7031/2098 9971/7032/2098 9969/7030/2097
f 9972/7031/2098 9974/7033/2099 9973/7034/2099 9971/7032/2098
f 9974/7033/2099 9976/7035/2100 9975/7036/2100 9973/7034/2099
f 9976/7035/2100 9978/7037/953 9977/7038/953 9975/7036/2100
f 9978/7037/953 9980/7039/2101 9979/7040/2101 9977/7038/953
f 9980/7039/2101 9982/7041/2102 9981/7042/2102 9979/7040/2101
f 9982/7041/2102 9984/7043/2103 9983/7044/2103 9981/7042/2102
f 9984/7043/2103 9986/7045/2104 9985/7046/2104 9983/7044/2103
f 9986/7045/2104 9988/7047/2105 9987/7048/2105 9985/7046/2104
f 9988/7047/2105 9990/7049/2106 9989/7050/2106 9987/7048/2105
f 9990/7049/2106 9992/7051/2107 9991/7052/2107 9989/7050/2106
f 9992/7051/2107 9994/7053/2108 9993/7054/2108 9991/7052/2107
f 9994/7053/2108 9996/7055/2109 9995/7056/2109 9993/7054/2108
f 9996/7055/2109 9998/7057/2110 9997/7058/2110 9995/7056/2109
f 9998/7057/2110 10000/7059/2111 9999/7060/2111 9997/7058/2110
f 10000/7059/2111 10002/7061/2112 10001/7062/2112 9999/7060/2111
f 10002/7061/2112 10004/7063/2113 10003/7064/2113 10001/7062/2112
f 10004/7063/2113 10006/7065/2114 10005/7066/2114 10003/7064/2113
f 10006/7065/2114 10008/7067/2115 10007/7068/2115 10005/7066/2114
f 10008/7067/2115 10010/7069/2116 10009/7070/2116 10007/7068/2115
f 10010/7069/2116 10012/7071/2117 10011/7072/2117 10009/7070/2116
f 10012/7071/2117 10014/7073/2118 10013/7074/2118 10011/7072/2117
f 10014/7073/2118 10016/7075/750 10015/7076/750 10013/7074/2118
f 10016/7075/750 10018/7077/2119 10017/7078/2119 10015/7076/750
f 10018/7077/2119 10020/7079/2120 10019/7080/2120 10017/7078/2119
f 10020/7079/2120 10022/7081/358 10021/7082/358 10019/7080/2120
f 10022/7081/358 10024/7083/2121 10023/7084/2121 10021/7082/358
f 10024/7083/2121 10026/7085/2122 10025/7086/2122 10023/7084/2121
f 10026/7085/2122 10028/7087/2123 10027/7088/2123 10025/7086/2122
f 10028/7087/2123 10030/7089/2124 10029/7090/2124 10027/7088/2123
f 10030/7089/2124 10032/7091/2125 10031/7092/2125 10029/7090/2124
f 10032/7091/2125 10034/7093/2126 10033/7094/2126 10031/7092/2125
f 10034/7093/2126 10036/7095/2127 10035/7096/2127 10033/7094/2126
f 10036/7095/2127 10038/7097/2128 10037/7098/2128 10035/7096/2127
f 10038/7097/2128 10040/7099/2129 10039/7100/2129 10037/7098/2128
f 10040/7099/2129 10042/7101/2130 10041/7102/2130 10039/7100/2129
f 10042/7101/2130 10044/7103/2131 10043/7104/2131 10041/7102/2130
f 10044/7103/2131 10046/7105/2132 10045/7106/2132 10043/7104/2131
f 10046/7105/2132 10048/7107/2133 10047/7108/2133 10045/7106/2132
f 10048/7107/2133 10050/7109/2134 10049/7110/2134 10047/7108/2133
f 10050/7109/2134 10052/7111/2135 10051/7112/2135 10049/7110/2134
f 10052/7111/2135 10054/7113/2136 10053/7114/2136 10051/7112/2135
f 10054/7113/2136 10056/7115/2137 10055/7116/2137 10053/7114/2136
f 10056/7115/2137 10058/7117/2138 10057/7118/2138 10055/7116/2137
f 10058/7117/2138 10060/7119/2139 10059/7120/2139 10057/7118/2138
f 10060/7119/2139 10062/7121/2140 10061/7122/2140 10059/7120/2139
f 10062/7121/2140 10064/7123/2141 10063/7124/2141 10061/7122/2140
f 10064/7123/2141 10066/7125/2142 10065/7126/2142 10063/7124/2141
f 10066/7125/2142 10068/7127/2143 10067/7128/2143 10065/7126/2142
f 10068/7127/2143 10070/7129/2144 10069/7130/2144 10067/7128/2143
f 10070/7129/2144 10072/7131/2145 10071/7132/2145 10069/7130/2144
f 10072/7131/2145 10074/7133/1095 10073/7134/1095 10071/7132/2145
f 10074/7133/1095 10076/4504/2146 10075/1127/2146 10073/7134/1095
f 10076/4504/2146 10078/7135/2147 10077/7136/2147 10075/1127/2146
f 10078/7135/2147 10080/7137/2148 10079/7138/2148 10077/7136/2147
f 10080/7137/2148 10082/7139/2149 10081/7140/2149 10079/7138/2148
f 10082/7139/2149 10084/7141/2150 10083/7142/2150 10081/7140/2149
f 10084/7141/2150 10086/7143/2151 10085/7144/2151 10083/7142/2150
f 10086/7143/2151 10088/7145/2152 10087/7146/2152 10085/7144/2151
f 10088/7145/2152 10090/7147/2153 10089/7148/2153 10087/7146/2152
f 10090/7147/2153 10092/7149/2154 10091/7150/2154 10089/7148/2153
f 10092/7149/2154 10094/7151/2155 10093/7152/2155 10091/7150/2154
f 10094/7151/2155 10096/7153/2156 10095/7154/2156 10093/7152/2155
f 10096/7153/2156 10098/7155/2157 10097/7156/2157 10095/7154/2156
f 10098/7155/2157 10100/7157/1954 10099/7158/1954 10097/7156/2157
f 10100/7157/1954 10102/7159/2158 10101/7160/2158 10099/7158/1954
f 10102/7159/2158 10104/7161/2159 10103/7162/2159 10101/7160/2158
f 10104/7161/2159 10106/7163/2160 10105/7164/2160 10103/7162/2159
f 10106/7163/2160 10108/7165/2161 10107/7166/2161 10105/7164/2160
f 10108/7165/2161 10110/7167/2162 10109/7168/2162 10107/7166/2161
f 10110/7167/2162 10112/7169/2163 10111/7170/2163 10109/7168/2162
f 10112/7169/2163 10114/7171/2164 10113/7172/2164 10111/7170/2163
f 10114/7171/2164 10116/7173/2165 10115/7174/2165 10113/7172/2164
f 10116/7173/2165 10118/7175/2166 10117/7176/2166 10115/7174/2165
f 10118/7175/2166 10120/7177/2167 10119/7178/2167 10117/7176/2166
f 10120/7177/2167 10122/7179/2168 10121/7180/2168 10119/7178/2167
f 10122/7179/2168 10124/7181/2169 10123/7182/2169 10121/7180/2168
f 10124/7181/2169 10126/7183/2170 10125/7184/2170 10123/7182/2169
f 10126/7183/2170 10128/7185/2171 10127/7186/2171 10125/7184/2170
f 10128/7185/2171 10130/7187/2172 10129/7188/2172 10127/7186/2171
f 10130/7187/2172 10132/7189/2173 10131/7190/2173 10129/7188/2172
f 10132/7189/2173 10134/7191/2174 10133/7192/2174 10131/7190/2173
f 10134/7191/2174 10136/7193/2175 10135/7194/2175 10133/7192/2174
f 10136/7193/2175 10138/7195/2176 10137/7196/2176 10135/7194/2175
f 10138/7195/2176 10140/7197/2177 10139/7198/2177 10137/7196/2176
f 10140/7197/2177 10142/7199/2178 10141/7200/2178 10139/7198/2177
f 10142/7199/2178 10144/7201/2179 10143/7202/2179 10141/7200/2178
f 10144/7201/2179 10146/7203/2180 10145/7204/2180 10143/7202/2179
f 10146/7203/2180 10148/7205/2181 10147/7206/2181 10145/7204/2180
f 10148/7205/2181 10150/7207/2182 10149/7208/2182 10147/7206/2181
f 10150/7207/2182 10152/7209/2183 10151/7210/2183 10149/7208/2182
f 10152/7209/2183 10154/7211/1750 10153/7212/1750 10151/7210/2183
f 10154/7211/1750 10156/7213/2184 10155/7214/2184 10153/7212/1750
f 10156/7213/2184 10158/7215/2185 10157/7216/2185 10155/7214/2184
f 10158/7215/2185 10160/7217/2186 10159/7218/2186 10157/7216/2185
f 10160/7217/2186 10162/7219/2187 10161/7220/2187 10159/7218/2186
f 10162/7219/2187 10164/7221/2188 10163/7222/2188 10161/7220/2187
f 10164/7221/2188 10166/7223/2189 10165/7224/2189 10163/7222/2188
f 10166/7223/2189 10168/7225/78 10167/7226/78 10165/7224/2189
f 10168/7225/78 10170/7227/2190 10169/7228/2190 10167/7226/78
f 10170/7227/2190 10172/7229/2191 10171/7230/2191 10169/7228/2190
f 10172/7229/2191 10174/7231/2192 10173/7232/2192 10171/7230/2191
f 10174/7231/2192 10176/7233/2193 10175/7234/2193 10173/7232/2192
f 10176/7233/2193 10178/7235/2194 10177/7236/2194 10175/7234/2193
f 10178/7235/2194 10180/7237/2195 10179/7238/2195 10177/7236/2194
f 10180/7237/2195 10182/7239/2196 10181/7240/2196 10179/7238/2195
f 10182/7239/2196 10184/7241/2197 10183/7242/2197 10181/7240/2196
f 10184/7241/2197 10186/7243/2198 10185/7244/2198 10183/7242/2197
f 10186/7243/2198 10188/7245/705 10187/7246/705 10185/7244/2198
f 10188/7245/705 10190/7247/2066 10189/7248/2066 10187/7246/705
f 10190/7247/2066 10192/7249/2066 10191/7250/2066 10189/7248/2066
f 10192/7249/2066 10194/7251/705 10193/7252/705 10191/7250/2066
f 10194/7251/705 10196/7253/705 10195/7254/705 10193/7252/705
f 10196/7253/705 10198/7255/2066 10197/7256/2066 10195/7254/705
f 10198/7255/2066 10200/7257/705 10199/7258/705 10197/7256/2066
f 10200/7257/705 10202/7259/2199 10201/7260/2199 10199/7258/705
f 10202/7259/2199 10204/7261/705 10203/7262/705 10201/7260/2199
f 10204/7261/705 10206/7263/2066 10205/7264/2066 10203/7262/705
f 10206/7263/2066 10208/7265/705 10207/7266/705 10205/7264/2066
f 10208/7265/705 10210/3534/2200 10209/728/2200 10207/7266/705
f 10210/3534/2200 10212/7267/2201 10211/7268/2201 10209/728/2200
f 10212/7267/2201 10214/7269/1460 10213/7270/1460 10211/7268/2201
f 10214/7269/1460 10216/7271/2202 10215/7272/2202 10213/7270/1460
f 10216/7271/2202 10218/7273/2203 10217/7274/2203 10215/7272/2202
f 10218/7273/2203 10220/7275/2204 10219/7276/2204 10217/7274/2203
f 10220/7275/2204 10222/7277/2205 10221/7278/2205 10219/7276/2204
f 10222/7277/2205 10224/7279/2206 10223/7280/2206 10221/7278/2205
f 10224/7279/2206 10226/7281/1810 10225/7282/1810 10223/7280/2206
f 10226/7281/1810 10228/7283/2207 10227/7284/2207 10225/7282/1810
f 10228/7283/2207 10230/7285/2208 10229/7286/2208 10227/7284/2207
f 10230/7285/2208 10232/7287/2209 10231/7288/2209 10229/7286/2208
f 10232/7287/2209 10234/7289/2210 10233/7290/2210 10231/7288/2209
f 10234/7289/2210 10236/7291/2211 10235/7292/2211 10233/7290/2210
f 10236/7291/2211 10238/7293/2212 10237/7294/2212 10235/7292/2211
f 10238/7293/2212 10240/7295/2213 10239/7296/2213 10237/7294/2212
f 10240/7295/2213 10242/7297/2214 10241/7298/2214 10239/7296/2213
f 10242/7297/2214 10244/7299/2215 10243/7300/2215 10241/7298/2214
f 10244/7299/2215 10246/7301/183 10245/7302/183 10243/7300/2215
f 10246/7301/183 10248/7303/2216 10247/7304/2216 10245/7302/183
f 10248/7303/2216 10250/7305/2217 10249/7306/2217 10247/7304/2216
f 10250/7305/2217 10252/7307/2218 10251/7308/2218 10249/7306/2217
f 10252/7307/2218 10254/7309/2219 10253/7310/2219 10251/7308/2218
f 10254/7309/2219 10256/7311/2220 10255/7312/2220 10253/7310/2219
f 10256/7311/2220 10258/7313/2221 10257/7314/2221 10255/7312/2220
f 10258/7313/2221 10260/7315/2222 10259/7316/2222 10257/7314/2221
f 10260/7315/2222 10262/7317/2223 10261/7318/2223 10259/7316/2222
f 10262/7317/2223 10264/7319/2224 10263/7320/2224 10261/7318/2223
f 10264/7319/2224 10266/7321/2225 10265/7322/2225 10263/7320/2224
f 10266/7321/2225 10268/7323/2226 10267/7324/2226 10265/7322/2225
f 10268/7323/2226 10270/7325/2227 10269/7326/2227 10267/7324/2226
f 10270/7325/2227 10272/7327/2228 10271/7328/2228 10269/7326/2227
f 10272/7327/2228 10274/7329/2229 10273/7330/2229 10271/7328/2228
f 10274/7329/2229 10276/7331/2230 10275/7332/2230 10273/7330/2229
f 10276/7331/2230 10278/7333/2231 10277/7334/2231 10275/7332/2230
f 10278/7333/2231 10280/7335/2232 10279/7336/2232 10277/7334/2231
f 10280/7335/2232 10282/7337/2233 10281/7338/2233 10279/7336/2232
f 10282/7337/2233 10284/7339/2234 10283/7340/2234 10281/7338/2233
f 10284/7339/2234 10286/7341/2235 10285/7342/2235 10283/7340/2234
f 10286/7341/2235 10288/7343/2236 10287/7344/2236 10285/7342/2235
f 10288/7343/2236 10290/7345/2237 10289/7346/2237 10287/7344/2236
f 10290/7345/2237 10292/7347/2238 10291/7348/2238 10289/7346/2237
f 10292/7347/2238 10294/7349/2239 10293/7350/2239 10291/7348/2238
f 10294/7349/2239 10296/7351/2240 10295/7352/2240 10293/7350/2239
f 10296/7351/2240 10298/7353/2241 10297/7354/2241 10295/7352/2240
f 10298/7353/2241 10300/7355/2242 10299/7356/2242 10297/7354/2241
f 10300/7355/2242 10302/7357/2243 10301/7358/2243 10299/7356/2242
f 10302/7357/2243 10304/7359/2244 10303/7360/2244 10301/7358/2243
f 10304/7359/2244 10306/7361/2245 10305/7362/2245 10303/7360/2244
f 10306/7361/2245 10308/7363/2246 10307/7364/2246 10305/7362/2245
f 10308/7363/2246 10310/7365/2247 10309/7366/2247 10307/7364/2246
f 10310/7365/2247 10312/7367/2248 10311/7368/2248 10309/7366/2247
f 10312/7367/2248 10314/7369/2249 10313/7370/2249 10311/7368/2248
f 10314/7369/2249 10316/7371/2250 10315/7372/2250 10313/7370/2249
f 10316/7371/2250 10318/7373/2251 10317/7374/2251 10315/7372/2250
f 10318/7373/2251 10320/7375/2252 10319/7376/2252 10317/7374/2251
f 10320/7375/2252 10322/7377/2253 10321/7378/2253 10319/7376/2252
f 10322/7377/2253 10324/7379/2254 10323/7380/2254 10321/7378/2253
f 10324/7379/2254 10326/7381/601 10325/7382/601 10323/7380/2254
f 10326/7381/601 10328/7383/2255 10327/7384/2255 10325/7382/601
f 10328/7383/2255 10330/7385/2256 10329/7386/2256 10327/7384/2255
f 10330/7385/2256 10332/7387/2257 10331/7388/2257 10329/7386/2256
f 10332/7387/2257 10334/7389/2258 10333/7390/2258 10331/7388/2257
f 10334/7389/2258 10336/7391/2259 10335/7392/2259 10333/7390/2258
f 10336/7391/2259 10338/7393/2260 10337/7394/2260 10335/7392/2259
f 10338/7393/2260 10340/7395/2261 10339/7396/2261 10337/7394/2260
f 10340/7395/2261 10342/7397/2262 10341/7398/2262 10339/7396/2261
f 10342/7397/2262 10344/4974/2263 10343/866/2263 10341/7398/2262
f 10344/4974/2263 10346/7399/2264 10345/7400/2264 10343/866/2263
f 10346/7399/2264 10348/7401/2265 10347/7402/2265 10345/7400/2264
f 10348/7401/2265 10350/7403/2266 10349/7404/2266 10347/7402/2265
f 10350/7403/2266 10352/7405/1268 10351/7406/1268 10349/7404/2266
f 10352/7405/1268 10354/7407/2267 10353/7408/2267 10351/7406/1268
f 10354/7407/2267 10356/7409/1911 10355/7410/1911 10353/7408/2267
f 10356/7409/1911 10358/7411/2268 10357/7412/2268 10355/7410/1911
f 10358/7411/2268 10360/7413/2269 10359/7414/2269 10357/7412/2268
f 10360/7413/2269 10362/7415/2270 10361/7416/2270 10359/7414/2269
f 10362/7415/2270 10364/7417/2271 10363/7418/2271 10361/7416/2270
f 10364/7417/2271 10366/7419/2272 10365/7420/2272 10363/7418/2271
f 10366/7419/2272 10368/7421/2273 10367/7422/2273 10365/7420/2272
f 10368/7421/2273 10370/7423/2274 10369/7424/2274 10367/7422/2273
f 10370/7423/2274 10372/7425/2275 10371/7426/2275 10369/7424/2274
f 10372/7425/2275 10374/7427/2276 10373/7428/2276 10371/7426/2275
f 10374/7427/2276 10376/7429/2277 10375/7430/2277 10373/7428/2276
f 10376/7429/2277 10378/7431/2278 10377/7432/2278 10375/7430/2277
f 10378/7431/2278 10380/7433/2279 10379/7434/2279 10377/7432/2278
f 10380/7433/2279 10382/7435/2280 10381/7436/2280 10379/7434/2279
f 10382/7435/2280 10384/7437/2281 10383/7438/2281 10381/7436/2280
f 10384/7437/2281 10386/7439/2282 10385/7440/2282 10383/7438/2281
f 10386/7439/2282 10388/7441/2283 10387/7442/2283 10385/7440/2282
f 10388/7441/2283 10390/7443/2284 10389/7444/2284 10387/7442/2283
f 10390/7443/2284 10392/7445/2285 10391/7446/2285 10389/7444/2284
f 10392/7445/2285 10394/7447/2286 10393/7448/2286 10391/7446/2285
f 10394/7447/2286 10396/7449/562 10395/7450/562 10393/7448/2286
f 10396/7449/562 10398/7451/2287 10397/7452/2287 10395/7450/562
f 10398/7451/2287 10400/7453/2288 10399/7454/2288 10397/7452/2287
f 10400/7453/2288 10402/7455/2289 10401/7456/2289 10399/7454/2288
f 10402/7455/2289 10404/7457/2290 10403/7458/2290 10401/7456/2289
f 10404/7457/2290 10406/7459/2291 10405/7460/2291 10403/7458/2290
f 10406/7459/2291 10408/7461/2292 10407/7462/2292 10405/7460/2291
f 10408/7461/2292 10410/7463/2293 10409/7464/2293 10407/7462/2292
f 10410/7463/2293 10412/7465/2294 10411/7466/2294 10409/7464/2293
f 10412/7465/2294 10414/7467/2295 10413/7468/2295 10411/7466/2294
f 10414/7467/2295 10416/7469/2296 10415/7470/2296 10413/7468/2295
f 10416/7469/2296 10418/7471/2297 10417/7472/2297 10415/7470/2296
f 10418/7471/2297 10420/7473/2298 10419/7474/2298 10417/7472/2297
f 10420/7473/2298 10422/7475/2299 10421/7476/2299 10419/7474/2298
f 10422/7475/2299 10424/7477/2300 10423/7478/2300 10421/7476/2299
f 10424/7477/2300 10426/7479/2301 10425/7480/2301 10423/7478/2300
f 10426/7479/2301 10428/7481/2302 10427/7482/2302 10425/7480/2301
f 10428/7481/2302 10430/7483/2303 10429/7484/2303 10427/7482/2302
f 10430/7483/2303 10432/7485/2304 10431/7486/2304 10429/7484/2303
f 10432/7485/2304 10434/7487/2305 10433/7488/2305 10431/7486/2304
f 10434/7487/2305 10436/7489/2306 10435/7490/2306 10433/7488/2305
f 10436/7489/2306 10438/7491/2307 10437/7492/2307 10435/7490/2306
f 10438/7491/2307 10440/7493/1229 10439/7494/1229 10437/7492/2307
f 10440/7493/1229 10442/7495/2308 10441/7496/2308 10439/7494/1229
f 10442/7495/2308 10444/7497/2309 10443/7498/2309 10441/7496/2308
f 10444/7497/2309 10446/7499/2310 10445/7500/2310 10443/7498/2309
f 10446/7499/2310 10448/7501/2311 10447/7502/2311 10445/7500/2310
f 10448/7501/2311 10450/7503/2312 10449/7504/2312 10447/7502/2311
f 10450/7503/2312 10452/7505/2313 10451/7506/2313 10449/7504/2312
f 10452/7505/2313 10454/7507/2314 10453/7508/2314 10451/7506/2313
f 10454/7507/2314 10456/7509/2315 10455/7510/2315 10453/7508/2314
f 10456/7509/2315 10458/7511/2316 10457/7512/2316 10455/7510/2315
f 10458/7511/2316 10460/7513/2317 10459/7514/2317 10457/7512/2316
f 10460/7513/2317 10462/7515/2318 10461/7516/2318 10459/7514/2317
f 10462/7515/2318 10464/7517/2319 10463/7518/2319 10461/7516/2318
f 10464/7517/2319 10466/7519/2320 10465/7520/2320 10463/7518/2319
f 10466/7519/2320 10468/7521/2321 10467/7522/2321 10465/7520/2320
f 10468/7521/2321 10470/7523/2322 10469/7524/2322 10467/7522/2321
f 10470/7523/2322 10472/7525/2323 10471/7526/2323 10469/7524/2322
f 10472/7525/2323 10474/7527/2324 10473/7528/2324 10471/7526/2323
f 10474/7527/2324 10476/7529/2325 10475/7530/2325 10473/7528/2324
f 10476/7529/2325 9674/3919/1953 9673/46/1953 10475/7530/2325
f 10478/2764/301 10480/7531/2305 10479/7532/2305 10477/227/301
f 10480/7531/2305 10482/7533/2326 10481/7534/2326 10479/7532/2305
f 10482/7533/2326 10484/5219/2327 10483/5220/2327 10481/7534/2326
f 10484/5219/2327 10486/7535/2328 10485/7536/2328 10483/5220/2327
f 10486/7535/2328 10488/7537/2329 10487/7538/2329 10485/7536/2328
f 10488/7537/2329 10490/5237/2330 10489/5238/2330 10487/7538/2329
f 10490/5237/2330 10492/4627/2331 10491/4628/2331 10489/5238/2330
f 10492/4627/2331 10494/7539/2332 10493/7540/2332 10491/4628/2331
f 10494/7539/2332 10496/5253/2333 10495/5254/2333 10493/7540/2332
f 10496/5253/2333 10498/7541/2334 10497/7542/2334 10495/5254/2333
f 10498/7541/2334 10500/7543/2335 10499/7544/2335 10497/7542/2334
f 10500/7543/2335 10502/5271/2336 10501/5272/2336 10499/7544/2335
f 10502/5271/2336 10504/7545/2337 10503/7546/2337 10501/5272/2336
f 10504/7545/2337 10506/4667/2338 10505/1036/2338 10503/7546/2337
f 10506/4667/2338 10508/5287/2339 10507/5288/2339 10505/1036/2338
f 10508/5287/2339 10510/7547/2340 10509/7548/2340 10507/5288/2339
f 10510/7547/2340 10512/7549/2341 10511/7550/2341 10509/7548/2340
f 10512/7549/2341 10514/5305/2342 10513/5306/2342 10511/7550/2341
f 10514/5305/2342 10516/7551/2343 10515/7552/2343 10513/5306/2342
f 10516/7551/2343 10518/7553/2344 10517/7554/2344 10515/7552/2343
f 10518/7553/2344 10520/4705/2345 10519/2672/2345 10517/7554/2344
f 10520/4705/2345 10522/7555/2346 10521/7556/2346 10519/2672/2345
f 10522/7555/2346 10524/7557/2347 10523/7558/2347 10521/7556/2346
f 10524/7557/2347 10526/5339/2348 10525/5340/2348 10523/7558/2347
f 10526/5339/2348 10528/7559/2349 10527/7560/2349 10525/5340/2348
f 10528/7559/2349 10530/7561/2350 10529/7562/2350 10527/7560/2349
f 10530/7561/2350 10532/5357/2351 10531/5358/2351 10529/7562/2350
f 10532/5357/2351 10534/3149/2352 10533/1202/2352 10531/5358/2351
f 10534/3149/2352 10536/7563/2353 10535/7564/2353 10533/1202/2352
f 10536/7563/2353 10538/5373/2354 10537/5374/2354 10535/7564/2353
f 10538/5373/2354 10540/7565/2355 10539/7566/2355 10537/5374/2354
f 10540/7565/2355 10542/7567/2356 10541/7568/2356 10539/7566/2355
f 10542/7567/2356 10544/5391/2357 10543/5392/2357 10541/7568/2356
f 10544/5391/2357 10546/7569/2358 10545/7570/2358 10543/5392/2357
f 10546/7569/2358 10548/4781/2359 10547/4782/2359 10545/7570/2358
f 10548/4781/2359 10550/5407/2360 10549/5408/2360 10547/4782/2359
f 10550/5407/2360 10552/7571/2361 10551/7572/2361 10549/5408/2360
f 10552/7571/2361 10554/7573/2362 10553/7574/2362 10551/7572/2361
f 10554/7573/2362 10556/5425/2363 10555/5426/2363 10553/7574/2362
f 10556/5425/2363 10558/7575/2364 10557/7576/2364 10555/5426/2363
f 10558/7575/2364 10560/7577/2365 10559/7578/2365 10557/7576/2364
f 10560/7577/2365 10562/4504/2366 10561/1127/2366 10559/7578/2365
f 10562/4504/2366 10564/7579/2367 10563/7580/2367 10561/1127/2366
f 10564/7579/2367 10566/7581/2368 10565/7582/2368 10563/7580/2367
f 10566/7581/2368 10568/5459/2369 10567/5460/2369 10565/7582/2368
f 10568/5459/2369 10570/7583/2370 10569/7584/2370 10567/5460/2369
f 10570/7583/2370 10572/7585/2371 10571/7586/2371 10569/7584/2370
f 10572/7585/2371 10574/5477/2372 10573/5478/2372 10571/7586/2371
f 10574/5477/2372 10576/4859/2373 10575/4860/2373 10573/5478/2372
f 10576/4859/2373 10578/7587/2374 10577/7588/2374 10575/4860/2373
f 10578/7587/2374 10580/5493/2375 10579/5494/2375 10577/7588/2374
f 10580/5493/2375 10582/7589/2376 10581/7590/2376 10579/5494/2375
f 10582/7589/2376 10584/7591/2377 10583/7592/2377 10581/7590/2376
f 10584/7591/2377 10586/5511/2378 10585/5512/2378 10583/7592/2377
f 10586/5511/2378 10588/7593/2379 10587/7594/2379 10585/5512/2378
f 10588/7593/2379 10590/3534/2380 10589/728/2380 10587/7594/2379
f 10590/3534/2380 10592/5527/2381 10591/5528/2381 10589/728/2380
f 10592/5527/2381 10594/7595/2382 10593/7596/2382 10591/5528/2381
f 10594/7595/2382 10596/7597/1867 10595/7598/1867 10593/7596/2382
f 10596/7597/1867 10598/5545/2383 10597/5546/2383 10595/7598/1867
f 10598/5545/2383 10600/7599/2384 10599/7600/2384 10597/5546/2383
f 10600/7599/2384 10602/7601/2385 10601/7602/2385 10599/7600/2384
f 10602/7601/2385 10604/4936/2386 10603/2389/2386 10601/7602/2385
f 10604/4936/2386 10606/7603/2387 10605/7604/2387 10603/2389/2386
f 10606/7603/2387 10608/7605/2388 10607/7606/2388 10605/7604/2387
f 10608/7605/2388 10610/5579/2389 10609/5580/2389 10607/7606/2388
f 10610/5579/2389 10612/7607/2390 10611/7608/2390 10609/5580/2389
f 10612/7607/2390 10614/7609/2391 10613/7610/2391 10611/7608/2390
f 10614/7609/2391 10616/5597/2392 10615/5598/2392 10613/7610/2391
f 10616/5597/2392 10618/4974/2393 10617/866/2393 10615/5598/2392
f 10618/4974/2393 10620/7611/2394 10619/7612/2394 10617/866/2393
f 10620/7611/2394 10622/5613/2395 10621/5614/2395 10619/7612/2394
f 10622/5613/2395 10624/7613/2396 10623/7614/2396 10621/5614/2395
f 10624/7613/2396 10626/7615/2397 10625/7616/2397 10623/7614/2396
f 10626/7615/2397 10628/5631/2398 10627/5632/2398 10625/7616/2397
f 10628/5631/2398 10630/7617/2399 10629/7618/2399 10627/5632/2398
f 10630/7617/2399 10632/5013/2400 10631/5014/2400 10629/7618/2399
f 10632/5013/2400 10634/5647/2401 10633/5648/2401 10631/5014/2400
f 10634/5647/2401 10636/7619/2402 10635/7620/2402 10633/5648/2401
f 10636/7619/2402 10638/7621/2403 10637/7622/2403 10635/7620/2402
f 10638/7621/2403 10640/5665/2404 10639/5666/2404 10637/7622/2403
f 10640/5665/2404 10642/7623/2405 10641/7624/2405 10639/5666/2404
f 10642/7623/2405 10644/7625/2406 10643/7626/2406 10641/7624/2405
f 10644/7625/2406 10478/3919/301 10477/46/301 10643/7626/2406
f 10646/2764/2407 10648/7627/2408 10647/7628/2408 10645/227/2407
f 10648/7627/2408 10650/7531/2409 10649/7532/2409 10647/7628/2408
f 10650/7531/2409 10652/5211/2410 10651/5212/2410 10649/7532/2409
f 10652/5211/2410 10654/7533/2411 10653/7534/2411 10651/5212/2410
f 10654/7533/2411 10656/7629/2412 10655/7630/2412 10653/7534/2411
f 10656/7629/2412 10658/5219/2413 10657/5220/2413 10655/7630/2412
f 10658/5219/2413 10660/4607/2414 10659/4608/2414 10657/5220/2413
f 10660/4607/2414 10662/7535/2415 10661/7536/2415 10659/4608/2414
f 10662/7535/2415 10664/5227/2416 10663/5228/2416 10661/7536/2415
f 10664/5227/2416 10666/7537/2417 10665/7538/2417 10663/5228/2416
f 10666/7537/2417 10668/7631/2418 10667/7632/2418 10665/7538/2417
f 10668/7631/2418 10670/5237/2419 10669/5238/2419 10667/7632/2418
f 10670/5237/2419 10672/7633/2420 10671/7634/2420 10669/5238/2419
f 10672/7633/2420 10674/4627/2421 10673/4628/2421 10671/7634/2420
f 10674/4627/2421 10676/5245/2422 10675/5246/2422 10673/4628/2421
f 10676/5245/2422 10678/7539/2423 10677/7540/2423 10675/5246/2422
f 10678/7539/2423 10680/7635/2424 10679/7636/2424 10677/7540/2423
f 10680/7635/2424 10682/5253/2425 10681/5254/2425 10679/7636/2424
f 10682/5253/2425 10684/7637/2426 10683/7638/2426 10681/5254/2425
f 10684/7637/2426 10686/7541/2427 10685/7542/2427 10683/7638/2426
f 10686/7541/2427 10688/4647/2428 10687/4648/2428 10685/7542/2427
f 10688/4647/2428 10690/7543/2429 10689/7544/2429 10687/4648/2428
f 10690/7543/2429 10692/7639/2430 10691/7640/2430 10689/7544/2429
f 10692/7639/2430 10694/5271/2431 10693/5272/2431 10691/7640/2430
f 10694/5271/2431 10696/7641/2432 10695/7642/2432 10693/5272/2431
f 10696/7641/2432 10698/7545/2433 10697/7546/2433 10695/7642/2432
f 10698/7545/2433 10700/5279/2434 10699/5280/2434 10697/7546/2433
f 10700/5279/2434 10702/4667/2435 10701/1036/2435 10699/5280/2434
f 10702/4667/2435 10704/7643/2436 10703/7644/2436 10701/1036/2435
f 10704/7643/2436 10706/5287/2437 10705/5288/2437 10703/7644/2436
f 10706/5287/2437 10708/7645/2438 10707/7646/2438 10705/5288/2437
f 10708/7645/2438 10710/7547/2439 10709/7548/2439 10707/7646/2438
f 10710/7547/2439 10712/5297/2440 10711/5298/2440 10709/7548/2439
f 10712/5297/2440 10714/7549/2441 10713/7550/2441 10711/5298/2440
f 10714/7549/2441 10716/4685/2442 10715/4686/2442 10713/7550/2441
f 10716/4685/2442 10718/5305/2443 10717/5306/2443 10715/4686/2442
f 10718/5305/2443 10720/7647/2444 10719/7648/2444 10717/5306/2443
f 10720/7647/2444 10722/7551/2445 10721/7552/2445 10719/7648/2444
f 10722/7551/2445 10724/5313/2446 10723/5314/2446 10721/7552/2445
f 10724/5313/2446 10726/7553/2447 10725/7554/2447 10723/5314/2446
f 10726/7553/2447 10728/7649/2448 10727/7650/2448 10725/7554/2447
f 10728/7649/2448 10730/4705/2449 10729/2672/2449 10727/7650/2448
f 10730/4705/2449 10732/7651/2450 10731/7652/2450 10729/2672/2449
f 10732/7651/2450 10734/7555/2451 10733/7556/2451 10731/7652/2450
f 10734/7555/2451 10736/5331/2452 10735/5332/2452 10733/7556/2451
f 10736/5331/2452 10738/7557/2453 10737/7558/2453 10735/5332/2452
f 10738/7557/2453 10740/7653/196 10739/7654/196 10737/7558/2453
f 10740/7653/196 10742/5339/2454 10741/5340/2454 10739/7654/196
f 10742/5339/2454 10744/4724/2455 10743/4725/2455 10741/5340/2454
f 10744/4724/2455 10746/7559/2456 10745/7560/2456 10743/4725/2455
f 10746/7559/2456 10748/5347/2457 10747/5348/2457 10745/7560/2456
f 10748/5347/2457 10750/7561/2458 10749/7562/2458 10747/5348/2457
f 10750/7561/2458 10752/7655/2459 10751/7656/2459 10749/7562/2458
f 10752/7655/2459 10754/5357/2460 10753/5358/2460 10751/7656/2459
f 10754/5357/2460 10756/7657/2461 10755/7658/2461 10753/5358/2460
f 10756/7657/2461 10758/3149/2462 10757/1202/2462 10755/7658/2461
f 10758/3149/2462 10760/5365/2463 10759/5366/2463 10757/1202/2462
f 10760/5365/2463 10762/7563/2464 10761/7564/2464 10759/5366/2463
f 10762/7563/2464 10764/7659/2465 10763/7660/2465 10761/7564/2464
f 10764/7659/2465 10766/5373/2466 10765/5374/2466 10763/7660/2465
f 10766/5373/2466 10768/7661/2467 10767/7662/2467 10765/5374/2466
f 10768/7661/2467 10770/7565/2468 10769/7566/2468 10767/7662/2467
f 10770/7565/2468 10772/4762/2469 10771/4763/2469 10769/7566/2468
f 10772/4762/2469 10774/7567/2470 10773/7568/2470 10771/4763/2469
f 10774/7567/2470 10776/7663/2471 10775/7664/2471 10773/7568/2470
f 10776/7663/2471 10778/5391/2472 10777/5392/2472 10775/7664/2471
f 10778/5391/2472 10780/7665/2473 10779/7666/2473 10777/5392/2472
f 10780/7665/2473 10782/7569/2474 10781/7570/2474 10779/7666/2473
f 10782/7569/2474 10784/5399/2475 10783/5400/2475 10781/7570/2474
f 10784/5399/2475 10786/4781/2476 10785/4782/2476 10783/5400/2475
f 10786/4781/2476 10788/7667/2477 10787/7668/2477 10785/4782/2476
f 10788/7667/2477 10790/5407/2478 10789/5408/2478 10787/7668/2477
f 10790/5407/2478 10792/7669/2479 10791/7670/2479 10789/5408/2478
f 10792/7669/2479 10794/7571/2480 10793/7572/2480 10791/7670/2479
f 10794/7571/2480 10796/5417/2481 10795/5418/2481 10793/7572/2480
f 10796/5417/2481 10798/7573/2482 10797/7574/2482 10795/5418/2481
f 10798/7573/2482 10800/4801/2483 10799/4802/2483 10797/7574/2482
f 10800/4801/2483 10802/5425/2484 10801/5426/2484 10799/4802/2483
f 10802/5425/2484 10804/7671/2485 10803/7672/2485 10801/5426/2484
f 10804/7671/2485 10806/7575/2486 10805/7576/2486 10803/7672/2485
f 10806/7575/2486 10808/5433/406 10807/5434/406 10805/7576/2486
f 10808/5433/406 10810/7577/2487 10809/7578/2487 10807/5434/406
f 10810/7577/2487 10812/7673/975 10811/7674/975 10809/7578/2487
f 10812/7673/975 10814/4504/2488 10813/1127/2488 10811/7674/975
f 10814/4504/2488 10816/7675/2489 10815/7676/2489 10813/1127/2488
f 10816/7675/2489 10818/7579/2490 10817/7580/2490 10815/7676/2489
f 10818/7579/2490 10820/5451/2491 10819/5452/2491 10817/7580/2490
f 10820/5451/2491 10822/7581/2492 10821/7582/2492 10819/5452/2491
f 10822/7581/2492 10824/7677/2493 10823/7678/2493 10821/7582/2492
f 10824/7677/2493 10826/5459/1152 10825/5460/1152 10823/7678/2493
f 10826/5459/1152 10828/4839/2494 10827/4840/2494 10825/5460/1152
f 10828/4839/2494 10830/7583/2495 10829/7584/2495 10827/4840/2494
f 10830/7583/2495 10832/5467/2496 10831/5468/2496 10829/7584/2495
f 10832/5467/2496 10834/7585/2497 10833/7586/2497 10831/5468/2496
f 10834/7585/2497 10836/7679/2498 10835/7680/2498 10833/7586/2497
f 10836/7679/2498 10838/5477/2499 10837/5478/2499 10835/7680/2498
f 10838/5477/2499 10840/7681/2500 10839/7682/2500 10837/5478/2499
f 10840/7681/2500 10842/4859/2501 10841/4860/2501 10839/7682/2500
f 10842/4859/2501 10844/5485/2502 10843/5486/2502 10841/4860/2501
f 10844/5485/2502 10846/7587/2503 10845/7588/2503 10843/5486/2502
f 10846/7587/2503 10848/7683/2504 10847/7684/2504 10845/7588/2503
f 10848/7683/2504 10850/5493/2505 10849/5494/2505 10847/7684/2504
f 10850/5493/2505 10852/7685/2506 10851/7686/2506 10849/5494/2505
f 10852/7685/2506 10854/7589/2507 10853/7590/2507 10851/7686/2506
f 10854/7589/2507 10856/4878/1733 10855/4879/1733 10853/7590/2507
f 10856/4878/1733 10858/7591/2508 10857/7592/2508 10855/4879/1733
f 10858/7591/2508 10860/7687/2509 10859/7688/2509 10857/7592/2508
f 10860/7687/2509 10862/5511/2510 10861/5512/2510 10859/7688/2509
f 10862/5511/2510 10864/7689/2511 10863/7690/2511 10861/5512/2510
f 10864/7689/2511 10866/7593/2512 10865/7594/2512 10863/7690/2511
f 10866/7593/2512 10868/5519/2513 10867/5520/2513 10865/7594/2512
f 10868/5519/2513 10870/3534/2514 10869/728/2514 10867/5520/2513
f 10870/3534/2514 10872/7691/2515 10871/7692/2515 10869/728/2514
f 10872/7691/2515 10874/5527/2516 10873/5528/2516 10871/7692/2515
f 10874/5527/2516 10876/7693/2517 10875/7694/2517 10873/5528/2516
f 10876/7693/2517 10878/7595/2518 10877/7596/2518 10875/7694/2517
f 10878/7595/2518 10880/5537/2519 10879/5538/2519 10877/7596/2518
f 10880/5537/2519 10882/7597/2520 10881/7598/2520 10879/5538/2519
f 10882/7597/2520 10884/4916/2521 10883/4917/2521 10881/7598/2520
f 10884/4916/2521 10886/5545/2522 10885/5546/2522 10883/4917/2521
f 10886/5545/2522 10888/7695/2523 10887/7696/2523 10885/5546/2522
f 10888/7695/2523 10890/7599/2524 10889/7600/2524 10887/7696/2523
f 10890/7599/2524 10892/5553/2525 10891/5554/2525 10889/7600/2524
f 10892/5553/2525 10894/7601/2526 10893/7602/2526 10891/5554/2525
f 10894/7601/2526 10896/7697/2527 10895/7698/2527 10893/7602/2526
f 10896/7697/2527 10898/4936/2528 10897/2389/2528 10895/7698/2527
f 10898/4936/2528 10900/7699/2529 10899/7700/2529 10897/2389/2528
f 10900/7699/2529 10902/7603/2530 10901/7604/2530 10899/7700/2529
f 10902/7603/2530 10904/5571/2531 10903/5572/2531 10901/7604/2530
f 10904/5571/2531 10906/7605/2532 10905/7606/2532 10903/5572/2531
f 10906/7605/2532 10908/7701/2533 10907/7702/2533 10905/7606/2532
f 10908/7701/2533 10910/5579/2534 10909/5580/2534 10907/7702/2533
f 10910/5579/2534 10912/4955/2535 10911/4956/2535 10909/5580/2534
f 10912/4955/2535 10914/7607/2536 10913/7608/2536 10911/4956/2535
f 10914/7607/2536 10916/5587/1961 10915/5588/1961 10913/7608/2536
f 10916/5587/1961 10918/7609/2537 10917/7610/2537 10915/5588/1961
f 10918/7609/2537 10920/7703/2538 10919/7704/2538 10917/7610/2537
f 10920/7703/2538 10922/5597/2539 10921/5598/2539 10919/7704/2538
f 10922/5597/2539 10924/7705/2540 10923/7706/2540 10921/5598/2539
f 10924/7705/2540 10926/4974/2541 10925/866/2541 10923/7706/2540
f 10926/4974/2541 10928/5605/2542 10927/5606/2542 10925/866/2541
f 10928/5605/2542 10930/7611/2543 10929/7612/2543 10927/5606/2542
f 10930/7611/2543 10932/7707/2544 10931/7708/2544 10929/7612/2543
f 10932/7707/2544 10934/5613/2545 10933/5614/2545 10931/7708/2544
f 10934/5613/2545 10936/7709/2546 10935/7710/2546 10933/5614/2545
f 10936/7709/2546 10938/7613/2547 10937/7614/2547 10935/7710/2546
f 10938/7613/2547 10940/4993/2548 10939/4994/2548 10937/7614/2547
f 10940/4993/2548 10942/7615/2549 10941/7616/2549 10939/4994/2548
f 10942/7615/2549 10944/7711/2550 10943/7712/2550 10941/7616/2549
f 10944/7711/2550 10946/5631/2551 10945/5632/2551 10943/7712/2550
f 10946/5631/2551 10948/7713/2552 10947/7714/2552 10945/5632/2551
f 10948/7713/2552 10950/7617/2553 10949/7618/2553 10947/7714/2552
f 10950/7617/2553 10952/5639/2554 10951/5640/2554 10949/7618/2553
f 10952/5639/2554 10954/5013/2555 10953/5014/2555 10951/5640/2554
f 10954/5013/2555 10956/7715/2556 10955/7716/2556 10953/5014/2555
f 10956/7715/2556 10958/5647/2557 10957/5648/2557 10955/7716/2556
f 10958/5647/2557 10960/7717/2558 10959/7718/2558 10957/5648/2557
f 10960/7717/2558 10962/7619/2559 10961/7620/2559 10959/7718/2558
f 10962/7619/2559 10964/5657/2560 10963/5658/2560 10961/7620/2559
f 10964/5657/2560 10966/7621/1777 10965/7622/1777 10963/5658/2560
f 10966/7621/1777 10968/5033/2561 10967/5034/2561 10965/7622/1777
f 10968/5033/2561 10970/5665/2562 10969/5666/2562 10967/5034/2561
f 10970/5665/2562 10972/7719/2563 10971/7720/2563 10969/5666/2562
f 10972/7719/2563 10974/7623/2564 10973/7624/2564 10971/7720/2563
f 10974/7623/2564 10976/5673/2565 10975/5674/2565 10973/7624/2564
f 10976/5673/2565 10978/7625/2566 10977/7626/2566 10975/5674/2565
f 10978/7625/2566 10980/7721/2567 10979/7722/2567 10977/7626/2566
f 10980/7721/2567 10646/3919/2407 10645/46/2407 10979/7722/2567
f 10982/2764/2568 10984/7723/2569 10983/7724/2569 10981/227/2568
f 10984/7723/2569 10986/7725/2117 10985/1356/2117 10983/7724/2569
f 10986/7725/2117 10988/7726/2570 10987/7727/2570 10985/1356/2117
f 10988/7726/2570 10990/7728/2571 10989/1324/2571 10987/7727/2570
f 10990/7728/2571 10992/7729/2572 10991/7730/2572 10989/1324/2571
f 10992/7729/2572 10994/7731/2573 10993/1277/2573 10991/7730/2572
f 10994/7731/2573 10996/7732/2574 10995/7733/2574 10993/1277/2573
f 10996/7732/2574 10998/7734/2575 10997/1252/2575 10995/7733/2574
f 10998/7734/2575 11000/7735/2576 10999/7736/2576 10997/1252/2575
f 11000/7735/2576 11002/7737/2041 11001/1269/2041 10999/7736/2576
f 11002/7737/2041 11004/7738/2577 11003/7739/2577 11001/1269/2041
f 11004/7738/2577 11006/7740/2578 11005/1284/2578 11003/7739/2577
f 11006/7740/2578 11008/7741/1476 11007/7742/1476 11005/1284/2578
f 11008/7741/1476 11010/7743/1475 11009/1350/1475 11007/7742/1476
f 11010/7743/1475 11012/7744/2579 11011/7745/2579 11009/1350/1475
f 11012/7744/2579 11014/7746/1473 11013/1323/1473 11011/7745/2579
f 11014/7746/1473 11016/7747/2580 11015/7748/2580 11013/1323/1473
f 11016/7747/2580 11018/7749/1471 11017/1295/1471 11015/7748/2580
f 11018/7749/1471 11020/7750/2581 11019/7751/2581 11017/1295/1471
f 11020/7750/2581 11022/7752/2582 11021/1292/2582 11019/7751/2581
f 11022/7752/2582 11024/7753/2583 11023/7754/2583 11021/1292/2582
f 11024/7753/2583 11026/7755/2584 11025/1313/2584 11023/7754/2583
f 11026/7755/2584 11028/7756/2585 11027/7757/2585 11025/1313/2584
f 11028/7756/2585 11030/7758/2586 11029/1335/2586 11027/7757/2585
f 11030/7758/2586 11032/7759/2587 11031/7760/2587 11029/1335/2586
f 11032/7759/2587 11034/7761/2588 11033/1357/2588 11031/7760/2587
f 11034/7761/2588 11036/7762/2589 11035/7763/2589 11033/1357/2588
f 11036/7762/2589 11038/7764/2590 11037/1370/2590 11035/7763/2589
f 11038/7764/2590 11040/7765/2591 11039/7766/2591 11037/1370/2590
f 11040/7765/2591 11042/7767/2592 11041/1383/2592 11039/7766/2591
f 11042/7767/2592 11044/4504/2593 11043/1127/2593 11041/1383/2592
f 11044/4504/2593 11046/7768/2594 11045/1409/2594 11043/1127/2593
f 11046/7768/2594 11048/7769/2595 11047/7770/2595 11045/1409/2594
f 11048/7769/2595 11050/7771/2596 11049/1444/2596 11047/7770/2595
f 11050/7771/2596 11052/7772/2597 11051/7773/2597 11049/1444/2596
f 11052/7772/2597 11054/7774/2598 11053/1494/2598 11051/7773/2597
f 11054/7774/2598 11056/7775/2599 11055/7776/2599 11053/1494/2598
f 11056/7775/2599 11058/7777/2600 11057/1524/2600 11055/7776/2599
f 11058/7777/2600 11060/7778/2601 11059/7779/2601 11057/1524/2600
f 11060/7778/2601 11062/7780/2602 11061/1510/2602 11059/7779/2601
f 11062/7780/2602 11064/7781/2603 11063/7782/2603 11061/1510/2602
f 11064/7781/2603 11066/7783/2604 11065/1501/2604 11063/7782/2603
f 11066/7783/2604 11068/7784/2605 11067/7785/2605 11065/1501/2604
f 11068/7784/2605 11070/7786/2606 11069/1471/2606 11067/7785/2605
f 11070/7786/2606 11072/7787/2607 11071/7788/2607 11069/1471/2606
f 11072/7787/2607 11074/7789/2608 11073/1413/2608 11071/7788/2607
f 11074/7789/2608 11076/7790/2609 11075/7791/2609 11073/1413/2608
f 11076/7790/2609 11078/7792/2610 11077/1435/2610 11075/7791/2609
f 11078/7792/2610 11080/7793/2611 11079/7794/2611 11077/1435/2610
f 11080/7793/2611 11082/7795/2612 11081/1473/2612 11079/7794/2611
f 11082/7795/2612 11084/7796/2613 11083/7797/2613 11081/1473/2612
f 11084/7796/2613 11086/7798/2614 11085/1491/2614 11083/7797/2613
f 11086/7798/2614 11088/7799/2615 11087/7800/2615 11085/1491/2614
f 11088/7799/2615 11090/7801/2616 11089/1462/2616 11087/7800/2615
f 11090/7801/2616 11092/7802/2617 11091/7803/2617 11089/1462/2616
f 11092/7802/2617 11094/7804/2618 11093/1436/2618 11091/7803/2617
f 11094/7804/2618 11096/7805/2619 11095/7806/2619 11093/1436/2618
f 11096/7805/2619 11098/7807/2620 11097/1410/2620 11095/7806/2619
f 11098/7807/2620 11100/7808/2621 11099/7809/2621 11097/1410/2620
f 11100/7808/2621 11102/7810/2622 11101/1396/2622 11099/7809/2621
f 11102/7810/2622 11104/7811/2623 11103/7812/2623 11101/1396/2622
f 11104/7811/2623 10982/3919/2568 10981/46/2568 11103/7812/2623
