# Blender 4.4.1
# www.blender.org
mtllib GameOverFont.mtl
o テキスト
v -13.928911 -0.491737 -0.202648
v -13.909918 -0.491311 -0.202745
v -13.891727 -0.489939 -0.202903
v -13.874344 -0.487621 -0.203120
v -13.857769 -0.484358 -0.203397
v -13.841999 -0.480148 -0.203733
v -13.827036 -0.474993 -0.204129
v -13.812880 -0.468891 -0.204585
v -13.799530 -0.461844 -0.205101
v -13.786985 -0.453851 -0.205676
v -13.775244 -0.444911 -0.206311
v -13.764313 -0.435027 -0.207006
v -13.754189 -0.424196 -0.207760
v -13.743927 -0.413365 -0.208515
v -13.732592 -0.403481 -0.209211
v -13.720179 -0.394544 -0.209849
v -13.706688 -0.386553 -0.210427
v -13.692125 -0.379509 -0.210947
v -13.676487 -0.373411 -0.211408
v -13.659771 -0.368260 -0.211810
v -13.641981 -0.364055 -0.212154
v -13.623117 -0.360797 -0.212439
v -13.603176 -0.358485 -0.212665
v -13.582159 -0.357120 -0.212832
v -13.560066 -0.356701 -0.212940
v -13.546329 -0.358308 -0.212884
v -13.530983 -0.363065 -0.212625
v -13.514027 -0.370971 -0.212164
v -13.495462 -0.382029 -0.211499
v -13.475286 -0.396236 -0.210632
v -13.453501 -0.413594 -0.209562
v -13.430107 -0.434103 -0.208289
v -13.405102 -0.457761 -0.206813
v -13.378490 -0.484571 -0.205135
v -13.350267 -0.514530 -0.203254
v -13.320436 -0.547639 -0.201170
v -13.288996 -0.583899 -0.198883
v -13.261189 -0.618577 -0.196688
v -13.235807 -0.654508 -0.194401
v -13.212854 -0.691691 -0.192022
v -13.192327 -0.730128 -0.189551
v -13.174229 -0.769817 -0.186988
v -13.158558 -0.810758 -0.184334
v -13.145313 -0.852952 -0.181587
v -13.134499 -0.896399 -0.178749
v -13.126108 -0.941099 -0.175819
v -13.120148 -0.987052 -0.172797
v -13.116615 -1.034257 -0.169683
v -13.115507 -1.082715 -0.166478
v -13.117929 -2.192774 -0.092943
v -13.118540 -2.225967 -0.090743
v -13.120226 -2.257585 -0.088642
v -13.122986 -2.287627 -0.086642
v -13.126820 -2.316092 -0.084743
v -13.131729 -2.342983 -0.082944
v -13.137711 -2.368297 -0.081245
v -13.144766 -2.392036 -0.079647
v -13.152895 -2.414199 -0.078149
v -13.162102 -2.434786 -0.076752
v -13.172380 -2.453797 -0.075455
v -13.183733 -2.471232 -0.074259
v -13.196161 -2.487092 -0.073163
v -13.209797 -2.501532 -0.072157
v -13.224777 -2.514711 -0.071229
v -13.241102 -2.526628 -0.070380
v -13.258772 -2.537284 -0.069610
v -13.277784 -2.546677 -0.068918
v -13.298143 -2.554809 -0.068305
v -13.319845 -2.561678 -0.067771
v -13.342892 -2.567286 -0.067315
v -13.367283 -2.571633 -0.066938
v -13.393019 -2.574717 -0.066640
v -13.420097 -2.576539 -0.066420
v -13.448524 -2.577100 -0.066279
v -13.700689 -2.576491 -0.065397
v -13.700985 -2.712417 -0.056393
v -12.381966 -2.715601 -0.061004
v -12.381670 -2.579675 -0.070009
v -12.478659 -2.579441 -0.069669
v -12.507078 -2.578743 -0.069612
v -12.534149 -2.576790 -0.069642
v -12.559870 -2.573581 -0.069761
v -12.584242 -2.569118 -0.069967
v -12.607264 -2.563398 -0.070262
v -12.628935 -2.556424 -0.070645
v -12.649258 -2.548194 -0.071115
v -12.668230 -2.538709 -0.071674
v -12.685852 -2.527969 -0.072321
v -12.702126 -2.515973 -0.073056
v -12.717049 -2.502722 -0.073879
v -12.730623 -2.488215 -0.074791
v -12.742981 -2.472296 -0.075800
v -12.754259 -2.454806 -0.076917
v -12.764454 -2.435745 -0.078142
v -12.773569 -2.415114 -0.079476
v -12.781603 -2.392912 -0.080917
v -12.788555 -2.369140 -0.082466
v -12.794428 -2.343797 -0.084123
v -12.799219 -2.316883 -0.085888
v -12.802929 -2.288399 -0.087761
v -12.805557 -2.258344 -0.089742
v -12.807104 -2.226719 -0.091831
v -12.807571 -2.193523 -0.094029
v -12.804161 -0.630378 -0.197577
v -12.803549 -0.597185 -0.199778
v -12.801865 -0.565567 -0.201878
v -12.799103 -0.535526 -0.203878
v -12.795271 -0.507060 -0.205777
v -12.790361 -0.480169 -0.207577
v -12.784378 -0.454855 -0.209275
v -12.777323 -0.431116 -0.210873
v -12.769192 -0.408953 -0.212371
v -12.759987 -0.388366 -0.213768
v -12.749708 -0.369355 -0.215065
v -12.738354 -0.351920 -0.216261
v -12.725927 -0.336060 -0.217357
v -12.712288 -0.321620 -0.218364
v -12.697308 -0.308440 -0.219291
v -12.680983 -0.296523 -0.220140
v -12.663313 -0.285868 -0.220911
v -12.644300 -0.276475 -0.221602
v -12.623941 -0.268343 -0.222215
v -12.602240 -0.261473 -0.222750
v -12.579195 -0.255866 -0.223205
v -12.554804 -0.251519 -0.223582
v -12.529068 -0.248435 -0.223881
v -12.501989 -0.246612 -0.224101
v -12.473566 -0.246052 -0.224242
v -12.337782 -0.246379 -0.224716
v -12.337486 -0.110454 -0.233721
v -12.589651 -0.109845 -0.232839
v -12.637737 -0.108470 -0.232754
v -12.685011 -0.104581 -0.232839
v -12.731472 -0.098176 -0.233093
v -12.777117 -0.089255 -0.233517
v -12.821949 -0.077820 -0.234111
v -12.865967 -0.063869 -0.234874
v -12.909172 -0.047404 -0.235807
v -12.951563 -0.028423 -0.236909
v -12.993137 -0.006927 -0.238181
v -13.033901 0.017085 -0.239622
v -13.073849 0.043611 -0.241233
v -13.112986 0.072653 -0.243014
v -13.114569 -0.652284 -0.194991
v -13.143003 -0.597152 -0.198539
v -13.170368 -0.545170 -0.201882
v -13.196665 -0.496336 -0.205020
v -13.221888 -0.450652 -0.207954
v -13.246044 -0.408117 -0.210683
v -13.269127 -0.368730 -0.213207
v -13.291138 -0.332493 -0.215527
v -13.312082 -0.299405 -0.217642
v -13.331951 -0.269465 -0.219553
v -13.350752 -0.242675 -0.221258
v -13.368481 -0.219034 -0.222759
v -13.385139 -0.198543 -0.224056
v -13.421154 -0.158653 -0.226566
v -13.458254 -0.122222 -0.228844
v -13.496439 -0.089250 -0.230888
v -13.535707 -0.059736 -0.232699
v -13.576061 -0.033681 -0.234277
v -13.617502 -0.011084 -0.235623
v -13.660027 0.008055 -0.236735
v -13.703636 0.023735 -0.237614
v -13.748333 0.035957 -0.238260
v -13.794113 0.044720 -0.238673
v -13.840979 0.050025 -0.238853
v -13.888929 0.051871 -0.238800
v -13.908060 0.051288 -0.238692
v -13.926653 0.049445 -0.238502
v -13.944710 0.046342 -0.238230
v -13.962229 0.041980 -0.237877
v -13.979214 0.036357 -0.237443
v -13.995665 0.029474 -0.236927
v -14.011578 0.021332 -0.236329
v -14.026953 0.011930 -0.235650
v -14.041796 0.001268 -0.234890
v -14.056097 -0.010654 -0.234048
v -14.069868 -0.023836 -0.233124
v -14.083101 -0.038278 -0.232119
v -14.095528 -0.053508 -0.231065
v -14.106876 -0.069055 -0.229994
v -14.117147 -0.084920 -0.228905
v -14.126345 -0.101102 -0.227800
v -14.134462 -0.117601 -0.226677
v -14.141504 -0.134418 -0.225538
v -14.147467 -0.151551 -0.224381
v -14.152355 -0.169002 -0.223207
v -14.156166 -0.186770 -0.222017
v -14.158899 -0.204855 -0.220809
v -14.160557 -0.223258 -0.219584
v -14.161133 -0.241978 -0.218342
v -14.160769 -0.260544 -0.217113
v -14.159595 -0.278481 -0.215930
v -14.157614 -0.295791 -0.214790
v -14.154823 -0.312474 -0.213695
v -14.151220 -0.328530 -0.212645
v -14.146809 -0.343958 -0.211639
v -14.141586 -0.358759 -0.210678
v -14.135557 -0.372932 -0.209761
v -14.128716 -0.386478 -0.208889
v -14.121067 -0.399397 -0.208061
v -14.112606 -0.411689 -0.207278
v -14.103340 -0.423353 -0.206540
v -14.093262 -0.434233 -0.205856
v -14.082371 -0.444170 -0.205237
v -14.070673 -0.453166 -0.204684
v -14.058163 -0.461220 -0.204197
v -14.044842 -0.468331 -0.203774
v -14.030712 -0.474501 -0.203417
v -14.015770 -0.479728 -0.203126
v -14.000019 -0.484014 -0.202899
v -13.983456 -0.487358 -0.202738
v -13.966085 -0.489760 -0.202643
v -13.947905 -0.491220 -0.202613
v -11.914600 -1.878517 -0.118158
v -12.011784 -1.968899 -0.111816
v -11.991302 -2.028259 -0.107959
v -11.968391 -2.085423 -0.104257
v -11.943054 -2.140389 -0.100708
v -11.915285 -2.193159 -0.097315
v -11.885088 -2.243732 -0.094075
v -11.852459 -2.292109 -0.090990
v -11.817402 -2.338289 -0.088060
v -11.779915 -2.382272 -0.085284
v -11.740000 -2.424059 -0.082662
v -11.697653 -2.463649 -0.080194
v -11.652880 -2.501043 -0.077881
v -11.605675 -2.536239 -0.075723
v -11.563440 -2.565289 -0.073953
v -11.520662 -2.591822 -0.072352
v -11.477341 -2.615839 -0.070919
v -11.433474 -2.637341 -0.069656
v -11.389061 -2.656327 -0.068560
v -11.344105 -2.672797 -0.067634
v -11.298607 -2.686751 -0.066876
v -11.252563 -2.698189 -0.066287
v -11.205975 -2.707112 -0.065866
v -11.158842 -2.713519 -0.065614
v -11.111166 -2.717409 -0.065531
v -11.062943 -2.718784 -0.065616
v -10.970934 -2.716489 -0.066104
v -10.882420 -2.709152 -0.066914
v -10.797394 -2.696771 -0.068045
v -10.715858 -2.679348 -0.069497
v -10.637815 -2.656882 -0.071270
v -10.563263 -2.629373 -0.073365
v -10.492203 -2.596822 -0.075781
v -10.424635 -2.559227 -0.078518
v -10.360556 -2.516590 -0.081576
v -10.299969 -2.468911 -0.084956
v -10.242876 -2.416188 -0.088657
v -10.189272 -2.358423 -0.092679
v -10.139566 -2.296715 -0.096948
v -10.094166 -2.232166 -0.101389
v -10.053070 -2.164773 -0.106003
v -10.016275 -2.094539 -0.110790
v -9.983786 -2.021463 -0.115749
v -9.955601 -1.945544 -0.120880
v -9.931721 -1.866784 -0.126184
v -9.912146 -1.785181 -0.131661
v -9.896875 -1.700736 -0.137310
v -9.885908 -1.613448 -0.143132
v -9.879248 -1.523319 -0.149126
v -9.876888 -1.430347 -0.155292
v -9.878838 -1.337208 -0.161454
v -9.885107 -1.246575 -0.167435
v -9.895691 -1.158449 -0.173233
v -9.910589 -1.072830 -0.178850
v -9.929806 -0.989718 -0.184284
v -9.953339 -0.909112 -0.189537
v -9.981188 -0.831013 -0.194608
v -10.013351 -0.755420 -0.199498
v -10.049833 -0.682335 -0.204205
v -10.090628 -0.611757 -0.208731
v -10.135738 -0.543684 -0.213075
v -10.185169 -0.478119 -0.217237
v -10.234882 -0.420104 -0.220898
v -10.287302 -0.367118 -0.224216
v -10.342426 -0.319159 -0.227191
v -10.400255 -0.276228 -0.229823
v -10.460789 -0.238324 -0.232112
v -10.524027 -0.205448 -0.234058
v -10.589973 -0.177601 -0.235662
v -10.658623 -0.154781 -0.236922
v -10.729977 -0.136988 -0.237840
v -10.804035 -0.124224 -0.238415
v -10.880802 -0.116487 -0.238647
v -10.960274 -0.113778 -0.238535
v -11.033422 -0.115804 -0.238134
v -11.104156 -0.122241 -0.237449
v -11.172474 -0.133088 -0.236481
v -11.238379 -0.148347 -0.235229
v -11.301868 -0.168016 -0.233694
v -11.362940 -0.192096 -0.231876
v -11.421598 -0.220587 -0.229774
v -11.477844 -0.253489 -0.227389
v -11.531672 -0.290802 -0.224721
v -11.583086 -0.332526 -0.221770
v -11.632084 -0.378660 -0.218535
v -11.678667 -0.429205 -0.215016
v -11.728483 -0.480372 -0.211445
v -11.774269 -0.535954 -0.207596
v -11.816025 -0.595950 -0.203470
v -11.853745 -0.660361 -0.199066
v -11.887436 -0.729187 -0.194384
v -11.917095 -0.802427 -0.189424
v -11.942724 -0.880083 -0.184187
v -11.964319 -0.962153 -0.178672
v -11.981884 -1.048637 -0.172879
v -11.995417 -1.139537 -0.166809
v -12.004921 -1.234851 -0.160461
v -12.010399 -1.334580 -0.153836
v -10.245239 -1.338841 -0.160007
v -10.244259 -1.445350 -0.152956
v -10.247307 -1.545872 -0.146286
v -10.254381 -1.640405 -0.139999
v -10.265488 -1.728951 -0.134094
v -10.280619 -1.811508 -0.128570
v -10.299778 -1.888078 -0.123428
v -10.322968 -1.958659 -0.118668
v -10.350182 -2.023253 -0.114291
v -10.381428 -2.081859 -0.110295
v -10.416700 -2.134477 -0.106680
v -10.456001 -2.181106 -0.103448
v -10.499332 -2.221748 -0.100598
v -10.538897 -2.265074 -0.097584
v -10.579796 -2.304620 -0.094815
v -10.622036 -2.340388 -0.092291
v -10.665617 -2.372376 -0.090013
v -10.710533 -2.400586 -0.087980
v -10.756790 -2.425016 -0.086193
v -10.804386 -2.445668 -0.084651
v -10.853319 -2.462541 -0.083355
v -10.903595 -2.475634 -0.082304
v -10.955206 -2.484949 -0.081498
v -11.008158 -2.490485 -0.080938
v -11.062449 -2.492242 -0.080623
v -11.104473 -2.491039 -0.080549
v -11.146494 -2.487634 -0.080621
v -11.188509 -2.482026 -0.080839
v -11.230518 -2.474216 -0.081202
v -11.272524 -2.464203 -0.081712
v -11.314526 -2.451988 -0.082367
v -11.356520 -2.437571 -0.083169
v -11.398512 -2.420950 -0.084116
v -11.440498 -2.402128 -0.085209
v -11.482481 -2.381103 -0.086449
v -11.524458 -2.357875 -0.087834
v -11.566437 -2.332445 -0.089364
v -11.601406 -2.308447 -0.090826
v -11.635294 -2.281935 -0.092458
v -11.668098 -2.252909 -0.094261
v -11.699821 -2.221368 -0.096234
v -11.730459 -2.187312 -0.098378
v -11.760012 -2.150742 -0.100692
v -11.788486 -2.111658 -0.103177
v -11.815874 -2.070059 -0.105832
v -11.842180 -2.025945 -0.108658
v -11.867403 -1.979317 -0.111654
v -11.891544 -1.930174 -0.114821
v -10.244944 -1.202915 -0.169011
v -11.622156 -1.199591 -0.164196
v -11.617525 -1.115278 -0.169798
v -11.610485 -1.036004 -0.175074
v -11.601027 -0.961771 -0.180025
v -11.589155 -0.892578 -0.184652
v -11.574873 -0.828425 -0.188953
v -11.558174 -0.769312 -0.192930
v -11.539062 -0.715240 -0.196581
v -11.517538 -0.666207 -0.199908
v -11.493601 -0.622214 -0.202909
v -11.467249 -0.583262 -0.205585
v -11.438480 -0.549350 -0.207937
v -11.407301 -0.520478 -0.209963
v -11.371519 -0.480762 -0.212725
v -11.335472 -0.444507 -0.215258
v -11.299164 -0.411715 -0.217562
v -11.262594 -0.382384 -0.219639
v -11.225763 -0.356515 -0.221487
v -11.188671 -0.334107 -0.223107
v -11.151318 -0.315161 -0.224498
v -11.113703 -0.299677 -0.225661
v -11.075825 -0.287655 -0.226596
v -11.037685 -0.279094 -0.227303
v -10.999283 -0.273995 -0.227781
v -10.960619 -0.272358 -0.228031
v -10.915766 -0.274197 -0.228073
v -10.871729 -0.279495 -0.227883
v -10.828506 -0.288252 -0.227461
v -10.786102 -0.300468 -0.226807
v -10.744514 -0.316143 -0.225920
v -10.703737 -0.335277 -0.224802
v -10.663780 -0.357871 -0.223452
v -10.624638 -0.383924 -0.221869
v -10.586309 -0.413435 -0.220055
v -10.548801 -0.446406 -0.218008
v -10.512106 -0.482836 -0.215729
v -10.476227 -0.522725 -0.213218
v -10.442083 -0.555216 -0.211191
v -10.410643 -0.592105 -0.208863
v -10.381907 -0.633393 -0.206233
v -10.355875 -0.679079 -0.203302
v -10.332544 -0.729164 -0.200070
v -10.311918 -0.783647 -0.196537
v -10.293997 -0.842529 -0.192702
v -10.278778 -0.905809 -0.188566
v -10.266264 -0.973488 -0.184129
v -10.256454 -1.045565 -0.179391
v -10.249346 -1.122041 -0.174352
v -7.818937 -0.597102 -0.218007
v -8.404469 -2.249459 -0.106421
v -8.443262 -2.249365 -0.106286
v -9.021723 -0.662162 -0.209300
v -9.033632 -0.625320 -0.211697
v -9.043657 -0.590370 -0.213975
v -9.051802 -0.557313 -0.216135
v -9.058064 -0.526148 -0.218176
v -9.062447 -0.496876 -0.220099
v -9.064943 -0.469496 -0.221903
v -9.065563 -0.444008 -0.223589
v -9.064299 -0.420413 -0.225157
v -9.061153 -0.398710 -0.226606
v -9.056126 -0.378900 -0.227936
v -9.049217 -0.360981 -0.229148
v -9.040428 -0.344956 -0.230242
v -9.030024 -0.330507 -0.231237
v -9.018276 -0.317320 -0.232154
v -9.005182 -0.305396 -0.232991
v -8.990747 -0.294733 -0.233750
v -8.974966 -0.285331 -0.234431
v -8.957840 -0.277192 -0.235032
v -8.939371 -0.270314 -0.235555
v -8.919558 -0.264699 -0.236000
v -8.898399 -0.260345 -0.236366
v -8.875896 -0.257252 -0.236653
v -8.852049 -0.255422 -0.236861
v -8.826857 -0.254854 -0.236991
v -8.710476 -0.255135 -0.237398
v -8.710180 -0.119209 -0.246402
v -9.660650 -0.116915 -0.243079
v -9.660946 -0.252841 -0.234075
v -9.544559 -0.253121 -0.234482
v -9.512506 -0.256031 -0.234406
v -9.481005 -0.264602 -0.233954
v -9.450052 -0.278836 -0.233124
v -9.419655 -0.298732 -0.231917
v -9.389807 -0.324290 -0.230334
v -9.360510 -0.355510 -0.228373
v -9.331762 -0.392393 -0.226035
v -9.303568 -0.434938 -0.223320
v -9.275923 -0.483145 -0.220228
v -9.248829 -0.537015 -0.216759
v -9.222288 -0.596547 -0.212913
v -9.196299 -0.661741 -0.208690
v -8.424902 -2.725152 -0.074839
v -8.250326 -2.725573 -0.075449
v -7.489380 -0.688515 -0.213157
v -7.462963 -0.619829 -0.217803
v -7.435749 -0.557124 -0.222056
v -7.407742 -0.500398 -0.225915
v -7.378939 -0.449652 -0.229382
v -7.349342 -0.404887 -0.232455
v -7.318949 -0.366102 -0.235135
v -7.287760 -0.333297 -0.237422
v -7.255775 -0.306472 -0.239316
v -7.222996 -0.285627 -0.240816
v -7.189425 -0.270763 -0.241924
v -7.155056 -0.261879 -0.242638
v -7.119890 -0.258974 -0.242959
v -7.022902 -0.259208 -0.243298
v -7.022606 -0.123282 -0.252302
v -8.031271 -0.120848 -0.248775
v -8.031567 -0.256773 -0.239771
v -7.953978 -0.256961 -0.240043
v -7.944147 -0.257613 -0.240035
v -7.934050 -0.259526 -0.239945
v -7.923685 -0.262697 -0.239773
v -7.913054 -0.267128 -0.239519
v -7.902155 -0.272818 -0.239182
v -7.890989 -0.279767 -0.238762
v -7.879557 -0.287975 -0.238260
v -7.867859 -0.297443 -0.237676
v -7.855892 -0.308170 -0.237009
v -7.843660 -0.320156 -0.236260
v -7.831161 -0.333401 -0.235428
v -7.818394 -0.347905 -0.234514
v -7.809530 -0.360040 -0.233743
v -7.802284 -0.373745 -0.232862
v -7.796661 -0.389019 -0.231871
v -7.792656 -0.405862 -0.230770
v -7.790272 -0.424274 -0.229559
v -7.789507 -0.444256 -0.228238
v -7.790363 -0.465807 -0.226808
v -7.792837 -0.488927 -0.225267
v -7.796932 -0.513617 -0.223617
v -7.802647 -0.539876 -0.221857
v -7.809982 -0.567704 -0.219987
v -4.924971 1.117646 -0.342164
v -4.835535 1.114284 -0.342269
v -4.748268 1.104634 -0.341949
v -4.663170 1.088696 -0.341204
v -4.580240 1.066471 -0.340035
v -4.499479 1.037958 -0.338442
v -4.420887 1.003158 -0.336424
v -4.344465 0.962070 -0.333982
v -4.270210 0.914694 -0.331116
v -4.198126 0.861030 -0.327825
v -4.128209 0.801079 -0.324109
v -4.060463 0.734840 -0.319970
v -3.994885 0.662313 -0.315406
v -3.929981 0.590261 -0.310870
v -3.870750 0.510355 -0.305794
v -3.817196 0.422597 -0.300177
v -3.769315 0.326987 -0.294020
v -3.727109 0.223525 -0.287321
v -3.690578 0.112210 -0.280082
v -3.659721 -0.006957 -0.272301
v -3.634539 -0.133977 -0.263980
v -3.615032 -0.268849 -0.255118
v -3.601198 -0.411574 -0.245715
v -3.593040 -0.562151 -0.235771
v -3.590556 -0.720580 -0.225287
v -3.590606 -0.743234 -0.223786
v -3.593780 -0.901650 -0.213282
v -3.602595 -1.052186 -0.203279
v -3.617050 -1.194842 -0.193777
v -3.637147 -1.329619 -0.184777
v -3.662883 -1.456516 -0.176277
v -3.694260 -1.575533 -0.168279
v -3.731276 -1.686670 -0.160783
v -3.773933 -1.789928 -0.153788
v -3.822230 -1.885306 -0.147294
v -3.876168 -1.972804 -0.141301
v -3.935746 -2.052423 -0.135809
v -4.000966 -2.124161 -0.130819
v -4.066858 -2.196371 -0.125796
v -4.134894 -2.262281 -0.121181
v -4.205070 -2.321895 -0.116976
v -4.277388 -2.375210 -0.113180
v -4.351849 -2.422226 -0.109794
v -4.428450 -2.462945 -0.106817
v -4.507195 -2.497366 -0.104249
v -4.588078 -2.525489 -0.102091
v -4.671103 -2.547314 -0.100342
v -4.756269 -2.562840 -0.099002
v -4.843578 -2.572069 -0.098071
v -4.933029 -2.574999 -0.097550
v -5.022465 -2.571637 -0.097446
v -5.109732 -2.561987 -0.097766
v -5.194830 -2.546049 -0.098511
v -5.277760 -2.523824 -0.099680
v -5.358521 -2.495311 -0.101273
v -5.437113 -2.460511 -0.103291
v -5.513535 -2.419423 -0.105733
v -5.587788 -2.372047 -0.108599
v -5.659874 -2.318383 -0.111890
v -5.729790 -2.258432 -0.115605
v -5.797535 -2.192193 -0.119745
v -5.863113 -2.119667 -0.124309
v -5.928017 -2.047614 -0.128844
v -5.987249 -1.967709 -0.133920
v -6.040804 -1.879951 -0.139537
v -6.088684 -1.784341 -0.145695
v -6.130892 -1.680878 -0.152394
v -6.167425 -1.569563 -0.159633
v -6.198282 -1.450396 -0.167413
v -6.223461 -1.323376 -0.175735
v -6.242970 -1.188504 -0.184597
v -6.256802 -1.045780 -0.193999
v -6.264959 -0.895203 -0.203943
v -6.267443 -0.736773 -0.214428
v -6.267395 -0.714119 -0.215928
v -6.264219 -0.555704 -0.226433
v -6.255405 -0.405168 -0.236436
v -6.240952 -0.262511 -0.245938
v -6.220856 -0.127735 -0.254938
v -6.195120 -0.000838 -0.263437
v -6.163744 0.118180 -0.271435
v -6.126726 0.229317 -0.278932
v -6.084070 0.332574 -0.285927
v -6.035769 0.427952 -0.292421
v -5.981833 0.515450 -0.298414
v -5.922255 0.595069 -0.303905
v -5.857035 0.666808 -0.308895
v -5.791140 0.739017 -0.313919
v -5.723104 0.804928 -0.318533
v -5.652929 0.864541 -0.322738
v -5.580610 0.917856 -0.326534
v -5.506151 0.964873 -0.329921
v -5.429550 1.005592 -0.332898
v -5.350805 1.040013 -0.335465
v -5.269922 1.068135 -0.337624
v -5.186897 1.089960 -0.339373
v -5.101730 1.105486 -0.340713
v -5.014421 1.114715 -0.341643
v -6.244932 0.690399 -0.309040
v -6.322575 0.604688 -0.303079
v -6.393494 0.513298 -0.296766
v -6.457691 0.416228 -0.290102
v -6.515165 0.313478 -0.283086
v -6.565916 0.205048 -0.275719
v -6.609943 0.090939 -0.268000
v -6.647251 -0.028851 -0.259929
v -6.677832 -0.154320 -0.251507
v -6.701691 -0.285469 -0.242733
v -6.718828 -0.422298 -0.233607
v -6.729242 -0.564807 -0.224130
v -6.732933 -0.712996 -0.214301
v -6.732981 -0.735650 -0.212800
v -6.729939 -0.883855 -0.202995
v -6.720146 -1.026412 -0.193588
v -6.703608 -1.163322 -0.184580
v -6.680321 -1.294585 -0.175971
v -6.650286 -1.420201 -0.167761
v -6.613504 -1.540169 -0.159949
v -6.569973 -1.654490 -0.152536
v -6.519695 -1.763163 -0.145522
v -6.462671 -1.866189 -0.138906
v -6.398897 -1.963568 -0.132690
v -6.328379 -2.055300 -0.126871
v -6.251110 -2.141385 -0.121452
v -6.165106 -2.235671 -0.115521
v -6.074772 -2.321787 -0.110148
v -5.980108 -2.399732 -0.105331
v -5.881119 -2.469508 -0.101071
v -5.777800 -2.531113 -0.097369
v -5.670153 -2.584547 -0.094223
v -5.558176 -2.629812 -0.091634
v -5.441872 -2.666906 -0.089602
v -5.321239 -2.695830 -0.088128
v -5.196280 -2.716583 -0.087210
v -5.066990 -2.729166 -0.086849
v -4.933374 -2.733579 -0.087045
v -4.799740 -2.729811 -0.087783
v -4.670397 -2.717852 -0.089048
v -4.545347 -2.697702 -0.090840
v -4.424589 -2.669361 -0.093159
v -4.308125 -2.632829 -0.096004
v -4.195953 -2.588105 -0.099377
v -4.088073 -2.535191 -0.103276
v -3.984486 -2.474085 -0.107702
v -3.885192 -2.404789 -0.112655
v -3.790191 -2.327301 -0.118135
v -3.699484 -2.241622 -0.124141
v -3.613068 -2.147752 -0.130675
v -3.535425 -2.062042 -0.136636
v -3.464506 -1.970651 -0.142948
v -3.400310 -1.873581 -0.149613
v -3.342835 -1.770831 -0.156629
v -3.292084 -1.662401 -0.163996
v -3.248055 -1.548292 -0.171715
v -3.210751 -1.428502 -0.179786
v -3.180168 -1.303033 -0.188208
v -3.156309 -1.171884 -0.196982
v -3.139173 -1.035055 -0.206108
v -3.128759 -0.892546 -0.215585
v -3.125069 -0.744358 -0.225414
v -3.125019 -0.721704 -0.226914
v -3.128063 -0.573499 -0.236720
v -3.137855 -0.430942 -0.246126
v -3.154394 -0.294031 -0.255134
v -3.177680 -0.162768 -0.263743
v -3.207714 -0.037153 -0.271954
v -3.244496 0.082815 -0.279765
v -3.288027 0.197136 -0.287178
v -3.338304 0.305810 -0.294193
v -3.395329 0.408836 -0.300808
v -3.459101 0.506215 -0.307025
v -3.529621 0.597947 -0.312843
v -3.606888 0.684031 -0.318263
v -3.692894 0.778318 -0.324193
v -3.783227 0.864434 -0.329567
v -3.877889 0.942379 -0.334384
v -3.976879 1.012154 -0.338643
v -4.080197 1.073759 -0.342346
v -4.187845 1.127194 -0.345492
v -4.299822 1.172458 -0.348080
v -4.416126 1.209553 -0.350112
v -4.536758 1.238476 -0.351587
v -4.661720 1.259230 -0.352505
v -4.791008 1.271813 -0.352866
v -4.924625 1.276226 -0.352669
v -5.058260 1.272458 -0.351931
v -5.187605 1.260499 -0.350666
v -5.312654 1.240349 -0.348874
v -5.433411 1.212008 -0.346556
v -5.549875 1.175476 -0.343710
v -5.662046 1.130752 -0.340338
v -5.769926 1.077838 -0.336439
v -5.873514 1.016732 -0.332013
v -5.972809 0.947435 -0.327060
v -6.067812 0.869948 -0.321580
v -6.158520 0.784269 -0.315573
v -0.955084 -1.904969 -0.156473
v -1.052269 -1.995352 -0.150131
v -1.031787 -2.054712 -0.146275
v -1.008878 -2.111875 -0.142572
v -0.983539 -2.166842 -0.139024
v -0.955770 -2.219612 -0.135630
v -0.925572 -2.270185 -0.132391
v -0.892944 -2.318562 -0.129306
v -0.857887 -2.364742 -0.126375
v -0.820400 -2.408725 -0.123599
v -0.780485 -2.450512 -0.120977
v -0.738139 -2.490102 -0.118510
v -0.693364 -2.527495 -0.116197
v -0.646160 -2.562692 -0.114038
v -0.603926 -2.591741 -0.112268
v -0.561148 -2.618275 -0.110667
v -0.517825 -2.642292 -0.109235
v -0.473959 -2.663794 -0.107971
v -0.429547 -2.682780 -0.106876
v -0.384592 -2.699250 -0.105949
v -0.339091 -2.713204 -0.105191
v -0.293048 -2.724642 -0.104602
v -0.246460 -2.733565 -0.104182
v -0.199327 -2.739971 -0.103929
v -0.151650 -2.743862 -0.103846
v -0.103428 -2.745237 -0.103931
v -0.011420 -2.742942 -0.104420
v 0.077098 -2.735604 -0.105229
v 0.162123 -2.723224 -0.106360
v 0.243657 -2.705800 -0.107812
v 0.321700 -2.683334 -0.109586
v 0.396252 -2.655826 -0.111680
v 0.467313 -2.623274 -0.114096
v 0.534882 -2.585680 -0.116833
v 0.598959 -2.543043 -0.119892
v 0.659546 -2.495363 -0.123271
v 0.716641 -2.442641 -0.126972
v 0.770246 -2.384876 -0.130994
v 0.819950 -2.323168 -0.135263
v 0.865353 -2.258618 -0.139705
v 0.906450 -2.191226 -0.144319
v 0.943243 -2.120992 -0.149105
v 0.975731 -2.047916 -0.154064
v 1.003916 -1.971997 -0.159196
v 1.027795 -1.893236 -0.164500
v 1.047371 -1.811633 -0.169976
v 1.062641 -1.727188 -0.175626
v 1.073608 -1.639901 -0.181447
v 1.080272 -1.549772 -0.187441
v 1.082629 -1.456800 -0.193608
v 1.080677 -1.363661 -0.199770
v 1.074409 -1.273028 -0.205750
v 1.063825 -1.184902 -0.211549
v 1.048925 -1.099283 -0.217165
v 1.029709 -1.016171 -0.222600
v 1.006177 -0.935565 -0.227853
v 0.978329 -0.857466 -0.232924
v 0.946165 -0.781873 -0.237813
v 0.909685 -0.708788 -0.242521
v 0.868889 -0.638209 -0.247046
v 0.823776 -0.570137 -0.251390
v 0.774348 -0.504571 -0.255552
v 0.724634 -0.446557 -0.259213
v 0.672215 -0.393570 -0.262531
v 0.617089 -0.345611 -0.265506
v 0.559260 -0.302680 -0.268138
v 0.498726 -0.264777 -0.270428
v 0.435486 -0.231901 -0.272374
v 0.369542 -0.204054 -0.273977
v 0.300891 -0.181233 -0.275238
v 0.229538 -0.163441 -0.276156
v 0.155478 -0.150676 -0.276730
v 0.078712 -0.142940 -0.276962
v -0.000755 -0.140231 -0.276851
v -0.073905 -0.142256 -0.276449
v -0.144641 -0.148693 -0.275764
v -0.212959 -0.159541 -0.274796
v -0.278863 -0.174800 -0.273544
v -0.342351 -0.194469 -0.272010
v -0.403425 -0.218549 -0.270191
v -0.462084 -0.247040 -0.268090
v -0.518328 -0.279942 -0.265705
v -0.572156 -0.317255 -0.263037
v -0.623569 -0.358978 -0.260085
v -0.672568 -0.405113 -0.256850
v -0.719151 -0.455658 -0.253332
v -0.768970 -0.506825 -0.249761
v -0.814756 -0.562406 -0.245912
v -0.856511 -0.622403 -0.241785
v -0.894235 -0.686814 -0.237381
v -0.927927 -0.755640 -0.232699
v -0.957586 -0.828880 -0.227740
v -0.983215 -0.906535 -0.222502
v -1.004813 -0.988605 -0.216987
v -1.022378 -1.075090 -0.211195
v -1.035913 -1.165990 -0.205125
v -1.045415 -1.261304 -0.198777
v -1.050884 -1.361033 -0.192151
v 0.714277 -1.365293 -0.198322
v 0.715257 -1.471803 -0.191271
v 0.712208 -1.572324 -0.184602
v 0.705132 -1.666858 -0.178315
v 0.694028 -1.755403 -0.172409
v 0.678896 -1.837961 -0.166885
v 0.659737 -1.914530 -0.161744
v 0.636547 -1.985112 -0.156984
v 0.609331 -2.049706 -0.152606
v 0.578087 -2.108311 -0.148610
v 0.542813 -2.160929 -0.144996
v 0.503512 -2.207559 -0.141764
v 0.460183 -2.248201 -0.138913
v 0.420621 -2.291526 -0.135899
v 0.379719 -2.331073 -0.133130
v 0.337479 -2.366840 -0.130607
v 0.293898 -2.398829 -0.128328
v 0.248981 -2.427038 -0.126296
v 0.202724 -2.451469 -0.124508
v 0.155128 -2.472121 -0.122967
v 0.106193 -2.488993 -0.121670
v 0.055920 -2.502087 -0.120619
v 0.004307 -2.511402 -0.119813
v -0.048645 -2.516937 -0.119253
v -0.102934 -2.518694 -0.118938
v -0.144958 -2.517492 -0.118864
v -0.186979 -2.514086 -0.118936
v -0.228994 -2.508479 -0.119154
v -0.271005 -2.500669 -0.119518
v -0.313010 -2.490656 -0.120027
v -0.355011 -2.478441 -0.120683
v -0.397007 -2.464023 -0.121484
v -0.438998 -2.447403 -0.122432
v -0.480985 -2.428580 -0.123525
v -0.522966 -2.407555 -0.124764
v -0.564942 -2.384327 -0.126149
v -0.606918 -2.358897 -0.127680
v -0.641890 -2.334900 -0.129142
v -0.675777 -2.308388 -0.130774
v -0.708583 -2.279361 -0.132576
v -0.740304 -2.247821 -0.134550
v -0.770943 -2.213765 -0.136693
v -0.800497 -2.177195 -0.139007
v -0.828969 -2.138110 -0.141492
v -0.856359 -2.096511 -0.144147
v -0.882665 -2.052397 -0.146973
v -0.907887 -2.005769 -0.149969
v -0.932028 -1.956627 -0.153136
v 0.714574 -1.229368 -0.207326
v -0.662640 -1.226044 -0.202512
v -0.658010 -1.141730 -0.208113
v -0.650969 -1.062457 -0.213390
v -0.641512 -0.988224 -0.218341
v -0.629642 -0.919031 -0.222967
v -0.615357 -0.854878 -0.227269
v -0.598660 -0.795765 -0.231245
v -0.579548 -0.741692 -0.234897
v -0.558022 -0.692659 -0.238223
v -0.534084 -0.648667 -0.241224
v -0.507730 -0.609715 -0.243901
v -0.478966 -0.575803 -0.246252
v -0.447785 -0.546931 -0.248279
v -0.412003 -0.507214 -0.251040
v -0.375958 -0.470960 -0.253573
v -0.339651 -0.438167 -0.255878
v -0.303083 -0.408837 -0.257954
v -0.266252 -0.382967 -0.259802
v -0.229159 -0.360560 -0.261422
v -0.191805 -0.341614 -0.262814
v -0.154188 -0.326130 -0.263977
v -0.116309 -0.314107 -0.264912
v -0.078170 -0.305547 -0.265618
v -0.039767 -0.300448 -0.266096
v -0.001101 -0.298810 -0.266346
v 0.043751 -0.300649 -0.266388
v 0.087787 -0.305947 -0.266198
v 0.131008 -0.314704 -0.265776
v 0.173413 -0.326921 -0.265122
v 0.215004 -0.342596 -0.264236
v 0.255776 -0.361730 -0.263118
v 0.295734 -0.384323 -0.261767
v 0.334877 -0.410376 -0.260185
v 0.373203 -0.439888 -0.258370
v 0.410714 -0.472859 -0.256323
v 0.447409 -0.509289 -0.254045
v 0.483289 -0.549178 -0.251534
v 0.517431 -0.581669 -0.249506
v 0.548872 -0.618558 -0.247178
v 0.577609 -0.659846 -0.244548
v 0.603642 -0.705532 -0.241618
v 0.626971 -0.755617 -0.238385
v 0.647596 -0.810100 -0.234852
v 0.665519 -0.868982 -0.231018
v 0.680737 -0.932262 -0.226882
v 0.693252 -0.999941 -0.222445
v 0.703063 -1.072018 -0.217707
v 0.710170 -1.148494 -0.212667
v 3.218121 -0.646396 -0.255093
v 3.159429 -0.566650 -0.260160
v 3.099375 -0.493822 -0.264765
v 3.037958 -0.427913 -0.268906
v 2.975180 -0.368923 -0.272583
v 2.911039 -0.316852 -0.275798
v 2.845537 -0.271700 -0.278549
v 2.778672 -0.233466 -0.280837
v 2.710444 -0.202152 -0.282662
v 2.640856 -0.177757 -0.284023
v 2.569905 -0.160280 -0.284921
v 2.497592 -0.149722 -0.285356
v 2.423916 -0.146083 -0.285328
v 2.363970 -0.147197 -0.285035
v 2.306981 -0.150835 -0.284586
v 2.252952 -0.156997 -0.283980
v 2.201880 -0.165684 -0.283218
v 2.153766 -0.176896 -0.282299
v 2.108609 -0.190631 -0.281224
v 2.066412 -0.206891 -0.279993
v 2.027171 -0.225674 -0.278606
v 1.990890 -0.246983 -0.277062
v 1.957566 -0.270815 -0.275361
v 1.927200 -0.297172 -0.273504
v 1.899792 -0.326053 -0.271491
v 1.871829 -0.362170 -0.268997
v 1.846281 -0.402697 -0.266219
v 1.823149 -0.447635 -0.263158
v 1.802430 -0.496984 -0.259813
v 1.784128 -0.550745 -0.256186
v 1.768241 -0.608915 -0.252275
v 1.754768 -0.671497 -0.248080
v 1.743711 -0.738489 -0.243603
v 1.735068 -0.809893 -0.238842
v 1.728841 -0.885707 -0.233797
v 1.725029 -0.965932 -0.228469
v 1.723632 -1.050568 -0.222858
v 1.721062 -2.228590 -0.144822
v 1.720450 -2.261783 -0.142621
v 1.718765 -2.293401 -0.140521
v 1.716006 -2.323443 -0.138521
v 1.712173 -2.351909 -0.136621
v 1.707264 -2.378799 -0.134822
v 1.701282 -2.404114 -0.133124
v 1.694226 -2.427852 -0.131526
v 1.686095 -2.450015 -0.130028
v 1.676891 -2.470602 -0.128631
v 1.666611 -2.489613 -0.127334
v 1.655258 -2.507049 -0.126138
v 1.642830 -2.522908 -0.125042
v 1.629193 -2.537349 -0.124035
v 1.614213 -2.550528 -0.123108
v 1.597887 -2.562445 -0.122259
v 1.580218 -2.573100 -0.121488
v 1.561204 -2.582494 -0.120797
v 1.540846 -2.590625 -0.120184
v 1.519143 -2.597495 -0.119649
v 1.496097 -2.603103 -0.119193
v 1.471705 -2.607449 -0.118816
v 1.445970 -2.610533 -0.118518
v 1.418890 -2.612356 -0.118298
v 1.390467 -2.612916 -0.118157
v 1.293480 -2.612682 -0.117818
v 1.293183 -2.748608 -0.108814
v 2.457026 -2.751417 -0.112883
v 2.457322 -2.615492 -0.121887
v 2.360336 -2.615258 -0.121548
v 2.331914 -2.614560 -0.121490
v 2.304843 -2.612606 -0.121521
v 2.279121 -2.609398 -0.121639
v 2.254749 -2.604934 -0.121846
v 2.231728 -2.599215 -0.122140
v 2.210055 -2.592240 -0.122523
v 2.189732 -2.584011 -0.122994
v 2.170759 -2.574525 -0.123553
v 2.153136 -2.563785 -0.124200
v 2.136864 -2.551789 -0.124935
v 2.121940 -2.538538 -0.125758
v 2.108368 -2.524032 -0.126669
v 2.096008 -2.508112 -0.127678
v 2.084732 -2.490623 -0.128796
v 2.074536 -2.471562 -0.130021
v 2.065421 -2.450931 -0.131354
v 2.057387 -2.428729 -0.132795
v 2.050435 -2.404956 -0.134344
v 2.044563 -2.379613 -0.136002
v 2.039774 -2.352700 -0.137767
v 2.036064 -2.324215 -0.139640
v 2.033435 -2.294161 -0.141621
v 2.031888 -2.262535 -0.143710
v 2.031421 -2.229339 -0.145907
v 2.033991 -1.051317 -0.223943
v 2.034944 -0.985244 -0.228323
v 2.037505 -0.922951 -0.232459
v 2.041675 -0.864437 -0.236350
v 2.047451 -0.809703 -0.239996
v 2.054836 -0.758748 -0.243398
v 2.063829 -0.711573 -0.246556
v 2.074430 -0.668178 -0.249469
v 2.086641 -0.628562 -0.252137
v 2.100459 -0.592726 -0.254562
v 2.115885 -0.560670 -0.256741
v 2.132919 -0.532393 -0.258676
v 2.151562 -0.507896 -0.260367
v 2.171411 -0.486233 -0.261875
v 2.192063 -0.466460 -0.263260
v 2.213520 -0.448578 -0.264523
v 2.235782 -0.432584 -0.265663
v 2.258846 -0.418481 -0.266682
v 2.282717 -0.406267 -0.267578
v 2.307389 -0.395944 -0.268352
v 2.332868 -0.387510 -0.269004
v 2.359150 -0.380966 -0.269533
v 2.386236 -0.376312 -0.269941
v 2.414125 -0.373547 -0.270226
v 2.442819 -0.372672 -0.270389
v 2.504372 -0.376125 -0.270385
v 2.566178 -0.386185 -0.269945
v 2.628241 -0.402854 -0.269067
v 2.690558 -0.426131 -0.267754
v 2.753131 -0.456016 -0.266003
v 2.815959 -0.492508 -0.263815
v 2.879042 -0.535610 -0.261191
v 2.942379 -0.585319 -0.258130
v 3.005971 -0.641636 -0.254632
v 3.069818 -0.704562 -0.250698
v 3.133921 -0.774096 -0.246327
v 3.198278 -0.850238 -0.241519
v 3.195263 -2.232148 -0.149976
v 3.194652 -2.265342 -0.147775
v 3.192966 -2.296959 -0.145675
v 3.190207 -2.327001 -0.143675
v 3.186374 -2.355467 -0.141775
v 3.181465 -2.382357 -0.139976
v 3.175483 -2.407672 -0.138278
v 3.168427 -2.431411 -0.136680
v 3.160295 -2.453573 -0.135182
v 3.151091 -2.474160 -0.133785
v 3.140811 -2.493171 -0.132488
v 3.129458 -2.510607 -0.131292
v 3.117031 -2.526466 -0.130196
v 3.103395 -2.540907 -0.129189
v 3.088413 -2.554086 -0.128262
v 3.072087 -2.566003 -0.127413
v 3.054419 -2.576658 -0.126642
v 3.035404 -2.586052 -0.125951
v 3.015047 -2.594183 -0.125337
v 2.993345 -2.601053 -0.124803
v 2.970298 -2.606661 -0.124347
v 2.945907 -2.611007 -0.123970
v 2.920171 -2.614092 -0.123672
v 2.893091 -2.615914 -0.123452
v 2.864667 -2.616475 -0.123311
v 2.767680 -2.616241 -0.122972
v 2.767384 -2.752166 -0.113968
v 3.931226 -2.754975 -0.118037
v 3.931522 -2.619050 -0.127041
v 3.834537 -2.618816 -0.126702
v 3.806114 -2.618118 -0.126644
v 3.779043 -2.616165 -0.126675
v 3.753322 -2.612956 -0.126793
v 3.728950 -2.608492 -0.127000
v 3.705928 -2.602773 -0.127294
v 3.684256 -2.595798 -0.127677
v 3.663933 -2.587569 -0.128148
v 3.644960 -2.578084 -0.128707
v 3.627337 -2.567343 -0.129354
v 3.611065 -2.555347 -0.130089
v 3.596141 -2.542096 -0.130912
v 3.582568 -2.527590 -0.131823
v 3.570210 -2.511671 -0.132832
v 3.558932 -2.494181 -0.133950
v 3.548737 -2.475120 -0.135175
v 3.539621 -2.454489 -0.136508
v 3.531588 -2.432287 -0.137949
v 3.524634 -2.408515 -0.139498
v 3.518763 -2.383172 -0.141156
v 3.513972 -2.356258 -0.142921
v 3.510263 -2.327774 -0.144794
v 3.507635 -2.297719 -0.146775
v 3.506087 -2.266093 -0.148864
v 3.505621 -2.232897 -0.151061
v 3.508191 -1.054876 -0.229097
v 3.509143 -0.988802 -0.233477
v 3.511704 -0.926509 -0.237613
v 3.515873 -0.867995 -0.241504
v 3.521650 -0.813261 -0.245150
v 3.529036 -0.762306 -0.248552
v 3.538030 -0.715132 -0.251710
v 3.548631 -0.671736 -0.254623
v 3.560841 -0.632120 -0.257291
v 3.574659 -0.596285 -0.259716
v 3.590085 -0.564228 -0.261895
v 3.607120 -0.535951 -0.263830
v 3.625762 -0.511454 -0.265521
v 3.645880 -0.489792 -0.267029
v 3.667341 -0.470021 -0.268417
v 3.690145 -0.452142 -0.269685
v 3.714293 -0.436153 -0.270832
v 3.739782 -0.422055 -0.271859
v 3.766616 -0.409849 -0.272766
v 3.794791 -0.399534 -0.273552
v 3.824310 -0.391110 -0.274218
v 3.855172 -0.384577 -0.274764
v 3.887376 -0.379935 -0.275189
v 3.920924 -0.377184 -0.275494
v 3.955814 -0.376324 -0.275678
v 4.011170 -0.379762 -0.275653
v 4.067320 -0.389808 -0.275193
v 4.124264 -0.406465 -0.274298
v 4.182002 -0.429730 -0.272968
v 4.240533 -0.459606 -0.271203
v 4.299858 -0.496090 -0.269003
v 4.359977 -0.539184 -0.266369
v 4.420889 -0.588888 -0.263299
v 4.482595 -0.645200 -0.259795
v 4.545096 -0.708123 -0.255856
v 4.608390 -0.777655 -0.251482
v 4.672479 -0.853796 -0.246673
v 4.669463 -2.235706 -0.155130
v 4.668852 -2.268900 -0.152929
v 4.667167 -2.300518 -0.150829
v 4.664407 -2.330559 -0.148829
v 4.660573 -2.359025 -0.146929
v 4.655665 -2.385916 -0.145130
v 4.649683 -2.411230 -0.143432
v 4.642627 -2.434969 -0.141834
v 4.634496 -2.457131 -0.140336
v 4.625291 -2.477718 -0.138939
v 4.615012 -2.496730 -0.137642
v 4.603659 -2.514165 -0.136445
v 4.591231 -2.530025 -0.135350
v 4.577594 -2.544465 -0.134343
v 4.562613 -2.557644 -0.133416
v 4.546288 -2.569561 -0.132567
v 4.528619 -2.580216 -0.131796
v 4.509604 -2.589610 -0.131104
v 4.489247 -2.597742 -0.130491
v 4.467544 -2.604611 -0.129957
v 4.444498 -2.610219 -0.129501
v 4.420106 -2.614565 -0.129124
v 4.394371 -2.617650 -0.128826
v 4.367291 -2.619472 -0.128606
v 4.338867 -2.620033 -0.128465
v 4.241880 -2.619799 -0.128126
v 4.241583 -2.755724 -0.119122
v 5.405426 -2.758534 -0.123191
v 5.405723 -2.622608 -0.132195
v 5.308736 -2.622374 -0.131856
v 5.280314 -2.621676 -0.131798
v 5.253243 -2.619723 -0.131829
v 5.227521 -2.616514 -0.131947
v 5.203150 -2.612051 -0.132154
v 5.180128 -2.606331 -0.132448
v 5.158456 -2.599357 -0.132831
v 5.138133 -2.591127 -0.133302
v 5.119161 -2.581642 -0.133861
v 5.101538 -2.570901 -0.134508
v 5.085264 -2.558906 -0.135243
v 5.070341 -2.545655 -0.136066
v 5.056768 -2.531148 -0.136977
v 5.044410 -2.515229 -0.137986
v 5.033134 -2.497739 -0.139104
v 5.022937 -2.478678 -0.140329
v 5.013822 -2.458047 -0.141662
v 5.005788 -2.435845 -0.143103
v 4.998835 -2.412073 -0.144652
v 4.992963 -2.386730 -0.146309
v 4.988173 -2.359816 -0.148075
v 4.984463 -2.331332 -0.149948
v 4.981834 -2.301277 -0.151929
v 4.980288 -2.269652 -0.154018
v 4.979821 -2.236455 -0.156215
v 4.983232 -0.673311 -0.259763
v 4.983843 -0.640118 -0.261964
v 4.985528 -0.608500 -0.264064
v 4.988287 -0.578458 -0.266064
v 4.992121 -0.549992 -0.267964
v 4.997029 -0.523102 -0.269763
v 5.003011 -0.497787 -0.271462
v 5.010068 -0.474049 -0.273060
v 5.018199 -0.451886 -0.274557
v 5.027404 -0.431299 -0.275955
v 5.037683 -0.412288 -0.277251
v 5.049037 -0.394852 -0.278448
v 5.061464 -0.378993 -0.279544
v 5.075101 -0.364552 -0.280550
v 5.090082 -0.351373 -0.281478
v 5.106407 -0.339456 -0.282327
v 5.124077 -0.328801 -0.283097
v 5.143091 -0.319408 -0.283789
v 5.163449 -0.311276 -0.284402
v 5.185152 -0.304406 -0.284936
v 5.208198 -0.298798 -0.285392
v 5.232589 -0.294452 -0.285769
v 5.258325 -0.291368 -0.286067
v 5.285404 -0.289545 -0.286287
v 5.313828 -0.288985 -0.286428
v 5.410814 -0.289219 -0.286767
v 5.411111 -0.153293 -0.295771
v 5.197740 -0.152778 -0.295025
v 5.149653 -0.151403 -0.294941
v 5.102380 -0.147514 -0.295025
v 5.055922 -0.141109 -0.295280
v 5.010276 -0.132188 -0.295704
v 4.965444 -0.120753 -0.296297
v 4.921426 -0.106802 -0.297060
v 4.878222 -0.090336 -0.297993
v 4.835831 -0.071356 -0.299095
v 4.794254 -0.049859 -0.300367
v 4.753491 -0.025848 -0.301809
v 4.713542 0.000678 -0.303419
v 4.674407 0.029720 -0.305200
v 4.672924 -0.649908 -0.260179
v 4.608305 -0.570147 -0.265226
v 4.543401 -0.497308 -0.269813
v 4.478213 -0.431390 -0.273941
v 4.412741 -0.372393 -0.277609
v 4.346984 -0.320318 -0.280818
v 4.280942 -0.275164 -0.283567
v 4.214616 -0.236932 -0.285857
v 4.148005 -0.205622 -0.287687
v 4.081111 -0.181233 -0.289058
v 4.013931 -0.163765 -0.289970
v 3.946467 -0.153219 -0.290422
v 3.878718 -0.149595 -0.290414
v 3.808935 -0.152887 -0.289941
v 3.741830 -0.163108 -0.289018
v 3.677402 -0.180259 -0.287647
v 3.615656 -0.204337 -0.285826
v 3.556588 -0.235344 -0.283557
v 3.500198 -0.273280 -0.280838
v 3.446488 -0.318145 -0.277670
v 3.395456 -0.369938 -0.274053
v 3.347104 -0.428659 -0.269986
v 3.301432 -0.494310 -0.265471
v 3.258436 -0.566889 -0.260506
v 7.173702 -1.335575 -0.223906
v 7.115289 -1.313095 -0.225182
v 7.056336 -1.291242 -0.226413
v 6.996843 -1.270017 -0.227602
v 6.936810 -1.249420 -0.228747
v 6.876236 -1.229452 -0.229848
v 6.815123 -1.210111 -0.230905
v 6.753469 -1.191398 -0.231919
v 6.691275 -1.173313 -0.232890
v 6.628540 -1.155856 -0.233817
v 6.565266 -1.139027 -0.234700
v 6.501451 -1.122827 -0.235540
v 6.437096 -1.107254 -0.236336
v 6.434847 -1.026699 -0.241663
v 6.434203 -0.951183 -0.246663
v 6.435165 -0.880705 -0.251335
v 6.437733 -0.815265 -0.255678
v 6.441906 -0.754864 -0.259694
v 6.447684 -0.699500 -0.263383
v 6.455069 -0.649175 -0.266743
v 6.464058 -0.603888 -0.269775
v 6.474652 -0.563639 -0.272480
v 6.486853 -0.528428 -0.274857
v 6.500659 -0.498256 -0.276906
v 6.516069 -0.473122 -0.278627
v 6.539436 -0.444231 -0.280626
v 6.564145 -0.417860 -0.282463
v 6.590195 -0.394010 -0.284138
v 6.617587 -0.372680 -0.285651
v 6.646320 -0.353871 -0.287002
v 6.676394 -0.337582 -0.288191
v 6.707810 -0.323813 -0.289218
v 6.740568 -0.312566 -0.290082
v 6.774667 -0.303838 -0.290785
v 6.810109 -0.297630 -0.291326
v 6.846891 -0.293943 -0.291704
v 6.885015 -0.292777 -0.291921
v 6.922999 -0.293970 -0.291981
v 6.959362 -0.297361 -0.291889
v 6.994104 -0.302951 -0.291646
v 7.027224 -0.310740 -0.291251
v 7.058723 -0.320728 -0.290705
v 7.088601 -0.332913 -0.290007
v 7.116858 -0.347298 -0.289157
v 7.143493 -0.363881 -0.288156
v 7.168507 -0.382663 -0.287004
v 7.191900 -0.403643 -0.285700
v 7.213672 -0.426822 -0.284244
v 7.233822 -0.452199 -0.282637
v 7.252354 -0.478517 -0.280961
v 7.269270 -0.504516 -0.279301
v 7.284570 -0.530197 -0.277656
v 7.298254 -0.555558 -0.276026
v 7.310323 -0.580602 -0.274412
v 7.320776 -0.605326 -0.272812
v 7.329613 -0.629733 -0.271228
v 7.336834 -0.653821 -0.269659
v 7.342440 -0.677590 -0.268105
v 7.346430 -0.701041 -0.266566
v 7.348804 -0.724172 -0.265043
v 7.349564 -0.746986 -0.263535
v 7.350824 -0.786792 -0.260903
v 7.354785 -0.823143 -0.258509
v 7.361449 -0.856039 -0.256355
v 7.370814 -0.885481 -0.254439
v 7.382881 -0.911468 -0.252762
v 7.397650 -0.934001 -0.251323
v 7.415120 -0.953079 -0.250124
v 7.435291 -0.968702 -0.249163
v 7.458164 -0.980871 -0.248440
v 7.483739 -0.989586 -0.247956
v 7.512015 -0.994846 -0.247711
v 7.542994 -0.996651 -0.247705
v 7.577077 -0.995160 -0.247928
v 7.608204 -0.990516 -0.248350
v 7.636374 -0.982718 -0.248969
v 7.661588 -0.971766 -0.249787
v 7.683845 -0.957661 -0.250803
v 7.703145 -0.940402 -0.252016
v 7.719489 -0.919990 -0.253428
v 7.732876 -0.896424 -0.255038
v 7.743307 -0.869704 -0.256846
v 7.750781 -0.839831 -0.258852
v 7.755298 -0.806804 -0.261056
v 7.756859 -0.770623 -0.263458
v 7.755705 -0.743876 -0.265225
v 7.752128 -0.716493 -0.267026
v 7.746127 -0.688475 -0.268860
v 7.737703 -0.659822 -0.270727
v 7.726855 -0.630535 -0.272627
v 7.713585 -0.600611 -0.274561
v 7.697891 -0.570053 -0.276527
v 7.679774 -0.538859 -0.278527
v 7.659233 -0.507030 -0.280560
v 7.636270 -0.474567 -0.282627
v 7.610883 -0.441468 -0.284726
v 7.583073 -0.407734 -0.286859
v 7.545712 -0.367841 -0.289365
v 7.504572 -0.331400 -0.291628
v 7.459653 -0.298412 -0.293649
v 7.410954 -0.268875 -0.295427
v 7.358476 -0.242790 -0.296963
v 7.302219 -0.220157 -0.298256
v 7.242183 -0.200976 -0.299307
v 7.178368 -0.185247 -0.300116
v 7.110773 -0.172970 -0.300682
v 7.039398 -0.164145 -0.301006
v 6.964244 -0.158772 -0.301087
v 6.885312 -0.156852 -0.300925
v 6.818899 -0.158264 -0.300589
v 6.755444 -0.162831 -0.300054
v 6.694944 -0.170551 -0.299322
v 6.637401 -0.181424 -0.298391
v 6.582815 -0.195452 -0.297263
v 6.531186 -0.212633 -0.295936
v 6.482513 -0.232967 -0.294411
v 6.436797 -0.256455 -0.292688
v 6.394037 -0.283097 -0.290767
v 6.354235 -0.312892 -0.288648
v 6.317389 -0.345840 -0.286331
v 6.283499 -0.381943 -0.283816
v 6.258647 -0.412246 -0.281718
v 6.235950 -0.442869 -0.279607
v 6.215407 -0.473812 -0.277482
v 6.197019 -0.505074 -0.275344
v 6.180786 -0.536657 -0.273193
v 6.166707 -0.568559 -0.271028
v 6.154782 -0.600782 -0.268851
v 6.145013 -0.633324 -0.266659
v 6.137397 -0.666186 -0.264455
v 6.131937 -0.699368 -0.262237
v 6.128631 -0.732869 -0.260006
v 6.127480 -0.766691 -0.257762
v 6.124069 -2.329835 -0.154213
v 6.123181 -2.366017 -0.151813
v 6.120684 -2.399048 -0.149616
v 6.116578 -2.428930 -0.147622
v 6.110862 -2.455661 -0.145831
v 6.103537 -2.479241 -0.144242
v 6.094602 -2.499672 -0.142856
v 6.084057 -2.516952 -0.141673
v 6.071902 -2.531081 -0.140693
v 6.058138 -2.542061 -0.139915
v 6.042765 -2.549890 -0.139341
v 6.025782 -2.554568 -0.138969
v 6.007190 -2.556097 -0.138799
v 5.984966 -2.554942 -0.138795
v 5.963556 -2.551586 -0.138939
v 5.942958 -2.546030 -0.139231
v 5.923173 -2.538274 -0.139673
v 5.904201 -2.528317 -0.140263
v 5.886043 -2.516159 -0.141002
v 5.868697 -2.501801 -0.141889
v 5.852165 -2.485242 -0.142926
v 5.836445 -2.466483 -0.144111
v 5.821538 -2.445523 -0.145445
v 5.807445 -2.422363 -0.146927
v 5.794165 -2.397002 -0.148558
v 5.716377 -2.487432 -0.142284
v 5.742684 -2.530916 -0.139500
v 5.770078 -2.570627 -0.136970
v 5.798557 -2.606565 -0.134694
v 5.828122 -2.638731 -0.132671
v 5.858773 -2.667122 -0.130903
v 5.890509 -2.691741 -0.129388
v 5.923331 -2.712587 -0.128128
v 5.957240 -2.729660 -0.127121
v 5.992234 -2.742959 -0.126368
v 6.028314 -2.752486 -0.125869
v 6.065480 -2.758239 -0.125623
v 6.103731 -2.760219 -0.125632
v 6.129192 -2.759494 -0.125773
v 6.153849 -2.757194 -0.126016
v 6.177700 -2.753318 -0.126360
v 6.200746 -2.747868 -0.126805
v 6.222988 -2.740842 -0.127352
v 6.244424 -2.732241 -0.128000
v 6.265057 -2.722064 -0.128749
v 6.284884 -2.710313 -0.129600
v 6.303907 -2.696987 -0.130552
v 6.322124 -2.682085 -0.131606
v 6.339537 -2.665608 -0.132761
v 6.356145 -2.647556 -0.134017
v 6.365601 -2.635308 -0.134863
v 6.374523 -2.621171 -0.135832
v 6.382909 -2.605144 -0.136924
v 6.390761 -2.587228 -0.138140
v 6.398078 -2.567423 -0.139478
v 6.404860 -2.545729 -0.140940
v 6.411108 -2.522146 -0.142525
v 6.416821 -2.496674 -0.144233
v 6.422000 -2.469312 -0.146064
v 6.426644 -2.440061 -0.148019
v 6.430753 -2.408922 -0.150096
v 6.434328 -2.375893 -0.152297
v 6.502084 -2.437569 -0.148459
v 6.569852 -2.493896 -0.144976
v 6.637632 -2.544875 -0.141847
v 6.705423 -2.590505 -0.139073
v 6.773226 -2.630786 -0.136653
v 6.841041 -2.665718 -0.134587
v 6.908867 -2.695301 -0.132876
v 6.976706 -2.719535 -0.131518
v 7.044555 -2.738420 -0.130516
v 7.112417 -2.751956 -0.129867
v 7.180290 -2.760143 -0.129573
v 7.248177 -2.762981 -0.129633
v 7.298829 -2.761845 -0.129894
v 7.347330 -2.758186 -0.130313
v 7.393682 -2.752005 -0.130892
v 7.437884 -2.743302 -0.131630
v 7.479936 -2.732076 -0.132528
v 7.519839 -2.718328 -0.133584
v 7.557592 -2.702058 -0.134800
v 7.593195 -2.683265 -0.136175
v 7.626648 -2.661950 -0.137709
v 7.657951 -2.638113 -0.139402
v 7.687105 -2.611753 -0.141255
v 7.714110 -2.582871 -0.143266
v 7.738963 -2.551939 -0.145406
v 7.761664 -2.519428 -0.147642
v 7.782214 -2.485338 -0.149976
v 7.800611 -2.449671 -0.152405
v 7.816857 -2.412424 -0.154932
v 7.830951 -2.373600 -0.157555
v 7.842893 -2.333197 -0.160275
v 7.852684 -2.291216 -0.163091
v 7.860322 -2.247656 -0.166004
v 7.865808 -2.202518 -0.169014
v 7.869143 -2.155801 -0.172120
v 7.870327 -2.107506 -0.175324
v 7.869196 -2.069903 -0.177810
v 7.865641 -2.032609 -0.180267
v 7.859659 -1.995624 -0.182695
v 7.851253 -1.958948 -0.185094
v 7.840421 -1.922580 -0.187463
v 7.827164 -1.886521 -0.189803
v 7.811481 -1.850771 -0.192113
v 7.793374 -1.815330 -0.194395
v 7.772840 -1.780198 -0.196647
v 7.749882 -1.745374 -0.198869
v 7.724497 -1.710859 -0.201063
v 7.696689 -1.676654 -0.203227
v 7.666454 -1.643071 -0.205340
v 7.633792 -1.610426 -0.207383
v 7.598703 -1.578720 -0.209355
v 7.561188 -1.547952 -0.211256
v 7.521245 -1.518121 -0.213086
v 7.478877 -1.489229 -0.214844
v 7.434081 -1.461275 -0.216532
v 7.386858 -1.434259 -0.218149
v 7.337209 -1.408181 -0.219695
v 7.285134 -1.383041 -0.221170
v 7.230631 -1.358839 -0.222573
v 6.434723 -2.194658 -0.164302
v 6.436750 -1.265833 -0.225831
v 6.512127 -1.291816 -0.224386
v 6.583198 -1.316530 -0.223009
v 6.649960 -1.339975 -0.221700
v 6.712415 -1.362151 -0.220459
v 6.770561 -1.383058 -0.219287
v 6.824400 -1.402696 -0.218183
v 6.873931 -1.421064 -0.217148
v 6.919155 -1.438164 -0.216180
v 6.960071 -1.453995 -0.215281
v 6.996679 -1.468557 -0.214451
v 7.028979 -1.481850 -0.213688
v 7.056972 -1.493874 -0.212994
v 7.091826 -1.509376 -0.212095
v 7.125333 -1.525504 -0.211149
v 7.157491 -1.542258 -0.210157
v 7.188300 -1.559638 -0.209119
v 7.217761 -1.577643 -0.208034
v 7.245873 -1.596275 -0.206902
v 7.272637 -1.615533 -0.205725
v 7.298054 -1.635417 -0.204500
v 7.322121 -1.655927 -0.203230
v 7.344840 -1.677063 -0.201913
v 7.366210 -1.698825 -0.200550
v 7.386232 -1.721213 -0.199140
v 7.404771 -1.744227 -0.197684
v 7.421693 -1.767866 -0.196180
v 7.436996 -1.792130 -0.194628
v 7.450682 -1.817020 -0.193030
v 7.462750 -1.842536 -0.191384
v 7.473199 -1.868676 -0.189691
v 7.482032 -1.895442 -0.187950
v 7.489246 -1.922834 -0.186162
v 7.494842 -1.950851 -0.184327
v 7.498821 -1.979493 -0.182444
v 7.501182 -2.008760 -0.180514
v 7.501925 -2.038654 -0.178537
v 7.501036 -2.075779 -0.176075
v 7.498533 -2.111643 -0.173690
v 7.494416 -2.146244 -0.171383
v 7.488686 -2.179582 -0.169154
v 7.481342 -2.211658 -0.167003
v 7.472384 -2.242472 -0.164929
v 7.461812 -2.272023 -0.162933
v 7.449627 -2.300312 -0.161015
v 7.435829 -2.327338 -0.159174
v 7.420416 -2.353101 -0.157412
v 7.403389 -2.377602 -0.155727
v 7.384749 -2.400841 -0.154119
v 7.364766 -2.422503 -0.152611
v 7.343709 -2.442275 -0.151225
v 7.321579 -2.460156 -0.149959
v 7.298375 -2.476147 -0.148815
v 7.274097 -2.490247 -0.147793
v 7.248746 -2.502457 -0.146891
v 7.222322 -2.512777 -0.146111
v 7.194823 -2.521206 -0.145452
v 7.166251 -2.527745 -0.144915
v 7.136606 -2.532393 -0.144499
v 7.105887 -2.535150 -0.144204
v 7.074095 -2.536017 -0.144030
v 7.039207 -2.535461 -0.143939
v 7.005670 -2.533964 -0.143916
v 6.973480 -2.531527 -0.143959
v 6.942641 -2.528149 -0.144070
v 6.913149 -2.523830 -0.144249
v 6.885008 -2.518570 -0.144494
v 6.858215 -2.512370 -0.144807
v 6.832771 -2.505229 -0.145187
v 6.808677 -2.497148 -0.145634
v 6.785931 -2.488125 -0.146149
v 6.764534 -2.478162 -0.146730
v 6.744488 -2.467259 -0.147379
v 6.712739 -2.447989 -0.148539
v 6.682071 -2.428092 -0.149745
v 6.652480 -2.407569 -0.150996
v 6.623969 -2.386419 -0.152293
v 6.596536 -2.364642 -0.153635
v 6.570183 -2.342239 -0.155023
v 6.544909 -2.319209 -0.156456
v 6.520713 -2.295552 -0.157934
v 6.497597 -2.271269 -0.159458
v 6.475561 -2.246359 -0.161027
v 6.454603 -2.220822 -0.162642
v 8.608712 -1.520274 -0.216919
v 8.606439 -2.562370 -0.147887
v 8.622888 -2.555173 -0.148423
v 8.639875 -2.548607 -0.148920
v 8.657399 -2.542671 -0.149378
v 8.675462 -2.537365 -0.149795
v 8.694061 -2.532691 -0.150173
v 8.713198 -2.528646 -0.150511
v 8.732872 -2.525233 -0.150809
v 8.753084 -2.522450 -0.151067
v 8.773833 -2.520298 -0.151285
v 8.795120 -2.518775 -0.151464
v 8.816944 -2.517884 -0.151603
v 8.839306 -2.517624 -0.151702
v 8.862877 -2.518625 -0.151722
v 8.888330 -2.521518 -0.151623
v 8.915665 -2.526303 -0.151406
v 8.944880 -2.532981 -0.151071
v 8.975979 -2.541552 -0.150617
v 9.008959 -2.552015 -0.150044
v 9.043820 -2.564370 -0.149353
v 9.080563 -2.578618 -0.148544
v 9.119188 -2.594758 -0.147616
v 9.159695 -2.612790 -0.146570
v 9.202084 -2.632715 -0.145405
v 9.246353 -2.654532 -0.144122
v 9.286322 -2.672721 -0.143063
v 9.328717 -2.689342 -0.142117
v 9.373541 -2.704396 -0.141284
v 9.420793 -2.717882 -0.140563
v 9.470472 -2.729801 -0.139956
v 9.522581 -2.740153 -0.139460
v 9.577118 -2.748937 -0.139078
v 9.634082 -2.756154 -0.138808
v 9.693474 -2.761804 -0.138651
v 9.755295 -2.765886 -0.138607
v 9.819544 -2.768401 -0.138675
v 9.886220 -2.769349 -0.138856
v 10.013659 -2.765566 -0.139573
v 10.137343 -2.753593 -0.140818
v 10.257275 -2.733431 -0.142592
v 10.373452 -2.705079 -0.144894
v 10.485876 -2.668537 -0.147726
v 10.594545 -2.623805 -0.151086
v 10.699461 -2.570883 -0.154975
v 10.800623 -2.509772 -0.159392
v 10.898031 -2.440471 -0.164339
v 10.991685 -2.362979 -0.169814
v 11.081585 -2.277299 -0.175818
v 11.167732 -2.183428 -0.182350
v 11.245397 -2.087492 -0.188988
v 11.316334 -1.988078 -0.195832
v 11.380543 -1.885187 -0.202882
v 11.438025 -1.778819 -0.210138
v 11.488778 -1.668973 -0.217599
v 11.532804 -1.555650 -0.225266
v 11.570103 -1.438850 -0.233139
v 11.600674 -1.318572 -0.241217
v 11.624517 -1.194817 -0.249501
v 11.641633 -1.067585 -0.257991
v 11.652021 -0.936875 -0.266687
v 11.655682 -0.802688 -0.275588
v 11.652622 -0.661248 -0.284945
v 11.642819 -0.523882 -0.294008
v 11.626272 -0.390591 -0.302776
v 11.602981 -0.261373 -0.311250
v 11.572946 -0.136229 -0.319429
v 11.536166 -0.015160 -0.327314
v 11.492642 0.101835 -0.334904
v 11.442374 0.214757 -0.342199
v 11.385363 0.323604 -0.349201
v 11.321606 0.428377 -0.355907
v 11.251106 0.529076 -0.362319
v 11.173862 0.625701 -0.368437
v 11.085170 0.723612 -0.374598
v 10.993227 0.813035 -0.380185
v 10.898033 0.893971 -0.385198
v 10.799587 0.966420 -0.389636
v 10.697889 1.030381 -0.393501
v 10.592941 1.085854 -0.396792
v 10.484741 1.132840 -0.399508
v 10.373290 1.171338 -0.401651
v 10.258587 1.201349 -0.403219
v 10.140633 1.222872 -0.404213
v 10.019426 1.235908 -0.404634
v 9.894970 1.240456 -0.404480
v 9.863044 1.240218 -0.404348
v 9.831925 1.239350 -0.404176
v 9.801614 1.237850 -0.403966
v 9.772109 1.235719 -0.403717
v 9.743410 1.232956 -0.403429
v 9.715519 1.229563 -0.403102
v 9.688435 1.225538 -0.402737
v 9.662157 1.220881 -0.402332
v 9.636686 1.215594 -0.401889
v 9.612023 1.209675 -0.401407
v 9.588166 1.203124 -0.400886
v 9.565115 1.195944 -0.400326
v 9.520901 1.181577 -0.399213
v 9.478845 1.168463 -0.398190
v 9.438946 1.156603 -0.397259
v 9.401205 1.145996 -0.396418
v 9.365623 1.136643 -0.395669
v 9.332199 1.128543 -0.395010
v 9.300932 1.121696 -0.394442
v 9.271824 1.116102 -0.393965
v 9.244873 1.111763 -0.393579
v 9.220081 1.108676 -0.393284
v 9.197447 1.106843 -0.393080
v 9.176970 1.106263 -0.392967
v 9.151110 1.107269 -0.392939
v 9.125252 1.110163 -0.393036
v 9.099400 1.114946 -0.393258
v 9.073550 1.121615 -0.393605
v 9.047706 1.130173 -0.394078
v 9.021866 1.140619 -0.394675
v 8.996029 1.152952 -0.395398
v 8.970197 1.167174 -0.396245
v 8.944368 1.183283 -0.397218
v 8.918545 1.201280 -0.398315
v 8.892725 1.221165 -0.399538
v 8.866909 1.242938 -0.400886
v 8.554178 0.156282 -0.327767
v 8.670464 0.110693 -0.325173
v 8.708992 0.173528 -0.329475
v 8.746706 0.233849 -0.333609
v 8.783606 0.291654 -0.337572
v 8.819693 0.346945 -0.341367
v 8.854966 0.399720 -0.344991
v 8.889425 0.449980 -0.348446
v 8.923071 0.497724 -0.351732
v 8.955903 0.542954 -0.354847
v 8.987921 0.585668 -0.357794
v 9.019125 0.625867 -0.360570
v 9.049517 0.663551 -0.363177
v 9.079094 0.698720 -0.365615
v 9.135130 0.760098 -0.369885
v 9.193041 0.816122 -0.373808
v 9.252825 0.866793 -0.377383
v 9.314484 0.912110 -0.380610
v 9.378017 0.952074 -0.383489
v 9.443424 0.986684 -0.386020
v 9.510706 1.015941 -0.388204
v 9.579862 1.039844 -0.390040
v 9.650891 1.058394 -0.391529
v 9.723795 1.071591 -0.392669
v 9.798573 1.079434 -0.393462
v 9.875226 1.081923 -0.393907
v 9.964528 1.078718 -0.394022
v 10.051393 1.069541 -0.393731
v 10.135819 1.054392 -0.393036
v 10.217809 1.033270 -0.391937
v 10.297359 1.006176 -0.390433
v 10.374474 0.973109 -0.388525
v 10.449149 0.934071 -0.386212
v 10.521388 0.889060 -0.383495
v 10.591188 0.838076 -0.380373
v 10.658551 0.781120 -0.376847
v 10.723476 0.718192 -0.372917
v 10.785963 0.649292 -0.368581
v 10.850843 0.565912 -0.363296
v 10.910049 0.474679 -0.357469
v 10.963581 0.375594 -0.351102
v 11.011436 0.268657 -0.344194
v 11.053618 0.153867 -0.336745
v 11.090125 0.031225 -0.328755
v 11.120957 -0.099269 -0.320225
v 11.146114 -0.237616 -0.311153
v 11.165597 -0.383816 -0.301541
v 11.179405 -0.537867 -0.291388
v 11.187538 -0.699771 -0.280693
v 11.189997 -0.869527 -0.269459
v 11.186598 -1.007019 -0.260339
v 11.177013 -1.140090 -0.251490
v 11.161242 -1.268742 -0.242911
v 11.139283 -1.392973 -0.234602
v 11.111137 -1.512785 -0.226564
v 11.076805 -1.628176 -0.218795
v 11.036286 -1.739148 -0.211297
v 10.989581 -1.845700 -0.204068
v 10.936688 -1.947831 -0.197110
v 10.877609 -2.045543 -0.190422
v 10.812344 -2.138835 -0.184004
v 10.740891 -2.227706 -0.177857
v 10.684316 -2.289083 -0.173585
v 10.624788 -2.345103 -0.169656
v 10.562309 -2.395767 -0.166072
v 10.496879 -2.441076 -0.162832
v 10.428496 -2.481028 -0.159936
v 10.357162 -2.515624 -0.157383
v 10.282876 -2.544863 -0.155175
v 10.205638 -2.568747 -0.153311
v 10.125448 -2.587275 -0.151790
v 10.042307 -2.600447 -0.150614
v 9.956214 -2.608263 -0.149782
v 9.867168 -2.610722 -0.149293
v 9.794565 -2.609446 -0.149112
v 9.725470 -2.605975 -0.149090
v 9.659882 -2.600311 -0.149225
v 9.597799 -2.592452 -0.149518
v 9.539225 -2.582399 -0.149970
v 9.484157 -2.570153 -0.150580
v 9.432596 -2.555712 -0.151348
v 9.384543 -2.539077 -0.152274
v 9.339996 -2.520248 -0.153358
v 9.298958 -2.499225 -0.154601
v 9.261426 -2.476008 -0.156001
v 9.227402 -2.450597 -0.157560
v 9.187200 -2.416361 -0.159681
v 9.150500 -2.381819 -0.161835
v 9.117304 -2.346971 -0.164021
v 9.087611 -2.311816 -0.166241
v 9.061421 -2.276356 -0.168494
v 9.038734 -2.240589 -0.170780
v 9.019550 -2.204516 -0.173100
v 9.003869 -2.168137 -0.175452
v 8.991692 -2.131451 -0.177837
v 8.983016 -2.094460 -0.180256
v 8.977844 -2.057162 -0.182707
v 8.976175 -2.019557 -0.185192
v 8.977262 -1.521164 -0.218207
v 8.977874 -1.487970 -0.220408
v 8.979559 -1.456353 -0.222508
v 8.982319 -1.426311 -0.224508
v 8.986153 -1.397845 -0.226408
v 8.991060 -1.370955 -0.228207
v 8.997043 -1.345640 -0.229906
v 9.004099 -1.321901 -0.231504
v 9.012230 -1.299739 -0.233001
v 9.021435 -1.279152 -0.234399
v 9.031713 -1.260140 -0.235695
v 9.043067 -1.242705 -0.236892
v 9.055494 -1.226846 -0.237988
v 9.069131 -1.212405 -0.238994
v 9.084112 -1.199226 -0.239922
v 9.100437 -1.187309 -0.240771
v 9.118107 -1.176654 -0.241541
v 9.137121 -1.167260 -0.242233
v 9.157479 -1.159129 -0.242846
v 9.179181 -1.152259 -0.243380
v 9.202229 -1.146651 -0.243836
v 9.226619 -1.142305 -0.244213
v 9.252355 -1.139220 -0.244511
v 9.279434 -1.137398 -0.244731
v 9.307858 -1.136837 -0.244872
v 9.540627 -1.137399 -0.245686
v 9.540923 -1.001473 -0.254690
v 8.105517 -0.998009 -0.249672
v 8.105221 -1.133934 -0.240668
v 8.279797 -1.134356 -0.241278
v 8.308218 -1.135054 -0.241336
v 8.335289 -1.137007 -0.241305
v 8.361012 -1.140215 -0.241187
v 8.385383 -1.144679 -0.240980
v 8.408405 -1.150398 -0.240685
v 8.430078 -1.157373 -0.240303
v 8.450399 -1.165603 -0.239832
v 8.469372 -1.175088 -0.239273
v 8.486996 -1.185828 -0.238626
v 8.503268 -1.197824 -0.237891
v 8.518191 -1.211075 -0.237068
v 8.531765 -1.225581 -0.236157
v 8.544124 -1.241501 -0.235147
v 8.555401 -1.258991 -0.234030
v 8.565597 -1.278051 -0.232805
v 8.574712 -1.298683 -0.231472
v 8.582745 -1.320884 -0.230031
v 8.589698 -1.344657 -0.228481
v 8.595570 -1.370000 -0.226824
v 8.600361 -1.396914 -0.225059
v 8.604070 -1.425398 -0.223186
v 8.606698 -1.455453 -0.221205
v 8.608246 -1.487078 -0.219116
v -13.927866 -0.472833 0.082760
v -13.908873 -0.472407 0.082663
v -13.890682 -0.471035 0.082505
v -13.873299 -0.468717 0.082288
v -13.856724 -0.465453 0.082011
v -13.840954 -0.461244 0.081675
v -13.825991 -0.456088 0.081279
v -13.811834 -0.449987 0.080823
v -13.798485 -0.442940 0.080307
v -13.785940 -0.434946 0.079732
v -13.774199 -0.426007 0.079097
v -13.763268 -0.416122 0.078402
v -13.753143 -0.405292 0.077648
v -13.742882 -0.394461 0.076893
v -13.731546 -0.384577 0.076197
v -13.719133 -0.375640 0.075559
v -13.705643 -0.367649 0.074981
v -13.691080 -0.360605 0.074461
v -13.675442 -0.354507 0.074000
v -13.658726 -0.349356 0.073598
v -13.640936 -0.345151 0.073254
v -13.622072 -0.341893 0.072969
v -13.602131 -0.339581 0.072743
v -13.581114 -0.338216 0.072576
v -13.559021 -0.337797 0.072468
v -13.545284 -0.339403 0.072524
v -13.529938 -0.344160 0.072783
v -13.512981 -0.352067 0.073244
v -13.494417 -0.363125 0.073909
v -13.474241 -0.377332 0.074776
v -13.452456 -0.394690 0.075846
v -13.429062 -0.415198 0.077119
v -13.404057 -0.438857 0.078595
v -13.377445 -0.465666 0.080273
v -13.349222 -0.495625 0.082154
v -13.319391 -0.528735 0.084238
v -13.287951 -0.564995 0.086525
v -13.260143 -0.599673 0.088720
v -13.234762 -0.635604 0.091007
v -13.211809 -0.672787 0.093386
v -13.191282 -0.711224 0.095857
v -13.173183 -0.750912 0.098420
v -13.157513 -0.791854 0.101074
v -13.144268 -0.834048 0.103821
v -13.133453 -0.877495 0.106659
v -13.125063 -0.922195 0.109589
v -13.119102 -0.968147 0.112611
v -13.115570 -1.015352 0.115725
v -13.114462 -1.063810 0.118930
v -13.116884 -2.173869 0.192465
v -13.117495 -2.207063 0.194665
v -13.119181 -2.238680 0.196766
v -13.121941 -2.268722 0.198766
v -13.125774 -2.297188 0.200665
v -13.130684 -2.324079 0.202464
v -13.136665 -2.349393 0.204163
v -13.143721 -2.373132 0.205761
v -13.151850 -2.395294 0.207259
v -13.161057 -2.415881 0.208656
v -13.171335 -2.434893 0.209953
v -13.182688 -2.452328 0.211149
v -13.195116 -2.468187 0.212245
v -13.208752 -2.482628 0.213251
v -13.223732 -2.495807 0.214179
v -13.240057 -2.507724 0.215028
v -13.257727 -2.518379 0.215798
v -13.276739 -2.527773 0.216490
v -13.297098 -2.535904 0.217103
v -13.318800 -2.542774 0.217637
v -13.341846 -2.548382 0.218093
v -13.366238 -2.552728 0.218470
v -13.391973 -2.555813 0.218768
v -13.419052 -2.557635 0.218988
v -13.447479 -2.558196 0.219129
v -13.699644 -2.557587 0.220011
v -13.699940 -2.693513 0.229015
v -12.380920 -2.696697 0.224404
v -12.380625 -2.560771 0.215399
v -12.477613 -2.560537 0.215739
v -12.506033 -2.559839 0.215796
v -12.533104 -2.557886 0.215766
v -12.558825 -2.554677 0.215647
v -12.583197 -2.550213 0.215441
v -12.606218 -2.544494 0.215146
v -12.627890 -2.537520 0.214763
v -12.648212 -2.529290 0.214293
v -12.667185 -2.519805 0.213734
v -12.684807 -2.509064 0.213087
v -12.701080 -2.497069 0.212352
v -12.716003 -2.483818 0.211529
v -12.729578 -2.469311 0.210617
v -12.741936 -2.453392 0.209608
v -12.753214 -2.435902 0.208491
v -12.763409 -2.416841 0.207266
v -12.772524 -2.396210 0.205932
v -12.780558 -2.374008 0.204491
v -12.787510 -2.350236 0.202942
v -12.793383 -2.324893 0.201285
v -12.798174 -2.297979 0.199520
v -12.801884 -2.269495 0.197647
v -12.804512 -2.239440 0.195666
v -12.806059 -2.207815 0.193577
v -12.806526 -2.174618 0.191379
v -12.803116 -0.611474 0.087831
v -12.802504 -0.578281 0.085630
v -12.800819 -0.546663 0.083530
v -12.798058 -0.516621 0.081530
v -12.794226 -0.488155 0.079631
v -12.789316 -0.461265 0.077831
v -12.783333 -0.435951 0.076133
v -12.776278 -0.412212 0.074535
v -12.768147 -0.390049 0.073037
v -12.758942 -0.369462 0.071640
v -12.748663 -0.350451 0.070343
v -12.737309 -0.333015 0.069147
v -12.724882 -0.317156 0.068051
v -12.711243 -0.302715 0.067044
v -12.696262 -0.289536 0.066117
v -12.679937 -0.277619 0.065268
v -12.662268 -0.266964 0.064497
v -12.643255 -0.257571 0.063806
v -12.622896 -0.249439 0.063193
v -12.601194 -0.242569 0.062658
v -12.578150 -0.236961 0.062203
v -12.553759 -0.232615 0.061826
v -12.528023 -0.229531 0.061527
v -12.500944 -0.227708 0.061307
v -12.472521 -0.227148 0.061166
v -12.336737 -0.227475 0.060692
v -12.336441 -0.091550 0.051687
v -12.588606 -0.090941 0.052569
v -12.636692 -0.089566 0.052654
v -12.683966 -0.085676 0.052569
v -12.730427 -0.079272 0.052315
v -12.776072 -0.070351 0.051891
v -12.820904 -0.058916 0.051297
v -12.864922 -0.044965 0.050534
v -12.908127 -0.028499 0.049601
v -12.950518 -0.009518 0.048499
v -12.992092 0.011978 0.047227
v -13.032856 0.035989 0.045786
v -13.072803 0.062515 0.044175
v -13.111940 0.091557 0.042394
v -13.113523 -0.633379 0.090417
v -13.141958 -0.578248 0.086869
v -13.169323 -0.526265 0.083526
v -13.195620 -0.477432 0.080388
v -13.220842 -0.431748 0.077454
v -13.244999 -0.389212 0.074725
v -13.268082 -0.349826 0.072201
v -13.290092 -0.313589 0.069881
v -13.311037 -0.280501 0.067766
v -13.330906 -0.250561 0.065855
v -13.349707 -0.223771 0.064150
v -13.367435 -0.200130 0.062649
v -13.384094 -0.179638 0.061352
v -13.420109 -0.139749 0.058842
v -13.457209 -0.103318 0.056564
v -13.495394 -0.070346 0.054520
v -13.534662 -0.040832 0.052709
v -13.575016 -0.014776 0.051131
v -13.616457 0.007820 0.049785
v -13.658981 0.026959 0.048673
v -13.702591 0.042639 0.047794
v -13.747288 0.054861 0.047148
v -13.793068 0.063625 0.046735
v -13.839933 0.068929 0.046555
v -13.887884 0.070776 0.046608
v -13.907015 0.070193 0.046716
v -13.925608 0.068349 0.046906
v -13.943665 0.065246 0.047178
v -13.961184 0.060884 0.047531
v -13.978168 0.055261 0.047965
v -13.994619 0.048378 0.048481
v -14.010532 0.040236 0.049079
v -14.025908 0.030834 0.049758
v -14.040751 0.020172 0.050518
v -14.055052 0.008250 0.051360
v -14.068823 -0.004932 0.052284
v -14.082056 -0.019373 0.053289
v -14.094482 -0.034603 0.054343
v -14.105831 -0.050151 0.055414
v -14.116102 -0.066016 0.056503
v -14.125299 -0.082198 0.057608
v -14.133417 -0.098697 0.058731
v -14.140459 -0.115513 0.059870
v -14.146421 -0.132647 0.061027
v -14.151310 -0.150098 0.062201
v -14.155121 -0.167866 0.063391
v -14.157854 -0.185951 0.064599
v -14.159512 -0.204354 0.065824
v -14.160088 -0.223074 0.067066
v -14.159723 -0.241639 0.068295
v -14.158550 -0.259577 0.069478
v -14.156569 -0.276887 0.070618
v -14.153778 -0.293570 0.071713
v -14.150175 -0.309625 0.072763
v -14.145763 -0.325054 0.073769
v -14.140541 -0.339854 0.074730
v -14.134512 -0.354028 0.075647
v -14.127670 -0.367574 0.076519
v -14.120022 -0.380493 0.077347
v -14.111561 -0.392785 0.078130
v -14.102295 -0.404449 0.078868
v -14.092216 -0.415329 0.079552
v -14.081326 -0.425266 0.080171
v -14.069628 -0.434262 0.080724
v -14.057117 -0.442315 0.081211
v -14.043797 -0.449427 0.081634
v -14.029667 -0.455597 0.081991
v -14.014725 -0.460824 0.082282
v -13.998974 -0.465110 0.082509
v -13.982410 -0.468454 0.082670
v -13.965040 -0.470856 0.082765
v -13.946859 -0.472315 0.082795
v -11.913555 -1.859612 0.167250
v -12.010738 -1.949995 0.173592
v -11.990257 -2.009355 0.177449
v -11.967346 -2.066518 0.181151
v -11.942009 -2.121485 0.184699
v -11.914240 -2.174255 0.188093
v -11.884043 -2.224828 0.191333
v -11.851414 -2.273205 0.194418
v -11.816357 -2.319385 0.197348
v -11.778870 -2.363368 0.200124
v -11.738955 -2.405155 0.202746
v -11.696608 -2.444745 0.205214
v -11.651834 -2.482138 0.207527
v -11.604630 -2.517335 0.209685
v -11.562395 -2.546384 0.211455
v -11.519617 -2.572918 0.213056
v -11.476295 -2.596935 0.214489
v -11.432428 -2.618437 0.215752
v -11.388016 -2.637423 0.216848
v -11.343060 -2.653893 0.217774
v -11.297562 -2.667847 0.218532
v -11.251518 -2.679285 0.219121
v -11.204929 -2.688208 0.219542
v -11.157797 -2.694614 0.219794
v -11.110121 -2.698505 0.219877
v -11.061897 -2.699880 0.219792
v -10.969889 -2.697585 0.219304
v -10.881374 -2.690247 0.218494
v -10.796349 -2.677867 0.217363
v -10.714813 -2.660444 0.215911
v -10.636770 -2.637978 0.214138
v -10.562218 -2.610469 0.212043
v -10.491158 -2.577917 0.209627
v -10.423590 -2.540323 0.206890
v -10.359510 -2.497686 0.203832
v -10.298923 -2.450006 0.200452
v -10.241831 -2.397284 0.196751
v -10.188227 -2.339519 0.192729
v -10.138521 -2.277811 0.188460
v -10.093121 -2.213261 0.184019
v -10.052025 -2.145869 0.179405
v -10.015230 -2.075635 0.174618
v -9.982740 -2.002559 0.169659
v -9.954556 -1.926640 0.164528
v -9.930676 -1.847879 0.159224
v -9.911100 -1.766277 0.153747
v -9.895830 -1.681831 0.148098
v -9.884863 -1.594544 0.142276
v -9.878202 -1.504415 0.136282
v -9.875843 -1.411443 0.130116
v -9.877792 -1.318304 0.123954
v -9.884062 -1.227671 0.117973
v -9.894646 -1.139545 0.112175
v -9.909544 -1.053926 0.106558
v -9.928761 -0.970814 0.101124
v -9.952293 -0.890208 0.095871
v -9.980143 -0.812109 0.090800
v -10.012306 -0.736516 0.085910
v -10.048788 -0.663431 0.081203
v -10.089582 -0.592852 0.076677
v -10.134693 -0.524780 0.072333
v -10.184124 -0.459215 0.068171
v -10.233837 -0.401200 0.064510
v -10.286257 -0.348213 0.061192
v -10.341381 -0.300254 0.058217
v -10.399210 -0.257324 0.055585
v -10.459743 -0.219420 0.053296
v -10.522982 -0.186544 0.051350
v -10.588928 -0.158697 0.049746
v -10.657578 -0.135877 0.048486
v -10.728931 -0.118084 0.047568
v -10.802990 -0.105320 0.046993
v -10.879757 -0.097583 0.046761
v -10.959229 -0.094874 0.046873
v -11.032377 -0.096900 0.047274
v -11.103111 -0.103336 0.047959
v -11.171429 -0.114184 0.048927
v -11.237333 -0.129443 0.050179
v -11.300823 -0.149112 0.051714
v -11.361895 -0.173192 0.053532
v -11.420553 -0.201683 0.055634
v -11.476799 -0.234585 0.058019
v -11.530626 -0.271898 0.060687
v -11.582041 -0.313622 0.063638
v -11.631039 -0.359756 0.066873
v -11.677622 -0.410301 0.070392
v -11.727438 -0.461468 0.073963
v -11.773224 -0.517050 0.077812
v -11.814980 -0.577046 0.081938
v -11.852699 -0.641457 0.086342
v -11.886391 -0.710283 0.091024
v -11.916050 -0.783523 0.095984
v -11.941679 -0.861179 0.101221
v -11.963274 -0.943248 0.106736
v -11.980839 -1.029733 0.112529
v -11.994371 -1.120633 0.118599
v -12.003876 -1.215947 0.124947
v -12.009354 -1.315676 0.131572
v -10.244194 -1.319936 0.125401
v -10.243214 -1.426446 0.132452
v -10.246262 -1.526967 0.139122
v -10.253336 -1.621501 0.145409
v -10.264442 -1.710046 0.151314
v -10.279573 -1.792604 0.156838
v -10.298733 -1.869174 0.161980
v -10.321922 -1.939755 0.166740
v -10.349136 -2.004349 0.171117
v -10.380383 -2.062954 0.175113
v -10.415655 -2.115572 0.178728
v -10.454956 -2.162202 0.181960
v -10.498287 -2.202844 0.184810
v -10.537851 -2.246170 0.187824
v -10.578751 -2.285716 0.190593
v -10.620991 -2.321483 0.193117
v -10.664572 -2.353472 0.195395
v -10.709488 -2.381681 0.197428
v -10.755745 -2.406112 0.199215
v -10.803341 -2.426764 0.200757
v -10.852274 -2.443636 0.202053
v -10.902550 -2.456730 0.203104
v -10.954161 -2.466045 0.203910
v -11.007113 -2.471581 0.204470
v -11.061403 -2.473338 0.204785
v -11.103428 -2.472135 0.204859
v -11.145449 -2.468730 0.204787
v -11.187464 -2.463122 0.204569
v -11.229473 -2.455312 0.204206
v -11.271479 -2.445299 0.203696
v -11.313480 -2.433084 0.203041
v -11.355474 -2.418666 0.202239
v -11.397467 -2.402046 0.201292
v -11.439453 -2.383224 0.200199
v -11.481436 -2.362198 0.198959
v -11.523413 -2.338971 0.197574
v -11.565392 -2.313540 0.196043
v -11.600361 -2.289543 0.194582
v -11.634249 -2.263031 0.192950
v -11.667053 -2.234005 0.191147
v -11.698776 -2.202464 0.189174
v -11.729414 -2.168408 0.187030
v -11.758966 -2.131838 0.184716
v -11.787441 -2.092753 0.182231
v -11.814829 -2.051154 0.179576
v -11.841135 -2.007041 0.176750
v -11.866358 -1.960413 0.173754
v -11.890499 -1.911270 0.170587
v -10.243898 -1.184011 0.116397
v -11.621111 -1.180687 0.121212
v -11.616480 -1.096373 0.115610
v -11.609440 -1.017100 0.110334
v -11.599981 -0.942867 0.105383
v -11.588110 -0.873674 0.100756
v -11.573828 -0.809521 0.096455
v -11.557129 -0.750408 0.092478
v -11.538017 -0.696335 0.088827
v -11.516493 -0.647303 0.085500
v -11.492556 -0.603310 0.082499
v -11.466204 -0.564358 0.079823
v -11.437435 -0.530446 0.077471
v -11.406256 -0.501574 0.075445
v -11.370474 -0.461858 0.072683
v -11.334427 -0.425603 0.070150
v -11.298119 -0.392811 0.067846
v -11.261549 -0.363480 0.065769
v -11.224718 -0.337610 0.063921
v -11.187626 -0.315203 0.062301
v -11.150272 -0.296257 0.060910
v -11.112658 -0.280773 0.059747
v -11.074780 -0.268750 0.058812
v -11.036640 -0.260190 0.058105
v -10.998238 -0.255091 0.057627
v -10.959574 -0.253453 0.057377
v -10.914721 -0.255292 0.057335
v -10.870684 -0.260590 0.057525
v -10.827461 -0.269347 0.057947
v -10.785057 -0.281564 0.058601
v -10.743469 -0.297239 0.059488
v -10.702692 -0.316373 0.060606
v -10.662735 -0.338967 0.061956
v -10.623592 -0.365019 0.063539
v -10.585264 -0.394531 0.065353
v -10.547756 -0.427502 0.067400
v -10.511061 -0.463932 0.069679
v -10.475182 -0.503821 0.072190
v -10.441038 -0.536312 0.074217
v -10.409597 -0.573201 0.076545
v -10.380861 -0.614489 0.079175
v -10.354830 -0.660175 0.082106
v -10.331499 -0.710260 0.085338
v -10.310873 -0.764743 0.088871
v -10.292952 -0.823625 0.092706
v -10.277733 -0.886905 0.096842
v -10.265219 -0.954584 0.101279
v -10.255409 -1.026661 0.106017
v -10.248301 -1.103137 0.111056
v -7.817892 -0.578198 0.067401
v -8.403423 -2.230555 0.178987
v -8.442217 -2.230461 0.179122
v -9.020678 -0.643258 0.076108
v -9.032587 -0.606416 0.073711
v -9.042612 -0.571466 0.071433
v -9.050756 -0.538409 0.069273
v -9.057018 -0.507244 0.067232
v -9.061401 -0.477972 0.065309
v -9.063898 -0.450591 0.063505
v -9.064518 -0.425104 0.061819
v -9.063253 -0.401509 0.060251
v -9.060108 -0.379806 0.058802
v -9.055080 -0.359995 0.057472
v -9.048172 -0.342077 0.056260
v -9.039383 -0.326051 0.055166
v -9.028978 -0.311603 0.054171
v -9.017231 -0.298416 0.053254
v -9.004137 -0.286491 0.052417
v -8.989702 -0.275829 0.051658
v -8.973921 -0.266427 0.050977
v -8.956795 -0.258288 0.050376
v -8.938326 -0.251410 0.049853
v -8.918512 -0.245795 0.049408
v -8.897354 -0.241440 0.049042
v -8.874851 -0.238348 0.048755
v -8.851004 -0.236518 0.048547
v -8.825811 -0.235950 0.048417
v -8.709431 -0.236230 0.048010
v -8.709135 -0.100305 0.039006
v -9.659605 -0.098011 0.042329
v -9.659901 -0.233936 0.051333
v -9.543514 -0.234217 0.050926
v -9.511461 -0.237126 0.051002
v -9.479959 -0.245698 0.051454
v -9.449007 -0.259931 0.052284
v -9.418610 -0.279827 0.053491
v -9.388762 -0.305385 0.055074
v -9.359465 -0.336606 0.057035
v -9.330717 -0.373489 0.059373
v -9.302523 -0.416034 0.062088
v -9.274878 -0.464241 0.065180
v -9.247784 -0.518111 0.068649
v -9.221243 -0.577642 0.072495
v -9.195253 -0.642837 0.076718
v -8.423857 -2.706248 0.210569
v -8.249281 -2.706669 0.209959
v -7.488335 -0.669611 0.072251
v -7.461918 -0.600925 0.067605
v -7.434704 -0.538219 0.063352
v -7.406696 -0.481494 0.059493
v -7.377893 -0.430748 0.056026
v -7.348297 -0.385983 0.052953
v -7.317904 -0.347198 0.050273
v -7.286715 -0.314393 0.047986
v -7.254730 -0.287568 0.046092
v -7.221951 -0.266723 0.044592
v -7.188379 -0.251859 0.043484
v -7.154011 -0.242975 0.042770
v -7.118845 -0.240070 0.042449
v -7.021856 -0.240304 0.042110
v -7.021561 -0.104378 0.033106
v -8.030226 -0.101943 0.036633
v -8.030521 -0.237869 0.045637
v -7.952932 -0.238056 0.045365
v -7.943102 -0.238709 0.045373
v -7.933004 -0.240621 0.045463
v -7.922640 -0.243793 0.045635
v -7.912008 -0.248224 0.045889
v -7.901110 -0.253914 0.046226
v -7.889944 -0.260863 0.046646
v -7.878511 -0.269071 0.047148
v -7.866814 -0.278539 0.047732
v -7.854847 -0.289265 0.048399
v -7.842615 -0.301251 0.049148
v -7.830116 -0.314497 0.049980
v -7.817348 -0.329001 0.050894
v -7.808485 -0.341136 0.051665
v -7.801239 -0.354841 0.052546
v -7.795616 -0.370114 0.053537
v -7.791611 -0.386958 0.054638
v -7.789227 -0.405370 0.055849
v -7.788462 -0.425352 0.057170
v -7.789318 -0.446903 0.058600
v -7.791792 -0.470023 0.060141
v -7.795887 -0.494713 0.061791
v -7.801601 -0.520972 0.063551
v -7.808937 -0.548800 0.065421
v -4.923925 1.136550 -0.056756
v -4.834490 1.133188 -0.056861
v -4.747223 1.123538 -0.056541
v -4.662125 1.107600 -0.055796
v -4.579195 1.085375 -0.054627
v -4.498434 1.056863 -0.053034
v -4.419842 1.022062 -0.051016
v -4.343420 0.980974 -0.048574
v -4.269165 0.933598 -0.045708
v -4.197081 0.879934 -0.042417
v -4.127166 0.819983 -0.038701
v -4.059420 0.753744 -0.034562
v -3.993842 0.681217 -0.029998
v -3.928938 0.609165 -0.025462
v -3.869707 0.529259 -0.020386
v -3.816153 0.441501 -0.014769
v -3.768271 0.345891 -0.008612
v -3.726066 0.242429 -0.001913
v -3.689534 0.131114 0.005326
v -3.658678 0.011947 0.013107
v -3.633495 -0.115073 0.021428
v -3.613989 -0.249945 0.030290
v -3.600155 -0.392670 0.039693
v -3.591997 -0.543247 0.049636
v -3.589513 -0.701676 0.060121
v -3.589562 -0.724330 0.061622
v -3.592736 -0.882746 0.072126
v -3.601552 -1.033282 0.082129
v -3.616007 -1.175938 0.091631
v -3.636104 -1.310715 0.100631
v -3.661839 -1.437612 0.109131
v -3.693216 -1.556629 0.117129
v -3.730232 -1.667766 0.124625
v -3.772890 -1.771024 0.131620
v -3.821187 -1.866402 0.138114
v -3.875125 -1.953900 0.144107
v -3.934703 -2.033518 0.149599
v -3.999923 -2.105257 0.154589
v -4.065815 -2.177466 0.159612
v -4.133851 -2.243377 0.164227
v -4.204025 -2.302990 0.168432
v -4.276342 -2.356305 0.172228
v -4.350803 -2.403322 0.175614
v -4.427404 -2.444041 0.178591
v -4.506149 -2.478462 0.181159
v -4.587032 -2.506585 0.183317
v -4.670057 -2.528409 0.185066
v -4.755224 -2.543936 0.186406
v -4.842533 -2.553165 0.187337
v -4.931984 -2.556095 0.187858
v -5.021420 -2.552733 0.187962
v -5.108686 -2.543083 0.187642
v -5.193785 -2.527145 0.186897
v -5.276714 -2.504920 0.185728
v -5.357475 -2.476407 0.184135
v -5.436068 -2.441607 0.182117
v -5.512489 -2.400518 0.179675
v -5.586742 -2.353142 0.176809
v -5.658829 -2.299479 0.173518
v -5.728745 -2.239528 0.169803
v -5.796490 -2.173289 0.165663
v -5.862068 -2.100762 0.161099
v -5.926971 -2.028710 0.156564
v -5.986204 -1.948804 0.151488
v -6.039759 -1.861047 0.145871
v -6.087639 -1.765437 0.139713
v -6.129847 -1.661974 0.133014
v -6.166380 -1.550659 0.125775
v -6.197237 -1.431492 0.117995
v -6.222416 -1.304472 0.109673
v -6.241924 -1.169600 0.100811
v -6.255756 -1.026876 0.091409
v -6.263914 -0.876299 0.081465
v -6.266397 -0.717869 0.070980
v -6.266350 -0.695215 0.069480
v -6.263174 -0.536799 0.058975
v -6.254360 -0.386263 0.048972
v -6.239906 -0.243607 0.039470
v -6.219810 -0.108830 0.030470
v -6.194075 0.018066 0.021971
v -6.162699 0.137084 0.013973
v -6.125681 0.248221 0.006476
v -6.083025 0.351479 -0.000519
v -6.034723 0.446856 -0.007013
v -5.980787 0.534355 -0.013006
v -5.921209 0.613973 -0.018497
v -5.855989 0.685712 -0.023487
v -5.790094 0.757921 -0.028511
v -5.722059 0.823832 -0.033125
v -5.651884 0.883445 -0.037330
v -5.579565 0.936760 -0.041126
v -5.505106 0.983777 -0.044513
v -5.428505 1.024496 -0.047490
v -5.349760 1.058917 -0.050057
v -5.268877 1.087039 -0.052216
v -5.185852 1.108864 -0.053965
v -5.100685 1.124390 -0.055305
v -5.013376 1.133619 -0.056235
v -6.243887 0.709303 -0.023632
v -6.321529 0.623592 -0.017671
v -6.392448 0.532202 -0.011358
v -6.456646 0.435132 -0.004694
v -6.514120 0.332382 0.002322
v -6.564871 0.223952 0.009689
v -6.608898 0.109843 0.017408
v -6.646206 -0.009947 0.025479
v -6.676786 -0.135416 0.033901
v -6.700645 -0.266565 0.042675
v -6.717783 -0.403394 0.051801
v -6.728197 -0.545902 0.061278
v -6.731888 -0.694091 0.071107
v -6.731936 -0.716746 0.072608
v -6.728893 -0.864950 0.082413
v -6.719101 -1.007508 0.091820
v -6.702562 -1.144418 0.100828
v -6.679276 -1.275681 0.109437
v -6.649240 -1.401296 0.117647
v -6.612459 -1.521265 0.125459
v -6.568928 -1.635585 0.132872
v -6.518650 -1.744259 0.139886
v -6.461626 -1.847285 0.146502
v -6.397852 -1.944664 0.152718
v -6.327333 -2.036396 0.158536
v -6.250065 -2.122480 0.163956
v -6.164061 -2.216767 0.169887
v -6.073727 -2.302883 0.175260
v -5.979063 -2.380828 0.180077
v -5.880074 -2.450603 0.184337
v -5.776754 -2.512208 0.188039
v -5.669107 -2.565643 0.191185
v -5.557131 -2.610908 0.193774
v -5.440826 -2.648002 0.195806
v -5.320194 -2.676925 0.197280
v -5.195234 -2.697679 0.198198
v -5.065945 -2.710262 0.198559
v -4.932329 -2.714675 0.198363
v -4.798695 -2.710907 0.197625
v -4.669352 -2.698948 0.196360
v -4.544302 -2.678798 0.194568
v -4.423544 -2.650457 0.192249
v -4.307079 -2.613925 0.189404
v -4.194908 -2.569201 0.186031
v -4.087029 -2.516287 0.182132
v -3.983442 -2.455181 0.177706
v -3.884149 -2.385885 0.172753
v -3.789147 -2.308397 0.167273
v -3.698441 -2.222718 0.161266
v -3.612024 -2.128848 0.154733
v -3.534382 -2.043137 0.148772
v -3.463463 -1.951747 0.142459
v -3.399266 -1.854677 0.135795
v -3.341792 -1.751927 0.128779
v -3.291040 -1.643497 0.121412
v -3.247012 -1.529388 0.113693
v -3.209707 -1.409598 0.105622
v -3.179125 -1.284129 0.097200
v -3.155266 -1.152980 0.088426
v -3.138129 -1.016151 0.079300
v -3.127716 -0.873642 0.069823
v -3.124025 -0.725454 0.059994
v -3.123976 -0.702800 0.058494
v -3.127020 -0.554595 0.048688
v -3.136811 -0.412037 0.039282
v -3.153351 -0.275127 0.030274
v -3.176637 -0.143864 0.021665
v -3.206671 -0.018249 0.013454
v -3.243453 0.101719 0.005642
v -3.286983 0.216040 -0.001770
v -3.337260 0.324714 -0.008785
v -3.394286 0.427740 -0.015400
v -3.458057 0.525119 -0.021617
v -3.528578 0.616851 -0.027435
v -3.605844 0.702935 -0.032855
v -3.691851 0.797222 -0.038785
v -3.782184 0.883338 -0.044159
v -3.876845 0.961283 -0.048976
v -3.975836 1.031059 -0.053235
v -4.079154 1.092664 -0.056938
v -4.186800 1.146098 -0.060084
v -4.298777 1.191363 -0.062672
v -4.415081 1.228456 -0.064704
v -4.535713 1.257380 -0.066179
v -4.660675 1.278134 -0.067097
v -4.789963 1.290717 -0.067458
v -4.923580 1.295130 -0.067261
v -5.057215 1.291362 -0.066523
v -5.186560 1.279403 -0.065258
v -5.311609 1.259253 -0.063466
v -5.432365 1.230911 -0.061148
v -5.548830 1.194380 -0.058302
v -5.661001 1.149656 -0.054930
v -5.768881 1.096742 -0.051031
v -5.872469 1.035636 -0.046605
v -5.971764 0.966340 -0.041652
v -6.066767 0.888852 -0.036172
v -6.157475 0.803173 -0.030165
v -0.954041 -1.886065 0.128935
v -1.051226 -1.976448 0.135277
v -1.030744 -2.035808 0.139133
v -1.007834 -2.092971 0.142836
v -0.982495 -2.147938 0.146384
v -0.954726 -2.200707 0.149778
v -0.924529 -2.251281 0.153017
v -0.891901 -2.299658 0.156102
v -0.856844 -2.345838 0.159033
v -0.819357 -2.389821 0.161809
v -0.779442 -2.431608 0.164431
v -0.737096 -2.471198 0.166898
v -0.692321 -2.508591 0.169211
v -0.645117 -2.543788 0.171370
v -0.602882 -2.572837 0.173140
v -0.560104 -2.599370 0.174741
v -0.516782 -2.623388 0.176173
v -0.472916 -2.644890 0.177437
v -0.428504 -2.663876 0.178532
v -0.383549 -2.680346 0.179459
v -0.338048 -2.694300 0.180217
v -0.292005 -2.705738 0.180806
v -0.245417 -2.714660 0.181226
v -0.198284 -2.721067 0.181479
v -0.150607 -2.724958 0.181562
v -0.102385 -2.726333 0.181477
v -0.010377 -2.724038 0.180988
v 0.078141 -2.716700 0.180179
v 0.163166 -2.704319 0.179048
v 0.244700 -2.686896 0.177596
v 0.322743 -2.664430 0.175822
v 0.397295 -2.636921 0.173728
v 0.468356 -2.604370 0.171312
v 0.535925 -2.566776 0.168575
v 0.600002 -2.524139 0.165516
v 0.660589 -2.476459 0.162137
v 0.717685 -2.423737 0.158436
v 0.771289 -2.365972 0.154414
v 0.820993 -2.304264 0.150145
v 0.866396 -2.239714 0.145703
v 0.907494 -2.172322 0.141089
v 0.944286 -2.102088 0.136303
v 0.976774 -2.029011 0.131344
v 1.004959 -1.953093 0.126212
v 1.028838 -1.874332 0.120908
v 1.048414 -1.792729 0.115432
v 1.063684 -1.708284 0.109782
v 1.074652 -1.620997 0.103961
v 1.081315 -1.530867 0.097967
v 1.083673 -1.437896 0.091800
v 1.081720 -1.344756 0.085638
v 1.075453 -1.254124 0.079658
v 1.064868 -1.165998 0.073859
v 1.049969 -1.080379 0.068243
v 1.030752 -0.997266 0.062808
v 1.007220 -0.916660 0.057555
v 0.979372 -0.838561 0.052484
v 0.947208 -0.762969 0.047595
v 0.910728 -0.689884 0.042887
v 0.869932 -0.619305 0.038362
v 0.824820 -0.551233 0.034018
v 0.775392 -0.485667 0.029856
v 0.725677 -0.427653 0.026195
v 0.673258 -0.374666 0.022877
v 0.618133 -0.326707 0.019902
v 0.560304 -0.283776 0.017270
v 0.499769 -0.245873 0.014980
v 0.436529 -0.212997 0.013034
v 0.370585 -0.185149 0.011431
v 0.301934 -0.162329 0.010170
v 0.230581 -0.144537 0.009252
v 0.156522 -0.131772 0.008678
v 0.079756 -0.124036 0.008446
v 0.000288 -0.121326 0.008557
v -0.072862 -0.123352 0.008959
v -0.143598 -0.129789 0.009644
v -0.211916 -0.140637 0.010612
v -0.277820 -0.155895 0.011863
v -0.341308 -0.175565 0.013398
v -0.402382 -0.199645 0.015217
v -0.461040 -0.228136 0.017318
v -0.517284 -0.261038 0.019703
v -0.571113 -0.298351 0.022371
v -0.622526 -0.340074 0.025323
v -0.671525 -0.386208 0.028558
v -0.718108 -0.436754 0.032076
v -0.767926 -0.487921 0.035647
v -0.813713 -0.543502 0.039496
v -0.855468 -0.603498 0.043623
v -0.893191 -0.667909 0.048027
v -0.926884 -0.736735 0.052709
v -0.956543 -0.809976 0.057668
v -0.982172 -0.887631 0.062906
v -1.003770 -0.969701 0.068420
v -1.021335 -1.056186 0.074213
v -1.034869 -1.147085 0.080283
v -1.044372 -1.242400 0.086631
v -1.049841 -1.342129 0.093257
v 0.715321 -1.346389 0.087086
v 0.716300 -1.452899 0.094137
v 0.713251 -1.553420 0.100806
v 0.706176 -1.647953 0.107093
v 0.695071 -1.736499 0.112999
v 0.679939 -1.819057 0.118523
v 0.660780 -1.895626 0.123664
v 0.637590 -1.966208 0.128424
v 0.610374 -2.030802 0.132802
v 0.579130 -2.089407 0.136798
v 0.543857 -2.142025 0.140412
v 0.504556 -2.188655 0.143644
v 0.461226 -2.229297 0.146495
v 0.421664 -2.272622 0.149509
v 0.380762 -2.312169 0.152278
v 0.338522 -2.347936 0.154801
v 0.294941 -2.379925 0.157080
v 0.250024 -2.408134 0.159112
v 0.203768 -2.432565 0.160899
v 0.156171 -2.453217 0.162441
v 0.107236 -2.470089 0.163738
v 0.056963 -2.483183 0.164789
v 0.005350 -2.492498 0.165595
v -0.047602 -2.498033 0.166155
v -0.101891 -2.499790 0.166470
v -0.143915 -2.498588 0.166544
v -0.185936 -2.495182 0.166472
v -0.227951 -2.489575 0.166254
v -0.269961 -2.481764 0.165890
v -0.311967 -2.471752 0.165381
v -0.353968 -2.459537 0.164725
v -0.395964 -2.445119 0.163924
v -0.437955 -2.428499 0.162976
v -0.479941 -2.409676 0.161883
v -0.521923 -2.388651 0.160644
v -0.563899 -2.365423 0.159259
v -0.605875 -2.339993 0.157728
v -0.640846 -2.315996 0.156266
v -0.674734 -2.289484 0.154634
v -0.707540 -2.260457 0.152832
v -0.739261 -2.228916 0.150858
v -0.769899 -2.194861 0.148715
v -0.799454 -2.158291 0.146401
v -0.827926 -2.119206 0.143916
v -0.855315 -2.077607 0.141261
v -0.881621 -2.033493 0.138435
v -0.906844 -1.986865 0.135439
v -0.930984 -1.937722 0.132272
v 0.715617 -1.210464 0.078082
v -0.661596 -1.207139 0.082896
v -0.656967 -1.122826 0.077295
v -0.649925 -1.043553 0.072018
v -0.640469 -0.969319 0.067067
v -0.628598 -0.900126 0.062441
v -0.614314 -0.835973 0.058139
v -0.597616 -0.776860 0.054163
v -0.578505 -0.722788 0.050511
v -0.556979 -0.673755 0.047185
v -0.533041 -0.629763 0.044184
v -0.506687 -0.590811 0.041507
v -0.477922 -0.556898 0.039156
v -0.446742 -0.528026 0.037129
v -0.410959 -0.488310 0.034368
v -0.374915 -0.452056 0.031835
v -0.338608 -0.419263 0.029530
v -0.302040 -0.389932 0.027454
v -0.265208 -0.364063 0.025606
v -0.228116 -0.341655 0.023986
v -0.190762 -0.322710 0.022594
v -0.153145 -0.307225 0.021431
v -0.115266 -0.295203 0.020496
v -0.077127 -0.286642 0.019790
v -0.038724 -0.281543 0.019312
v -0.000058 -0.279906 0.019062
v 0.044794 -0.281745 0.019020
v 0.088830 -0.287043 0.019210
v 0.132051 -0.295800 0.019632
v 0.174457 -0.308016 0.020286
v 0.216047 -0.323691 0.021172
v 0.256820 -0.342826 0.022290
v 0.296778 -0.365419 0.023641
v 0.335920 -0.391472 0.025223
v 0.374247 -0.420984 0.027038
v 0.411757 -0.453954 0.029085
v 0.448452 -0.490385 0.031363
v 0.484332 -0.530274 0.033874
v 0.518475 -0.562764 0.035902
v 0.549915 -0.599654 0.038230
v 0.578652 -0.640941 0.040860
v 0.604685 -0.686628 0.043790
v 0.628015 -0.736712 0.047023
v 0.648640 -0.791196 0.050556
v 0.666562 -0.850078 0.054390
v 0.681780 -0.913358 0.058526
v 0.694295 -0.981036 0.062963
v 0.704106 -1.053114 0.067701
v 0.711213 -1.129590 0.072741
v 3.219164 -0.627492 0.030315
v 3.160472 -0.547745 0.025248
v 3.100418 -0.474918 0.020643
v 3.039001 -0.409009 0.016502
v 2.976223 -0.350019 0.012825
v 2.912083 -0.297948 0.009610
v 2.846581 -0.252795 0.006859
v 2.779716 -0.214562 0.004571
v 2.711488 -0.183248 0.002746
v 2.641899 -0.158852 0.001385
v 2.570949 -0.141376 0.000487
v 2.498635 -0.130818 0.000052
v 2.424959 -0.127179 0.000080
v 2.365013 -0.128293 0.000373
v 2.308024 -0.131931 0.000822
v 2.253995 -0.138093 0.001428
v 2.202923 -0.146780 0.002190
v 2.154809 -0.157991 0.003109
v 2.109653 -0.171727 0.004184
v 2.067455 -0.187986 0.005415
v 2.028214 -0.206770 0.006802
v 1.991933 -0.228078 0.008346
v 1.958610 -0.251911 0.010047
v 1.928244 -0.278268 0.011904
v 1.900835 -0.307149 0.013917
v 1.872872 -0.343266 0.016411
v 1.847324 -0.383793 0.019189
v 1.824192 -0.428731 0.022250
v 1.803473 -0.478080 0.025594
v 1.785172 -0.531840 0.029222
v 1.769284 -0.590011 0.033133
v 1.755812 -0.652593 0.037328
v 1.744754 -0.719585 0.041805
v 1.736112 -0.790989 0.046566
v 1.729884 -0.866803 0.051611
v 1.726072 -0.947028 0.056939
v 1.724675 -1.031664 0.062550
v 1.722105 -2.209686 0.140586
v 1.721494 -2.242879 0.142787
v 1.719809 -2.274497 0.144887
v 1.717050 -2.304539 0.146887
v 1.713216 -2.333005 0.148787
v 1.708307 -2.359895 0.150586
v 1.702325 -2.385210 0.152284
v 1.695270 -2.408948 0.153882
v 1.687139 -2.431111 0.155380
v 1.677935 -2.451698 0.156777
v 1.667654 -2.470709 0.158074
v 1.656301 -2.488144 0.159270
v 1.643873 -2.504004 0.160366
v 1.630237 -2.518445 0.161373
v 1.615256 -2.531623 0.162300
v 1.598930 -2.543540 0.163149
v 1.581262 -2.554196 0.163920
v 1.562247 -2.563589 0.164611
v 1.541889 -2.571721 0.165224
v 1.520186 -2.578591 0.165759
v 1.497140 -2.584199 0.166215
v 1.472749 -2.588545 0.166592
v 1.447013 -2.591629 0.166890
v 1.419933 -2.593451 0.167110
v 1.391510 -2.594012 0.167251
v 1.294523 -2.593778 0.167590
v 1.294227 -2.729704 0.176594
v 2.458069 -2.732513 0.172525
v 2.458365 -2.596587 0.163521
v 2.361380 -2.596353 0.163860
v 2.332957 -2.595655 0.163918
v 2.305886 -2.593702 0.163887
v 2.280165 -2.590494 0.163769
v 2.255793 -2.586030 0.163562
v 2.232771 -2.580311 0.163268
v 2.211099 -2.573336 0.162885
v 2.190775 -2.565106 0.162414
v 2.171803 -2.555621 0.161855
v 2.154180 -2.544881 0.161208
v 2.137907 -2.532885 0.160473
v 2.122983 -2.519634 0.159650
v 2.109411 -2.505127 0.158739
v 2.097052 -2.489208 0.157730
v 2.085775 -2.471718 0.156612
v 2.075580 -2.452658 0.155387
v 2.066464 -2.432026 0.154054
v 2.058431 -2.409825 0.152613
v 2.051478 -2.386052 0.151064
v 2.045607 -2.360709 0.149406
v 2.040817 -2.333796 0.147641
v 2.037107 -2.305311 0.145768
v 2.034478 -2.275256 0.143787
v 2.032931 -2.243631 0.141698
v 2.032464 -2.210435 0.139501
v 2.035034 -1.032413 0.061465
v 2.035987 -0.966340 0.057085
v 2.038548 -0.904047 0.052949
v 2.042718 -0.845533 0.049058
v 2.048494 -0.790799 0.045412
v 2.055880 -0.739844 0.042010
v 2.064873 -0.692669 0.038852
v 2.075474 -0.649274 0.035939
v 2.087685 -0.609658 0.033271
v 2.101502 -0.573822 0.030846
v 2.116928 -0.541766 0.028667
v 2.133963 -0.513489 0.026732
v 2.152605 -0.488991 0.025041
v 2.172454 -0.467329 0.023533
v 2.193107 -0.447556 0.022148
v 2.214563 -0.429673 0.020885
v 2.236825 -0.413680 0.019745
v 2.259890 -0.399577 0.018726
v 2.283760 -0.387363 0.017830
v 2.308433 -0.377040 0.017056
v 2.333911 -0.368606 0.016404
v 2.360193 -0.362062 0.015875
v 2.387280 -0.357408 0.015467
v 2.415169 -0.354643 0.015182
v 2.443862 -0.353768 0.015019
v 2.505415 -0.357221 0.015023
v 2.567222 -0.367281 0.015463
v 2.629284 -0.383950 0.016341
v 2.691602 -0.407227 0.017654
v 2.754174 -0.437111 0.019405
v 2.817002 -0.473604 0.021593
v 2.880085 -0.516706 0.024217
v 2.943422 -0.566415 0.027278
v 3.007014 -0.622732 0.030776
v 3.070861 -0.685658 0.034710
v 3.134964 -0.755192 0.039081
v 3.199322 -0.831334 0.043889
v 3.196306 -2.213244 0.135432
v 3.195695 -2.246438 0.137633
v 3.194010 -2.278055 0.139733
v 3.191251 -2.308097 0.141733
v 3.187417 -2.336563 0.143633
v 3.182508 -2.363453 0.145432
v 3.176526 -2.388768 0.147130
v 3.169470 -2.412506 0.148728
v 3.161339 -2.434669 0.150226
v 3.152134 -2.455256 0.151623
v 3.141854 -2.474267 0.152920
v 3.130502 -2.491703 0.154116
v 3.118074 -2.507562 0.155212
v 3.104438 -2.522003 0.156219
v 3.089457 -2.535182 0.157146
v 3.073131 -2.547099 0.157995
v 3.055462 -2.557754 0.158766
v 3.036448 -2.567147 0.159457
v 3.016090 -2.575279 0.160071
v 2.994389 -2.582149 0.160605
v 2.971341 -2.587757 0.161061
v 2.946950 -2.592103 0.161438
v 2.921214 -2.595187 0.161736
v 2.894135 -2.597010 0.161956
v 2.865710 -2.597571 0.162097
v 2.768723 -2.597337 0.162436
v 2.768427 -2.733262 0.171440
v 3.932269 -2.736071 0.167371
v 3.932566 -2.600146 0.158367
v 3.835580 -2.599911 0.158706
v 3.807158 -2.599214 0.158764
v 3.780087 -2.597260 0.158733
v 3.754365 -2.594052 0.158615
v 3.729993 -2.589588 0.158408
v 3.706971 -2.583869 0.158114
v 3.685299 -2.576894 0.157731
v 3.664976 -2.568665 0.157260
v 3.646004 -2.559180 0.156701
v 3.628380 -2.548439 0.156054
v 3.612108 -2.536443 0.155319
v 3.597184 -2.523192 0.154496
v 3.583611 -2.508686 0.153585
v 3.571253 -2.492766 0.152576
v 3.559976 -2.475276 0.151458
v 3.549780 -2.456216 0.150233
v 3.540665 -2.435585 0.148900
v 3.532631 -2.413383 0.147459
v 3.525678 -2.389611 0.145910
v 3.519806 -2.364267 0.144252
v 3.515016 -2.337354 0.142487
v 3.511307 -2.308870 0.140614
v 3.508678 -2.278815 0.138633
v 3.507131 -2.247189 0.136544
v 3.506664 -2.213993 0.134347
v 3.509234 -1.035971 0.056311
v 3.510186 -0.969898 0.051931
v 3.512748 -0.907605 0.047795
v 3.516916 -0.849091 0.043904
v 3.522694 -0.794357 0.040258
v 3.530079 -0.743402 0.036856
v 3.539073 -0.696227 0.033698
v 3.549674 -0.652832 0.030785
v 3.561884 -0.613216 0.028117
v 3.575703 -0.577380 0.025692
v 3.591128 -0.545324 0.023513
v 3.608163 -0.517047 0.021578
v 3.626805 -0.492550 0.019887
v 3.646923 -0.470888 0.018379
v 3.668385 -0.451117 0.016990
v 3.691189 -0.433238 0.015723
v 3.715336 -0.417249 0.014576
v 3.740826 -0.403151 0.013549
v 3.767659 -0.390945 0.012642
v 3.795835 -0.380630 0.011856
v 3.825354 -0.372205 0.011190
v 3.856215 -0.365673 0.010644
v 3.888420 -0.361031 0.010219
v 3.921967 -0.358280 0.009914
v 3.956858 -0.357420 0.009730
v 4.012213 -0.360857 0.009755
v 4.068363 -0.370904 0.010215
v 4.125307 -0.387560 0.011110
v 4.183045 -0.410826 0.012440
v 4.241576 -0.440701 0.014205
v 4.300901 -0.477186 0.016405
v 4.361020 -0.520280 0.019039
v 4.421933 -0.569983 0.022109
v 4.483639 -0.626296 0.025613
v 4.546140 -0.689219 0.029552
v 4.609434 -0.758751 0.033926
v 4.673522 -0.834892 0.038735
v 4.670506 -2.216802 0.130278
v 4.669895 -2.249996 0.132479
v 4.668210 -2.281613 0.134579
v 4.665451 -2.311655 0.136579
v 4.661616 -2.340121 0.138479
v 4.656709 -2.367012 0.140278
v 4.650726 -2.392326 0.141976
v 4.643670 -2.416065 0.143574
v 4.635539 -2.438227 0.145072
v 4.626334 -2.458814 0.146469
v 4.616055 -2.477825 0.147766
v 4.604702 -2.495261 0.148963
v 4.592274 -2.511120 0.150058
v 4.578638 -2.525561 0.151065
v 4.563656 -2.538740 0.151992
v 4.547331 -2.550657 0.152841
v 4.529662 -2.561312 0.153612
v 4.510648 -2.570706 0.154304
v 4.490290 -2.578837 0.154917
v 4.468587 -2.585707 0.155451
v 4.445541 -2.591315 0.155907
v 4.421150 -2.595661 0.156284
v 4.395414 -2.598746 0.156582
v 4.368335 -2.600568 0.156802
v 4.339911 -2.601129 0.156943
v 4.242923 -2.600895 0.157282
v 4.242627 -2.736820 0.166286
v 5.406469 -2.739630 0.162217
v 5.406766 -2.603704 0.153213
v 5.309779 -2.603470 0.153552
v 5.281358 -2.602772 0.153610
v 5.254287 -2.600819 0.153579
v 5.228565 -2.597610 0.153461
v 5.204193 -2.593146 0.153254
v 5.181171 -2.587427 0.152960
v 5.159499 -2.580453 0.152577
v 5.139176 -2.572223 0.152106
v 5.120204 -2.562738 0.151547
v 5.102581 -2.551997 0.150900
v 5.086308 -2.540001 0.150165
v 5.071384 -2.526751 0.149342
v 5.057811 -2.512244 0.148431
v 5.045454 -2.496325 0.147422
v 5.034177 -2.478835 0.146304
v 5.023981 -2.459774 0.145079
v 5.014865 -2.439143 0.143746
v 5.006831 -2.416941 0.142305
v 4.999878 -2.393169 0.140756
v 4.994007 -2.367826 0.139098
v 4.989216 -2.340912 0.137333
v 4.985507 -2.312428 0.135460
v 4.982878 -2.282373 0.133479
v 4.981331 -2.250747 0.131390
v 4.980864 -2.217551 0.129193
v 4.984275 -0.654407 0.025645
v 4.984886 -0.621214 0.023444
v 4.986571 -0.589596 0.021344
v 4.989331 -0.559554 0.019344
v 4.993165 -0.531088 0.017444
v 4.998073 -0.504198 0.015645
v 5.004055 -0.478883 0.013946
v 5.011111 -0.455145 0.012348
v 5.019242 -0.432982 0.010851
v 5.028447 -0.412395 0.009453
v 5.038727 -0.393384 0.008157
v 5.050080 -0.375948 0.006960
v 5.062508 -0.360089 0.005864
v 5.076144 -0.345648 0.004858
v 5.091125 -0.332469 0.003930
v 5.107450 -0.320552 0.003081
v 5.125120 -0.309897 0.002311
v 5.144134 -0.300503 0.001619
v 5.164493 -0.292372 0.001006
v 5.186195 -0.285502 0.000472
v 5.209241 -0.279894 0.000016
v 5.233632 -0.275548 -0.000361
v 5.259368 -0.272464 -0.000659
v 5.286448 -0.270641 -0.000879
v 5.314871 -0.270080 -0.001020
v 5.411858 -0.270314 -0.001359
v 5.412154 -0.134389 -0.010363
v 5.198783 -0.133874 -0.009617
v 5.150697 -0.132499 -0.009533
v 5.103424 -0.128609 -0.009617
v 5.056965 -0.122204 -0.009872
v 5.011319 -0.113284 -0.010296
v 4.966487 -0.101849 -0.010889
v 4.922470 -0.087898 -0.011652
v 4.879265 -0.071432 -0.012585
v 4.836874 -0.052451 -0.013687
v 4.795298 -0.030955 -0.014959
v 4.754534 -0.006944 -0.016401
v 4.714585 0.019583 -0.018011
v 4.675450 0.048624 -0.019792
v 4.673967 -0.631004 0.025229
v 4.609348 -0.551243 0.020182
v 4.544445 -0.478403 0.015595
v 4.479257 -0.412485 0.011467
v 4.413784 -0.353489 0.007799
v 4.348027 -0.301414 0.004590
v 4.281986 -0.256260 0.001841
v 4.215660 -0.218028 -0.000449
v 4.149049 -0.186718 -0.002279
v 4.082154 -0.162329 -0.003650
v 4.014975 -0.144861 -0.004562
v 3.947510 -0.134315 -0.005014
v 3.879762 -0.130690 -0.005006
v 3.809978 -0.133983 -0.004533
v 3.742873 -0.144204 -0.003610
v 3.678446 -0.161354 -0.002239
v 3.616699 -0.185433 -0.000418
v 3.557631 -0.216440 0.001851
v 3.501242 -0.254376 0.004570
v 3.447532 -0.299240 0.007738
v 3.396500 -0.351033 0.011355
v 3.348147 -0.409755 0.015422
v 3.302475 -0.475405 0.019937
v 3.259480 -0.547985 0.024902
v 7.174745 -1.316671 0.061502
v 7.116333 -1.294191 0.060226
v 7.057380 -1.272338 0.058995
v 6.997887 -1.251113 0.057806
v 6.937853 -1.230516 0.056661
v 6.877280 -1.210547 0.055560
v 6.816166 -1.191207 0.054503
v 6.754512 -1.172494 0.053489
v 6.692318 -1.154409 0.052518
v 6.629583 -1.136952 0.051591
v 6.566309 -1.120123 0.050708
v 6.502495 -1.103922 0.049868
v 6.438139 -1.088349 0.049072
v 6.435890 -1.007795 0.043745
v 6.435246 -0.932279 0.038745
v 6.436209 -0.861801 0.034073
v 6.438776 -0.796361 0.029730
v 6.442949 -0.735960 0.025714
v 6.448728 -0.680596 0.022025
v 6.456112 -0.630271 0.018665
v 6.465101 -0.584984 0.015633
v 6.475696 -0.544735 0.012928
v 6.487896 -0.509524 0.010551
v 6.501702 -0.479352 0.008502
v 6.517113 -0.454217 0.006781
v 6.540479 -0.425326 0.004782
v 6.565188 -0.398956 0.002945
v 6.591238 -0.375106 0.001270
v 6.618630 -0.353776 -0.000243
v 6.647363 -0.334967 -0.001594
v 6.677438 -0.318678 -0.002783
v 6.708854 -0.304909 -0.003810
v 6.741611 -0.293661 -0.004674
v 6.775711 -0.284934 -0.005377
v 6.811152 -0.278726 -0.005918
v 6.847935 -0.275039 -0.006296
v 6.886058 -0.273873 -0.006513
v 6.924042 -0.275066 -0.006573
v 6.960405 -0.278457 -0.006481
v 6.995147 -0.284047 -0.006238
v 7.028267 -0.291836 -0.005843
v 7.059766 -0.301823 -0.005297
v 7.089644 -0.314009 -0.004599
v 7.117901 -0.328394 -0.003749
v 7.144536 -0.344977 -0.002748
v 7.169550 -0.363759 -0.001596
v 7.192943 -0.384739 -0.000292
v 7.214715 -0.407918 0.001164
v 7.234866 -0.433295 0.002771
v 7.253397 -0.459613 0.004447
v 7.270313 -0.485612 0.006107
v 7.285613 -0.511292 0.007752
v 7.299297 -0.536654 0.009382
v 7.311366 -0.561698 0.010996
v 7.321819 -0.586422 0.012596
v 7.330657 -0.610829 0.014180
v 7.337878 -0.634916 0.015749
v 7.343483 -0.658685 0.017303
v 7.347473 -0.682136 0.018842
v 7.349847 -0.705268 0.020365
v 7.350607 -0.728082 0.021873
v 7.351867 -0.767887 0.024505
v 7.355829 -0.804238 0.026899
v 7.362493 -0.837135 0.029053
v 7.371857 -0.866576 0.030969
v 7.383924 -0.892564 0.032646
v 7.398693 -0.915096 0.034085
v 7.416163 -0.934175 0.035284
v 7.436334 -0.949798 0.036245
v 7.459208 -0.961967 0.036968
v 7.484782 -0.970682 0.037452
v 7.513059 -0.975941 0.037697
v 7.544037 -0.977747 0.037703
v 7.578120 -0.976256 0.037480
v 7.609247 -0.971611 0.037058
v 7.637417 -0.963813 0.036439
v 7.662631 -0.952862 0.035621
v 7.684888 -0.938757 0.034605
v 7.704188 -0.921498 0.033392
v 7.720532 -0.901085 0.031980
v 7.733919 -0.877519 0.030370
v 7.744350 -0.850800 0.028562
v 7.751824 -0.820927 0.026556
v 7.756341 -0.787900 0.024352
v 7.757902 -0.751719 0.021950
v 7.756748 -0.724972 0.020183
v 7.753171 -0.697589 0.018382
v 7.747170 -0.669571 0.016548
v 7.738746 -0.640918 0.014681
v 7.727899 -0.611630 0.012781
v 7.714628 -0.581707 0.010847
v 7.698934 -0.551149 0.008881
v 7.680817 -0.519955 0.006881
v 7.660276 -0.488126 0.004848
v 7.637313 -0.455662 0.002781
v 7.611926 -0.422564 0.000682
v 7.584116 -0.388829 -0.001451
v 7.546756 -0.348937 -0.003957
v 7.505616 -0.312496 -0.006220
v 7.460696 -0.279507 -0.008241
v 7.411997 -0.249971 -0.010019
v 7.359519 -0.223886 -0.011555
v 7.303263 -0.201253 -0.012848
v 7.243226 -0.182072 -0.013899
v 7.179411 -0.166343 -0.014708
v 7.111816 -0.154066 -0.015274
v 7.040442 -0.145241 -0.015598
v 6.965288 -0.139868 -0.015679
v 6.886355 -0.137947 -0.015517
v 6.819942 -0.139360 -0.015181
v 6.756487 -0.143927 -0.014646
v 6.695987 -0.151647 -0.013914
v 6.638444 -0.162520 -0.012983
v 6.583858 -0.176548 -0.011855
v 6.532229 -0.193728 -0.010528
v 6.483557 -0.214063 -0.009003
v 6.437840 -0.237551 -0.007280
v 6.395081 -0.264192 -0.005359
v 6.355278 -0.293988 -0.003240
v 6.318432 -0.326936 -0.000923
v 6.284542 -0.363038 0.001592
v 6.259690 -0.393342 0.003690
v 6.236993 -0.423965 0.005801
v 6.216450 -0.454907 0.007926
v 6.198062 -0.486170 0.010064
v 6.181829 -0.517753 0.012215
v 6.167750 -0.549655 0.014380
v 6.155826 -0.581877 0.016557
v 6.146056 -0.614420 0.018749
v 6.138441 -0.647282 0.020953
v 6.132980 -0.680464 0.023171
v 6.129674 -0.713965 0.025402
v 6.128523 -0.747787 0.027646
v 6.125112 -2.310931 0.131195
v 6.124225 -2.347113 0.133595
v 6.121727 -2.380144 0.135792
v 6.117621 -2.410026 0.137786
v 6.111906 -2.436757 0.139577
v 6.104580 -2.460337 0.141166
v 6.095645 -2.480767 0.142552
v 6.085100 -2.498047 0.143735
v 6.072946 -2.512177 0.144715
v 6.059182 -2.523156 0.145493
v 6.043808 -2.530985 0.146067
v 6.026825 -2.535664 0.146439
v 6.008233 -2.537192 0.146609
v 5.986009 -2.536037 0.146613
v 5.964599 -2.532682 0.146469
v 5.944001 -2.527126 0.146177
v 5.924216 -2.519370 0.145735
v 5.905244 -2.509413 0.145145
v 5.887086 -2.497255 0.144406
v 5.869740 -2.482897 0.143519
v 5.853209 -2.466338 0.142482
v 5.837489 -2.447579 0.141297
v 5.822582 -2.426619 0.139963
v 5.808488 -2.403459 0.138481
v 5.795208 -2.378098 0.136850
v 5.717420 -2.468527 0.143124
v 5.743728 -2.512012 0.145908
v 5.771121 -2.551723 0.148438
v 5.799600 -2.587661 0.150714
v 5.829165 -2.619826 0.152737
v 5.859816 -2.648218 0.154505
v 5.891552 -2.672837 0.156020
v 5.924375 -2.693683 0.157280
v 5.958283 -2.710755 0.158287
v 5.993277 -2.724055 0.159040
v 6.029357 -2.733581 0.159539
v 6.066524 -2.739335 0.159785
v 6.104774 -2.741315 0.159776
v 6.130236 -2.740590 0.159635
v 6.154892 -2.738289 0.159392
v 6.178743 -2.734414 0.159048
v 6.201789 -2.728963 0.158603
v 6.224031 -2.721937 0.158056
v 6.245468 -2.713336 0.157408
v 6.266100 -2.703160 0.156659
v 6.285927 -2.691409 0.155808
v 6.304950 -2.678083 0.154856
v 6.323167 -2.663181 0.153802
v 6.340580 -2.646704 0.152647
v 6.357189 -2.628652 0.151391
v 6.366644 -2.616404 0.150545
v 6.375566 -2.602267 0.149576
v 6.383952 -2.586240 0.148484
v 6.391804 -2.568324 0.147268
v 6.399121 -2.548519 0.145930
v 6.405903 -2.526825 0.144468
v 6.412151 -2.503242 0.142883
v 6.417865 -2.477769 0.141175
v 6.423043 -2.450408 0.139344
v 6.427687 -2.421157 0.137389
v 6.431797 -2.390018 0.135312
v 6.435371 -2.356988 0.133111
v 6.503127 -2.418665 0.136949
v 6.570895 -2.474992 0.140432
v 6.638675 -2.525971 0.143560
v 6.706467 -2.571601 0.146335
v 6.774270 -2.611881 0.148755
v 6.842084 -2.646813 0.150821
v 6.909911 -2.676396 0.152532
v 6.977749 -2.700630 0.153890
v 7.045599 -2.719516 0.154892
v 7.113460 -2.733052 0.155541
v 7.181334 -2.741239 0.155835
v 7.249220 -2.744077 0.155775
v 7.299872 -2.742941 0.155514
v 7.348373 -2.739282 0.155095
v 7.394725 -2.733101 0.154516
v 7.438927 -2.724398 0.153778
v 7.480979 -2.713172 0.152880
v 7.520882 -2.699424 0.151824
v 7.558635 -2.683154 0.150608
v 7.594238 -2.664361 0.149233
v 7.627691 -2.643046 0.147699
v 7.658995 -2.619209 0.146006
v 7.688148 -2.592849 0.144153
v 7.715153 -2.563967 0.142142
v 7.740006 -2.533034 0.140002
v 7.762707 -2.500523 0.137766
v 7.783257 -2.466434 0.135432
v 7.801654 -2.430766 0.133003
v 7.817900 -2.393520 0.130476
v 7.831994 -2.354696 0.127853
v 7.843936 -2.314293 0.125133
v 7.853727 -2.272311 0.122317
v 7.861365 -2.228752 0.119404
v 7.866852 -2.183613 0.116394
v 7.870187 -2.136897 0.113288
v 7.871370 -2.088602 0.110084
v 7.870239 -2.050999 0.107598
v 7.866684 -2.013705 0.105141
v 7.860703 -1.976720 0.102713
v 7.852296 -1.940044 0.100314
v 7.841465 -1.903676 0.097945
v 7.828207 -1.867617 0.095605
v 7.812524 -1.831867 0.093295
v 7.794417 -1.796426 0.091013
v 7.773883 -1.761294 0.088761
v 7.750925 -1.726470 0.086539
v 7.725541 -1.691955 0.084345
v 7.697732 -1.657749 0.082181
v 7.667497 -1.624167 0.080068
v 7.634835 -1.591522 0.078025
v 7.599747 -1.559816 0.076053
v 7.562231 -1.529047 0.074152
v 7.522289 -1.499217 0.072322
v 7.479920 -1.470325 0.070564
v 7.435124 -1.442371 0.068876
v 7.387902 -1.415355 0.067259
v 7.338253 -1.389277 0.065713
v 7.286177 -1.364137 0.064238
v 7.231675 -1.339935 0.062835
v 6.435766 -2.175754 0.121105
v 6.437793 -1.246929 0.059577
v 6.513171 -1.272912 0.061022
v 6.584241 -1.297626 0.062399
v 6.651003 -1.321071 0.063708
v 6.713458 -1.343247 0.064949
v 6.771605 -1.364154 0.066121
v 6.825443 -1.383791 0.067225
v 6.874975 -1.402160 0.068260
v 6.920198 -1.419260 0.069228
v 6.961114 -1.435091 0.070127
v 6.997722 -1.449653 0.070957
v 7.030022 -1.462946 0.071720
v 7.058015 -1.474970 0.072414
v 7.092869 -1.490472 0.073313
v 7.126376 -1.506600 0.074259
v 7.158534 -1.523353 0.075251
v 7.189343 -1.540733 0.076289
v 7.218804 -1.558739 0.077374
v 7.246917 -1.577371 0.078506
v 7.273681 -1.596629 0.079683
v 7.299097 -1.616513 0.080907
v 7.323164 -1.637023 0.082178
v 7.345883 -1.658159 0.083495
v 7.367254 -1.679921 0.084858
v 7.387276 -1.702309 0.086268
v 7.405815 -1.725322 0.087724
v 7.422736 -1.748962 0.089228
v 7.438040 -1.773226 0.090780
v 7.451725 -1.798116 0.092378
v 7.463793 -1.823632 0.094024
v 7.474243 -1.849772 0.095717
v 7.483075 -1.876538 0.097458
v 7.490290 -1.903930 0.099246
v 7.495885 -1.931947 0.101081
v 7.499864 -1.960589 0.102964
v 7.502225 -1.989856 0.104893
v 7.502968 -2.019749 0.106871
v 7.502079 -2.056875 0.109333
v 7.499576 -2.092739 0.111718
v 7.495459 -2.127340 0.114025
v 7.489729 -2.160678 0.116254
v 7.482385 -2.192754 0.118405
v 7.473427 -2.223567 0.120479
v 7.462856 -2.253119 0.122475
v 7.450671 -2.281407 0.124393
v 7.436872 -2.308433 0.126234
v 7.421459 -2.334197 0.127996
v 7.404433 -2.358698 0.129681
v 7.385793 -2.381937 0.131289
v 7.365809 -2.403599 0.132797
v 7.344753 -2.423371 0.134183
v 7.322622 -2.441252 0.135449
v 7.299418 -2.457243 0.136593
v 7.275141 -2.471343 0.137615
v 7.249790 -2.483553 0.138517
v 7.223365 -2.493873 0.139297
v 7.195867 -2.502302 0.139956
v 7.167295 -2.508840 0.140493
v 7.137649 -2.513488 0.140909
v 7.106931 -2.516246 0.141204
v 7.075138 -2.517113 0.141378
v 7.040251 -2.516557 0.141469
v 7.006713 -2.515060 0.141492
v 6.974523 -2.512623 0.141449
v 6.943684 -2.509244 0.141338
v 6.914193 -2.504925 0.141159
v 6.886051 -2.499666 0.140914
v 6.859258 -2.493466 0.140601
v 6.833814 -2.486325 0.140221
v 6.809720 -2.478243 0.139774
v 6.786974 -2.469221 0.139259
v 6.765578 -2.459258 0.138678
v 6.745531 -2.448354 0.138029
v 6.713783 -2.429085 0.136869
v 6.683114 -2.409188 0.135663
v 6.653523 -2.388665 0.134412
v 6.625012 -2.367515 0.133115
v 6.597579 -2.345738 0.131773
v 6.571226 -2.323335 0.130385
v 6.545952 -2.300305 0.128952
v 6.521757 -2.276648 0.127474
v 6.498641 -2.252365 0.125950
v 6.476604 -2.227454 0.124381
v 6.455646 -2.201918 0.122766
v 8.609756 -1.501370 0.068489
v 8.607482 -2.543466 0.137521
v 8.623931 -2.536269 0.136985
v 8.640919 -2.529702 0.136488
v 8.658442 -2.523767 0.136030
v 8.676505 -2.518461 0.135613
v 8.695105 -2.513786 0.135235
v 8.714241 -2.509742 0.134897
v 8.733915 -2.506329 0.134599
v 8.754128 -2.503546 0.134341
v 8.774877 -2.501393 0.134123
v 8.796164 -2.499871 0.133944
v 8.817987 -2.498980 0.133805
v 8.840349 -2.498719 0.133706
v 8.863920 -2.499720 0.133686
v 8.889373 -2.502614 0.133785
v 8.916708 -2.507399 0.134002
v 8.945924 -2.514077 0.134337
v 8.977022 -2.522648 0.134791
v 9.010002 -2.533111 0.135364
v 9.044864 -2.545466 0.136055
v 9.081606 -2.559713 0.136864
v 9.120232 -2.575854 0.137792
v 9.160738 -2.593886 0.138838
v 9.203127 -2.613811 0.140003
v 9.247396 -2.635628 0.141286
v 9.287365 -2.653817 0.142345
v 9.329761 -2.670438 0.143291
v 9.374584 -2.685492 0.144124
v 9.421836 -2.698978 0.144845
v 9.471516 -2.710897 0.145452
v 9.523624 -2.721249 0.145948
v 9.578161 -2.730033 0.146330
v 9.635125 -2.737250 0.146600
v 9.694517 -2.742900 0.146757
v 9.756338 -2.746982 0.146801
v 9.820587 -2.749497 0.146733
v 9.887263 -2.750445 0.146552
v 10.014702 -2.746662 0.145835
v 10.138388 -2.734689 0.144590
v 10.258318 -2.714527 0.142816
v 10.374496 -2.686175 0.140514
v 10.486919 -2.649632 0.137682
v 10.595589 -2.604901 0.134322
v 10.700504 -2.551979 0.130433
v 10.801666 -2.490868 0.126016
v 10.899075 -2.421566 0.121069
v 10.992728 -2.344075 0.115594
v 11.082629 -2.258394 0.109590
v 11.168776 -2.164524 0.103058
v 11.246440 -2.068587 0.096420
v 11.317377 -1.969174 0.089575
v 11.381586 -1.866283 0.082526
v 11.439068 -1.759914 0.075270
v 11.489821 -1.650069 0.067809
v 11.533848 -1.536746 0.060142
v 11.571146 -1.419946 0.052269
v 11.601717 -1.299668 0.044191
v 11.625561 -1.175913 0.035907
v 11.642676 -1.048681 0.027417
v 11.653065 -0.917971 0.018721
v 11.656725 -0.783784 0.009820
v 11.653666 -0.642344 0.000463
v 11.643863 -0.504978 -0.008600
v 11.627316 -0.371686 -0.017368
v 11.604024 -0.242469 -0.025842
v 11.573989 -0.117325 -0.034021
v 11.537210 0.003744 -0.041906
v 11.493686 0.120739 -0.049496
v 11.443418 0.233661 -0.056791
v 11.386406 0.342508 -0.063793
v 11.322650 0.447281 -0.070499
v 11.252150 0.547980 -0.076911
v 11.174905 0.644605 -0.083029
v 11.086213 0.742516 -0.089190
v 10.994270 0.831939 -0.094777
v 10.899076 0.912875 -0.099790
v 10.800631 0.985324 -0.104228
v 10.698934 1.049285 -0.108093
v 10.593985 1.104758 -0.111384
v 10.485785 1.151744 -0.114100
v 10.374333 1.190243 -0.116243
v 10.259630 1.220253 -0.117811
v 10.141676 1.241776 -0.118806
v 10.020470 1.254812 -0.119226
v 9.896013 1.259360 -0.119072
v 9.864087 1.259122 -0.118940
v 9.832969 1.258254 -0.118768
v 9.802657 1.256754 -0.118558
v 9.773152 1.254623 -0.118309
v 9.744453 1.251860 -0.118021
v 9.716562 1.248466 -0.117694
v 9.689478 1.244441 -0.117329
v 9.663200 1.239785 -0.116924
v 9.637730 1.234497 -0.116481
v 9.613067 1.228578 -0.115999
v 9.589210 1.222028 -0.115478
v 9.566158 1.214847 -0.114918
v 9.521944 1.200481 -0.113805
v 9.479888 1.187367 -0.112782
v 9.439989 1.175507 -0.111851
v 9.402248 1.164900 -0.111010
v 9.366667 1.155547 -0.110261
v 9.333242 1.147447 -0.109602
v 9.301975 1.140600 -0.109034
v 9.272867 1.135007 -0.108557
v 9.245916 1.130667 -0.108171
v 9.221125 1.127580 -0.107876
v 9.198490 1.125747 -0.107672
v 9.178014 1.125167 -0.107559
v 9.152153 1.126173 -0.107531
v 9.126295 1.129068 -0.107628
v 9.100443 1.133850 -0.107850
v 9.074594 1.140520 -0.108197
v 9.048749 1.149077 -0.108670
v 9.022909 1.159523 -0.109267
v 8.997072 1.171856 -0.109990
v 8.971240 1.186078 -0.110837
v 8.945412 1.202187 -0.111810
v 8.919588 1.220184 -0.112907
v 8.893768 1.240069 -0.114130
v 8.867952 1.261842 -0.115478
v 8.555222 0.175186 -0.042359
v 8.671507 0.129597 -0.039765
v 8.710035 0.192432 -0.044068
v 8.747749 0.252753 -0.048201
v 8.784649 0.310559 -0.052164
v 8.820736 0.365849 -0.055959
v 8.856009 0.418624 -0.059583
v 8.890469 0.468884 -0.063038
v 8.924114 0.516629 -0.066324
v 8.956946 0.561858 -0.069439
v 8.988964 0.604573 -0.072386
v 9.020168 0.644772 -0.075162
v 9.050560 0.682456 -0.077769
v 9.080137 0.717624 -0.080207
v 9.136173 0.779002 -0.084477
v 9.194084 0.835026 -0.088400
v 9.253868 0.885697 -0.091975
v 9.315527 0.931014 -0.095202
v 9.379061 0.970978 -0.098081
v 9.444468 1.005588 -0.100612
v 9.511749 1.034845 -0.102796
v 9.580905 1.058748 -0.104632
v 9.651935 1.077298 -0.106121
v 9.724838 1.090495 -0.107261
v 9.799617 1.098338 -0.108054
v 9.876269 1.100827 -0.108499
v 9.965572 1.097623 -0.108614
v 10.052437 1.088445 -0.108323
v 10.136863 1.073296 -0.107629
v 10.218852 1.052175 -0.106529
v 10.298404 1.025080 -0.105026
v 10.375517 0.992014 -0.103117
v 10.450193 0.952975 -0.100804
v 10.522431 0.907964 -0.098087
v 10.592232 0.856980 -0.094966
v 10.659595 0.800024 -0.091439
v 10.724520 0.737096 -0.087509
v 10.787007 0.668196 -0.083173
v 10.851888 0.584816 -0.077888
v 10.911093 0.493583 -0.072061
v 10.964624 0.394498 -0.065694
v 11.012480 0.287561 -0.058786
v 11.054662 0.172772 -0.051337
v 11.091168 0.050130 -0.043347
v 11.122001 -0.080365 -0.034817
v 11.147158 -0.218712 -0.025745
v 11.166640 -0.364911 -0.016133
v 11.180449 -0.518963 -0.005980
v 11.188581 -0.680867 0.004715
v 11.191040 -0.850623 0.015949
v 11.187641 -0.988115 0.025069
v 11.178057 -1.121186 0.033918
v 11.162285 -1.249837 0.042497
v 11.140326 -1.374069 0.050806
v 11.112181 -1.493881 0.058844
v 11.077848 -1.609272 0.066613
v 11.037330 -1.720244 0.074111
v 10.990624 -1.826795 0.081340
v 10.937732 -1.928927 0.088298
v 10.878653 -2.026639 0.094986
v 10.813387 -2.119931 0.101404
v 10.741934 -2.208802 0.107551
v 10.685359 -2.270179 0.111823
v 10.625833 -2.326199 0.115752
v 10.563354 -2.376863 0.119336
v 10.497923 -2.422171 0.122576
v 10.429540 -2.462123 0.125472
v 10.358206 -2.496719 0.128025
v 10.283920 -2.525959 0.130233
v 10.206682 -2.549843 0.132097
v 10.126493 -2.568371 0.133618
v 10.043350 -2.581543 0.134794
v 9.957257 -2.589358 0.135626
v 9.868212 -2.591818 0.136115
v 9.795609 -2.590541 0.136296
v 9.726513 -2.587071 0.136318
v 9.660925 -2.581406 0.136183
v 9.598843 -2.573548 0.135890
v 9.540268 -2.563495 0.135438
v 9.485200 -2.551248 0.134828
v 9.433640 -2.536808 0.134060
v 9.385587 -2.520173 0.133134
v 9.341040 -2.501344 0.132050
v 9.300001 -2.480321 0.130807
v 9.262469 -2.457104 0.129407
v 9.228445 -2.431693 0.127848
v 9.188243 -2.397457 0.125727
v 9.151544 -2.362915 0.123573
v 9.118347 -2.328067 0.121387
v 9.088655 -2.292912 0.119167
v 9.062465 -2.257452 0.116914
v 9.039778 -2.221684 0.114628
v 9.020594 -2.185611 0.112308
v 9.004912 -2.149232 0.109956
v 8.992735 -2.112547 0.107571
v 8.984059 -2.075555 0.105152
v 8.978888 -2.038257 0.102701
v 8.977219 -2.000653 0.100216
v 8.978306 -1.502260 0.067201
v 8.978917 -1.469066 0.065000
v 8.980602 -1.437448 0.062900
v 8.983362 -1.407407 0.060900
v 8.987196 -1.378940 0.059000
v 8.992104 -1.352050 0.057201
v 8.998086 -1.326736 0.055502
v 9.005142 -1.302997 0.053904
v 9.013273 -1.280834 0.052407
v 9.022478 -1.260247 0.051009
v 9.032757 -1.241236 0.049713
v 9.044110 -1.223801 0.048516
v 9.056538 -1.207941 0.047420
v 9.070174 -1.193501 0.046414
v 9.085155 -1.180322 0.045486
v 9.101480 -1.168405 0.044637
v 9.119150 -1.157749 0.043867
v 9.138165 -1.148356 0.043175
v 9.158523 -1.140224 0.042562
v 9.180224 -1.133355 0.042028
v 9.203272 -1.127747 0.041572
v 9.227662 -1.123400 0.041195
v 9.253398 -1.120316 0.040897
v 9.280478 -1.118494 0.040677
v 9.308901 -1.117933 0.040536
v 9.541670 -1.118495 0.039722
v 9.541966 -0.982569 0.030718
v 8.106561 -0.979105 0.035736
v 8.106264 -1.115030 0.044740
v 8.280840 -1.115452 0.044130
v 8.309261 -1.116149 0.044072
v 8.336332 -1.118103 0.044103
v 8.362055 -1.121311 0.044221
v 8.386426 -1.125775 0.044428
v 8.409449 -1.131494 0.044723
v 8.431121 -1.138469 0.045105
v 8.451443 -1.146699 0.045576
v 8.470415 -1.156184 0.046135
v 8.488039 -1.166924 0.046782
v 8.504312 -1.178920 0.047517
v 8.519235 -1.192171 0.048340
v 8.532808 -1.206677 0.049251
v 8.545167 -1.222597 0.050261
v 8.556444 -1.240087 0.051378
v 8.566640 -1.259147 0.052603
v 8.575755 -1.279778 0.053936
v 8.583788 -1.301980 0.055377
v 8.590741 -1.325753 0.056927
v 8.596613 -1.351096 0.058584
v 8.601404 -1.378009 0.060349
v 8.605113 -1.406494 0.062222
v 8.607741 -1.436548 0.064203
v 8.609289 -1.468174 0.066292
v 8.609756 -1.501370 0.068489
v 8.608712 -1.520274 -0.216919
v 8.607482 -2.543466 0.137521
v 8.606439 -2.562370 -0.147887
v 8.623931 -2.536269 0.136985
v 8.622888 -2.555173 -0.148423
v 8.640919 -2.529702 0.136488
v 8.639875 -2.548607 -0.148920
v 8.658442 -2.523767 0.136030
v 8.657399 -2.542671 -0.149378
v 8.676505 -2.518461 0.135613
v 8.675462 -2.537365 -0.149795
v 8.695105 -2.513786 0.135235
v 8.694061 -2.532691 -0.150173
v 8.714241 -2.509742 0.134897
v 8.713198 -2.528646 -0.150511
v 8.733915 -2.506329 0.134599
v 8.732872 -2.525233 -0.150809
v 8.754128 -2.503546 0.134341
v 8.753084 -2.522450 -0.151067
v 8.774877 -2.501393 0.134123
v 8.773833 -2.520298 -0.151285
v 8.796164 -2.499871 0.133944
v 8.795120 -2.518775 -0.151464
v 8.817987 -2.498980 0.133805
v 8.816944 -2.517884 -0.151603
v 8.840349 -2.498719 0.133706
v 8.839306 -2.517624 -0.151702
v 8.863920 -2.499720 0.133686
v 8.862877 -2.518625 -0.151722
v 8.889373 -2.502614 0.133785
v 8.888330 -2.521518 -0.151623
v 8.916708 -2.507399 0.134002
v 8.915665 -2.526303 -0.151406
v 8.945924 -2.514077 0.134337
v 8.944880 -2.532981 -0.151071
v 8.977022 -2.522648 0.134791
v 8.975979 -2.541552 -0.150617
v 9.010002 -2.533111 0.135364
v 9.008959 -2.552015 -0.150044
v 9.044864 -2.545466 0.136055
v 9.043820 -2.564370 -0.149353
v 9.081606 -2.559713 0.136864
v 9.080563 -2.578618 -0.148544
v 9.120232 -2.575854 0.137792
v 9.119188 -2.594758 -0.147616
v 9.160738 -2.593886 0.138838
v 9.159695 -2.612790 -0.146570
v 9.203127 -2.613811 0.140003
v 9.202084 -2.632715 -0.145405
v 9.247396 -2.635628 0.141286
v 9.246353 -2.654532 -0.144122
v 9.287365 -2.653817 0.142345
v 9.286322 -2.672721 -0.143063
v 9.329761 -2.670438 0.143291
v 9.328717 -2.689342 -0.142117
v 9.374584 -2.685492 0.144124
v 9.373541 -2.704396 -0.141284
v 9.421836 -2.698978 0.144845
v 9.420793 -2.717882 -0.140563
v 9.471516 -2.710897 0.145452
v 9.470472 -2.729801 -0.139956
v 9.523624 -2.721249 0.145948
v 9.522581 -2.740153 -0.139460
v 9.578161 -2.730033 0.146330
v 9.577118 -2.748937 -0.139078
v 9.635125 -2.737250 0.146600
v 9.634082 -2.756154 -0.138808
v 9.694517 -2.742900 0.146757
v 9.693474 -2.761804 -0.138651
v 9.756338 -2.746982 0.146801
v 9.755295 -2.765886 -0.138607
v 9.820587 -2.749497 0.146733
v 9.819544 -2.768401 -0.138675
v 9.887263 -2.750445 0.146552
v 9.886220 -2.769349 -0.138856
v 10.014702 -2.746662 0.145835
v 10.013659 -2.765566 -0.139573
v 10.138388 -2.734689 0.144590
v 10.137343 -2.753593 -0.140818
v 10.258318 -2.714527 0.142816
v 10.257275 -2.733431 -0.142592
v 10.374496 -2.686175 0.140514
v 10.373452 -2.705079 -0.144894
v 10.486919 -2.649632 0.137682
v 10.485876 -2.668537 -0.147726
v 10.595589 -2.604901 0.134322
v 10.594545 -2.623805 -0.151086
v 10.700504 -2.551979 0.130433
v 10.699461 -2.570883 -0.154975
v 10.801666 -2.490868 0.126016
v 10.800623 -2.509772 -0.159392
v 10.899075 -2.421566 0.121069
v 10.898031 -2.440471 -0.164339
v 10.992728 -2.344075 0.115594
v 10.991685 -2.362979 -0.169814
v 11.082629 -2.258394 0.109590
v 11.081585 -2.277299 -0.175818
v 11.168776 -2.164524 0.103058
v 11.167732 -2.183428 -0.182350
v 11.246440 -2.068587 0.096420
v 11.245397 -2.087492 -0.188988
v 11.317377 -1.969174 0.089575
v 11.316334 -1.988078 -0.195832
v 11.381586 -1.866283 0.082526
v 11.380543 -1.885187 -0.202882
v 11.439068 -1.759914 0.075270
v 11.438025 -1.778819 -0.210138
v 11.489821 -1.650069 0.067809
v 11.488778 -1.668973 -0.217599
v 11.533848 -1.536746 0.060142
v 11.532804 -1.555650 -0.225266
v 11.571146 -1.419946 0.052269
v 11.570103 -1.438850 -0.233139
v 11.601717 -1.299668 0.044191
v 11.600674 -1.318572 -0.241217
v 11.625561 -1.175913 0.035907
v 11.624517 -1.194817 -0.249501
v 11.642676 -1.048681 0.027417
v 11.641633 -1.067585 -0.257991
v 11.653065 -0.917971 0.018721
v 11.652021 -0.936875 -0.266687
v 11.656725 -0.783784 0.009820
v 11.655682 -0.802688 -0.275588
v 11.653666 -0.642344 0.000463
v 11.652622 -0.661248 -0.284945
v 11.643863 -0.504978 -0.008600
v 11.642819 -0.523882 -0.294008
v 11.627316 -0.371686 -0.017368
v 11.626272 -0.390591 -0.302776
v 11.604024 -0.242469 -0.025842
v 11.602981 -0.261373 -0.311250
v 11.573989 -0.117325 -0.034021
v 11.572946 -0.136229 -0.319429
v 11.537210 0.003744 -0.041906
v 11.536166 -0.015160 -0.327314
v 11.493686 0.120739 -0.049496
v 11.492642 0.101835 -0.334904
v 11.443418 0.233661 -0.056791
v 11.442374 0.214757 -0.342199
v 11.386406 0.342508 -0.063793
v 11.385363 0.323604 -0.349201
v 11.322650 0.447281 -0.070499
v 11.321606 0.428377 -0.355907
v 11.252150 0.547980 -0.076911
v 11.251106 0.529076 -0.362319
v 11.174905 0.644605 -0.083029
v 11.173862 0.625701 -0.368437
v 11.086213 0.742516 -0.089190
v 11.085170 0.723612 -0.374598
v 10.994270 0.831939 -0.094777
v 10.993227 0.813035 -0.380185
v 10.899076 0.912875 -0.099790
v 10.898033 0.893971 -0.385198
v 10.800631 0.985324 -0.104228
v 10.799587 0.966420 -0.389636
v 10.698934 1.049285 -0.108093
v 10.697889 1.030381 -0.393501
v 10.593985 1.104758 -0.111384
v 10.592941 1.085854 -0.396792
v 10.485785 1.151744 -0.114100
v 10.484741 1.132840 -0.399508
v 10.374333 1.190243 -0.116243
v 10.373290 1.171338 -0.401651
v 10.259630 1.220253 -0.117811
v 10.258587 1.201349 -0.403219
v 10.141676 1.241776 -0.118806
v 10.140633 1.222872 -0.404213
v 10.020470 1.254812 -0.119226
v 10.019426 1.235908 -0.404634
v 9.896013 1.259360 -0.119072
v 9.894970 1.240456 -0.404480
v 9.864087 1.259122 -0.118940
v 9.863044 1.240218 -0.404348
v 9.832969 1.258254 -0.118768
v 9.831925 1.239350 -0.404176
v 9.802657 1.256754 -0.118558
v 9.801614 1.237850 -0.403966
v 9.773152 1.254623 -0.118309
v 9.772109 1.235719 -0.403717
v 9.744453 1.251860 -0.118021
v 9.743410 1.232956 -0.403429
v 9.716562 1.248466 -0.117694
v 9.715519 1.229563 -0.403102
v 9.689478 1.244441 -0.117329
v 9.688435 1.225538 -0.402737
v 9.663200 1.239785 -0.116924
v 9.662157 1.220881 -0.402332
v 9.637730 1.234497 -0.116481
v 9.636686 1.215594 -0.401889
v 9.613067 1.228578 -0.115999
v 9.612023 1.209675 -0.401407
v 9.589210 1.222028 -0.115478
v 9.588166 1.203124 -0.400886
v 9.566158 1.214847 -0.114918
v 9.565115 1.195944 -0.400326
v 9.521944 1.200481 -0.113805
v 9.520901 1.181577 -0.399213
v 9.479888 1.187367 -0.112782
v 9.478845 1.168463 -0.398190
v 9.439989 1.175507 -0.111851
v 9.438946 1.156603 -0.397259
v 9.402248 1.164900 -0.111010
v 9.401205 1.145996 -0.396418
v 9.366667 1.155547 -0.110261
v 9.365623 1.136643 -0.395669
v 9.333242 1.147447 -0.109602
v 9.332199 1.128543 -0.395010
v 9.301975 1.140600 -0.109034
v 9.300932 1.121696 -0.394442
v 9.272867 1.135007 -0.108557
v 9.271824 1.116102 -0.393965
v 9.245916 1.130667 -0.108171
v 9.244873 1.111763 -0.393579
v 9.221125 1.127580 -0.107876
v 9.220081 1.108676 -0.393284
v 9.198490 1.125747 -0.107672
v 9.197447 1.106843 -0.393080
v 9.178014 1.125167 -0.107559
v 9.176970 1.106263 -0.392967
v 9.152153 1.126173 -0.107531
v 9.151110 1.107269 -0.392939
v 9.126295 1.129068 -0.107628
v 9.125252 1.110163 -0.393036
v 9.100443 1.133850 -0.107850
v 9.099400 1.114946 -0.393258
v 9.074594 1.140520 -0.108197
v 9.073550 1.121615 -0.393605
v 9.048749 1.149077 -0.108670
v 9.047706 1.130173 -0.394078
v 9.022909 1.159523 -0.109267
v 9.021866 1.140619 -0.394675
v 8.997072 1.171856 -0.109990
v 8.996029 1.152952 -0.395398
v 8.971240 1.186078 -0.110837
v 8.970197 1.167174 -0.396245
v 8.945412 1.202187 -0.111810
v 8.944368 1.183283 -0.397218
v 8.919588 1.220184 -0.112907
v 8.918545 1.201280 -0.398315
v 8.893768 1.240069 -0.114130
v 8.892725 1.221165 -0.399538
v 8.867952 1.261842 -0.115478
v 8.866909 1.242938 -0.400886
v 8.555222 0.175186 -0.042359
v 8.554178 0.156282 -0.327767
v 8.671507 0.129597 -0.039765
v 8.670464 0.110693 -0.325173
v 8.710035 0.192432 -0.044068
v 8.708992 0.173528 -0.329475
v 8.747749 0.252753 -0.048201
v 8.746706 0.233849 -0.333609
v 8.784649 0.310559 -0.052164
v 8.783606 0.291654 -0.337572
v 8.820736 0.365849 -0.055959
v 8.819693 0.346945 -0.341367
v 8.856009 0.418624 -0.059583
v 8.854966 0.399720 -0.344991
v 8.890469 0.468884 -0.063038
v 8.889425 0.449980 -0.348446
v 8.924114 0.516629 -0.066324
v 8.923071 0.497724 -0.351732
v 8.956946 0.561858 -0.069439
v 8.955903 0.542954 -0.354847
v 8.988964 0.604573 -0.072386
v 8.987921 0.585668 -0.357794
v 9.020168 0.644772 -0.075162
v 9.019125 0.625867 -0.360570
v 9.050560 0.682456 -0.077769
v 9.049517 0.663551 -0.363177
v 9.080137 0.717624 -0.080207
v 9.079094 0.698720 -0.365615
v 9.136173 0.779002 -0.084477
v 9.135130 0.760098 -0.369885
v 9.194084 0.835026 -0.088400
v 9.193041 0.816122 -0.373808
v 9.253868 0.885697 -0.091975
v 9.252825 0.866793 -0.377383
v 9.315527 0.931014 -0.095202
v 9.314484 0.912110 -0.380610
v 9.379061 0.970978 -0.098081
v 9.378017 0.952074 -0.383489
v 9.444468 1.005588 -0.100612
v 9.443424 0.986684 -0.386020
v 9.511749 1.034845 -0.102796
v 9.510706 1.015941 -0.388204
v 9.580905 1.058748 -0.104632
v 9.579862 1.039844 -0.390040
v 9.651935 1.077298 -0.106121
v 9.650891 1.058394 -0.391529
v 9.724838 1.090495 -0.107261
v 9.723795 1.071591 -0.392669
v 9.799617 1.098338 -0.108054
v 9.798573 1.079434 -0.393462
v 9.876269 1.100827 -0.108499
v 9.875226 1.081923 -0.393907
v 9.965572 1.097623 -0.108614
v 9.964528 1.078718 -0.394022
v 10.052437 1.088445 -0.108323
v 10.051393 1.069541 -0.393731
v 10.136863 1.073296 -0.107629
v 10.135819 1.054392 -0.393036
v 10.218852 1.052175 -0.106529
v 10.217809 1.033270 -0.391937
v 10.298404 1.025080 -0.105026
v 10.297359 1.006176 -0.390433
v 10.375517 0.992014 -0.103117
v 10.374474 0.973109 -0.388525
v 10.450193 0.952975 -0.100804
v 10.449149 0.934071 -0.386212
v 10.522431 0.907964 -0.098087
v 10.521388 0.889060 -0.383495
v 10.592232 0.856980 -0.094966
v 10.591188 0.838076 -0.380373
v 10.659595 0.800024 -0.091439
v 10.658551 0.781120 -0.376847
v 10.724520 0.737096 -0.087509
v 10.723476 0.718192 -0.372917
v 10.787007 0.668196 -0.083173
v 10.785963 0.649292 -0.368581
v 10.851888 0.584816 -0.077888
v 10.850843 0.565912 -0.363296
v 10.911093 0.493583 -0.072061
v 10.910049 0.474679 -0.357469
v 10.964624 0.394498 -0.065694
v 10.963581 0.375594 -0.351102
v 11.012480 0.287561 -0.058786
v 11.011436 0.268657 -0.344194
v 11.054662 0.172772 -0.051337
v 11.053618 0.153867 -0.336745
v 11.091168 0.050130 -0.043347
v 11.090125 0.031225 -0.328755
v 11.122001 -0.080365 -0.034817
v 11.120957 -0.099269 -0.320225
v 11.147158 -0.218712 -0.025745
v 11.146114 -0.237616 -0.311153
v 11.166640 -0.364911 -0.016133
v 11.165597 -0.383816 -0.301541
v 11.180449 -0.518963 -0.005980
v 11.179405 -0.537867 -0.291388
v 11.188581 -0.680867 0.004715
v 11.187538 -0.699771 -0.280693
v 11.191040 -0.850623 0.015949
v 11.189997 -0.869527 -0.269459
v 11.187641 -0.988115 0.025069
v 11.186598 -1.007019 -0.260339
v 11.178057 -1.121186 0.033918
v 11.177013 -1.140090 -0.251490
v 11.162285 -1.249837 0.042497
v 11.161242 -1.268742 -0.242911
v 11.140326 -1.374069 0.050806
v 11.139283 -1.392973 -0.234602
v 11.112181 -1.493881 0.058844
v 11.111137 -1.512785 -0.226564
v 11.077848 -1.609272 0.066613
v 11.076805 -1.628176 -0.218795
v 11.037330 -1.720244 0.074111
v 11.036286 -1.739148 -0.211297
v 10.990624 -1.826795 0.081340
v 10.989581 -1.845700 -0.204068
v 10.937732 -1.928927 0.088298
v 10.936688 -1.947831 -0.197110
v 10.878653 -2.026639 0.094986
v 10.877609 -2.045543 -0.190422
v 10.813387 -2.119931 0.101404
v 10.812344 -2.138835 -0.184004
v 10.741934 -2.208802 0.107551
v 10.740891 -2.227706 -0.177857
v 10.685359 -2.270179 0.111823
v 10.684316 -2.289083 -0.173585
v 10.625833 -2.326199 0.115752
v 10.624788 -2.345103 -0.169656
v 10.563354 -2.376863 0.119336
v 10.562309 -2.395767 -0.166072
v 10.497923 -2.422171 0.122576
v 10.496879 -2.441076 -0.162832
v 10.429540 -2.462123 0.125472
v 10.428496 -2.481028 -0.159936
v 10.358206 -2.496719 0.128025
v 10.357162 -2.515624 -0.157383
v 10.283920 -2.525959 0.130233
v 10.282876 -2.544863 -0.155175
v 10.206682 -2.549843 0.132097
v 10.205638 -2.568747 -0.153311
v 10.126493 -2.568371 0.133618
v 10.125448 -2.587275 -0.151790
v 10.043350 -2.581543 0.134794
v 10.042307 -2.600447 -0.150614
v 9.957257 -2.589358 0.135626
v 9.956214 -2.608263 -0.149782
v 9.868212 -2.591818 0.136115
v 9.867168 -2.610722 -0.149293
v 9.795609 -2.590541 0.136296
v 9.794565 -2.609446 -0.149112
v 9.726513 -2.587071 0.136318
v 9.725470 -2.605975 -0.149090
v 9.660925 -2.581406 0.136183
v 9.659882 -2.600311 -0.149225
v 9.598843 -2.573548 0.135890
v 9.597799 -2.592452 -0.149518
v 9.540268 -2.563495 0.135438
v 9.539225 -2.582399 -0.149970
v 9.485200 -2.551248 0.134828
v 9.484157 -2.570153 -0.150580
v 9.433640 -2.536808 0.134060
v 9.432596 -2.555712 -0.151348
v 9.385587 -2.520173 0.133134
v 9.384543 -2.539077 -0.152274
v 9.341040 -2.501344 0.132050
v 9.339996 -2.520248 -0.153358
v 9.300001 -2.480321 0.130807
v 9.298958 -2.499225 -0.154601
v 9.262469 -2.457104 0.129407
v 9.261426 -2.476008 -0.156001
v 9.228445 -2.431693 0.127848
v 9.227402 -2.450597 -0.157560
v 9.188243 -2.397457 0.125727
v 9.187200 -2.416361 -0.159681
v 9.151544 -2.362915 0.123573
v 9.150500 -2.381819 -0.161835
v 9.118347 -2.328067 0.121387
v 9.117304 -2.346971 -0.164021
v 9.088655 -2.292912 0.119167
v 9.087611 -2.311816 -0.166241
v 9.062465 -2.257452 0.116914
v 9.061421 -2.276356 -0.168494
v 9.039778 -2.221684 0.114628
v 9.038734 -2.240589 -0.170780
v 9.020594 -2.185611 0.112308
v 9.019550 -2.204516 -0.173100
v 9.004912 -2.149232 0.109956
v 9.003869 -2.168137 -0.175452
v 8.992735 -2.112547 0.107571
v 8.991692 -2.131451 -0.177837
v 8.984059 -2.075555 0.105152
v 8.983016 -2.094460 -0.180256
v 8.978888 -2.038257 0.102701
v 8.977844 -2.057162 -0.182707
v 8.977219 -2.000653 0.100216
v 8.976175 -2.019557 -0.185192
v 8.978306 -1.502260 0.067201
v 8.977262 -1.521164 -0.218207
v 8.978917 -1.469066 0.065000
v 8.977874 -1.487970 -0.220408
v 8.980602 -1.437448 0.062900
v 8.979559 -1.456353 -0.222508
v 8.983362 -1.407407 0.060900
v 8.982319 -1.426311 -0.224508
v 8.987196 -1.378940 0.059000
v 8.986153 -1.397845 -0.226408
v 8.992104 -1.352050 0.057201
v 8.991060 -1.370955 -0.228207
v 8.998086 -1.326736 0.055502
v 8.997043 -1.345640 -0.229906
v 9.005142 -1.302997 0.053904
v 9.004099 -1.321901 -0.231504
v 9.013273 -1.280834 0.052407
v 9.012230 -1.299739 -0.233001
v 9.022478 -1.260247 0.051009
v 9.021435 -1.279152 -0.234399
v 9.032757 -1.241236 0.049713
v 9.031713 -1.260140 -0.235695
v 9.044110 -1.223801 0.048516
v 9.043067 -1.242705 -0.236892
v 9.056538 -1.207941 0.047420
v 9.055494 -1.226846 -0.237988
v 9.070174 -1.193501 0.046414
v 9.069131 -1.212405 -0.238994
v 9.085155 -1.180322 0.045486
v 9.084112 -1.199226 -0.239922
v 9.101480 -1.168405 0.044637
v 9.100437 -1.187309 -0.240771
v 9.119150 -1.157749 0.043867
v 9.118107 -1.176654 -0.241541
v 9.138165 -1.148356 0.043175
v 9.137121 -1.167260 -0.242233
v 9.158523 -1.140224 0.042562
v 9.157479 -1.159129 -0.242846
v 9.180224 -1.133355 0.042028
v 9.179181 -1.152259 -0.243380
v 9.203272 -1.127747 0.041572
v 9.202229 -1.146651 -0.243836
v 9.227662 -1.123400 0.041195
v 9.226619 -1.142305 -0.244213
v 9.253398 -1.120316 0.040897
v 9.252355 -1.139220 -0.244511
v 9.280478 -1.118494 0.040677
v 9.279434 -1.137398 -0.244731
v 9.308901 -1.117933 0.040536
v 9.307858 -1.136837 -0.244872
v 9.541670 -1.118495 0.039722
v 9.540627 -1.137399 -0.245686
v 9.541966 -0.982569 0.030718
v 9.540923 -1.001473 -0.254690
v 8.106561 -0.979105 0.035736
v 8.105517 -0.998009 -0.249672
v 8.106264 -1.115030 0.044740
v 8.105221 -1.133934 -0.240668
v 8.280840 -1.115452 0.044130
v 8.279797 -1.134356 -0.241278
v 8.309261 -1.116149 0.044072
v 8.308218 -1.135054 -0.241336
v 8.336332 -1.118103 0.044103
v 8.335289 -1.137007 -0.241305
v 8.362055 -1.121311 0.044221
v 8.361012 -1.140215 -0.241187
v 8.386426 -1.125775 0.044428
v 8.385383 -1.144679 -0.240980
v 8.409449 -1.131494 0.044723
v 8.408405 -1.150398 -0.240685
v 8.431121 -1.138469 0.045105
v 8.430078 -1.157373 -0.240303
v 8.451443 -1.146699 0.045576
v 8.450399 -1.165603 -0.239832
v 8.470415 -1.156184 0.046135
v 8.469372 -1.175088 -0.239273
v 8.488039 -1.166924 0.046782
v 8.486996 -1.185828 -0.238626
v 8.504312 -1.178920 0.047517
v 8.503268 -1.197824 -0.237891
v 8.519235 -1.192171 0.048340
v 8.518191 -1.211075 -0.237068
v 8.532808 -1.206677 0.049251
v 8.531765 -1.225581 -0.236157
v 8.545167 -1.222597 0.050261
v 8.544124 -1.241501 -0.235147
v 8.556444 -1.240087 0.051378
v 8.555401 -1.258991 -0.234030
v 8.566640 -1.259147 0.052603
v 8.565597 -1.278051 -0.232805
v 8.575755 -1.279778 0.053936
v 8.574712 -1.298683 -0.231472
v 8.583788 -1.301980 0.055377
v 8.582745 -1.320884 -0.230031
v 8.590741 -1.325753 0.056927
v 8.589698 -1.344657 -0.228481
v 8.596613 -1.351096 0.058584
v 8.595570 -1.370000 -0.226824
v 8.601404 -1.378009 0.060349
v 8.600361 -1.396914 -0.225059
v 8.605113 -1.406494 0.062222
v 8.604070 -1.425398 -0.223186
v 8.607741 -1.436548 0.064203
v 8.606698 -1.455453 -0.221205
v 8.609289 -1.468174 0.066292
v 8.608246 -1.487078 -0.219116
v 7.174745 -1.316671 0.061502
v 7.173702 -1.335575 -0.223906
v 7.116333 -1.294191 0.060226
v 7.115289 -1.313095 -0.225182
v 7.057380 -1.272338 0.058995
v 7.056336 -1.291242 -0.226413
v 6.997887 -1.251113 0.057806
v 6.996843 -1.270017 -0.227602
v 6.937853 -1.230516 0.056661
v 6.936810 -1.249420 -0.228747
v 6.877280 -1.210547 0.055560
v 6.876236 -1.229452 -0.229848
v 6.816166 -1.191207 0.054503
v 6.815123 -1.210111 -0.230905
v 6.754512 -1.172494 0.053489
v 6.753469 -1.191398 -0.231919
v 6.692318 -1.154409 0.052518
v 6.691275 -1.173313 -0.232890
v 6.629583 -1.136952 0.051591
v 6.628540 -1.155856 -0.233817
v 6.566309 -1.120123 0.050708
v 6.565266 -1.139027 -0.234700
v 6.502495 -1.103922 0.049868
v 6.501451 -1.122827 -0.235540
v 6.438139 -1.088349 0.049072
v 6.437096 -1.107254 -0.236336
v 6.435890 -1.007795 0.043745
v 6.434847 -1.026699 -0.241663
v 6.435246 -0.932279 0.038745
v 6.434203 -0.951183 -0.246663
v 6.436209 -0.861801 0.034073
v 6.435165 -0.880705 -0.251335
v 6.438776 -0.796361 0.029730
v 6.437733 -0.815265 -0.255678
v 6.442949 -0.735960 0.025714
v 6.441906 -0.754864 -0.259694
v 6.448728 -0.680596 0.022025
v 6.447684 -0.699500 -0.263383
v 6.456112 -0.630271 0.018665
v 6.455069 -0.649175 -0.266743
v 6.465101 -0.584984 0.015633
v 6.464058 -0.603888 -0.269775
v 6.475696 -0.544735 0.012928
v 6.474652 -0.563639 -0.272480
v 6.487896 -0.509524 0.010551
v 6.486853 -0.528428 -0.274857
v 6.501702 -0.479352 0.008502
v 6.500659 -0.498256 -0.276906
v 6.517113 -0.454217 0.006781
v 6.516069 -0.473122 -0.278627
v 6.540479 -0.425326 0.004782
v 6.539436 -0.444231 -0.280626
v 6.565188 -0.398956 0.002945
v 6.564145 -0.417860 -0.282463
v 6.591238 -0.375106 0.001270
v 6.590195 -0.394010 -0.284138
v 6.618630 -0.353776 -0.000243
v 6.617587 -0.372680 -0.285651
v 6.647363 -0.334967 -0.001594
v 6.646320 -0.353871 -0.287002
v 6.677438 -0.318678 -0.002783
v 6.676394 -0.337582 -0.288191
v 6.708854 -0.304909 -0.003810
v 6.707810 -0.323813 -0.289218
v 6.741611 -0.293661 -0.004674
v 6.740568 -0.312566 -0.290082
v 6.775711 -0.284934 -0.005377
v 6.774667 -0.303838 -0.290785
v 6.811152 -0.278726 -0.005918
v 6.810109 -0.297630 -0.291326
v 6.847935 -0.275039 -0.006296
v 6.846891 -0.293943 -0.291704
v 6.886058 -0.273873 -0.006513
v 6.885015 -0.292777 -0.291921
v 6.924042 -0.275066 -0.006573
v 6.922999 -0.293970 -0.291981
v 6.960405 -0.278457 -0.006481
v 6.959362 -0.297361 -0.291889
v 6.995147 -0.284047 -0.006238
v 6.994104 -0.302951 -0.291646
v 7.028267 -0.291836 -0.005843
v 7.027224 -0.310740 -0.291251
v 7.059766 -0.301823 -0.005297
v 7.058723 -0.320728 -0.290705
v 7.089644 -0.314009 -0.004599
v 7.088601 -0.332913 -0.290007
v 7.117901 -0.328394 -0.003749
v 7.116858 -0.347298 -0.289157
v 7.144536 -0.344977 -0.002748
v 7.143493 -0.363881 -0.288156
v 7.169550 -0.363759 -0.001596
v 7.168507 -0.382663 -0.287004
v 7.192943 -0.384739 -0.000292
v 7.191900 -0.403643 -0.285700
v 7.214715 -0.407918 0.001164
v 7.213672 -0.426822 -0.284244
v 7.234866 -0.433295 0.002771
v 7.233822 -0.452199 -0.282637
v 7.253397 -0.459613 0.004447
v 7.252354 -0.478517 -0.280961
v 7.270313 -0.485612 0.006107
v 7.269270 -0.504516 -0.279301
v 7.285613 -0.511292 0.007752
v 7.284570 -0.530197 -0.277656
v 7.299297 -0.536654 0.009382
v 7.298254 -0.555558 -0.276026
v 7.311366 -0.561698 0.010996
v 7.310323 -0.580602 -0.274412
v 7.321819 -0.586422 0.012596
v 7.320776 -0.605326 -0.272812
v 7.330657 -0.610829 0.014180
v 7.329613 -0.629733 -0.271228
v 7.337878 -0.634916 0.015749
v 7.336834 -0.653821 -0.269659
v 7.343483 -0.658685 0.017303
v 7.342440 -0.677590 -0.268105
v 7.347473 -0.682136 0.018842
v 7.346430 -0.701041 -0.266566
v 7.349847 -0.705268 0.020365
v 7.348804 -0.724172 -0.265043
v 7.350607 -0.728082 0.021873
v 7.349564 -0.746986 -0.263535
v 7.351867 -0.767887 0.024505
v 7.350824 -0.786792 -0.260903
v 7.355829 -0.804238 0.026899
v 7.354785 -0.823143 -0.258509
v 7.362493 -0.837135 0.029053
v 7.361449 -0.856039 -0.256355
v 7.371857 -0.866576 0.030969
v 7.370814 -0.885481 -0.254439
v 7.383924 -0.892564 0.032646
v 7.382881 -0.911468 -0.252762
v 7.398693 -0.915096 0.034085
v 7.397650 -0.934001 -0.251323
v 7.416163 -0.934175 0.035284
v 7.415120 -0.953079 -0.250124
v 7.436334 -0.949798 0.036245
v 7.435291 -0.968702 -0.249163
v 7.459208 -0.961967 0.036968
v 7.458164 -0.980871 -0.248440
v 7.484782 -0.970682 0.037452
v 7.483739 -0.989586 -0.247956
v 7.513059 -0.975941 0.037697
v 7.512015 -0.994846 -0.247711
v 7.544037 -0.977747 0.037703
v 7.542994 -0.996651 -0.247705
v 7.578120 -0.976256 0.037480
v 7.577077 -0.995160 -0.247928
v 7.609247 -0.971611 0.037058
v 7.608204 -0.990516 -0.248350
v 7.637417 -0.963813 0.036439
v 7.636374 -0.982718 -0.248969
v 7.662631 -0.952862 0.035621
v 7.661588 -0.971766 -0.249787
v 7.684888 -0.938757 0.034605
v 7.683845 -0.957661 -0.250803
v 7.704188 -0.921498 0.033392
v 7.703145 -0.940402 -0.252016
v 7.720532 -0.901085 0.031980
v 7.719489 -0.919990 -0.253428
v 7.733919 -0.877519 0.030370
v 7.732876 -0.896424 -0.255038
v 7.744350 -0.850800 0.028562
v 7.743307 -0.869704 -0.256846
v 7.751824 -0.820927 0.026556
v 7.750781 -0.839831 -0.258852
v 7.756341 -0.787900 0.024352
v 7.755298 -0.806804 -0.261056
v 7.757902 -0.751719 0.021950
v 7.756859 -0.770623 -0.263458
v 7.756748 -0.724972 0.020183
v 7.755705 -0.743876 -0.265225
v 7.753171 -0.697589 0.018382
v 7.752128 -0.716493 -0.267026
v 7.747170 -0.669571 0.016548
v 7.746127 -0.688475 -0.268860
v 7.738746 -0.640918 0.014681
v 7.737703 -0.659822 -0.270727
v 7.727899 -0.611630 0.012781
v 7.726855 -0.630535 -0.272627
v 7.714628 -0.581707 0.010847
v 7.713585 -0.600611 -0.274561
v 7.698934 -0.551149 0.008881
v 7.697891 -0.570053 -0.276527
v 7.680817 -0.519955 0.006881
v 7.679774 -0.538859 -0.278527
v 7.660276 -0.488126 0.004848
v 7.659233 -0.507030 -0.280560
v 7.637313 -0.455662 0.002781
v 7.636270 -0.474567 -0.282627
v 7.611926 -0.422564 0.000682
v 7.610883 -0.441468 -0.284726
v 7.584116 -0.388829 -0.001451
v 7.583073 -0.407734 -0.286859
v 7.546756 -0.348937 -0.003957
v 7.545712 -0.367841 -0.289365
v 7.505616 -0.312496 -0.006220
v 7.504572 -0.331400 -0.291628
v 7.460696 -0.279507 -0.008241
v 7.459653 -0.298412 -0.293649
v 7.411997 -0.249971 -0.010019
v 7.410954 -0.268875 -0.295427
v 7.359519 -0.223886 -0.011555
v 7.358476 -0.242790 -0.296963
v 7.303263 -0.201253 -0.012848
v 7.302219 -0.220157 -0.298256
v 7.243226 -0.182072 -0.013899
v 7.242183 -0.200976 -0.299307
v 7.179411 -0.166343 -0.014708
v 7.178368 -0.185247 -0.300116
v 7.111816 -0.154066 -0.015274
v 7.110773 -0.172970 -0.300682
v 7.040442 -0.145241 -0.015598
v 7.039398 -0.164145 -0.301006
v 6.965288 -0.139868 -0.015679
v 6.964244 -0.158772 -0.301087
v 6.886355 -0.137947 -0.015517
v 6.885312 -0.156852 -0.300925
v 6.819942 -0.139360 -0.015181
v 6.818899 -0.158264 -0.300589
v 6.756487 -0.143927 -0.014646
v 6.755444 -0.162831 -0.300054
v 6.695987 -0.151647 -0.013914
v 6.694944 -0.170551 -0.299322
v 6.638444 -0.162520 -0.012983
v 6.637401 -0.181424 -0.298391
v 6.583858 -0.176548 -0.011855
v 6.582815 -0.195452 -0.297263
v 6.532229 -0.193728 -0.010528
v 6.531186 -0.212633 -0.295936
v 6.483557 -0.214063 -0.009003
v 6.482513 -0.232967 -0.294411
v 6.437840 -0.237551 -0.007280
v 6.436797 -0.256455 -0.292688
v 6.395081 -0.264192 -0.005359
v 6.394037 -0.283097 -0.290767
v 6.355278 -0.293988 -0.003240
v 6.354235 -0.312892 -0.288648
v 6.318432 -0.326936 -0.000923
v 6.317389 -0.345840 -0.286331
v 6.284542 -0.363038 0.001592
v 6.283499 -0.381943 -0.283816
v 6.259690 -0.393342 0.003690
v 6.258647 -0.412246 -0.281718
v 6.236993 -0.423965 0.005801
v 6.235950 -0.442869 -0.279607
v 6.216450 -0.454907 0.007926
v 6.215407 -0.473812 -0.277482
v 6.198062 -0.486170 0.010064
v 6.197019 -0.505074 -0.275344
v 6.181829 -0.517753 0.012215
v 6.180786 -0.536657 -0.273193
v 6.167750 -0.549655 0.014380
v 6.166707 -0.568559 -0.271028
v 6.155826 -0.581877 0.016557
v 6.154782 -0.600782 -0.268851
v 6.146056 -0.614420 0.018749
v 6.145013 -0.633324 -0.266659
v 6.138441 -0.647282 0.020953
v 6.137397 -0.666186 -0.264455
v 6.132980 -0.680464 0.023171
v 6.131937 -0.699368 -0.262237
v 6.129674 -0.713965 0.025402
v 6.128631 -0.732869 -0.260006
v 6.128523 -0.747787 0.027646
v 6.127480 -0.766691 -0.257762
v 6.125112 -2.310931 0.131195
v 6.124069 -2.329835 -0.154213
v 6.124225 -2.347113 0.133595
v 6.123181 -2.366017 -0.151813
v 6.121727 -2.380144 0.135792
v 6.120684 -2.399048 -0.149616
v 6.117621 -2.410026 0.137786
v 6.116578 -2.428930 -0.147622
v 6.111906 -2.436757 0.139577
v 6.110862 -2.455661 -0.145831
v 6.104580 -2.460337 0.141166
v 6.103537 -2.479241 -0.144242
v 6.095645 -2.480767 0.142552
v 6.094602 -2.499672 -0.142856
v 6.085100 -2.498047 0.143735
v 6.084057 -2.516952 -0.141673
v 6.072946 -2.512177 0.144715
v 6.071902 -2.531081 -0.140693
v 6.059182 -2.523156 0.145493
v 6.058138 -2.542061 -0.139915
v 6.043808 -2.530985 0.146067
v 6.042765 -2.549890 -0.139341
v 6.026825 -2.535664 0.146439
v 6.025782 -2.554568 -0.138969
v 6.008233 -2.537192 0.146609
v 6.007190 -2.556097 -0.138799
v 5.986009 -2.536037 0.146613
v 5.984966 -2.554942 -0.138795
v 5.964599 -2.532682 0.146469
v 5.963556 -2.551586 -0.138939
v 5.944001 -2.527126 0.146177
v 5.942958 -2.546030 -0.139231
v 5.924216 -2.519370 0.145735
v 5.923173 -2.538274 -0.139673
v 5.905244 -2.509413 0.145145
v 5.904201 -2.528317 -0.140263
v 5.887086 -2.497255 0.144406
v 5.886043 -2.516159 -0.141002
v 5.869740 -2.482897 0.143519
v 5.868697 -2.501801 -0.141889
v 5.853209 -2.466338 0.142482
v 5.852165 -2.485242 -0.142926
v 5.837489 -2.447579 0.141297
v 5.836445 -2.466483 -0.144111
v 5.822582 -2.426619 0.139963
v 5.821538 -2.445523 -0.145445
v 5.808488 -2.403459 0.138481
v 5.807445 -2.422363 -0.146927
v 5.795208 -2.378098 0.136850
v 5.794165 -2.397002 -0.148558
v 5.717420 -2.468527 0.143124
v 5.716377 -2.487432 -0.142284
v 5.743728 -2.512012 0.145908
v 5.742684 -2.530916 -0.139500
v 5.771121 -2.551723 0.148438
v 5.770078 -2.570627 -0.136970
v 5.799600 -2.587661 0.150714
v 5.798557 -2.606565 -0.134694
v 5.829165 -2.619826 0.152737
v 5.828122 -2.638731 -0.132671
v 5.859816 -2.648218 0.154505
v 5.858773 -2.667122 -0.130903
v 5.891552 -2.672837 0.156020
v 5.890509 -2.691741 -0.129388
v 5.924375 -2.693683 0.157280
v 5.923331 -2.712587 -0.128128
v 5.958283 -2.710755 0.158287
v 5.957240 -2.729660 -0.127121
v 5.993277 -2.724055 0.159040
v 5.992234 -2.742959 -0.126368
v 6.029357 -2.733581 0.159539
v 6.028314 -2.752486 -0.125869
v 6.066524 -2.739335 0.159785
v 6.065480 -2.758239 -0.125623
v 6.104774 -2.741315 0.159776
v 6.103731 -2.760219 -0.125632
v 6.130236 -2.740590 0.159635
v 6.129192 -2.759494 -0.125773
v 6.154892 -2.738289 0.159392
v 6.153849 -2.757194 -0.126016
v 6.178743 -2.734414 0.159048
v 6.177700 -2.753318 -0.126360
v 6.201789 -2.728963 0.158603
v 6.200746 -2.747868 -0.126805
v 6.224031 -2.721937 0.158056
v 6.222988 -2.740842 -0.127352
v 6.245468 -2.713336 0.157408
v 6.244424 -2.732241 -0.128000
v 6.266100 -2.703160 0.156659
v 6.265057 -2.722064 -0.128749
v 6.285927 -2.691409 0.155808
v 6.284884 -2.710313 -0.129600
v 6.304950 -2.678083 0.154856
v 6.303907 -2.696987 -0.130552
v 6.323167 -2.663181 0.153802
v 6.322124 -2.682085 -0.131606
v 6.340580 -2.646704 0.152647
v 6.339537 -2.665608 -0.132761
v 6.357189 -2.628652 0.151391
v 6.356145 -2.647556 -0.134017
v 6.366644 -2.616404 0.150545
v 6.365601 -2.635308 -0.134863
v 6.375566 -2.602267 0.149576
v 6.374523 -2.621171 -0.135832
v 6.383952 -2.586240 0.148484
v 6.382909 -2.605144 -0.136924
v 6.391804 -2.568324 0.147268
v 6.390761 -2.587228 -0.138140
v 6.399121 -2.548519 0.145930
v 6.398078 -2.567423 -0.139478
v 6.405903 -2.526825 0.144468
v 6.404860 -2.545729 -0.140940
v 6.412151 -2.503242 0.142883
v 6.411108 -2.522146 -0.142525
v 6.417865 -2.477769 0.141175
v 6.416821 -2.496674 -0.144233
v 6.423043 -2.450408 0.139344
v 6.422000 -2.469312 -0.146064
v 6.427687 -2.421157 0.137389
v 6.426644 -2.440061 -0.148019
v 6.431797 -2.390018 0.135312
v 6.430753 -2.408922 -0.150096
v 6.435371 -2.356988 0.133111
v 6.434328 -2.375893 -0.152297
v 6.503127 -2.418665 0.136949
v 6.502084 -2.437569 -0.148459
v 6.570895 -2.474992 0.140432
v 6.569852 -2.493896 -0.144976
v 6.638675 -2.525971 0.143560
v 6.637632 -2.544875 -0.141847
v 6.706467 -2.571601 0.146335
v 6.705423 -2.590505 -0.139073
v 6.774270 -2.611881 0.148755
v 6.773226 -2.630786 -0.136653
v 6.842084 -2.646813 0.150821
v 6.841041 -2.665718 -0.134587
v 6.909911 -2.676396 0.152532
v 6.908867 -2.695301 -0.132876
v 6.977749 -2.700630 0.153890
v 6.976706 -2.719535 -0.131518
v 7.045599 -2.719516 0.154892
v 7.044555 -2.738420 -0.130516
v 7.113460 -2.733052 0.155541
v 7.112417 -2.751956 -0.129867
v 7.181334 -2.741239 0.155835
v 7.180290 -2.760143 -0.129573
v 7.249220 -2.744077 0.155775
v 7.248177 -2.762981 -0.129633
v 7.299872 -2.742941 0.155514
v 7.298829 -2.761845 -0.129894
v 7.348373 -2.739282 0.155095
v 7.347330 -2.758186 -0.130313
v 7.394725 -2.733101 0.154516
v 7.393682 -2.752005 -0.130892
v 7.438927 -2.724398 0.153778
v 7.437884 -2.743302 -0.131630
v 7.480979 -2.713172 0.152880
v 7.479936 -2.732076 -0.132528
v 7.520882 -2.699424 0.151824
v 7.519839 -2.718328 -0.133584
v 7.558635 -2.683154 0.150608
v 7.557592 -2.702058 -0.134800
v 7.594238 -2.664361 0.149233
v 7.593195 -2.683265 -0.136175
v 7.627691 -2.643046 0.147699
v 7.626648 -2.661950 -0.137709
v 7.658995 -2.619209 0.146006
v 7.657951 -2.638113 -0.139402
v 7.688148 -2.592849 0.144153
v 7.687105 -2.611753 -0.141255
v 7.715153 -2.563967 0.142142
v 7.714110 -2.582871 -0.143266
v 7.740006 -2.533034 0.140002
v 7.738963 -2.551939 -0.145406
v 7.762707 -2.500523 0.137766
v 7.761664 -2.519428 -0.147642
v 7.783257 -2.466434 0.135432
v 7.782214 -2.485338 -0.149976
v 7.801654 -2.430766 0.133003
v 7.800611 -2.449671 -0.152405
v 7.817900 -2.393520 0.130476
v 7.816857 -2.412424 -0.154932
v 7.831994 -2.354696 0.127853
v 7.830951 -2.373600 -0.157555
v 7.843936 -2.314293 0.125133
v 7.842893 -2.333197 -0.160275
v 7.853727 -2.272311 0.122317
v 7.852684 -2.291216 -0.163091
v 7.861365 -2.228752 0.119404
v 7.860322 -2.247656 -0.166004
v 7.866852 -2.183613 0.116394
v 7.865808 -2.202518 -0.169014
v 7.870187 -2.136897 0.113288
v 7.869143 -2.155801 -0.172120
v 7.871370 -2.088602 0.110084
v 7.870327 -2.107506 -0.175324
v 7.870239 -2.050999 0.107598
v 7.869196 -2.069903 -0.177810
v 7.866684 -2.013705 0.105141
v 7.865641 -2.032609 -0.180267
v 7.860703 -1.976720 0.102713
v 7.859659 -1.995624 -0.182695
v 7.852296 -1.940044 0.100314
v 7.851253 -1.958948 -0.185094
v 7.841465 -1.903676 0.097945
v 7.840421 -1.922580 -0.187463
v 7.828207 -1.867617 0.095605
v 7.827164 -1.886521 -0.189803
v 7.812524 -1.831867 0.093295
v 7.811481 -1.850771 -0.192113
v 7.794417 -1.796426 0.091013
v 7.793374 -1.815330 -0.194395
v 7.773883 -1.761294 0.088761
v 7.772840 -1.780198 -0.196647
v 7.750925 -1.726470 0.086539
v 7.749882 -1.745374 -0.198869
v 7.725541 -1.691955 0.084345
v 7.724497 -1.710859 -0.201063
v 7.697732 -1.657749 0.082181
v 7.696689 -1.676654 -0.203227
v 7.667497 -1.624167 0.080068
v 7.666454 -1.643071 -0.205340
v 7.634835 -1.591522 0.078025
v 7.633792 -1.610426 -0.207383
v 7.599747 -1.559816 0.076053
v 7.598703 -1.578720 -0.209355
v 7.562231 -1.529047 0.074152
v 7.561188 -1.547952 -0.211256
v 7.522289 -1.499217 0.072322
v 7.521245 -1.518121 -0.213086
v 7.479920 -1.470325 0.070564
v 7.478877 -1.489229 -0.214844
v 7.435124 -1.442371 0.068876
v 7.434081 -1.461275 -0.216532
v 7.387902 -1.415355 0.067259
v 7.386858 -1.434259 -0.218149
v 7.338253 -1.389277 0.065713
v 7.337209 -1.408181 -0.219695
v 7.286177 -1.364137 0.064238
v 7.285134 -1.383041 -0.221170
v 7.231675 -1.339935 0.062835
v 7.230631 -1.358839 -0.222573
v 6.435766 -2.175754 0.121105
v 6.434723 -2.194658 -0.164302
v 6.437793 -1.246929 0.059577
v 6.436750 -1.265833 -0.225831
v 6.513171 -1.272912 0.061022
v 6.512127 -1.291816 -0.224386
v 6.584241 -1.297626 0.062399
v 6.583198 -1.316530 -0.223009
v 6.651003 -1.321071 0.063708
v 6.649960 -1.339975 -0.221700
v 6.713458 -1.343247 0.064949
v 6.712415 -1.362151 -0.220459
v 6.771605 -1.364154 0.066121
v 6.770561 -1.383058 -0.219287
v 6.825443 -1.383791 0.067225
v 6.824400 -1.402696 -0.218183
v 6.874975 -1.402160 0.068260
v 6.873931 -1.421064 -0.217148
v 6.920198 -1.419260 0.069228
v 6.919155 -1.438164 -0.216180
v 6.961114 -1.435091 0.070127
v 6.960071 -1.453995 -0.215281
v 6.997722 -1.449653 0.070957
v 6.996679 -1.468557 -0.214451
v 7.030022 -1.462946 0.071720
v 7.028979 -1.481850 -0.213688
v 7.058015 -1.474970 0.072414
v 7.056972 -1.493874 -0.212994
v 7.092869 -1.490472 0.073313
v 7.091826 -1.509376 -0.212095
v 7.126376 -1.506600 0.074259
v 7.125333 -1.525504 -0.211149
v 7.158534 -1.523353 0.075251
v 7.157491 -1.542258 -0.210157
v 7.189343 -1.540733 0.076289
v 7.188300 -1.559638 -0.209119
v 7.218804 -1.558739 0.077374
v 7.217761 -1.577643 -0.208034
v 7.246917 -1.577371 0.078506
v 7.245873 -1.596275 -0.206902
v 7.273681 -1.596629 0.079683
v 7.272637 -1.615533 -0.205725
v 7.299097 -1.616513 0.080907
v 7.298054 -1.635417 -0.204500
v 7.323164 -1.637023 0.082178
v 7.322121 -1.655927 -0.203230
v 7.345883 -1.658159 0.083495
v 7.344840 -1.677063 -0.201913
v 7.367254 -1.679921 0.084858
v 7.366210 -1.698825 -0.200550
v 7.387276 -1.702309 0.086268
v 7.386232 -1.721213 -0.199140
v 7.405815 -1.725322 0.087724
v 7.404771 -1.744227 -0.197684
v 7.422736 -1.748962 0.089228
v 7.421693 -1.767866 -0.196180
v 7.438040 -1.773226 0.090780
v 7.436996 -1.792130 -0.194628
v 7.451725 -1.798116 0.092378
v 7.450682 -1.817020 -0.193030
v 7.463793 -1.823632 0.094024
v 7.462750 -1.842536 -0.191384
v 7.474243 -1.849772 0.095717
v 7.473199 -1.868676 -0.189691
v 7.483075 -1.876538 0.097458
v 7.482032 -1.895442 -0.187950
v 7.490290 -1.903930 0.099246
v 7.489246 -1.922834 -0.186162
v 7.495885 -1.931947 0.101081
v 7.494842 -1.950851 -0.184327
v 7.499864 -1.960589 0.102964
v 7.498821 -1.979493 -0.182444
v 7.502225 -1.989856 0.104893
v 7.501182 -2.008760 -0.180514
v 7.502968 -2.019749 0.106871
v 7.501925 -2.038654 -0.178537
v 7.502079 -2.056875 0.109333
v 7.501036 -2.075779 -0.176075
v 7.499576 -2.092739 0.111718
v 7.498533 -2.111643 -0.173690
v 7.495459 -2.127340 0.114025
v 7.494416 -2.146244 -0.171383
v 7.489729 -2.160678 0.116254
v 7.488686 -2.179582 -0.169154
v 7.482385 -2.192754 0.118405
v 7.481342 -2.211658 -0.167003
v 7.473427 -2.223567 0.120479
v 7.472384 -2.242472 -0.164929
v 7.462856 -2.253119 0.122475
v 7.461812 -2.272023 -0.162933
v 7.450671 -2.281407 0.124393
v 7.449627 -2.300312 -0.161015
v 7.436872 -2.308433 0.126234
v 7.435829 -2.327338 -0.159174
v 7.421459 -2.334197 0.127996
v 7.420416 -2.353101 -0.157412
v 7.404433 -2.358698 0.129681
v 7.403389 -2.377602 -0.155727
v 7.385793 -2.381937 0.131289
v 7.384749 -2.400841 -0.154119
v 7.365809 -2.403599 0.132797
v 7.364766 -2.422503 -0.152611
v 7.344753 -2.423371 0.134183
v 7.343709 -2.442275 -0.151225
v 7.322622 -2.441252 0.135449
v 7.321579 -2.460156 -0.149959
v 7.299418 -2.457243 0.136593
v 7.298375 -2.476147 -0.148815
v 7.275141 -2.471343 0.137615
v 7.274097 -2.490247 -0.147793
v 7.249790 -2.483553 0.138517
v 7.248746 -2.502457 -0.146891
v 7.223365 -2.493873 0.139297
v 7.222322 -2.512777 -0.146111
v 7.195867 -2.502302 0.139956
v 7.194823 -2.521206 -0.145452
v 7.167295 -2.508840 0.140493
v 7.166251 -2.527745 -0.144915
v 7.137649 -2.513488 0.140909
v 7.136606 -2.532393 -0.144499
v 7.106931 -2.516246 0.141204
v 7.105887 -2.535150 -0.144204
v 7.075138 -2.517113 0.141378
v 7.074095 -2.536017 -0.144030
v 7.040251 -2.516557 0.141469
v 7.039207 -2.535461 -0.143939
v 7.006713 -2.515060 0.141492
v 7.005670 -2.533964 -0.143916
v 6.974523 -2.512623 0.141449
v 6.973480 -2.531527 -0.143959
v 6.943684 -2.509244 0.141338
v 6.942641 -2.528149 -0.144070
v 6.914193 -2.504925 0.141159
v 6.913149 -2.523830 -0.144249
v 6.886051 -2.499666 0.140914
v 6.885008 -2.518570 -0.144494
v 6.859258 -2.493466 0.140601
v 6.858215 -2.512370 -0.144807
v 6.833814 -2.486325 0.140221
v 6.832771 -2.505229 -0.145187
v 6.809720 -2.478243 0.139774
v 6.808677 -2.497148 -0.145634
v 6.786974 -2.469221 0.139259
v 6.785931 -2.488125 -0.146149
v 6.765578 -2.459258 0.138678
v 6.764534 -2.478162 -0.146730
v 6.745531 -2.448354 0.138029
v 6.744488 -2.467259 -0.147379
v 6.713783 -2.429085 0.136869
v 6.712739 -2.447989 -0.148539
v 6.683114 -2.409188 0.135663
v 6.682071 -2.428092 -0.149745
v 6.653523 -2.388665 0.134412
v 6.652480 -2.407569 -0.150996
v 6.625012 -2.367515 0.133115
v 6.623969 -2.386419 -0.152293
v 6.597579 -2.345738 0.131773
v 6.596536 -2.364642 -0.153635
v 6.571226 -2.323335 0.130385
v 6.570183 -2.342239 -0.155023
v 6.545952 -2.300305 0.128952
v 6.544909 -2.319209 -0.156456
v 6.521757 -2.276648 0.127474
v 6.520713 -2.295552 -0.157934
v 6.498641 -2.252365 0.125950
v 6.497597 -2.271269 -0.159458
v 6.476604 -2.227454 0.124381
v 6.475561 -2.246359 -0.161027
v 6.455646 -2.201918 0.122766
v 6.454603 -2.220822 -0.162642
v 3.219164 -0.627492 0.030315
v 3.218121 -0.646396 -0.255093
v 3.160472 -0.547745 0.025248
v 3.159429 -0.566650 -0.260160
v 3.100418 -0.474918 0.020643
v 3.099375 -0.493822 -0.264765
v 3.039001 -0.409009 0.016502
v 3.037958 -0.427913 -0.268906
v 2.976223 -0.350019 0.012825
v 2.975180 -0.368923 -0.272583
v 2.912083 -0.297948 0.009610
v 2.911039 -0.316852 -0.275798
v 2.846581 -0.252795 0.006859
v 2.845537 -0.271700 -0.278549
v 2.779716 -0.214562 0.004571
v 2.778672 -0.233466 -0.280837
v 2.711488 -0.183248 0.002746
v 2.710444 -0.202152 -0.282662
v 2.641899 -0.158852 0.001385
v 2.640856 -0.177757 -0.284023
v 2.570949 -0.141376 0.000487
v 2.569905 -0.160280 -0.284921
v 2.498635 -0.130818 0.000052
v 2.497592 -0.149722 -0.285356
v 2.424959 -0.127179 0.000080
v 2.423916 -0.146083 -0.285328
v 2.365013 -0.128293 0.000373
v 2.363970 -0.147197 -0.285035
v 2.308024 -0.131931 0.000822
v 2.306981 -0.150835 -0.284586
v 2.253995 -0.138093 0.001428
v 2.252952 -0.156997 -0.283980
v 2.202923 -0.146780 0.002190
v 2.201880 -0.165684 -0.283218
v 2.154809 -0.157991 0.003109
v 2.153766 -0.176896 -0.282299
v 2.109653 -0.171727 0.004184
v 2.108609 -0.190631 -0.281224
v 2.067455 -0.187986 0.005415
v 2.066412 -0.206891 -0.279993
v 2.028214 -0.206770 0.006802
v 2.027171 -0.225674 -0.278606
v 1.991933 -0.228078 0.008346
v 1.990890 -0.246983 -0.277062
v 1.958610 -0.251911 0.010047
v 1.957566 -0.270815 -0.275361
v 1.928244 -0.278268 0.011904
v 1.927200 -0.297172 -0.273504
v 1.900835 -0.307149 0.013917
v 1.899792 -0.326053 -0.271491
v 1.872872 -0.343266 0.016411
v 1.871829 -0.362170 -0.268997
v 1.847324 -0.383793 0.019189
v 1.846281 -0.402697 -0.266219
v 1.824192 -0.428731 0.022250
v 1.823149 -0.447635 -0.263158
v 1.803473 -0.478080 0.025594
v 1.802430 -0.496984 -0.259813
v 1.785172 -0.531840 0.029222
v 1.784128 -0.550745 -0.256186
v 1.769284 -0.590011 0.033133
v 1.768241 -0.608915 -0.252275
v 1.755812 -0.652593 0.037328
v 1.754768 -0.671497 -0.248080
v 1.744754 -0.719585 0.041805
v 1.743711 -0.738489 -0.243603
v 1.736112 -0.790989 0.046566
v 1.735068 -0.809893 -0.238842
v 1.729884 -0.866803 0.051611
v 1.728841 -0.885707 -0.233797
v 1.726072 -0.947028 0.056939
v 1.725029 -0.965932 -0.228469
v 1.724675 -1.031664 0.062550
v 1.723632 -1.050568 -0.222858
v 1.722105 -2.209686 0.140586
v 1.721062 -2.228590 -0.144822
v 1.721494 -2.242879 0.142787
v 1.720450 -2.261783 -0.142621
v 1.719809 -2.274497 0.144887
v 1.718765 -2.293401 -0.140521
v 1.717050 -2.304539 0.146887
v 1.716006 -2.323443 -0.138521
v 1.713216 -2.333005 0.148787
v 1.712173 -2.351909 -0.136621
v 1.708307 -2.359895 0.150586
v 1.707264 -2.378799 -0.134822
v 1.702325 -2.385210 0.152284
v 1.701282 -2.404114 -0.133124
v 1.695270 -2.408948 0.153882
v 1.694226 -2.427852 -0.131526
v 1.687139 -2.431111 0.155380
v 1.686095 -2.450015 -0.130028
v 1.677935 -2.451698 0.156777
v 1.676891 -2.470602 -0.128631
v 1.667654 -2.470709 0.158074
v 1.666611 -2.489613 -0.127334
v 1.656301 -2.488144 0.159270
v 1.655258 -2.507049 -0.126138
v 1.643873 -2.504004 0.160366
v 1.642830 -2.522908 -0.125042
v 1.630237 -2.518445 0.161373
v 1.629193 -2.537349 -0.124035
v 1.615256 -2.531623 0.162300
v 1.614213 -2.550528 -0.123108
v 1.598930 -2.543540 0.163149
v 1.597887 -2.562445 -0.122259
v 1.581262 -2.554196 0.163920
v 1.580218 -2.573100 -0.121488
v 1.562247 -2.563589 0.164611
v 1.561204 -2.582494 -0.120797
v 1.541889 -2.571721 0.165224
v 1.540846 -2.590625 -0.120184
v 1.520186 -2.578591 0.165759
v 1.519143 -2.597495 -0.119649
v 1.497140 -2.584199 0.166215
v 1.496097 -2.603103 -0.119193
v 1.472749 -2.588545 0.166592
v 1.471705 -2.607449 -0.118816
v 1.447013 -2.591629 0.166890
v 1.445970 -2.610533 -0.118518
v 1.419933 -2.593451 0.167110
v 1.418890 -2.612356 -0.118298
v 1.391510 -2.594012 0.167251
v 1.390467 -2.612916 -0.118157
v 1.294523 -2.593778 0.167590
v 1.293480 -2.612682 -0.117818
v 1.294227 -2.729704 0.176594
v 1.293183 -2.748608 -0.108814
v 2.458069 -2.732513 0.172525
v 2.457026 -2.751417 -0.112883
v 2.458365 -2.596587 0.163521
v 2.457322 -2.615492 -0.121887
v 2.361380 -2.596353 0.163860
v 2.360336 -2.615258 -0.121548
v 2.332957 -2.595655 0.163918
v 2.331914 -2.614560 -0.121490
v 2.305886 -2.593702 0.163887
v 2.304843 -2.612606 -0.121521
v 2.280165 -2.590494 0.163769
v 2.279121 -2.609398 -0.121639
v 2.255793 -2.586030 0.163562
v 2.254749 -2.604934 -0.121846
v 2.232771 -2.580311 0.163268
v 2.231728 -2.599215 -0.122140
v 2.211099 -2.573336 0.162885
v 2.210055 -2.592240 -0.122523
v 2.190775 -2.565106 0.162414
v 2.189732 -2.584011 -0.122994
v 2.171803 -2.555621 0.161855
v 2.170759 -2.574525 -0.123553
v 2.154180 -2.544881 0.161208
v 2.153136 -2.563785 -0.124200
v 2.137907 -2.532885 0.160473
v 2.136864 -2.551789 -0.124935
v 2.122983 -2.519634 0.159650
v 2.121940 -2.538538 -0.125758
v 2.109411 -2.505127 0.158739
v 2.108368 -2.524032 -0.126669
v 2.097052 -2.489208 0.157730
v 2.096008 -2.508112 -0.127678
v 2.085775 -2.471718 0.156612
v 2.084732 -2.490623 -0.128796
v 2.075580 -2.452658 0.155387
v 2.074536 -2.471562 -0.130021
v 2.066464 -2.432026 0.154054
v 2.065421 -2.450931 -0.131354
v 2.058431 -2.409825 0.152613
v 2.057387 -2.428729 -0.132795
v 2.051478 -2.386052 0.151064
v 2.050435 -2.404956 -0.134344
v 2.045607 -2.360709 0.149406
v 2.044563 -2.379613 -0.136002
v 2.040817 -2.333796 0.147641
v 2.039774 -2.352700 -0.137767
v 2.037107 -2.305311 0.145768
v 2.036064 -2.324215 -0.139640
v 2.034478 -2.275256 0.143787
v 2.033435 -2.294161 -0.141621
v 2.032931 -2.243631 0.141698
v 2.031888 -2.262535 -0.143710
v 2.032464 -2.210435 0.139501
v 2.031421 -2.229339 -0.145907
v 2.035034 -1.032413 0.061465
v 2.033991 -1.051317 -0.223943
v 2.035987 -0.966340 0.057085
v 2.034944 -0.985244 -0.228323
v 2.038548 -0.904047 0.052949
v 2.037505 -0.922951 -0.232459
v 2.042718 -0.845533 0.049058
v 2.041675 -0.864437 -0.236350
v 2.048494 -0.790799 0.045412
v 2.047451 -0.809703 -0.239996
v 2.055880 -0.739844 0.042010
v 2.054836 -0.758748 -0.243398
v 2.064873 -0.692669 0.038852
v 2.063829 -0.711573 -0.246556
v 2.075474 -0.649274 0.035939
v 2.074430 -0.668178 -0.249469
v 2.087685 -0.609658 0.033271
v 2.086641 -0.628562 -0.252137
v 2.101502 -0.573822 0.030846
v 2.100459 -0.592726 -0.254562
v 2.116928 -0.541766 0.028667
v 2.115885 -0.560670 -0.256741
v 2.133963 -0.513489 0.026732
v 2.132919 -0.532393 -0.258676
v 2.152605 -0.488991 0.025041
v 2.151562 -0.507896 -0.260367
v 2.172454 -0.467329 0.023533
v 2.171411 -0.486233 -0.261875
v 2.193107 -0.447556 0.022148
v 2.192063 -0.466460 -0.263260
v 2.214563 -0.429673 0.020885
v 2.213520 -0.448578 -0.264523
v 2.236825 -0.413680 0.019745
v 2.235782 -0.432584 -0.265663
v 2.259890 -0.399577 0.018726
v 2.258846 -0.418481 -0.266682
v 2.283760 -0.387363 0.017830
v 2.282717 -0.406267 -0.267578
v 2.308433 -0.377040 0.017056
v 2.307389 -0.395944 -0.268352
v 2.333911 -0.368606 0.016404
v 2.332868 -0.387510 -0.269004
v 2.360193 -0.362062 0.015875
v 2.359150 -0.380966 -0.269533
v 2.387280 -0.357408 0.015467
v 2.386236 -0.376312 -0.269941
v 2.415169 -0.354643 0.015182
v 2.414125 -0.373547 -0.270226
v 2.443862 -0.353768 0.015019
v 2.442819 -0.372672 -0.270389
v 2.505415 -0.357221 0.015023
v 2.504372 -0.376125 -0.270385
v 2.567222 -0.367281 0.015463
v 2.566178 -0.386185 -0.269945
v 2.629284 -0.383950 0.016341
v 2.628241 -0.402854 -0.269067
v 2.691602 -0.407227 0.017654
v 2.690558 -0.426131 -0.267754
v 2.754174 -0.437111 0.019405
v 2.753131 -0.456016 -0.266003
v 2.817002 -0.473604 0.021593
v 2.815959 -0.492508 -0.263815
v 2.880085 -0.516706 0.024217
v 2.879042 -0.535610 -0.261191
v 2.943422 -0.566415 0.027278
v 2.942379 -0.585319 -0.258130
v 3.007014 -0.622732 0.030776
v 3.005971 -0.641636 -0.254632
v 3.070861 -0.685658 0.034710
v 3.069818 -0.704562 -0.250698
v 3.134964 -0.755192 0.039081
v 3.133921 -0.774096 -0.246327
v 3.199322 -0.831334 0.043889
v 3.198278 -0.850238 -0.241519
v 3.196306 -2.213244 0.135432
v 3.195263 -2.232148 -0.149976
v 3.195695 -2.246438 0.137633
v 3.194652 -2.265342 -0.147775
v 3.194010 -2.278055 0.139733
v 3.192966 -2.296959 -0.145675
v 3.191251 -2.308097 0.141733
v 3.190207 -2.327001 -0.143675
v 3.187417 -2.336563 0.143633
v 3.186374 -2.355467 -0.141775
v 3.182508 -2.363453 0.145432
v 3.181465 -2.382357 -0.139976
v 3.176526 -2.388768 0.147130
v 3.175483 -2.407672 -0.138278
v 3.169470 -2.412506 0.148728
v 3.168427 -2.431411 -0.136680
v 3.161339 -2.434669 0.150226
v 3.160295 -2.453573 -0.135182
v 3.152134 -2.455256 0.151623
v 3.151091 -2.474160 -0.133785
v 3.141854 -2.474267 0.152920
v 3.140811 -2.493171 -0.132488
v 3.130502 -2.491703 0.154116
v 3.129458 -2.510607 -0.131292
v 3.118074 -2.507562 0.155212
v 3.117031 -2.526466 -0.130196
v 3.104438 -2.522003 0.156219
v 3.103395 -2.540907 -0.129189
v 3.089457 -2.535182 0.157146
v 3.088413 -2.554086 -0.128262
v 3.073131 -2.547099 0.157995
v 3.072087 -2.566003 -0.127413
v 3.055462 -2.557754 0.158766
v 3.054419 -2.576658 -0.126642
v 3.036448 -2.567147 0.159457
v 3.035404 -2.586052 -0.125951
v 3.016090 -2.575279 0.160071
v 3.015047 -2.594183 -0.125337
v 2.994389 -2.582149 0.160605
v 2.993345 -2.601053 -0.124803
v 2.971341 -2.587757 0.161061
v 2.970298 -2.606661 -0.124347
v 2.946950 -2.592103 0.161438
v 2.945907 -2.611007 -0.123970
v 2.921214 -2.595187 0.161736
v 2.920171 -2.614092 -0.123672
v 2.894135 -2.597010 0.161956
v 2.893091 -2.615914 -0.123452
v 2.865710 -2.597571 0.162097
v 2.864667 -2.616475 -0.123311
v 2.768723 -2.597337 0.162436
v 2.767680 -2.616241 -0.122972
v 2.768427 -2.733262 0.171440
v 2.767384 -2.752166 -0.113968
v 3.932269 -2.736071 0.167371
v 3.931226 -2.754975 -0.118037
v 3.932566 -2.600146 0.158367
v 3.931522 -2.619050 -0.127041
v 3.835580 -2.599911 0.158706
v 3.834537 -2.618816 -0.126702
v 3.807158 -2.599214 0.158764
v 3.806114 -2.618118 -0.126644
v 3.780087 -2.597260 0.158733
v 3.779043 -2.616165 -0.126675
v 3.754365 -2.594052 0.158615
v 3.753322 -2.612956 -0.126793
v 3.729993 -2.589588 0.158408
v 3.728950 -2.608492 -0.127000
v 3.706971 -2.583869 0.158114
v 3.705928 -2.602773 -0.127294
v 3.685299 -2.576894 0.157731
v 3.684256 -2.595798 -0.127677
v 3.664976 -2.568665 0.157260
v 3.663933 -2.587569 -0.128148
v 3.646004 -2.559180 0.156701
v 3.644960 -2.578084 -0.128707
v 3.628380 -2.548439 0.156054
v 3.627337 -2.567343 -0.129354
v 3.612108 -2.536443 0.155319
v 3.611065 -2.555347 -0.130089
v 3.597184 -2.523192 0.154496
v 3.596141 -2.542096 -0.130912
v 3.583611 -2.508686 0.153585
v 3.582568 -2.527590 -0.131823
v 3.571253 -2.492766 0.152576
v 3.570210 -2.511671 -0.132832
v 3.559976 -2.475276 0.151458
v 3.558932 -2.494181 -0.133950
v 3.549780 -2.456216 0.150233
v 3.548737 -2.475120 -0.135175
v 3.540665 -2.435585 0.148900
v 3.539621 -2.454489 -0.136508
v 3.532631 -2.413383 0.147459
v 3.531588 -2.432287 -0.137949
v 3.525678 -2.389611 0.145910
v 3.524634 -2.408515 -0.139498
v 3.519806 -2.364267 0.144252
v 3.518763 -2.383172 -0.141156
v 3.515016 -2.337354 0.142487
v 3.513972 -2.356258 -0.142921
v 3.511307 -2.308870 0.140614
v 3.510263 -2.327774 -0.144794
v 3.508678 -2.278815 0.138633
v 3.507635 -2.297719 -0.146775
v 3.507131 -2.247189 0.136544
v 3.506087 -2.266093 -0.148864
v 3.506664 -2.213993 0.134347
v 3.505621 -2.232897 -0.151061
v 3.509234 -1.035971 0.056311
v 3.508191 -1.054876 -0.229097
v 3.510186 -0.969898 0.051931
v 3.509143 -0.988802 -0.233477
v 3.512748 -0.907605 0.047795
v 3.511704 -0.926509 -0.237613
v 3.516916 -0.849091 0.043904
v 3.515873 -0.867995 -0.241504
v 3.522694 -0.794357 0.040258
v 3.521650 -0.813261 -0.245150
v 3.530079 -0.743402 0.036856
v 3.529036 -0.762306 -0.248552
v 3.539073 -0.696227 0.033698
v 3.538030 -0.715132 -0.251710
v 3.549674 -0.652832 0.030785
v 3.548631 -0.671736 -0.254623
v 3.561884 -0.613216 0.028117
v 3.560841 -0.632120 -0.257291
v 3.575703 -0.577380 0.025692
v 3.574659 -0.596285 -0.259716
v 3.591128 -0.545324 0.023513
v 3.590085 -0.564228 -0.261895
v 3.608163 -0.517047 0.021578
v 3.607120 -0.535951 -0.263830
v 3.626805 -0.492550 0.019887
v 3.625762 -0.511454 -0.265521
v 3.646923 -0.470888 0.018379
v 3.645880 -0.489792 -0.267029
v 3.668385 -0.451117 0.016990
v 3.667341 -0.470021 -0.268417
v 3.691189 -0.433238 0.015723
v 3.690145 -0.452142 -0.269685
v 3.715336 -0.417249 0.014576
v 3.714293 -0.436153 -0.270832
v 3.740826 -0.403151 0.013549
v 3.739782 -0.422055 -0.271859
v 3.767659 -0.390945 0.012642
v 3.766616 -0.409849 -0.272766
v 3.795835 -0.380630 0.011856
v 3.794791 -0.399534 -0.273552
v 3.825354 -0.372205 0.011190
v 3.824310 -0.391110 -0.274218
v 3.856215 -0.365673 0.010644
v 3.855172 -0.384577 -0.274764
v 3.888420 -0.361031 0.010219
v 3.887376 -0.379935 -0.275189
v 3.921967 -0.358280 0.009914
v 3.920924 -0.377184 -0.275494
v 3.956858 -0.357420 0.009730
v 3.955814 -0.376324 -0.275678
v 4.012213 -0.360857 0.009755
v 4.011170 -0.379762 -0.275653
v 4.068363 -0.370904 0.010215
v 4.067320 -0.389808 -0.275193
v 4.125307 -0.387560 0.011110
v 4.124264 -0.406465 -0.274298
v 4.183045 -0.410826 0.012440
v 4.182002 -0.429730 -0.272968
v 4.241576 -0.440701 0.014205
v 4.240533 -0.459606 -0.271203
v 4.300901 -0.477186 0.016405
v 4.299858 -0.496090 -0.269003
v 4.361020 -0.520280 0.019039
v 4.359977 -0.539184 -0.266369
v 4.421933 -0.569983 0.022109
v 4.420889 -0.588888 -0.263299
v 4.483639 -0.626296 0.025613
v 4.482595 -0.645200 -0.259795
v 4.546140 -0.689219 0.029552
v 4.545096 -0.708123 -0.255856
v 4.609434 -0.758751 0.033926
v 4.608390 -0.777655 -0.251482
v 4.673522 -0.834892 0.038735
v 4.672479 -0.853796 -0.246673
v 4.670506 -2.216802 0.130278
v 4.669463 -2.235706 -0.155130
v 4.669895 -2.249996 0.132479
v 4.668852 -2.268900 -0.152929
v 4.668210 -2.281613 0.134579
v 4.667167 -2.300518 -0.150829
v 4.665451 -2.311655 0.136579
v 4.664407 -2.330559 -0.148829
v 4.661616 -2.340121 0.138479
v 4.660573 -2.359025 -0.146929
v 4.656709 -2.367012 0.140278
v 4.655665 -2.385916 -0.145130
v 4.650726 -2.392326 0.141976
v 4.649683 -2.411230 -0.143432
v 4.643670 -2.416065 0.143574
v 4.642627 -2.434969 -0.141834
v 4.635539 -2.438227 0.145072
v 4.634496 -2.457131 -0.140336
v 4.626334 -2.458814 0.146469
v 4.625291 -2.477718 -0.138939
v 4.616055 -2.477825 0.147766
v 4.615012 -2.496730 -0.137642
v 4.604702 -2.495261 0.148963
v 4.603659 -2.514165 -0.136445
v 4.592274 -2.511120 0.150058
v 4.591231 -2.530025 -0.135350
v 4.578638 -2.525561 0.151065
v 4.577594 -2.544465 -0.134343
v 4.563656 -2.538740 0.151992
v 4.562613 -2.557644 -0.133416
v 4.547331 -2.550657 0.152841
v 4.546288 -2.569561 -0.132567
v 4.529662 -2.561312 0.153612
v 4.528619 -2.580216 -0.131796
v 4.510648 -2.570706 0.154304
v 4.509604 -2.589610 -0.131104
v 4.490290 -2.578837 0.154917
v 4.489247 -2.597742 -0.130491
v 4.468587 -2.585707 0.155451
v 4.467544 -2.604611 -0.129957
v 4.445541 -2.591315 0.155907
v 4.444498 -2.610219 -0.129501
v 4.421150 -2.595661 0.156284
v 4.420106 -2.614565 -0.129124
v 4.395414 -2.598746 0.156582
v 4.394371 -2.617650 -0.128826
v 4.368335 -2.600568 0.156802
v 4.367291 -2.619472 -0.128606
v 4.339911 -2.601129 0.156943
v 4.338867 -2.620033 -0.128465
v 4.242923 -2.600895 0.157282
v 4.241880 -2.619799 -0.128126
v 4.242627 -2.736820 0.166286
v 4.241583 -2.755724 -0.119122
v 5.406469 -2.739630 0.162217
v 5.405426 -2.758534 -0.123191
v 5.406766 -2.603704 0.153213
v 5.405723 -2.622608 -0.132195
v 5.309779 -2.603470 0.153552
v 5.308736 -2.622374 -0.131856
v 5.281358 -2.602772 0.153610
v 5.280314 -2.621676 -0.131798
v 5.254287 -2.600819 0.153579
v 5.253243 -2.619723 -0.131829
v 5.228565 -2.597610 0.153461
v 5.227521 -2.616514 -0.131947
v 5.204193 -2.593146 0.153254
v 5.203150 -2.612051 -0.132154
v 5.181171 -2.587427 0.152960
v 5.180128 -2.606331 -0.132448
v 5.159499 -2.580453 0.152577
v 5.158456 -2.599357 -0.132831
v 5.139176 -2.572223 0.152106
v 5.138133 -2.591127 -0.133302
v 5.120204 -2.562738 0.151547
v 5.119161 -2.581642 -0.133861
v 5.102581 -2.551997 0.150900
v 5.101538 -2.570901 -0.134508
v 5.086308 -2.540001 0.150165
v 5.085264 -2.558906 -0.135243
v 5.071384 -2.526751 0.149342
v 5.070341 -2.545655 -0.136066
v 5.057811 -2.512244 0.148431
v 5.056768 -2.531148 -0.136977
v 5.045454 -2.496325 0.147422
v 5.044410 -2.515229 -0.137986
v 5.034177 -2.478835 0.146304
v 5.033134 -2.497739 -0.139104
v 5.023981 -2.459774 0.145079
v 5.022937 -2.478678 -0.140329
v 5.014865 -2.439143 0.143746
v 5.013822 -2.458047 -0.141662
v 5.006831 -2.416941 0.142305
v 5.005788 -2.435845 -0.143103
v 4.999878 -2.393169 0.140756
v 4.998835 -2.412073 -0.144652
v 4.994007 -2.367826 0.139098
v 4.992963 -2.386730 -0.146309
v 4.989216 -2.340912 0.137333
v 4.988173 -2.359816 -0.148075
v 4.985507 -2.312428 0.135460
v 4.984463 -2.331332 -0.149948
v 4.982878 -2.282373 0.133479
v 4.981834 -2.301277 -0.151929
v 4.981331 -2.250747 0.131390
v 4.980288 -2.269652 -0.154018
v 4.980864 -2.217551 0.129193
v 4.979821 -2.236455 -0.156215
v 4.984275 -0.654407 0.025645
v 4.983232 -0.673311 -0.259763
v 4.984886 -0.621214 0.023444
v 4.983843 -0.640118 -0.261964
v 4.986571 -0.589596 0.021344
v 4.985528 -0.608500 -0.264064
v 4.989331 -0.559554 0.019344
v 4.988287 -0.578458 -0.266064
v 4.993165 -0.531088 0.017444
v 4.992121 -0.549992 -0.267964
v 4.998073 -0.504198 0.015645
v 4.997029 -0.523102 -0.269763
v 5.004055 -0.478883 0.013946
v 5.003011 -0.497787 -0.271462
v 5.011111 -0.455145 0.012348
v 5.010068 -0.474049 -0.273060
v 5.019242 -0.432982 0.010851
v 5.018199 -0.451886 -0.274557
v 5.028447 -0.412395 0.009453
v 5.027404 -0.431299 -0.275955
v 5.038727 -0.393384 0.008157
v 5.037683 -0.412288 -0.277251
v 5.050080 -0.375948 0.006960
v 5.049037 -0.394852 -0.278448
v 5.062508 -0.360089 0.005864
v 5.061464 -0.378993 -0.279544
v 5.076144 -0.345648 0.004858
v 5.075101 -0.364552 -0.280550
v 5.091125 -0.332469 0.003930
v 5.090082 -0.351373 -0.281478
v 5.107450 -0.320552 0.003081
v 5.106407 -0.339456 -0.282327
v 5.125120 -0.309897 0.002311
v 5.124077 -0.328801 -0.283097
v 5.144134 -0.300503 0.001619
v 5.143091 -0.319408 -0.283789
v 5.164493 -0.292372 0.001006
v 5.163449 -0.311276 -0.284402
v 5.186195 -0.285502 0.000472
v 5.185152 -0.304406 -0.284936
v 5.209241 -0.279894 0.000016
v 5.208198 -0.298798 -0.285392
v 5.233632 -0.275548 -0.000361
v 5.232589 -0.294452 -0.285769
v 5.259368 -0.272464 -0.000659
v 5.258325 -0.291368 -0.286067
v 5.286448 -0.270641 -0.000879
v 5.285404 -0.289545 -0.286287
v 5.314871 -0.270080 -0.001020
v 5.313828 -0.288985 -0.286428
v 5.411858 -0.270314 -0.001359
v 5.410814 -0.289219 -0.286767
v 5.412154 -0.134389 -0.010363
v 5.411111 -0.153293 -0.295771
v 5.198783 -0.133874 -0.009617
v 5.197740 -0.152778 -0.295025
v 5.150697 -0.132499 -0.009533
v 5.149653 -0.151403 -0.294941
v 5.103424 -0.128609 -0.009617
v 5.102380 -0.147514 -0.295025
v 5.056965 -0.122204 -0.009872
v 5.055922 -0.141109 -0.295280
v 5.011319 -0.113284 -0.010296
v 5.010276 -0.132188 -0.295704
v 4.966487 -0.101849 -0.010889
v 4.965444 -0.120753 -0.296297
v 4.922470 -0.087898 -0.011652
v 4.921426 -0.106802 -0.297060
v 4.879265 -0.071432 -0.012585
v 4.878222 -0.090336 -0.297993
v 4.836874 -0.052451 -0.013687
v 4.835831 -0.071356 -0.299095
v 4.795298 -0.030955 -0.014959
v 4.794254 -0.049859 -0.300367
v 4.754534 -0.006944 -0.016401
v 4.753491 -0.025848 -0.301809
v 4.714585 0.019583 -0.018011
v 4.713542 0.000678 -0.303419
v 4.675450 0.048624 -0.019792
v 4.674407 0.029720 -0.305200
v 4.673967 -0.631004 0.025229
v 4.672924 -0.649908 -0.260179
v 4.609348 -0.551243 0.020182
v 4.608305 -0.570147 -0.265226
v 4.544445 -0.478403 0.015595
v 4.543401 -0.497308 -0.269813
v 4.479257 -0.412485 0.011467
v 4.478213 -0.431390 -0.273941
v 4.413784 -0.353489 0.007799
v 4.412741 -0.372393 -0.277609
v 4.348027 -0.301414 0.004590
v 4.346984 -0.320318 -0.280818
v 4.281986 -0.256260 0.001841
v 4.280942 -0.275164 -0.283567
v 4.215660 -0.218028 -0.000449
v 4.214616 -0.236932 -0.285857
v 4.149049 -0.186718 -0.002279
v 4.148005 -0.205622 -0.287687
v 4.082154 -0.162329 -0.003650
v 4.081111 -0.181233 -0.289058
v 4.014975 -0.144861 -0.004562
v 4.013931 -0.163765 -0.289970
v 3.947510 -0.134315 -0.005014
v 3.946467 -0.153219 -0.290422
v 3.879762 -0.130690 -0.005006
v 3.878718 -0.149595 -0.290414
v 3.809978 -0.133983 -0.004533
v 3.808935 -0.152887 -0.289941
v 3.742873 -0.144204 -0.003610
v 3.741830 -0.163108 -0.289018
v 3.678446 -0.161354 -0.002239
v 3.677402 -0.180259 -0.287647
v 3.616699 -0.185433 -0.000418
v 3.615656 -0.204337 -0.285826
v 3.557631 -0.216440 0.001851
v 3.556588 -0.235344 -0.283557
v 3.501242 -0.254376 0.004570
v 3.500198 -0.273280 -0.280838
v 3.447532 -0.299240 0.007738
v 3.446488 -0.318145 -0.277670
v 3.396500 -0.351033 0.011355
v 3.395456 -0.369938 -0.274053
v 3.348147 -0.409755 0.015422
v 3.347104 -0.428659 -0.269986
v 3.302475 -0.475405 0.019937
v 3.301432 -0.494310 -0.265471
v 3.259480 -0.547985 0.024902
v 3.258436 -0.566889 -0.260506
v -0.954041 -1.886065 0.128935
v -0.955084 -1.904969 -0.156473
v -1.051226 -1.976448 0.135277
v -1.052269 -1.995352 -0.150131
v -1.030744 -2.035808 0.139133
v -1.031787 -2.054712 -0.146275
v -1.007834 -2.092971 0.142836
v -1.008878 -2.111875 -0.142572
v -0.982495 -2.147938 0.146384
v -0.983539 -2.166842 -0.139024
v -0.954726 -2.200707 0.149778
v -0.955770 -2.219612 -0.135630
v -0.924529 -2.251281 0.153017
v -0.925572 -2.270185 -0.132391
v -0.891901 -2.299658 0.156102
v -0.892944 -2.318562 -0.129306
v -0.856844 -2.345838 0.159033
v -0.857887 -2.364742 -0.126375
v -0.819357 -2.389821 0.161809
v -0.820400 -2.408725 -0.123599
v -0.779442 -2.431608 0.164431
v -0.780485 -2.450512 -0.120977
v -0.737096 -2.471198 0.166898
v -0.738139 -2.490102 -0.118510
v -0.692321 -2.508591 0.169211
v -0.693364 -2.527495 -0.116197
v -0.645117 -2.543788 0.171370
v -0.646160 -2.562692 -0.114038
v -0.602882 -2.572837 0.173140
v -0.603926 -2.591741 -0.112268
v -0.560104 -2.599370 0.174741
v -0.561148 -2.618275 -0.110667
v -0.516782 -2.623388 0.176173
v -0.517825 -2.642292 -0.109235
v -0.472916 -2.644890 0.177437
v -0.473959 -2.663794 -0.107971
v -0.428504 -2.663876 0.178532
v -0.429547 -2.682780 -0.106876
v -0.383549 -2.680346 0.179459
v -0.384592 -2.699250 -0.105949
v -0.338048 -2.694300 0.180217
v -0.339091 -2.713204 -0.105191
v -0.292005 -2.705738 0.180806
v -0.293048 -2.724642 -0.104602
v -0.245417 -2.714660 0.181226
v -0.246460 -2.733565 -0.104182
v -0.198284 -2.721067 0.181479
v -0.199327 -2.739971 -0.103929
v -0.150607 -2.724958 0.181562
v -0.151650 -2.743862 -0.103846
v -0.102385 -2.726333 0.181477
v -0.103428 -2.745237 -0.103931
v -0.010377 -2.724038 0.180988
v -0.011420 -2.742942 -0.104420
v 0.078141 -2.716700 0.180179
v 0.077098 -2.735604 -0.105229
v 0.163166 -2.704319 0.179048
v 0.162123 -2.723224 -0.106360
v 0.244700 -2.686896 0.177596
v 0.243657 -2.705800 -0.107812
v 0.322743 -2.664430 0.175822
v 0.321700 -2.683334 -0.109586
v 0.397295 -2.636921 0.173728
v 0.396252 -2.655826 -0.111680
v 0.468356 -2.604370 0.171312
v 0.467313 -2.623274 -0.114096
v 0.535925 -2.566776 0.168575
v 0.534882 -2.585680 -0.116833
v 0.600002 -2.524139 0.165516
v 0.598959 -2.543043 -0.119892
v 0.660589 -2.476459 0.162137
v 0.659546 -2.495363 -0.123271
v 0.717685 -2.423737 0.158436
v 0.716641 -2.442641 -0.126972
v 0.771289 -2.365972 0.154414
v 0.770246 -2.384876 -0.130994
v 0.820993 -2.304264 0.150145
v 0.819950 -2.323168 -0.135263
v 0.866396 -2.239714 0.145703
v 0.865353 -2.258618 -0.139705
v 0.907494 -2.172322 0.141089
v 0.906450 -2.191226 -0.144319
v 0.944286 -2.102088 0.136303
v 0.943243 -2.120992 -0.149105
v 0.976774 -2.029011 0.131344
v 0.975731 -2.047916 -0.154064
v 1.004959 -1.953093 0.126212
v 1.003916 -1.971997 -0.159196
v 1.028838 -1.874332 0.120908
v 1.027795 -1.893236 -0.164500
v 1.048414 -1.792729 0.115432
v 1.047371 -1.811633 -0.169976
v 1.063684 -1.708284 0.109782
v 1.062641 -1.727188 -0.175626
v 1.074652 -1.620997 0.103961
v 1.073608 -1.639901 -0.181447
v 1.081315 -1.530867 0.097967
v 1.080272 -1.549772 -0.187441
v 1.083673 -1.437896 0.091800
v 1.082629 -1.456800 -0.193608
v 1.081720 -1.344756 0.085638
v 1.080677 -1.363661 -0.199770
v 1.075453 -1.254124 0.079658
v 1.074409 -1.273028 -0.205750
v 1.064868 -1.165998 0.073859
v 1.063825 -1.184902 -0.211549
v 1.049969 -1.080379 0.068243
v 1.048925 -1.099283 -0.217165
v 1.030752 -0.997266 0.062808
v 1.029709 -1.016171 -0.222600
v 1.007220 -0.916660 0.057555
v 1.006177 -0.935565 -0.227853
v 0.979372 -0.838561 0.052484
v 0.978329 -0.857466 -0.232924
v 0.947208 -0.762969 0.047595
v 0.946165 -0.781873 -0.237813
v 0.910728 -0.689884 0.042887
v 0.909685 -0.708788 -0.242521
v 0.869932 -0.619305 0.038362
v 0.868889 -0.638209 -0.247046
v 0.824820 -0.551233 0.034018
v 0.823776 -0.570137 -0.251390
v 0.775392 -0.485667 0.029856
v 0.774348 -0.504571 -0.255552
v 0.725677 -0.427653 0.026195
v 0.724634 -0.446557 -0.259213
v 0.673258 -0.374666 0.022877
v 0.672215 -0.393570 -0.262531
v 0.618133 -0.326707 0.019902
v 0.617089 -0.345611 -0.265506
v 0.560304 -0.283776 0.017270
v 0.559260 -0.302680 -0.268138
v 0.499769 -0.245873 0.014980
v 0.498726 -0.264777 -0.270428
v 0.436529 -0.212997 0.013034
v 0.435486 -0.231901 -0.272374
v 0.370585 -0.185149 0.011431
v 0.369542 -0.204054 -0.273977
v 0.301934 -0.162329 0.010170
v 0.300891 -0.181233 -0.275238
v 0.230581 -0.144537 0.009252
v 0.229538 -0.163441 -0.276156
v 0.156522 -0.131772 0.008678
v 0.155478 -0.150676 -0.276730
v 0.079756 -0.124036 0.008446
v 0.078712 -0.142940 -0.276962
v 0.000288 -0.121326 0.008557
v -0.000755 -0.140231 -0.276851
v -0.072862 -0.123352 0.008959
v -0.073905 -0.142256 -0.276449
v -0.143598 -0.129789 0.009644
v -0.144641 -0.148693 -0.275764
v -0.211916 -0.140637 0.010612
v -0.212959 -0.159541 -0.274796
v -0.277820 -0.155895 0.011863
v -0.278863 -0.174800 -0.273544
v -0.341308 -0.175565 0.013398
v -0.342351 -0.194469 -0.272010
v -0.402382 -0.199645 0.015217
v -0.403425 -0.218549 -0.270191
v -0.461040 -0.228136 0.017318
v -0.462084 -0.247040 -0.268090
v -0.517284 -0.261038 0.019703
v -0.518328 -0.279942 -0.265705
v -0.571113 -0.298351 0.022371
v -0.572156 -0.317255 -0.263037
v -0.622526 -0.340074 0.025323
v -0.623569 -0.358978 -0.260085
v -0.671525 -0.386208 0.028558
v -0.672568 -0.405113 -0.256850
v -0.718108 -0.436754 0.032076
v -0.719151 -0.455658 -0.253332
v -0.767926 -0.487921 0.035647
v -0.768970 -0.506825 -0.249761
v -0.813713 -0.543502 0.039496
v -0.814756 -0.562406 -0.245912
v -0.855468 -0.603498 0.043623
v -0.856511 -0.622403 -0.241785
v -0.893191 -0.667909 0.048027
v -0.894235 -0.686814 -0.237381
v -0.926884 -0.736735 0.052709
v -0.927927 -0.755640 -0.232699
v -0.956543 -0.809976 0.057668
v -0.957586 -0.828880 -0.227740
v -0.982172 -0.887631 0.062906
v -0.983215 -0.906535 -0.222502
v -1.003770 -0.969701 0.068420
v -1.004813 -0.988605 -0.216987
v -1.021335 -1.056186 0.074213
v -1.022378 -1.075090 -0.211195
v -1.034869 -1.147085 0.080283
v -1.035913 -1.165990 -0.205125
v -1.044372 -1.242400 0.086631
v -1.045415 -1.261304 -0.198777
v -1.049841 -1.342129 0.093257
v -1.050884 -1.361033 -0.192151
v 0.715321 -1.346389 0.087086
v 0.714277 -1.365293 -0.198322
v 0.716300 -1.452899 0.094137
v 0.715257 -1.471803 -0.191271
v 0.713251 -1.553420 0.100806
v 0.712208 -1.572324 -0.184602
v 0.706176 -1.647953 0.107093
v 0.705132 -1.666858 -0.178315
v 0.695071 -1.736499 0.112999
v 0.694028 -1.755403 -0.172409
v 0.679939 -1.819057 0.118523
v 0.678896 -1.837961 -0.166885
v 0.660780 -1.895626 0.123664
v 0.659737 -1.914530 -0.161744
v 0.637590 -1.966208 0.128424
v 0.636547 -1.985112 -0.156984
v 0.610374 -2.030802 0.132802
v 0.609331 -2.049706 -0.152606
v 0.579130 -2.089407 0.136798
v 0.578087 -2.108311 -0.148610
v 0.543857 -2.142025 0.140412
v 0.542813 -2.160929 -0.144996
v 0.504556 -2.188655 0.143644
v 0.503512 -2.207559 -0.141764
v 0.461226 -2.229297 0.146495
v 0.460183 -2.248201 -0.138913
v 0.421664 -2.272622 0.149509
v 0.420621 -2.291526 -0.135899
v 0.380762 -2.312169 0.152278
v 0.379719 -2.331073 -0.133130
v 0.338522 -2.347936 0.154801
v 0.337479 -2.366840 -0.130607
v 0.294941 -2.379925 0.157080
v 0.293898 -2.398829 -0.128328
v 0.250024 -2.408134 0.159112
v 0.248981 -2.427038 -0.126296
v 0.203768 -2.432565 0.160899
v 0.202724 -2.451469 -0.124508
v 0.156171 -2.453217 0.162441
v 0.155128 -2.472121 -0.122967
v 0.107236 -2.470089 0.163738
v 0.106193 -2.488993 -0.121670
v 0.056963 -2.483183 0.164789
v 0.055920 -2.502087 -0.120619
v 0.005350 -2.492498 0.165595
v 0.004307 -2.511402 -0.119813
v -0.047602 -2.498033 0.166155
v -0.048645 -2.516937 -0.119253
v -0.101891 -2.499790 0.166470
v -0.102934 -2.518694 -0.118938
v -0.143915 -2.498588 0.166544
v -0.144958 -2.517492 -0.118864
v -0.185936 -2.495182 0.166472
v -0.186979 -2.514086 -0.118936
v -0.227951 -2.489575 0.166254
v -0.228994 -2.508479 -0.119154
v -0.269961 -2.481764 0.165890
v -0.271005 -2.500669 -0.119518
v -0.311967 -2.471752 0.165381
v -0.313010 -2.490656 -0.120027
v -0.353968 -2.459537 0.164725
v -0.355011 -2.478441 -0.120683
v -0.395964 -2.445119 0.163924
v -0.397007 -2.464023 -0.121484
v -0.437955 -2.428499 0.162976
v -0.438998 -2.447403 -0.122432
v -0.479941 -2.409676 0.161883
v -0.480985 -2.428580 -0.123525
v -0.521923 -2.388651 0.160644
v -0.522966 -2.407555 -0.124764
v -0.563899 -2.365423 0.159259
v -0.564942 -2.384327 -0.126149
v -0.605875 -2.339993 0.157728
v -0.606918 -2.358897 -0.127680
v -0.640846 -2.315996 0.156266
v -0.641890 -2.334900 -0.129142
v -0.674734 -2.289484 0.154634
v -0.675777 -2.308388 -0.130774
v -0.707540 -2.260457 0.152832
v -0.708583 -2.279361 -0.132576
v -0.739261 -2.228916 0.150858
v -0.740304 -2.247821 -0.134550
v -0.769899 -2.194861 0.148715
v -0.770943 -2.213765 -0.136693
v -0.799454 -2.158291 0.146401
v -0.800497 -2.177195 -0.139007
v -0.827926 -2.119206 0.143916
v -0.828969 -2.138110 -0.141492
v -0.855315 -2.077607 0.141261
v -0.856359 -2.096511 -0.144147
v -0.881621 -2.033493 0.138435
v -0.882665 -2.052397 -0.146973
v -0.906844 -1.986865 0.135439
v -0.907887 -2.005769 -0.149969
v -0.930984 -1.937722 0.132272
v -0.932028 -1.956627 -0.153136
v 0.715617 -1.210464 0.078082
v 0.714574 -1.229368 -0.207326
v -0.661596 -1.207139 0.082896
v -0.662640 -1.226044 -0.202512
v -0.656967 -1.122826 0.077295
v -0.658010 -1.141730 -0.208113
v -0.649925 -1.043553 0.072018
v -0.650969 -1.062457 -0.213390
v -0.640469 -0.969319 0.067067
v -0.641512 -0.988224 -0.218341
v -0.628598 -0.900126 0.062441
v -0.629642 -0.919031 -0.222967
v -0.614314 -0.835973 0.058139
v -0.615357 -0.854878 -0.227269
v -0.597616 -0.776860 0.054163
v -0.598660 -0.795765 -0.231245
v -0.578505 -0.722788 0.050511
v -0.579548 -0.741692 -0.234897
v -0.556979 -0.673755 0.047185
v -0.558022 -0.692659 -0.238223
v -0.533041 -0.629763 0.044184
v -0.534084 -0.648667 -0.241224
v -0.506687 -0.590811 0.041507
v -0.507730 -0.609715 -0.243901
v -0.477922 -0.556898 0.039156
v -0.478966 -0.575803 -0.246252
v -0.446742 -0.528026 0.037129
v -0.447785 -0.546931 -0.248279
v -0.410959 -0.488310 0.034368
v -0.412003 -0.507214 -0.251040
v -0.374915 -0.452056 0.031835
v -0.375958 -0.470960 -0.253573
v -0.338608 -0.419263 0.029530
v -0.339651 -0.438167 -0.255878
v -0.302040 -0.389932 0.027454
v -0.303083 -0.408837 -0.257954
v -0.265208 -0.364063 0.025606
v -0.266252 -0.382967 -0.259802
v -0.228116 -0.341655 0.023986
v -0.229159 -0.360560 -0.261422
v -0.190762 -0.322710 0.022594
v -0.191805 -0.341614 -0.262814
v -0.153145 -0.307225 0.021431
v -0.154188 -0.326130 -0.263977
v -0.115266 -0.295203 0.020496
v -0.116309 -0.314107 -0.264912
v -0.077127 -0.286642 0.019790
v -0.078170 -0.305547 -0.265618
v -0.038724 -0.281543 0.019312
v -0.039767 -0.300448 -0.266096
v -0.000058 -0.279906 0.019062
v -0.001101 -0.298810 -0.266346
v 0.044794 -0.281745 0.019020
v 0.043751 -0.300649 -0.266388
v 0.088830 -0.287043 0.019210
v 0.087787 -0.305947 -0.266198
v 0.132051 -0.295800 0.019632
v 0.131008 -0.314704 -0.265776
v 0.174457 -0.308016 0.020286
v 0.173413 -0.326921 -0.265122
v 0.216047 -0.323691 0.021172
v 0.215004 -0.342596 -0.264236
v 0.256820 -0.342826 0.022290
v 0.255776 -0.361730 -0.263118
v 0.296778 -0.365419 0.023641
v 0.295734 -0.384323 -0.261767
v 0.335920 -0.391472 0.025223
v 0.334877 -0.410376 -0.260185
v 0.374247 -0.420984 0.027038
v 0.373203 -0.439888 -0.258370
v 0.411757 -0.453954 0.029085
v 0.410714 -0.472859 -0.256323
v 0.448452 -0.490385 0.031363
v 0.447409 -0.509289 -0.254045
v 0.484332 -0.530274 0.033874
v 0.483289 -0.549178 -0.251534
v 0.518475 -0.562764 0.035902
v 0.517431 -0.581669 -0.249506
v 0.549915 -0.599654 0.038230
v 0.548872 -0.618558 -0.247178
v 0.578652 -0.640941 0.040860
v 0.577609 -0.659846 -0.244548
v 0.604685 -0.686628 0.043790
v 0.603642 -0.705532 -0.241618
v 0.628015 -0.736712 0.047023
v 0.626971 -0.755617 -0.238385
v 0.648640 -0.791196 0.050556
v 0.647596 -0.810100 -0.234852
v 0.666562 -0.850078 0.054390
v 0.665519 -0.868982 -0.231018
v 0.681780 -0.913358 0.058526
v 0.680737 -0.932262 -0.226882
v 0.694295 -0.981036 0.062963
v 0.693252 -0.999941 -0.222445
v 0.704106 -1.053114 0.067701
v 0.703063 -1.072018 -0.217707
v 0.711213 -1.129590 0.072741
v 0.710170 -1.148494 -0.212667
v -4.923925 1.136550 -0.056756
v -4.924971 1.117646 -0.342164
v -4.834490 1.133188 -0.056861
v -4.835535 1.114284 -0.342269
v -4.747223 1.123538 -0.056541
v -4.748268 1.104634 -0.341949
v -4.662125 1.107600 -0.055796
v -4.663170 1.088696 -0.341204
v -4.579195 1.085375 -0.054627
v -4.580240 1.066471 -0.340035
v -4.498434 1.056863 -0.053034
v -4.499479 1.037958 -0.338442
v -4.419842 1.022062 -0.051016
v -4.420887 1.003158 -0.336424
v -4.343420 0.980974 -0.048574
v -4.344465 0.962070 -0.333982
v -4.269165 0.933598 -0.045708
v -4.270210 0.914694 -0.331116
v -4.197081 0.879934 -0.042417
v -4.198126 0.861030 -0.327825
v -4.127166 0.819983 -0.038701
v -4.128209 0.801079 -0.324109
v -4.059420 0.753744 -0.034562
v -4.060463 0.734840 -0.319970
v -3.993842 0.681217 -0.029998
v -3.994885 0.662313 -0.315406
v -3.928938 0.609165 -0.025462
v -3.929981 0.590261 -0.310870
v -3.869707 0.529259 -0.020386
v -3.870750 0.510355 -0.305794
v -3.816153 0.441501 -0.014769
v -3.817196 0.422597 -0.300177
v -3.768271 0.345891 -0.008612
v -3.769315 0.326987 -0.294020
v -3.726066 0.242429 -0.001913
v -3.727109 0.223525 -0.287321
v -3.689534 0.131114 0.005326
v -3.690578 0.112210 -0.280082
v -3.658678 0.011947 0.013107
v -3.659721 -0.006957 -0.272301
v -3.633495 -0.115073 0.021428
v -3.634539 -0.133977 -0.263980
v -3.613989 -0.249945 0.030290
v -3.615032 -0.268849 -0.255118
v -3.600155 -0.392670 0.039693
v -3.601198 -0.411574 -0.245715
v -3.591997 -0.543247 0.049636
v -3.593040 -0.562151 -0.235771
v -3.589513 -0.701676 0.060121
v -3.590556 -0.720580 -0.225287
v -3.589562 -0.724330 0.061622
v -3.590606 -0.743234 -0.223786
v -3.592736 -0.882746 0.072126
v -3.593780 -0.901650 -0.213282
v -3.601552 -1.033282 0.082129
v -3.602595 -1.052186 -0.203279
v -3.616007 -1.175938 0.091631
v -3.617050 -1.194842 -0.193777
v -3.636104 -1.310715 0.100631
v -3.637147 -1.329619 -0.184777
v -3.661839 -1.437612 0.109131
v -3.662883 -1.456516 -0.176277
v -3.693216 -1.556629 0.117129
v -3.694260 -1.575533 -0.168279
v -3.730232 -1.667766 0.124625
v -3.731276 -1.686670 -0.160783
v -3.772890 -1.771024 0.131620
v -3.773933 -1.789928 -0.153788
v -3.821187 -1.866402 0.138114
v -3.822230 -1.885306 -0.147294
v -3.875125 -1.953900 0.144107
v -3.876168 -1.972804 -0.141301
v -3.934703 -2.033518 0.149599
v -3.935746 -2.052423 -0.135809
v -3.999923 -2.105257 0.154589
v -4.000966 -2.124161 -0.130819
v -4.065815 -2.177466 0.159612
v -4.066858 -2.196371 -0.125796
v -4.133851 -2.243377 0.164227
v -4.134894 -2.262281 -0.121181
v -4.204025 -2.302990 0.168432
v -4.205070 -2.321895 -0.116976
v -4.276342 -2.356305 0.172228
v -4.277388 -2.375210 -0.113180
v -4.350803 -2.403322 0.175614
v -4.351849 -2.422226 -0.109794
v -4.427404 -2.444041 0.178591
v -4.428450 -2.462945 -0.106817
v -4.506149 -2.478462 0.181159
v -4.507195 -2.497366 -0.104249
v -4.587032 -2.506585 0.183317
v -4.588078 -2.525489 -0.102091
v -4.670057 -2.528409 0.185066
v -4.671103 -2.547314 -0.100342
v -4.755224 -2.543936 0.186406
v -4.756269 -2.562840 -0.099002
v -4.842533 -2.553165 0.187337
v -4.843578 -2.572069 -0.098071
v -4.931984 -2.556095 0.187858
v -4.933029 -2.574999 -0.097550
v -5.021420 -2.552733 0.187962
v -5.022465 -2.571637 -0.097446
v -5.108686 -2.543083 0.187642
v -5.109732 -2.561987 -0.097766
v -5.193785 -2.527145 0.186897
v -5.194830 -2.546049 -0.098511
v -5.276714 -2.504920 0.185728
v -5.277760 -2.523824 -0.099680
v -5.357475 -2.476407 0.184135
v -5.358521 -2.495311 -0.101273
v -5.436068 -2.441607 0.182117
v -5.437113 -2.460511 -0.103291
v -5.512489 -2.400518 0.179675
v -5.513535 -2.419423 -0.105733
v -5.586742 -2.353142 0.176809
v -5.587788 -2.372047 -0.108599
v -5.658829 -2.299479 0.173518
v -5.659874 -2.318383 -0.111890
v -5.728745 -2.239528 0.169803
v -5.729790 -2.258432 -0.115605
v -5.796490 -2.173289 0.165663
v -5.797535 -2.192193 -0.119745
v -5.862068 -2.100762 0.161099
v -5.863113 -2.119667 -0.124309
v -5.926971 -2.028710 0.156564
v -5.928017 -2.047614 -0.128844
v -5.986204 -1.948804 0.151488
v -5.987249 -1.967709 -0.133920
v -6.039759 -1.861047 0.145871
v -6.040804 -1.879951 -0.139537
v -6.087639 -1.765437 0.139713
v -6.088684 -1.784341 -0.145695
v -6.129847 -1.661974 0.133014
v -6.130892 -1.680878 -0.152394
v -6.166380 -1.550659 0.125775
v -6.167425 -1.569563 -0.159633
v -6.197237 -1.431492 0.117995
v -6.198282 -1.450396 -0.167413
v -6.222416 -1.304472 0.109673
v -6.223461 -1.323376 -0.175735
v -6.241924 -1.169600 0.100811
v -6.242970 -1.188504 -0.184597
v -6.255756 -1.026876 0.091409
v -6.256802 -1.045780 -0.193999
v -6.263914 -0.876299 0.081465
v -6.264959 -0.895203 -0.203943
v -6.266397 -0.717869 0.070980
v -6.267443 -0.736773 -0.214428
v -6.266350 -0.695215 0.069480
v -6.267395 -0.714119 -0.215928
v -6.263174 -0.536799 0.058975
v -6.264219 -0.555704 -0.226433
v -6.254360 -0.386263 0.048972
v -6.255405 -0.405168 -0.236436
v -6.239906 -0.243607 0.039470
v -6.240952 -0.262511 -0.245938
v -6.219810 -0.108830 0.030470
v -6.220856 -0.127735 -0.254938
v -6.194075 0.018066 0.021971
v -6.195120 -0.000838 -0.263437
v -6.162699 0.137084 0.013973
v -6.163744 0.118180 -0.271435
v -6.125681 0.248221 0.006476
v -6.126726 0.229317 -0.278932
v -6.083025 0.351479 -0.000519
v -6.084070 0.332574 -0.285927
v -6.034723 0.446856 -0.007013
v -6.035769 0.427952 -0.292421
v -5.980787 0.534355 -0.013006
v -5.981833 0.515450 -0.298414
v -5.921209 0.613973 -0.018497
v -5.922255 0.595069 -0.303905
v -5.855989 0.685712 -0.023487
v -5.857035 0.666808 -0.308895
v -5.790094 0.757921 -0.028511
v -5.791140 0.739017 -0.313919
v -5.722059 0.823832 -0.033125
v -5.723104 0.804928 -0.318533
v -5.651884 0.883445 -0.037330
v -5.652929 0.864541 -0.322738
v -5.579565 0.936760 -0.041126
v -5.580610 0.917856 -0.326534
v -5.505106 0.983777 -0.044513
v -5.506151 0.964873 -0.329921
v -5.428505 1.024496 -0.047490
v -5.429550 1.005592 -0.332898
v -5.349760 1.058917 -0.050057
v -5.350805 1.040013 -0.335465
v -5.268877 1.087039 -0.052216
v -5.269922 1.068135 -0.337624
v -5.185852 1.108864 -0.053965
v -5.186897 1.089960 -0.339373
v -5.100685 1.124390 -0.055305
v -5.101730 1.105486 -0.340713
v -5.013376 1.133619 -0.056235
v -5.014421 1.114715 -0.341643
v -6.243887 0.709303 -0.023632
v -6.244932 0.690399 -0.309040
v -6.321529 0.623592 -0.017671
v -6.322575 0.604688 -0.303079
v -6.392448 0.532202 -0.011358
v -6.393494 0.513298 -0.296766
v -6.456646 0.435132 -0.004694
v -6.457691 0.416228 -0.290102
v -6.514120 0.332382 0.002322
v -6.515165 0.313478 -0.283086
v -6.564871 0.223952 0.009689
v -6.565916 0.205048 -0.275719
v -6.608898 0.109843 0.017408
v -6.609943 0.090939 -0.268000
v -6.646206 -0.009947 0.025479
v -6.647251 -0.028851 -0.259929
v -6.676786 -0.135416 0.033901
v -6.677832 -0.154320 -0.251507
v -6.700645 -0.266565 0.042675
v -6.701691 -0.285469 -0.242733
v -6.717783 -0.403394 0.051801
v -6.718828 -0.422298 -0.233607
v -6.728197 -0.545902 0.061278
v -6.729242 -0.564807 -0.224130
v -6.731888 -0.694091 0.071107
v -6.732933 -0.712996 -0.214301
v -6.731936 -0.716746 0.072608
v -6.732981 -0.735650 -0.212800
v -6.728893 -0.864950 0.082413
v -6.729939 -0.883855 -0.202995
v -6.719101 -1.007508 0.091820
v -6.720146 -1.026412 -0.193588
v -6.702562 -1.144418 0.100828
v -6.703608 -1.163322 -0.184580
v -6.679276 -1.275681 0.109437
v -6.680321 -1.294585 -0.175971
v -6.649240 -1.401296 0.117647
v -6.650286 -1.420201 -0.167761
v -6.612459 -1.521265 0.125459
v -6.613504 -1.540169 -0.159949
v -6.568928 -1.635585 0.132872
v -6.569973 -1.654490 -0.152536
v -6.518650 -1.744259 0.139886
v -6.519695 -1.763163 -0.145522
v -6.461626 -1.847285 0.146502
v -6.462671 -1.866189 -0.138906
v -6.397852 -1.944664 0.152718
v -6.398897 -1.963568 -0.132690
v -6.327333 -2.036396 0.158536
v -6.328379 -2.055300 -0.126871
v -6.250065 -2.122480 0.163956
v -6.251110 -2.141385 -0.121452
v -6.164061 -2.216767 0.169887
v -6.165106 -2.235671 -0.115521
v -6.073727 -2.302883 0.175260
v -6.074772 -2.321787 -0.110148
v -5.979063 -2.380828 0.180077
v -5.980108 -2.399732 -0.105331
v -5.880074 -2.450603 0.184337
v -5.881119 -2.469508 -0.101071
v -5.776754 -2.512208 0.188039
v -5.777800 -2.531113 -0.097369
v -5.669107 -2.565643 0.191185
v -5.670153 -2.584547 -0.094223
v -5.557131 -2.610908 0.193774
v -5.558176 -2.629812 -0.091634
v -5.440826 -2.648002 0.195806
v -5.441872 -2.666906 -0.089602
v -5.320194 -2.676925 0.197280
v -5.321239 -2.695830 -0.088128
v -5.195234 -2.697679 0.198198
v -5.196280 -2.716583 -0.087210
v -5.065945 -2.710262 0.198559
v -5.066990 -2.729166 -0.086849
v -4.932329 -2.714675 0.198363
v -4.933374 -2.733579 -0.087045
v -4.798695 -2.710907 0.197625
v -4.799740 -2.729811 -0.087783
v -4.669352 -2.698948 0.196360
v -4.670397 -2.717852 -0.089048
v -4.544302 -2.678798 0.194568
v -4.545347 -2.697702 -0.090840
v -4.423544 -2.650457 0.192249
v -4.424589 -2.669361 -0.093159
v -4.307079 -2.613925 0.189404
v -4.308125 -2.632829 -0.096004
v -4.194908 -2.569201 0.186031
v -4.195953 -2.588105 -0.099377
v -4.087029 -2.516287 0.182132
v -4.088073 -2.535191 -0.103276
v -3.983442 -2.455181 0.177706
v -3.984486 -2.474085 -0.107702
v -3.884149 -2.385885 0.172753
v -3.885192 -2.404789 -0.112655
v -3.789147 -2.308397 0.167273
v -3.790191 -2.327301 -0.118135
v -3.698441 -2.222718 0.161266
v -3.699484 -2.241622 -0.124141
v -3.612024 -2.128848 0.154733
v -3.613068 -2.147752 -0.130675
v -3.534382 -2.043137 0.148772
v -3.535425 -2.062042 -0.136636
v -3.463463 -1.951747 0.142459
v -3.464506 -1.970651 -0.142948
v -3.399266 -1.854677 0.135795
v -3.400310 -1.873581 -0.149613
v -3.341792 -1.751927 0.128779
v -3.342835 -1.770831 -0.156629
v -3.291040 -1.643497 0.121412
v -3.292084 -1.662401 -0.163996
v -3.247012 -1.529388 0.113693
v -3.248055 -1.548292 -0.171715
v -3.209707 -1.409598 0.105622
v -3.210751 -1.428502 -0.179786
v -3.179125 -1.284129 0.097200
v -3.180168 -1.303033 -0.188208
v -3.155266 -1.152980 0.088426
v -3.156309 -1.171884 -0.196982
v -3.138129 -1.016151 0.079300
v -3.139173 -1.035055 -0.206108
v -3.127716 -0.873642 0.069823
v -3.128759 -0.892546 -0.215585
v -3.124025 -0.725454 0.059994
v -3.125069 -0.744358 -0.225414
v -3.123976 -0.702800 0.058494
v -3.125019 -0.721704 -0.226914
v -3.127020 -0.554595 0.048688
v -3.128063 -0.573499 -0.236720
v -3.136811 -0.412037 0.039282
v -3.137855 -0.430942 -0.246126
v -3.153351 -0.275127 0.030274
v -3.154394 -0.294031 -0.255134
v -3.176637 -0.143864 0.021665
v -3.177680 -0.162768 -0.263743
v -3.206671 -0.018249 0.013454
v -3.207714 -0.037153 -0.271954
v -3.243453 0.101719 0.005642
v -3.244496 0.082815 -0.279765
v -3.286983 0.216040 -0.001770
v -3.288027 0.197136 -0.287178
v -3.337260 0.324714 -0.008785
v -3.338304 0.305810 -0.294193
v -3.394286 0.427740 -0.015400
v -3.395329 0.408836 -0.300808
v -3.458057 0.525119 -0.021617
v -3.459101 0.506215 -0.307025
v -3.528578 0.616851 -0.027435
v -3.529621 0.597947 -0.312843
v -3.605844 0.702935 -0.032855
v -3.606888 0.684031 -0.318263
v -3.691851 0.797222 -0.038785
v -3.692894 0.778318 -0.324193
v -3.782184 0.883338 -0.044159
v -3.783227 0.864434 -0.329567
v -3.876845 0.961283 -0.048976
v -3.877889 0.942379 -0.334384
v -3.975836 1.031059 -0.053235
v -3.976879 1.012154 -0.338643
v -4.079154 1.092664 -0.056938
v -4.080197 1.073759 -0.342346
v -4.186800 1.146098 -0.060084
v -4.187845 1.127194 -0.345492
v -4.298777 1.191363 -0.062672
v -4.299822 1.172458 -0.348080
v -4.415081 1.228456 -0.064704
v -4.416126 1.209553 -0.350112
v -4.535713 1.257380 -0.066179
v -4.536758 1.238476 -0.351587
v -4.660675 1.278134 -0.067097
v -4.661720 1.259230 -0.352505
v -4.789963 1.290717 -0.067458
v -4.791008 1.271813 -0.352866
v -4.923580 1.295130 -0.067261
v -4.924625 1.276226 -0.352669
v -5.057215 1.291362 -0.066523
v -5.058260 1.272458 -0.351931
v -5.186560 1.279403 -0.065258
v -5.187605 1.260499 -0.350666
v -5.311609 1.259253 -0.063466
v -5.312654 1.240349 -0.348874
v -5.432365 1.230911 -0.061148
v -5.433411 1.212008 -0.346556
v -5.548830 1.194380 -0.058302
v -5.549875 1.175476 -0.343710
v -5.661001 1.149656 -0.054930
v -5.662046 1.130752 -0.340338
v -5.768881 1.096742 -0.051031
v -5.769926 1.077838 -0.336439
v -5.872469 1.035636 -0.046605
v -5.873514 1.016732 -0.332013
v -5.971764 0.966340 -0.041652
v -5.972809 0.947435 -0.327060
v -6.066767 0.888852 -0.036172
v -6.067812 0.869948 -0.321580
v -6.157475 0.803173 -0.030165
v -6.158520 0.784269 -0.315573
v -7.817892 -0.578198 0.067401
v -7.818937 -0.597102 -0.218007
v -8.403423 -2.230555 0.178987
v -8.404469 -2.249459 -0.106421
v -8.442217 -2.230461 0.179122
v -8.443262 -2.249365 -0.106286
v -9.020678 -0.643258 0.076108
v -9.021723 -0.662162 -0.209300
v -9.032587 -0.606416 0.073711
v -9.033632 -0.625320 -0.211697
v -9.042612 -0.571466 0.071433
v -9.043657 -0.590370 -0.213975
v -9.050756 -0.538409 0.069273
v -9.051802 -0.557313 -0.216135
v -9.057018 -0.507244 0.067232
v -9.058064 -0.526148 -0.218176
v -9.061401 -0.477972 0.065309
v -9.062447 -0.496876 -0.220099
v -9.063898 -0.450591 0.063505
v -9.064943 -0.469496 -0.221903
v -9.064518 -0.425104 0.061819
v -9.065563 -0.444008 -0.223589
v -9.063253 -0.401509 0.060251
v -9.064299 -0.420413 -0.225157
v -9.060108 -0.379806 0.058802
v -9.061153 -0.398710 -0.226606
v -9.055080 -0.359995 0.057472
v -9.056126 -0.378900 -0.227936
v -9.048172 -0.342077 0.056260
v -9.049217 -0.360981 -0.229148
v -9.039383 -0.326051 0.055166
v -9.040428 -0.344956 -0.230242
v -9.028978 -0.311603 0.054171
v -9.030024 -0.330507 -0.231237
v -9.017231 -0.298416 0.053254
v -9.018276 -0.317320 -0.232154
v -9.004137 -0.286491 0.052417
v -9.005182 -0.305396 -0.232991
v -8.989702 -0.275829 0.051658
v -8.990747 -0.294733 -0.233750
v -8.973921 -0.266427 0.050977
v -8.974966 -0.285331 -0.234431
v -8.956795 -0.258288 0.050376
v -8.957840 -0.277192 -0.235032
v -8.938326 -0.251410 0.049853
v -8.939371 -0.270314 -0.235555
v -8.918512 -0.245795 0.049408
v -8.919558 -0.264699 -0.236000
v -8.897354 -0.241440 0.049042
v -8.898399 -0.260345 -0.236366
v -8.874851 -0.238348 0.048755
v -8.875896 -0.257252 -0.236653
v -8.851004 -0.236518 0.048547
v -8.852049 -0.255422 -0.236861
v -8.825811 -0.235950 0.048417
v -8.826857 -0.254854 -0.236991
v -8.709431 -0.236230 0.048010
v -8.710476 -0.255135 -0.237398
v -8.709135 -0.100305 0.039006
v -8.710180 -0.119209 -0.246402
v -9.659605 -0.098011 0.042329
v -9.660650 -0.116915 -0.243079
v -9.659901 -0.233936 0.051333
v -9.660946 -0.252841 -0.234075
v -9.543514 -0.234217 0.050926
v -9.544559 -0.253121 -0.234482
v -9.511461 -0.237126 0.051002
v -9.512506 -0.256031 -0.234406
v -9.479959 -0.245698 0.051454
v -9.481005 -0.264602 -0.233954
v -9.449007 -0.259931 0.052284
v -9.450052 -0.278836 -0.233124
v -9.418610 -0.279827 0.053491
v -9.419655 -0.298732 -0.231917
v -9.388762 -0.305385 0.055074
v -9.389807 -0.324290 -0.230334
v -9.359465 -0.336606 0.057035
v -9.360510 -0.355510 -0.228373
v -9.330717 -0.373489 0.059373
v -9.331762 -0.392393 -0.226035
v -9.302523 -0.416034 0.062088
v -9.303568 -0.434938 -0.223320
v -9.274878 -0.464241 0.065180
v -9.275923 -0.483145 -0.220228
v -9.247784 -0.518111 0.068649
v -9.248829 -0.537015 -0.216759
v -9.221243 -0.577642 0.072495
v -9.222288 -0.596547 -0.212913
v -9.195253 -0.642837 0.076718
v -9.196299 -0.661741 -0.208690
v -8.423857 -2.706248 0.210569
v -8.424902 -2.725152 -0.074839
v -8.249281 -2.706669 0.209959
v -8.250326 -2.725573 -0.075449
v -7.488335 -0.669611 0.072251
v -7.489380 -0.688515 -0.213157
v -7.461918 -0.600925 0.067605
v -7.462963 -0.619829 -0.217803
v -7.434704 -0.538219 0.063352
v -7.435749 -0.557124 -0.222056
v -7.406696 -0.481494 0.059493
v -7.407742 -0.500398 -0.225915
v -7.377893 -0.430748 0.056026
v -7.378939 -0.449652 -0.229382
v -7.348297 -0.385983 0.052953
v -7.349342 -0.404887 -0.232455
v -7.317904 -0.347198 0.050273
v -7.318949 -0.366102 -0.235135
v -7.286715 -0.314393 0.047986
v -7.287760 -0.333297 -0.237422
v -7.254730 -0.287568 0.046092
v -7.255775 -0.306472 -0.239316
v -7.221951 -0.266723 0.044592
v -7.222996 -0.285627 -0.240816
v -7.188379 -0.251859 0.043484
v -7.189425 -0.270763 -0.241924
v -7.154011 -0.242975 0.042770
v -7.155056 -0.261879 -0.242638
v -7.118845 -0.240070 0.042449
v -7.119890 -0.258974 -0.242959
v -7.021856 -0.240304 0.042110
v -7.022902 -0.259208 -0.243298
v -7.021561 -0.104378 0.033106
v -7.022606 -0.123282 -0.252302
v -8.030226 -0.101943 0.036633
v -8.031271 -0.120848 -0.248775
v -8.030521 -0.237869 0.045637
v -8.031567 -0.256773 -0.239771
v -7.952932 -0.238056 0.045365
v -7.953978 -0.256961 -0.240043
v -7.943102 -0.238709 0.045373
v -7.944147 -0.257613 -0.240035
v -7.933004 -0.240621 0.045463
v -7.934050 -0.259526 -0.239945
v -7.922640 -0.243793 0.045635
v -7.923685 -0.262697 -0.239773
v -7.912008 -0.248224 0.045889
v -7.913054 -0.267128 -0.239519
v -7.901110 -0.253914 0.046226
v -7.902155 -0.272818 -0.239182
v -7.889944 -0.260863 0.046646
v -7.890989 -0.279767 -0.238762
v -7.878511 -0.269071 0.047148
v -7.879557 -0.287975 -0.238260
v -7.866814 -0.278539 0.047732
v -7.867859 -0.297443 -0.237676
v -7.854847 -0.289265 0.048399
v -7.855892 -0.308170 -0.237009
v -7.842615 -0.301251 0.049148
v -7.843660 -0.320156 -0.236260
v -7.830116 -0.314497 0.049980
v -7.831161 -0.333401 -0.235428
v -7.817348 -0.329001 0.050894
v -7.818394 -0.347905 -0.234514
v -7.808485 -0.341136 0.051665
v -7.809530 -0.360040 -0.233743
v -7.801239 -0.354841 0.052546
v -7.802284 -0.373745 -0.232862
v -7.795616 -0.370114 0.053537
v -7.796661 -0.389019 -0.231871
v -7.791611 -0.386958 0.054638
v -7.792656 -0.405862 -0.230770
v -7.789227 -0.405370 0.055849
v -7.790272 -0.424274 -0.229559
v -7.788462 -0.425352 0.057170
v -7.789507 -0.444256 -0.228238
v -7.789318 -0.446903 0.058600
v -7.790363 -0.465807 -0.226808
v -7.791792 -0.470023 0.060141
v -7.792837 -0.488927 -0.225267
v -7.795887 -0.494713 0.061791
v -7.796932 -0.513617 -0.223617
v -7.801601 -0.520972 0.063551
v -7.802647 -0.539876 -0.221857
v -7.808937 -0.548800 0.065421
v -7.809982 -0.567704 -0.219987
v -11.913555 -1.859612 0.167250
v -11.914600 -1.878517 -0.118158
v -12.010738 -1.949995 0.173592
v -12.011784 -1.968899 -0.111816
v -11.990257 -2.009355 0.177449
v -11.991302 -2.028259 -0.107959
v -11.967346 -2.066518 0.181151
v -11.968391 -2.085423 -0.104257
v -11.942009 -2.121485 0.184699
v -11.943054 -2.140389 -0.100708
v -11.914240 -2.174255 0.188093
v -11.915285 -2.193159 -0.097315
v -11.884043 -2.224828 0.191333
v -11.885088 -2.243732 -0.094075
v -11.851414 -2.273205 0.194418
v -11.852459 -2.292109 -0.090990
v -11.816357 -2.319385 0.197348
v -11.817402 -2.338289 -0.088060
v -11.778870 -2.363368 0.200124
v -11.779915 -2.382272 -0.085284
v -11.738955 -2.405155 0.202746
v -11.740000 -2.424059 -0.082662
v -11.696608 -2.444745 0.205214
v -11.697653 -2.463649 -0.080194
v -11.651834 -2.482138 0.207527
v -11.652880 -2.501043 -0.077881
v -11.604630 -2.517335 0.209685
v -11.605675 -2.536239 -0.075723
v -11.562395 -2.546384 0.211455
v -11.563440 -2.565289 -0.073953
v -11.519617 -2.572918 0.213056
v -11.520662 -2.591822 -0.072352
v -11.476295 -2.596935 0.214489
v -11.477341 -2.615839 -0.070919
v -11.432428 -2.618437 0.215752
v -11.433474 -2.637341 -0.069656
v -11.388016 -2.637423 0.216848
v -11.389061 -2.656327 -0.068560
v -11.343060 -2.653893 0.217774
v -11.344105 -2.672797 -0.067634
v -11.297562 -2.667847 0.218532
v -11.298607 -2.686751 -0.066876
v -11.251518 -2.679285 0.219121
v -11.252563 -2.698189 -0.066287
v -11.204929 -2.688208 0.219542
v -11.205975 -2.707112 -0.065866
v -11.157797 -2.694614 0.219794
v -11.158842 -2.713519 -0.065614
v -11.110121 -2.698505 0.219877
v -11.111166 -2.717409 -0.065531
v -11.061897 -2.699880 0.219792
v -11.062943 -2.718784 -0.065616
v -10.969889 -2.697585 0.219304
v -10.970934 -2.716489 -0.066104
v -10.881374 -2.690247 0.218494
v -10.882420 -2.709152 -0.066914
v -10.796349 -2.677867 0.217363
v -10.797394 -2.696771 -0.068045
v -10.714813 -2.660444 0.215911
v -10.715858 -2.679348 -0.069497
v -10.636770 -2.637978 0.214138
v -10.637815 -2.656882 -0.071270
v -10.562218 -2.610469 0.212043
v -10.563263 -2.629373 -0.073365
v -10.491158 -2.577917 0.209627
v -10.492203 -2.596822 -0.075781
v -10.423590 -2.540323 0.206890
v -10.424635 -2.559227 -0.078518
v -10.359510 -2.497686 0.203832
v -10.360556 -2.516590 -0.081576
v -10.298923 -2.450006 0.200452
v -10.299969 -2.468911 -0.084956
v -10.241831 -2.397284 0.196751
v -10.242876 -2.416188 -0.088657
v -10.188227 -2.339519 0.192729
v -10.189272 -2.358423 -0.092679
v -10.138521 -2.277811 0.188460
v -10.139566 -2.296715 -0.096948
v -10.093121 -2.213261 0.184019
v -10.094166 -2.232166 -0.101389
v -10.052025 -2.145869 0.179405
v -10.053070 -2.164773 -0.106003
v -10.015230 -2.075635 0.174618
v -10.016275 -2.094539 -0.110790
v -9.982740 -2.002559 0.169659
v -9.983786 -2.021463 -0.115749
v -9.954556 -1.926640 0.164528
v -9.955601 -1.945544 -0.120880
v -9.930676 -1.847879 0.159224
v -9.931721 -1.866784 -0.126184
v -9.911100 -1.766277 0.153747
v -9.912146 -1.785181 -0.131661
v -9.895830 -1.681831 0.148098
v -9.896875 -1.700736 -0.137310
v -9.884863 -1.594544 0.142276
v -9.885908 -1.613448 -0.143132
v -9.878202 -1.504415 0.136282
v -9.879248 -1.523319 -0.149126
v -9.875843 -1.411443 0.130116
v -9.876888 -1.430347 -0.155292
v -9.877792 -1.318304 0.123954
v -9.878838 -1.337208 -0.161454
v -9.884062 -1.227671 0.117973
v -9.885107 -1.246575 -0.167435
v -9.894646 -1.139545 0.112175
v -9.895691 -1.158449 -0.173233
v -9.909544 -1.053926 0.106558
v -9.910589 -1.072830 -0.178850
v -9.928761 -0.970814 0.101124
v -9.929806 -0.989718 -0.184284
v -9.952293 -0.890208 0.095871
v -9.953339 -0.909112 -0.189537
v -9.980143 -0.812109 0.090800
v -9.981188 -0.831013 -0.194608
v -10.012306 -0.736516 0.085910
v -10.013351 -0.755420 -0.199498
v -10.048788 -0.663431 0.081203
v -10.049833 -0.682335 -0.204205
v -10.089582 -0.592852 0.076677
v -10.090628 -0.611757 -0.208731
v -10.134693 -0.524780 0.072333
v -10.135738 -0.543684 -0.213075
v -10.184124 -0.459215 0.068171
v -10.185169 -0.478119 -0.217237
v -10.233837 -0.401200 0.064510
v -10.234882 -0.420104 -0.220898
v -10.286257 -0.348213 0.061192
v -10.287302 -0.367118 -0.224216
v -10.341381 -0.300254 0.058217
v -10.342426 -0.319159 -0.227191
v -10.399210 -0.257324 0.055585
v -10.400255 -0.276228 -0.229823
v -10.459743 -0.219420 0.053296
v -10.460789 -0.238324 -0.232112
v -10.522982 -0.186544 0.051350
v -10.524027 -0.205448 -0.234058
v -10.588928 -0.158697 0.049746
v -10.589973 -0.177601 -0.235662
v -10.657578 -0.135877 0.048486
v -10.658623 -0.154781 -0.236922
v -10.728931 -0.118084 0.047568
v -10.729977 -0.136988 -0.237840
v -10.802990 -0.105320 0.046993
v -10.804035 -0.124224 -0.238415
v -10.879757 -0.097583 0.046761
v -10.880802 -0.116487 -0.238647
v -10.959229 -0.094874 0.046873
v -10.960274 -0.113778 -0.238535
v -11.032377 -0.096900 0.047274
v -11.033422 -0.115804 -0.238134
v -11.103111 -0.103336 0.047959
v -11.104156 -0.122241 -0.237449
v -11.171429 -0.114184 0.048927
v -11.172474 -0.133088 -0.236481
v -11.237333 -0.129443 0.050179
v -11.238379 -0.148347 -0.235229
v -11.300823 -0.149112 0.051714
v -11.301868 -0.168016 -0.233694
v -11.361895 -0.173192 0.053532
v -11.362940 -0.192096 -0.231876
v -11.420553 -0.201683 0.055634
v -11.421598 -0.220587 -0.229774
v -11.476799 -0.234585 0.058019
v -11.477844 -0.253489 -0.227389
v -11.530626 -0.271898 0.060687
v -11.531672 -0.290802 -0.224721
v -11.582041 -0.313622 0.063638
v -11.583086 -0.332526 -0.221770
v -11.631039 -0.359756 0.066873
v -11.632084 -0.378660 -0.218535
v -11.677622 -0.410301 0.070392
v -11.678667 -0.429205 -0.215016
v -11.727438 -0.461468 0.073963
v -11.728483 -0.480372 -0.211445
v -11.773224 -0.517050 0.077812
v -11.774269 -0.535954 -0.207596
v -11.814980 -0.577046 0.081938
v -11.816025 -0.595950 -0.203470
v -11.852699 -0.641457 0.086342
v -11.853745 -0.660361 -0.199066
v -11.886391 -0.710283 0.091024
v -11.887436 -0.729187 -0.194384
v -11.916050 -0.783523 0.095984
v -11.917095 -0.802427 -0.189424
v -11.941679 -0.861179 0.101221
v -11.942724 -0.880083 -0.184187
v -11.963274 -0.943248 0.106736
v -11.964319 -0.962153 -0.178672
v -11.980839 -1.029733 0.112529
v -11.981884 -1.048637 -0.172879
v -11.994371 -1.120633 0.118599
v -11.995417 -1.139537 -0.166809
v -12.003876 -1.215947 0.124947
v -12.004921 -1.234851 -0.160461
v -12.009354 -1.315676 0.131572
v -12.010399 -1.334580 -0.153836
v -10.244194 -1.319936 0.125401
v -10.245239 -1.338841 -0.160007
v -10.243214 -1.426446 0.132452
v -10.244259 -1.445350 -0.152956
v -10.246262 -1.526967 0.139122
v -10.247307 -1.545872 -0.146286
v -10.253336 -1.621501 0.145409
v -10.254381 -1.640405 -0.139999
v -10.264442 -1.710046 0.151314
v -10.265488 -1.728951 -0.134094
v -10.279573 -1.792604 0.156838
v -10.280619 -1.811508 -0.128570
v -10.298733 -1.869174 0.161980
v -10.299778 -1.888078 -0.123428
v -10.321922 -1.939755 0.166740
v -10.322968 -1.958659 -0.118668
v -10.349136 -2.004349 0.171117
v -10.350182 -2.023253 -0.114291
v -10.380383 -2.062954 0.175113
v -10.381428 -2.081859 -0.110295
v -10.415655 -2.115572 0.178728
v -10.416700 -2.134477 -0.106680
v -10.454956 -2.162202 0.181960
v -10.456001 -2.181106 -0.103448
v -10.498287 -2.202844 0.184810
v -10.499332 -2.221748 -0.100598
v -10.537851 -2.246170 0.187824
v -10.538897 -2.265074 -0.097584
v -10.578751 -2.285716 0.190593
v -10.579796 -2.304620 -0.094815
v -10.620991 -2.321483 0.193117
v -10.622036 -2.340388 -0.092291
v -10.664572 -2.353472 0.195395
v -10.665617 -2.372376 -0.090013
v -10.709488 -2.381681 0.197428
v -10.710533 -2.400586 -0.087980
v -10.755745 -2.406112 0.199215
v -10.756790 -2.425016 -0.086193
v -10.803341 -2.426764 0.200757
v -10.804386 -2.445668 -0.084651
v -10.852274 -2.443636 0.202053
v -10.853319 -2.462541 -0.083355
v -10.902550 -2.456730 0.203104
v -10.903595 -2.475634 -0.082304
v -10.954161 -2.466045 0.203910
v -10.955206 -2.484949 -0.081498
v -11.007113 -2.471581 0.204470
v -11.008158 -2.490485 -0.080938
v -11.061403 -2.473338 0.204785
v -11.062449 -2.492242 -0.080623
v -11.103428 -2.472135 0.204859
v -11.104473 -2.491039 -0.080549
v -11.145449 -2.468730 0.204787
v -11.146494 -2.487634 -0.080621
v -11.187464 -2.463122 0.204569
v -11.188509 -2.482026 -0.080839
v -11.229473 -2.455312 0.204206
v -11.230518 -2.474216 -0.081202
v -11.271479 -2.445299 0.203696
v -11.272524 -2.464203 -0.081712
v -11.313480 -2.433084 0.203041
v -11.314526 -2.451988 -0.082367
v -11.355474 -2.418666 0.202239
v -11.356520 -2.437571 -0.083169
v -11.397467 -2.402046 0.201292
v -11.398512 -2.420950 -0.084116
v -11.439453 -2.383224 0.200199
v -11.440498 -2.402128 -0.085209
v -11.481436 -2.362198 0.198959
v -11.482481 -2.381103 -0.086449
v -11.523413 -2.338971 0.197574
v -11.524458 -2.357875 -0.087834
v -11.565392 -2.313540 0.196043
v -11.566437 -2.332445 -0.089364
v -11.600361 -2.289543 0.194582
v -11.601406 -2.308447 -0.090826
v -11.634249 -2.263031 0.192950
v -11.635294 -2.281935 -0.092458
v -11.667053 -2.234005 0.191147
v -11.668098 -2.252909 -0.094261
v -11.698776 -2.202464 0.189174
v -11.699821 -2.221368 -0.096234
v -11.729414 -2.168408 0.187030
v -11.730459 -2.187312 -0.098378
v -11.758966 -2.131838 0.184716
v -11.760012 -2.150742 -0.100692
v -11.787441 -2.092753 0.182231
v -11.788486 -2.111658 -0.103177
v -11.814829 -2.051154 0.179576
v -11.815874 -2.070059 -0.105832
v -11.841135 -2.007041 0.176750
v -11.842180 -2.025945 -0.108658
v -11.866358 -1.960413 0.173754
v -11.867403 -1.979317 -0.111654
v -11.890499 -1.911270 0.170587
v -11.891544 -1.930174 -0.114821
v -10.243898 -1.184011 0.116397
v -10.244944 -1.202915 -0.169011
v -11.621111 -1.180687 0.121212
v -11.622156 -1.199591 -0.164196
v -11.616480 -1.096373 0.115610
v -11.617525 -1.115278 -0.169798
v -11.609440 -1.017100 0.110334
v -11.610485 -1.036004 -0.175074
v -11.599981 -0.942867 0.105383
v -11.601027 -0.961771 -0.180025
v -11.588110 -0.873674 0.100756
v -11.589155 -0.892578 -0.184652
v -11.573828 -0.809521 0.096455
v -11.574873 -0.828425 -0.188953
v -11.557129 -0.750408 0.092478
v -11.558174 -0.769312 -0.192930
v -11.538017 -0.696335 0.088827
v -11.539062 -0.715240 -0.196581
v -11.516493 -0.647303 0.085500
v -11.517538 -0.666207 -0.199908
v -11.492556 -0.603310 0.082499
v -11.493601 -0.622214 -0.202909
v -11.466204 -0.564358 0.079823
v -11.467249 -0.583262 -0.205585
v -11.437435 -0.530446 0.077471
v -11.438480 -0.549350 -0.207937
v -11.406256 -0.501574 0.075445
v -11.407301 -0.520478 -0.209963
v -11.370474 -0.461858 0.072683
v -11.371519 -0.480762 -0.212725
v -11.334427 -0.425603 0.070150
v -11.335472 -0.444507 -0.215258
v -11.298119 -0.392811 0.067846
v -11.299164 -0.411715 -0.217562
v -11.261549 -0.363480 0.065769
v -11.262594 -0.382384 -0.219639
v -11.224718 -0.337610 0.063921
v -11.225763 -0.356515 -0.221487
v -11.187626 -0.315203 0.062301
v -11.188671 -0.334107 -0.223107
v -11.150272 -0.296257 0.060910
v -11.151318 -0.315161 -0.224498
v -11.112658 -0.280773 0.059747
v -11.113703 -0.299677 -0.225661
v -11.074780 -0.268750 0.058812
v -11.075825 -0.287655 -0.226596
v -11.036640 -0.260190 0.058105
v -11.037685 -0.279094 -0.227303
v -10.998238 -0.255091 0.057627
v -10.999283 -0.273995 -0.227781
v -10.959574 -0.253453 0.057377
v -10.960619 -0.272358 -0.228031
v -10.914721 -0.255292 0.057335
v -10.915766 -0.274197 -0.228073
v -10.870684 -0.260590 0.057525
v -10.871729 -0.279495 -0.227883
v -10.827461 -0.269347 0.057947
v -10.828506 -0.288252 -0.227461
v -10.785057 -0.281564 0.058601
v -10.786102 -0.300468 -0.226807
v -10.743469 -0.297239 0.059488
v -10.744514 -0.316143 -0.225920
v -10.702692 -0.316373 0.060606
v -10.703737 -0.335277 -0.224802
v -10.662735 -0.338967 0.061956
v -10.663780 -0.357871 -0.223452
v -10.623592 -0.365019 0.063539
v -10.624638 -0.383924 -0.221869
v -10.585264 -0.394531 0.065353
v -10.586309 -0.413435 -0.220055
v -10.547756 -0.427502 0.067400
v -10.548801 -0.446406 -0.218008
v -10.511061 -0.463932 0.069679
v -10.512106 -0.482836 -0.215729
v -10.475182 -0.503821 0.072190
v -10.476227 -0.522725 -0.213218
v -10.441038 -0.536312 0.074217
v -10.442083 -0.555216 -0.211191
v -10.409597 -0.573201 0.076545
v -10.410643 -0.592105 -0.208863
v -10.380861 -0.614489 0.079175
v -10.381907 -0.633393 -0.206233
v -10.354830 -0.660175 0.082106
v -10.355875 -0.679079 -0.203302
v -10.331499 -0.710260 0.085338
v -10.332544 -0.729164 -0.200070
v -10.310873 -0.764743 0.088871
v -10.311918 -0.783647 -0.196537
v -10.292952 -0.823625 0.092706
v -10.293997 -0.842529 -0.192702
v -10.277733 -0.886905 0.096842
v -10.278778 -0.905809 -0.188566
v -10.265219 -0.954584 0.101279
v -10.266264 -0.973488 -0.184129
v -10.255409 -1.026661 0.106017
v -10.256454 -1.045565 -0.179391
v -10.248301 -1.103137 0.111056
v -10.249346 -1.122041 -0.174352
v -13.927866 -0.472833 0.082760
v -13.928911 -0.491737 -0.202648
v -13.908873 -0.472407 0.082663
v -13.909918 -0.491311 -0.202745
v -13.890682 -0.471035 0.082505
v -13.891727 -0.489939 -0.202903
v -13.873299 -0.468717 0.082288
v -13.874344 -0.487621 -0.203120
v -13.856724 -0.465453 0.082011
v -13.857769 -0.484358 -0.203397
v -13.840954 -0.461244 0.081675
v -13.841999 -0.480148 -0.203733
v -13.825991 -0.456088 0.081279
v -13.827036 -0.474993 -0.204129
v -13.811834 -0.449987 0.080823
v -13.812880 -0.468891 -0.204585
v -13.798485 -0.442940 0.080307
v -13.799530 -0.461844 -0.205101
v -13.785940 -0.434946 0.079732
v -13.786985 -0.453851 -0.205676
v -13.774199 -0.426007 0.079097
v -13.775244 -0.444911 -0.206311
v -13.763268 -0.416122 0.078402
v -13.764313 -0.435027 -0.207006
v -13.753143 -0.405292 0.077648
v -13.754189 -0.424196 -0.207760
v -13.742882 -0.394461 0.076893
v -13.743927 -0.413365 -0.208515
v -13.731546 -0.384577 0.076197
v -13.732592 -0.403481 -0.209211
v -13.719133 -0.375640 0.075559
v -13.720179 -0.394544 -0.209849
v -13.705643 -0.367649 0.074981
v -13.706688 -0.386553 -0.210427
v -13.691080 -0.360605 0.074461
v -13.692125 -0.379509 -0.210947
v -13.675442 -0.354507 0.074000
v -13.676487 -0.373411 -0.211408
v -13.658726 -0.349356 0.073598
v -13.659771 -0.368260 -0.211810
v -13.640936 -0.345151 0.073254
v -13.641981 -0.364055 -0.212154
v -13.622072 -0.341893 0.072969
v -13.623117 -0.360797 -0.212439
v -13.602131 -0.339581 0.072743
v -13.603176 -0.358485 -0.212665
v -13.581114 -0.338216 0.072576
v -13.582159 -0.357120 -0.212832
v -13.559021 -0.337797 0.072468
v -13.560066 -0.356701 -0.212940
v -13.545284 -0.339403 0.072524
v -13.546329 -0.358308 -0.212884
v -13.529938 -0.344160 0.072783
v -13.530983 -0.363065 -0.212625
v -13.512981 -0.352067 0.073244
v -13.514027 -0.370971 -0.212164
v -13.494417 -0.363125 0.073909
v -13.495462 -0.382029 -0.211499
v -13.474241 -0.377332 0.074776
v -13.475286 -0.396236 -0.210632
v -13.452456 -0.394690 0.075846
v -13.453501 -0.413594 -0.209562
v -13.429062 -0.415198 0.077119
v -13.430107 -0.434103 -0.208289
v -13.404057 -0.438857 0.078595
v -13.405102 -0.457761 -0.206813
v -13.377445 -0.465666 0.080273
v -13.378490 -0.484571 -0.205135
v -13.349222 -0.495625 0.082154
v -13.350267 -0.514530 -0.203254
v -13.319391 -0.528735 0.084238
v -13.320436 -0.547639 -0.201170
v -13.287951 -0.564995 0.086525
v -13.288996 -0.583899 -0.198883
v -13.260143 -0.599673 0.088720
v -13.261189 -0.618577 -0.196688
v -13.234762 -0.635604 0.091007
v -13.235807 -0.654508 -0.194401
v -13.211809 -0.672787 0.093386
v -13.212854 -0.691691 -0.192022
v -13.191282 -0.711224 0.095857
v -13.192327 -0.730128 -0.189551
v -13.173183 -0.750912 0.098420
v -13.174229 -0.769817 -0.186988
v -13.157513 -0.791854 0.101074
v -13.158558 -0.810758 -0.184334
v -13.144268 -0.834048 0.103821
v -13.145313 -0.852952 -0.181587
v -13.133453 -0.877495 0.106659
v -13.134499 -0.896399 -0.178749
v -13.125063 -0.922195 0.109589
v -13.126108 -0.941099 -0.175819
v -13.119102 -0.968147 0.112611
v -13.120148 -0.987052 -0.172797
v -13.115570 -1.015352 0.115725
v -13.116615 -1.034257 -0.169683
v -13.114462 -1.063810 0.118930
v -13.115507 -1.082715 -0.166478
v -13.116884 -2.173869 0.192465
v -13.117929 -2.192774 -0.092943
v -13.117495 -2.207063 0.194665
v -13.118540 -2.225967 -0.090743
v -13.119181 -2.238680 0.196766
v -13.120226 -2.257585 -0.088642
v -13.121941 -2.268722 0.198766
v -13.122986 -2.287627 -0.086642
v -13.125774 -2.297188 0.200665
v -13.126820 -2.316092 -0.084743
v -13.130684 -2.324079 0.202464
v -13.131729 -2.342983 -0.082944
v -13.136665 -2.349393 0.204163
v -13.137711 -2.368297 -0.081245
v -13.143721 -2.373132 0.205761
v -13.144766 -2.392036 -0.079647
v -13.151850 -2.395294 0.207259
v -13.152895 -2.414199 -0.078149
v -13.161057 -2.415881 0.208656
v -13.162102 -2.434786 -0.076752
v -13.171335 -2.434893 0.209953
v -13.172380 -2.453797 -0.075455
v -13.182688 -2.452328 0.211149
v -13.183733 -2.471232 -0.074259
v -13.195116 -2.468187 0.212245
v -13.196161 -2.487092 -0.073163
v -13.208752 -2.482628 0.213251
v -13.209797 -2.501532 -0.072157
v -13.223732 -2.495807 0.214179
v -13.224777 -2.514711 -0.071229
v -13.240057 -2.507724 0.215028
v -13.241102 -2.526628 -0.070380
v -13.257727 -2.518379 0.215798
v -13.258772 -2.537284 -0.069610
v -13.276739 -2.527773 0.216490
v -13.277784 -2.546677 -0.068918
v -13.297098 -2.535904 0.217103
v -13.298143 -2.554809 -0.068305
v -13.318800 -2.542774 0.217637
v -13.319845 -2.561678 -0.067771
v -13.341846 -2.548382 0.218093
v -13.342892 -2.567286 -0.067315
v -13.366238 -2.552728 0.218470
v -13.367283 -2.571633 -0.066938
v -13.391973 -2.555813 0.218768
v -13.393019 -2.574717 -0.066640
v -13.419052 -2.557635 0.218988
v -13.420097 -2.576539 -0.066420
v -13.447479 -2.558196 0.219129
v -13.448524 -2.577100 -0.066279
v -13.699644 -2.557587 0.220011
v -13.700689 -2.576491 -0.065397
v -13.699940 -2.693513 0.229015
v -13.700985 -2.712417 -0.056393
v -12.380920 -2.696697 0.224404
v -12.381966 -2.715601 -0.061004
v -12.380625 -2.560771 0.215399
v -12.381670 -2.579675 -0.070009
v -12.477613 -2.560537 0.215739
v -12.478659 -2.579441 -0.069669
v -12.506033 -2.559839 0.215796
v -12.507078 -2.578743 -0.069612
v -12.533104 -2.557886 0.215766
v -12.534149 -2.576790 -0.069642
v -12.558825 -2.554677 0.215647
v -12.559870 -2.573581 -0.069761
v -12.583197 -2.550213 0.215441
v -12.584242 -2.569118 -0.069967
v -12.606218 -2.544494 0.215146
v -12.607264 -2.563398 -0.070262
v -12.627890 -2.537520 0.214763
v -12.628935 -2.556424 -0.070645
v -12.648212 -2.529290 0.214293
v -12.649258 -2.548194 -0.071115
v -12.667185 -2.519805 0.213734
v -12.668230 -2.538709 -0.071674
v -12.684807 -2.509064 0.213087
v -12.685852 -2.527969 -0.072321
v -12.701080 -2.497069 0.212352
v -12.702126 -2.515973 -0.073056
v -12.716003 -2.483818 0.211529
v -12.717049 -2.502722 -0.073879
v -12.729578 -2.469311 0.210617
v -12.730623 -2.488215 -0.074791
v -12.741936 -2.453392 0.209608
v -12.742981 -2.472296 -0.075800
v -12.753214 -2.435902 0.208491
v -12.754259 -2.454806 -0.076917
v -12.763409 -2.416841 0.207266
v -12.764454 -2.435745 -0.078142
v -12.772524 -2.396210 0.205932
v -12.773569 -2.415114 -0.079476
v -12.780558 -2.374008 0.204491
v -12.781603 -2.392912 -0.080917
v -12.787510 -2.350236 0.202942
v -12.788555 -2.369140 -0.082466
v -12.793383 -2.324893 0.201285
v -12.794428 -2.343797 -0.084123
v -12.798174 -2.297979 0.199520
v -12.799219 -2.316883 -0.085888
v -12.801884 -2.269495 0.197647
v -12.802929 -2.288399 -0.087761
v -12.804512 -2.239440 0.195666
v -12.805557 -2.258344 -0.089742
v -12.806059 -2.207815 0.193577
v -12.807104 -2.226719 -0.091831
v -12.806526 -2.174618 0.191379
v -12.807571 -2.193523 -0.094029
v -12.803116 -0.611474 0.087831
v -12.804161 -0.630378 -0.197577
v -12.802504 -0.578281 0.085630
v -12.803549 -0.597185 -0.199778
v -12.800819 -0.546663 0.083530
v -12.801865 -0.565567 -0.201878
v -12.798058 -0.516621 0.081530
v -12.799103 -0.535526 -0.203878
v -12.794226 -0.488155 0.079631
v -12.795271 -0.507060 -0.205777
v -12.789316 -0.461265 0.077831
v -12.790361 -0.480169 -0.207577
v -12.783333 -0.435951 0.076133
v -12.784378 -0.454855 -0.209275
v -12.776278 -0.412212 0.074535
v -12.777323 -0.431116 -0.210873
v -12.768147 -0.390049 0.073037
v -12.769192 -0.408953 -0.212371
v -12.758942 -0.369462 0.071640
v -12.759987 -0.388366 -0.213768
v -12.748663 -0.350451 0.070343
v -12.749708 -0.369355 -0.215065
v -12.737309 -0.333015 0.069147
v -12.738354 -0.351920 -0.216261
v -12.724882 -0.317156 0.068051
v -12.725927 -0.336060 -0.217357
v -12.711243 -0.302715 0.067044
v -12.712288 -0.321620 -0.218364
v -12.696262 -0.289536 0.066117
v -12.697308 -0.308440 -0.219291
v -12.679937 -0.277619 0.065268
v -12.680983 -0.296523 -0.220140
v -12.662268 -0.266964 0.064497
v -12.663313 -0.285868 -0.220911
v -12.643255 -0.257571 0.063806
v -12.644300 -0.276475 -0.221602
v -12.622896 -0.249439 0.063193
v -12.623941 -0.268343 -0.222215
v -12.601194 -0.242569 0.062658
v -12.602240 -0.261473 -0.222750
v -12.578150 -0.236961 0.062203
v -12.579195 -0.255866 -0.223205
v -12.553759 -0.232615 0.061826
v -12.554804 -0.251519 -0.223582
v -12.528023 -0.229531 0.061527
v -12.529068 -0.248435 -0.223881
v -12.500944 -0.227708 0.061307
v -12.501989 -0.246612 -0.224101
v -12.472521 -0.227148 0.061166
v -12.473566 -0.246052 -0.224242
v -12.336737 -0.227475 0.060692
v -12.337782 -0.246379 -0.224716
v -12.336441 -0.091550 0.051687
v -12.337486 -0.110454 -0.233721
v -12.588606 -0.090941 0.052569
v -12.589651 -0.109845 -0.232839
v -12.636692 -0.089566 0.052654
v -12.637737 -0.108470 -0.232754
v -12.683966 -0.085676 0.052569
v -12.685011 -0.104581 -0.232839
v -12.730427 -0.079272 0.052315
v -12.731472 -0.098176 -0.233093
v -12.776072 -0.070351 0.051891
v -12.777117 -0.089255 -0.233517
v -12.820904 -0.058916 0.051297
v -12.821949 -0.077820 -0.234111
v -12.864922 -0.044965 0.050534
v -12.865967 -0.063869 -0.234874
v -12.908127 -0.028499 0.049601
v -12.909172 -0.047404 -0.235807
v -12.950518 -0.009518 0.048499
v -12.951563 -0.028423 -0.236909
v -12.992092 0.011978 0.047227
v -12.993137 -0.006927 -0.238181
v -13.032856 0.035989 0.045786
v -13.033901 0.017085 -0.239622
v -13.072803 0.062515 0.044175
v -13.073849 0.043611 -0.241233
v -13.111940 0.091557 0.042394
v -13.112986 0.072653 -0.243014
v -13.113523 -0.633379 0.090417
v -13.114569 -0.652284 -0.194991
v -13.141958 -0.578248 0.086869
v -13.143003 -0.597152 -0.198539
v -13.169323 -0.526265 0.083526
v -13.170368 -0.545170 -0.201882
v -13.195620 -0.477432 0.080388
v -13.196665 -0.496336 -0.205020
v -13.220842 -0.431748 0.077454
v -13.221888 -0.450652 -0.207954
v -13.244999 -0.389212 0.074725
v -13.246044 -0.408117 -0.210683
v -13.268082 -0.349826 0.072201
v -13.269127 -0.368730 -0.213207
v -13.290092 -0.313589 0.069881
v -13.291138 -0.332493 -0.215527
v -13.311037 -0.280501 0.067766
v -13.312082 -0.299405 -0.217642
v -13.330906 -0.250561 0.065855
v -13.331951 -0.269465 -0.219553
v -13.349707 -0.223771 0.064150
v -13.350752 -0.242675 -0.221258
v -13.367435 -0.200130 0.062649
v -13.368481 -0.219034 -0.222759
v -13.384094 -0.179638 0.061352
v -13.385139 -0.198543 -0.224056
v -13.420109 -0.139749 0.058842
v -13.421154 -0.158653 -0.226566
v -13.457209 -0.103318 0.056564
v -13.458254 -0.122222 -0.228844
v -13.495394 -0.070346 0.054520
v -13.496439 -0.089250 -0.230888
v -13.534662 -0.040832 0.052709
v -13.535707 -0.059736 -0.232699
v -13.575016 -0.014776 0.051131
v -13.576061 -0.033681 -0.234277
v -13.616457 0.007820 0.049785
v -13.617502 -0.011084 -0.235623
v -13.658981 0.026959 0.048673
v -13.660027 0.008055 -0.236735
v -13.702591 0.042639 0.047794
v -13.703636 0.023735 -0.237614
v -13.747288 0.054861 0.047148
v -13.748333 0.035957 -0.238260
v -13.793068 0.063625 0.046735
v -13.794113 0.044720 -0.238673
v -13.839933 0.068929 0.046555
v -13.840979 0.050025 -0.238853
v -13.887884 0.070776 0.046608
v -13.888929 0.051871 -0.238800
v -13.907015 0.070193 0.046716
v -13.908060 0.051288 -0.238692
v -13.925608 0.068349 0.046906
v -13.926653 0.049445 -0.238502
v -13.943665 0.065246 0.047178
v -13.944710 0.046342 -0.238230
v -13.961184 0.060884 0.047531
v -13.962229 0.041980 -0.237877
v -13.978168 0.055261 0.047965
v -13.979214 0.036357 -0.237443
v -13.994619 0.048378 0.048481
v -13.995665 0.029474 -0.236927
v -14.010532 0.040236 0.049079
v -14.011578 0.021332 -0.236329
v -14.025908 0.030834 0.049758
v -14.026953 0.011930 -0.235650
v -14.040751 0.020172 0.050518
v -14.041796 0.001268 -0.234890
v -14.055052 0.008250 0.051360
v -14.056097 -0.010654 -0.234048
v -14.068823 -0.004932 0.052284
v -14.069868 -0.023836 -0.233124
v -14.082056 -0.019373 0.053289
v -14.083101 -0.038278 -0.232119
v -14.094482 -0.034603 0.054343
v -14.095528 -0.053508 -0.231065
v -14.105831 -0.050151 0.055414
v -14.106876 -0.069055 -0.229994
v -14.116102 -0.066016 0.056503
v -14.117147 -0.084920 -0.228905
v -14.125299 -0.082198 0.057608
v -14.126345 -0.101102 -0.227800
v -14.133417 -0.098697 0.058731
v -14.134462 -0.117601 -0.226677
v -14.140459 -0.115513 0.059870
v -14.141504 -0.134418 -0.225538
v -14.146421 -0.132647 0.061027
v -14.147467 -0.151551 -0.224381
v -14.151310 -0.150098 0.062201
v -14.152355 -0.169002 -0.223207
v -14.155121 -0.167866 0.063391
v -14.156166 -0.186770 -0.222017
v -14.157854 -0.185951 0.064599
v -14.158899 -0.204855 -0.220809
v -14.159512 -0.204354 0.065824
v -14.160557 -0.223258 -0.219584
v -14.160088 -0.223074 0.067066
v -14.161133 -0.241978 -0.218342
v -14.159723 -0.241639 0.068295
v -14.160769 -0.260544 -0.217113
v -14.158550 -0.259577 0.069478
v -14.159595 -0.278481 -0.215930
v -14.156569 -0.276887 0.070618
v -14.157614 -0.295791 -0.214790
v -14.153778 -0.293570 0.071713
v -14.154823 -0.312474 -0.213695
v -14.150175 -0.309625 0.072763
v -14.151220 -0.328530 -0.212645
v -14.145763 -0.325054 0.073769
v -14.146809 -0.343958 -0.211639
v -14.140541 -0.339854 0.074730
v -14.141586 -0.358759 -0.210678
v -14.134512 -0.354028 0.075647
v -14.135557 -0.372932 -0.209761
v -14.127670 -0.367574 0.076519
v -14.128716 -0.386478 -0.208889
v -14.120022 -0.380493 0.077347
v -14.121067 -0.399397 -0.208061
v -14.111561 -0.392785 0.078130
v -14.112606 -0.411689 -0.207278
v -14.102295 -0.404449 0.078868
v -14.103340 -0.423353 -0.206540
v -14.092216 -0.415329 0.079552
v -14.093262 -0.434233 -0.205856
v -14.081326 -0.425266 0.080171
v -14.082371 -0.444170 -0.205237
v -14.069628 -0.434262 0.080724
v -14.070673 -0.453166 -0.204684
v -14.057117 -0.442315 0.081211
v -14.058163 -0.461220 -0.204197
v -14.043797 -0.449427 0.081634
v -14.044842 -0.468331 -0.203774
v -14.029667 -0.455597 0.081991
v -14.030712 -0.474501 -0.203417
v -14.014725 -0.460824 0.082282
v -14.015770 -0.479728 -0.203126
v -13.998974 -0.465110 0.082509
v -14.000019 -0.484014 -0.202899
v -13.982410 -0.468454 0.082670
v -13.983456 -0.487358 -0.202738
v -13.965040 -0.470856 0.082765
v -13.966085 -0.489760 -0.202643
v -13.946859 -0.472315 0.082795
v -13.947905 -0.491220 -0.202613
vn -0.0036 -0.0661 -0.9978
vn -0.0039 -0.0661 -0.9978
vn -0.0037 -0.0661 -0.9978
vn 0.0036 0.0661 0.9978
vn 0.0034 0.0661 0.9978
vn 0.0037 0.0661 0.9978
vn -1.0000 -0.0057 0.0040
vn -0.6309 -0.7740 0.0536
vn 0.3817 -0.9223 0.0597
vn 0.3417 -0.9379 0.0609
vn 0.3022 -0.9512 0.0619
vn 0.2636 -0.9626 0.0628
vn 0.2260 -0.9720 0.0636
vn 0.1895 -0.9798 0.0642
vn 0.1543 -0.9859 0.0647
vn 0.1203 -0.9906 0.0652
vn 0.0877 -0.9940 0.0655
vn 0.0564 -0.9962 0.0658
vn 0.0265 -0.9975 0.0660
vn -0.0152 -0.9977 0.0661
vn -0.0777 -0.9948 0.0662
vn -0.1429 -0.9875 0.0659
vn -0.1979 -0.9780 0.0655
vn -0.2446 -0.9674 0.0650
vn -0.2845 -0.9565 0.0644
vn -0.3187 -0.9457 0.0638
vn -0.3483 -0.9352 0.0632
vn -0.3741 -0.9253 0.0627
vn -0.3967 -0.9158 0.0621
vn -0.4166 -0.9070 0.0616
vn -0.4343 -0.8987 0.0611
vn -0.4288 -0.9013 0.0613
vn -0.3903 -0.9186 0.0623
vn -0.3423 -0.9375 0.0633
vn -0.2969 -0.9527 0.0642
vn -0.2543 -0.9650 0.0648
vn -0.2144 -0.9746 0.0653
vn -0.1771 -0.9820 0.0657
vn -0.1425 -0.9876 0.0659
vn -0.1102 -0.9917 0.0661
vn -0.0802 -0.9946 0.0662
vn -0.0524 -0.9964 0.0662
vn -0.0265 -0.9975 0.0662
vn 0.0080 -0.9978 0.0661
vn 0.0634 -0.9958 0.0657
vn 0.1317 -0.9892 0.0650
vn 0.2023 -0.9772 0.0640
vn 0.2742 -0.9596 0.0626
vn 0.3461 -0.9362 0.0607
vn 0.4169 -0.9071 0.0586
vn 0.4852 -0.8726 0.0560
vn 0.5499 -0.8335 0.0532
vn 0.6101 -0.7907 0.0501
vn 0.6652 -0.7452 0.0469
vn 0.7147 -0.6981 0.0436
vn 0.7582 -0.6507 0.0403
vn 0.7968 -0.6032 0.0370
vn 0.8323 -0.5534 0.0336
vn 0.8651 -0.5008 0.0300
vn 0.8947 -0.4459 0.0263
vn 0.9208 -0.3895 0.0224
vn 0.9431 -0.3321 0.0185
vn 0.9615 -0.2744 0.0147
vn 0.9761 -0.2171 0.0108
vn 0.9870 -0.1608 0.0070
vn 0.9944 -0.1061 0.0034
vn 0.9986 -0.0533 -0.0001
vn 1.0000 -0.0031 -0.0035
vn 0.9989 0.0460 -0.0067
vn 0.9953 0.0965 -0.0100
vn 0.9887 0.1494 -0.0135
vn 0.9788 0.2043 -0.0171
vn 0.9652 0.2607 -0.0208
vn 0.9477 0.3182 -0.0245
vn 0.9262 0.3760 -0.0283
vn 0.9006 0.4335 -0.0320
vn 0.8710 0.4900 -0.0356
vn 0.8377 0.5447 -0.0391
vn 0.8012 0.5969 -0.0425
vn 0.7622 0.6457 -0.0456
vn 0.7203 0.6920 -0.0485
vn 0.6737 0.7372 -0.0513
vn 0.6215 0.7816 -0.0540
vn 0.5638 0.8240 -0.0566
vn 0.5010 0.8634 -0.0590
vn 0.4339 0.8989 -0.0611
vn 0.3633 0.9295 -0.0629
vn 0.2905 0.9547 -0.0643
vn 0.2168 0.9740 -0.0653
vn 0.1434 0.9875 -0.0659
vn 0.0717 0.9952 -0.0662
vn 0.0143 0.9977 -0.0661
vn -0.0180 0.9977 -0.0660
vn -0.0390 0.9971 -0.0659
vn -0.0611 0.9960 -0.0657
vn -0.0844 0.9943 -0.0655
vn -0.1088 0.9919 -0.0653
vn -0.1344 0.9888 -0.0650
vn -0.1613 0.9848 -0.0646
vn -0.1895 0.9798 -0.0642
vn -0.2190 0.9736 -0.0637
vn -0.2498 0.9662 -0.0631
vn -0.2819 0.9574 -0.0624
vn -0.3040 0.9506 -0.0619
vn -0.3042 0.9506 -0.0619
vn -0.2921 0.9544 -0.0621
vn -0.2785 0.9584 -0.0625
vn -0.2632 0.9627 -0.0628
vn -0.2456 0.9673 -0.0632
vn -0.2254 0.9722 -0.0636
vn -0.2020 0.9773 -0.0640
vn -0.1745 0.9826 -0.0644
vn -0.1418 0.9878 -0.0649
vn -0.1026 0.9926 -0.0654
vn -0.0549 0.9963 -0.0658
vn 0.0051 0.9978 -0.0661
vn 0.0751 0.9950 -0.0662
vn 0.1468 0.9870 -0.0659
vn 0.2163 0.9741 -0.0653
vn 0.2827 0.9570 -0.0644
vn 0.3453 0.9364 -0.0633
vn 0.4036 0.9128 -0.0619
vn 0.4574 0.8872 -0.0604
vn 0.5067 0.8601 -0.0588
vn 0.5514 0.8323 -0.0571
vn 0.5919 0.8041 -0.0554
vn 0.6284 0.7761 -0.0537
vn -0.3521 0.9340 -0.0606
vn -0.9205 -0.3898 0.0292
vn 0.3543 -0.9332 0.0605
vn 0.8508 -0.5246 0.0316
vn 0.8460 -0.5323 0.0322
vn 0.8407 -0.5404 0.0327
vn 0.8350 -0.5492 0.0333
vn 0.8287 -0.5587 0.0340
vn 0.8217 -0.5688 0.0347
vn 0.8140 -0.5798 0.0354
vn 0.8054 -0.5916 0.0362
vn 0.7958 -0.6045 0.0371
vn 0.7849 -0.6184 0.0381
vn 0.7727 -0.6336 0.0391
vn 0.7529 -0.6569 0.0408
vn 0.7182 -0.6945 0.0434
vn 0.6723 -0.7388 0.0465
vn 0.6208 -0.7824 0.0496
vn 0.5638 -0.8242 0.0525
vn 0.5015 -0.8634 0.0554
vn 0.4346 -0.8987 0.0579
vn 0.3640 -0.9294 0.0602
vn 0.2908 -0.9548 0.0622
vn 0.2163 -0.9742 0.0637
vn 0.1419 -0.9878 0.0649
vn 0.0688 -0.9955 0.0657
vn -0.0015 -0.9978 0.0661
vn -0.0704 -0.9953 0.0662
vn -0.1410 -0.9878 0.0659
vn -0.2135 -0.9748 0.0653
vn -0.2866 -0.9559 0.0644
vn -0.3591 -0.9312 0.0630
vn -0.4297 -0.9009 0.0612
vn -0.4972 -0.8656 0.0592
vn -0.5606 -0.8262 0.0568
vn -0.6190 -0.7835 0.0542
vn -0.6720 -0.7387 0.0514
vn -0.7195 -0.6928 0.0485
vn -0.7663 -0.6409 0.0453
vn -0.8155 -0.5773 0.0412
vn -0.8606 -0.5080 0.0368
vn -0.8974 -0.4401 0.0324
vn -0.9266 -0.3751 0.0282
vn -0.9492 -0.3137 0.0242
vn -0.9664 -0.2563 0.0205
vn -0.9790 -0.2033 0.0170
vn -0.9879 -0.1546 0.0139
vn -0.9939 -0.1100 0.0109
vn -0.9976 -0.0692 0.0082
vn -0.9995 -0.0319 0.0058
vn -1.0000 0.0053 0.0033
vn -0.9988 0.0483 0.0005
vn -0.9953 0.0966 -0.0028
vn -0.9890 0.1475 -0.0062
vn -0.9796 0.2008 -0.0097
vn -0.9666 0.2561 -0.0134
vn -0.9496 0.3130 -0.0173
vn -0.9284 0.3710 -0.0212
vn -0.9028 0.4292 -0.0251
vn -0.8729 0.4871 -0.0291
vn -0.8387 0.5436 -0.0329
vn -0.8006 0.5981 -0.0367
vn -0.7586 0.6503 -0.0403
vn -0.7117 0.7011 -0.0438
vn -0.6591 0.7506 -0.0473
vn -0.6011 0.7976 -0.0506
vn -0.5384 0.8410 -0.0537
vn -0.4719 0.8798 -0.0566
vn -0.4027 0.9134 -0.0590
vn -0.3320 0.9413 -0.0611
vn -0.2613 0.9632 -0.0628
vn -0.1916 0.9794 -0.0642
vn -0.1240 0.9901 -0.0651
vn -0.0594 0.9961 -0.0658
vn -0.0053 0.9978 -0.0661
vn 0.0337 0.9972 -0.0662
vn 0.0680 0.9955 -0.0662
vn 0.1058 0.9922 -0.0661
vn 0.1475 0.9869 -0.0659
vn 0.1934 0.9789 -0.0655
vn 0.2438 0.9676 -0.0650
vn 0.2990 0.9521 -0.0642
vn 0.3590 0.9312 -0.0630
vn 0.4236 0.9038 -0.0614
vn 0.4922 0.8684 -0.0593
vn 0.5637 0.8240 -0.0566
vn 0.6245 0.7792 -0.0539
vn 0.6678 0.7425 -0.0516
vn 0.7057 0.7067 -0.0494
vn 0.7451 0.6653 -0.0468
vn 0.7853 0.6176 -0.0438
vn 0.8256 0.5629 -0.0403
vn 0.8649 0.5007 -0.0363
vn 0.9018 0.4310 -0.0318
vn 0.9349 0.3539 -0.0269
vn 0.9625 0.2704 -0.0214
vn 0.9832 0.1819 -0.0156
vn 0.9959 0.0902 -0.0096
vn 0.9998 0.0208 -0.0050
vn 0.9999 -0.0105 -0.0030
vn 0.9994 -0.0359 -0.0013
vn 0.9974 -0.0723 0.0011
vn 0.9937 -0.1122 0.0038
vn 0.9877 -0.1561 0.0067
vn 0.9789 -0.2041 0.0099
vn 0.9664 -0.2566 0.0135
vn 0.9494 -0.3136 0.0173
vn 0.9268 -0.3750 0.0215
vn 0.8974 -0.4405 0.0259
vn 0.8602 -0.5091 0.0306
vn 0.8142 -0.5796 0.0354
vn 0.7589 -0.6500 0.0403
vn 0.6956 -0.7170 0.0449
vn 0.6269 -0.7776 0.0492
vn 0.5547 -0.8303 0.0530
vn 0.4812 -0.8748 0.0562
vn 0.4083 -0.9109 0.0588
vn 0.3375 -0.9393 0.0610
vn 0.2701 -0.9608 0.0627
vn 0.2067 -0.9763 0.0639
vn 0.1479 -0.9869 0.0648
vn 0.0936 -0.9935 0.0655
vn 0.0438 -0.9969 0.0659
vn 0.0089 -0.9978 0.0661
vn 0.7617 0.6463 -0.0456
vn -0.7589 0.6500 -0.0403
vn -0.7617 -0.6463 0.0456
vn -0.0133 -0.9977 0.0661
vn -0.0481 -0.9966 0.0662
vn -0.0979 -0.9930 0.0661
vn -0.1522 -0.9862 0.0659
vn -0.2110 -0.9753 0.0654
vn -0.2743 -0.9595 0.0646
vn -0.3416 -0.9377 0.0634
vn -0.4123 -0.9090 0.0617
vn -0.4850 -0.8725 0.0596
vn -0.5583 -0.8277 0.0569
vn -0.6303 -0.7745 0.0536
vn -0.6988 -0.7136 0.0498
vn -0.8167 -0.5756 0.0411
vn -0.8624 -0.5049 0.0366
vn -0.8993 -0.4361 0.0322
vn -0.9284 -0.3706 0.0279
vn -0.9507 -0.3090 0.0239
vn -0.9675 -0.2520 0.0202
vn -0.9798 -0.1994 0.0168
vn -0.9884 -0.1513 0.0136
vn -0.9942 -0.1074 0.0108
vn -0.9977 -0.0675 0.0081
vn -0.9995 -0.0311 0.0057
vn 0.3693 0.9272 -0.0628
vn 0.3539 0.9332 -0.0631
vn 0.3423 0.9375 -0.0633
vn 0.3307 0.9416 -0.0636
vn 0.3192 0.9455 -0.0638
vn 0.3078 0.9493 -0.0640
vn 0.2965 0.9529 -0.0642
vn 0.2852 0.9563 -0.0644
vn 0.2740 0.9596 -0.0646
vn 0.2629 0.9627 -0.0647
vn 0.2518 0.9656 -0.0649
vn 0.2409 0.9684 -0.0650
vn 0.8119 0.5823 -0.0415
vn 0.9998 0.0179 -0.0048
vn 1.0000 -0.0028 -0.0035
vn 0.9996 -0.0266 -0.0019
vn 0.9985 -0.0541 -0.0001
vn 0.9963 -0.0862 0.0021
vn 0.9922 -0.1242 0.0046
vn 0.9855 -0.1695 0.0076
vn 0.9745 -0.2239 0.0113
vn 0.9569 -0.2901 0.0157
vn 0.9286 -0.3706 0.0212
vn 0.8832 -0.4681 0.0278
vn 0.8178 -0.5745 0.0351
vn 0.7550 -0.6544 0.0406
vn 0.7040 -0.7088 0.0444
vn 0.6465 -0.7614 0.0481
vn 0.5827 -0.8111 0.0516
vn 0.5136 -0.8563 0.0548
vn 0.4403 -0.8960 0.0577
vn 0.3644 -0.9293 0.0602
vn 0.2875 -0.9558 0.0623
vn 0.2111 -0.9754 0.0638
vn 0.1368 -0.9885 0.0650
vn 0.0656 -0.9957 0.0657
vn -0.0002 -0.9978 0.0661
vn -0.0621 -0.9959 0.0662
vn -0.1260 -0.9898 0.0660
vn -0.1943 -0.9788 0.0655
vn -0.2662 -0.9617 0.0647
vn -0.3408 -0.9380 0.0634
vn -0.4168 -0.9069 0.0616
vn -0.4924 -0.8683 0.0593
vn -0.5659 -0.8225 0.0565
vn -0.6356 -0.7702 0.0533
vn -0.6998 -0.7126 0.0498
vn -0.7575 -0.6512 0.0459
vn -0.8014 -0.5967 0.0425
vn -0.8286 -0.5584 0.0400
vn -0.8493 -0.5265 0.0380
vn -0.8702 -0.4913 0.0357
vn -0.8911 -0.4526 0.0332
vn -0.9116 -0.4100 0.0305
vn -0.9313 -0.3633 0.0275
vn -0.9497 -0.3123 0.0242
vn -0.9662 -0.2571 0.0206
vn -0.9801 -0.1976 0.0167
vn -0.9909 -0.1341 0.0125
vn -0.9977 -0.0671 0.0081
vn -0.9995 -0.0321 0.0058
vn -0.9976 -0.0695 0.0082
vn -0.9882 -0.1526 0.0137
vn -0.9681 -0.2497 0.0201
vn -0.9323 -0.3608 0.0273
vn -0.8748 -0.4833 0.0352
vn -0.7907 -0.6107 0.0433
vn -0.6789 -0.7325 0.0510
vn -0.5445 -0.8368 0.0574
vn -0.3985 -0.9151 0.0621
vn -0.2540 -0.9650 0.0648
vn -0.1209 -0.9905 0.0660
vn -0.0070 -0.9978 0.0661
vn 0.0963 -0.9932 0.0654
vn 0.2084 -0.9759 0.0639
vn 0.3347 -0.9404 0.0611
vn 0.4698 -0.8809 0.0566
vn 0.6047 -0.7948 0.0504
vn 0.7276 -0.6846 0.0427
vn 0.8288 -0.5585 0.0340
vn 0.9035 -0.4278 0.0250
vn 0.9531 -0.3023 0.0165
vn 0.9820 -0.1886 0.0089
vn 0.9960 -0.0892 0.0023
vn 1.0000 -0.0002 -0.0036
vn 0.9963 0.0857 -0.0093
vn 0.9856 0.1686 -0.0148
vn 0.9694 0.2445 -0.0197
vn 0.9494 0.3132 -0.0242
vn 0.9267 0.3747 -0.0282
vn 0.9026 0.4293 -0.0317
vn 0.8779 0.4776 -0.0348
vn 0.8532 0.5202 -0.0376
vn 0.8291 0.5577 -0.0400
vn 0.8057 0.5909 -0.0421
vn 0.7833 0.6201 -0.0439
vn 0.7519 0.6577 -0.0463
vn 0.6982 0.7142 -0.0499
vn 0.6291 0.7755 -0.0537
vn 0.5567 0.8288 -0.0569
vn 0.4831 0.8735 -0.0596
vn 0.4102 0.9099 -0.0618
vn 0.3396 0.9384 -0.0634
vn 0.2724 0.9600 -0.0646
vn 0.2094 0.9756 -0.0654
vn 0.1509 0.9864 -0.0659
vn 0.0970 0.9931 -0.0661
vn 0.0477 0.9967 -0.0662
vn 0.0013 0.9978 -0.0661
vn -0.0469 0.9967 -0.0658
vn -0.0997 0.9929 -0.0654
vn -0.1568 0.9855 -0.0647
vn -0.2181 0.9738 -0.0637
vn -0.2834 0.9570 -0.0624
vn -0.3518 0.9341 -0.0606
vn -0.4227 0.9044 -0.0584
vn -0.4945 0.8674 -0.0556
vn -0.5657 0.8229 -0.0524
vn -0.6347 0.7712 -0.0488
vn -0.6996 0.7132 -0.0447
vn -0.7525 0.6574 -0.0408
vn -0.7893 0.6128 -0.0377
vn -0.8192 0.5724 -0.0349
vn -0.8485 0.5283 -0.0319
vn -0.8765 0.4805 -0.0286
vn -0.9030 0.4290 -0.0251
vn -0.9271 0.3741 -0.0214
vn -0.9485 0.3162 -0.0175
vn -0.9666 0.2558 -0.0134
vn -0.9811 0.1935 -0.0092
vn -0.9915 0.1300 -0.0050
vn -0.9978 0.0661 -0.0007
vn -0.9998 0.0183 0.0024
vn -0.9999 0.0135 0.0028
vn -0.9988 0.0500 0.0003
vn -0.9944 0.1056 -0.0034
vn -0.9850 0.1721 -0.0078
vn -0.9676 0.2521 -0.0132
vn -0.9374 0.3477 -0.0196
vn -0.8877 0.4597 -0.0272
vn -0.8098 0.5856 -0.0358
vn -0.6957 0.7169 -0.0449
vn -0.5436 0.8377 -0.0535
vn -0.3633 0.9297 -0.0603
vn -0.1755 0.9824 -0.0644
vn -0.0153 0.9977 -0.0660
vn 0.1036 0.9924 -0.0661
vn 0.2083 0.9759 -0.0654
vn 0.3138 0.9473 -0.0639
vn 0.4163 0.9071 -0.0616
vn 0.5122 0.8568 -0.0586
vn 0.5988 0.7990 -0.0551
vn 0.6744 0.7366 -0.0513
vn 0.7386 0.6725 -0.0472
vn 0.7920 0.6089 -0.0432
vn 0.8357 0.5477 -0.0393
vn 0.8710 0.4899 -0.0356
vn 0.1385 0.9882 -0.0660
vn -0.9973 0.0740 -0.0013
vn -0.8403 -0.5407 0.0389
vn -0.8046 -0.5924 0.0422
vn -0.7613 -0.6468 0.0456
vn -0.7093 -0.7032 0.0492
vn -0.6478 -0.7600 0.0527
vn -0.5761 -0.8154 0.0561
vn -0.4944 -0.8672 0.0592
vn -0.4038 -0.9127 0.0619
vn -0.3063 -0.9498 0.0640
vn -0.2048 -0.9766 0.0654
vn -0.1025 -0.9925 0.0661
vn -0.0114 -0.9977 0.0661
vn 0.0611 -0.9960 0.0657
vn 0.1273 -0.9897 0.0651
vn 0.1961 -0.9785 0.0641
vn 0.2667 -0.9617 0.0627
vn 0.3380 -0.9392 0.0610
vn 0.4087 -0.9108 0.0588
vn 0.4776 -0.8768 0.0563
vn 0.5433 -0.8378 0.0535
vn 0.6050 -0.7946 0.0504
vn 0.6617 -0.7483 0.0471
vn 0.7130 -0.6998 0.0437
vn 0.7654 -0.6423 0.0397
vn 0.8204 -0.5708 0.0348
vn 0.8672 -0.4971 0.0298
vn 0.9019 -0.4311 0.0253
vn 0.9277 -0.3727 0.0213
vn 0.9468 -0.3214 0.0178
vn 0.9609 -0.2763 0.0148
vn 0.9715 -0.2367 0.0121
vn 0.9794 -0.2018 0.0098
vn 0.9853 -0.1709 0.0077
vn 0.9896 -0.1434 0.0059
vn 0.9929 -0.1189 0.0042
vn 0.4355 -0.8983 0.0579
vn -0.6571 -0.7520 0.0522
vn -0.6211 -0.7819 0.0541
vn -0.5807 -0.8122 0.0559
vn -0.5356 -0.8425 0.0578
vn -0.4853 -0.8723 0.0596
vn -0.4298 -0.9009 0.0612
vn -0.3689 -0.9273 0.0628
vn -0.3030 -0.9508 0.0641
vn -0.2324 -0.9704 0.0651
vn -0.1580 -0.9852 0.0658
vn -0.0808 -0.9945 0.0662
vn -0.0095 -0.9978 0.0661
vn 0.0492 -0.9966 0.0658
vn 0.1042 -0.9924 0.0654
vn 0.1634 -0.9844 0.0646
vn 0.2264 -0.9720 0.0636
vn 0.2929 -0.9541 0.0621
vn 0.3620 -0.9302 0.0603
vn 0.4327 -0.8997 0.0580
vn 0.5036 -0.8621 0.0553
vn 0.5733 -0.8177 0.0521
vn 0.6399 -0.7669 0.0485
vn 0.7022 -0.7106 0.0445
vn 0.7564 -0.6528 0.0405
vn 0.8010 -0.5976 0.0367
vn 0.8393 -0.5427 0.0329
vn 0.8736 -0.4858 0.0290
vn 0.9036 -0.4277 0.0250
vn 0.9291 -0.3693 0.0211
vn 0.9502 -0.3113 0.0171
vn 0.9670 -0.2545 0.0133
vn 0.9799 -0.1993 0.0096
vn 0.9892 -0.1463 0.0061
vn 0.9954 -0.0958 0.0027
vn 0.9989 -0.0479 -0.0005
vn 1.0000 0.0025 -0.0038
vn 0.9980 0.0620 -0.0078
vn 0.9919 0.1265 -0.0120
vn 0.9816 0.1905 -0.0162
vn 0.9672 0.2532 -0.0203
vn 0.9492 0.3138 -0.0243
vn 0.9279 0.3718 -0.0280
vn 0.9039 0.4266 -0.0316
vn 0.8777 0.4779 -0.0349
vn 0.8500 0.5255 -0.0379
vn 0.8211 0.5693 -0.0407
vn 0.7916 0.6095 -0.0433
vn 0.7605 0.6477 -0.0457
vn 0.7260 0.6860 -0.0481
vn 0.6897 0.7224 -0.0504
vn 0.6533 0.7553 -0.0524
vn 0.6172 0.7849 -0.0542
vn 0.5818 0.8114 -0.0559
vn 0.5473 0.8350 -0.0573
vn 0.5138 0.8559 -0.0586
vn 0.4815 0.8744 -0.0597
vn 0.4506 0.8907 -0.0606
vn 0.4209 0.9050 -0.0615
vn 0.3927 0.9176 -0.0622
vn 0.9515 0.3066 -0.0238
vn 0.6576 -0.7518 0.0474
vn -0.3276 -0.9427 0.0636
vn -0.3303 -0.9417 0.0636
vn -0.3334 -0.9406 0.0635
vn -0.3369 -0.9394 0.0635
vn -0.3410 -0.9379 0.0634
vn -0.3457 -0.9362 0.0633
vn -0.3512 -0.9342 0.0632
vn -0.3578 -0.9317 0.0630
vn -0.3657 -0.9286 0.0628
vn -0.3756 -0.9247 0.0626
vn -0.3882 -0.9195 0.0623
vn -0.4011 -0.9139 0.0620
vn -0.4207 -0.9051 0.0615
vn -0.4486 -0.8917 0.0607
vn -0.4774 -0.8766 0.0598
vn -0.5072 -0.8598 0.0588
vn -0.5378 -0.8411 0.0577
vn -0.5691 -0.8203 0.0564
vn -0.6010 -0.7974 0.0550
vn -0.6333 -0.7721 0.0535
vn -0.6658 -0.7443 0.0517
vn -0.6982 -0.7141 0.0499
vn -0.7304 -0.6814 0.0478
vn -0.7630 -0.6448 0.0455
vn -0.7969 -0.6026 0.0428
vn -0.8304 -0.5557 0.0398
vn -0.8619 -0.5057 0.0366
vn -0.8910 -0.4528 0.0333
vn -0.9171 -0.3977 0.0297
vn -0.9398 -0.3407 0.0260
vn -0.9590 -0.2827 0.0222
vn -0.9744 -0.2241 0.0184
vn -0.9861 -0.1658 0.0146
vn -0.9941 -0.1083 0.0108
vn -0.9986 -0.0522 0.0071
vn -1.0000 -0.0002 0.0037
vn -0.9989 0.0468 0.0006
vn -0.9956 0.0937 -0.0026
vn -0.9896 0.1434 -0.0059
vn -0.9806 0.1957 -0.0094
vn -0.9681 0.2504 -0.0130
vn -0.9516 0.3070 -0.0169
vn -0.9308 0.3650 -0.0208
vn -0.9054 0.4238 -0.0248
vn -0.8754 0.4825 -0.0288
vn -0.8408 0.5403 -0.0327
vn -0.8019 0.5964 -0.0366
vn -0.7112 0.7016 -0.0439
vn -0.6580 0.7515 -0.0474
vn -0.5995 0.7988 -0.0507
vn -0.5364 0.8423 -0.0538
vn -0.4695 0.8811 -0.0566
vn -0.4002 0.9145 -0.0591
vn -0.3296 0.9421 -0.0612
vn -0.2591 0.9638 -0.0629
vn -0.1898 0.9797 -0.0642
vn -0.1228 0.9903 -0.0651
vn -0.0587 0.9961 -0.0658
vn -0.0059 0.9978 -0.0661
vn 0.0301 0.9974 -0.0662
vn 0.0599 0.9960 -0.0662
vn 0.0922 0.9935 -0.0661
vn 0.1270 0.9897 -0.0660
vn 0.1645 0.9842 -0.0658
vn 0.2049 0.9766 -0.0654
vn 0.2482 0.9665 -0.0649
vn 0.2946 0.9535 -0.0642
vn 0.3440 0.9368 -0.0633
vn 0.3962 0.9161 -0.0621
vn 0.4509 0.8905 -0.0606
vn 0.4992 0.8645 -0.0591
vn 0.5323 0.8446 -0.0579
vn 0.5579 0.8280 -0.0569
vn 0.5837 0.8101 -0.0558
vn 0.6096 0.7908 -0.0546
vn 0.6356 0.7702 -0.0533
vn 0.6615 0.7482 -0.0520
vn 0.6872 0.7248 -0.0505
vn 0.7125 0.6999 -0.0490
vn 0.7375 0.6737 -0.0473
vn 0.7618 0.6462 -0.0456
vn 0.7854 0.6175 -0.0438
vn -0.1029 0.9925 -0.0654
vn 0.7894 0.6123 -0.0434
vn 0.7526 0.6568 -0.0463
vn 0.7094 0.7031 -0.0492
vn 0.6588 0.7505 -0.0521
vn 0.6003 0.7979 -0.0550
vn 0.5333 0.8439 -0.0578
vn 0.4580 0.8869 -0.0604
vn 0.3751 0.9249 -0.0626
vn 0.2858 0.9561 -0.0644
vn 0.1923 0.9791 -0.0656
vn 0.0152 0.9977 -0.0661
vn -0.0415 0.9970 -0.0659
vn -0.0890 0.9939 -0.0655
vn -0.1411 0.9879 -0.0649
vn -0.1981 0.9781 -0.0641
vn -0.2599 0.9636 -0.0629
vn -0.3264 0.9432 -0.0613
vn -0.3970 0.9159 -0.0592
vn -0.4707 0.8805 -0.0566
vn -0.5458 0.8362 -0.0534
vn -0.6205 0.7826 -0.0496
vn -0.6924 0.7201 -0.0452
vn -0.7600 0.6487 -0.0402
vn -0.8201 0.5711 -0.0348
vn -0.8690 0.4940 -0.0295
vn -0.9067 0.4210 -0.0246
vn -0.9352 0.3535 -0.0200
vn -0.9563 0.2919 -0.0158
vn -0.9716 0.2362 -0.0121
vn -0.9825 0.1861 -0.0087
vn -0.9900 0.1411 -0.0057
vn -0.9949 0.1008 -0.0030
vn -0.9979 0.0646 -0.0006
vn -0.9995 0.0321 0.0015
vn -0.9999 0.0095 0.0030
vn -0.9999 0.0105 0.0030
vn -0.9994 0.0359 0.0013
vn -0.9974 0.0723 -0.0011
vn -0.9937 0.1122 -0.0038
vn -0.9877 0.1561 -0.0067
vn -0.9789 0.2041 -0.0099
vn -0.9664 0.2566 -0.0135
vn -0.9494 0.3136 -0.0173
vn -0.9268 0.3750 -0.0215
vn -0.8974 0.4405 -0.0259
vn -0.8602 0.5091 -0.0306
vn -0.8141 0.5796 -0.0354
vn -0.6956 0.7170 -0.0449
vn -0.6269 0.7776 -0.0492
vn -0.5547 0.8303 -0.0530
vn -0.4812 0.8748 -0.0562
vn -0.4083 0.9109 -0.0588
vn -0.3375 0.9393 -0.0610
vn -0.2701 0.9608 -0.0627
vn -0.2067 0.9763 -0.0639
vn -0.1478 0.9869 -0.0648
vn -0.0936 0.9935 -0.0655
vn -0.0438 0.9969 -0.0659
vn -0.0089 0.9978 -0.0661
vn 0.0133 0.9977 -0.0661
vn 0.0481 0.9966 -0.0662
vn 0.0979 0.9930 -0.0661
vn 0.1522 0.9862 -0.0659
vn 0.2110 0.9753 -0.0654
vn 0.2743 0.9595 -0.0646
vn 0.3416 0.9377 -0.0634
vn 0.4123 0.9090 -0.0617
vn 0.4851 0.8725 -0.0596
vn 0.5583 0.8277 -0.0569
vn 0.6303 0.7745 -0.0536
vn 0.6988 0.7136 -0.0498
vn 0.8167 0.5756 -0.0411
vn 0.8624 0.5049 -0.0366
vn 0.8993 0.4361 -0.0322
vn 0.9284 0.3706 -0.0279
vn 0.9507 0.3090 -0.0239
vn 0.9675 0.2520 -0.0202
vn 0.9798 0.1994 -0.0168
vn 0.9884 0.1513 -0.0136
vn 0.9942 0.1074 -0.0108
vn 0.9977 0.0675 -0.0081
vn 0.9995 0.0311 -0.0057
vn 1.0000 0.0057 -0.0040
vn 1.0000 -0.0085 -0.0031
vn 0.9996 -0.0279 -0.0018
vn 0.9984 -0.0561 0.0001
vn 0.9961 -0.0879 0.0022
vn 0.9923 -0.1239 0.0046
vn 0.9863 -0.1649 0.0073
vn 0.9773 -0.2116 0.0104
vn 0.9641 -0.2651 0.0140
vn 0.9452 -0.3261 0.0181
vn 0.9182 -0.3954 0.0228
vn 0.8804 -0.4734 0.0281
vn 0.8283 -0.5593 0.0340
vn 0.7683 -0.6389 0.0395
vn 0.7158 -0.6970 0.0435
vn 0.6673 -0.7433 0.0468
vn 0.6133 -0.7882 0.0500
vn 0.5541 -0.8308 0.0530
vn 0.4901 -0.8699 0.0558
vn 0.4221 -0.9046 0.0584
vn 0.3514 -0.9343 0.0606
vn 0.2790 -0.9583 0.0625
vn 0.2064 -0.9764 0.0639
vn 0.1346 -0.9888 0.0650
vn 0.0650 -0.9957 0.0657
vn -0.0126 -0.9977 0.0661
vn -0.1086 -0.9919 0.0661
vn -0.2106 -0.9754 0.0654
vn -0.3056 -0.9500 0.0640
vn -0.3915 -0.9181 0.0622
vn -0.4678 -0.8818 0.0601
vn -0.5344 -0.8433 0.0578
vn -0.5919 -0.8041 0.0554
vn -0.6413 -0.7655 0.0530
vn -0.6835 -0.7282 0.0507
vn -0.7503 -0.6594 0.0464
vn -0.9440 -0.3289 0.0252
vn -0.9268 0.3751 -0.0215
vn -0.8142 0.5796 -0.0354
vn -0.3376 0.9393 -0.0610
vn 0.4850 0.8725 -0.0596
vn 0.8282 -0.5593 0.0340
vn 0.7662 -0.6414 0.0397
vn 0.7067 -0.7061 0.0442
vn 0.6489 -0.7594 0.0479
vn 0.5862 -0.8086 0.0514
vn 0.5196 -0.8527 0.0546
vn 0.4505 -0.8909 0.0574
vn 0.3802 -0.9230 0.0597
vn 0.3102 -0.9487 0.0617
vn 0.2417 -0.9683 0.0633
vn 0.1756 -0.9823 0.0644
vn 0.1128 -0.9915 0.0653
vn 0.0536 -0.9964 0.0658
vn -0.0185 -0.9976 0.0661
vn -0.1194 -0.9906 0.0661
vn -0.2292 -0.9712 0.0652
vn -0.3283 -0.9424 0.0636
vn -0.4153 -0.9076 0.0616
vn -0.4904 -0.8694 0.0594
vn -0.5544 -0.8303 0.0570
vn -0.6085 -0.7916 0.0547
vn -0.6542 -0.7545 0.0524
vn -0.6928 -0.7194 0.0502
vn -0.7254 -0.6867 0.0481
vn -0.7531 -0.6563 0.0462
vn -0.9443 -0.3280 0.0252
vn 0.9507 0.3091 -0.0239
vn 0.9268 -0.3751 0.0215
vn 0.1478 -0.9869 0.0648
vn 0.0153 0.9977 -0.0661
vn 0.0552 0.9963 -0.0662
vn 0.1093 0.9918 -0.0661
vn 0.1644 0.9842 -0.0658
vn 0.2198 0.9733 -0.0653
vn 0.2751 0.9592 -0.0645
vn 0.3298 0.9419 -0.0636
vn 0.3831 0.9216 -0.0624
vn 0.4348 0.8984 -0.0611
vn 0.4843 0.8729 -0.0596
vn 0.5313 0.8452 -0.0579
vn 0.5755 0.8159 -0.0561
vn -0.5400 0.8399 -0.0537
vn -0.4216 0.9049 -0.0584
vn 0.7627 0.6451 -0.0455
vn 0.7298 0.6820 -0.0478
vn 0.6913 0.7208 -0.0503
vn 0.6463 0.7613 -0.0528
vn 0.5938 0.8027 -0.0553
vn 0.5331 0.8440 -0.0579
vn 0.4636 0.8840 -0.0602
vn 0.3851 0.9208 -0.0624
vn 0.2980 0.9524 -0.0642
vn 0.2036 0.9769 -0.0654
vn 0.1041 0.9924 -0.0661
vn 0.0029 0.9978 -0.0661
vn -0.0995 0.9929 -0.0654
vn -0.2050 0.9767 -0.0639
vn -0.3118 0.9481 -0.0617
vn -0.4159 0.9075 -0.0586
vn -0.5135 0.8563 -0.0548
vn -0.6017 0.7971 -0.0506
vn -0.6786 0.7330 -0.0461
vn -0.7439 0.6670 -0.0415
vn -0.7979 0.6016 -0.0369
vn -0.8419 0.5387 -0.0326
vn -0.8771 0.4794 -0.0285
vn 0.2403 0.9685 -0.0650
vn -0.9756 0.2195 -0.0110
vn -0.9373 -0.3475 0.0264
vn -0.9188 -0.3936 0.0294
vn -0.8973 -0.4403 0.0324
vn -0.8726 -0.4872 0.0355
vn -0.8447 -0.5339 0.0384
vn -0.8137 -0.5798 0.0414
vn -0.7798 -0.6245 0.0442
vn -0.7431 -0.6675 0.0469
vn -0.7041 -0.7084 0.0495
vn -0.6630 -0.7468 0.0519
vn -0.6204 -0.7824 0.0541
vn -0.5831 -0.8105 0.0558
vn -0.5478 -0.8346 0.0573
vn -0.5069 -0.8600 0.0588
vn -0.4633 -0.8841 0.0603
vn -0.4174 -0.9066 0.0616
vn -0.3692 -0.9272 0.0628
vn -0.3192 -0.9455 0.0638
vn -0.2676 -0.9614 0.0647
vn -0.2149 -0.9744 0.0653
vn -0.1616 -0.9847 0.0658
vn -0.1081 -0.9919 0.0661
vn -0.0548 -0.9963 0.0662
vn 0.0542 -0.9964 0.0658
vn 0.1139 -0.9913 0.0652
vn 0.1773 -0.9821 0.0644
vn 0.2437 -0.9678 0.0632
vn 0.3125 -0.9479 0.0616
vn 0.3826 -0.9220 0.0597
vn 0.4528 -0.8898 0.0573
vn 0.5216 -0.8514 0.0545
vn 0.5878 -0.8074 0.0513
vn 0.6500 -0.7584 0.0479
vn 0.7073 -0.7056 0.0441
vn 0.7572 -0.6519 0.0404
vn 0.7996 -0.5995 0.0368
vn 0.8370 -0.5462 0.0331
vn 0.8708 -0.4907 0.0293
vn 0.9007 -0.4337 0.0254
vn 0.9264 -0.3759 0.0215
vn 0.9479 -0.3180 0.0176
vn 0.9653 -0.2609 0.0137
vn 0.9787 -0.2050 0.0100
vn 0.9885 -0.1509 0.0064
vn 0.9951 -0.0990 0.0029
vn 0.9988 -0.0496 -0.0004
vn 1.0000 -0.0024 -0.0035
vn 0.9990 0.0445 -0.0066
vn 0.9956 0.0935 -0.0098
vn 0.9894 0.1445 -0.0132
vn 0.9802 0.1973 -0.0167
vn 0.9676 0.2515 -0.0202
vn 0.9317 0.3621 -0.0274
vn 0.9082 0.4173 -0.0310
vn 0.8811 0.4716 -0.0345
vn 0.8506 0.5244 -0.0378
vn 0.8170 0.5751 -0.0411
vn 0.7800 0.6242 -0.0442
vn 0.7364 0.6749 -0.0474
vn 0.6850 0.7268 -0.0506
vn 0.6276 0.7767 -0.0537
vn 0.5647 0.8234 -0.0566
vn 0.4972 0.8656 -0.0592
vn 0.4262 0.9025 -0.0613
vn 0.3531 0.9335 -0.0631
vn 0.2793 0.9580 -0.0645
vn 0.2063 0.9763 -0.0654
vn 0.1352 0.9886 -0.0660
vn 0.0671 0.9955 -0.0662
vn 0.0030 0.9978 -0.0661
vn -0.0596 0.9961 -0.0658
vn -0.1243 0.9901 -0.0651
vn -0.1920 0.9793 -0.0642
vn -0.2618 0.9631 -0.0628
vn -0.3326 0.9411 -0.0611
vn -0.4032 0.9132 -0.0590
vn -0.4724 0.8796 -0.0565
vn -0.5389 0.8407 -0.0537
vn -0.6015 0.7973 -0.0506
vn -0.6593 0.7504 -0.0473
vn -0.7119 0.7010 -0.0438
vn -0.7268 0.6855 -0.0427
vn -0.7458 0.6649 -0.0413
vn -0.7978 0.6018 -0.0369
vn -0.8432 0.5367 -0.0325
vn -0.8817 0.4710 -0.0280
vn -0.9135 0.4062 -0.0236
vn -0.9390 0.3432 -0.0193
vn -0.9590 0.2830 -0.0152
vn -0.9740 0.2261 -0.0114
vn -0.9850 0.1727 -0.0078
vn -0.9924 0.1229 -0.0045
vn -0.9970 0.0769 -0.0014
vn -0.7809 -0.6231 0.0441
vn -0.7574 -0.6513 0.0459
vn -0.9999 0.0108 0.0029
vn -0.9986 0.0525 0.0002
vn -0.9950 0.0993 -0.0029
vn -0.9884 0.1520 -0.0065
vn -0.9775 0.2109 -0.0104
vn -0.9609 0.2765 -0.0148
vn -0.9369 0.3491 -0.0197
vn -0.9034 0.4280 -0.0250
vn -0.8583 0.5122 -0.0308
vn -0.7998 0.5991 -0.0368
vn -0.7128 0.7000 -0.0438
vn -0.7181 0.6946 -0.0434
vn -0.6720 0.7391 -0.0465
vn -0.6204 0.7827 -0.0496
vn -0.5633 0.8246 -0.0526
vn -0.5009 0.8637 -0.0554
vn -0.4339 0.8991 -0.0580
vn -0.2901 0.9550 -0.0622
vn -0.2157 0.9744 -0.0637
vn -0.1415 0.9878 -0.0649
vn -0.0686 0.9955 -0.0657
vn -0.0021 0.9978 -0.0661
vn 0.0546 0.9963 -0.0662
vn 0.1066 0.9921 -0.0661
vn 0.1577 0.9853 -0.0658
vn 0.2076 0.9760 -0.0654
vn 0.2560 0.9645 -0.0648
vn 0.3025 0.9510 -0.0641
vn 0.3470 0.9357 -0.0632
vn 0.3892 0.9190 -0.0623
vn 0.4292 0.9011 -0.0613
vn 0.4668 0.8823 -0.0601
vn 0.5020 0.8629 -0.0590
vn 0.5430 0.8378 -0.0575
vn 0.5921 0.8040 -0.0554
vn 0.6405 0.7661 -0.0531
vn 0.7253 0.6868 -0.0481
vn 0.7616 0.6465 -0.0456
vn 0.7939 0.6065 -0.0431
vn 0.8226 0.5672 -0.0406
vn 0.8478 0.5290 -0.0381
vn 0.8699 0.4920 -0.0358
vn 0.8891 0.4564 -0.0335
vn 0.9059 0.4224 -0.0313
vn -0.7796 0.6251 -0.0386
vn 0.7809 0.6230 -0.0441
vn 0.9974 -0.0716 0.0011
vn 0.9942 -0.1072 0.0035
vn 0.9891 -0.1473 0.0061
vn 0.9812 -0.1926 0.0092
vn 0.9697 -0.2438 0.0126
vn 0.9533 -0.3015 0.0165
vn 0.9302 -0.3664 0.0209
vn 0.8983 -0.4386 0.0258
vn 0.8550 -0.5177 0.0312
vn 0.7976 -0.6021 0.0370
vn 0.7235 -0.6889 0.0430
vn 0.7272 -0.6851 0.0427
vn 0.6909 -0.7215 0.0453
vn 0.6493 -0.7590 0.0479
vn 0.6016 -0.7972 0.0506
vn 0.5474 -0.8352 0.0533
vn 0.4861 -0.8721 0.0560
vn 0.4179 -0.9066 0.0585
vn 0.3429 -0.9374 0.0608
vn 0.2619 -0.9631 0.0628
vn 0.1762 -0.9822 0.0644
vn 0.0875 -0.9940 0.0655
vn 0.0009 -0.9978 0.0661
vn -0.1593 -0.9850 0.0658
vn -0.2383 -0.9690 0.0651
vn -0.3155 -0.9468 0.0639
vn -0.3897 -0.9188 0.0623
vn -0.4596 -0.8861 0.0604
vn -0.5243 -0.8495 0.0582
vn -0.5833 -0.8104 0.0558
vn -0.6363 -0.7696 0.0533
vn -0.7251 -0.6870 0.0482
vn -0.7178 -0.6946 0.0486
vn -0.7272 -0.6848 0.0480
vn -0.7927 -0.6081 0.0432
vn -0.8463 -0.5313 0.0383
vn -0.8889 -0.4569 0.0335
vn -0.9218 -0.3865 0.0290
vn -0.9467 -0.3211 0.0247
vn -0.9651 -0.2612 0.0208
vn -0.9782 -0.2067 0.0173
vn -0.9874 -0.1575 0.0140
vn -0.9935 -0.1130 0.0111
vn -0.9973 -0.0729 0.0085
vn -0.0022 -0.9978 0.0661
vn -0.0737 -0.9951 0.0662
vn -0.1472 -0.9869 0.0659
vn -0.2220 -0.9729 0.0653
vn -0.2966 -0.9528 0.0642
vn -0.3698 -0.9270 0.0628
vn -0.4403 -0.8958 0.0609
vn -0.5687 -0.8206 0.0564
vn -0.6253 -0.7786 0.0539
vn -0.6762 -0.7349 0.0512
vn -0.7215 -0.6907 0.0484
vn -0.7430 -0.6676 0.0469
vn -0.7749 -0.6305 0.0446
vn -0.8300 -0.5563 0.0399
vn -0.8752 -0.4825 0.0352
vn -0.9111 -0.4110 0.0306
vn -0.9389 -0.3432 0.0262
vn -0.9598 -0.2799 0.0220
vn -0.9750 -0.2214 0.0182
vn -0.9857 -0.1679 0.0147
vn -0.9928 -0.1191 0.0115
vn -0.9972 -0.0747 0.0086
vn -0.9994 -0.0345 0.0059
vn -1.0000 -0.0065 0.0041
vn -0.9999 0.0113 0.0029
vn -0.9992 0.0393 0.0010
vn -0.9968 0.0795 -0.0016
vn -0.9923 0.1239 -0.0046
vn -0.9850 0.1726 -0.0078
vn -0.9585 0.2845 -0.0153
vn -0.9374 0.3478 -0.0196
vn -0.9093 0.4154 -0.0242
vn -0.8731 0.4867 -0.0290
vn -0.8276 0.5603 -0.0341
vn -0.7721 0.6343 -0.0392
vn -0.7401 0.6712 -0.0418
vn -0.7185 0.6942 -0.0434
vn -0.6730 0.7382 -0.0464
vn -0.6219 0.7816 -0.0495
vn -0.5651 0.8233 -0.0525
vn -0.5031 0.8624 -0.0553
vn -0.4364 0.8979 -0.0579
vn -0.3658 0.9288 -0.0602
vn -0.2924 0.9543 -0.0621
vn -0.2177 0.9739 -0.0637
vn -0.1429 0.9876 -0.0649
vn -0.0694 0.9954 -0.0657
vn 0.0022 0.9978 -0.0661
vn 0.0737 0.9951 -0.0662
vn 0.1472 0.9869 -0.0659
vn 0.2220 0.9729 -0.0653
vn 0.2966 0.9528 -0.0642
vn 0.3698 0.9270 -0.0628
vn 0.4403 0.8958 -0.0609
vn 0.5069 0.8600 -0.0588
vn 0.5687 0.8206 -0.0564
vn 0.6253 0.7786 -0.0539
vn 0.6762 0.7349 -0.0512
vn 0.7215 0.6907 -0.0484
vn 0.7430 0.6676 -0.0469
vn 0.7749 0.6305 -0.0446
vn 0.8300 0.5563 -0.0399
vn 0.8752 0.4825 -0.0352
vn 0.9111 0.4111 -0.0306
vn 0.9389 0.3432 -0.0262
vn 0.9598 0.2799 -0.0220
vn 0.9750 0.2214 -0.0182
vn 0.9857 0.1679 -0.0147
vn 0.9928 0.1191 -0.0115
vn 0.9972 0.0747 -0.0086
vn 0.9994 0.0345 -0.0059
vn 1.0000 0.0065 -0.0041
vn 0.9999 -0.0113 -0.0029
vn 0.9992 -0.0393 -0.0010
vn 0.9968 -0.0795 0.0016
vn 0.9850 -0.1726 0.0078
vn 0.9740 -0.2261 0.0114
vn 0.9585 -0.2845 0.0153
vn 0.9374 -0.3478 0.0196
vn 0.9093 -0.4154 0.0242
vn 0.8731 -0.4868 0.0290
vn 0.8276 -0.5603 0.0341
vn 0.7721 -0.6343 0.0392
vn 0.7401 -0.6712 0.0418
vn 0.7185 -0.6942 0.0434
vn 0.6730 -0.7382 0.0464
vn 0.6219 -0.7816 0.0495
vn 0.5651 -0.8233 0.0525
vn 0.5031 -0.8625 0.0553
vn 0.4364 -0.8979 0.0579
vn 0.3658 -0.9288 0.0602
vn 0.2924 -0.9543 0.0621
vn 0.2177 -0.9739 0.0637
vn 0.1429 -0.9876 0.0649
vn 0.0694 -0.9954 0.0657
vn -0.7392 0.6721 -0.0418
vn -0.7670 0.6404 -0.0396
vn -0.8134 0.5806 -0.0355
vn -0.8546 0.5183 -0.0312
vn -0.8903 0.4546 -0.0269
vn -0.9203 0.3907 -0.0225
vn -0.9446 0.3276 -0.0182
vn -0.9638 0.2662 -0.0141
vn -0.9782 0.2073 -0.0102
vn -0.9885 0.1512 -0.0064
vn -0.9951 0.0984 -0.0029
vn -0.9988 0.0489 0.0004
vn -0.9999 0.0137 0.0027
vn -1.0000 -0.0089 0.0042
vn -0.9990 -0.0441 0.0066
vn -0.9956 -0.0936 0.0098
vn -0.9891 -0.1465 0.0133
vn -0.9791 -0.2025 0.0170
vn -0.9650 -0.2616 0.0209
vn -0.9461 -0.3230 0.0249
vn -0.9220 -0.3862 0.0290
vn -0.8923 -0.4503 0.0331
vn -0.8569 -0.5141 0.0372
vn -0.8159 -0.5767 0.0412
vn -0.7698 -0.6367 0.0450
vn -0.7422 -0.6686 0.0470
vn -0.7156 -0.6968 0.0488
vn -0.6641 -0.7458 0.0518
vn -0.6072 -0.7927 0.0547
vn -0.5454 -0.8362 0.0574
vn -0.4795 -0.8755 0.0597
vn -0.4107 -0.9097 0.0618
vn -0.3401 -0.9382 0.0634
vn -0.2691 -0.9609 0.0646
vn -0.1989 -0.9778 0.0655
vn -0.1305 -0.9892 0.0660
vn -0.0649 -0.9957 0.0662
vn 0.0605 -0.9960 0.0657
vn 0.1262 -0.9899 0.0651
vn 0.1946 -0.9788 0.0641
vn 0.2649 -0.9622 0.0628
vn 0.3360 -0.9399 0.0610
vn 0.4067 -0.9117 0.0589
vn 0.4757 -0.8778 0.0564
vn 0.5417 -0.8388 0.0536
vn 0.6037 -0.7956 0.0505
vn 0.6609 -0.7490 0.0472
vn 0.7126 -0.7002 0.0438
vn 0.7392 -0.6722 0.0418
vn 0.7670 -0.6404 0.0396
vn 0.8134 -0.5806 0.0355
vn 0.8546 -0.5183 0.0312
vn 0.8903 -0.4546 0.0269
vn 0.9203 -0.3907 0.0225
vn 0.9446 -0.3276 0.0182
vn 0.9638 -0.2662 0.0141
vn 0.9782 -0.2073 0.0102
vn 0.9885 -0.1512 0.0064
vn 0.9951 -0.0984 0.0029
vn 0.9988 -0.0489 -0.0004
vn 0.9999 -0.0137 -0.0027
vn 1.0000 0.0089 -0.0042
vn 0.9990 0.0441 -0.0066
vn 0.9956 0.0936 -0.0098
vn 0.9891 0.1465 -0.0133
vn 0.9791 0.2025 -0.0170
vn 0.9650 0.2616 -0.0209
vn 0.9461 0.3230 -0.0249
vn 0.9220 0.3862 -0.0290
vn 0.8923 0.4503 -0.0331
vn 0.8569 0.5141 -0.0372
vn 0.8159 0.5767 -0.0412
vn 0.7698 0.6367 -0.0450
vn 0.7422 0.6686 -0.0470
vn 0.7156 0.6968 -0.0488
vn 0.6641 0.7458 -0.0518
vn 0.6072 0.7927 -0.0547
vn 0.5454 0.8362 -0.0574
vn 0.4795 0.8755 -0.0597
vn 0.4107 0.9097 -0.0618
vn 0.3401 0.9382 -0.0634
vn 0.2691 0.9609 -0.0646
vn 0.1989 0.9778 -0.0655
vn 0.1305 0.9892 -0.0660
vn 0.0649 0.9957 -0.0662
vn -0.0605 0.9960 -0.0657
vn -0.1262 0.9899 -0.0651
vn -0.1946 0.9788 -0.0641
vn -0.2649 0.9622 -0.0628
vn -0.3360 0.9399 -0.0610
vn -0.4067 0.9117 -0.0589
vn -0.4757 0.8778 -0.0564
vn -0.5417 0.8388 -0.0536
vn -0.6037 0.7956 -0.0505
vn -0.6609 0.7490 -0.0472
vn -0.7126 0.7002 -0.0438
vn -0.9500 0.3116 -0.0172
vn -0.6155 0.7866 -0.0498
vn 0.6127 0.7884 -0.0545
vn 0.9459 0.3235 -0.0249
vn 0.9567 0.2903 -0.0227
vn 0.9664 0.2562 -0.0205
vn 0.9760 0.2170 -0.0179
vn 0.9851 0.1716 -0.0150
vn 0.9929 0.1187 -0.0115
vn 0.9983 0.0571 -0.0074
vn 0.9999 -0.0148 -0.0027
vn 0.9952 -0.0983 0.0029
vn 0.9809 -0.1942 0.0093
vn 0.9531 -0.3021 0.0165
vn 0.9075 -0.4193 0.0245
vn 0.8466 -0.5313 0.0321
vn 0.7811 -0.6232 0.0384
vn 0.7121 -0.7007 0.0438
vn 0.6358 -0.7703 0.0487
vn 0.5549 -0.8302 0.0530
vn 0.4722 -0.8797 0.0565
vn 0.3906 -0.9187 0.0594
vn 0.3120 -0.9481 0.0617
vn 0.2381 -0.9692 0.0633
vn 0.1696 -0.9834 0.0645
vn 0.1069 -0.9921 0.0653
vn 0.0499 -0.9966 0.0658
vn 0.0103 -0.9978 0.0660
vn -0.0463 -0.9967 0.0662
vn -0.1776 -0.9819 0.0657
vn -0.3424 -0.9374 0.0633
vn -0.6014 -0.7970 0.0550
vn -0.6919 -0.7203 0.0502
vn -0.7606 -0.6476 0.0457
vn -0.8124 -0.5816 0.0415
vn -0.8515 -0.5230 0.0378
vn -0.8812 -0.4715 0.0344
vn -0.9040 -0.4264 0.0315
vn -0.9216 -0.3870 0.0290
vn -0.9331 -0.3586 0.0272
vn -0.6088 -0.7914 0.0546
vn 0.6076 -0.7927 0.0503
vn 0.9353 -0.3532 0.0200
vn 0.9259 -0.3772 0.0216
vn 0.9077 -0.4190 0.0244
vn 0.8840 -0.4666 0.0277
vn 0.8530 -0.5209 0.0314
vn 0.8121 -0.5824 0.0356
vn 0.7578 -0.6512 0.0404
vn 0.6860 -0.7262 0.0456
vn 0.5923 -0.8041 0.0511
vn 0.4736 -0.8789 0.0565
vn 0.3301 -0.9420 0.0612
vn 0.1678 -0.9837 0.0645
vn 0.0403 -0.9970 0.0659
vn -0.0342 -0.9972 0.0662
vn -0.1266 -0.9898 0.0660
vn -0.2401 -0.9686 0.0650
vn -0.3397 -0.9384 0.0634
vn -0.4249 -0.9031 0.0614
vn -0.4968 -0.8659 0.0592
vn -0.5569 -0.8286 0.0569
vn -0.6072 -0.7926 0.0547
vn -0.6493 -0.7587 0.0526
vn -0.6846 -0.7271 0.0507
vn -0.7144 -0.6980 0.0488
vn -0.7397 -0.6712 0.0472
vn -0.7807 -0.6234 0.0441
vn -0.8489 -0.5272 0.0380
vn -0.9138 -0.4051 0.0302
vn -0.9576 -0.2872 0.0225
vn -0.9837 -0.1789 0.0154
vn -0.9965 -0.0828 0.0091
vn -1.0000 0.0009 0.0036
vn -0.9973 0.0730 -0.0012
vn -0.9909 0.1347 -0.0053
vn -0.9822 0.1876 -0.0088
vn -0.9724 0.2330 -0.0119
vn -0.9621 0.2722 -0.0145
vn 0.7573 -0.6519 0.0404
vn 0.5647 0.8233 -0.0566
vn 0.3531 0.9334 -0.0631
vn -0.5388 0.8407 -0.0537
vn -0.8432 0.5366 -0.0325
vn -0.9391 0.3432 -0.0193
vn -0.9741 0.2260 -0.0114
vn -0.9970 0.0769 -0.0015
vn -0.7809 -0.6230 0.0441
vn -0.9999 0.0107 0.0029
vn -0.6720 0.7390 -0.0465
vn 0.5019 0.8629 -0.0590
vn 0.6849 0.7268 -0.0506
vn 0.9533 -0.3016 0.0165
vn 0.7271 -0.6852 0.0427
vn 0.6493 -0.7591 0.0479
vn 0.5473 -0.8352 0.0533
vn 0.4862 -0.8721 0.0560
vn -0.7178 -0.6945 0.0486
vn -0.9874 -0.1574 0.0140
vn 0.5037 -0.8621 0.0553
vn 0.5732 -0.8177 0.0521
vn 0.6400 -0.7669 0.0485
vn 0.7023 -0.7105 0.0445
vn 0.7290 -0.6832 0.0426
vn 0.6935 -0.7191 0.0451
vn 0.6226 -0.7810 0.0495
vn 0.5487 -0.8343 0.0533
vn 0.4741 -0.8786 0.0565
vn 0.4007 -0.9143 0.0591
vn 0.2632 -0.9627 0.0628
vn 0.2009 -0.9775 0.0640
vn 0.1433 -0.9876 0.0649
vn 0.0905 -0.9937 0.0655
vn 0.0422 -0.9969 0.0659
vn -0.0486 -0.9966 0.0662
vn -0.2076 -0.9760 0.0654
vn -0.3611 -0.9304 0.0629
vn -0.4687 -0.8813 0.0601
vn -0.5450 -0.8365 0.0574
vn -0.6005 -0.7977 0.0550
vn -0.6421 -0.7648 0.0530
vn -0.6741 -0.7368 0.0513
vn -0.6993 -0.7131 0.0498
vn -0.7361 -0.6752 0.0474
vn -0.7499 -0.6599 0.0465
vn -0.7686 -0.6381 0.0451
vn -0.7995 -0.5992 0.0426
vn -0.8348 -0.5491 0.0394
vn -0.8674 -0.4962 0.0360
vn -0.8968 -0.4412 0.0325
vn -0.9227 -0.3845 0.0288
vn -0.9447 -0.3270 0.0251
vn -0.9628 -0.2692 0.0214
vn -0.9771 -0.2119 0.0176
vn -0.9877 -0.1557 0.0139
vn -0.9948 -0.1010 0.0103
vn -0.9988 -0.0483 0.0068
vn -0.9999 -0.0100 0.0043
vn -0.9267 0.3751 -0.0215
vn -0.8602 0.5090 -0.0306
vn -0.4813 0.8748 -0.0562
vn 0.4851 0.8724 -0.0596
vn 0.6302 0.7745 -0.0536
vn 0.6987 0.7136 -0.0498
vn 0.9789 -0.2042 0.0099
vn 0.9267 -0.3751 0.0215
vn 0.5547 -0.8304 0.0530
vn 0.4813 -0.8748 0.0562
vn -0.3086 0.9492 -0.0617
vn 0.8872 0.4601 -0.0337
vn 0.8831 0.4680 -0.0342
vn 0.8784 0.4767 -0.0348
vn 0.8729 0.4865 -0.0354
vn 0.8666 0.4977 -0.0361
vn 0.8592 0.5103 -0.0369
vn 0.8503 0.5249 -0.0379
vn 0.8396 0.5418 -0.0390
vn 0.8265 0.5615 -0.0402
vn 0.8100 0.5850 -0.0417
vn 0.7888 0.6132 -0.0435
vn 0.7600 0.6483 -0.0457
vn 0.7225 0.6897 -0.0483
vn 0.6783 0.7330 -0.0510
vn 0.6284 0.7760 -0.0537
vn 0.5728 0.8177 -0.0563
vn 0.5117 0.8571 -0.0586
vn 0.4457 0.8931 -0.0608
vn 0.3753 0.9248 -0.0626
vn 0.3018 0.9512 -0.0641
vn 0.2264 0.9719 -0.0652
vn 0.1505 0.9864 -0.0659
vn 0.0755 0.9949 -0.0662
vn 0.0038 0.9978 -0.0661
vn -0.0650 0.9957 -0.0657
vn -0.1347 0.9888 -0.0650
vn -0.2064 0.9764 -0.0639
vn -0.2790 0.9583 -0.0625
vn -0.3514 0.9343 -0.0606
vn -0.4221 0.9046 -0.0584
vn -0.4901 0.8699 -0.0558
vn -0.5541 0.8308 -0.0530
vn -0.6133 0.7882 -0.0500
vn -0.6673 0.7433 -0.0468
vn -0.7157 0.6970 -0.0435
vn -0.7572 0.6519 -0.0404
vn -0.7923 0.6090 -0.0374
vn -0.8246 0.5647 -0.0344
vn -0.8554 0.5171 -0.0311
vn -0.8842 0.4662 -0.0276
vn -0.9107 0.4125 -0.0240
vn -0.9342 0.3563 -0.0202
vn -0.9544 0.2982 -0.0163
vn -0.9710 0.2389 -0.0123
vn -0.9838 0.1791 -0.0083
vn -0.9928 0.1193 -0.0043
vn -0.9982 0.0602 -0.0003
vn -1.0000 0.0058 0.0033
vn -0.9991 -0.0420 0.0064
vn -0.9960 -0.0889 0.0095
vn -0.9903 -0.1386 0.0128
vn -0.9815 -0.1909 0.0162
vn -0.9692 -0.2457 0.0198
vn -0.9529 -0.3024 0.0235
vn -0.9324 -0.3605 0.0273
vn -0.9073 -0.4193 0.0311
vn -0.8775 -0.4782 0.0349
vn -0.8432 -0.5362 0.0386
vn -0.8045 -0.5925 0.0422
vn -0.7596 -0.6488 0.0458
vn -0.7053 -0.7071 0.0494
vn -0.6433 -0.7638 0.0529
vn -0.5768 -0.8149 0.0561
vn -0.5074 -0.8597 0.0588
vn -0.4367 -0.8976 0.0610
vn -0.3661 -0.9285 0.0628
vn -0.2971 -0.9527 0.0642
vn -0.2307 -0.9709 0.0651
vn -0.1677 -0.9836 0.0658
vn -0.0535 -0.9964 0.0662
vt 0.658879 0.000000
vt 0.668224 0.000000
vt 0.663551 0.000000
vt 0.775701 0.000000
vt 0.785047 0.000000
vt 0.780374 0.000000
vt 0.789720 0.000000
vt 0.771028 0.000000
vt 0.794393 0.000000
vt 0.799065 0.000000
vt 0.654206 0.000000
vt 0.766355 0.000000
vt 0.803738 0.000000
vt 0.761682 0.000000
vt 0.808411 0.000000
vt 0.813084 0.000000
vt 0.757009 0.000000
vt 0.817757 0.000000
vt 0.649533 0.000000
vt 0.822430 0.000000
vt 0.752336 0.000000
vt 0.827103 0.000000
vt 0.644860 0.000000
vt 0.747664 0.000000
vt 0.831776 0.000000
vt 0.836449 0.000000
vt 0.640187 0.000000
vt 0.742991 0.000000
vt 0.841121 0.000000
vt 0.635514 0.000000
vt 0.845794 0.000000
vt 0.738318 0.000000
vt 0.630841 0.000000
vt 0.850467 0.000000
vt 0.626168 0.000000
vt 0.855140 0.000000
vt 0.621495 0.000000
vt 0.733645 0.000000
vt 0.616822 0.000000
vt 0.612150 0.000000
vt 0.859813 0.000000
vt 0.607477 0.000000
vt 0.598131 0.000000
vt 0.602804 0.000000
vt 0.593458 0.000000
vt 0.588785 0.000000
vt 0.584112 0.000000
vt 0.579439 0.000000
vt 0.574766 0.000000
vt 0.570093 0.000000
vt 0.565421 0.000000
vt 0.560748 0.000000
vt 0.556075 0.000000
vt 0.551402 0.000000
vt 0.546729 0.000000
vt 0.864486 0.000000
vt 0.728972 0.000000
vt 0.869159 0.000000
vt 0.873832 0.000000
vt 0.724299 0.000000
vt 0.878505 0.000000
vt 0.883178 0.000000
vt 0.719626 0.000000
vt 0.887850 0.000000
vt 0.714953 0.000000
vt 0.892523 0.000000
vt 0.710280 0.000000
vt 0.897196 0.000000
vt 0.901869 0.000000
vt 0.705607 0.000000
vt 0.906542 0.000000
vt 0.911215 0.000000
vt 0.700935 0.000000
vt 0.542056 0.000000
vt 0.915888 0.000000
vt 0.537383 0.000000
vt 0.920561 0.000000
vt 0.696262 0.000000
vt 0.112150 0.000000
vt 0.532710 0.000000
vt 0.925234 0.000000
vt 0.528037 0.000000
vt 0.116822 0.000000
vt 0.107477 0.000000
vt 0.102804 0.000000
vt 0.121495 0.000000
vt 0.098131 0.000000
vt 0.929907 0.000000
vt 0.093458 0.000000
vt 0.126168 0.000000
vt 0.088785 0.000000
vt 0.523364 0.000000
vt 0.691589 0.000000
vt 0.084112 0.000000
vt 0.130841 0.000000
vt 0.079439 0.000000
vt 0.934579 0.000000
vt 0.074766 0.000000
vt 0.135514 0.000000
vt 0.518692 0.000000
vt 0.070093 0.000000
vt 0.939252 0.000000
vt 0.065421 0.000000
vt 0.140187 0.000000
vt 0.943925 0.000000
vt 0.060748 0.000000
vt 0.514019 0.000000
vt 0.686916 0.000000
vt 0.948598 0.000000
vt 0.144860 0.000000
vt 0.056075 0.000000
vt 0.051402 0.000000
vt 0.953271 0.000000
vt 0.509346 0.000000
vt 0.149533 0.000000
vt 0.046729 0.000000
vt 0.957944 0.000000
vt 0.042056 0.000000
vt 0.962617 0.000000
vt 0.682243 0.000000
vt 0.504673 0.000000
vt 0.037383 0.000000
vt 0.967290 0.000000
vt 0.154206 0.000000
vt 0.032710 0.000000
vt 0.971963 0.000000
vt 0.028037 0.000000
vt 0.976636 0.000000
vt 0.023364 0.000000
vt 0.981308 0.000000
vt 0.500000 0.000000
vt 0.018692 0.000000
vt 0.985981 0.000000
vt 0.158879 0.000000
vt 0.014019 0.000000
vt 0.990654 0.000000
vt 0.009346 0.000000
vt 0.995327 0.000000
vt 0.004673 0.000000
vt 1.000000 0.000000
vt 0.000000 0.000000
vt 0.677570 0.000000
vt 0.495327 0.000000
vt 0.163551 0.000000
vt 0.490654 0.000000
vt 0.672897 0.000000
vt 0.168224 0.000000
vt 0.485981 0.000000
vt 0.172897 0.000000
vt 0.481308 0.000000
vt 0.177570 0.000000
vt 0.476636 0.000000
vt 0.200935 0.000000
vt 0.196262 0.000000
vt 0.191589 0.000000
vt 0.186916 0.000000
vt 0.182243 0.000000
vt 0.205607 0.000000
vt 0.210280 0.000000
vt 0.214953 0.000000
vt 0.219626 0.000000
vt 0.224299 0.000000
vt 0.228972 0.000000
vt 0.471963 0.000000
vt 0.233645 0.000000
vt 0.238318 0.000000
vt 0.467290 0.000000
vt 0.242991 0.000000
vt 0.462617 0.000000
vt 0.247664 0.000000
vt 0.457944 0.000000
vt 0.252336 0.000000
vt 0.453271 0.000000
vt 0.257009 0.000000
vt 0.448598 0.000000
vt 0.261682 0.000000
vt 0.443925 0.000000
vt 0.266355 0.000000
vt 0.439252 0.000000
vt 0.271028 0.000000
vt 0.434579 0.000000
vt 0.275701 0.000000
vt 0.429907 0.000000
vt 0.280374 0.000000
vt 0.425234 0.000000
vt 0.285047 0.000000
vt 0.420561 0.000000
vt 0.415888 0.000000
vt 0.289720 0.000000
vt 0.294393 0.000000
vt 0.411215 0.000000
vt 0.299065 0.000000
vt 0.406542 0.000000
vt 0.303738 0.000000
vt 0.401869 0.000000
vt 0.308411 0.000000
vt 0.397196 0.000000
vt 0.313084 0.000000
vt 0.392523 0.000000
vt 0.317757 0.000000
vt 0.387850 0.000000
vt 0.322430 0.000000
vt 0.383178 0.000000
vt 0.327103 0.000000
vt 0.378505 0.000000
vt 0.331776 0.000000
vt 0.373832 0.000000
vt 0.336449 0.000000
vt 0.369159 0.000000
vt 0.341121 0.000000
vt 0.364486 0.000000
vt 0.355140 0.000000
vt 0.359813 0.000000
vt 0.345794 0.000000
vt 0.350467 0.000000
vt 0.371134 0.000000
vt 0.381443 0.000000
vt 0.376289 0.000000
vt 0.386598 0.000000
vt 0.365979 0.000000
vt 0.391753 0.000000
vt 0.360825 0.000000
vt 0.396907 0.000000
vt 0.355670 0.000000
vt 0.402062 0.000000
vt 0.350515 0.000000
vt 0.407216 0.000000
vt 0.345361 0.000000
vt 0.412371 0.000000
vt 0.340206 0.000000
vt 0.417526 0.000000
vt 0.335052 0.000000
vt 0.881443 0.000000
vt 0.422680 0.000000
vt 0.886598 0.000000
vt 0.876289 0.000000
vt 0.891753 0.000000
vt 0.871134 0.000000
vt 0.329897 0.000000
vt 0.896907 0.000000
vt 0.865979 0.000000
vt 0.902062 0.000000
vt 0.860825 0.000000
vt 0.427835 0.000000
vt 0.907216 0.000000
vt 0.855670 0.000000
vt 0.912371 0.000000
vt 0.850515 0.000000
vt 0.324742 0.000000
vt 0.432990 0.000000
vt 0.917526 0.000000
vt 0.845361 0.000000
vt 0.922680 0.000000
vt 0.840206 0.000000
vt 0.319588 0.000000
vt 0.438144 0.000000
vt 0.927835 0.000000
vt 0.835052 0.000000
vt 0.932990 0.000000
vt 0.829897 0.000000
vt 0.314433 0.000000
vt 0.443299 0.000000
vt 0.938144 0.000000
vt 0.824742 0.000000
vt 0.309278 0.000000
vt 0.943299 0.000000
vt 0.819588 0.000000
vt 0.448454 0.000000
vt 0.948454 0.000000
vt 0.814433 0.000000
vt 0.453608 0.000000
vt 0.304124 0.000000
vt 0.809278 0.000000
vt 0.953608 0.000000
vt 0.804124 0.000000
vt 0.958763 0.000000
vt 0.458763 0.000000
vt 0.298969 0.000000
vt 0.798969 0.000000
vt 0.963918 0.000000
vt 0.463918 0.000000
vt 0.793814 0.000000
vt 0.969072 0.000000
vt 0.293814 0.000000
vt 0.788660 0.000000
vt 0.974227 0.000000
vt 0.469072 0.000000
vt 0.288660 0.000000
vt 0.783505 0.000000
vt 0.979381 0.000000
vt 0.474227 0.000000
vt 0.283505 0.000000
vt 0.778351 0.000000
vt 0.984536 0.000000
vt 0.479381 0.000000
vt 0.773196 0.000000
vt 0.989691 0.000000
vt 0.278351 0.000000
vt 0.768041 0.000000
vt 0.484536 0.000000
vt 0.994845 0.000000
vt 0.273196 0.000000
vt 0.762887 0.000000
vt 0.489691 0.000000
vt 0.268041 0.000000
vt 0.757732 0.000000
vt 0.752577 0.000000
vt 0.494845 0.000000
vt 0.262887 0.000000
vt 0.257732 0.000000
vt 0.252577 0.000000
vt 0.505155 0.000000
vt 0.510309 0.000000
vt 0.247423 0.000000
vt 0.515464 0.000000
vt 0.242268 0.000000
vt 0.520619 0.000000
vt 0.237113 0.000000
vt 0.525773 0.000000
vt 0.231959 0.000000
vt 0.530928 0.000000
vt 0.226804 0.000000
vt 0.536082 0.000000
vt 0.221649 0.000000
vt 0.747423 0.000000
vt 0.005155 0.000000
vt 0.541237 0.000000
vt 0.742268 0.000000
vt 0.216495 0.000000
vt 0.546392 0.000000
vt 0.010309 0.000000
vt 0.737113 0.000000
vt 0.211340 0.000000
vt 0.551546 0.000000
vt 0.731959 0.000000
vt 0.015464 0.000000
vt 0.726804 0.000000
vt 0.556701 0.000000
vt 0.020619 0.000000
vt 0.206186 0.000000
vt 0.721649 0.000000
vt 0.561856 0.000000
vt 0.025773 0.000000
vt 0.716495 0.000000
vt 0.201031 0.000000
vt 0.567010 0.000000
vt 0.711340 0.000000
vt 0.030928 0.000000
vt 0.572165 0.000000
vt 0.706186 0.000000
vt 0.195876 0.000000
vt 0.036082 0.000000
vt 0.701031 0.000000
vt 0.577320 0.000000
vt 0.695876 0.000000
vt 0.041237 0.000000
vt 0.190722 0.000000
vt 0.582474 0.000000
vt 0.690722 0.000000
vt 0.685567 0.000000
vt 0.587629 0.000000
vt 0.046392 0.000000
vt 0.185567 0.000000
vt 0.680412 0.000000
vt 0.592784 0.000000
vt 0.675258 0.000000
vt 0.051546 0.000000
vt 0.597938 0.000000
vt 0.670103 0.000000
vt 0.180412 0.000000
vt 0.664948 0.000000
vt 0.603093 0.000000
vt 0.056701 0.000000
vt 0.659794 0.000000
vt 0.608247 0.000000
vt 0.654639 0.000000
vt 0.613402 0.000000
vt 0.649485 0.000000
vt 0.061856 0.000000
vt 0.175258 0.000000
vt 0.644330 0.000000
vt 0.618557 0.000000
vt 0.639175 0.000000
vt 0.623711 0.000000
vt 0.634021 0.000000
vt 0.628866 0.000000
vt 0.067010 0.000000
vt 0.170103 0.000000
vt 0.072165 0.000000
vt 0.164948 0.000000
vt 0.077320 0.000000
vt 0.082474 0.000000
vt 0.159794 0.000000
vt 0.087629 0.000000
vt 0.154639 0.000000
vt 0.092784 0.000000
vt 0.149485 0.000000
vt 0.097938 0.000000
vt 0.103093 0.000000
vt 0.144330 0.000000
vt 0.108247 0.000000
vt 0.139175 0.000000
vt 0.113402 0.000000
vt 0.118557 0.000000
vt 0.134021 0.000000
vt 0.123711 0.000000
vt 0.128866 0.000000
vt 0.689655 0.000000
vt 0.712644 0.000000
vt 0.701149 0.000000
vt 0.724138 0.000000
vt 0.321839 0.000000
vt 0.344828 0.000000
vt 0.333333 0.000000
vt 0.356322 0.000000
vt 0.678161 0.000000
vt 0.666667 0.000000
vt 0.735632 0.000000
vt 0.747126 0.000000
vt 0.310345 0.000000
vt 0.298851 0.000000
vt 0.367816 0.000000
vt 0.379310 0.000000
vt 0.758621 0.000000
vt 0.287356 0.000000
vt 0.770115 0.000000
vt 0.275862 0.000000
vt 0.390805 0.000000
vt 0.655172 0.000000
vt 0.781609 0.000000
vt 0.264368 0.000000
vt 0.793103 0.000000
vt 0.252874 0.000000
vt 0.402299 0.000000
vt 0.643678 0.000000
vt 0.804598 0.000000
vt 0.241379 0.000000
vt 0.816092 0.000000
vt 0.229885 0.000000
vt 0.413793 0.000000
vt 0.632184 0.000000
vt 0.827586 0.000000
vt 0.218391 0.000000
vt 0.839080 0.000000
vt 0.206897 0.000000
vt 0.425287 0.000000
vt 0.620690 0.000000
vt 0.850575 0.000000
vt 0.195402 0.000000
vt 0.862069 0.000000
vt 0.183908 0.000000
vt 0.436782 0.000000
vt 0.609195 0.000000
vt 0.873563 0.000000
vt 0.172414 0.000000
vt 0.885057 0.000000
vt 0.160920 0.000000
vt 0.448276 0.000000
vt 0.896552 0.000000
vt 0.149425 0.000000
vt 0.597701 0.000000
vt 0.908046 0.000000
vt 0.137931 0.000000
vt 0.919540 0.000000
vt 0.459770 0.000000
vt 0.126437 0.000000
vt 0.586207 0.000000
vt 0.931035 0.000000
vt 0.114943 0.000000
vt 0.942529 0.000000
vt 0.471264 0.000000
vt 0.954023 0.000000
vt 0.103448 0.000000
vt 0.574713 0.000000
vt 0.965517 0.000000
vt 0.091954 0.000000
vt 0.482759 0.000000
vt 0.977012 0.000000
vt 0.563218 0.000000
vt 0.080460 0.000000
vt 0.988506 0.000000
vt 0.068966 0.000000
vt 0.494253 0.000000
vt 0.551724 0.000000
vt 0.057471 0.000000
vt 0.045977 0.000000
vt 0.011494 0.000000
vt 0.505747 0.000000
vt 0.540230 0.000000
vt 0.034483 0.000000
vt 0.022989 0.000000
vt 0.517241 0.000000
vt 0.528736 0.000000
vt 0.938462 0.000000
vt 0.948718 0.000000
vt 0.943590 0.000000
vt 0.933333 0.000000
vt 0.953846 0.000000
vt 0.928205 0.000000
vt 0.958974 0.000000
vt 0.923077 0.000000
vt 0.964103 0.000000
vt 0.917949 0.000000
vt 0.969231 0.000000
vt 0.912821 0.000000
vt 0.974359 0.000000
vt 0.907692 0.000000
vt 0.005128 0.000000
vt 0.497436 0.000000
vt 0.979487 0.000000
vt 0.010256 0.000000
vt 0.492308 0.000000
vt 0.015385 0.000000
vt 0.487179 0.000000
vt 0.020513 0.000000
vt 0.482051 0.000000
vt 0.902564 0.000000
vt 0.984615 0.000000
vt 0.025641 0.000000
vt 0.476923 0.000000
vt 0.030769 0.000000
vt 0.471795 0.000000
vt 0.897436 0.000000
vt 0.989744 0.000000
vt 0.035897 0.000000
vt 0.466667 0.000000
vt 0.041026 0.000000
vt 0.461538 0.000000
vt 0.892308 0.000000
vt 0.994872 0.000000
vt 0.046154 0.000000
vt 0.456410 0.000000
vt 0.887179 0.000000
vt 0.051282 0.000000
vt 0.451282 0.000000
vt 0.056410 0.000000
vt 0.446154 0.000000
vt 0.882051 0.000000
vt 0.502564 0.000000
vt 0.061538 0.000000
vt 0.441026 0.000000
vt 0.876923 0.000000
vt 0.507692 0.000000
vt 0.066667 0.000000
vt 0.435897 0.000000
vt 0.512821 0.000000
vt 0.871795 0.000000
vt 0.071795 0.000000
vt 0.430769 0.000000
vt 0.076923 0.000000
vt 0.425641 0.000000
vt 0.517949 0.000000
vt 0.866667 0.000000
vt 0.082051 0.000000
vt 0.420513 0.000000
vt 0.523077 0.000000
vt 0.861538 0.000000
vt 0.087179 0.000000
vt 0.415385 0.000000
vt 0.528205 0.000000
vt 0.856410 0.000000
vt 0.092308 0.000000
vt 0.410256 0.000000
vt 0.533333 0.000000
vt 0.851282 0.000000
vt 0.097436 0.000000
vt 0.405128 0.000000
vt 0.538462 0.000000
vt 0.846154 0.000000
vt 0.102564 0.000000
vt 0.400000 0.000000
vt 0.543590 0.000000
vt 0.841026 0.000000
vt 0.107692 0.000000
vt 0.394872 0.000000
vt 0.548718 0.000000
vt 0.835897 0.000000
vt 0.112821 0.000000
vt 0.389744 0.000000
vt 0.553846 0.000000
vt 0.830769 0.000000
vt 0.384615 0.000000
vt 0.117949 0.000000
vt 0.558974 0.000000
vt 0.825641 0.000000
vt 0.379487 0.000000
vt 0.123077 0.000000
vt 0.564103 0.000000
vt 0.820513 0.000000
vt 0.815385 0.000000
vt 0.128205 0.000000
vt 0.374359 0.000000
vt 0.569231 0.000000
vt 0.810256 0.000000
vt 0.133333 0.000000
vt 0.369231 0.000000
vt 0.574359 0.000000
vt 0.805128 0.000000
vt 0.579487 0.000000
vt 0.138462 0.000000
vt 0.364103 0.000000
vt 0.800000 0.000000
vt 0.584615 0.000000
vt 0.143590 0.000000
vt 0.358974 0.000000
vt 0.794872 0.000000
vt 0.589744 0.000000
vt 0.148718 0.000000
vt 0.353846 0.000000
vt 0.789744 0.000000
vt 0.594872 0.000000
vt 0.153846 0.000000
vt 0.348718 0.000000
vt 0.784615 0.000000
vt 0.600000 0.000000
vt 0.343590 0.000000
vt 0.158974 0.000000
vt 0.779487 0.000000
vt 0.605128 0.000000
vt 0.338462 0.000000
vt 0.164103 0.000000
vt 0.774359 0.000000
vt 0.610256 0.000000
vt 0.169231 0.000000
vt 0.769231 0.000000
vt 0.615385 0.000000
vt 0.328205 0.000000
vt 0.174359 0.000000
vt 0.764103 0.000000
vt 0.620513 0.000000
vt 0.323077 0.000000
vt 0.179487 0.000000
vt 0.758974 0.000000
vt 0.625641 0.000000
vt 0.317949 0.000000
vt 0.184615 0.000000
vt 0.312821 0.000000
vt 0.189744 0.000000
vt 0.753846 0.000000
vt 0.630769 0.000000
vt 0.194872 0.000000
vt 0.307692 0.000000
vt 0.748718 0.000000
vt 0.635897 0.000000
vt 0.200000 0.000000
vt 0.302564 0.000000
vt 0.641026 0.000000
vt 0.743590 0.000000
vt 0.205128 0.000000
vt 0.297436 0.000000
vt 0.292308 0.000000
vt 0.210256 0.000000
vt 0.738462 0.000000
vt 0.646154 0.000000
vt 0.287179 0.000000
vt 0.215385 0.000000
vt 0.733333 0.000000
vt 0.651282 0.000000
vt 0.282051 0.000000
vt 0.220513 0.000000
vt 0.276923 0.000000
vt 0.225641 0.000000
vt 0.728205 0.000000
vt 0.656410 0.000000
vt 0.271795 0.000000
vt 0.230769 0.000000
vt 0.266667 0.000000
vt 0.235897 0.000000
vt 0.723077 0.000000
vt 0.661538 0.000000
vt 0.261538 0.000000
vt 0.241026 0.000000
vt 0.256410 0.000000
vt 0.246154 0.000000
vt 0.251282 0.000000
vt 0.717949 0.000000
vt 0.712821 0.000000
vt 0.671795 0.000000
vt 0.676923 0.000000
vt 0.707692 0.000000
vt 0.682051 0.000000
vt 0.702564 0.000000
vt 0.687180 0.000000
vt 0.697436 0.000000
vt 0.692308 0.000000
vt 0.925595 0.000000
vt 0.931548 0.000000
vt 0.928571 0.000000
vt 0.922619 0.000000
vt 0.919643 0.000000
vt 0.916667 0.000000
vt 0.913690 0.000000
vt 0.910714 0.000000
vt 0.907738 0.000000
vt 0.904762 0.000000
vt 0.901786 0.000000
vt 0.898810 0.000000
vt 0.895833 0.000000
vt 0.892857 0.000000
vt 0.886905 0.000000
vt 0.889881 0.000000
vt 0.883929 0.000000
vt 0.880952 0.000000
vt 0.877976 0.000000
vt 0.875000 0.000000
vt 0.872024 0.000000
vt 0.869048 0.000000
vt 0.866071 0.000000
vt 0.863095 0.000000
vt 0.860119 0.000000
vt 0.857143 0.000000
vt 0.964286 0.000000
vt 0.970238 0.000000
vt 0.967262 0.000000
vt 0.032738 0.000000
vt 0.038690 0.000000
vt 0.035714 0.000000
vt 0.041667 0.000000
vt 0.961310 0.000000
vt 0.973214 0.000000
vt 0.029762 0.000000
vt 0.044643 0.000000
vt 0.047619 0.000000
vt 0.958333 0.000000
vt 0.976190 0.000000
vt 0.026786 0.000000
vt 0.050595 0.000000
vt 0.955357 0.000000
vt 0.979167 0.000000
vt 0.023810 0.000000
vt 0.053571 0.000000
vt 0.056548 0.000000
vt 0.952381 0.000000
vt 0.982143 0.000000
vt 0.020833 0.000000
vt 0.059524 0.000000
vt 0.062500 0.000000
vt 0.949405 0.000000
vt 0.017857 0.000000
vt 0.985119 0.000000
vt 0.065476 0.000000
vt 0.946429 0.000000
vt 0.014881 0.000000
vt 0.988095 0.000000
vt 0.068452 0.000000
vt 0.071429 0.000000
vt 0.943452 0.000000
vt 0.011905 0.000000
vt 0.991071 0.000000
vt 0.074405 0.000000
vt 0.854167 0.000000
vt 0.851190 0.000000
vt 0.848214 0.000000
vt 0.342262 0.000000
vt 0.339286 0.000000
vt 0.077381 0.000000
vt 0.940476 0.000000
vt 0.616071 0.000000
vt 0.613095 0.000000
vt 0.610119 0.000000
vt 0.607143 0.000000
vt 0.994048 0.000000
vt 0.008929 0.000000
vt 0.345238 0.000000
vt 0.845238 0.000000
vt 0.336310 0.000000
vt 0.619048 0.000000
vt 0.348214 0.000000
vt 0.604167 0.000000
vt 0.601190 0.000000
vt 0.330357 0.000000
vt 0.622024 0.000000
vt 0.351190 0.000000
vt 0.598214 0.000000
vt 0.327381 0.000000
vt 0.842262 0.000000
vt 0.595238 0.000000
vt 0.324405 0.000000
vt 0.625000 0.000000
vt 0.354167 0.000000
vt 0.080357 0.000000
vt 0.839286 0.000000
vt 0.592262 0.000000
vt 0.321429 0.000000
vt 0.589286 0.000000
vt 0.318452 0.000000
vt 0.836310 0.000000
vt 0.627976 0.000000
vt 0.357143 0.000000
vt 0.937500 0.000000
vt 0.997024 0.000000
vt 0.005952 0.000000
vt 0.586310 0.000000
vt 0.315476 0.000000
vt 0.833333 0.000000
vt 0.583333 0.000000
vt 0.312500 0.000000
vt 0.083333 0.000000
vt 0.630952 0.000000
vt 0.360119 0.000000
vt 0.580357 0.000000
vt 0.309524 0.000000
vt 0.830357 0.000000
vt 0.577381 0.000000
vt 0.306548 0.000000
vt 0.633929 0.000000
vt 0.363095 0.000000
vt 0.827381 0.000000
vt 0.934524 0.000000
vt 0.002976 0.000000
vt 0.086310 0.000000
vt 0.574405 0.000000
vt 0.303571 0.000000
vt 0.824405 0.000000
vt 0.571429 0.000000
vt 0.300595 0.000000
vt 0.636905 0.000000
vt 0.366071 0.000000
vt 0.821429 0.000000
vt 0.089286 0.000000
vt 0.568452 0.000000
vt 0.297619 0.000000
vt 0.818452 0.000000
vt 0.639881 0.000000
vt 0.369048 0.000000
vt 0.565476 0.000000
vt 0.294643 0.000000
vt 0.815476 0.000000
vt 0.092262 0.000000
vt 0.562500 0.000000
vt 0.291667 0.000000
vt 0.812500 0.000000
vt 0.642857 0.000000
vt 0.372024 0.000000
vt 0.809524 0.000000
vt 0.648810 0.000000
vt 0.645833 0.000000
vt 0.559524 0.000000
vt 0.288690 0.000000
vt 0.095238 0.000000
vt 0.375000 0.000000
vt 0.556548 0.000000
vt 0.285714 0.000000
vt 0.098214 0.000000
vt 0.553571 0.000000
vt 0.282738 0.000000
vt 0.377976 0.000000
vt 0.550595 0.000000
vt 0.279762 0.000000
vt 0.101190 0.000000
vt 0.651786 0.000000
vt 0.380952 0.000000
vt 0.547619 0.000000
vt 0.276786 0.000000
vt 0.104167 0.000000
vt 0.544643 0.000000
vt 0.273810 0.000000
vt 0.107143 0.000000
vt 0.541667 0.000000
vt 0.270833 0.000000
vt 0.538690 0.000000
vt 0.267857 0.000000
vt 0.110119 0.000000
vt 0.806548 0.000000
vt 0.654762 0.000000
vt 0.535714 0.000000
vt 0.383929 0.000000
vt 0.264881 0.000000
vt 0.113095 0.000000
vt 0.657738 0.000000
vt 0.386905 0.000000
vt 0.116071 0.000000
vt 0.803571 0.000000
vt 0.532738 0.000000
vt 0.261905 0.000000
vt 0.660714 0.000000
vt 0.389881 0.000000
vt 0.119048 0.000000
vt 0.800595 0.000000
vt 0.529762 0.000000
vt 0.258929 0.000000
vt 0.663690 0.000000
vt 0.392857 0.000000
vt 0.122024 0.000000
vt 0.797619 0.000000
vt 0.526786 0.000000
vt 0.255952 0.000000
vt 0.395833 0.000000
vt 0.125000 0.000000
vt 0.794643 0.000000
vt 0.523810 0.000000
vt 0.252976 0.000000
vt 0.669643 0.000000
vt 0.398810 0.000000
vt 0.127976 0.000000
vt 0.791667 0.000000
vt 0.520833 0.000000
vt 0.250000 0.000000
vt 0.672619 0.000000
vt 0.401786 0.000000
vt 0.130952 0.000000
vt 0.788690 0.000000
vt 0.517857 0.000000
vt 0.247024 0.000000
vt 0.675595 0.000000
vt 0.404762 0.000000
vt 0.133929 0.000000
vt 0.785714 0.000000
vt 0.514881 0.000000
vt 0.244048 0.000000
vt 0.678571 0.000000
vt 0.407738 0.000000
vt 0.136905 0.000000
vt 0.782738 0.000000
vt 0.511905 0.000000
vt 0.241071 0.000000
vt 0.681548 0.000000
vt 0.410714 0.000000
vt 0.139881 0.000000
vt 0.779762 0.000000
vt 0.508929 0.000000
vt 0.238095 0.000000
vt 0.684524 0.000000
vt 0.413690 0.000000
vt 0.142857 0.000000
vt 0.776786 0.000000
vt 0.505952 0.000000
vt 0.235119 0.000000
vt 0.687500 0.000000
vt 0.416667 0.000000
vt 0.145833 0.000000
vt 0.773810 0.000000
vt 0.502976 0.000000
vt 0.232143 0.000000
vt 0.770833 0.000000
vt 0.690476 0.000000
vt 0.419643 0.000000
vt 0.229167 0.000000
vt 0.148810 0.000000
vt 0.693452 0.000000
vt 0.422619 0.000000
vt 0.151786 0.000000
vt 0.767857 0.000000
vt 0.497024 0.000000
vt 0.226190 0.000000
vt 0.696429 0.000000
vt 0.425595 0.000000
vt 0.154762 0.000000
vt 0.764881 0.000000
vt 0.494048 0.000000
vt 0.223214 0.000000
vt 0.699405 0.000000
vt 0.428571 0.000000
vt 0.157738 0.000000
vt 0.761905 0.000000
vt 0.491071 0.000000
vt 0.220238 0.000000
vt 0.702381 0.000000
vt 0.431548 0.000000
vt 0.160714 0.000000
vt 0.758929 0.000000
vt 0.488095 0.000000
vt 0.217262 0.000000
vt 0.705357 0.000000
vt 0.434524 0.000000
vt 0.163690 0.000000
vt 0.755952 0.000000
vt 0.485119 0.000000
vt 0.214286 0.000000
vt 0.708333 0.000000
vt 0.437500 0.000000
vt 0.166667 0.000000
vt 0.752976 0.000000
vt 0.482143 0.000000
vt 0.211310 0.000000
vt 0.711310 0.000000
vt 0.440476 0.000000
vt 0.169643 0.000000
vt 0.750000 0.000000
vt 0.479167 0.000000
vt 0.208333 0.000000
vt 0.714286 0.000000
vt 0.443452 0.000000
vt 0.172619 0.000000
vt 0.747024 0.000000
vt 0.476190 0.000000
vt 0.205357 0.000000
vt 0.717262 0.000000
vt 0.446429 0.000000
vt 0.175595 0.000000
vt 0.744048 0.000000
vt 0.473214 0.000000
vt 0.202381 0.000000
vt 0.720238 0.000000
vt 0.449405 0.000000
vt 0.178571 0.000000
vt 0.741071 0.000000
vt 0.470238 0.000000
vt 0.199405 0.000000
vt 0.723214 0.000000
vt 0.452381 0.000000
vt 0.181548 0.000000
vt 0.738095 0.000000
vt 0.467262 0.000000
vt 0.196429 0.000000
vt 0.732143 0.000000
vt 0.735119 0.000000
vt 0.726190 0.000000
vt 0.729167 0.000000
vt 0.461310 0.000000
vt 0.464286 0.000000
vt 0.455357 0.000000
vt 0.458333 0.000000
vt 0.190476 0.000000
vt 0.193452 0.000000
vt 0.184524 0.000000
vt 0.187500 0.000000
vt 0.316568 0.000000
vt 0.322485 0.000000
vt 0.319527 0.000000
vt 0.325444 0.000000
vt 0.313609 0.000000
vt 0.328402 0.000000
vt 0.310651 0.000000
vt 0.331361 0.000000
vt 0.334320 0.000000
vt 0.304734 0.000000
vt 0.337278 0.000000
vt 0.301775 0.000000
vt 0.340237 0.000000
vt 0.298817 0.000000
vt 0.343195 0.000000
vt 0.295858 0.000000
vt 0.346154 0.000000
vt 0.292899 0.000000
vt 0.106509 0.000000
vt 0.103550 0.000000
vt 0.349112 0.000000
vt 0.109467 0.000000
vt 0.112426 0.000000
vt 0.100592 0.000000
vt 0.289941 0.000000
vt 0.115385 0.000000
vt 0.097633 0.000000
vt 0.118343 0.000000
vt 0.094675 0.000000
vt 0.121302 0.000000
vt 0.091716 0.000000
vt 0.352071 0.000000
vt 0.124260 0.000000
vt 0.088757 0.000000
vt 0.286982 0.000000
vt 0.127219 0.000000
vt 0.085799 0.000000
vt 0.130178 0.000000
vt 0.355030 0.000000
vt 0.082840 0.000000
vt 0.133136 0.000000
vt 0.284024 0.000000
vt 0.079882 0.000000
vt 0.136095 0.000000
vt 0.357988 0.000000
vt 0.139053 0.000000
vt 0.281065 0.000000
vt 0.360947 0.000000
vt 0.073964 0.000000
vt 0.142012 0.000000
vt 0.278107 0.000000
vt 0.363905 0.000000
vt 0.071006 0.000000
vt 0.144970 0.000000
vt 0.275148 0.000000
vt 0.068047 0.000000
vt 0.366864 0.000000
vt 0.147929 0.000000
vt 0.065089 0.000000
vt 0.150888 0.000000
vt 0.272189 0.000000
vt 0.369822 0.000000
vt 0.062130 0.000000
vt 0.269231 0.000000
vt 0.372781 0.000000
vt 0.156805 0.000000
vt 0.059172 0.000000
vt 0.266272 0.000000
vt 0.375740 0.000000
vt 0.159763 0.000000
vt 0.263314 0.000000
vt 0.378698 0.000000
vt 0.162722 0.000000
vt 0.056213 0.000000
vt 0.260355 0.000000
vt 0.165680 0.000000
vt 0.381657 0.000000
vt 0.053254 0.000000
vt 0.168639 0.000000
vt 0.257396 0.000000
vt 0.171598 0.000000
vt 0.254438 0.000000
vt 0.174556 0.000000
vt 0.050296 0.000000
vt 0.387574 0.000000
vt 0.251479 0.000000
vt 0.177515 0.000000
vt 0.390533 0.000000
vt 0.248521 0.000000
vt 0.180473 0.000000
vt 0.047337 0.000000
vt 0.245562 0.000000
vt 0.393491 0.000000
vt 0.183432 0.000000
vt 0.242604 0.000000
vt 0.044379 0.000000
vt 0.186391 0.000000
vt 0.239645 0.000000
vt 0.189349 0.000000
vt 0.236686 0.000000
vt 0.041420 0.000000
vt 0.192308 0.000000
vt 0.233728 0.000000
vt 0.195266 0.000000
vt 0.198225 0.000000
vt 0.227811 0.000000
vt 0.201183 0.000000
vt 0.038462 0.000000
vt 0.224852 0.000000
vt 0.204142 0.000000
vt 0.221893 0.000000
vt 0.207101 0.000000
vt 0.218935 0.000000
vt 0.210059 0.000000
vt 0.215976 0.000000
vt 0.213018 0.000000
vt 0.035503 0.000000
vt 0.032544 0.000000
vt 0.754438 0.000000
vt 0.029586 0.000000
vt 0.026627 0.000000
vt 0.023669 0.000000
vt 0.020710 0.000000
vt 0.017751 0.000000
vt 0.014793 0.000000
vt 0.011834 0.000000
vt 0.008876 0.000000
vt 0.757396 0.000000
vt 0.751479 0.000000
vt 0.005917 0.000000
vt 0.002959 0.000000
vt 0.760355 0.000000
vt 0.763314 0.000000
vt 0.748521 0.000000
vt 0.766272 0.000000
vt 0.745562 0.000000
vt 0.742604 0.000000
vt 0.772189 0.000000
vt 0.775148 0.000000
vt 0.739645 0.000000
vt 0.778107 0.000000
vt 0.736686 0.000000
vt 0.781065 0.000000
vt 0.784024 0.000000
vt 0.733728 0.000000
vt 0.786982 0.000000
vt 0.789941 0.000000
vt 0.730769 0.000000
vt 0.792899 0.000000
vt 0.795858 0.000000
vt 0.727811 0.000000
vt 0.798817 0.000000
vt 0.801775 0.000000
vt 0.724852 0.000000
vt 0.804734 0.000000
vt 0.807692 0.000000
vt 0.721893 0.000000
vt 0.810651 0.000000
vt 0.718935 0.000000
vt 0.813609 0.000000
vt 0.816568 0.000000
vt 0.715976 0.000000
vt 0.819527 0.000000
vt 0.713018 0.000000
vt 0.822485 0.000000
vt 0.825444 0.000000
vt 0.710059 0.000000
vt 0.828402 0.000000
vt 0.831361 0.000000
vt 0.707101 0.000000
vt 0.834320 0.000000
vt 0.704142 0.000000
vt 0.837278 0.000000
vt 0.701183 0.000000
vt 0.840237 0.000000
vt 0.843195 0.000000
vt 0.698225 0.000000
vt 0.695266 0.000000
vt 0.849112 0.000000
vt 0.852071 0.000000
vt 0.855030 0.000000
vt 0.689349 0.000000
vt 0.857988 0.000000
vt 0.686391 0.000000
vt 0.860947 0.000000
vt 0.683432 0.000000
vt 0.863905 0.000000
vt 0.680473 0.000000
vt 0.866864 0.000000
vt 0.677515 0.000000
vt 0.869823 0.000000
vt 0.872781 0.000000
vt 0.674556 0.000000
vt 0.875740 0.000000
vt 0.671598 0.000000
vt 0.878698 0.000000
vt 0.997041 0.000000
vt 0.881657 0.000000
vt 0.668639 0.000000
vt 0.994083 0.000000
vt 0.884615 0.000000
vt 0.991124 0.000000
vt 0.665680 0.000000
vt 0.988166 0.000000
vt 0.887574 0.000000
vt 0.985207 0.000000
vt 0.890533 0.000000
vt 0.662722 0.000000
vt 0.396450 0.000000
vt 0.982249 0.000000
vt 0.893491 0.000000
vt 0.979290 0.000000
vt 0.573964 0.000000
vt 0.399408 0.000000
vt 0.659763 0.000000
vt 0.896450 0.000000
vt 0.576923 0.000000
vt 0.571006 0.000000
vt 0.976331 0.000000
vt 0.899408 0.000000
vt 0.467456 0.000000
vt 0.464497 0.000000
vt 0.402367 0.000000
vt 0.973373 0.000000
vt 0.568047 0.000000
vt 0.656805 0.000000
vt 0.902367 0.000000
vt 0.458580 0.000000
vt 0.970414 0.000000
vt 0.405325 0.000000
vt 0.579882 0.000000
vt 0.905325 0.000000
vt 0.565089 0.000000
vt 0.653846 0.000000
vt 0.455621 0.000000
vt 0.967456 0.000000
vt 0.408284 0.000000
vt 0.908284 0.000000
vt 0.964497 0.000000
vt 0.452663 0.000000
vt 0.562130 0.000000
vt 0.911243 0.000000
vt 0.961538 0.000000
vt 0.411243 0.000000
vt 0.650888 0.000000
vt 0.449704 0.000000
vt 0.958580 0.000000
vt 0.914201 0.000000
vt 0.470414 0.000000
vt 0.582840 0.000000
vt 0.955621 0.000000
vt 0.559172 0.000000
vt 0.917160 0.000000
vt 0.414201 0.000000
vt 0.446746 0.000000
vt 0.952663 0.000000
vt 0.920118 0.000000
vt 0.949704 0.000000
vt 0.647929 0.000000
vt 0.946746 0.000000
vt 0.443787 0.000000
vt 0.417160 0.000000
vt 0.556213 0.000000
vt 0.943787 0.000000
vt 0.926036 0.000000
vt 0.940828 0.000000
vt 0.440828 0.000000
vt 0.937870 0.000000
vt 0.928994 0.000000
vt 0.420118 0.000000
vt 0.473373 0.000000
vt 0.934911 0.000000
vt 0.931953 0.000000
vt 0.437870 0.000000
vt 0.423077 0.000000
vt 0.585799 0.000000
vt 0.553254 0.000000
vt 0.434911 0.000000
vt 0.644970 0.000000
vt 0.426035 0.000000
vt 0.431953 0.000000
vt 0.428994 0.000000
vt 0.550296 0.000000
vt 0.476331 0.000000
vt 0.642012 0.000000
vt 0.547337 0.000000
vt 0.588757 0.000000
vt 0.544379 0.000000
vt 0.479290 0.000000
vt 0.639053 0.000000
vt 0.541420 0.000000
vt 0.591716 0.000000
vt 0.636095 0.000000
vt 0.482249 0.000000
vt 0.535503 0.000000
vt 0.633136 0.000000
vt 0.594675 0.000000
vt 0.532544 0.000000
vt 0.485207 0.000000
vt 0.630177 0.000000
vt 0.529586 0.000000
vt 0.488166 0.000000
vt 0.597633 0.000000
vt 0.526627 0.000000
vt 0.627219 0.000000
vt 0.523669 0.000000
vt 0.491124 0.000000
vt 0.624260 0.000000
vt 0.600592 0.000000
vt 0.520710 0.000000
vt 0.621302 0.000000
vt 0.494083 0.000000
vt 0.517751 0.000000
vt 0.603550 0.000000
vt 0.618343 0.000000
vt 0.514793 0.000000
vt 0.497041 0.000000
vt 0.511834 0.000000
vt 0.606509 0.000000
vt 0.508876 0.000000
vt 0.612426 0.000000
vt 0.505917 0.000000
vt 0.609467 0.000000
vt 0.502959 0.000000
vt 0.308824 0.000000
vt 0.316176 0.000000
vt 0.441176 0.000000
vt 0.448529 0.000000
vt 0.444853 0.000000
vt 0.319853 0.000000
vt 0.323529 0.000000
vt 0.327206 0.000000
vt 0.305147 0.000000
vt 0.330882 0.000000
vt 0.334559 0.000000
vt 0.338235 0.000000
vt 0.341912 0.000000
vt 0.301471 0.000000
vt 0.345588 0.000000
vt 0.349265 0.000000
vt 0.352941 0.000000
vt 0.356618 0.000000
vt 0.297794 0.000000
vt 0.433824 0.000000
vt 0.360294 0.000000
vt 0.430147 0.000000
vt 0.363971 0.000000
vt 0.294118 0.000000
vt 0.367647 0.000000
vt 0.426471 0.000000
vt 0.371324 0.000000
vt 0.422794 0.000000
vt 0.419118 0.000000
vt 0.378676 0.000000
vt 0.290441 0.000000
vt 0.415441 0.000000
vt 0.382353 0.000000
vt 0.386029 0.000000
vt 0.411765 0.000000
vt 0.389706 0.000000
vt 0.408088 0.000000
vt 0.393382 0.000000
vt 0.404412 0.000000
vt 0.397059 0.000000
vt 0.400735 0.000000
vt 0.540441 0.000000
vt 0.536765 0.000000
vt 0.533088 0.000000
vt 0.529412 0.000000
vt 0.525735 0.000000
vt 0.522059 0.000000
vt 0.518382 0.000000
vt 0.514706 0.000000
vt 0.511029 0.000000
vt 0.507353 0.000000
vt 0.503676 0.000000
vt 0.286765 0.000000
vt 0.544118 0.000000
vt 0.547794 0.000000
vt 0.551471 0.000000
vt 0.555147 0.000000
vt 0.558824 0.000000
vt 0.283088 0.000000
vt 0.566176 0.000000
vt 0.279412 0.000000
vt 0.569853 0.000000
vt 0.275735 0.000000
vt 0.573529 0.000000
vt 0.577206 0.000000
vt 0.272059 0.000000
vt 0.580882 0.000000
vt 0.496324 0.000000
vt 0.268382 0.000000
vt 0.584559 0.000000
vt 0.492647 0.000000
vt 0.488971 0.000000
vt 0.588235 0.000000
vt 0.264706 0.000000
vt 0.485294 0.000000
vt 0.481618 0.000000
vt 0.591912 0.000000
vt 0.477941 0.000000
vt 0.261029 0.000000
vt 0.474265 0.000000
vt 0.595588 0.000000
vt 0.470588 0.000000
vt 0.257353 0.000000
vt 0.466912 0.000000
vt 0.599265 0.000000
vt 0.463235 0.000000
vt 0.253676 0.000000
vt 0.459559 0.000000
vt 0.602941 0.000000
vt 0.455882 0.000000
vt 0.452206 0.000000
vt 0.606618 0.000000
vt 0.246324 0.000000
vt 0.610294 0.000000
vt 0.242647 0.000000
vt 0.613971 0.000000
vt 0.238971 0.000000
vt 0.617647 0.000000
vt 0.235294 0.000000
vt 0.621324 0.000000
vt 0.231618 0.000000
vt 0.227941 0.000000
vt 0.224265 0.000000
vt 0.628676 0.000000
vt 0.220588 0.000000
vt 0.632353 0.000000
vt 0.216912 0.000000
vt 0.900735 0.000000
vt 0.908088 0.000000
vt 0.904412 0.000000
vt 0.911765 0.000000
vt 0.636029 0.000000
vt 0.213235 0.000000
vt 0.639706 0.000000
vt 0.897059 0.000000
vt 0.893382 0.000000
vt 0.915441 0.000000
vt 0.919118 0.000000
vt 0.889706 0.000000
vt 0.922794 0.000000
vt 0.886029 0.000000
vt 0.926471 0.000000
vt 0.882353 0.000000
vt 0.930147 0.000000
vt 0.878676 0.000000
vt 0.933824 0.000000
vt 0.871324 0.000000
vt 0.941176 0.000000
vt 0.867647 0.000000
vt 0.944853 0.000000
vt 0.863971 0.000000
vt 0.948529 0.000000
vt 0.860294 0.000000
vt 0.952206 0.000000
vt 0.209559 0.000000
vt 0.856618 0.000000
vt 0.955882 0.000000
vt 0.852941 0.000000
vt 0.959559 0.000000
vt 0.849265 0.000000
vt 0.963235 0.000000
vt 0.845588 0.000000
vt 0.966912 0.000000
vt 0.841912 0.000000
vt 0.970588 0.000000
vt 0.643382 0.000000
vt 0.838235 0.000000
vt 0.974265 0.000000
vt 0.834559 0.000000
vt 0.977941 0.000000
vt 0.205882 0.000000
vt 0.830882 0.000000
vt 0.981618 0.000000
vt 0.827206 0.000000
vt 0.985294 0.000000
vt 0.823529 0.000000
vt 0.988971 0.000000
vt 0.647059 0.000000
vt 0.819853 0.000000
vt 0.992647 0.000000
vt 0.816176 0.000000
vt 0.996324 0.000000
vt 0.202206 0.000000
vt 0.808824 0.000000
vt 0.650735 0.000000
vt 0.805147 0.000000
vt 0.003676 0.000000
vt 0.198529 0.000000
vt 0.654412 0.000000
vt 0.194853 0.000000
vt 0.658088 0.000000
vt 0.191176 0.000000
vt 0.661765 0.000000
vt 0.665441 0.000000
vt 0.183824 0.000000
vt 0.801471 0.000000
vt 0.669118 0.000000
vt 0.797794 0.000000
vt 0.180147 0.000000
vt 0.794118 0.000000
vt 0.790441 0.000000
vt 0.672794 0.000000
vt 0.786765 0.000000
vt 0.176471 0.000000
vt 0.783088 0.000000
vt 0.676471 0.000000
vt 0.779412 0.000000
vt 0.172794 0.000000
vt 0.775735 0.000000
vt 0.680147 0.000000
vt 0.772059 0.000000
vt 0.007353 0.000000
vt 0.683824 0.000000
vt 0.768382 0.000000
vt 0.014706 0.000000
vt 0.011029 0.000000
vt 0.169118 0.000000
vt 0.764706 0.000000
vt 0.022059 0.000000
vt 0.018382 0.000000
vt 0.761029 0.000000
vt 0.029412 0.000000
vt 0.025735 0.000000
vt 0.165441 0.000000
vt 0.691176 0.000000
vt 0.757353 0.000000
vt 0.036765 0.000000
vt 0.033088 0.000000
vt 0.753676 0.000000
vt 0.044118 0.000000
vt 0.040441 0.000000
vt 0.694853 0.000000
vt 0.047794 0.000000
vt 0.161765 0.000000
vt 0.698529 0.000000
vt 0.051471 0.000000
vt 0.055147 0.000000
vt 0.746324 0.000000
vt 0.058824 0.000000
vt 0.066176 0.000000
vt 0.742647 0.000000
vt 0.069853 0.000000
vt 0.702206 0.000000
vt 0.073529 0.000000
vt 0.738971 0.000000
vt 0.077206 0.000000
vt 0.705882 0.000000
vt 0.158088 0.000000
vt 0.735294 0.000000
vt 0.080882 0.000000
vt 0.731618 0.000000
vt 0.709559 0.000000
vt 0.727941 0.000000
vt 0.084559 0.000000
vt 0.713235 0.000000
vt 0.724265 0.000000
vt 0.720588 0.000000
vt 0.716912 0.000000
vt 0.088235 0.000000
vt 0.154412 0.000000
vt 0.091912 0.000000
vt 0.095588 0.000000
vt 0.150735 0.000000
vt 0.099265 0.000000
vt 0.102941 0.000000
vt 0.147059 0.000000
vt 0.106618 0.000000
vt 0.110294 0.000000
vt 0.113971 0.000000
vt 0.143382 0.000000
vt 0.117647 0.000000
vt 0.121324 0.000000
vt 0.139706 0.000000
vt 0.128676 0.000000
vt 0.136029 0.000000
vt 0.132353 0.000000
vt 0.000000 1.000000
vt 0.003663 1.000000
vt 0.003663 0.000000
vt 0.007326 1.000000
vt 0.007326 0.000000
vt 0.010989 1.000000
vt 0.010989 0.000000
vt 0.014652 1.000000
vt 0.014652 0.000000
vt 0.018315 1.000000
vt 0.018315 0.000000
vt 0.021978 1.000000
vt 0.021978 0.000000
vt 0.025641 1.000000
vt 0.029304 1.000000
vt 0.029304 0.000000
vt 0.032967 1.000000
vt 0.032967 0.000000
vt 0.036630 1.000000
vt 0.036630 0.000000
vt 0.040293 1.000000
vt 0.040293 0.000000
vt 0.043956 1.000000
vt 0.043956 0.000000
vt 0.047619 1.000000
vt 0.051282 1.000000
vt 0.054945 1.000000
vt 0.054945 0.000000
vt 0.058608 1.000000
vt 0.058608 0.000000
vt 0.062271 1.000000
vt 0.062271 0.000000
vt 0.065934 1.000000
vt 0.065934 0.000000
vt 0.069597 1.000000
vt 0.069597 0.000000
vt 0.073260 1.000000
vt 0.073260 0.000000
vt 0.076923 1.000000
vt 0.080586 1.000000
vt 0.080586 0.000000
vt 0.084249 1.000000
vt 0.084249 0.000000
vt 0.087912 1.000000
vt 0.087912 0.000000
vt 0.091575 1.000000
vt 0.091575 0.000000
vt 0.095238 1.000000
vt 0.098901 1.000000
vt 0.098901 0.000000
vt 0.102564 1.000000
vt 0.106227 1.000000
vt 0.106227 0.000000
vt 0.109890 1.000000
vt 0.109890 0.000000
vt 0.113553 1.000000
vt 0.113553 0.000000
vt 0.117216 1.000000
vt 0.117216 0.000000
vt 0.120879 1.000000
vt 0.120879 0.000000
vt 0.124542 1.000000
vt 0.124542 0.000000
vt 0.128205 1.000000
vt 0.131868 1.000000
vt 0.131868 0.000000
vt 0.135531 1.000000
vt 0.135531 0.000000
vt 0.139194 1.000000
vt 0.139194 0.000000
vt 0.142857 1.000000
vt 0.146520 1.000000
vt 0.146520 0.000000
vt 0.150183 1.000000
vt 0.150183 0.000000
vt 0.153846 1.000000
vt 0.157509 1.000000
vt 0.157509 0.000000
vt 0.161172 1.000000
vt 0.161172 0.000000
vt 0.164835 1.000000
vt 0.164835 0.000000
vt 0.168498 1.000000
vt 0.168498 0.000000
vt 0.172161 1.000000
vt 0.172161 0.000000
vt 0.175824 1.000000
vt 0.175824 0.000000
vt 0.179487 1.000000
vt 0.183150 1.000000
vt 0.183150 0.000000
vt 0.186813 1.000000
vt 0.186813 0.000000
vt 0.190476 1.000000
vt 0.194139 1.000000
vt 0.194139 0.000000
vt 0.197802 1.000000
vt 0.197802 0.000000
vt 0.201465 1.000000
vt 0.201465 0.000000
vt 0.205128 1.000000
vt 0.208791 1.000000
vt 0.208791 0.000000
vt 0.212454 1.000000
vt 0.212454 0.000000
vt 0.216117 1.000000
vt 0.216117 0.000000
vt 0.219780 1.000000
vt 0.219780 0.000000
vt 0.223443 1.000000
vt 0.223443 0.000000
vt 0.227106 1.000000
vt 0.227106 0.000000
vt 0.230769 1.000000
vt 0.234432 1.000000
vt 0.234432 0.000000
vt 0.238095 1.000000
vt 0.241758 1.000000
vt 0.241758 0.000000
vt 0.245421 1.000000
vt 0.245421 0.000000
vt 0.249084 1.000000
vt 0.249084 0.000000
vt 0.252747 1.000000
vt 0.252747 0.000000
vt 0.256410 1.000000
vt 0.260073 1.000000
vt 0.260073 0.000000
vt 0.263736 1.000000
vt 0.263736 0.000000
vt 0.267399 1.000000
vt 0.267399 0.000000
vt 0.271062 1.000000
vt 0.271062 0.000000
vt 0.274725 1.000000
vt 0.274725 0.000000
vt 0.278388 1.000000
vt 0.278388 0.000000
vt 0.282051 1.000000
vt 0.285714 1.000000
vt 0.289377 1.000000
vt 0.289377 0.000000
vt 0.293040 1.000000
vt 0.293040 0.000000
vt 0.296703 1.000000
vt 0.296703 0.000000
vt 0.300366 1.000000
vt 0.300366 0.000000
vt 0.304029 1.000000
vt 0.304029 0.000000
vt 0.307692 1.000000
vt 0.311355 1.000000
vt 0.311355 0.000000
vt 0.315018 1.000000
vt 0.315018 0.000000
vt 0.318681 1.000000
vt 0.318681 0.000000
vt 0.322344 1.000000
vt 0.322344 0.000000
vt 0.326007 1.000000
vt 0.326007 0.000000
vt 0.329670 1.000000
vt 0.329670 0.000000
vt 0.333333 1.000000
vt 0.336996 1.000000
vt 0.336996 0.000000
vt 0.340659 1.000000
vt 0.340659 0.000000
vt 0.344322 1.000000
vt 0.344322 0.000000
vt 0.347985 1.000000
vt 0.347985 0.000000
vt 0.351648 1.000000
vt 0.351648 0.000000
vt 0.355311 1.000000
vt 0.355311 0.000000
vt 0.358974 1.000000
vt 0.362637 1.000000
vt 0.362637 0.000000
vt 0.366300 1.000000
vt 0.366300 0.000000
vt 0.369963 1.000000
vt 0.369963 0.000000
vt 0.373626 1.000000
vt 0.373626 0.000000
vt 0.377289 1.000000
vt 0.377289 0.000000
vt 0.380952 1.000000
vt 0.384615 1.000000
vt 0.388278 1.000000
vt 0.388278 0.000000
vt 0.391941 1.000000
vt 0.391941 0.000000
vt 0.395604 1.000000
vt 0.395604 0.000000
vt 0.399267 1.000000
vt 0.399267 0.000000
vt 0.402930 1.000000
vt 0.402930 0.000000
vt 0.406593 1.000000
vt 0.406593 0.000000
vt 0.410256 1.000000
vt 0.413919 1.000000
vt 0.413919 0.000000
vt 0.417582 1.000000
vt 0.417582 0.000000
vt 0.421245 1.000000
vt 0.421245 0.000000
vt 0.424908 1.000000
vt 0.424908 0.000000
vt 0.428571 1.000000
vt 0.432234 1.000000
vt 0.432234 0.000000
vt 0.435897 1.000000
vt 0.439560 1.000000
vt 0.439560 0.000000
vt 0.443223 1.000000
vt 0.443223 0.000000
vt 0.446886 1.000000
vt 0.446886 0.000000
vt 0.450549 1.000000
vt 0.450549 0.000000
vt 0.454212 1.000000
vt 0.454212 0.000000
vt 0.457875 1.000000
vt 0.457875 0.000000
vt 0.461538 1.000000
vt 0.465201 1.000000
vt 0.465201 0.000000
vt 0.468864 1.000000
vt 0.468864 0.000000
vt 0.472527 1.000000
vt 0.472527 0.000000
vt 0.476190 1.000000
vt 0.479853 1.000000
vt 0.479853 0.000000
vt 0.483516 1.000000
vt 0.483516 0.000000
vt 0.487179 1.000000
vt 0.490842 1.000000
vt 0.490842 0.000000
vt 0.494505 1.000000
vt 0.494505 0.000000
vt 0.498168 1.000000
vt 0.498168 0.000000
vt 0.501832 1.000000
vt 0.501832 0.000000
vt 0.505495 1.000000
vt 0.505495 0.000000
vt 0.509158 1.000000
vt 0.509158 0.000000
vt 0.512821 1.000000
vt 0.516484 1.000000
vt 0.516484 0.000000
vt 0.520147 1.000000
vt 0.520147 0.000000
vt 0.523810 1.000000
vt 0.527473 1.000000
vt 0.527473 0.000000
vt 0.531136 1.000000
vt 0.531136 0.000000
vt 0.534799 1.000000
vt 0.534799 0.000000
vt 0.538462 1.000000
vt 0.542125 1.000000
vt 0.542125 0.000000
vt 0.545788 1.000000
vt 0.545788 0.000000
vt 0.549451 1.000000
vt 0.549451 0.000000
vt 0.553114 1.000000
vt 0.553114 0.000000
vt 0.556777 1.000000
vt 0.556777 0.000000
vt 0.560440 1.000000
vt 0.560440 0.000000
vt 0.564103 1.000000
vt 0.567766 1.000000
vt 0.567766 0.000000
vt 0.571429 1.000000
vt 0.575092 1.000000
vt 0.575092 0.000000
vt 0.578755 1.000000
vt 0.578755 0.000000
vt 0.582418 1.000000
vt 0.582418 0.000000
vt 0.586081 1.000000
vt 0.586081 0.000000
vt 0.589744 1.000000
vt 0.593407 1.000000
vt 0.593407 0.000000
vt 0.597070 1.000000
vt 0.597070 0.000000
vt 0.600733 1.000000
vt 0.600733 0.000000
vt 0.604396 1.000000
vt 0.604396 0.000000
vt 0.608059 1.000000
vt 0.608059 0.000000
vt 0.611722 1.000000
vt 0.611722 0.000000
vt 0.615385 1.000000
vt 0.619048 1.000000
vt 0.622711 1.000000
vt 0.622711 0.000000
vt 0.626374 1.000000
vt 0.626374 0.000000
vt 0.630037 1.000000
vt 0.630037 0.000000
vt 0.633700 1.000000
vt 0.633700 0.000000
vt 0.637363 1.000000
vt 0.637363 0.000000
vt 0.641026 1.000000
vt 0.644689 1.000000
vt 0.644689 0.000000
vt 0.648352 1.000000
vt 0.648352 0.000000
vt 0.652015 1.000000
vt 0.652015 0.000000
vt 0.655678 1.000000
vt 0.655678 0.000000
vt 0.659341 1.000000
vt 0.659341 0.000000
vt 0.663004 1.000000
vt 0.663004 0.000000
vt 0.666667 1.000000
vt 0.670330 1.000000
vt 0.670330 0.000000
vt 0.673993 1.000000
vt 0.673993 0.000000
vt 0.677656 1.000000
vt 0.677656 0.000000
vt 0.681319 1.000000
vt 0.681319 0.000000
vt 0.684982 1.000000
vt 0.684982 0.000000
vt 0.688645 1.000000
vt 0.688645 0.000000
vt 0.692308 1.000000
vt 0.695971 1.000000
vt 0.695971 0.000000
vt 0.699634 1.000000
vt 0.699634 0.000000
vt 0.703297 1.000000
vt 0.703297 0.000000
vt 0.706960 1.000000
vt 0.706960 0.000000
vt 0.710623 1.000000
vt 0.710623 0.000000
vt 0.714286 1.000000
vt 0.717949 1.000000
vt 0.721612 1.000000
vt 0.721612 0.000000
vt 0.725275 1.000000
vt 0.725275 0.000000
vt 0.728938 1.000000
vt 0.728938 0.000000
vt 0.732601 1.000000
vt 0.732601 0.000000
vt 0.736264 1.000000
vt 0.736264 0.000000
vt 0.739927 1.000000
vt 0.739927 0.000000
vt 0.743590 1.000000
vt 0.747253 1.000000
vt 0.747253 0.000000
vt 0.750916 1.000000
vt 0.750916 0.000000
vt 0.754579 1.000000
vt 0.754579 0.000000
vt 0.758242 1.000000
vt 0.758242 0.000000
vt 0.761905 1.000000
vt 0.765568 1.000000
vt 0.765568 0.000000
vt 0.769231 1.000000
vt 0.772894 1.000000
vt 0.772894 0.000000
vt 0.776557 1.000000
vt 0.776557 0.000000
vt 0.780220 1.000000
vt 0.780220 0.000000
vt 0.783883 1.000000
vt 0.783883 0.000000
vt 0.787546 1.000000
vt 0.787546 0.000000
vt 0.791209 1.000000
vt 0.791209 0.000000
vt 0.794872 1.000000
vt 0.798535 1.000000
vt 0.798535 0.000000
vt 0.802198 1.000000
vt 0.802198 0.000000
vt 0.805861 1.000000
vt 0.805861 0.000000
vt 0.809524 1.000000
vt 0.813187 1.000000
vt 0.813187 0.000000
vt 0.816850 1.000000
vt 0.816850 0.000000
vt 0.820513 1.000000
vt 0.824176 1.000000
vt 0.824176 0.000000
vt 0.827839 1.000000
vt 0.827839 0.000000
vt 0.831502 1.000000
vt 0.831502 0.000000
vt 0.835165 1.000000
vt 0.835165 0.000000
vt 0.838828 1.000000
vt 0.838828 0.000000
vt 0.842491 1.000000
vt 0.842491 0.000000
vt 0.846154 1.000000
vt 0.849817 1.000000
vt 0.849817 0.000000
vt 0.853480 1.000000
vt 0.853480 0.000000
vt 0.857143 1.000000
vt 0.860806 1.000000
vt 0.860806 0.000000
vt 0.864469 1.000000
vt 0.864469 0.000000
vt 0.868132 1.000000
vt 0.868132 0.000000
vt 0.871795 1.000000
vt 0.875458 1.000000
vt 0.875458 0.000000
vt 0.879121 1.000000
vt 0.879121 0.000000
vt 0.882784 1.000000
vt 0.882784 0.000000
vt 0.886447 1.000000
vt 0.886447 0.000000
vt 0.890110 1.000000
vt 0.890110 0.000000
vt 0.893773 1.000000
vt 0.893773 0.000000
vt 0.897436 1.000000
vt 0.901099 1.000000
vt 0.901099 0.000000
vt 0.904762 1.000000
vt 0.908425 1.000000
vt 0.908425 0.000000
vt 0.912088 1.000000
vt 0.912088 0.000000
vt 0.915751 1.000000
vt 0.915751 0.000000
vt 0.919414 1.000000
vt 0.919414 0.000000
vt 0.923077 1.000000
vt 0.926740 1.000000
vt 0.926740 0.000000
vt 0.930403 1.000000
vt 0.930403 0.000000
vt 0.934066 1.000000
vt 0.934066 0.000000
vt 0.937729 1.000000
vt 0.937729 0.000000
vt 0.941392 1.000000
vt 0.941392 0.000000
vt 0.945055 1.000000
vt 0.945055 0.000000
vt 0.948718 1.000000
vt 0.952381 1.000000
vt 0.956044 1.000000
vt 0.956044 0.000000
vt 0.959707 1.000000
vt 0.959707 0.000000
vt 0.963370 1.000000
vt 0.963370 0.000000
vt 0.967033 1.000000
vt 0.967033 0.000000
vt 0.970696 1.000000
vt 0.970696 0.000000
vt 0.974359 1.000000
vt 0.978022 1.000000
vt 0.978022 0.000000
vt 0.981685 1.000000
vt 0.981685 0.000000
vt 0.985348 1.000000
vt 0.985348 0.000000
vt 0.989011 1.000000
vt 0.989011 0.000000
vt 0.992674 1.000000
vt 0.992674 0.000000
vt 0.996337 1.000000
vt 0.996337 0.000000
vt 1.000000 1.000000
vt 0.003937 1.000000
vt 0.003937 0.000000
vt 0.007874 1.000000
vt 0.007874 0.000000
vt 0.011811 1.000000
vt 0.011811 0.000000
vt 0.015748 1.000000
vt 0.015748 0.000000
vt 0.019685 1.000000
vt 0.019685 0.000000
vt 0.023622 1.000000
vt 0.023622 0.000000
vt 0.027559 1.000000
vt 0.027559 0.000000
vt 0.031496 1.000000
vt 0.031496 0.000000
vt 0.035433 1.000000
vt 0.035433 0.000000
vt 0.039370 1.000000
vt 0.039370 0.000000
vt 0.043307 1.000000
vt 0.043307 0.000000
vt 0.047244 1.000000
vt 0.047244 0.000000
vt 0.051181 1.000000
vt 0.051181 0.000000
vt 0.055118 1.000000
vt 0.055118 0.000000
vt 0.059055 1.000000
vt 0.059055 0.000000
vt 0.062992 1.000000
vt 0.062992 0.000000
vt 0.066929 1.000000
vt 0.066929 0.000000
vt 0.070866 1.000000
vt 0.070866 0.000000
vt 0.074803 1.000000
vt 0.074803 0.000000
vt 0.078740 1.000000
vt 0.078740 0.000000
vt 0.082677 1.000000
vt 0.082677 0.000000
vt 0.086614 1.000000
vt 0.086614 0.000000
vt 0.090551 1.000000
vt 0.090551 0.000000
vt 0.094488 1.000000
vt 0.094488 0.000000
vt 0.098425 1.000000
vt 0.098425 0.000000
vt 0.102362 1.000000
vt 0.102362 0.000000
vt 0.106299 1.000000
vt 0.106299 0.000000
vt 0.110236 1.000000
vt 0.110236 0.000000
vt 0.114173 1.000000
vt 0.114173 0.000000
vt 0.118110 1.000000
vt 0.118110 0.000000
vt 0.122047 1.000000
vt 0.122047 0.000000
vt 0.125984 1.000000
vt 0.125984 0.000000
vt 0.129921 1.000000
vt 0.129921 0.000000
vt 0.133858 1.000000
vt 0.133858 0.000000
vt 0.137795 1.000000
vt 0.137795 0.000000
vt 0.141732 1.000000
vt 0.141732 0.000000
vt 0.145669 1.000000
vt 0.145669 0.000000
vt 0.149606 1.000000
vt 0.149606 0.000000
vt 0.153543 1.000000
vt 0.153543 0.000000
vt 0.157480 1.000000
vt 0.157480 0.000000
vt 0.161417 1.000000
vt 0.161417 0.000000
vt 0.165354 1.000000
vt 0.165354 0.000000
vt 0.169291 1.000000
vt 0.169291 0.000000
vt 0.173228 1.000000
vt 0.173228 0.000000
vt 0.177165 1.000000
vt 0.177165 0.000000
vt 0.181102 1.000000
vt 0.181102 0.000000
vt 0.185039 1.000000
vt 0.185039 0.000000
vt 0.188976 1.000000
vt 0.188976 0.000000
vt 0.192913 1.000000
vt 0.192913 0.000000
vt 0.196850 1.000000
vt 0.196850 0.000000
vt 0.200787 1.000000
vt 0.200787 0.000000
vt 0.204724 1.000000
vt 0.204724 0.000000
vt 0.208661 1.000000
vt 0.208661 0.000000
vt 0.212598 1.000000
vt 0.212598 0.000000
vt 0.216535 1.000000
vt 0.216535 0.000000
vt 0.220472 1.000000
vt 0.220472 0.000000
vt 0.224409 1.000000
vt 0.224409 0.000000
vt 0.228346 1.000000
vt 0.228346 0.000000
vt 0.232283 1.000000
vt 0.232283 0.000000
vt 0.236220 1.000000
vt 0.236220 0.000000
vt 0.240157 1.000000
vt 0.240157 0.000000
vt 0.244094 1.000000
vt 0.244094 0.000000
vt 0.248031 1.000000
vt 0.248031 0.000000
vt 0.251969 1.000000
vt 0.251969 0.000000
vt 0.255906 1.000000
vt 0.255906 0.000000
vt 0.259843 1.000000
vt 0.259843 0.000000
vt 0.263780 1.000000
vt 0.263780 0.000000
vt 0.267717 1.000000
vt 0.267717 0.000000
vt 0.271654 1.000000
vt 0.271654 0.000000
vt 0.275591 1.000000
vt 0.275591 0.000000
vt 0.279528 1.000000
vt 0.279528 0.000000
vt 0.283465 1.000000
vt 0.283465 0.000000
vt 0.287402 1.000000
vt 0.287402 0.000000
vt 0.291339 1.000000
vt 0.291339 0.000000
vt 0.295276 1.000000
vt 0.295276 0.000000
vt 0.299213 1.000000
vt 0.299213 0.000000
vt 0.303150 1.000000
vt 0.303150 0.000000
vt 0.307087 1.000000
vt 0.307087 0.000000
vt 0.311024 1.000000
vt 0.311024 0.000000
vt 0.314961 1.000000
vt 0.314961 0.000000
vt 0.318898 1.000000
vt 0.318898 0.000000
vt 0.322835 1.000000
vt 0.322835 0.000000
vt 0.326772 1.000000
vt 0.326772 0.000000
vt 0.330709 1.000000
vt 0.330709 0.000000
vt 0.334646 1.000000
vt 0.334646 0.000000
vt 0.338583 1.000000
vt 0.338583 0.000000
vt 0.342520 1.000000
vt 0.342520 0.000000
vt 0.346457 1.000000
vt 0.346457 0.000000
vt 0.350394 1.000000
vt 0.350394 0.000000
vt 0.354331 1.000000
vt 0.354331 0.000000
vt 0.358268 1.000000
vt 0.358268 0.000000
vt 0.362205 1.000000
vt 0.362205 0.000000
vt 0.366142 1.000000
vt 0.366142 0.000000
vt 0.370079 1.000000
vt 0.370079 0.000000
vt 0.374016 1.000000
vt 0.374016 0.000000
vt 0.377953 1.000000
vt 0.377953 0.000000
vt 0.381890 1.000000
vt 0.381890 0.000000
vt 0.385827 1.000000
vt 0.385827 0.000000
vt 0.389764 1.000000
vt 0.389764 0.000000
vt 0.393701 1.000000
vt 0.393701 0.000000
vt 0.397638 1.000000
vt 0.397638 0.000000
vt 0.401575 1.000000
vt 0.401575 0.000000
vt 0.405512 1.000000
vt 0.405512 0.000000
vt 0.409449 1.000000
vt 0.409449 0.000000
vt 0.413386 1.000000
vt 0.413386 0.000000
vt 0.417323 1.000000
vt 0.417323 0.000000
vt 0.421260 1.000000
vt 0.421260 0.000000
vt 0.425197 1.000000
vt 0.425197 0.000000
vt 0.429134 1.000000
vt 0.429134 0.000000
vt 0.433071 1.000000
vt 0.433071 0.000000
vt 0.437008 1.000000
vt 0.437008 0.000000
vt 0.440945 1.000000
vt 0.440945 0.000000
vt 0.444882 1.000000
vt 0.444882 0.000000
vt 0.448819 1.000000
vt 0.448819 0.000000
vt 0.452756 1.000000
vt 0.452756 0.000000
vt 0.456693 1.000000
vt 0.456693 0.000000
vt 0.460630 1.000000
vt 0.460630 0.000000
vt 0.464567 1.000000
vt 0.464567 0.000000
vt 0.468504 1.000000
vt 0.468504 0.000000
vt 0.472441 1.000000
vt 0.472441 0.000000
vt 0.476378 1.000000
vt 0.476378 0.000000
vt 0.480315 1.000000
vt 0.480315 0.000000
vt 0.484252 1.000000
vt 0.484252 0.000000
vt 0.488189 1.000000
vt 0.488189 0.000000
vt 0.492126 1.000000
vt 0.492126 0.000000
vt 0.496063 1.000000
vt 0.496063 0.000000
vt 0.500000 1.000000
vt 0.503937 1.000000
vt 0.503937 0.000000
vt 0.507874 1.000000
vt 0.507874 0.000000
vt 0.511811 1.000000
vt 0.511811 0.000000
vt 0.515748 1.000000
vt 0.515748 0.000000
vt 0.519685 1.000000
vt 0.519685 0.000000
vt 0.523622 1.000000
vt 0.523622 0.000000
vt 0.527559 1.000000
vt 0.527559 0.000000
vt 0.531496 1.000000
vt 0.531496 0.000000
vt 0.535433 1.000000
vt 0.535433 0.000000
vt 0.539370 1.000000
vt 0.539370 0.000000
vt 0.543307 1.000000
vt 0.543307 0.000000
vt 0.547244 1.000000
vt 0.547244 0.000000
vt 0.551181 1.000000
vt 0.551181 0.000000
vt 0.555118 1.000000
vt 0.555118 0.000000
vt 0.559055 1.000000
vt 0.559055 0.000000
vt 0.562992 1.000000
vt 0.562992 0.000000
vt 0.566929 1.000000
vt 0.566929 0.000000
vt 0.570866 1.000000
vt 0.570866 0.000000
vt 0.574803 1.000000
vt 0.574803 0.000000
vt 0.578740 1.000000
vt 0.578740 0.000000
vt 0.582677 1.000000
vt 0.582677 0.000000
vt 0.586614 1.000000
vt 0.586614 0.000000
vt 0.590551 1.000000
vt 0.590551 0.000000
vt 0.594488 1.000000
vt 0.594488 0.000000
vt 0.598425 1.000000
vt 0.598425 0.000000
vt 0.602362 1.000000
vt 0.602362 0.000000
vt 0.606299 1.000000
vt 0.606299 0.000000
vt 0.610236 1.000000
vt 0.610236 0.000000
vt 0.614173 1.000000
vt 0.614173 0.000000
vt 0.618110 1.000000
vt 0.618110 0.000000
vt 0.622047 1.000000
vt 0.622047 0.000000
vt 0.625984 1.000000
vt 0.625984 0.000000
vt 0.629921 1.000000
vt 0.629921 0.000000
vt 0.633858 1.000000
vt 0.633858 0.000000
vt 0.637795 1.000000
vt 0.637795 0.000000
vt 0.641732 1.000000
vt 0.641732 0.000000
vt 0.645669 1.000000
vt 0.645669 0.000000
vt 0.649606 1.000000
vt 0.649606 0.000000
vt 0.653543 1.000000
vt 0.653543 0.000000
vt 0.657480 1.000000
vt 0.657480 0.000000
vt 0.661417 1.000000
vt 0.661417 0.000000
vt 0.665354 1.000000
vt 0.665354 0.000000
vt 0.669291 1.000000
vt 0.669291 0.000000
vt 0.673228 1.000000
vt 0.673228 0.000000
vt 0.677165 1.000000
vt 0.677165 0.000000
vt 0.681102 1.000000
vt 0.681102 0.000000
vt 0.685039 1.000000
vt 0.685039 0.000000
vt 0.688976 1.000000
vt 0.688976 0.000000
vt 0.692913 1.000000
vt 0.692913 0.000000
vt 0.696850 1.000000
vt 0.696850 0.000000
vt 0.700787 1.000000
vt 0.700787 0.000000
vt 0.704724 1.000000
vt 0.704724 0.000000
vt 0.708661 1.000000
vt 0.708661 0.000000
vt 0.712598 1.000000
vt 0.712598 0.000000
vt 0.716535 1.000000
vt 0.716535 0.000000
vt 0.720472 1.000000
vt 0.720472 0.000000
vt 0.724409 1.000000
vt 0.724409 0.000000
vt 0.728346 1.000000
vt 0.728346 0.000000
vt 0.732283 1.000000
vt 0.732283 0.000000
vt 0.736220 1.000000
vt 0.736220 0.000000
vt 0.740157 1.000000
vt 0.740157 0.000000
vt 0.744094 1.000000
vt 0.744094 0.000000
vt 0.748031 1.000000
vt 0.748031 0.000000
vt 0.751969 1.000000
vt 0.751969 0.000000
vt 0.755906 1.000000
vt 0.755906 0.000000
vt 0.759843 1.000000
vt 0.759843 0.000000
vt 0.763780 1.000000
vt 0.763780 0.000000
vt 0.767717 1.000000
vt 0.767717 0.000000
vt 0.771654 1.000000
vt 0.771654 0.000000
vt 0.775591 1.000000
vt 0.775591 0.000000
vt 0.779528 1.000000
vt 0.779528 0.000000
vt 0.783465 1.000000
vt 0.783465 0.000000
vt 0.787402 1.000000
vt 0.787402 0.000000
vt 0.791339 1.000000
vt 0.791339 0.000000
vt 0.795276 1.000000
vt 0.795276 0.000000
vt 0.799213 1.000000
vt 0.799213 0.000000
vt 0.803150 1.000000
vt 0.803150 0.000000
vt 0.807087 1.000000
vt 0.807087 0.000000
vt 0.811024 1.000000
vt 0.811024 0.000000
vt 0.814961 1.000000
vt 0.814961 0.000000
vt 0.818898 1.000000
vt 0.818898 0.000000
vt 0.822835 1.000000
vt 0.822835 0.000000
vt 0.826772 1.000000
vt 0.826772 0.000000
vt 0.830709 1.000000
vt 0.830709 0.000000
vt 0.834646 1.000000
vt 0.834646 0.000000
vt 0.838583 1.000000
vt 0.838583 0.000000
vt 0.842520 1.000000
vt 0.842520 0.000000
vt 0.846457 1.000000
vt 0.846457 0.000000
vt 0.850394 1.000000
vt 0.850394 0.000000
vt 0.854331 1.000000
vt 0.854331 0.000000
vt 0.858268 1.000000
vt 0.858268 0.000000
vt 0.862205 1.000000
vt 0.862205 0.000000
vt 0.866142 1.000000
vt 0.866142 0.000000
vt 0.870079 1.000000
vt 0.870079 0.000000
vt 0.874016 1.000000
vt 0.874016 0.000000
vt 0.877953 1.000000
vt 0.877953 0.000000
vt 0.881890 1.000000
vt 0.881890 0.000000
vt 0.885827 1.000000
vt 0.885827 0.000000
vt 0.889764 1.000000
vt 0.889764 0.000000
vt 0.893701 1.000000
vt 0.893701 0.000000
vt 0.897638 1.000000
vt 0.897638 0.000000
vt 0.901575 1.000000
vt 0.901575 0.000000
vt 0.905512 1.000000
vt 0.905512 0.000000
vt 0.909449 1.000000
vt 0.909449 0.000000
vt 0.913386 1.000000
vt 0.913386 0.000000
vt 0.917323 1.000000
vt 0.917323 0.000000
vt 0.921260 1.000000
vt 0.921260 0.000000
vt 0.925197 1.000000
vt 0.925197 0.000000
vt 0.929134 1.000000
vt 0.929134 0.000000
vt 0.933071 1.000000
vt 0.933071 0.000000
vt 0.937008 1.000000
vt 0.937008 0.000000
vt 0.940945 1.000000
vt 0.940945 0.000000
vt 0.944882 1.000000
vt 0.944882 0.000000
vt 0.948819 1.000000
vt 0.948819 0.000000
vt 0.952756 1.000000
vt 0.952756 0.000000
vt 0.956693 1.000000
vt 0.956693 0.000000
vt 0.960630 1.000000
vt 0.960630 0.000000
vt 0.964567 1.000000
vt 0.964567 0.000000
vt 0.968504 1.000000
vt 0.968504 0.000000
vt 0.972441 1.000000
vt 0.972441 0.000000
vt 0.976378 1.000000
vt 0.976378 0.000000
vt 0.980315 1.000000
vt 0.980315 0.000000
vt 0.984252 1.000000
vt 0.984252 0.000000
vt 0.988189 1.000000
vt 0.988189 0.000000
vt 0.992126 1.000000
vt 0.992126 0.000000
vt 0.996063 1.000000
vt 0.996063 0.000000
vt 0.011765 1.000000
vt 0.011765 0.000000
vt 0.023529 1.000000
vt 0.023529 0.000000
vt 0.035294 1.000000
vt 0.035294 0.000000
vt 0.047059 1.000000
vt 0.047059 0.000000
vt 0.058824 1.000000
vt 0.070588 1.000000
vt 0.070588 0.000000
vt 0.082353 1.000000
vt 0.082353 0.000000
vt 0.094118 1.000000
vt 0.094118 0.000000
vt 0.105882 1.000000
vt 0.105882 0.000000
vt 0.117647 1.000000
vt 0.129412 1.000000
vt 0.129412 0.000000
vt 0.141176 1.000000
vt 0.141176 0.000000
vt 0.152941 1.000000
vt 0.152941 0.000000
vt 0.164706 1.000000
vt 0.164706 0.000000
vt 0.176471 1.000000
vt 0.188235 1.000000
vt 0.188235 0.000000
vt 0.200000 1.000000
vt 0.211765 1.000000
vt 0.211765 0.000000
vt 0.223529 1.000000
vt 0.223529 0.000000
vt 0.235294 1.000000
vt 0.247059 1.000000
vt 0.247059 0.000000
vt 0.258824 1.000000
vt 0.258824 0.000000
vt 0.270588 1.000000
vt 0.270588 0.000000
vt 0.282353 1.000000
vt 0.282353 0.000000
vt 0.294118 1.000000
vt 0.305882 1.000000
vt 0.305882 0.000000
vt 0.317647 1.000000
vt 0.317647 0.000000
vt 0.329412 1.000000
vt 0.329412 0.000000
vt 0.341176 1.000000
vt 0.341176 0.000000
vt 0.352941 1.000000
vt 0.364706 1.000000
vt 0.364706 0.000000
vt 0.376471 1.000000
vt 0.376471 0.000000
vt 0.388235 1.000000
vt 0.388235 0.000000
vt 0.400000 1.000000
vt 0.411765 1.000000
vt 0.423529 1.000000
vt 0.423529 0.000000
vt 0.435294 1.000000
vt 0.435294 0.000000
vt 0.447059 1.000000
vt 0.447059 0.000000
vt 0.458824 1.000000
vt 0.458824 0.000000
vt 0.470588 1.000000
vt 0.482353 1.000000
vt 0.482353 0.000000
vt 0.494118 1.000000
vt 0.494118 0.000000
vt 0.505882 1.000000
vt 0.505882 0.000000
vt 0.517647 1.000000
vt 0.517647 0.000000
vt 0.529412 1.000000
vt 0.541176 1.000000
vt 0.541176 0.000000
vt 0.552941 1.000000
vt 0.552941 0.000000
vt 0.564706 1.000000
vt 0.564706 0.000000
vt 0.576471 1.000000
vt 0.576471 0.000000
vt 0.588235 1.000000
vt 0.600000 1.000000
vt 0.611765 1.000000
vt 0.611765 0.000000
vt 0.623529 1.000000
vt 0.623529 0.000000
vt 0.635294 1.000000
vt 0.635294 0.000000
vt 0.647059 1.000000
vt 0.658824 1.000000
vt 0.658824 0.000000
vt 0.670588 1.000000
vt 0.670588 0.000000
vt 0.682353 1.000000
vt 0.682353 0.000000
vt 0.694118 1.000000
vt 0.694118 0.000000
vt 0.705882 1.000000
vt 0.717647 1.000000
vt 0.717647 0.000000
vt 0.729412 1.000000
vt 0.729412 0.000000
vt 0.741176 1.000000
vt 0.741176 0.000000
vt 0.752941 1.000000
vt 0.752941 0.000000
vt 0.764706 1.000000
vt 0.776471 1.000000
vt 0.776471 0.000000
vt 0.788235 1.000000
vt 0.788235 0.000000
vt 0.800000 1.000000
vt 0.811765 1.000000
vt 0.811765 0.000000
vt 0.823529 1.000000
vt 0.835294 1.000000
vt 0.835294 0.000000
vt 0.847059 1.000000
vt 0.847059 0.000000
vt 0.858824 1.000000
vt 0.858824 0.000000
vt 0.870588 1.000000
vt 0.870588 0.000000
vt 0.882353 1.000000
vt 0.894118 1.000000
vt 0.894118 0.000000
vt 0.905882 1.000000
vt 0.905882 0.000000
vt 0.917647 1.000000
vt 0.917647 0.000000
vt 0.929412 1.000000
vt 0.929412 0.000000
vt 0.941176 1.000000
vt 0.952941 1.000000
vt 0.952941 0.000000
vt 0.964706 1.000000
vt 0.964706 0.000000
vt 0.976471 1.000000
vt 0.976471 0.000000
vt 0.988235 1.000000
vt 0.988235 0.000000
vt 0.002967 1.000000
vt 0.002967 0.000000
vt 0.005935 1.000000
vt 0.005935 0.000000
vt 0.008902 1.000000
vt 0.008902 0.000000
vt 0.011869 1.000000
vt 0.011869 0.000000
vt 0.014837 1.000000
vt 0.014837 0.000000
vt 0.017804 1.000000
vt 0.017804 0.000000
vt 0.020772 1.000000
vt 0.020772 0.000000
vt 0.023739 1.000000
vt 0.023739 0.000000
vt 0.026706 1.000000
vt 0.026706 0.000000
vt 0.029674 1.000000
vt 0.029674 0.000000
vt 0.032641 1.000000
vt 0.032641 0.000000
vt 0.035608 1.000000
vt 0.035608 0.000000
vt 0.038576 1.000000
vt 0.038576 0.000000
vt 0.041543 1.000000
vt 0.041543 0.000000
vt 0.044510 1.000000
vt 0.044510 0.000000
vt 0.047478 1.000000
vt 0.047478 0.000000
vt 0.050445 1.000000
vt 0.050445 0.000000
vt 0.053412 1.000000
vt 0.053412 0.000000
vt 0.056380 1.000000
vt 0.056380 0.000000
vt 0.059347 1.000000
vt 0.059347 0.000000
vt 0.062315 1.000000
vt 0.062315 0.000000
vt 0.065282 1.000000
vt 0.065282 0.000000
vt 0.068249 1.000000
vt 0.068249 0.000000
vt 0.071217 1.000000
vt 0.071217 0.000000
vt 0.074184 1.000000
vt 0.074184 0.000000
vt 0.077151 1.000000
vt 0.077151 0.000000
vt 0.080119 1.000000
vt 0.080119 0.000000
vt 0.083086 1.000000
vt 0.083086 0.000000
vt 0.086053 1.000000
vt 0.086053 0.000000
vt 0.089021 1.000000
vt 0.089021 0.000000
vt 0.091988 1.000000
vt 0.091988 0.000000
vt 0.094955 1.000000
vt 0.094955 0.000000
vt 0.097923 1.000000
vt 0.097923 0.000000
vt 0.100890 1.000000
vt 0.100890 0.000000
vt 0.103858 1.000000
vt 0.103858 0.000000
vt 0.106825 1.000000
vt 0.106825 0.000000
vt 0.109792 1.000000
vt 0.109792 0.000000
vt 0.112760 1.000000
vt 0.112760 0.000000
vt 0.115727 1.000000
vt 0.115727 0.000000
vt 0.118694 1.000000
vt 0.118694 0.000000
vt 0.121662 1.000000
vt 0.121662 0.000000
vt 0.124629 1.000000
vt 0.124629 0.000000
vt 0.127596 1.000000
vt 0.127596 0.000000
vt 0.130564 1.000000
vt 0.130564 0.000000
vt 0.133531 1.000000
vt 0.133531 0.000000
vt 0.136499 1.000000
vt 0.136499 0.000000
vt 0.139466 1.000000
vt 0.139466 0.000000
vt 0.142433 1.000000
vt 0.142433 0.000000
vt 0.145401 1.000000
vt 0.145401 0.000000
vt 0.148368 1.000000
vt 0.148368 0.000000
vt 0.151335 1.000000
vt 0.151335 0.000000
vt 0.154303 1.000000
vt 0.154303 0.000000
vt 0.157270 1.000000
vt 0.157270 0.000000
vt 0.160237 1.000000
vt 0.160237 0.000000
vt 0.163205 1.000000
vt 0.163205 0.000000
vt 0.166172 1.000000
vt 0.166172 0.000000
vt 0.169139 1.000000
vt 0.169139 0.000000
vt 0.172107 1.000000
vt 0.172107 0.000000
vt 0.175074 1.000000
vt 0.175074 0.000000
vt 0.178042 1.000000
vt 0.178042 0.000000
vt 0.181009 1.000000
vt 0.181009 0.000000
vt 0.183976 1.000000
vt 0.183976 0.000000
vt 0.186944 1.000000
vt 0.186944 0.000000
vt 0.189911 1.000000
vt 0.189911 0.000000
vt 0.192878 1.000000
vt 0.192878 0.000000
vt 0.195846 1.000000
vt 0.195846 0.000000
vt 0.198813 1.000000
vt 0.198813 0.000000
vt 0.201780 1.000000
vt 0.201780 0.000000
vt 0.204748 1.000000
vt 0.204748 0.000000
vt 0.207715 1.000000
vt 0.207715 0.000000
vt 0.210682 1.000000
vt 0.210682 0.000000
vt 0.213650 1.000000
vt 0.213650 0.000000
vt 0.216617 1.000000
vt 0.216617 0.000000
vt 0.219585 1.000000
vt 0.219585 0.000000
vt 0.222552 1.000000
vt 0.222552 0.000000
vt 0.225519 1.000000
vt 0.225519 0.000000
vt 0.228487 1.000000
vt 0.228487 0.000000
vt 0.231454 1.000000
vt 0.231454 0.000000
vt 0.234421 1.000000
vt 0.234421 0.000000
vt 0.237389 1.000000
vt 0.237389 0.000000
vt 0.240356 1.000000
vt 0.240356 0.000000
vt 0.243323 1.000000
vt 0.243323 0.000000
vt 0.246291 1.000000
vt 0.246291 0.000000
vt 0.249258 1.000000
vt 0.249258 0.000000
vt 0.252226 1.000000
vt 0.252226 0.000000
vt 0.255193 1.000000
vt 0.255193 0.000000
vt 0.258160 1.000000
vt 0.258160 0.000000
vt 0.261128 1.000000
vt 0.261128 0.000000
vt 0.264095 1.000000
vt 0.264095 0.000000
vt 0.267062 1.000000
vt 0.267062 0.000000
vt 0.270030 1.000000
vt 0.270030 0.000000
vt 0.272997 1.000000
vt 0.272997 0.000000
vt 0.275964 1.000000
vt 0.275964 0.000000
vt 0.278932 1.000000
vt 0.278932 0.000000
vt 0.281899 1.000000
vt 0.281899 0.000000
vt 0.284866 1.000000
vt 0.284866 0.000000
vt 0.287834 1.000000
vt 0.287834 0.000000
vt 0.290801 1.000000
vt 0.290801 0.000000
vt 0.293769 1.000000
vt 0.293769 0.000000
vt 0.296736 1.000000
vt 0.296736 0.000000
vt 0.299703 1.000000
vt 0.299703 0.000000
vt 0.302671 1.000000
vt 0.302671 0.000000
vt 0.305638 1.000000
vt 0.305638 0.000000
vt 0.308605 1.000000
vt 0.308605 0.000000
vt 0.311573 1.000000
vt 0.311573 0.000000
vt 0.314540 1.000000
vt 0.314540 0.000000
vt 0.317507 1.000000
vt 0.317507 0.000000
vt 0.320475 1.000000
vt 0.320475 0.000000
vt 0.323442 1.000000
vt 0.323442 0.000000
vt 0.326409 1.000000
vt 0.326409 0.000000
vt 0.329377 1.000000
vt 0.329377 0.000000
vt 0.332344 1.000000
vt 0.332344 0.000000
vt 0.335312 1.000000
vt 0.335312 0.000000
vt 0.338279 1.000000
vt 0.338279 0.000000
vt 0.341246 1.000000
vt 0.341246 0.000000
vt 0.344214 1.000000
vt 0.344214 0.000000
vt 0.347181 1.000000
vt 0.347181 0.000000
vt 0.350148 1.000000
vt 0.350148 0.000000
vt 0.353116 1.000000
vt 0.353116 0.000000
vt 0.356083 1.000000
vt 0.356083 0.000000
vt 0.359050 1.000000
vt 0.359050 0.000000
vt 0.362018 1.000000
vt 0.362018 0.000000
vt 0.364985 1.000000
vt 0.364985 0.000000
vt 0.367953 1.000000
vt 0.367953 0.000000
vt 0.370920 1.000000
vt 0.370920 0.000000
vt 0.373887 1.000000
vt 0.373887 0.000000
vt 0.376855 1.000000
vt 0.376855 0.000000
vt 0.379822 1.000000
vt 0.379822 0.000000
vt 0.382789 1.000000
vt 0.382789 0.000000
vt 0.385757 1.000000
vt 0.385757 0.000000
vt 0.388724 1.000000
vt 0.388724 0.000000
vt 0.391691 1.000000
vt 0.391691 0.000000
vt 0.394659 1.000000
vt 0.394659 0.000000
vt 0.397626 1.000000
vt 0.397626 0.000000
vt 0.400593 1.000000
vt 0.400593 0.000000
vt 0.403561 1.000000
vt 0.403561 0.000000
vt 0.406528 1.000000
vt 0.406528 0.000000
vt 0.409496 1.000000
vt 0.409496 0.000000
vt 0.412463 1.000000
vt 0.412463 0.000000
vt 0.415430 1.000000
vt 0.415430 0.000000
vt 0.418398 1.000000
vt 0.418398 0.000000
vt 0.421365 1.000000
vt 0.421365 0.000000
vt 0.424332 1.000000
vt 0.424332 0.000000
vt 0.427300 1.000000
vt 0.427300 0.000000
vt 0.430267 1.000000
vt 0.430267 0.000000
vt 0.433234 1.000000
vt 0.433234 0.000000
vt 0.436202 1.000000
vt 0.436202 0.000000
vt 0.439169 1.000000
vt 0.439169 0.000000
vt 0.442136 1.000000
vt 0.442136 0.000000
vt 0.445104 1.000000
vt 0.445104 0.000000
vt 0.448071 1.000000
vt 0.448071 0.000000
vt 0.451039 1.000000
vt 0.451039 0.000000
vt 0.454006 1.000000
vt 0.454006 0.000000
vt 0.456973 1.000000
vt 0.456973 0.000000
vt 0.459941 1.000000
vt 0.459941 0.000000
vt 0.462908 1.000000
vt 0.462908 0.000000
vt 0.465875 1.000000
vt 0.465875 0.000000
vt 0.468843 1.000000
vt 0.468843 0.000000
vt 0.471810 1.000000
vt 0.471810 0.000000
vt 0.474777 1.000000
vt 0.474777 0.000000
vt 0.477745 1.000000
vt 0.477745 0.000000
vt 0.480712 1.000000
vt 0.480712 0.000000
vt 0.483680 1.000000
vt 0.483680 0.000000
vt 0.486647 1.000000
vt 0.486647 0.000000
vt 0.489614 1.000000
vt 0.489614 0.000000
vt 0.492582 1.000000
vt 0.492582 0.000000
vt 0.495549 1.000000
vt 0.495549 0.000000
vt 0.498516 1.000000
vt 0.498516 0.000000
vt 0.501484 1.000000
vt 0.501484 0.000000
vt 0.504451 1.000000
vt 0.504451 0.000000
vt 0.507418 1.000000
vt 0.507418 0.000000
vt 0.510386 1.000000
vt 0.510386 0.000000
vt 0.513353 1.000000
vt 0.513353 0.000000
vt 0.516320 1.000000
vt 0.516320 0.000000
vt 0.519288 1.000000
vt 0.519288 0.000000
vt 0.522255 1.000000
vt 0.522255 0.000000
vt 0.525223 1.000000
vt 0.525223 0.000000
vt 0.528190 1.000000
vt 0.528190 0.000000
vt 0.531157 1.000000
vt 0.531157 0.000000
vt 0.534125 1.000000
vt 0.534125 0.000000
vt 0.537092 1.000000
vt 0.537092 0.000000
vt 0.540059 1.000000
vt 0.540059 0.000000
vt 0.543027 1.000000
vt 0.543027 0.000000
vt 0.545994 1.000000
vt 0.545994 0.000000
vt 0.548961 1.000000
vt 0.548961 0.000000
vt 0.551929 1.000000
vt 0.551929 0.000000
vt 0.554896 1.000000
vt 0.554896 0.000000
vt 0.557863 1.000000
vt 0.557863 0.000000
vt 0.560831 1.000000
vt 0.560831 0.000000
vt 0.563798 1.000000
vt 0.563798 0.000000
vt 0.566766 1.000000
vt 0.566766 0.000000
vt 0.569733 1.000000
vt 0.569733 0.000000
vt 0.572700 1.000000
vt 0.572700 0.000000
vt 0.575668 1.000000
vt 0.575668 0.000000
vt 0.578635 1.000000
vt 0.578635 0.000000
vt 0.581602 1.000000
vt 0.581602 0.000000
vt 0.584570 1.000000
vt 0.584570 0.000000
vt 0.587537 1.000000
vt 0.587537 0.000000
vt 0.590504 1.000000
vt 0.590504 0.000000
vt 0.593472 1.000000
vt 0.593472 0.000000
vt 0.596439 1.000000
vt 0.596439 0.000000
vt 0.599407 1.000000
vt 0.599407 0.000000
vt 0.602374 1.000000
vt 0.602374 0.000000
vt 0.605341 1.000000
vt 0.605341 0.000000
vt 0.608309 1.000000
vt 0.608309 0.000000
vt 0.611276 1.000000
vt 0.611276 0.000000
vt 0.614243 1.000000
vt 0.614243 0.000000
vt 0.617211 1.000000
vt 0.617211 0.000000
vt 0.620178 1.000000
vt 0.620178 0.000000
vt 0.623145 1.000000
vt 0.623145 0.000000
vt 0.626113 1.000000
vt 0.626113 0.000000
vt 0.629080 1.000000
vt 0.629080 0.000000
vt 0.632047 1.000000
vt 0.632047 0.000000
vt 0.635015 1.000000
vt 0.635015 0.000000
vt 0.637982 1.000000
vt 0.637982 0.000000
vt 0.640950 1.000000
vt 0.640950 0.000000
vt 0.643917 1.000000
vt 0.643917 0.000000
vt 0.646884 1.000000
vt 0.646884 0.000000
vt 0.649852 1.000000
vt 0.649852 0.000000
vt 0.652819 1.000000
vt 0.652819 0.000000
vt 0.655786 1.000000
vt 0.655786 0.000000
vt 0.658754 1.000000
vt 0.658754 0.000000
vt 0.661721 1.000000
vt 0.661721 0.000000
vt 0.664688 1.000000
vt 0.664688 0.000000
vt 0.667656 1.000000
vt 0.667656 0.000000
vt 0.670623 1.000000
vt 0.670623 0.000000
vt 0.673590 1.000000
vt 0.673590 0.000000
vt 0.676558 1.000000
vt 0.676558 0.000000
vt 0.679525 1.000000
vt 0.679525 0.000000
vt 0.682493 1.000000
vt 0.682493 0.000000
vt 0.685460 1.000000
vt 0.685460 0.000000
vt 0.688427 1.000000
vt 0.688427 0.000000
vt 0.691395 1.000000
vt 0.691395 0.000000
vt 0.694362 1.000000
vt 0.694362 0.000000
vt 0.697329 1.000000
vt 0.697329 0.000000
vt 0.700297 1.000000
vt 0.700297 0.000000
vt 0.703264 1.000000
vt 0.703264 0.000000
vt 0.706231 1.000000
vt 0.706231 0.000000
vt 0.709199 1.000000
vt 0.709199 0.000000
vt 0.712166 1.000000
vt 0.712166 0.000000
vt 0.715134 1.000000
vt 0.715134 0.000000
vt 0.718101 1.000000
vt 0.718101 0.000000
vt 0.721068 1.000000
vt 0.721068 0.000000
vt 0.724036 1.000000
vt 0.724036 0.000000
vt 0.727003 1.000000
vt 0.727003 0.000000
vt 0.729970 1.000000
vt 0.729970 0.000000
vt 0.732938 1.000000
vt 0.732938 0.000000
vt 0.735905 1.000000
vt 0.735905 0.000000
vt 0.738872 1.000000
vt 0.738872 0.000000
vt 0.741840 1.000000
vt 0.741840 0.000000
vt 0.744807 1.000000
vt 0.744807 0.000000
vt 0.747774 1.000000
vt 0.747774 0.000000
vt 0.750742 1.000000
vt 0.750742 0.000000
vt 0.753709 1.000000
vt 0.753709 0.000000
vt 0.756677 1.000000
vt 0.756677 0.000000
vt 0.759644 1.000000
vt 0.759644 0.000000
vt 0.762611 1.000000
vt 0.762611 0.000000
vt 0.765579 1.000000
vt 0.765579 0.000000
vt 0.768546 1.000000
vt 0.768546 0.000000
vt 0.771513 1.000000
vt 0.771513 0.000000
vt 0.774481 1.000000
vt 0.774481 0.000000
vt 0.777448 1.000000
vt 0.777448 0.000000
vt 0.780415 1.000000
vt 0.780415 0.000000
vt 0.783383 1.000000
vt 0.783383 0.000000
vt 0.786350 1.000000
vt 0.786350 0.000000
vt 0.789317 1.000000
vt 0.789317 0.000000
vt 0.792285 1.000000
vt 0.792285 0.000000
vt 0.795252 1.000000
vt 0.795252 0.000000
vt 0.798220 1.000000
vt 0.798220 0.000000
vt 0.801187 1.000000
vt 0.801187 0.000000
vt 0.804154 1.000000
vt 0.804154 0.000000
vt 0.807122 1.000000
vt 0.807122 0.000000
vt 0.810089 1.000000
vt 0.810089 0.000000
vt 0.813056 1.000000
vt 0.813056 0.000000
vt 0.816024 1.000000
vt 0.816024 0.000000
vt 0.818991 1.000000
vt 0.818991 0.000000
vt 0.821958 1.000000
vt 0.821958 0.000000
vt 0.824926 1.000000
vt 0.824926 0.000000
vt 0.827893 1.000000
vt 0.827893 0.000000
vt 0.830861 1.000000
vt 0.830861 0.000000
vt 0.833828 1.000000
vt 0.833828 0.000000
vt 0.836795 1.000000
vt 0.836795 0.000000
vt 0.839763 1.000000
vt 0.839763 0.000000
vt 0.842730 1.000000
vt 0.842730 0.000000
vt 0.845697 1.000000
vt 0.845697 0.000000
vt 0.848665 1.000000
vt 0.848665 0.000000
vt 0.851632 1.000000
vt 0.851632 0.000000
vt 0.854599 1.000000
vt 0.854599 0.000000
vt 0.857567 1.000000
vt 0.857567 0.000000
vt 0.860534 1.000000
vt 0.860534 0.000000
vt 0.863501 1.000000
vt 0.863501 0.000000
vt 0.866469 1.000000
vt 0.866469 0.000000
vt 0.869436 1.000000
vt 0.869436 0.000000
vt 0.872404 1.000000
vt 0.872404 0.000000
vt 0.875371 1.000000
vt 0.875371 0.000000
vt 0.878338 1.000000
vt 0.878338 0.000000
vt 0.881306 1.000000
vt 0.881306 0.000000
vt 0.884273 1.000000
vt 0.884273 0.000000
vt 0.887240 1.000000
vt 0.887240 0.000000
vt 0.890208 1.000000
vt 0.890208 0.000000
vt 0.893175 1.000000
vt 0.893175 0.000000
vt 0.896142 1.000000
vt 0.896142 0.000000
vt 0.899110 1.000000
vt 0.899110 0.000000
vt 0.902077 1.000000
vt 0.902077 0.000000
vt 0.905044 1.000000
vt 0.905044 0.000000
vt 0.908012 1.000000
vt 0.908012 0.000000
vt 0.910979 1.000000
vt 0.910979 0.000000
vt 0.913947 1.000000
vt 0.913947 0.000000
vt 0.916914 1.000000
vt 0.916914 0.000000
vt 0.919881 1.000000
vt 0.919881 0.000000
vt 0.922849 1.000000
vt 0.922849 0.000000
vt 0.925816 1.000000
vt 0.925816 0.000000
vt 0.928783 1.000000
vt 0.928783 0.000000
vt 0.931751 1.000000
vt 0.931751 0.000000
vt 0.934718 1.000000
vt 0.934718 0.000000
vt 0.937685 1.000000
vt 0.937685 0.000000
vt 0.940653 1.000000
vt 0.940653 0.000000
vt 0.943620 1.000000
vt 0.943620 0.000000
vt 0.946588 1.000000
vt 0.946588 0.000000
vt 0.949555 1.000000
vt 0.949555 0.000000
vt 0.952522 1.000000
vt 0.952522 0.000000
vt 0.955490 1.000000
vt 0.955490 0.000000
vt 0.958457 1.000000
vt 0.958457 0.000000
vt 0.961424 1.000000
vt 0.961424 0.000000
vt 0.964392 1.000000
vt 0.964392 0.000000
vt 0.967359 1.000000
vt 0.967359 0.000000
vt 0.970326 1.000000
vt 0.970326 0.000000
vt 0.973294 1.000000
vt 0.973294 0.000000
vt 0.976261 1.000000
vt 0.976261 0.000000
vt 0.979228 1.000000
vt 0.979228 0.000000
vt 0.982196 1.000000
vt 0.982196 0.000000
vt 0.985163 1.000000
vt 0.985163 0.000000
vt 0.988131 1.000000
vt 0.988131 0.000000
vt 0.991098 1.000000
vt 0.991098 0.000000
vt 0.994065 1.000000
vt 0.994065 0.000000
vt 0.997033 1.000000
vt 0.997033 0.000000
vt 0.006849 1.000000
vt 0.006849 0.000000
vt 0.013699 1.000000
vt 0.013699 0.000000
vt 0.020548 1.000000
vt 0.020548 0.000000
vt 0.027397 1.000000
vt 0.027397 0.000000
vt 0.034247 1.000000
vt 0.034247 0.000000
vt 0.041096 1.000000
vt 0.041096 0.000000
vt 0.047945 1.000000
vt 0.047945 0.000000
vt 0.054795 1.000000
vt 0.054795 0.000000
vt 0.061644 1.000000
vt 0.061644 0.000000
vt 0.068493 1.000000
vt 0.068493 0.000000
vt 0.075342 1.000000
vt 0.075342 0.000000
vt 0.082192 1.000000
vt 0.082192 0.000000
vt 0.089041 1.000000
vt 0.089041 0.000000
vt 0.095890 1.000000
vt 0.095890 0.000000
vt 0.102740 1.000000
vt 0.102740 0.000000
vt 0.109589 1.000000
vt 0.109589 0.000000
vt 0.116438 1.000000
vt 0.116438 0.000000
vt 0.123288 1.000000
vt 0.123288 0.000000
vt 0.130137 1.000000
vt 0.130137 0.000000
vt 0.136986 1.000000
vt 0.136986 0.000000
vt 0.143836 1.000000
vt 0.143836 0.000000
vt 0.150685 1.000000
vt 0.150685 0.000000
vt 0.157534 1.000000
vt 0.157534 0.000000
vt 0.164384 1.000000
vt 0.164384 0.000000
vt 0.171233 1.000000
vt 0.171233 0.000000
vt 0.178082 1.000000
vt 0.178082 0.000000
vt 0.184932 1.000000
vt 0.184932 0.000000
vt 0.191781 1.000000
vt 0.191781 0.000000
vt 0.198630 1.000000
vt 0.198630 0.000000
vt 0.205479 1.000000
vt 0.205479 0.000000
vt 0.212329 1.000000
vt 0.212329 0.000000
vt 0.219178 1.000000
vt 0.219178 0.000000
vt 0.226027 1.000000
vt 0.226027 0.000000
vt 0.232877 1.000000
vt 0.232877 0.000000
vt 0.239726 1.000000
vt 0.239726 0.000000
vt 0.246575 1.000000
vt 0.246575 0.000000
vt 0.253425 1.000000
vt 0.253425 0.000000
vt 0.260274 1.000000
vt 0.260274 0.000000
vt 0.267123 1.000000
vt 0.267123 0.000000
vt 0.273973 1.000000
vt 0.273973 0.000000
vt 0.280822 1.000000
vt 0.280822 0.000000
vt 0.287671 1.000000
vt 0.287671 0.000000
vt 0.294521 1.000000
vt 0.294521 0.000000
vt 0.301370 1.000000
vt 0.301370 0.000000
vt 0.308219 1.000000
vt 0.308219 0.000000
vt 0.315068 1.000000
vt 0.315068 0.000000
vt 0.321918 1.000000
vt 0.321918 0.000000
vt 0.328767 1.000000
vt 0.328767 0.000000
vt 0.335616 1.000000
vt 0.335616 0.000000
vt 0.342466 1.000000
vt 0.342466 0.000000
vt 0.349315 1.000000
vt 0.349315 0.000000
vt 0.356164 1.000000
vt 0.356164 0.000000
vt 0.363014 1.000000
vt 0.363014 0.000000
vt 0.369863 1.000000
vt 0.369863 0.000000
vt 0.376712 1.000000
vt 0.376712 0.000000
vt 0.383562 1.000000
vt 0.383562 0.000000
vt 0.390411 1.000000
vt 0.390411 0.000000
vt 0.397260 1.000000
vt 0.397260 0.000000
vt 0.404110 1.000000
vt 0.404110 0.000000
vt 0.410959 1.000000
vt 0.410959 0.000000
vt 0.417808 1.000000
vt 0.417808 0.000000
vt 0.424658 1.000000
vt 0.424658 0.000000
vt 0.431507 1.000000
vt 0.431507 0.000000
vt 0.438356 1.000000
vt 0.438356 0.000000
vt 0.445205 1.000000
vt 0.445205 0.000000
vt 0.452055 1.000000
vt 0.452055 0.000000
vt 0.458904 1.000000
vt 0.458904 0.000000
vt 0.465753 1.000000
vt 0.465753 0.000000
vt 0.472603 1.000000
vt 0.472603 0.000000
vt 0.479452 1.000000
vt 0.479452 0.000000
vt 0.486301 1.000000
vt 0.486301 0.000000
vt 0.493151 1.000000
vt 0.493151 0.000000
vt 0.506849 1.000000
vt 0.506849 0.000000
vt 0.513699 1.000000
vt 0.513699 0.000000
vt 0.520548 1.000000
vt 0.520548 0.000000
vt 0.527397 1.000000
vt 0.527397 0.000000
vt 0.534247 1.000000
vt 0.534247 0.000000
vt 0.541096 1.000000
vt 0.541096 0.000000
vt 0.547945 1.000000
vt 0.547945 0.000000
vt 0.554795 1.000000
vt 0.554795 0.000000
vt 0.561644 1.000000
vt 0.561644 0.000000
vt 0.568493 1.000000
vt 0.568493 0.000000
vt 0.575342 1.000000
vt 0.575342 0.000000
vt 0.582192 1.000000
vt 0.582192 0.000000
vt 0.589041 1.000000
vt 0.589041 0.000000
vt 0.595890 1.000000
vt 0.595890 0.000000
vt 0.602740 1.000000
vt 0.602740 0.000000
vt 0.609589 1.000000
vt 0.609589 0.000000
vt 0.616438 1.000000
vt 0.616438 0.000000
vt 0.623288 1.000000
vt 0.623288 0.000000
vt 0.630137 1.000000
vt 0.630137 0.000000
vt 0.636986 1.000000
vt 0.636986 0.000000
vt 0.643836 1.000000
vt 0.643836 0.000000
vt 0.650685 1.000000
vt 0.650685 0.000000
vt 0.657534 1.000000
vt 0.657534 0.000000
vt 0.664384 1.000000
vt 0.664384 0.000000
vt 0.671233 1.000000
vt 0.671233 0.000000
vt 0.678082 1.000000
vt 0.678082 0.000000
vt 0.684932 1.000000
vt 0.684932 0.000000
vt 0.691781 1.000000
vt 0.691781 0.000000
vt 0.698630 1.000000
vt 0.698630 0.000000
vt 0.705479 1.000000
vt 0.705479 0.000000
vt 0.712329 1.000000
vt 0.712329 0.000000
vt 0.719178 1.000000
vt 0.719178 0.000000
vt 0.726027 1.000000
vt 0.726027 0.000000
vt 0.732877 1.000000
vt 0.732877 0.000000
vt 0.739726 1.000000
vt 0.739726 0.000000
vt 0.746575 1.000000
vt 0.746575 0.000000
vt 0.753425 1.000000
vt 0.753425 0.000000
vt 0.760274 1.000000
vt 0.760274 0.000000
vt 0.767123 1.000000
vt 0.767123 0.000000
vt 0.773973 1.000000
vt 0.773973 0.000000
vt 0.780822 1.000000
vt 0.780822 0.000000
vt 0.787671 1.000000
vt 0.787671 0.000000
vt 0.794521 1.000000
vt 0.794521 0.000000
vt 0.801370 1.000000
vt 0.801370 0.000000
vt 0.808219 1.000000
vt 0.808219 0.000000
vt 0.815068 1.000000
vt 0.815068 0.000000
vt 0.821918 1.000000
vt 0.821918 0.000000
vt 0.828767 1.000000
vt 0.828767 0.000000
vt 0.835616 1.000000
vt 0.835616 0.000000
vt 0.842466 1.000000
vt 0.842466 0.000000
vt 0.849315 1.000000
vt 0.849315 0.000000
vt 0.856164 1.000000
vt 0.856164 0.000000
vt 0.863014 1.000000
vt 0.863014 0.000000
vt 0.869863 1.000000
vt 0.869863 0.000000
vt 0.876712 1.000000
vt 0.876712 0.000000
vt 0.883562 1.000000
vt 0.883562 0.000000
vt 0.890411 1.000000
vt 0.890411 0.000000
vt 0.897260 1.000000
vt 0.897260 0.000000
vt 0.904110 1.000000
vt 0.904110 0.000000
vt 0.910959 1.000000
vt 0.910959 0.000000
vt 0.917808 1.000000
vt 0.917808 0.000000
vt 0.924658 1.000000
vt 0.924658 0.000000
vt 0.931507 1.000000
vt 0.931507 0.000000
vt 0.938356 1.000000
vt 0.938356 0.000000
vt 0.945205 1.000000
vt 0.945205 0.000000
vt 0.952055 1.000000
vt 0.952055 0.000000
vt 0.958904 1.000000
vt 0.958904 0.000000
vt 0.965753 1.000000
vt 0.965753 0.000000
vt 0.972603 1.000000
vt 0.972603 0.000000
vt 0.979452 1.000000
vt 0.979452 0.000000
vt 0.986301 1.000000
vt 0.986301 0.000000
vt 0.993151 1.000000
vt 0.993151 0.000000
vt 0.020408 1.000000
vt 0.020408 0.000000
vt 0.040816 1.000000
vt 0.040816 0.000000
vt 0.061224 1.000000
vt 0.061224 0.000000
vt 0.081633 1.000000
vt 0.081633 0.000000
vt 0.102041 1.000000
vt 0.102041 0.000000
vt 0.122449 1.000000
vt 0.122449 0.000000
vt 0.163265 1.000000
vt 0.163265 0.000000
vt 0.183673 1.000000
vt 0.183673 0.000000
vt 0.204082 1.000000
vt 0.204082 0.000000
vt 0.224490 1.000000
vt 0.224490 0.000000
vt 0.244898 1.000000
vt 0.244898 0.000000
vt 0.265306 1.000000
vt 0.265306 0.000000
vt 0.306122 1.000000
vt 0.306122 0.000000
vt 0.326531 1.000000
vt 0.326531 0.000000
vt 0.346939 1.000000
vt 0.346939 0.000000
vt 0.367347 1.000000
vt 0.367347 0.000000
vt 0.387755 1.000000
vt 0.387755 0.000000
vt 0.408163 1.000000
vt 0.408163 0.000000
vt 0.448980 1.000000
vt 0.448980 0.000000
vt 0.469388 1.000000
vt 0.469388 0.000000
vt 0.489796 1.000000
vt 0.489796 0.000000
vt 0.510204 1.000000
vt 0.510204 0.000000
vt 0.530612 1.000000
vt 0.530612 0.000000
vt 0.551020 1.000000
vt 0.551020 0.000000
vt 0.591837 1.000000
vt 0.591837 0.000000
vt 0.612245 1.000000
vt 0.612245 0.000000
vt 0.632653 1.000000
vt 0.632653 0.000000
vt 0.653061 1.000000
vt 0.653061 0.000000
vt 0.673469 1.000000
vt 0.673469 0.000000
vt 0.693878 1.000000
vt 0.693878 0.000000
vt 0.734694 1.000000
vt 0.734694 0.000000
vt 0.755102 1.000000
vt 0.755102 0.000000
vt 0.775510 1.000000
vt 0.775510 0.000000
vt 0.795918 1.000000
vt 0.795918 0.000000
vt 0.816327 1.000000
vt 0.816327 0.000000
vt 0.836735 1.000000
vt 0.836735 0.000000
vt 0.877551 1.000000
vt 0.877551 0.000000
vt 0.897959 1.000000
vt 0.897959 0.000000
vt 0.918367 1.000000
vt 0.918367 0.000000
vt 0.938776 1.000000
vt 0.938776 0.000000
vt 0.959184 1.000000
vt 0.959184 0.000000
vt 0.979592 1.000000
vt 0.979592 0.000000
vt 0.010204 1.000000
vt 0.010204 0.000000
vt 0.030612 1.000000
vt 0.030612 0.000000
vt 0.051020 1.000000
vt 0.051020 0.000000
vt 0.071429 1.000000
vt 0.091837 1.000000
vt 0.091837 0.000000
vt 0.112245 1.000000
vt 0.112245 0.000000
vt 0.132653 1.000000
vt 0.132653 0.000000
vt 0.153061 1.000000
vt 0.153061 0.000000
vt 0.173469 1.000000
vt 0.173469 0.000000
vt 0.193878 1.000000
vt 0.193878 0.000000
vt 0.214286 1.000000
vt 0.234694 1.000000
vt 0.234694 0.000000
vt 0.255102 1.000000
vt 0.255102 0.000000
vt 0.275510 1.000000
vt 0.275510 0.000000
vt 0.295918 1.000000
vt 0.295918 0.000000
vt 0.316327 1.000000
vt 0.316327 0.000000
vt 0.336735 1.000000
vt 0.336735 0.000000
vt 0.357143 1.000000
vt 0.377551 1.000000
vt 0.377551 0.000000
vt 0.397959 1.000000
vt 0.397959 0.000000
vt 0.418367 1.000000
vt 0.418367 0.000000
vt 0.438776 1.000000
vt 0.438776 0.000000
vt 0.459184 1.000000
vt 0.459184 0.000000
vt 0.479592 1.000000
vt 0.479592 0.000000
vt 0.520408 1.000000
vt 0.520408 0.000000
vt 0.540816 1.000000
vt 0.540816 0.000000
vt 0.561224 1.000000
vt 0.561224 0.000000
vt 0.581633 1.000000
vt 0.581633 0.000000
vt 0.602041 1.000000
vt 0.602041 0.000000
vt 0.622449 1.000000
vt 0.622449 0.000000
vt 0.642857 1.000000
vt 0.663265 1.000000
vt 0.663265 0.000000
vt 0.683673 1.000000
vt 0.683673 0.000000
vt 0.704082 1.000000
vt 0.704082 0.000000
vt 0.724490 1.000000
vt 0.724490 0.000000
vt 0.744898 1.000000
vt 0.744898 0.000000
vt 0.765306 1.000000
vt 0.765306 0.000000
vt 0.785714 1.000000
vt 0.806122 1.000000
vt 0.806122 0.000000
vt 0.826531 1.000000
vt 0.826531 0.000000
vt 0.846939 1.000000
vt 0.846939 0.000000
vt 0.867347 1.000000
vt 0.867347 0.000000
vt 0.887755 1.000000
vt 0.887755 0.000000
vt 0.908163 1.000000
vt 0.908163 0.000000
vt 0.928571 1.000000
vt 0.948980 1.000000
vt 0.948980 0.000000
vt 0.969388 1.000000
vt 0.969388 0.000000
vt 0.989796 1.000000
vt 0.989796 0.000000
vt 0.011364 1.000000
vt 0.011364 0.000000
vt 0.022727 1.000000
vt 0.022727 0.000000
vt 0.034091 1.000000
vt 0.034091 0.000000
vt 0.045455 1.000000
vt 0.045455 0.000000
vt 0.056818 1.000000
vt 0.056818 0.000000
vt 0.068182 1.000000
vt 0.068182 0.000000
vt 0.079545 1.000000
vt 0.079545 0.000000
vt 0.090909 1.000000
vt 0.090909 0.000000
vt 0.102273 1.000000
vt 0.102273 0.000000
vt 0.113636 1.000000
vt 0.113636 0.000000
vt 0.125000 1.000000
vt 0.136364 1.000000
vt 0.136364 0.000000
vt 0.147727 1.000000
vt 0.147727 0.000000
vt 0.159091 1.000000
vt 0.159091 0.000000
vt 0.170455 1.000000
vt 0.170455 0.000000
vt 0.181818 1.000000
vt 0.181818 0.000000
vt 0.193182 1.000000
vt 0.193182 0.000000
vt 0.204545 1.000000
vt 0.204545 0.000000
vt 0.215909 1.000000
vt 0.215909 0.000000
vt 0.227273 1.000000
vt 0.227273 0.000000
vt 0.238636 1.000000
vt 0.238636 0.000000
vt 0.250000 1.000000
vt 0.261364 1.000000
vt 0.261364 0.000000
vt 0.272727 1.000000
vt 0.272727 0.000000
vt 0.284091 1.000000
vt 0.284091 0.000000
vt 0.295455 1.000000
vt 0.295455 0.000000
vt 0.306818 1.000000
vt 0.306818 0.000000
vt 0.318182 1.000000
vt 0.318182 0.000000
vt 0.329545 1.000000
vt 0.329545 0.000000
vt 0.340909 1.000000
vt 0.340909 0.000000
vt 0.352273 1.000000
vt 0.352273 0.000000
vt 0.363636 1.000000
vt 0.363636 0.000000
vt 0.375000 1.000000
vt 0.386364 1.000000
vt 0.386364 0.000000
vt 0.397727 1.000000
vt 0.397727 0.000000
vt 0.409091 1.000000
vt 0.409091 0.000000
vt 0.420455 1.000000
vt 0.420455 0.000000
vt 0.431818 1.000000
vt 0.431818 0.000000
vt 0.443182 1.000000
vt 0.443182 0.000000
vt 0.454545 1.000000
vt 0.454545 0.000000
vt 0.465909 1.000000
vt 0.465909 0.000000
vt 0.477273 1.000000
vt 0.477273 0.000000
vt 0.488636 1.000000
vt 0.488636 0.000000
vt 0.511364 1.000000
vt 0.511364 0.000000
vt 0.522727 1.000000
vt 0.522727 0.000000
vt 0.534091 1.000000
vt 0.534091 0.000000
vt 0.545455 1.000000
vt 0.545455 0.000000
vt 0.556818 1.000000
vt 0.556818 0.000000
vt 0.568182 1.000000
vt 0.568182 0.000000
vt 0.579545 1.000000
vt 0.579545 0.000000
vt 0.590909 1.000000
vt 0.590909 0.000000
vt 0.602273 1.000000
vt 0.602273 0.000000
vt 0.613636 1.000000
vt 0.613636 0.000000
vt 0.625000 1.000000
vt 0.636364 1.000000
vt 0.636364 0.000000
vt 0.647727 1.000000
vt 0.647727 0.000000
vt 0.659091 1.000000
vt 0.659091 0.000000
vt 0.670455 1.000000
vt 0.670455 0.000000
vt 0.681818 1.000000
vt 0.681818 0.000000
vt 0.693182 1.000000
vt 0.693182 0.000000
vt 0.704545 1.000000
vt 0.704545 0.000000
vt 0.715909 1.000000
vt 0.715909 0.000000
vt 0.727273 1.000000
vt 0.727273 0.000000
vt 0.738636 1.000000
vt 0.738636 0.000000
vt 0.750000 1.000000
vt 0.761364 1.000000
vt 0.761364 0.000000
vt 0.772727 1.000000
vt 0.772727 0.000000
vt 0.784091 1.000000
vt 0.784091 0.000000
vt 0.795455 1.000000
vt 0.795455 0.000000
vt 0.806818 1.000000
vt 0.806818 0.000000
vt 0.818182 1.000000
vt 0.818182 0.000000
vt 0.829545 1.000000
vt 0.829545 0.000000
vt 0.840909 1.000000
vt 0.840909 0.000000
vt 0.852273 1.000000
vt 0.852273 0.000000
vt 0.863636 1.000000
vt 0.863636 0.000000
vt 0.875000 1.000000
vt 0.886364 1.000000
vt 0.886364 0.000000
vt 0.897727 1.000000
vt 0.897727 0.000000
vt 0.909091 1.000000
vt 0.909091 0.000000
vt 0.920455 1.000000
vt 0.920455 0.000000
vt 0.931818 1.000000
vt 0.931818 0.000000
vt 0.943182 1.000000
vt 0.943182 0.000000
vt 0.954545 1.000000
vt 0.954545 0.000000
vt 0.965909 1.000000
vt 0.965909 0.000000
vt 0.977273 1.000000
vt 0.977273 0.000000
vt 0.988636 1.000000
vt 0.988636 0.000000
vt 0.004651 1.000000
vt 0.004651 0.000000
vt 0.009302 1.000000
vt 0.009302 0.000000
vt 0.013953 1.000000
vt 0.013953 0.000000
vt 0.018605 1.000000
vt 0.018605 0.000000
vt 0.023256 1.000000
vt 0.023256 0.000000
vt 0.027907 1.000000
vt 0.027907 0.000000
vt 0.032558 1.000000
vt 0.032558 0.000000
vt 0.037209 1.000000
vt 0.037209 0.000000
vt 0.041860 1.000000
vt 0.041860 0.000000
vt 0.046512 1.000000
vt 0.046512 0.000000
vt 0.051163 1.000000
vt 0.051163 0.000000
vt 0.055814 1.000000
vt 0.055814 0.000000
vt 0.060465 1.000000
vt 0.060465 0.000000
vt 0.065116 1.000000
vt 0.065116 0.000000
vt 0.069767 1.000000
vt 0.069767 0.000000
vt 0.074419 1.000000
vt 0.074419 0.000000
vt 0.079070 1.000000
vt 0.079070 0.000000
vt 0.083721 1.000000
vt 0.083721 0.000000
vt 0.088372 1.000000
vt 0.088372 0.000000
vt 0.093023 1.000000
vt 0.093023 0.000000
vt 0.097674 1.000000
vt 0.097674 0.000000
vt 0.102326 1.000000
vt 0.102326 0.000000
vt 0.106977 1.000000
vt 0.106977 0.000000
vt 0.111628 1.000000
vt 0.111628 0.000000
vt 0.116279 1.000000
vt 0.116279 0.000000
vt 0.120930 1.000000
vt 0.120930 0.000000
vt 0.125581 1.000000
vt 0.125581 0.000000
vt 0.130233 1.000000
vt 0.130233 0.000000
vt 0.134884 1.000000
vt 0.134884 0.000000
vt 0.139535 1.000000
vt 0.139535 0.000000
vt 0.144186 1.000000
vt 0.144186 0.000000
vt 0.148837 1.000000
vt 0.148837 0.000000
vt 0.153488 1.000000
vt 0.153488 0.000000
vt 0.158140 1.000000
vt 0.158140 0.000000
vt 0.162791 1.000000
vt 0.162791 0.000000
vt 0.167442 1.000000
vt 0.167442 0.000000
vt 0.172093 1.000000
vt 0.172093 0.000000
vt 0.176744 1.000000
vt 0.176744 0.000000
vt 0.181395 1.000000
vt 0.181395 0.000000
vt 0.186047 1.000000
vt 0.186047 0.000000
vt 0.190698 1.000000
vt 0.190698 0.000000
vt 0.195349 1.000000
vt 0.195349 0.000000
vt 0.204651 1.000000
vt 0.204651 0.000000
vt 0.209302 1.000000
vt 0.209302 0.000000
vt 0.213953 1.000000
vt 0.213953 0.000000
vt 0.218605 1.000000
vt 0.218605 0.000000
vt 0.223256 1.000000
vt 0.223256 0.000000
vt 0.227907 1.000000
vt 0.227907 0.000000
vt 0.232558 1.000000
vt 0.232558 0.000000
vt 0.237209 1.000000
vt 0.237209 0.000000
vt 0.241860 1.000000
vt 0.241860 0.000000
vt 0.246512 1.000000
vt 0.246512 0.000000
vt 0.251163 1.000000
vt 0.251163 0.000000
vt 0.255814 1.000000
vt 0.255814 0.000000
vt 0.260465 1.000000
vt 0.260465 0.000000
vt 0.265116 1.000000
vt 0.265116 0.000000
vt 0.269767 1.000000
vt 0.269767 0.000000
vt 0.274419 1.000000
vt 0.274419 0.000000
vt 0.279070 1.000000
vt 0.279070 0.000000
vt 0.283721 1.000000
vt 0.283721 0.000000
vt 0.288372 1.000000
vt 0.288372 0.000000
vt 0.293023 1.000000
vt 0.293023 0.000000
vt 0.297674 1.000000
vt 0.297674 0.000000
vt 0.302326 1.000000
vt 0.302326 0.000000
vt 0.306977 1.000000
vt 0.306977 0.000000
vt 0.311628 1.000000
vt 0.311628 0.000000
vt 0.316279 1.000000
vt 0.316279 0.000000
vt 0.320930 1.000000
vt 0.320930 0.000000
vt 0.325581 1.000000
vt 0.325581 0.000000
vt 0.330233 1.000000
vt 0.330233 0.000000
vt 0.334884 1.000000
vt 0.334884 0.000000
vt 0.339535 1.000000
vt 0.339535 0.000000
vt 0.344186 1.000000
vt 0.344186 0.000000
vt 0.348837 1.000000
vt 0.348837 0.000000
vt 0.353488 1.000000
vt 0.353488 0.000000
vt 0.358140 1.000000
vt 0.358140 0.000000
vt 0.362791 1.000000
vt 0.362791 0.000000
vt 0.367442 1.000000
vt 0.367442 0.000000
vt 0.372093 1.000000
vt 0.372093 0.000000
vt 0.376744 1.000000
vt 0.376744 0.000000
vt 0.381395 1.000000
vt 0.381395 0.000000
vt 0.386046 1.000000
vt 0.386046 0.000000
vt 0.390698 1.000000
vt 0.390698 0.000000
vt 0.395349 1.000000
vt 0.395349 0.000000
vt 0.404651 1.000000
vt 0.404651 0.000000
vt 0.409302 1.000000
vt 0.409302 0.000000
vt 0.413953 1.000000
vt 0.413953 0.000000
vt 0.418605 1.000000
vt 0.418605 0.000000
vt 0.423256 1.000000
vt 0.423256 0.000000
vt 0.427907 1.000000
vt 0.427907 0.000000
vt 0.432558 1.000000
vt 0.432558 0.000000
vt 0.437209 1.000000
vt 0.437209 0.000000
vt 0.441860 1.000000
vt 0.441860 0.000000
vt 0.446512 1.000000
vt 0.446512 0.000000
vt 0.451163 1.000000
vt 0.451163 0.000000
vt 0.455814 1.000000
vt 0.455814 0.000000
vt 0.460465 1.000000
vt 0.460465 0.000000
vt 0.465116 1.000000
vt 0.465116 0.000000
vt 0.469767 1.000000
vt 0.469767 0.000000
vt 0.474419 1.000000
vt 0.474419 0.000000
vt 0.479070 1.000000
vt 0.479070 0.000000
vt 0.483721 1.000000
vt 0.483721 0.000000
vt 0.488372 1.000000
vt 0.488372 0.000000
vt 0.493023 1.000000
vt 0.493023 0.000000
vt 0.497674 1.000000
vt 0.497674 0.000000
vt 0.502326 1.000000
vt 0.502326 0.000000
vt 0.506977 1.000000
vt 0.506977 0.000000
vt 0.511628 1.000000
vt 0.511628 0.000000
vt 0.516279 1.000000
vt 0.516279 0.000000
vt 0.520930 1.000000
vt 0.520930 0.000000
vt 0.525581 1.000000
vt 0.525581 0.000000
vt 0.530233 1.000000
vt 0.530233 0.000000
vt 0.534884 1.000000
vt 0.534884 0.000000
vt 0.539535 1.000000
vt 0.539535 0.000000
vt 0.544186 1.000000
vt 0.544186 0.000000
vt 0.548837 1.000000
vt 0.548837 0.000000
vt 0.553488 1.000000
vt 0.553488 0.000000
vt 0.558140 1.000000
vt 0.558140 0.000000
vt 0.562791 1.000000
vt 0.562791 0.000000
vt 0.567442 1.000000
vt 0.567442 0.000000
vt 0.572093 1.000000
vt 0.572093 0.000000
vt 0.576744 1.000000
vt 0.576744 0.000000
vt 0.581395 1.000000
vt 0.581395 0.000000
vt 0.586047 1.000000
vt 0.586047 0.000000
vt 0.590698 1.000000
vt 0.590698 0.000000
vt 0.595349 1.000000
vt 0.595349 0.000000
vt 0.604651 1.000000
vt 0.604651 0.000000
vt 0.609302 1.000000
vt 0.609302 0.000000
vt 0.613953 1.000000
vt 0.613953 0.000000
vt 0.618605 1.000000
vt 0.618605 0.000000
vt 0.623256 1.000000
vt 0.623256 0.000000
vt 0.627907 1.000000
vt 0.627907 0.000000
vt 0.632558 1.000000
vt 0.632558 0.000000
vt 0.637209 1.000000
vt 0.637209 0.000000
vt 0.641860 1.000000
vt 0.641860 0.000000
vt 0.646512 1.000000
vt 0.646512 0.000000
vt 0.651163 1.000000
vt 0.651163 0.000000
vt 0.655814 1.000000
vt 0.655814 0.000000
vt 0.660465 1.000000
vt 0.660465 0.000000
vt 0.665116 1.000000
vt 0.665116 0.000000
vt 0.669767 1.000000
vt 0.669767 0.000000
vt 0.674419 1.000000
vt 0.674419 0.000000
vt 0.679070 1.000000
vt 0.679070 0.000000
vt 0.683721 1.000000
vt 0.683721 0.000000
vt 0.688372 1.000000
vt 0.688372 0.000000
vt 0.693023 1.000000
vt 0.693023 0.000000
vt 0.697674 1.000000
vt 0.697674 0.000000
vt 0.702326 1.000000
vt 0.702326 0.000000
vt 0.706977 1.000000
vt 0.706977 0.000000
vt 0.711628 1.000000
vt 0.711628 0.000000
vt 0.716279 1.000000
vt 0.716279 0.000000
vt 0.720930 1.000000
vt 0.720930 0.000000
vt 0.725581 1.000000
vt 0.725581 0.000000
vt 0.730233 1.000000
vt 0.730233 0.000000
vt 0.734884 1.000000
vt 0.734884 0.000000
vt 0.739535 1.000000
vt 0.739535 0.000000
vt 0.744186 1.000000
vt 0.744186 0.000000
vt 0.748837 1.000000
vt 0.748837 0.000000
vt 0.753488 1.000000
vt 0.753488 0.000000
vt 0.758140 1.000000
vt 0.758140 0.000000
vt 0.762791 1.000000
vt 0.762791 0.000000
vt 0.767442 1.000000
vt 0.767442 0.000000
vt 0.772093 1.000000
vt 0.772093 0.000000
vt 0.776744 1.000000
vt 0.776744 0.000000
vt 0.781395 1.000000
vt 0.781395 0.000000
vt 0.786047 1.000000
vt 0.786047 0.000000
vt 0.790698 1.000000
vt 0.790698 0.000000
vt 0.795349 1.000000
vt 0.795349 0.000000
vt 0.804651 1.000000
vt 0.804651 0.000000
vt 0.809302 1.000000
vt 0.809302 0.000000
vt 0.813953 1.000000
vt 0.813953 0.000000
vt 0.818605 1.000000
vt 0.818605 0.000000
vt 0.823256 1.000000
vt 0.823256 0.000000
vt 0.827907 1.000000
vt 0.827907 0.000000
vt 0.832558 1.000000
vt 0.832558 0.000000
vt 0.837209 1.000000
vt 0.837209 0.000000
vt 0.841860 1.000000
vt 0.841860 0.000000
vt 0.846512 1.000000
vt 0.846512 0.000000
vt 0.851163 1.000000
vt 0.851163 0.000000
vt 0.855814 1.000000
vt 0.855814 0.000000
vt 0.860465 1.000000
vt 0.860465 0.000000
vt 0.865116 1.000000
vt 0.865116 0.000000
vt 0.869767 1.000000
vt 0.869767 0.000000
vt 0.874419 1.000000
vt 0.874419 0.000000
vt 0.879070 1.000000
vt 0.879070 0.000000
vt 0.883721 1.000000
vt 0.883721 0.000000
vt 0.888372 1.000000
vt 0.888372 0.000000
vt 0.893023 1.000000
vt 0.893023 0.000000
vt 0.897674 1.000000
vt 0.897674 0.000000
vt 0.902326 1.000000
vt 0.902326 0.000000
vt 0.906977 1.000000
vt 0.906977 0.000000
vt 0.911628 1.000000
vt 0.911628 0.000000
vt 0.916279 1.000000
vt 0.916279 0.000000
vt 0.920930 1.000000
vt 0.920930 0.000000
vt 0.925581 1.000000
vt 0.925581 0.000000
vt 0.930233 1.000000
vt 0.930233 0.000000
vt 0.934884 1.000000
vt 0.934884 0.000000
vt 0.939535 1.000000
vt 0.939535 0.000000
vt 0.944186 1.000000
vt 0.944186 0.000000
vt 0.948837 1.000000
vt 0.948837 0.000000
vt 0.953488 1.000000
vt 0.953488 0.000000
vt 0.958140 1.000000
vt 0.958140 0.000000
vt 0.962791 1.000000
vt 0.962791 0.000000
vt 0.967442 1.000000
vt 0.967442 0.000000
vt 0.972093 1.000000
vt 0.972093 0.000000
vt 0.976744 1.000000
vt 0.976744 0.000000
vt 0.981395 1.000000
vt 0.981395 0.000000
vt 0.986046 1.000000
vt 0.986046 0.000000
vt 0.990698 1.000000
vt 0.990698 0.000000
vt 0.995349 1.000000
vt 0.995349 0.000000
s 0
f 142/1/1 144/2/1 143/3/1
f 167/4/1 169/5/1 168/6/1
f 167/4/1 170/7/1 169/5/1
f 166/8/1 170/7/1 167/4/1
f 166/8/1 171/9/1 170/7/1
f 166/8/1 172/10/1 171/9/1
f 141/11/1 144/2/1 142/1/1
f 165/12/1 172/10/1 166/8/1
f 165/12/1 173/13/1 172/10/1
f 164/14/1 173/13/1 165/12/1
f 164/14/1 174/15/1 173/13/1
f 164/14/1 175/16/1 174/15/1
f 163/17/1 175/16/1 164/14/1
f 163/17/1 176/18/1 175/16/1
f 140/19/1 144/2/1 141/11/1
f 163/17/1 177/20/1 176/18/1
f 162/21/1 177/20/1 163/17/1
f 162/21/1 178/22/1 177/20/1
f 139/23/1 144/2/1 140/19/1
f 161/24/1 178/22/1 162/21/1
f 161/24/1 179/25/1 178/22/1
f 161/24/1 180/26/1 179/25/1
f 138/27/1 144/2/1 139/23/1
f 160/28/1 180/26/1 161/24/1
f 160/28/1 181/29/1 180/26/1
f 137/30/1 144/2/1 138/27/1
f 160/28/1 182/31/1 181/29/1
f 159/32/1 182/31/1 160/28/1
f 136/33/1 144/2/1 137/30/1
f 159/32/1 183/34/1 182/31/1
f 135/35/1 144/2/1 136/33/1
f 159/32/1 184/36/1 183/34/1
f 134/37/1 144/2/1 135/35/1
f 158/38/1 184/36/1 159/32/1
f 133/39/1 144/2/1 134/37/1
f 132/40/1 144/2/1 133/39/1
f 158/38/1 185/41/1 184/36/1
f 131/42/1 144/2/1 132/40/1
f 129/43/1 131/42/1 130/44/1
f 129/43/1 128/45/1 131/42/1
f 128/45/1 127/46/1 131/42/1
f 127/46/1 126/47/1 131/42/1
f 126/47/1 125/48/1 131/42/1
f 125/48/1 124/49/1 131/42/1
f 124/49/1 123/50/1 131/42/1
f 123/50/1 122/51/1 131/42/1
f 122/51/1 121/52/1 131/42/1
f 121/52/1 120/53/1 131/42/1
f 120/53/1 119/54/1 131/42/1
f 119/54/1 118/55/1 131/42/1
f 118/55/1 144/2/1 131/42/1
f 158/38/1 186/56/1 185/41/1
f 157/57/1 186/56/1 158/38/1
f 157/57/1 187/58/1 186/56/1
f 157/57/1 188/59/1 187/58/1
f 156/60/1 188/59/1 157/57/1
f 156/60/1 189/61/1 188/59/1
f 156/60/1 190/62/1 189/61/1
f 155/63/1 190/62/1 156/60/1
f 155/63/1 191/64/1 190/62/1
f 154/65/1 191/64/1 155/63/1
f 154/65/1 192/66/1 191/64/1
f 153/67/1 192/66/1 154/65/1
f 153/67/1 193/68/1 192/66/1
f 153/67/1 194/69/1 193/68/1
f 152/70/1 194/69/1 153/67/1
f 152/70/1 195/71/1 194/69/1
f 152/70/1 196/72/1 195/71/1
f 151/73/1 196/72/1 152/70/1
f 117/74/1 144/2/1 118/55/1
f 151/73/1 197/75/1 196/72/1
f 116/76/1 144/2/1 117/74/1
f 151/73/1 198/77/1 197/75/1
f 150/78/1 25/79/1 151/73/1
f 25/79/1 198/77/1 151/73/1
f 115/80/1 144/2/1 116/76/1
f 25/79/1 199/81/1 198/77/1
f 114/82/1 144/2/1 115/80/1
f 150/78/1 26/83/1 25/79/1
f 24/84/1 199/81/1 25/79/1
f 23/85/1 199/81/1 24/84/1
f 150/78/1 27/86/1 26/83/1
f 22/87/1 199/81/1 23/85/1
f 22/87/1 200/88/1 199/81/1
f 21/89/1 200/88/1 22/87/1
f 150/78/1 28/90/1 27/86/1
f 20/91/1 200/88/1 21/89/1
f 113/92/1 144/2/1 114/82/1
f 149/93/1 28/90/1 150/78/1
f 19/94/1 200/88/1 20/91/1
f 149/93/1 29/95/1 28/90/1
f 18/96/1 200/88/1 19/94/1
f 18/96/1 201/97/1 200/88/1
f 17/98/1 201/97/1 18/96/1
f 149/93/1 30/99/1 29/95/1
f 112/100/1 144/2/1 113/92/1
f 16/101/1 201/97/1 17/98/1
f 16/101/1 202/102/1 201/97/1
f 15/103/1 202/102/1 16/101/1
f 149/93/1 31/104/1 30/99/1
f 15/103/1 203/105/1 202/102/1
f 14/106/1 203/105/1 15/103/1
f 111/107/1 144/2/1 112/100/1
f 148/108/1 31/104/1 149/93/1
f 14/106/1 204/109/1 203/105/1
f 148/108/1 32/110/1 31/104/1
f 13/111/1 204/109/1 14/106/1
f 12/112/1 204/109/1 13/111/1
f 12/112/1 205/113/1 204/109/1
f 110/114/1 144/2/1 111/107/1
f 148/108/1 33/115/1 32/110/1
f 11/116/1 205/113/1 12/112/1
f 11/116/1 206/117/1 205/113/1
f 10/118/1 206/117/1 11/116/1
f 10/118/1 207/119/1 206/117/1
f 147/120/1 33/115/1 148/108/1
f 109/121/1 144/2/1 110/114/1
f 9/122/1 207/119/1 10/118/1
f 9/122/1 208/123/1 207/119/1
f 147/120/1 34/124/1 33/115/1
f 8/125/1 208/123/1 9/122/1
f 8/125/1 209/126/1 208/123/1
f 7/127/1 209/126/1 8/125/1
f 7/127/1 210/128/1 209/126/1
f 6/129/1 210/128/1 7/127/1
f 6/129/1 211/130/1 210/128/1
f 108/131/1 144/2/1 109/121/1
f 5/132/1 211/130/1 6/129/1
f 5/132/1 212/133/1 211/130/1
f 147/120/1 35/134/1 34/124/1
f 4/135/1 212/133/1 5/132/1
f 4/135/1 213/136/1 212/133/1
f 3/137/1 213/136/1 4/135/1
f 3/137/1 214/138/1 213/136/1
f 2/139/1 214/138/1 3/137/1
f 2/139/1 215/140/1 214/138/1
f 1/141/1 215/140/1 2/139/1
f 146/142/1 35/134/1 147/120/1
f 107/143/1 144/2/1 108/131/1
f 146/142/1 36/144/1 35/134/1
f 106/145/1 144/2/1 107/143/1
f 145/146/1 36/144/1 146/142/1
f 145/146/1 37/147/1 36/144/1
f 105/148/1 144/2/1 106/145/1
f 145/146/1 38/149/1 37/147/1
f 104/150/1 144/2/1 105/148/1
f 144/2/1 38/149/1 145/146/1
f 144/2/1 39/151/1 38/149/1
f 103/152/1 144/2/1 104/150/1
f 103/152/1 44/153/1 144/2/1
f 44/153/1 43/154/1 144/2/1
f 43/154/1 42/155/1 144/2/1
f 42/155/1 41/156/1 144/2/1
f 41/156/1 40/157/1 144/2/1
f 40/157/1 39/151/1 144/2/1
f 103/152/2 45/158/2 44/153/2
f 103/152/1 46/159/1 45/158/1
f 103/152/1 47/160/1 46/159/1
f 103/152/1 48/161/1 47/160/1
f 103/152/1 49/162/1 48/161/1
f 103/152/1 50/163/1 49/162/1
f 102/164/1 50/163/1 103/152/1
f 102/164/1 51/165/1 50/163/1
f 102/164/1 52/166/1 51/165/1
f 101/167/1 52/166/1 102/164/1
f 101/167/1 53/168/1 52/166/1
f 100/169/1 53/168/1 101/167/1
f 100/169/1 54/170/1 53/168/1
f 99/171/1 54/170/1 100/169/1
f 99/171/1 55/172/1 54/170/1
f 98/173/1 55/172/1 99/171/1
f 98/173/1 56/174/1 55/172/1
f 97/175/1 56/174/1 98/173/1
f 97/175/1 57/176/1 56/174/1
f 96/177/1 57/176/1 97/175/1
f 96/177/1 58/178/1 57/176/1
f 95/179/1 58/178/1 96/177/1
f 95/179/1 59/180/1 58/178/1
f 94/181/1 59/180/1 95/179/1
f 94/181/1 60/182/1 59/180/1
f 93/183/1 60/182/1 94/181/1
f 93/183/1 61/184/1 60/182/1
f 92/185/1 61/184/1 93/183/1
f 92/185/1 62/186/1 61/184/1
f 91/187/1 62/186/1 92/185/1
f 90/188/1 62/186/1 91/187/1
f 90/188/1 63/189/1 62/186/1
f 90/188/1 64/190/1 63/189/1
f 89/191/1 64/190/1 90/188/1
f 89/191/1 65/192/1 64/190/1
f 88/193/1 65/192/1 89/191/1
f 88/193/1 66/194/1 65/192/1
f 87/195/1 66/194/1 88/193/1
f 87/195/1 67/196/1 66/194/1
f 86/197/1 67/196/1 87/195/1
f 86/197/1 68/198/1 67/196/1
f 85/199/1 68/198/1 86/197/1
f 85/199/1 69/200/1 68/198/1
f 84/201/1 69/200/1 85/199/1
f 84/201/1 70/202/1 69/200/1
f 83/203/1 70/202/1 84/201/1
f 83/203/1 71/204/1 70/202/1
f 82/205/1 71/204/1 83/203/1
f 82/205/1 72/206/1 71/204/1
f 81/207/1 72/206/1 82/205/1
f 81/207/1 73/208/1 72/206/1
f 80/209/1 73/208/1 81/207/1
f 80/209/1 74/210/1 73/208/1
f 79/211/1 74/210/1 80/209/1
f 77/212/1 79/211/1 78/213/1
f 77/212/1 74/210/1 79/211/1
f 77/212/1 75/214/1 74/210/1
f 77/212/1 76/215/1 75/214/1
f 288/216/1 290/217/1 289/218/1
f 288/216/1 291/219/1 290/217/1
f 287/220/1 291/219/1 288/216/1
f 287/220/1 292/221/1 291/219/1
f 286/222/1 292/221/1 287/220/1
f 286/222/1 293/223/1 292/221/1
f 285/224/1 293/223/1 286/222/1
f 285/224/1 294/225/1 293/223/1
f 284/226/1 294/225/1 285/224/1
f 284/226/1 295/227/1 294/225/1
f 283/228/1 295/227/1 284/226/1
f 283/228/1 296/229/1 295/227/1
f 282/230/1 296/229/1 283/228/1
f 282/230/1 297/231/1 296/229/1
f 281/232/1 297/231/1 282/230/1
f 281/232/1 387/233/1 297/231/1
f 387/233/1 298/234/1 297/231/1
f 281/232/1 388/235/1 387/233/1
f 386/236/1 298/234/1 387/233/1
f 281/232/1 389/237/1 388/235/1
f 385/238/1 298/234/1 386/236/1
f 280/239/1 389/237/1 281/232/1
f 280/239/1 390/240/1 389/237/1
f 384/241/1 298/234/1 385/238/1
f 280/239/1 391/242/1 390/240/1
f 383/243/1 298/234/1 384/241/1
f 383/243/1 299/244/1 298/234/1
f 280/239/1 392/245/1 391/242/1
f 382/246/1 299/244/1 383/243/1
f 280/239/1 393/247/1 392/245/1
f 381/248/1 299/244/1 382/246/1
f 279/249/1 393/247/1 280/239/1
f 381/248/1 300/250/1 299/244/1
f 279/249/1 394/251/1 393/247/1
f 380/252/1 300/250/1 381/248/1
f 279/249/1 395/253/1 394/251/1
f 379/254/1 300/250/1 380/252/1
f 278/255/1 395/253/1 279/249/1
f 379/254/1 301/256/1 300/250/1
f 278/255/1 396/257/1 395/253/1
f 378/258/1 301/256/1 379/254/1
f 278/255/1 397/259/1 396/257/1
f 377/260/1 301/256/1 378/258/1
f 277/261/1 397/259/1 278/255/1
f 377/260/1 302/262/1 301/256/1
f 277/261/1 398/263/1 397/259/1
f 376/264/1 302/262/1 377/260/1
f 276/265/1 398/263/1 277/261/1
f 276/265/1 399/266/1 398/263/1
f 375/267/1 302/262/1 376/264/1
f 375/267/1 303/268/1 302/262/1
f 276/265/1 400/269/1 399/266/1
f 374/270/1 303/268/1 375/267/1
f 374/270/1 304/271/1 303/268/1
f 275/272/1 400/269/1 276/265/1
f 373/273/1 304/271/1 374/270/1
f 275/272/1 401/274/1 400/269/1
f 372/275/1 304/271/1 373/273/1
f 275/272/1 402/276/1 401/274/1
f 372/275/1 305/277/1 304/271/1
f 274/278/1 402/276/1 275/272/1
f 371/279/1 305/277/1 372/275/1
f 274/278/1 403/280/1 402/276/1
f 371/279/1 306/281/1 305/277/1
f 370/282/1 306/281/1 371/279/1
f 274/278/1 404/283/1 403/280/1
f 273/284/1 404/283/1 274/278/1
f 369/285/1 306/281/1 370/282/1
f 273/284/1 405/286/1 404/283/1
f 369/285/1 307/287/1 306/281/1
f 272/288/1 405/286/1 273/284/1
f 368/289/1 307/287/1 369/285/1
f 272/288/1 406/290/1 405/286/1
f 368/289/1 308/291/1 307/287/1
f 271/292/1 406/290/1 272/288/1
f 367/293/1 308/291/1 368/289/1
f 271/292/1 407/294/1 406/290/1
f 367/293/1 309/295/1 308/291/1
f 366/296/1 309/295/1 367/293/1
f 271/292/1 408/297/1 407/294/1
f 270/298/1 408/297/1 271/292/1
f 365/299/1 309/295/1 366/296/1
f 365/299/1 310/300/1 309/295/1
f 270/298/1 409/301/1 408/297/1
f 269/302/1 409/301/1 270/298/1
f 364/303/1 310/300/1 365/299/1
f 269/302/1 410/140/1 409/301/1
f 364/303/1 311/304/1 310/300/1
f 268/305/1 410/140/1 269/302/1
f 363/306/1 311/304/1 364/303/1
f 268/305/1 362/307/1 410/140/1
f 363/306/1 312/308/1 311/304/1
f 267/309/1 362/307/1 268/305/1
f 267/309/1 363/306/1 362/307/1
f 267/309/1 312/308/1 363/306/1
f 267/309/1 313/131/1 312/308/1
f 266/310/1 313/131/1 267/309/1
f 265/311/1 314/312/1 266/310/1
f 314/312/1 313/131/1 266/310/1
f 265/311/1 315/313/1 314/312/1
f 264/314/1 315/313/1 265/311/1
f 264/314/1 316/315/1 315/313/1
f 263/316/1 316/315/1 264/314/1
f 263/316/1 317/317/1 316/315/1
f 262/318/1 317/317/1 263/316/1
f 262/318/1 318/319/1 317/317/1
f 261/320/1 318/319/1 262/318/1
f 261/320/1 319/321/1 318/319/1
f 260/322/1 319/321/1 261/320/1
f 260/322/1 320/323/1 319/321/1
f 259/324/1 320/323/1 260/322/1
f 361/325/1 217/326/1 216/141/1
f 259/324/1 321/327/1 320/323/1
f 360/328/1 217/326/1 361/325/1
f 258/329/1 321/327/1 259/324/1
f 258/329/1 322/330/1 321/327/1
f 360/328/1 218/331/1 217/326/1
f 359/332/1 218/331/1 360/328/1
f 257/333/1 322/330/1 258/329/1
f 257/333/1 323/334/1 322/330/1
f 358/335/1 218/331/1 359/332/1
f 358/335/1 219/336/1 218/331/1
f 357/337/1 219/336/1 358/335/1
f 257/333/1 324/338/1 323/334/1
f 357/337/1 220/339/1 219/336/1
f 256/340/1 324/338/1 257/333/1
f 356/341/1 220/339/1 357/337/1
f 256/340/1 325/342/1 324/338/1
f 356/341/1 221/343/1 220/339/1
f 355/344/1 221/343/1 356/341/1
f 255/345/1 325/342/1 256/340/1
f 255/345/1 326/346/1 325/342/1
f 354/347/1 221/343/1 355/344/1
f 354/347/1 222/348/1 221/343/1
f 255/345/1 327/349/1 326/346/1
f 353/350/1 222/348/1 354/347/1
f 254/351/1 327/349/1 255/345/1
f 353/350/1 223/352/1 222/348/1
f 352/353/1 223/352/1 353/350/1
f 254/351/1 328/354/1 327/349/1
f 351/355/1 223/352/1 352/353/1
f 351/355/1 224/356/1 223/352/1
f 253/357/1 328/354/1 254/351/1
f 253/357/1 329/358/1 328/354/1
f 350/359/1 224/356/1 351/355/1
f 349/360/1 224/356/1 350/359/1
f 253/357/1 330/361/1 329/358/1
f 349/360/1 225/362/1 224/356/1
f 252/363/1 330/361/1 253/357/1
f 348/364/1 225/362/1 349/360/1
f 252/363/1 331/365/1 330/361/1
f 347/366/1 225/362/1 348/364/1
f 347/366/1 226/367/1 225/362/1
f 252/363/1 332/368/1 331/365/1
f 346/369/1 226/367/1 347/366/1
f 251/370/1 332/368/1 252/363/1
f 345/371/1 226/367/1 346/369/1
f 251/370/1 333/372/1 332/368/1
f 345/371/1 227/373/1 226/367/1
f 344/374/1 227/373/1 345/371/1
f 251/370/1 334/375/1 333/372/1
f 343/376/1 227/373/1 344/374/1
f 251/370/1 335/377/1 334/375/1
f 342/378/1 227/373/1 343/376/1
f 342/378/1 228/379/1 227/373/1
f 250/380/1 335/377/1 251/370/1
f 341/381/1 228/379/1 342/378/1
f 250/380/1 336/382/1 335/377/1
f 340/383/1 228/379/1 341/381/1
f 250/380/1 337/384/1 336/382/1
f 339/385/1 228/379/1 340/383/1
f 250/380/1 338/386/1 337/384/1
f 338/386/1 228/379/1 339/385/1
f 250/380/1 228/379/1 338/386/1
f 250/380/1 229/387/1 228/379/1
f 249/388/1 229/387/1 250/380/1
f 249/388/1 230/389/1 229/387/1
f 248/390/1 230/389/1 249/388/1
f 248/390/1 231/391/1 230/389/1
f 248/390/1 232/392/1 231/391/1
f 247/393/1 232/392/1 248/390/1
f 247/393/1 233/394/1 232/392/1
f 246/395/1 233/394/1 247/393/1
f 246/395/1 234/396/1 233/394/1
f 245/397/1 234/396/1 246/395/1
f 245/397/1 235/398/1 234/396/1
f 245/397/1 236/399/1 235/398/1
f 244/400/1 236/399/1 245/397/1
f 244/400/1 237/401/1 236/399/1
f 243/402/1 237/401/1 244/400/1
f 243/402/1 238/403/1 237/401/1
f 243/402/1 239/404/1 238/403/1
f 242/405/1 239/404/1 243/402/1
f 242/405/1 240/406/1 239/404/1
f 241/407/1 240/406/1 242/405/1
f 471/408/1 473/409/1 472/410/1
f 471/408/1 474/411/1 473/409/1
f 439/412/1 441/413/1 440/414/1
f 439/412/1 442/415/1 441/413/1
f 470/416/1 474/411/1 471/408/1
f 469/417/1 475/418/1 470/416/1
f 475/418/1 474/411/1 470/416/1
f 469/417/1 476/419/1 475/418/1
f 438/420/1 442/415/1 439/412/1
f 437/421/1 443/422/1 438/420/1
f 443/422/1 442/415/1 438/420/1
f 437/421/1 444/423/1 443/422/1
f 469/417/1 477/424/1 476/419/1
f 436/425/1 444/423/1 437/421/1
f 469/417/1 478/426/1 477/424/1
f 435/427/1 444/423/1 436/425/1
f 435/427/1 445/428/1 444/423/1
f 468/429/1 478/426/1 469/417/1
f 468/429/1 479/430/1 478/426/1
f 434/431/1 445/428/1 435/427/1
f 468/429/1 480/432/1 479/430/1
f 433/433/1 445/428/1 434/431/1
f 433/433/1 446/434/1 445/428/1
f 467/435/1 480/432/1 468/429/1
f 467/435/1 481/436/1 480/432/1
f 432/437/1 446/434/1 433/433/1
f 467/435/1 482/438/1 481/436/1
f 431/439/1 446/434/1 432/437/1
f 431/439/1 447/440/1 446/434/1
f 466/441/1 482/438/1 467/435/1
f 466/441/1 483/442/1 482/438/1
f 430/443/1 447/440/1 431/439/1
f 466/441/1 484/444/1 483/442/1
f 429/445/1 447/440/1 430/443/1
f 429/445/1 448/446/1 447/440/1
f 465/447/1 484/444/1 466/441/1
f 465/447/1 485/448/1 484/444/1
f 428/449/1 448/446/1 429/445/1
f 465/447/1 486/450/1 485/448/1
f 427/451/1 448/446/1 428/449/1
f 427/451/1 449/452/1 448/446/1
f 464/453/1 486/450/1 465/447/1
f 464/453/1 487/454/1 486/450/1
f 426/455/1 449/452/1 427/451/1
f 464/453/1 488/456/1 487/454/1
f 425/457/1 449/452/1 426/455/1
f 425/457/1 450/458/1 449/452/1
f 464/453/1 489/459/1 488/456/1
f 424/460/1 450/458/1 425/457/1
f 463/461/1 489/459/1 464/453/1
f 463/461/1 490/462/1 489/459/1
f 423/463/1 450/458/1 424/460/1
f 463/461/1 491/464/1 490/462/1
f 423/463/1 451/465/1 450/458/1
f 422/466/1 451/465/1 423/463/1
f 462/467/1 491/464/1 463/461/1
f 462/467/1 492/468/1 491/464/1
f 421/469/1 451/465/1 422/466/1
f 462/467/1 493/470/1 492/468/1
f 421/469/1 452/471/1 451/465/1
f 462/467/1 494/472/1 493/470/1
f 420/473/1 452/471/1 421/469/1
f 461/474/1 494/472/1 462/467/1
f 461/474/1 495/475/1 494/472/1
f 419/476/1 452/471/1 420/473/1
f 419/476/1 453/477/1 452/471/1
f 461/474/1 496/478/1 495/475/1
f 460/479/1 496/478/1 461/474/1
f 418/480/1 453/477/1 419/476/1
f 460/479/1 497/481/1 496/478/1
f 417/482/1 453/477/1 418/480/1
f 460/479/1 498/140/1 497/481/1
f 417/482/1 454/483/1 453/477/1
f 459/484/1 498/140/1 460/479/1
f 416/485/1 454/483/1 417/482/1
f 459/484/1 411/141/1 498/140/1
f 415/486/1 454/483/1 416/485/1
f 459/484/1 412/487/1 411/141/1
f 415/486/1 455/488/1 454/483/1
f 458/489/1 412/487/1 459/484/1
f 414/490/1 455/488/1 415/486/1
f 413/491/1 455/488/1 414/490/1
f 413/491/1 456/492/1 455/488/1
f 457/493/1 412/487/1 458/489/1
f 457/493/1 413/491/1 412/487/1
f 457/493/1 456/492/1 413/491/1
f 682/494/1 684/495/1 683/496/1
f 681/497/1 684/495/1 682/494/1
f 681/497/1 685/498/1 684/495/1
f 680/499/1 685/498/1 681/497/1
f 680/499/1 686/500/1 685/498/1
f 679/501/1 686/500/1 680/499/1
f 679/501/1 687/502/1 686/500/1
f 678/503/1 687/502/1 679/501/1
f 678/503/1 688/504/1 687/502/1
f 677/505/1 688/504/1 678/503/1
f 677/505/1 689/506/1 688/504/1
f 676/507/1 500/508/1 677/505/1
f 500/508/1 499/141/1 677/505/1
f 499/141/1 689/506/1 677/505/1
f 499/141/1 596/509/1 689/506/1
f 596/509/1 690/510/1 689/506/1
f 676/507/1 501/511/1 500/508/1
f 595/512/1 690/510/1 596/509/1
f 676/507/1 502/513/1 501/511/1
f 594/514/1 690/510/1 595/512/1
f 676/507/1 503/515/1 502/513/1
f 593/516/1 690/510/1 594/514/1
f 675/517/1 503/515/1 676/507/1
f 593/516/1 691/518/1 690/510/1
f 675/517/1 504/519/1 503/515/1
f 592/520/1 691/518/1 593/516/1
f 675/517/1 505/521/1 504/519/1
f 591/522/1 691/518/1 592/520/1
f 674/523/1 505/521/1 675/517/1
f 591/522/1 692/524/1 691/518/1
f 674/523/1 506/525/1 505/521/1
f 590/526/1 692/524/1 591/522/1
f 674/523/1 507/527/1 506/525/1
f 589/528/1 692/524/1 590/526/1
f 673/529/1 507/527/1 674/523/1
f 589/528/1 693/530/1 692/524/1
f 673/529/1 508/531/1 507/527/1
f 588/532/1 693/530/1 589/528/1
f 672/533/1 508/531/1 673/529/1
f 588/532/1 694/140/1 693/530/1
f 672/533/1 509/534/1 508/531/1
f 587/535/1 694/140/1 588/532/1
f 672/533/1 510/536/1 509/534/1
f 586/537/1 694/140/1 587/535/1
f 671/538/1 510/536/1 672/533/1
f 586/537/1 597/539/1 694/140/1
f 671/538/1 511/540/1 510/536/1
f 585/541/1 597/539/1 586/537/1
f 670/542/1 511/540/1 671/538/1
f 585/541/1 598/543/1 597/539/1
f 670/542/1 512/544/1 511/540/1
f 584/545/1 598/543/1 585/541/1
f 584/545/1 599/546/1 598/543/1
f 669/547/1 512/544/1 670/542/1
f 669/547/1 513/548/1 512/544/1
f 583/549/1 599/546/1 584/545/1
f 669/547/1 514/550/1 513/548/1
f 582/551/1 599/546/1 583/549/1
f 582/551/1 600/552/1 599/546/1
f 668/553/1 514/550/1 669/547/1
f 668/553/1 515/554/1 514/550/1
f 581/555/1 600/552/1 582/551/1
f 581/555/1 601/556/1 600/552/1
f 667/557/1 515/554/1 668/553/1
f 667/557/1 516/558/1 515/554/1
f 580/559/1 601/556/1 581/555/1
f 580/559/1 602/560/1 601/556/1
f 666/561/1 516/558/1 667/557/1
f 666/561/1 517/562/1 516/558/1
f 579/563/1 602/560/1 580/559/1
f 579/563/1 603/564/1 602/560/1
f 665/565/1 517/562/1 666/561/1
f 665/565/1 518/566/1 517/562/1
f 578/567/1 603/564/1 579/563/1
f 578/567/1 604/568/1 603/564/1
f 664/569/1 518/566/1 665/565/1
f 664/569/1 519/570/1 518/566/1
f 577/571/1 604/568/1 578/567/1
f 577/571/1 605/572/1 604/568/1
f 663/573/1 519/570/1 664/569/1
f 663/573/1 520/574/1 519/570/1
f 576/575/1 605/572/1 577/571/1
f 576/575/1 606/576/1 605/572/1
f 662/577/1 520/574/1 663/573/1
f 662/577/1 521/578/1 520/574/1
f 575/579/1 606/576/1 576/575/1
f 575/579/1 607/580/1 606/576/1
f 661/581/1 521/578/1 662/577/1
f 574/582/1 607/580/1 575/579/1
f 661/581/1 522/583/1 521/578/1
f 574/582/1 608/584/1 607/580/1
f 660/585/1 522/583/1 661/581/1
f 573/586/1 608/584/1 574/582/1
f 660/585/1 523/587/1 522/583/1
f 573/586/1 609/588/1 608/584/1
f 659/589/1 523/587/1 660/585/1
f 658/590/1 523/587/1 659/589/1
f 658/590/1 524/591/1 523/587/1
f 572/592/1 609/588/1 573/586/1
f 572/592/1 610/593/1 609/588/1
f 657/594/1 524/591/1 658/590/1
f 657/594/1 525/595/1 524/591/1
f 571/596/1 610/593/1 572/592/1
f 571/596/1 611/597/1 610/593/1
f 656/598/1 525/595/1 657/594/1
f 571/596/1 612/599/1 611/597/1
f 656/598/1 526/600/1 525/595/1
f 570/601/1 612/599/1 571/596/1
f 655/602/1 526/600/1 656/598/1
f 570/601/1 613/603/1 612/599/1
f 655/602/1 527/604/1 526/600/1
f 569/605/1 613/603/1 570/601/1
f 654/606/1 527/604/1 655/602/1
f 569/605/1 614/607/1 613/603/1
f 654/606/1 528/608/1 527/604/1
f 568/609/1 614/607/1 569/605/1
f 653/610/1 528/608/1 654/606/1
f 568/609/1 615/611/1 614/607/1
f 653/610/1 529/612/1 528/608/1
f 567/613/1 615/611/1 568/609/1
f 652/614/1 529/612/1 653/610/1
f 567/613/1 616/615/1 615/611/1
f 566/616/1 616/615/1 567/613/1
f 652/614/1 530/617/1 529/612/1
f 651/618/1 530/617/1 652/614/1
f 566/616/1 617/619/1 616/615/1
f 565/620/1 617/619/1 566/616/1
f 651/618/1 531/621/1 530/617/1
f 650/622/1 531/621/1 651/618/1
f 565/620/1 618/623/1 617/619/1
f 564/414/1 618/623/1 565/620/1
f 650/622/1 532/624/1 531/621/1
f 649/625/1 532/624/1 650/622/1
f 564/414/1 619/626/1 618/623/1
f 563/627/1 619/626/1 564/414/1
f 649/625/1 533/628/1 532/624/1
f 648/629/1 533/628/1 649/625/1
f 563/627/1 620/630/1 619/626/1
f 562/631/1 620/630/1 563/627/1
f 648/629/1 534/632/1 533/628/1
f 647/633/1 534/632/1 648/629/1
f 562/631/1 621/634/1 620/630/1
f 561/635/1 621/634/1 562/631/1
f 647/633/1 535/636/1 534/632/1
f 560/637/1 621/634/1 561/635/1
f 647/633/1 536/638/1 535/636/1
f 646/639/1 536/638/1 647/633/1
f 560/637/1 622/640/1 621/634/1
f 646/639/1 537/641/1 536/638/1
f 559/642/1 622/640/1 560/637/1
f 645/643/1 537/641/1 646/639/1
f 559/642/1 623/644/1 622/640/1
f 645/643/1 538/645/1 537/641/1
f 558/646/1 623/644/1 559/642/1
f 558/646/1 624/647/1 623/644/1
f 644/648/1 538/645/1 645/643/1
f 644/648/1 539/649/1 538/645/1
f 557/650/1 624/647/1 558/646/1
f 556/651/1 624/647/1 557/650/1
f 644/648/1 540/652/1 539/649/1
f 643/653/1 540/652/1 644/648/1
f 556/651/1 625/654/1 624/647/1
f 555/655/1 625/654/1 556/651/1
f 643/653/1 541/656/1 540/652/1
f 642/657/1 541/656/1 643/653/1
f 555/655/1 626/658/1 625/654/1
f 554/659/1 626/658/1 555/655/1
f 642/657/1 542/660/1 541/656/1
f 553/661/1 626/658/1 554/659/1
f 642/657/1 543/662/1 542/660/1
f 641/663/1 543/662/1 642/657/1
f 553/661/1 627/664/1 626/658/1
f 552/665/1 627/664/1 553/661/1
f 641/663/1 544/666/1 543/662/1
f 551/667/1 627/664/1 552/665/1
f 641/663/1 545/668/1 544/666/1
f 640/669/1 545/668/1 641/663/1
f 551/667/1 628/670/1 627/664/1
f 550/671/1 628/670/1 551/667/1
f 640/669/1 546/672/1 545/668/1
f 549/673/1 628/670/1 550/671/1
f 640/669/1 547/674/1 546/672/1
f 548/675/1 628/670/1 549/673/1
f 640/669/1 548/675/1 547/674/1
f 640/669/1 628/670/1 548/675/1
f 639/676/1 628/670/1 640/669/1
f 639/676/1 629/417/1 628/670/1
f 638/677/1 629/417/1 639/676/1
f 638/677/1 630/678/1 629/417/1
f 638/677/1 631/679/1 630/678/1
f 637/680/1 631/679/1 638/677/1
f 637/680/1 632/681/1 631/679/1
f 636/682/1 632/681/1 637/680/1
f 636/682/1 633/683/1 632/681/1
f 635/684/1 633/683/1 636/682/1
f 635/684/1 634/685/1 633/683/1
f 767/216/1 769/217/1 768/218/1
f 767/216/1 770/219/1 769/217/1
f 766/220/1 770/219/1 767/216/1
f 766/220/1 771/221/1 770/219/1
f 765/222/1 771/221/1 766/220/1
f 765/222/1 772/223/1 771/221/1
f 764/224/1 772/223/1 765/222/1
f 764/224/1 773/225/1 772/223/1
f 763/226/1 773/225/1 764/224/1
f 763/226/1 774/227/1 773/225/1
f 762/228/1 774/227/1 763/226/1
f 762/228/1 775/229/1 774/227/1
f 761/230/1 775/229/1 762/228/1
f 761/230/1 776/231/1 775/229/1
f 760/232/1 776/231/1 761/230/1
f 760/232/1 866/233/1 776/231/1
f 866/233/1 777/234/1 776/231/1
f 760/232/1 867/235/1 866/233/1
f 865/236/1 777/234/1 866/233/1
f 760/232/1 868/237/1 867/235/1
f 864/238/1 777/234/1 865/236/1
f 759/239/1 868/237/1 760/232/1
f 759/239/1 869/240/1 868/237/1
f 863/241/1 777/234/1 864/238/1
f 759/239/1 870/242/1 869/240/1
f 862/243/1 777/234/1 863/241/1
f 862/243/1 778/244/1 777/234/1
f 759/239/1 871/245/1 870/242/1
f 861/246/1 778/244/1 862/243/1
f 759/239/1 872/247/1 871/245/1
f 860/248/1 778/244/1 861/246/1
f 758/249/1 872/247/1 759/239/1
f 860/248/1 779/250/1 778/244/1
f 758/249/1 873/251/1 872/247/1
f 859/252/1 779/250/1 860/248/1
f 758/249/1 874/253/1 873/251/1
f 858/254/1 779/250/1 859/252/1
f 757/255/1 874/253/1 758/249/1
f 858/254/1 780/256/1 779/250/1
f 757/255/1 875/257/1 874/253/1
f 857/258/1 780/256/1 858/254/1
f 757/255/1 876/259/1 875/257/1
f 856/260/1 780/256/1 857/258/1
f 756/261/1 876/259/1 757/255/1
f 856/260/1 781/262/1 780/256/1
f 756/261/1 877/263/1 876/259/1
f 855/264/1 781/262/1 856/260/1
f 755/265/1 877/263/1 756/261/1
f 755/265/1 878/266/1 877/263/1
f 854/267/1 781/262/1 855/264/1
f 854/267/1 782/268/1 781/262/1
f 755/265/1 879/269/1 878/266/1
f 853/270/1 782/268/1 854/267/1
f 853/270/1 783/271/1 782/268/1
f 754/272/1 879/269/1 755/265/1
f 852/273/1 783/271/1 853/270/1
f 754/272/1 880/274/1 879/269/1
f 851/275/1 783/271/1 852/273/1
f 754/272/1 881/276/1 880/274/1
f 851/275/1 784/277/1 783/271/1
f 753/278/1 881/276/1 754/272/1
f 850/279/1 784/277/1 851/275/1
f 753/278/1 882/280/1 881/276/1
f 850/279/1 785/281/1 784/277/1
f 849/282/1 785/281/1 850/279/1
f 753/278/1 883/283/1 882/280/1
f 752/284/1 883/283/1 753/278/1
f 848/285/1 785/281/1 849/282/1
f 752/284/1 884/286/1 883/283/1
f 848/285/1 786/287/1 785/281/1
f 751/288/1 884/286/1 752/284/1
f 847/289/1 786/287/1 848/285/1
f 751/288/1 885/290/1 884/286/1
f 847/289/1 787/291/1 786/287/1
f 750/292/1 885/290/1 751/288/1
f 846/293/1 787/291/1 847/289/1
f 750/292/1 886/294/1 885/290/1
f 846/293/1 788/295/1 787/291/1
f 845/296/1 788/295/1 846/293/1
f 750/292/1 887/297/1 886/294/1
f 749/298/1 887/297/1 750/292/1
f 844/299/1 788/295/1 845/296/1
f 844/299/1 789/300/1 788/295/1
f 749/298/1 888/301/1 887/297/1
f 748/302/1 888/301/1 749/298/1
f 843/303/1 789/300/1 844/299/1
f 748/302/1 889/140/1 888/301/1
f 843/303/1 790/304/1 789/300/1
f 747/305/1 889/140/1 748/302/1
f 842/306/1 790/304/1 843/303/1
f 747/305/1 841/307/1 889/140/1
f 842/306/1 791/308/1 790/304/1
f 746/309/1 841/307/1 747/305/1
f 746/309/1 842/306/1 841/307/1
f 746/309/1 791/308/1 842/306/1
f 746/309/1 792/131/1 791/308/1
f 745/310/1 792/131/1 746/309/1
f 744/311/1 793/312/1 745/310/1
f 793/312/1 792/131/1 745/310/1
f 744/311/1 794/313/1 793/312/1
f 743/314/1 794/313/1 744/311/1
f 743/314/1 795/315/1 794/313/1
f 742/316/1 795/315/1 743/314/1
f 742/316/1 796/317/1 795/315/1
f 741/318/1 796/317/1 742/316/1
f 741/318/1 797/319/1 796/317/1
f 740/320/1 797/319/1 741/318/1
f 740/320/1 798/321/1 797/319/1
f 739/322/1 798/321/1 740/320/1
f 739/322/1 799/323/1 798/321/1
f 738/324/1 799/323/1 739/322/1
f 840/325/1 696/326/1 695/141/1
f 738/324/1 800/327/1 799/323/1
f 839/328/1 696/326/1 840/325/1
f 737/329/1 800/327/1 738/324/1
f 737/329/1 801/330/1 800/327/1
f 839/328/1 697/331/1 696/326/1
f 838/332/1 697/331/1 839/328/1
f 736/333/1 801/330/1 737/329/1
f 736/333/1 802/334/1 801/330/1
f 837/335/1 697/331/1 838/332/1
f 837/335/1 698/336/1 697/331/1
f 836/337/1 698/336/1 837/335/1
f 736/333/1 803/338/1 802/334/1
f 836/337/1 699/339/1 698/336/1
f 735/340/1 803/338/1 736/333/1
f 835/341/1 699/339/1 836/337/1
f 735/340/1 804/342/1 803/338/1
f 835/341/1 700/343/1 699/339/1
f 834/344/1 700/343/1 835/341/1
f 734/345/1 804/342/1 735/340/1
f 734/345/1 805/346/1 804/342/1
f 833/347/1 700/343/1 834/344/1
f 833/347/1 701/348/1 700/343/1
f 734/345/1 806/349/1 805/346/1
f 832/350/1 701/348/1 833/347/1
f 733/351/1 806/349/1 734/345/1
f 832/350/1 702/352/1 701/348/1
f 831/353/1 702/352/1 832/350/1
f 733/351/1 807/354/1 806/349/1
f 830/355/1 702/352/1 831/353/1
f 830/355/1 703/356/1 702/352/1
f 732/357/1 807/354/1 733/351/1
f 732/357/1 808/358/1 807/354/1
f 829/359/1 703/356/1 830/355/1
f 828/360/1 703/356/1 829/359/1
f 732/357/1 809/361/1 808/358/1
f 828/360/1 704/362/1 703/356/1
f 731/363/1 809/361/1 732/357/1
f 827/364/1 704/362/1 828/360/1
f 731/363/1 810/365/1 809/361/1
f 826/366/1 704/362/1 827/364/1
f 826/366/1 705/367/1 704/362/1
f 731/363/1 811/368/1 810/365/1
f 825/369/1 705/367/1 826/366/1
f 730/370/1 811/368/1 731/363/1
f 824/371/1 705/367/1 825/369/1
f 730/370/1 812/372/1 811/368/1
f 824/371/1 706/373/1 705/367/1
f 823/374/1 706/373/1 824/371/1
f 730/370/1 813/375/1 812/372/1
f 822/376/1 706/373/1 823/374/1
f 730/370/1 814/377/1 813/375/1
f 821/378/1 706/373/1 822/376/1
f 821/378/1 707/379/1 706/373/1
f 729/380/1 814/377/1 730/370/1
f 820/381/1 707/379/1 821/378/1
f 729/380/1 815/382/1 814/377/1
f 819/383/1 707/379/1 820/381/1
f 729/380/1 816/384/1 815/382/1
f 818/385/1 707/379/1 819/383/1
f 729/380/1 817/386/1 816/384/1
f 817/386/1 707/379/1 818/385/1
f 729/380/1 707/379/1 817/386/1
f 729/380/1 708/387/1 707/379/1
f 728/388/1 708/387/1 729/380/1
f 728/388/1 709/389/1 708/387/1
f 727/390/1 709/389/1 728/388/1
f 727/390/1 710/391/1 709/389/1
f 727/390/1 711/392/1 710/391/1
f 726/393/1 711/392/1 727/390/1
f 726/393/1 712/394/1 711/392/1
f 725/395/1 712/394/1 726/393/1
f 725/395/1 713/396/1 712/394/1
f 724/397/1 713/396/1 725/395/1
f 724/397/1 714/398/1 713/396/1
f 724/397/1 715/399/1 714/398/1
f 723/400/1 715/399/1 724/397/1
f 723/400/1 716/401/1 715/399/1
f 722/402/1 716/401/1 723/400/1
f 722/402/1 717/403/1 716/401/1
f 722/402/1 718/404/1 717/403/1
f 721/405/1 718/404/1 722/402/1
f 721/405/1 719/406/1 718/404/1
f 720/407/1 719/406/1 721/405/1
f 1201/686/1 1203/687/1 1202/688/1
f 1200/689/1 1203/687/1 1201/686/1
f 1199/690/1 1203/687/1 1200/689/1
f 1198/691/1 1203/687/1 1199/690/1
f 1197/692/1 1203/687/1 1198/691/1
f 1196/693/1 1203/687/1 1197/692/1
f 1195/694/1 1203/687/1 1196/693/1
f 1194/695/1 1203/687/1 1195/694/1
f 1193/696/1 1203/687/1 1194/695/1
f 1192/697/1 1203/687/1 1193/696/1
f 1191/698/1 1203/687/1 1192/697/1
f 1190/699/1 1203/687/1 1191/698/1
f 1188/700/1 1190/699/1 1189/701/1
f 1188/700/1 1187/702/1 1190/699/1
f 1187/702/1 1186/703/1 1190/699/1
f 1186/703/1 1185/704/1 1190/699/1
f 1185/704/1 1184/705/1 1190/699/1
f 1184/705/1 1183/706/1 1190/699/1
f 1183/706/1 1182/707/1 1190/699/1
f 1182/707/1 1181/708/1 1190/699/1
f 1181/708/1 1180/709/1 1190/699/1
f 1180/709/1 1179/710/1 1190/699/1
f 1179/710/1 1178/711/1 1190/699/1
f 1178/711/1 1203/687/1 1190/699/1
f 1214/712/1 1216/713/1 1215/714/1
f 901/715/1 903/716/1 902/717/1
f 901/715/1 904/718/1 903/716/1
f 1213/719/1 1216/713/1 1214/712/1
f 1213/719/1 1217/720/1 1216/713/1
f 900/721/1 904/718/1 901/715/1
f 900/721/1 905/722/1 904/718/1
f 900/721/1 906/723/1 905/722/1
f 1212/724/1 1217/720/1 1213/719/1
f 1212/724/1 1218/725/1 1217/720/1
f 899/726/1 906/723/1 900/721/1
f 899/726/1 907/727/1 906/723/1
f 1211/728/1 1218/725/1 1212/724/1
f 1211/728/1 1219/729/1 1218/725/1
f 898/730/1 907/727/1 899/726/1
f 898/730/1 908/731/1 907/727/1
f 898/730/1 909/732/1 908/731/1
f 1210/733/1 1219/729/1 1211/728/1
f 1210/733/1 1220/734/1 1219/729/1
f 897/735/1 909/732/1 898/730/1
f 897/735/1 910/736/1 909/732/1
f 897/735/1 911/737/1 910/736/1
f 1209/738/1 1220/734/1 1210/733/1
f 896/739/1 911/737/1 897/735/1
f 1209/738/1 1221/740/1 1220/734/1
f 896/739/1 912/741/1 911/737/1
f 1208/742/1 1221/740/1 1209/738/1
f 895/743/1 912/741/1 896/739/1
f 1208/742/1 1222/744/1 1221/740/1
f 895/743/1 913/745/1 912/741/1
f 895/743/1 914/746/1 913/745/1
f 1207/747/1 1222/744/1 1208/742/1
f 894/748/1 914/746/1 895/743/1
f 1207/747/1 1223/749/1 1222/744/1
f 894/748/1 915/750/1 914/746/1
f 1177/751/1 1203/687/1 1178/711/1
f 1176/752/1 1203/687/1 1177/751/1
f 1175/753/1 1203/687/1 1176/752/1
f 894/748/1 1005/754/1 915/750/1
f 1005/754/1 1004/755/1 915/750/1
f 1004/755/1 916/756/1 915/750/1
f 1206/757/1 1097/758/1 1207/747/1
f 1097/758/1 1096/759/1 1207/747/1
f 1096/759/1 1223/749/1 1207/747/1
f 1096/759/1 1095/760/1 1223/749/1
f 1095/760/1 1094/761/1 1223/749/1
f 1094/761/1 1224/762/1 1223/749/1
f 893/763/1 1006/764/1 894/748/1
f 1006/764/1 1005/754/1 894/748/1
f 1174/765/1 1203/687/1 1175/753/1
f 1003/766/1 916/756/1 1004/755/1
f 1206/757/1 1098/767/1 1097/758/1
f 893/763/1 1007/768/1 1006/764/1
f 1093/769/1 1224/762/1 1094/761/1
f 1002/414/1 916/756/1 1003/766/1
f 1092/770/1 1224/762/1 1093/769/1
f 1001/771/1 916/756/1 1002/414/1
f 1206/757/1 1099/772/1 1098/767/1
f 893/763/1 1008/773/1 1007/768/1
f 1091/774/1 1224/762/1 1092/770/1
f 1000/775/1 916/756/1 1001/771/1
f 1173/776/1 1203/687/1 1174/765/1
f 1090/777/1 1224/762/1 1091/774/1
f 999/778/1 916/756/1 1000/775/1
f 1206/757/1 1100/779/1 1099/772/1
f 893/763/1 1009/780/1 1008/773/1
f 999/778/1 917/781/1 916/756/1
f 1172/782/1 1203/687/1 1173/776/1
f 1089/783/1 1224/762/1 1090/777/1
f 998/784/1 917/781/1 999/778/1
f 1088/785/1 1224/762/1 1089/783/1
f 997/786/1 917/781/1 998/784/1
f 1171/787/1 1203/687/1 1172/782/1
f 1206/757/1 1101/788/1 1100/779/1
f 893/763/1 1010/789/1 1009/780/1
f 1205/790/1 1101/788/1 1206/757/1
f 1088/785/1 1225/791/1 1224/762/1
f 892/792/1 1010/789/1 893/763/1
f 1087/793/1 1225/791/1 1088/785/1
f 996/794/1 917/781/1 997/786/1
f 1170/795/1 1203/687/1 1171/787/1
f 1086/796/1 1225/791/1 1087/793/1
f 995/797/1 917/781/1 996/794/1
f 995/797/1 918/798/1 917/781/1
f 1205/790/1 1102/799/1 1101/788/1
f 892/792/1 1011/800/1 1010/789/1
f 1085/801/1 1225/791/1 1086/796/1
f 994/802/1 918/798/1 995/797/1
f 1169/803/1 1203/687/1 1170/795/1
f 1084/804/1 1225/791/1 1085/801/1
f 993/805/1 918/798/1 994/802/1
f 1205/790/1 1103/806/1 1102/799/1
f 892/792/1 1012/807/1 1011/800/1
f 1168/808/1 1203/687/1 1169/803/1
f 1204/809/1 1103/806/1 1205/790/1
f 1084/804/1 1226/140/1 1225/791/1
f 891/810/1 1012/807/1 892/792/1
f 993/805/1 919/811/1 918/798/1
f 1083/812/1 1226/140/1 1084/804/1
f 992/813/1 919/811/1 993/805/1
f 1167/814/1 1203/687/1 1168/808/1
f 1082/815/1 1226/140/1 1083/812/1
f 991/816/1 919/811/1 992/813/1
f 1204/809/1 1104/817/1 1103/806/1
f 891/810/1 1013/818/1 1012/807/1
f 1166/819/1 1203/687/1 1167/814/1
f 991/816/1 920/820/1 919/811/1
f 1081/821/1 1226/140/1 1082/815/1
f 990/822/1 920/820/1 991/816/1
f 1203/687/1 1104/817/1 1204/809/1
f 1081/821/1 890/141/1 1226/140/1
f 890/141/1 1013/818/1 891/810/1
f 1165/823/1 1203/687/1 1166/819/1
f 1203/687/1 1105/824/1 1104/817/1
f 890/141/1 1014/825/1 1013/818/1
f 1080/826/1 890/141/1 1081/821/1
f 989/827/1 920/820/1 990/822/1
f 1164/828/1 1203/687/1 1165/823/1
f 989/827/1 921/829/1 920/820/1
f 1079/830/1 890/141/1 1080/826/1
f 988/831/1 921/829/1 989/827/1
f 1163/832/1 1203/687/1 1164/828/1
f 1203/687/1 1106/833/1 1105/824/1
f 890/141/1 1015/834/1 1014/825/1
f 1163/832/1 1106/833/1 1203/687/1
f 1079/830/1 1015/834/1 890/141/1
f 1162/835/1 1108/836/1 1163/832/1
f 1108/836/1 1107/837/1 1163/832/1
f 1107/837/1 1106/833/1 1163/832/1
f 1078/838/1 1015/834/1 1079/830/1
f 987/839/1 921/829/1 988/831/1
f 987/839/1 922/840/1 921/829/1
f 1078/838/1 1016/841/1 1015/834/1
f 1077/842/1 1016/841/1 1078/838/1
f 986/843/1 922/840/1 987/839/1
f 986/843/1 923/844/1 922/840/1
f 1076/845/1 1016/841/1 1077/842/1
f 985/846/1 923/844/1 986/843/1
f 1076/845/1 1017/847/1 1016/841/1
f 1075/848/1 1017/847/1 1076/845/1
f 984/849/1 923/844/1 985/846/1
f 984/849/1 924/850/1 923/844/1
f 1162/835/1 1109/851/1 1108/836/1
f 1075/848/1 1018/852/1 1017/847/1
f 1074/853/1 1018/852/1 1075/848/1
f 983/854/1 924/850/1 984/849/1
f 983/854/1 925/855/1 924/850/1
f 1073/856/3 1018/852/3 1074/853/3
f 982/857/1 925/855/1 983/854/1
f 982/857/1 926/858/1 925/855/1
f 1072/859/1 1018/852/1 1073/856/1
f 981/860/1 926/858/1 982/857/1
f 1071/861/1 1018/852/1 1072/859/1
f 980/862/1 926/858/1 981/860/1
f 980/862/1 927/863/1 926/858/1
f 1161/864/1 1109/851/1 1162/835/1
f 1161/864/1 1110/865/1 1109/851/1
f 1070/866/1 1018/852/1 1071/861/1
f 1070/866/1 1019/867/1 1018/852/1
f 979/868/1 927/863/1 980/862/1
f 979/868/1 928/869/1 927/863/1
f 1161/864/1 1111/870/1 1110/865/1
f 1070/866/1 1020/871/1 1019/867/1
f 979/868/1 929/872/1 928/869/1
f 1160/873/1 1111/870/1 1161/864/1
f 1069/874/1 1020/871/1 1070/866/1
f 978/875/1 929/872/1 979/868/1
f 1160/873/1 1112/876/1 1111/870/1
f 1069/874/1 1021/877/1 1020/871/1
f 978/875/1 930/878/1 929/872/1
f 1159/879/1 1112/876/1 1160/873/1
f 1068/880/1 1021/877/1 1069/874/1
f 977/881/1 930/878/1 978/875/1
f 1159/879/1 1113/882/1 1112/876/1
f 1068/880/1 1022/883/1 1021/877/1
f 977/881/1 931/884/1 930/878/1
f 1158/885/1 1113/882/1 1159/879/1
f 1067/886/1 1022/883/1 1068/880/1
f 976/887/1 931/884/1 977/881/1
f 1158/885/1 1114/417/1 1113/882/1
f 1067/886/1 1023/888/1 1022/883/1
f 976/887/1 932/889/1 931/884/1
f 1157/890/1 1114/417/1 1158/885/1
f 1066/891/1 1023/888/1 1067/886/1
f 975/892/1 932/889/1 976/887/1
f 1157/890/1 1115/893/1 1114/417/1
f 1066/891/1 1024/894/1 1023/888/1
f 975/892/1 933/895/1 932/889/1
f 1156/896/1 1115/893/1 1157/890/1
f 1065/897/1 1024/894/1 1066/891/1
f 974/898/1 933/895/1 975/892/1
f 1156/896/1 1116/899/1 1115/893/1
f 1065/897/1 1025/900/1 1024/894/1
f 974/898/1 934/901/1 933/895/1
f 1155/902/1 1116/899/1 1156/896/1
f 1064/903/1 1025/900/1 1065/897/1
f 973/904/1 934/901/1 974/898/1
f 1155/902/1 1117/905/1 1116/899/1
f 1064/903/1 1026/906/1 1025/900/1
f 973/904/1 935/907/1 934/901/1
f 1154/908/1 1117/905/1 1155/902/1
f 1063/909/1 1026/906/1 1064/903/1
f 972/910/1 935/907/1 973/904/1
f 1154/908/1 1118/911/1 1117/905/1
f 1063/909/1 1027/912/1 1026/906/1
f 972/910/1 936/913/1 935/907/1
f 1153/914/1 1118/911/1 1154/908/1
f 1062/915/1 1027/912/1 1063/909/1
f 971/916/1 936/913/1 972/910/1
f 1153/914/1 1119/917/1 1118/911/1
f 1062/915/1 1028/918/1 1027/912/1
f 971/916/1 937/919/1 936/913/1
f 1152/920/1 1119/917/1 1153/914/1
f 1061/921/1 1028/918/1 1062/915/1
f 970/922/1 937/919/1 971/916/1
f 1152/920/1 1120/923/1 1119/917/1
f 1061/921/1 1029/924/1 1028/918/1
f 970/922/1 938/925/1 937/919/1
f 1151/926/1 1120/923/1 1152/920/1
f 1060/927/1 1029/924/1 1061/921/1
f 969/928/1 938/925/1 970/922/1
f 1151/926/1 1121/929/1 1120/923/1
f 1060/927/1 1030/930/1 1029/924/1
f 969/928/1 939/931/1 938/925/1
f 1150/932/1 1121/929/1 1151/926/1
f 1059/933/1 1030/930/1 1060/927/1
f 968/934/1 939/931/1 969/928/1
f 1149/935/1 1121/929/1 1150/932/1
f 1149/935/1 1122/936/1 1121/929/1
f 1058/131/1 1030/930/1 1059/933/1
f 1058/131/1 1031/937/1 1030/930/1
f 967/938/1 939/931/1 968/934/1
f 967/938/1 940/939/1 939/931/1
f 1149/935/1 1123/940/1 1122/936/1
f 1058/131/1 1032/941/1 1031/937/1
f 967/938/1 941/942/1 940/939/1
f 1148/943/1 1123/940/1 1149/935/1
f 1057/944/1 1032/941/1 1058/131/1
f 966/945/1 941/942/1 967/938/1
f 1148/943/1 1124/946/1 1123/940/1
f 1057/944/1 1033/947/1 1032/941/1
f 966/945/1 942/948/1 941/942/1
f 1147/949/1 1124/946/1 1148/943/1
f 1056/950/1 1033/947/1 1057/944/1
f 965/951/1 942/948/1 966/945/1
f 1147/949/1 1125/952/1 1124/946/1
f 1056/950/1 1034/953/1 1033/947/1
f 965/951/1 943/954/1 942/948/1
f 1146/955/1 1125/952/1 1147/949/1
f 1055/956/1 1034/953/1 1056/950/1
f 964/957/1 943/954/1 965/951/1
f 1146/955/1 1126/958/1 1125/952/1
f 1055/956/1 1035/959/1 1034/953/1
f 964/957/1 944/960/1 943/954/1
f 1145/961/1 1126/958/1 1146/955/1
f 1054/962/1 1035/959/1 1055/956/1
f 963/963/1 944/960/1 964/957/1
f 1145/961/1 1127/964/1 1126/958/1
f 1054/962/1 1036/965/1 1035/959/1
f 963/963/1 945/966/1 944/960/1
f 1144/967/1 1127/964/1 1145/961/1
f 1053/968/1 1036/965/1 1054/962/1
f 962/969/1 945/966/1 963/963/1
f 1144/967/1 1128/970/1 1127/964/1
f 1053/968/1 1037/971/1 1036/965/1
f 962/969/1 946/972/1 945/966/1
f 1143/973/1 1128/970/1 1144/967/1
f 1052/974/1 1037/971/1 1053/968/1
f 961/975/1 946/972/1 962/969/1
f 1143/973/1 1129/976/1 1128/970/1
f 1052/974/1 1038/977/1 1037/971/1
f 961/975/1 947/978/1 946/972/1
f 1142/979/1 1129/976/1 1143/973/1
f 1051/980/1 1038/977/1 1052/974/1
f 960/981/1 947/978/1 961/975/1
f 1142/979/1 1130/982/1 1129/976/1
f 1051/980/1 1039/983/1 1038/977/1
f 960/981/1 948/984/1 947/978/1
f 1141/985/1 1130/982/1 1142/979/1
f 1050/986/1 1039/983/1 1051/980/1
f 959/987/1 948/984/1 960/981/1
f 1141/985/1 1131/988/1 1130/982/1
f 1050/986/1 1040/989/1 1039/983/1
f 959/987/1 949/990/1 948/984/1
f 1140/991/1 1131/988/1 1141/985/1
f 1049/992/1 1040/989/1 1050/986/1
f 958/993/1 949/990/1 959/987/1
f 1140/991/1 1132/994/1 1131/988/1
f 1049/992/1 1041/995/1 1040/989/1
f 958/993/1 950/996/1 949/990/1
f 1139/997/1 1132/994/1 1140/991/1
f 1048/998/1 1041/995/1 1049/992/1
f 957/999/1 950/996/1 958/993/1
f 1139/997/1 1133/1000/1 1132/994/1
f 1048/998/1 1042/1001/1 1041/995/1
f 957/999/1 951/1002/1 950/996/1
f 1138/1003/1 1133/1000/1 1139/997/1
f 1047/1004/1 1042/1001/1 1048/998/1
f 956/1005/1 951/1002/1 957/999/1
f 1136/1006/1 1138/1003/1 1137/1007/1
f 1136/1006/1 1133/1000/1 1138/1003/1
f 1136/1006/1 1134/1008/1 1133/1000/1
f 1136/1006/1 1135/1009/1 1134/1008/1
f 1045/1010/1 1047/1004/1 1046/1011/1
f 1045/1010/1 1042/1001/1 1047/1004/1
f 1045/1010/1 1043/1012/1 1042/1001/1
f 1045/1010/1 1044/1013/1 1043/1012/1
f 954/1014/1 956/1005/1 955/1015/1
f 954/1014/1 951/1002/1 956/1005/1
f 954/1014/1 952/1016/1 951/1002/1
f 954/1014/1 953/1017/1 952/1016/1
f 1334/1018/1 1336/1019/1 1335/1020/1
f 1334/1018/1 1337/1021/1 1336/1019/1
f 1333/1022/1 1337/1021/1 1334/1018/1
f 1333/1022/1 1338/1023/1 1337/1021/1
f 1332/1024/1 1338/1023/1 1333/1022/1
f 1332/1024/1 1339/1025/1 1338/1023/1
f 1331/642/1 1339/1025/1 1332/1024/1
f 1331/642/1 1340/1026/1 1339/1025/1
f 1330/1027/1 1340/1026/1 1331/642/1
f 1330/1027/1 1341/1028/1 1340/1026/1
f 1329/1029/1 1341/1028/1 1330/1027/1
f 1329/1029/1 1342/1030/1 1341/1028/1
f 1328/1031/1 1342/1030/1 1329/1029/1
f 1328/1031/1 1343/1032/1 1342/1030/1
f 1327/1033/1 1343/1032/1 1328/1031/1
f 1327/1033/1 1344/1034/1 1343/1032/1
f 1326/1035/1 1344/1034/1 1327/1033/1
f 1326/1035/1 1263/1036/1 1344/1034/1
f 1263/1036/1 1262/1037/1 1344/1034/1
f 1262/1037/1 1345/1038/1 1344/1034/1
f 1326/1035/1 1264/1039/1 1263/1036/1
f 1326/1035/1 1265/1040/1 1264/1039/1
f 1261/1041/1 1345/1038/1 1262/1037/1
f 1325/1042/1 1265/1040/1 1326/1035/1
f 1325/1042/1 1266/1043/1 1265/1040/1
f 1260/1044/1 1345/1038/1 1261/1041/1
f 1325/1042/1 1267/1045/1 1266/1043/1
f 1259/1046/1 1345/1038/1 1260/1044/1
f 1325/1042/1 1268/1047/1 1267/1045/1
f 1258/1048/1 1345/1038/1 1259/1046/1
f 1258/1048/1 1346/1049/1 1345/1038/1
f 1325/1042/1 1269/1050/1 1268/1047/1
f 1257/1051/1 1346/1049/1 1258/1048/1
f 1324/1052/1 1269/1050/1 1325/1042/1
f 1324/1052/1 1270/1053/1 1269/1050/1
f 1256/1054/1 1346/1049/1 1257/1051/1
f 1324/1052/1 1271/1055/1 1270/1053/1
f 1256/1054/1 1347/1056/1 1346/1049/1
f 1255/1057/1 1347/1056/1 1256/1054/1
f 1324/1052/1 1272/1058/1 1271/1055/1
f 1323/1059/1 1272/1058/1 1324/1052/1
f 1254/1060/1 1347/1056/1 1255/1057/1
f 1323/1059/1 1273/1061/1 1272/1058/1
f 1254/1060/1 1348/1062/1 1347/1056/1
f 1253/550/1 1348/1062/1 1254/1060/1
f 1323/1059/1 1274/1063/1 1273/1061/1
f 1322/1064/1 1274/1063/1 1323/1059/1
f 1253/550/1 1349/1065/1 1348/1062/1
f 1252/1066/1 1349/1065/1 1253/550/1
f 1322/1064/1 1275/1067/1 1274/1063/1
f 1321/1068/1 1275/1067/1 1322/1064/1
f 1252/1066/1 1350/1069/1 1349/1065/1
f 1251/1070/1 1350/1069/1 1252/1066/1
f 1321/1068/1 1276/1071/1 1275/1067/1
f 1320/1072/1 1276/1071/1 1321/1068/1
f 1250/1073/1 1350/1069/1 1251/1070/1
f 1250/1073/1 1351/1074/1 1350/1069/1
f 1320/1072/1 1277/1075/1 1276/1071/1
f 1249/1076/1 1351/1074/1 1250/1073/1
f 1320/1072/1 1278/1077/1 1277/1075/1
f 1319/1078/1 1278/1077/1 1320/1072/1
f 1249/1076/1 1352/1079/1 1351/1074/1
f 1319/1078/1 1279/612/1 1278/1077/1
f 1248/1080/1 1352/1079/1 1249/1076/1
f 1318/1081/1 1279/612/1 1319/1078/1
f 1248/1080/1 1353/1082/1 1352/1079/1
f 1318/1081/1 1280/1083/1 1279/612/1
f 1247/1084/1 1353/1082/1 1248/1080/1
f 1317/1085/1 1280/1083/1 1318/1081/1
f 1247/1084/1 1354/1086/1 1353/1082/1
f 1317/1085/1 1281/1087/1 1280/1083/1
f 1316/1088/1 1281/1087/1 1317/1085/1
f 1247/1084/1 1355/1089/1 1354/1086/1
f 1316/1088/1 1282/1090/1 1281/1087/1
f 1246/1091/1 1355/1089/1 1247/1084/1
f 1315/1092/1 1282/1090/1 1316/1088/1
f 1315/1092/1 1283/1093/1 1282/1090/1
f 1246/1091/1 1356/1094/1 1355/1089/1
f 1245/1095/1 1356/1094/1 1246/1091/1
f 1315/1092/1 1284/1096/1 1283/1093/1
f 1314/1097/1 1284/1096/1 1315/1092/1
f 1245/1095/1 1357/582/1 1356/1094/1
f 1314/1097/1 1285/1098/1 1284/1096/1
f 1313/1099/1 1285/1098/1 1314/1097/1
f 1313/1099/1 1286/1100/1 1285/1098/1
f 1244/1101/1 1357/582/1 1245/1095/1
f 1244/1101/1 1358/1102/1 1357/582/1
f 1312/1103/1 1286/1100/1 1313/1099/1
f 1312/1103/1 1287/1104/1 1286/1100/1
f 1244/1101/1 1359/1105/1 1358/1102/1
f 1311/1106/1 1287/1104/1 1312/1103/1
f 1311/1106/1 1288/1107/1 1287/1104/1
f 1243/1108/1 1359/1105/1 1244/1101/1
f 1310/1109/1 1288/1107/1 1311/1106/1
f 1243/1108/1 1360/1110/1 1359/1105/1
f 1310/1109/1 1289/1111/1 1288/1107/1
f 1309/1112/1 1289/1111/1 1310/1109/1
f 1242/1113/1 1360/1110/1 1243/1108/1
f 1309/1112/1 1290/1114/1 1289/1111/1
f 1308/1115/1 1290/1114/1 1309/1112/1
f 1308/1115/1 1291/1116/1 1290/1114/1
f 1307/1117/1 1291/1116/1 1308/1115/1
f 1241/1118/1 1360/1110/1 1242/1113/1
f 1307/1117/1 1292/1119/1 1291/1116/1
f 1306/1120/1 1292/1119/1 1307/1117/1
f 1306/1120/1 1293/1121/1 1292/1119/1
f 1305/666/1 1293/1121/1 1306/1120/1
f 1305/666/1 1294/1122/1 1293/1121/1
f 1304/1123/1 1294/1122/1 1305/666/1
f 1304/1123/1 1295/1124/1 1294/1122/1
f 1240/1125/1 1360/1110/1 1241/1118/1
f 1303/1126/1 1295/1124/1 1304/1123/1
f 1303/1126/1 1296/1127/1 1295/1124/1
f 1302/1128/1 1296/1127/1 1303/1126/1
f 1302/1128/1 1297/1129/1 1296/1127/1
f 1301/1130/1 1297/1129/1 1302/1128/1
f 1301/1130/1 1298/1131/1 1297/1129/1
f 1300/1132/1 1298/1131/1 1301/1130/1
f 1300/1132/1 1299/1133/1 1298/1131/1
f 1239/1134/1 1360/1110/1 1240/1125/1
f 1238/1135/1 1482/1136/1 1239/1134/1
f 1482/1136/1 1360/1110/1 1239/1134/1
f 1237/1137/1 1482/1136/1 1238/1135/1
f 1236/1138/1 1482/1136/1 1237/1137/1
f 1235/1139/1 1482/1136/1 1236/1138/1
f 1234/1140/1 1482/1136/1 1235/1139/1
f 1233/1141/1 1482/1136/1 1234/1140/1
f 1232/1142/1 1482/1136/1 1233/1141/1
f 1231/1143/1 1482/1136/1 1232/1142/1
f 1230/1144/1 1482/1136/1 1231/1143/1
f 1230/1144/1 1483/1145/1 1482/1136/1
f 1481/1146/1 1360/1110/1 1482/1136/1
f 1229/1147/1 1483/1145/1 1230/1144/1
f 1228/1148/1 1483/1145/1 1229/1147/1
f 1228/1148/1 1484/1149/1 1483/1145/1
f 1227/141/1 1484/1149/1 1228/1148/1
f 1227/141/1 1485/1150/1 1484/1149/1
f 1480/1151/1 1485/1150/1 1227/141/1
f 1480/1151/1 1486/1152/1 1485/1150/1
f 1479/1153/1 1486/1152/1 1480/1151/1
f 1479/1153/1 1487/625/1 1486/1152/1
f 1478/1154/1 1487/625/1 1479/1153/1
f 1478/1154/1 1488/1155/1 1487/625/1
f 1478/1154/1 1489/1156/1 1488/1155/1
f 1477/1157/1 1489/1156/1 1478/1154/1
f 1477/1157/1 1490/1158/1 1489/1156/1
f 1476/1159/1 1490/1158/1 1477/1157/1
f 1476/1159/1 1491/1160/1 1490/1158/1
f 1476/1159/1 1492/1161/1 1491/1160/1
f 1475/1162/1 1492/1161/1 1476/1159/1
f 1475/1162/1 1493/1163/1 1492/1161/1
f 1475/1162/1 1494/1164/1 1493/1163/1
f 1474/1165/1 1494/1164/1 1475/1162/1
f 1474/1165/1 1495/1166/1 1494/1164/1
f 1474/1165/1 1496/1167/1 1495/1166/1
f 1473/1168/1 1496/1167/1 1474/1165/1
f 1473/1168/1 1497/1169/1 1496/1167/1
f 1473/1168/1 1498/1170/1 1497/1169/1
f 1472/1171/1 1498/1170/1 1473/1168/1
f 1472/1171/1 1499/1172/1 1498/1170/1
f 1472/1171/1 1500/1173/1 1499/1172/1
f 1471/1174/1 1500/1173/1 1472/1171/1
f 1471/1174/1 1501/1175/1 1500/1173/1
f 1470/1176/1 1501/1175/1 1471/1174/1
f 1470/1176/1 1502/1177/1 1501/1175/1
f 1470/1176/1 1503/1178/1 1502/1177/1
f 1469/1179/1 1503/1178/1 1470/1176/1
f 1469/1179/1 1504/1180/1 1503/1178/1
f 1468/1181/1 1504/1180/1 1469/1179/1
f 1468/1181/1 1505/1182/1 1504/1180/1
f 1468/1181/1 1506/1183/1 1505/1182/1
f 1467/1184/1 1506/1183/1 1468/1181/1
f 1467/1184/1 1507/1185/1 1506/1183/1
f 1467/1184/1 1508/1186/1 1507/1185/1
f 1466/1187/1 1508/1186/1 1467/1184/1
f 1466/1187/1 1509/1188/1 1508/1186/1
f 1465/1189/1 1509/1188/1 1466/1187/1
f 1465/1189/1 1510/1190/1 1509/1188/1
f 1464/1191/1 1510/1190/1 1465/1189/1
f 1464/1191/1 1511/1192/1 1510/1190/1
f 1464/1191/1 1512/1193/1 1511/1192/1
f 1463/1194/1 1512/1193/1 1464/1191/1
f 1463/1194/1 1513/569/1 1512/1193/1
f 1462/1195/1 1513/569/1 1463/1194/1
f 1462/1195/1 1514/1196/1 1513/569/1
f 1461/685/1 1514/1196/1 1462/1195/1
f 1461/685/1 1515/1197/1 1514/1196/1
f 1461/685/1 1516/1198/1 1515/1197/1
f 1460/1199/1 1516/1198/1 1461/685/1
f 1460/1199/1 1517/1200/1 1516/1198/1
f 1459/1201/1 1517/1200/1 1460/1199/1
f 1459/1201/1 1518/1202/1 1517/1200/1
f 1458/1203/1 1518/1202/1 1459/1201/1
f 1458/1203/1 1519/1204/1 1518/1202/1
f 1457/1205/1 1519/1204/1 1458/1203/1
f 1457/1205/1 1520/1206/1 1519/1204/1
f 1456/1207/1 1520/1206/1 1457/1205/1
f 1456/1207/1 1521/1208/1 1520/1206/1
f 1456/1207/1 1522/1209/1 1521/1208/1
f 1455/1210/1 1522/1209/1 1456/1207/1
f 1455/1210/1 1523/1211/1 1522/1209/1
f 1565/140/1 1360/1110/1 1481/1146/1
f 1454/1212/1 1523/1211/1 1455/1210/1
f 1454/1212/1 1524/1213/1 1523/1211/1
f 1564/1214/1 1360/1110/1 1565/140/1
f 1454/1212/1 1525/1215/1 1524/1213/1
f 1453/1216/1 1525/1215/1 1454/1212/1
f 1563/1217/1 1360/1110/1 1564/1214/1
f 1453/1216/1 1526/1218/1 1525/1215/1
f 1562/1219/1 1360/1110/1 1563/1217/1
f 1452/1220/1 1526/1218/1 1453/1216/1
f 1561/1221/1 1360/1110/1 1562/1219/1
f 1452/1220/1 1527/1222/1 1526/1218/1
f 1560/1223/1 1360/1110/1 1561/1221/1
f 1452/1220/1 1528/1224/1 1527/1222/1
f 1451/1225/1 1528/1224/1 1452/1220/1
f 1560/1223/1 1361/1226/1 1360/1110/1
f 1559/1227/1 1361/1226/1 1560/1223/1
f 1451/1225/1 1529/1228/1 1528/1224/1
f 1558/1229/1 1421/1230/1 1559/1227/1
f 1421/1230/1 1361/1226/1 1559/1227/1
f 1421/1230/1 1362/1231/1 1361/1226/1
f 1450/1232/1 1529/1228/1 1451/1225/1
f 1450/1232/1 1530/1233/1 1529/1228/1
f 1558/1229/1 1422/1234/1 1421/1230/1
f 1420/1235/1 1362/1231/1 1421/1230/1
f 1557/1236/1 1422/1234/1 1558/1229/1
f 1450/1232/1 1531/1237/1 1530/1233/1
f 1383/528/1 1385/1238/1 1384/1239/1
f 1420/1235/1 1363/1240/1 1362/1231/1
f 1556/1241/1 1422/1234/1 1557/1236/1
f 1419/1242/1 1363/1240/1 1420/1235/1
f 1449/1243/1 1531/1237/1 1450/1232/1
f 1449/1243/1 1532/1244/1 1531/1237/1
f 1382/1245/1 1385/1238/1 1383/528/1
f 1555/1246/1 1422/1234/1 1556/1241/1
f 1419/1242/1 1364/1247/1 1363/1240/1
f 1555/1246/1 1423/1248/1 1422/1234/1
f 1449/1243/1 1533/1249/1 1532/1244/1
f 1418/1250/1 1364/1247/1 1419/1242/1
f 1448/1251/1 1533/1249/1 1449/1243/1
f 1381/1252/1 1385/1238/1 1382/1245/1
f 1554/1253/1 1423/1248/1 1555/1246/1
f 1418/1250/1 1365/1254/1 1364/1247/1
f 1448/1251/1 1534/1255/1 1533/1249/1
f 1553/1256/1 1423/1248/1 1554/1253/1
f 1380/1257/1 1385/1238/1 1381/1252/1
f 1417/1258/1 1365/1254/1 1418/1250/1
f 1448/1251/1 1535/1259/1 1534/1255/1
f 1552/1260/1 1423/1248/1 1553/1256/1
f 1417/1258/1 1366/1261/1 1365/1254/1
f 1447/1262/1 1535/1259/1 1448/1251/1
f 1379/1263/1 1385/1238/1 1380/1257/1
f 1551/1264/1 1423/1248/1 1552/1260/1
f 1447/1262/1 1536/1265/1 1535/1259/1
f 1379/1263/1 1386/1266/1 1385/1238/1
f 1551/1264/1 1424/1267/1 1423/1248/1
f 1550/1268/1 1424/1267/1 1551/1264/1
f 1416/1269/1 1366/1261/1 1417/1258/1
f 1447/1262/1 1537/1270/1 1536/1265/1
f 1416/1269/1 1367/1271/1 1366/1261/1
f 1378/1272/1 1386/1266/1 1379/1263/1
f 1549/1273/1 1424/1267/1 1550/1268/1
f 1447/1262/1 1538/1274/1 1537/1270/1
f 1548/1275/1 1424/1267/1 1549/1273/1
f 1446/1276/1 1538/1274/1 1447/1262/1
f 1547/1277/1 1424/1267/1 1548/1275/1
f 1377/1278/1 1386/1266/1 1378/1272/1
f 1416/1269/1 1368/1279/1 1367/1271/1
f 1446/1276/1 1539/501/1 1538/1274/1
f 1415/1280/1 1368/1279/1 1416/1269/1
f 1546/1281/1 1424/1267/1 1547/1277/1
f 1446/1276/1 1540/1282/1 1539/501/1
f 1545/1283/1 1424/1267/1 1546/1281/1
f 1376/1284/1 1386/1266/1 1377/1278/1
f 1544/1285/1 1424/1267/1 1545/1283/1
f 1446/1276/1 1541/1286/1 1540/1282/1
f 1415/1280/1 1369/1287/1 1368/1279/1
f 1376/1284/1 1387/1288/1 1386/1266/1
f 1543/1289/1 1424/1267/1 1544/1285/1
f 1446/1276/1 1542/1290/1 1541/1286/1
f 1542/1290/1 1424/1267/1 1543/1289/1
f 1446/1276/1 1424/1267/1 1542/1290/1
f 1375/1291/1 1387/1288/1 1376/1284/1
f 1415/1280/1 1370/1292/1 1369/1287/1
f 1446/1276/1 1425/1293/1 1424/1267/1
f 1414/1294/1 1370/1292/1 1415/1280/1
f 1374/1295/1 1387/1288/1 1375/1291/1
f 1445/1296/1 1425/1293/1 1446/1276/1
f 1414/1294/1 1371/1297/1 1370/1292/1
f 1373/1298/1 1387/1288/1 1374/1295/1
f 1414/1294/1 1372/1299/1 1371/1297/1
f 1372/1299/1 1387/1288/1 1373/1298/1
f 1414/1294/1 1387/1288/1 1372/1299/1
f 1413/1300/1 1387/1288/1 1414/1294/1
f 1413/1300/1 1388/1301/1 1387/1288/1
f 1444/1302/1 1425/1293/1 1445/1296/1
f 1412/1303/1 1388/1301/1 1413/1300/1
f 1444/1302/1 1426/1304/1 1425/1293/1
f 1411/1305/1 1388/1301/1 1412/1303/1
f 1411/1305/1 1389/1306/1 1388/1301/1
f 1443/1307/1 1426/1304/1 1444/1302/1
f 1410/1308/1 1389/1306/1 1411/1305/1
f 1443/1307/1 1427/1309/1 1426/1304/1
f 1442/1310/1 1427/1309/1 1443/1307/1
f 1409/568/1 1389/1306/1 1410/1308/1
f 1409/568/1 1390/1311/1 1389/1306/1
f 1408/1312/1 1390/1311/1 1409/568/1
f 1441/1313/1 1427/1309/1 1442/1310/1
f 1441/1313/1 1428/1314/1 1427/1309/1
f 1407/1315/1 1390/1311/1 1408/1312/1
f 1407/1315/1 1391/1316/1 1390/1311/1
f 1440/1317/1 1428/1314/1 1441/1313/1
f 1406/1318/1 1391/1316/1 1407/1315/1
f 1406/1318/1 1392/1319/1 1391/1316/1
f 1440/1317/1 1429/1320/1 1428/1314/1
f 1405/1321/1 1392/1319/1 1406/1318/1
f 1439/1322/1 1429/1320/1 1440/1317/1
f 1404/1323/1 1392/1319/1 1405/1321/1
f 1404/1323/1 1393/1324/1 1392/1319/1
f 1438/1325/1 1429/1320/1 1439/1322/1
f 1438/1325/1 1430/1326/1 1429/1320/1
f 1403/1327/1 1393/1324/1 1404/1323/1
f 1437/1328/1 1430/1326/1 1438/1325/1
f 1403/1327/1 1394/1329/1 1393/1324/1
f 1402/1330/1 1394/1329/1 1403/1327/1
f 1437/1328/1 1431/1331/1 1430/1326/1
f 1436/1332/1 1431/1331/1 1437/1328/1
f 1401/1333/1 1394/1329/1 1402/1330/1
f 1401/1333/1 1395/1334/1 1394/1329/1
f 1400/1335/1 1395/1334/1 1401/1333/1
f 1435/626/1 1431/1331/1 1436/1332/1
f 1435/626/1 1432/1336/1 1431/1331/1
f 1400/1335/1 1396/131/1 1395/1334/1
f 1399/1337/1 1396/131/1 1400/1335/1
f 1434/1338/1 1432/1336/1 1435/626/1
f 1398/1339/1 1396/131/1 1399/1337/1
f 1434/1338/1 1433/1340/1 1432/1336/1
f 1398/1339/1 1397/1341/1 1396/131/1
f 1650/1342/1 1652/1343/1 1651/797/1
f 1686/1344/1 1688/1345/1 1687/1346/1
f 1650/1342/1 1653/1347/1 1652/1343/1
f 1650/1342/1 1654/1348/1 1653/1347/1
f 1650/1342/1 1655/1349/1 1654/1348/1
f 1649/1350/1 1655/1349/1 1650/1342/1
f 1649/1350/1 1656/1351/1 1655/1349/1
f 1649/1350/1 1657/1352/1 1656/1351/1
f 1649/1350/1 1658/1353/1 1657/1352/1
f 1649/1350/1 1659/1354/1 1658/1353/1
f 1648/1355/1 1659/1354/1 1649/1350/1
f 1648/1355/1 1660/1356/1 1659/1354/1
f 1685/971/1 1688/1345/1 1686/1344/1
f 1648/1355/1 1661/1357/1 1660/1356/1
f 1648/1355/1 1662/1358/1 1661/1357/1
f 1648/1355/1 1663/1359/1 1662/1358/1
f 1647/1360/1 1663/1359/1 1648/1355/1
f 1684/1361/1 1688/1345/1 1685/971/1
f 1647/1360/1 1664/1362/1 1663/1359/1
f 1683/1363/1 1688/1345/1 1684/1361/1
f 1647/1360/1 1665/1364/1 1664/1362/1
f 1646/1365/1 1665/1364/1 1647/1360/1
f 1646/1365/1 1666/1366/1 1665/1364/1
f 1682/1367/1 1688/1345/1 1683/1363/1
f 1646/1365/1 1667/1368/1 1666/1366/1
f 1681/1369/1 1688/1345/1 1682/1367/1
f 1646/1365/1 1668/841/1 1667/1368/1
f 1680/1370/1 1688/1345/1 1681/1369/1
f 1646/1365/1 1669/1371/1 1668/841/1
f 1645/1372/1 1669/1371/1 1646/1365/1
f 1679/1373/1 1688/1345/1 1680/1370/1
f 1645/1372/1 1670/1374/1 1669/1371/1
f 1645/1372/1 1671/1375/1 1670/1374/1
f 1678/1376/1 1688/1345/1 1679/1373/1
f 1645/1372/1 1672/1377/1 1671/1375/1
f 1677/1378/1 1688/1345/1 1678/1376/1
f 1645/1372/1 1673/1379/1 1672/1377/1
f 1676/1380/1 1688/1345/1 1677/1378/1
f 1645/1372/1 1674/1381/1 1673/1379/1
f 1675/1382/1 1688/1345/1 1676/1380/1
f 1645/1372/1 1675/1382/1 1674/1381/1
f 1645/1372/1 1713/1383/1 1675/1382/1
f 1713/1383/1 1712/1384/1 1675/1382/1
f 1712/1384/1 1711/1385/1 1675/1382/1
f 1711/1385/1 1710/1386/1 1675/1382/1
f 1710/1386/1 1709/1387/1 1675/1382/1
f 1709/1387/1 1708/1388/1 1675/1382/1
f 1708/1388/1 1707/1389/1 1675/1382/1
f 1707/1389/1 1706/1390/1 1675/1382/1
f 1706/1390/1 1705/1391/1 1675/1382/1
f 1705/1391/1 1704/1392/1 1675/1382/1
f 1704/1392/1 1703/1393/1 1675/1382/1
f 1703/1393/1 1702/131/1 1675/1382/1
f 1702/131/1 1688/1345/1 1675/1382/1
f 1644/1394/1 1714/1395/1 1645/1372/1
f 1714/1395/1 1713/1383/1 1645/1372/1
f 1644/1394/1 1715/1396/1 1714/1395/1
f 1644/1394/1 1716/1397/1 1715/1396/1
f 1644/1394/1 1717/1398/1 1716/1397/1
f 1644/1394/1 1718/1399/1 1717/1398/1
f 1643/1400/1 1718/1399/1 1644/1394/1
f 1643/1400/1 1719/830/1 1718/1399/1
f 1643/1400/1 1720/1401/1 1719/830/1
f 1642/1402/1 1720/1401/1 1643/1400/1
f 1642/1402/1 1721/1403/1 1720/1401/1
f 1641/1404/1 1721/1403/1 1642/1402/1
f 1641/1404/1 1722/1405/1 1721/1403/1
f 1641/1404/1 1723/1406/1 1722/1405/1
f 1640/1407/1 1723/1406/1 1641/1404/1
f 1640/1407/1 1724/1408/1 1723/1406/1
f 1701/1409/1 1688/1345/1 1702/131/1
f 1639/1410/1 1724/1408/1 1640/1407/1
f 1639/1410/1 1725/1411/1 1724/1408/1
f 1700/1412/1 1688/1345/1 1701/1409/1
f 1699/1413/1 1688/1345/1 1700/1412/1
f 1639/1410/1 1726/1414/1 1725/1411/1
f 1638/1415/1 1726/1414/1 1639/1410/1
f 1698/1416/1 1688/1345/1 1699/1413/1
f 1697/1417/1 1688/1345/1 1698/1416/1
f 1638/1415/1 1727/1418/1 1726/1414/1
f 1696/1419/1 1688/1345/1 1697/1417/1
f 1637/1420/1 1727/1418/1 1638/1415/1
f 1695/1421/1 1688/1345/1 1696/1419/1
f 1637/1420/1 1728/1422/1 1727/1418/1
f 1694/1423/1 1688/1345/1 1695/1421/1
f 1636/1424/1 1728/1422/1 1637/1420/1
f 1693/1425/1 1688/1345/1 1694/1423/1
f 1636/1424/1 1729/1426/1 1728/1422/1
f 1692/1427/1 1688/1345/1 1693/1425/1
f 1635/1428/1 1729/1426/1 1636/1424/1
f 1691/1429/1 1688/1345/1 1692/1427/1
f 1635/1428/1 1730/1430/1 1729/1426/1
f 1690/1431/1 1688/1345/1 1691/1429/1
f 1634/898/1 1730/1430/1 1635/1428/1
f 1689/1432/1 1688/1345/1 1690/1431/1
f 1634/898/1 1731/1433/1 1730/1430/1
f 1633/1434/1 1731/1433/1 1634/898/1
f 1633/1434/1 1732/1435/1 1731/1433/1
f 1632/1436/1 1732/1435/1 1633/1434/1
f 1632/1436/1 1733/1437/1 1732/1435/1
f 1631/1438/1 1733/1437/1 1632/1436/1
f 1631/1438/1 1734/1439/1 1733/1437/1
f 1630/1440/1 1734/1439/1 1631/1438/1
f 1630/1440/1 1735/1441/1 1734/1439/1
f 1629/1442/1 1735/1441/1 1630/1440/1
f 1628/1443/1 1735/1441/1 1629/1442/1
f 1628/1443/1 1736/779/1 1735/1441/1
f 1627/1444/1 1736/779/1 1628/1443/1
f 1627/1444/1 1737/1445/1 1736/779/1
f 1626/1446/1 1737/1445/1 1627/1444/1
f 1626/1446/1 1738/1447/1 1737/1445/1
f 1625/1448/1 1738/1447/1 1626/1446/1
f 1811/1449/1 1813/1450/1 1812/1451/1
f 1811/1449/1 1814/1452/1 1813/1450/1
f 1625/1448/1 1739/1453/1 1738/1447/1
f 1624/1454/1 1739/1453/1 1625/1448/1
f 1624/1454/1 1740/1455/1 1739/1453/1
f 1810/1456/4 1814/1452/4 1811/1449/4
f 1809/1457/1 1815/1458/1 1810/1456/1
f 1815/1458/1 1814/1452/1 1810/1456/1
f 1809/1457/1 1816/1459/1 1815/1458/1
f 1808/1460/1 1816/1459/1 1809/1457/1
f 1808/1460/1 1817/1461/1 1816/1459/1
f 1807/1462/1 1817/1461/1 1808/1460/1
f 1807/1462/1 1818/1463/1 1817/1461/1
f 1806/1464/1 1818/1463/1 1807/1462/1
f 1806/1464/1 1819/1465/1 1818/1463/1
f 1805/1466/1 1819/1465/1 1806/1464/1
f 1805/1466/1 1820/1467/1 1819/1465/1
f 1804/705/1 1820/1467/1 1805/1466/1
f 1804/705/1 1821/790/1 1820/1467/1
f 1803/1468/1 1821/790/1 1804/705/1
f 1803/1468/1 1822/1469/1 1821/790/1
f 1802/1470/1 1822/1469/1 1803/1468/1
f 1802/1470/1 1823/1471/1 1822/1469/1
f 1801/1472/1 1823/1471/1 1802/1470/1
f 1801/1472/1 1824/1473/1 1823/1471/1
f 1800/1474/1 1824/1473/1 1801/1472/1
f 1800/1474/1 1825/1475/1 1824/1473/1
f 1623/1476/1 1740/1455/1 1624/1454/1
f 1799/1477/1 1825/1475/1 1800/1474/1
f 1799/1477/1 1826/1478/1 1825/1475/1
f 1798/1479/1 1826/1478/1 1799/1477/1
f 1798/1479/1 1827/1480/1 1826/1478/1
f 1797/1481/1 1827/1480/1 1798/1479/1
f 1797/1481/1 1828/1482/1 1827/1480/1
f 1796/1483/1 1828/1482/1 1797/1481/1
f 1796/1483/1 1829/1484/1 1828/1482/1
f 1795/1485/1 1829/1484/1 1796/1483/1
f 1795/1485/1 1830/1486/1 1829/1484/1
f 1623/1476/1 1741/1487/1 1740/1455/1
f 1794/1488/1 1830/1486/1 1795/1485/1
f 1794/1488/1 1831/1489/1 1830/1486/1
f 1793/1490/1 1831/1489/1 1794/1488/1
f 1793/1490/1 1832/1491/1 1831/1489/1
f 1622/1492/1 1741/1487/1 1623/1476/1
f 1792/1493/1 1832/1491/1 1793/1490/1
f 1792/1493/1 1833/1494/1 1832/1491/1
f 1791/1495/1 1833/1494/1 1792/1493/1
f 1791/1495/1 1834/1496/1 1833/1494/1
f 1790/1497/1 1834/1496/1 1791/1495/1
f 1790/1497/1 1835/1498/1 1834/1496/1
f 1622/1492/1 1742/1499/1 1741/1487/1
f 1789/1500/1 1835/1498/1 1790/1497/1
f 1789/1500/1 1836/1501/1 1835/1498/1
f 1788/1502/1 1836/1501/1 1789/1500/1
f 1788/1502/1 1837/1503/1 1836/1501/1
f 1621/1504/1 1742/1499/1 1622/1492/1
f 1787/832/1 1837/1503/1 1788/1502/1
f 1787/832/1 1838/140/1 1837/1503/1
f 1786/1505/1 1838/140/1 1787/832/1
f 1786/1505/1 1566/141/1 1838/140/1
f 1621/1504/1 1743/1506/1 1742/1499/1
f 1785/1507/1 1566/141/1 1786/1505/1
f 1785/1507/1 1567/1508/1 1566/141/1
f 1620/1509/1 1743/1506/1 1621/1504/1
f 1620/1509/1 1744/1510/1 1743/1506/1
f 1619/1511/1 1744/1510/1 1620/1509/1
f 1619/1511/1 1745/1512/1 1744/1510/1
f 1618/1513/1 1745/1512/1 1619/1511/1
f 1618/1513/1 1746/1514/1 1745/1512/1
f 1617/1017/1 1746/1514/1 1618/1513/1
f 1617/1017/1 1747/1515/1 1746/1514/1
f 1616/1516/1 1747/1515/1 1617/1017/1
f 1784/1517/1 1567/1508/1 1785/1507/1
f 1616/1516/1 1748/1518/1 1747/1515/1
f 1783/1519/1 1567/1508/1 1784/1517/1
f 1615/1520/1 1748/1518/1 1616/1516/1
f 1782/1521/1 1567/1508/1 1783/1519/1
f 1781/1522/1 1567/1508/1 1782/1521/1
f 1615/1520/1 1749/1523/1 1748/1518/1
f 1780/1524/1 1567/1508/1 1781/1522/1
f 1614/1525/1 1749/1523/1 1615/1520/1
f 1779/1526/1 1567/1508/1 1780/1524/1
f 1614/1525/1 1750/1527/1 1749/1523/1
f 1778/1528/1 1567/1508/1 1779/1526/1
f 1613/1529/1 1750/1527/1 1614/1525/1
f 1777/1530/1 1567/1508/1 1778/1528/1
f 1613/1529/1 1751/1531/1 1750/1527/1
f 1776/1532/1 1568/1533/1 1777/1530/1
f 1568/1533/1 1567/1508/1 1777/1530/1
f 1613/1529/1 1752/1534/1 1751/1531/1
f 1775/1535/1 1570/1536/1 1776/1532/1
f 1570/1536/1 1569/1537/1 1776/1532/1
f 1569/1537/1 1568/1533/1 1776/1532/1
f 1612/1538/1 1752/1534/1 1613/1529/1
f 1774/1539/1 1572/1540/1 1775/1535/1
f 1572/1540/1 1571/1541/1 1775/1535/1
f 1571/1541/1 1570/1536/1 1775/1535/1
f 1612/1538/1 1753/929/1 1752/1534/1
f 1773/1542/1 1574/1543/1 1774/1539/1
f 1574/1543/1 1573/1544/1 1774/1539/1
f 1573/1544/1 1572/1540/1 1774/1539/1
f 1611/1545/1 1753/929/1 1612/1538/1
f 1611/1545/1 1754/1546/1 1753/929/1
f 1772/1547/1 1576/1548/1 1773/1542/1
f 1576/1548/1 1575/1549/1 1773/1542/1
f 1575/1549/1 1574/1543/1 1773/1542/1
f 1771/1550/1 1578/1551/1 1772/1547/1
f 1578/1551/1 1577/1552/1 1772/1547/1
f 1577/1552/1 1576/1548/1 1772/1547/1
f 1611/1545/1 1755/1553/1 1754/1546/1
f 1770/979/1 1579/1554/1 1771/1550/1
f 1579/1554/1 1578/1551/1 1771/1550/1
f 1610/1555/1 1755/1553/1 1611/1545/1
f 1610/1555/1 1756/1556/1 1755/1553/1
f 1770/979/1 1580/1557/1 1579/1554/1
f 1770/979/1 1581/1558/1 1580/1557/1
f 1769/1559/1 1581/1558/1 1770/979/1
f 1769/1559/1 1582/1560/1 1581/1558/1
f 1769/1559/1 1583/737/1 1582/1560/1
f 1769/1559/1 1584/1561/1 1583/737/1
f 1768/1562/1 1584/1561/1 1769/1559/1
f 1768/1562/1 1585/1563/1 1584/1561/1
f 1610/1555/1 1757/1564/1 1756/1556/1
f 1768/1562/1 1586/1565/1 1585/1563/1
f 1767/1566/1 1586/1565/1 1768/1562/1
f 1767/1566/1 1587/1567/1 1586/1565/1
f 1610/1555/1 1758/1568/1 1757/1564/1
f 1609/1569/1 1758/1568/1 1610/1555/1
f 1766/1570/1 1587/1567/1 1767/1566/1
f 1766/1570/1 1588/1571/1 1587/1567/1
f 1765/1572/1 1588/1571/1 1766/1570/1
f 1609/1569/1 1759/1573/1 1758/1568/1
f 1764/1574/1 1588/1571/1 1765/1572/1
f 1764/1574/1 1589/1575/1 1588/1571/1
f 1609/1569/1 1760/1576/1 1759/1573/1
f 1763/1577/1 1589/1575/1 1764/1574/1
f 1762/1578/1 1589/1575/1 1763/1577/1
f 1609/1569/1 1761/1579/1 1760/1576/1
f 1761/1579/1 1589/1575/1 1762/1578/1
f 1609/1569/1 1589/1575/1 1761/1579/1
f 1609/1569/1 1590/1580/1 1589/1575/1
f 1608/1581/1 1590/1580/1 1609/1569/1
f 1608/1581/1 1591/1582/1 1590/1580/1
f 1608/1581/1 1592/1583/1 1591/1582/1
f 1607/1584/1 1592/1583/1 1608/1581/1
f 1607/1584/1 1593/1585/1 1592/1583/1
f 1607/1584/1 1594/1586/1 1593/1585/1
f 1606/1587/1 1594/1586/1 1607/1584/1
f 1606/1587/1 1595/1588/1 1594/1586/1
f 1606/1587/1 1596/1589/1 1595/1588/1
f 1606/1587/1 1597/1590/1 1596/1589/1
f 1605/1591/1 1597/1590/1 1606/1587/1
f 1605/1591/1 1598/1592/1 1597/1590/1
f 1605/1591/1 1599/1593/1 1598/1592/1
f 1604/1594/1 1599/1593/1 1605/1591/1
f 1604/1594/1 1600/889/1 1599/1593/1
f 1604/1594/1 1601/1595/1 1600/889/1
f 1603/1596/1 1601/1595/1 1604/1594/1
f 1603/1596/1 1602/1597/1 1601/1595/1
f 1980/1/4 1981/3/4 1982/2/4
f 2005/4/4 2006/6/4 2007/5/4
f 2005/4/4 2007/5/4 2008/7/4
f 2004/8/4 2005/4/4 2008/7/4
f 2004/8/4 2008/7/4 2009/9/4
f 2004/8/4 2009/9/4 2010/10/4
f 1979/11/4 1980/1/4 1982/2/4
f 2003/12/4 2004/8/4 2010/10/4
f 2003/12/4 2010/10/4 2011/13/4
f 2002/14/4 2003/12/4 2011/13/4
f 2002/14/4 2011/13/4 2012/15/4
f 2002/14/4 2012/15/4 2013/16/4
f 2001/17/4 2002/14/4 2013/16/4
f 2001/17/4 2013/16/4 2014/18/4
f 1978/19/4 1979/11/4 1982/2/4
f 2001/17/4 2014/18/4 2015/20/4
f 2000/21/4 2001/17/4 2015/20/4
f 2000/21/4 2015/20/4 2016/22/4
f 1977/23/4 1978/19/4 1982/2/4
f 1999/24/4 2000/21/4 2016/22/4
f 1999/24/4 2016/22/4 2017/25/4
f 1999/24/4 2017/25/4 2018/26/4
f 1976/27/4 1977/23/4 1982/2/4
f 1998/28/4 1999/24/4 2018/26/4
f 1998/28/4 2018/26/4 2019/29/4
f 1975/30/4 1976/27/4 1982/2/4
f 1998/28/4 2019/29/4 2020/31/4
f 1997/32/4 1998/28/4 2020/31/4
f 1974/33/4 1975/30/4 1982/2/4
f 1997/32/4 2020/31/4 2021/34/4
f 1973/35/4 1974/33/4 1982/2/4
f 1997/32/4 2021/34/4 2022/36/4
f 1972/37/4 1973/35/4 1982/2/4
f 1996/38/4 1997/32/4 2022/36/4
f 1971/39/4 1972/37/4 1982/2/4
f 1970/40/4 1971/39/4 1982/2/4
f 1996/38/4 2022/36/4 2023/41/4
f 1969/42/4 1970/40/4 1982/2/4
f 1967/43/4 1968/44/4 1969/42/4
f 1967/43/4 1969/42/4 1966/45/4
f 1966/45/4 1969/42/4 1965/46/4
f 1965/46/4 1969/42/4 1964/47/4
f 1964/47/4 1969/42/4 1963/48/4
f 1963/48/4 1969/42/4 1962/49/4
f 1962/49/4 1969/42/4 1961/50/4
f 1961/50/4 1969/42/4 1960/51/4
f 1960/51/4 1969/42/4 1959/52/4
f 1959/52/4 1969/42/4 1958/53/4
f 1958/53/4 1969/42/4 1957/54/4
f 1957/54/4 1969/42/4 1956/55/4
f 1956/55/4 1969/42/4 1982/2/4
f 1996/38/4 2023/41/4 2024/56/4
f 1995/57/4 1996/38/4 2024/56/4
f 1995/57/4 2024/56/4 2025/58/4
f 1995/57/4 2025/58/4 2026/59/4
f 1994/60/4 1995/57/4 2026/59/4
f 1994/60/4 2026/59/4 2027/61/4
f 1994/60/4 2027/61/4 2028/62/4
f 1993/63/4 1994/60/4 2028/62/4
f 1993/63/4 2028/62/4 2029/64/4
f 1992/65/4 1993/63/4 2029/64/4
f 1992/65/4 2029/64/4 2030/66/4
f 1991/67/4 1992/65/4 2030/66/4
f 1991/67/4 2030/66/4 2031/68/4
f 1991/67/4 2031/68/4 2032/69/4
f 1990/70/4 1991/67/4 2032/69/4
f 1990/70/4 2032/69/4 2033/71/4
f 1990/70/4 2033/71/4 2034/72/4
f 1989/73/4 1990/70/4 2034/72/4
f 1955/74/4 1956/55/4 1982/2/4
f 1989/73/4 2034/72/4 2035/75/4
f 1954/76/4 1955/74/4 1982/2/4
f 1989/73/4 2035/75/4 2036/77/4
f 1988/78/4 1989/73/4 1863/79/4
f 1863/79/4 1989/73/4 2036/77/4
f 1953/80/4 1954/76/4 1982/2/4
f 1863/79/4 2036/77/4 2037/81/4
f 1952/82/4 1953/80/4 1982/2/4
f 1988/78/4 1863/79/4 1864/83/4
f 1862/84/4 1863/79/4 2037/81/4
f 1861/85/4 1862/84/4 2037/81/4
f 1988/78/4 1864/83/4 1865/86/4
f 1860/87/4 1861/85/4 2037/81/4
f 1860/87/4 2037/81/4 2038/88/4
f 1859/89/4 1860/87/4 2038/88/4
f 1988/78/4 1865/86/4 1866/90/4
f 1858/91/4 1859/89/4 2038/88/4
f 1951/92/4 1952/82/4 1982/2/4
f 1987/93/4 1988/78/4 1866/90/4
f 1857/94/4 1858/91/4 2038/88/4
f 1987/93/4 1866/90/4 1867/95/4
f 1856/96/4 1857/94/4 2038/88/4
f 1856/96/4 2038/88/4 2039/97/4
f 1855/98/4 1856/96/4 2039/97/4
f 1987/93/4 1867/95/4 1868/99/4
f 1950/100/4 1951/92/4 1982/2/4
f 1854/101/4 1855/98/4 2039/97/4
f 1854/101/4 2039/97/4 2040/102/4
f 1853/103/4 1854/101/4 2040/102/4
f 1987/93/4 1868/99/4 1869/104/4
f 1853/103/4 2040/102/4 2041/105/4
f 1852/106/4 1853/103/4 2041/105/4
f 1949/107/4 1950/100/4 1982/2/4
f 1986/108/4 1987/93/4 1869/104/4
f 1852/106/4 2041/105/4 2042/109/4
f 1986/108/4 1869/104/4 1870/110/4
f 1851/111/4 1852/106/4 2042/109/4
f 1850/112/4 1851/111/4 2042/109/4
f 1850/112/4 2042/109/4 2043/113/4
f 1948/114/4 1949/107/4 1982/2/4
f 1986/108/4 1870/110/4 1871/115/4
f 1849/116/4 1850/112/4 2043/113/4
f 1849/116/4 2043/113/4 2044/117/4
f 1848/118/4 1849/116/4 2044/117/4
f 1848/118/4 2044/117/4 2045/119/4
f 1985/120/4 1986/108/4 1871/115/4
f 1947/121/4 1948/114/4 1982/2/4
f 1847/122/4 1848/118/4 2045/119/4
f 1847/122/4 2045/119/4 2046/123/4
f 1985/120/4 1871/115/4 1872/124/4
f 1846/125/4 1847/122/4 2046/123/4
f 1846/125/4 2046/123/4 2047/126/4
f 1845/127/4 1846/125/4 2047/126/4
f 1845/127/4 2047/126/4 2048/128/4
f 1844/129/4 1845/127/4 2048/128/4
f 1844/129/4 2048/128/4 2049/130/4
f 1946/131/4 1947/121/4 1982/2/4
f 1843/132/4 1844/129/4 2049/130/4
f 1843/132/4 2049/130/4 2050/133/4
f 1985/120/4 1872/124/4 1873/134/4
f 1842/135/4 1843/132/4 2050/133/4
f 1842/135/4 2050/133/4 2051/136/4
f 1841/137/4 1842/135/4 2051/136/4
f 1841/137/4 2051/136/4 2052/138/4
f 1840/139/4 1841/137/4 2052/138/4
f 1840/139/4 2052/138/4 2053/140/4
f 1839/141/4 1840/139/4 2053/140/4
f 1984/142/4 1985/120/4 1873/134/4
f 1945/143/4 1946/131/4 1982/2/4
f 1984/142/4 1873/134/4 1874/144/4
f 1944/145/4 1945/143/4 1982/2/4
f 1983/146/4 1984/142/4 1874/144/4
f 1983/146/4 1874/144/4 1875/147/4
f 1943/148/4 1944/145/4 1982/2/4
f 1983/146/4 1875/147/4 1876/149/4
f 1942/150/4 1943/148/4 1982/2/4
f 1982/2/4 1983/146/4 1876/149/4
f 1982/2/4 1876/149/4 1877/151/4
f 1941/152/4 1942/150/4 1982/2/4
f 1941/152/4 1982/2/4 1882/153/4
f 1882/153/4 1982/2/4 1881/154/4
f 1881/154/4 1982/2/4 1880/155/4
f 1880/155/4 1982/2/4 1879/156/4
f 1879/156/4 1982/2/4 1878/157/4
f 1878/157/4 1982/2/4 1877/151/4
f 1941/152/5 1882/153/5 1883/158/5
f 1941/152/6 1883/158/6 1884/159/6
f 1941/152/4 1884/159/4 1885/160/4
f 1941/152/4 1885/160/4 1886/161/4
f 1941/152/4 1886/161/4 1887/162/4
f 1941/152/4 1887/162/4 1888/163/4
f 1940/164/4 1941/152/4 1888/163/4
f 1940/164/4 1888/163/4 1889/165/4
f 1940/164/4 1889/165/4 1890/166/4
f 1939/167/4 1940/164/4 1890/166/4
f 1939/167/4 1890/166/4 1891/168/4
f 1938/169/4 1939/167/4 1891/168/4
f 1938/169/4 1891/168/4 1892/170/4
f 1937/171/4 1938/169/4 1892/170/4
f 1937/171/4 1892/170/4 1893/172/4
f 1936/173/4 1937/171/4 1893/172/4
f 1936/173/4 1893/172/4 1894/174/4
f 1935/175/4 1936/173/4 1894/174/4
f 1935/175/4 1894/174/4 1895/176/4
f 1934/177/4 1935/175/4 1895/176/4
f 1934/177/4 1895/176/4 1896/178/4
f 1933/179/4 1934/177/4 1896/178/4
f 1933/179/4 1896/178/4 1897/180/4
f 1932/181/4 1933/179/4 1897/180/4
f 1932/181/4 1897/180/4 1898/182/4
f 1931/183/4 1932/181/4 1898/182/4
f 1931/183/4 1898/182/4 1899/184/4
f 1930/185/4 1931/183/4 1899/184/4
f 1930/185/4 1899/184/4 1900/186/4
f 1929/187/4 1930/185/4 1900/186/4
f 1928/188/4 1929/187/4 1900/186/4
f 1928/188/4 1900/186/4 1901/189/4
f 1928/188/4 1901/189/4 1902/190/4
f 1927/191/4 1928/188/4 1902/190/4
f 1927/191/4 1902/190/4 1903/192/4
f 1926/193/4 1927/191/4 1903/192/4
f 1926/193/4 1903/192/4 1904/194/4
f 1925/195/4 1926/193/4 1904/194/4
f 1925/195/4 1904/194/4 1905/196/4
f 1924/197/4 1925/195/4 1905/196/4
f 1924/197/4 1905/196/4 1906/198/4
f 1923/199/4 1924/197/4 1906/198/4
f 1923/199/4 1906/198/4 1907/200/4
f 1922/201/4 1923/199/4 1907/200/4
f 1922/201/4 1907/200/4 1908/202/4
f 1921/203/4 1922/201/4 1908/202/4
f 1921/203/4 1908/202/4 1909/204/4
f 1920/205/4 1921/203/4 1909/204/4
f 1920/205/4 1909/204/4 1910/206/4
f 1919/207/4 1920/205/4 1910/206/4
f 1919/207/4 1910/206/4 1911/208/4
f 1918/209/4 1919/207/4 1911/208/4
f 1918/209/4 1911/208/4 1912/210/4
f 1917/211/4 1918/209/4 1912/210/4
f 1915/212/4 1916/213/4 1917/211/4
f 1915/212/4 1917/211/4 1912/210/4
f 1915/212/4 1912/210/4 1913/214/4
f 1915/212/4 1913/214/4 1914/215/4
f 2126/216/4 2127/218/4 2128/217/4
f 2126/216/4 2128/217/4 2129/219/4
f 2125/220/4 2126/216/4 2129/219/4
f 2125/220/4 2129/219/4 2130/221/4
f 2124/222/4 2125/220/4 2130/221/4
f 2124/222/4 2130/221/4 2131/223/4
f 2123/224/4 2124/222/4 2131/223/4
f 2123/224/4 2131/223/4 2132/225/4
f 2122/226/4 2123/224/4 2132/225/4
f 2122/226/4 2132/225/4 2133/227/4
f 2121/228/4 2122/226/4 2133/227/4
f 2121/228/4 2133/227/4 2134/229/4
f 2120/230/4 2121/228/4 2134/229/4
f 2120/230/4 2134/229/4 2135/231/4
f 2119/232/4 2120/230/4 2135/231/4
f 2119/232/4 2135/231/4 2225/233/4
f 2225/233/4 2135/231/4 2136/234/4
f 2119/232/4 2225/233/4 2226/235/4
f 2224/236/4 2225/233/4 2136/234/4
f 2119/232/4 2226/235/4 2227/237/4
f 2223/238/4 2224/236/4 2136/234/4
f 2118/239/4 2119/232/4 2227/237/4
f 2118/239/4 2227/237/4 2228/240/4
f 2222/241/4 2223/238/4 2136/234/4
f 2118/239/4 2228/240/4 2229/242/4
f 2221/243/4 2222/241/4 2136/234/4
f 2221/243/4 2136/234/4 2137/244/4
f 2118/239/4 2229/242/4 2230/245/4
f 2220/246/4 2221/243/4 2137/244/4
f 2118/239/4 2230/245/4 2231/247/4
f 2219/248/4 2220/246/4 2137/244/4
f 2117/249/4 2118/239/4 2231/247/4
f 2219/248/4 2137/244/4 2138/250/4
f 2117/249/4 2231/247/4 2232/251/4
f 2218/252/4 2219/248/4 2138/250/4
f 2117/249/4 2232/251/4 2233/253/4
f 2217/254/4 2218/252/4 2138/250/4
f 2116/255/4 2117/249/4 2233/253/4
f 2217/254/4 2138/250/4 2139/256/4
f 2116/255/4 2233/253/4 2234/257/4
f 2216/258/4 2217/254/4 2139/256/4
f 2116/255/4 2234/257/4 2235/259/4
f 2215/260/4 2216/258/4 2139/256/4
f 2115/261/4 2116/255/4 2235/259/4
f 2215/260/4 2139/256/4 2140/262/4
f 2115/261/4 2235/259/4 2236/263/4
f 2214/264/4 2215/260/4 2140/262/4
f 2114/265/4 2115/261/4 2236/263/4
f 2114/265/4 2236/263/4 2237/266/4
f 2213/267/4 2214/264/4 2140/262/4
f 2213/267/4 2140/262/4 2141/268/4
f 2114/265/4 2237/266/4 2238/269/4
f 2212/270/4 2213/267/4 2141/268/4
f 2212/270/4 2141/268/4 2142/271/4
f 2113/272/4 2114/265/4 2238/269/4
f 2211/273/4 2212/270/4 2142/271/4
f 2113/272/4 2238/269/4 2239/274/4
f 2210/275/4 2211/273/4 2142/271/4
f 2113/272/4 2239/274/4 2240/276/4
f 2210/275/4 2142/271/4 2143/277/4
f 2112/278/4 2113/272/4 2240/276/4
f 2209/279/4 2210/275/4 2143/277/4
f 2112/278/4 2240/276/4 2241/280/4
f 2209/279/4 2143/277/4 2144/281/4
f 2208/282/4 2209/279/4 2144/281/4
f 2112/278/4 2241/280/4 2242/283/4
f 2111/284/4 2112/278/4 2242/283/4
f 2207/285/4 2208/282/4 2144/281/4
f 2111/284/4 2242/283/4 2243/286/4
f 2207/285/4 2144/281/4 2145/287/4
f 2110/288/4 2111/284/4 2243/286/4
f 2206/289/4 2207/285/4 2145/287/4
f 2110/288/4 2243/286/4 2244/290/4
f 2206/289/4 2145/287/4 2146/291/4
f 2109/292/4 2110/288/4 2244/290/4
f 2205/293/4 2206/289/4 2146/291/4
f 2109/292/4 2244/290/4 2245/294/4
f 2205/293/4 2146/291/4 2147/295/4
f 2204/296/4 2205/293/4 2147/295/4
f 2109/292/4 2245/294/4 2246/297/4
f 2108/298/4 2109/292/4 2246/297/4
f 2203/299/4 2204/296/4 2147/295/4
f 2203/299/4 2147/295/4 2148/300/4
f 2108/298/4 2246/297/4 2247/301/4
f 2107/302/4 2108/298/4 2247/301/4
f 2202/303/4 2203/299/4 2148/300/4
f 2107/302/4 2247/301/4 2248/140/4
f 2202/303/4 2148/300/4 2149/304/4
f 2106/305/4 2107/302/4 2248/140/4
f 2201/306/4 2202/303/4 2149/304/4
f 2106/305/4 2248/140/4 2200/307/4
f 2201/306/4 2149/304/4 2150/308/4
f 2105/309/4 2106/305/4 2200/307/4
f 2105/309/4 2200/307/4 2201/306/4
f 2105/309/4 2201/306/4 2150/308/4
f 2105/309/4 2150/308/4 2151/131/4
f 2104/310/4 2105/309/4 2151/131/4
f 2103/311/4 2104/310/4 2152/312/4
f 2152/312/4 2104/310/4 2151/131/4
f 2103/311/4 2152/312/4 2153/313/4
f 2102/314/4 2103/311/4 2153/313/4
f 2102/314/4 2153/313/4 2154/315/4
f 2101/316/4 2102/314/4 2154/315/4
f 2101/316/4 2154/315/4 2155/317/4
f 2100/318/4 2101/316/4 2155/317/4
f 2100/318/4 2155/317/4 2156/319/4
f 2099/320/4 2100/318/4 2156/319/4
f 2099/320/4 2156/319/4 2157/321/4
f 2098/322/4 2099/320/4 2157/321/4
f 2098/322/4 2157/321/4 2158/323/4
f 2097/324/4 2098/322/4 2158/323/4
f 2199/325/4 2054/141/4 2055/326/4
f 2097/324/4 2158/323/4 2159/327/4
f 2198/328/4 2199/325/4 2055/326/4
f 2096/329/4 2097/324/4 2159/327/4
f 2096/329/4 2159/327/4 2160/330/4
f 2198/328/4 2055/326/4 2056/331/4
f 2197/332/4 2198/328/4 2056/331/4
f 2095/333/4 2096/329/4 2160/330/4
f 2095/333/4 2160/330/4 2161/334/4
f 2196/335/4 2197/332/4 2056/331/4
f 2196/335/4 2056/331/4 2057/336/4
f 2195/337/4 2196/335/4 2057/336/4
f 2095/333/4 2161/334/4 2162/338/4
f 2195/337/4 2057/336/4 2058/339/4
f 2094/340/4 2095/333/4 2162/338/4
f 2194/341/4 2195/337/4 2058/339/4
f 2094/340/4 2162/338/4 2163/342/4
f 2194/341/4 2058/339/4 2059/343/4
f 2193/344/4 2194/341/4 2059/343/4
f 2093/345/4 2094/340/4 2163/342/4
f 2093/345/4 2163/342/4 2164/346/4
f 2192/347/4 2193/344/4 2059/343/4
f 2192/347/4 2059/343/4 2060/348/4
f 2093/345/4 2164/346/4 2165/349/4
f 2191/350/4 2192/347/4 2060/348/4
f 2092/351/4 2093/345/4 2165/349/4
f 2191/350/4 2060/348/4 2061/352/4
f 2190/353/4 2191/350/4 2061/352/4
f 2092/351/4 2165/349/4 2166/354/4
f 2189/355/4 2190/353/4 2061/352/4
f 2189/355/4 2061/352/4 2062/356/4
f 2091/357/4 2092/351/4 2166/354/4
f 2091/357/4 2166/354/4 2167/358/4
f 2188/359/4 2189/355/4 2062/356/4
f 2187/360/4 2188/359/4 2062/356/4
f 2091/357/4 2167/358/4 2168/361/4
f 2187/360/4 2062/356/4 2063/362/4
f 2090/363/4 2091/357/4 2168/361/4
f 2186/364/4 2187/360/4 2063/362/4
f 2090/363/4 2168/361/4 2169/365/4
f 2185/366/4 2186/364/4 2063/362/4
f 2185/366/4 2063/362/4 2064/367/4
f 2090/363/4 2169/365/4 2170/368/4
f 2184/369/4 2185/366/4 2064/367/4
f 2089/370/4 2090/363/4 2170/368/4
f 2183/371/4 2184/369/4 2064/367/4
f 2089/370/4 2170/368/4 2171/372/4
f 2183/371/4 2064/367/4 2065/373/4
f 2182/374/4 2183/371/4 2065/373/4
f 2089/370/4 2171/372/4 2172/375/4
f 2181/376/4 2182/374/4 2065/373/4
f 2089/370/4 2172/375/4 2173/377/4
f 2180/378/4 2181/376/4 2065/373/4
f 2180/378/4 2065/373/4 2066/379/4
f 2088/380/4 2089/370/4 2173/377/4
f 2179/381/4 2180/378/4 2066/379/4
f 2088/380/4 2173/377/4 2174/382/4
f 2178/383/4 2179/381/4 2066/379/4
f 2088/380/4 2174/382/4 2175/384/4
f 2177/385/4 2178/383/4 2066/379/4
f 2088/380/4 2175/384/4 2176/386/4
f 2176/386/4 2177/385/4 2066/379/4
f 2088/380/4 2176/386/4 2066/379/4
f 2088/380/4 2066/379/4 2067/387/4
f 2087/388/4 2088/380/4 2067/387/4
f 2087/388/4 2067/387/4 2068/389/4
f 2086/390/4 2087/388/4 2068/389/4
f 2086/390/4 2068/389/4 2069/391/4
f 2086/390/4 2069/391/4 2070/392/4
f 2085/393/4 2086/390/4 2070/392/4
f 2085/393/4 2070/392/4 2071/394/4
f 2084/395/4 2085/393/4 2071/394/4
f 2084/395/4 2071/394/4 2072/396/4
f 2083/397/4 2084/395/4 2072/396/4
f 2083/397/4 2072/396/4 2073/398/4
f 2083/397/4 2073/398/4 2074/399/4
f 2082/400/4 2083/397/4 2074/399/4
f 2082/400/4 2074/399/4 2075/401/4
f 2081/402/4 2082/400/4 2075/401/4
f 2081/402/4 2075/401/4 2076/403/4
f 2081/402/4 2076/403/4 2077/404/4
f 2080/405/4 2081/402/4 2077/404/4
f 2080/405/4 2077/404/4 2078/406/4
f 2079/407/4 2080/405/4 2078/406/4
f 2309/408/4 2310/410/4 2311/409/4
f 2309/408/4 2311/409/4 2312/411/4
f 2277/412/4 2278/414/4 2279/413/4
f 2277/412/4 2279/413/4 2280/415/4
f 2308/416/1 2309/408/1 2312/411/1
f 2307/417/4 2308/416/4 2313/418/4
f 2313/418/4 2308/416/4 2312/411/4
f 2307/417/4 2313/418/4 2314/419/4
f 2276/420/1 2277/412/1 2280/415/1
f 2275/421/4 2276/420/4 2281/422/4
f 2281/422/1 2276/420/1 2280/415/1
f 2275/421/4 2281/422/4 2282/423/4
f 2307/417/4 2314/419/4 2315/424/4
f 2274/425/4 2275/421/4 2282/423/4
f 2307/417/4 2315/424/4 2316/426/4
f 2273/427/4 2274/425/4 2282/423/4
f 2273/427/4 2282/423/4 2283/428/4
f 2306/429/4 2307/417/4 2316/426/4
f 2306/429/4 2316/426/4 2317/430/4
f 2272/431/4 2273/427/4 2283/428/4
f 2306/429/4 2317/430/4 2318/432/4
f 2271/433/4 2272/431/4 2283/428/4
f 2271/433/4 2283/428/4 2284/434/4
f 2305/435/4 2306/429/4 2318/432/4
f 2305/435/4 2318/432/4 2319/436/4
f 2270/437/4 2271/433/4 2284/434/4
f 2305/435/4 2319/436/4 2320/438/4
f 2269/439/4 2270/437/4 2284/434/4
f 2269/439/4 2284/434/4 2285/440/4
f 2304/441/4 2305/435/4 2320/438/4
f 2304/441/4 2320/438/4 2321/442/4
f 2268/443/4 2269/439/4 2285/440/4
f 2304/441/4 2321/442/4 2322/444/4
f 2267/445/4 2268/443/4 2285/440/4
f 2267/445/4 2285/440/4 2286/446/4
f 2303/447/4 2304/441/4 2322/444/4
f 2303/447/4 2322/444/4 2323/448/4
f 2266/449/4 2267/445/4 2286/446/4
f 2303/447/4 2323/448/4 2324/450/4
f 2265/451/4 2266/449/4 2286/446/4
f 2265/451/4 2286/446/4 2287/452/4
f 2302/453/4 2303/447/4 2324/450/4
f 2302/453/4 2324/450/4 2325/454/4
f 2264/455/4 2265/451/4 2287/452/4
f 2302/453/4 2325/454/4 2326/456/4
f 2263/457/4 2264/455/4 2287/452/4
f 2263/457/4 2287/452/4 2288/458/4
f 2302/453/4 2326/456/4 2327/459/4
f 2262/460/4 2263/457/4 2288/458/4
f 2301/461/4 2302/453/4 2327/459/4
f 2301/461/4 2327/459/4 2328/462/4
f 2261/463/4 2262/460/4 2288/458/4
f 2301/461/4 2328/462/4 2329/464/4
f 2261/463/4 2288/458/4 2289/465/4
f 2260/466/4 2261/463/4 2289/465/4
f 2300/467/4 2301/461/4 2329/464/4
f 2300/467/4 2329/464/4 2330/468/4
f 2259/469/4 2260/466/4 2289/465/4
f 2300/467/4 2330/468/4 2331/470/4
f 2259/469/4 2289/465/4 2290/471/4
f 2300/467/4 2331/470/4 2332/472/4
f 2258/473/4 2259/469/4 2290/471/4
f 2299/474/4 2300/467/4 2332/472/4
f 2299/474/4 2332/472/4 2333/475/4
f 2257/476/4 2258/473/4 2290/471/4
f 2257/476/4 2290/471/4 2291/477/4
f 2299/474/4 2333/475/4 2334/478/4
f 2298/479/4 2299/474/4 2334/478/4
f 2256/480/4 2257/476/4 2291/477/4
f 2298/479/4 2334/478/4 2335/481/4
f 2255/482/4 2256/480/4 2291/477/4
f 2298/479/4 2335/481/4 2336/140/4
f 2255/482/4 2291/477/4 2292/483/4
f 2297/484/4 2298/479/4 2336/140/4
f 2254/485/4 2255/482/4 2292/483/4
f 2297/484/4 2336/140/4 2249/141/4
f 2253/486/4 2254/485/4 2292/483/4
f 2297/484/4 2249/141/4 2250/487/4
f 2253/486/4 2292/483/4 2293/488/4
f 2296/489/4 2297/484/4 2250/487/4
f 2252/490/4 2253/486/4 2293/488/4
f 2251/491/4 2252/490/4 2293/488/4
f 2251/491/4 2293/488/4 2294/492/4
f 2295/493/4 2296/489/4 2250/487/4
f 2295/493/4 2250/487/4 2251/491/4
f 2295/493/4 2251/491/4 2294/492/4
f 2520/494/4 2521/496/4 2522/495/4
f 2519/497/4 2520/494/4 2522/495/4
f 2519/497/4 2522/495/4 2523/498/4
f 2518/499/4 2519/497/4 2523/498/4
f 2518/499/4 2523/498/4 2524/500/4
f 2517/501/4 2518/499/4 2524/500/4
f 2517/501/4 2524/500/4 2525/502/4
f 2516/503/4 2517/501/4 2525/502/4
f 2516/503/4 2525/502/4 2526/504/4
f 2515/505/4 2516/503/4 2526/504/4
f 2515/505/4 2526/504/4 2527/506/4
f 2514/507/4 2515/505/4 2338/508/4
f 2338/508/4 2515/505/4 2337/141/4
f 2337/141/4 2515/505/4 2527/506/4
f 2337/141/4 2527/506/4 2434/509/4
f 2434/509/4 2527/506/4 2528/510/4
f 2514/507/4 2338/508/4 2339/511/4
f 2433/512/4 2434/509/4 2528/510/4
f 2514/507/4 2339/511/4 2340/513/4
f 2432/514/4 2433/512/4 2528/510/4
f 2514/507/4 2340/513/4 2341/515/4
f 2431/516/4 2432/514/4 2528/510/4
f 2513/517/4 2514/507/4 2341/515/4
f 2431/516/4 2528/510/4 2529/518/4
f 2513/517/4 2341/515/4 2342/519/4
f 2430/520/4 2431/516/4 2529/518/4
f 2513/517/4 2342/519/4 2343/521/4
f 2429/522/4 2430/520/4 2529/518/4
f 2512/523/4 2513/517/4 2343/521/4
f 2429/522/4 2529/518/4 2530/524/4
f 2512/523/4 2343/521/4 2344/525/4
f 2428/526/4 2429/522/4 2530/524/4
f 2512/523/4 2344/525/4 2345/527/4
f 2427/528/4 2428/526/4 2530/524/4
f 2511/529/4 2512/523/4 2345/527/4
f 2427/528/4 2530/524/4 2531/530/4
f 2511/529/4 2345/527/4 2346/531/4
f 2426/532/4 2427/528/4 2531/530/4
f 2510/533/4 2511/529/4 2346/531/4
f 2426/532/4 2531/530/4 2532/140/4
f 2510/533/4 2346/531/4 2347/534/4
f 2425/535/4 2426/532/4 2532/140/4
f 2510/533/4 2347/534/4 2348/536/4
f 2424/537/4 2425/535/4 2532/140/4
f 2509/538/4 2510/533/4 2348/536/4
f 2424/537/4 2532/140/4 2435/539/4
f 2509/538/4 2348/536/4 2349/540/4
f 2423/541/4 2424/537/4 2435/539/4
f 2508/542/4 2509/538/4 2349/540/4
f 2423/541/4 2435/539/4 2436/543/4
f 2508/542/4 2349/540/4 2350/544/4
f 2422/545/4 2423/541/4 2436/543/4
f 2422/545/4 2436/543/4 2437/546/4
f 2507/547/4 2508/542/4 2350/544/4
f 2507/547/4 2350/544/4 2351/548/4
f 2421/549/4 2422/545/4 2437/546/4
f 2507/547/4 2351/548/4 2352/550/4
f 2420/551/4 2421/549/4 2437/546/4
f 2420/551/4 2437/546/4 2438/552/4
f 2506/553/4 2507/547/4 2352/550/4
f 2506/553/4 2352/550/4 2353/554/4
f 2419/555/4 2420/551/4 2438/552/4
f 2419/555/4 2438/552/4 2439/556/4
f 2505/557/4 2506/553/4 2353/554/4
f 2505/557/4 2353/554/4 2354/558/4
f 2418/559/4 2419/555/4 2439/556/4
f 2418/559/4 2439/556/4 2440/560/4
f 2504/561/4 2505/557/4 2354/558/4
f 2504/561/4 2354/558/4 2355/562/4
f 2417/563/4 2418/559/4 2440/560/4
f 2417/563/4 2440/560/4 2441/564/4
f 2503/565/4 2504/561/4 2355/562/4
f 2503/565/4 2355/562/4 2356/566/4
f 2416/567/4 2417/563/4 2441/564/4
f 2416/567/4 2441/564/4 2442/568/4
f 2502/569/4 2503/565/4 2356/566/4
f 2502/569/4 2356/566/4 2357/570/4
f 2415/571/4 2416/567/4 2442/568/4
f 2415/571/4 2442/568/4 2443/572/4
f 2501/573/4 2502/569/4 2357/570/4
f 2501/573/4 2357/570/4 2358/574/4
f 2414/575/4 2415/571/4 2443/572/4
f 2414/575/4 2443/572/4 2444/576/4
f 2500/577/4 2501/573/4 2358/574/4
f 2500/577/4 2358/574/4 2359/578/4
f 2413/579/4 2414/575/4 2444/576/4
f 2413/579/4 2444/576/4 2445/580/4
f 2499/581/4 2500/577/4 2359/578/4
f 2412/582/4 2413/579/4 2445/580/4
f 2499/581/4 2359/578/4 2360/583/4
f 2412/582/4 2445/580/4 2446/584/4
f 2498/585/4 2499/581/4 2360/583/4
f 2411/586/4 2412/582/4 2446/584/4
f 2498/585/4 2360/583/4 2361/587/4
f 2411/586/4 2446/584/4 2447/588/4
f 2497/589/4 2498/585/4 2361/587/4
f 2496/590/4 2497/589/4 2361/587/4
f 2496/590/4 2361/587/4 2362/591/4
f 2410/592/4 2411/586/4 2447/588/4
f 2410/592/4 2447/588/4 2448/593/4
f 2495/594/4 2496/590/4 2362/591/4
f 2495/594/4 2362/591/4 2363/595/4
f 2409/596/4 2410/592/4 2448/593/4
f 2409/596/4 2448/593/4 2449/597/4
f 2494/598/4 2495/594/4 2363/595/4
f 2409/596/4 2449/597/4 2450/599/4
f 2494/598/4 2363/595/4 2364/600/4
f 2408/601/4 2409/596/4 2450/599/4
f 2493/602/4 2494/598/4 2364/600/4
f 2408/601/4 2450/599/4 2451/603/4
f 2493/602/4 2364/600/4 2365/604/4
f 2407/605/4 2408/601/4 2451/603/4
f 2492/606/4 2493/602/4 2365/604/4
f 2407/605/4 2451/603/4 2452/607/4
f 2492/606/4 2365/604/4 2366/608/4
f 2406/609/4 2407/605/4 2452/607/4
f 2491/610/4 2492/606/4 2366/608/4
f 2406/609/4 2452/607/4 2453/611/4
f 2491/610/4 2366/608/4 2367/612/4
f 2405/613/4 2406/609/4 2453/611/4
f 2490/614/4 2491/610/4 2367/612/4
f 2405/613/4 2453/611/4 2454/615/4
f 2404/616/4 2405/613/4 2454/615/4
f 2490/614/4 2367/612/4 2368/617/4
f 2489/618/4 2490/614/4 2368/617/4
f 2404/616/4 2454/615/4 2455/619/4
f 2403/620/4 2404/616/4 2455/619/4
f 2489/618/4 2368/617/4 2369/621/4
f 2488/622/4 2489/618/4 2369/621/4
f 2403/620/4 2455/619/4 2456/623/4
f 2402/414/4 2403/620/4 2456/623/4
f 2488/622/4 2369/621/4 2370/624/4
f 2487/625/4 2488/622/4 2370/624/4
f 2402/414/4 2456/623/4 2457/626/4
f 2401/627/4 2402/414/4 2457/626/4
f 2487/625/4 2370/624/4 2371/628/4
f 2486/629/4 2487/625/4 2371/628/4
f 2401/627/4 2457/626/4 2458/630/4
f 2400/631/4 2401/627/4 2458/630/4
f 2486/629/4 2371/628/4 2372/632/4
f 2485/633/4 2486/629/4 2372/632/4
f 2400/631/4 2458/630/4 2459/634/4
f 2399/635/4 2400/631/4 2459/634/4
f 2485/633/4 2372/632/4 2373/636/4
f 2398/637/4 2399/635/4 2459/634/4
f 2485/633/4 2373/636/4 2374/638/4
f 2484/639/4 2485/633/4 2374/638/4
f 2398/637/4 2459/634/4 2460/640/4
f 2484/639/4 2374/638/4 2375/641/4
f 2397/642/4 2398/637/4 2460/640/4
f 2483/643/4 2484/639/4 2375/641/4
f 2397/642/4 2460/640/4 2461/644/4
f 2483/643/4 2375/641/4 2376/645/4
f 2396/646/4 2397/642/4 2461/644/4
f 2396/646/4 2461/644/4 2462/647/4
f 2482/648/4 2483/643/4 2376/645/4
f 2482/648/4 2376/645/4 2377/649/4
f 2395/650/4 2396/646/4 2462/647/4
f 2394/651/4 2395/650/4 2462/647/4
f 2482/648/4 2377/649/4 2378/652/4
f 2481/653/4 2482/648/4 2378/652/4
f 2394/651/4 2462/647/4 2463/654/4
f 2393/655/4 2394/651/4 2463/654/4
f 2481/653/4 2378/652/4 2379/656/4
f 2480/657/4 2481/653/4 2379/656/4
f 2393/655/4 2463/654/4 2464/658/4
f 2392/659/4 2393/655/4 2464/658/4
f 2480/657/4 2379/656/4 2380/660/4
f 2391/661/4 2392/659/4 2464/658/4
f 2480/657/4 2380/660/4 2381/662/4
f 2479/663/4 2480/657/4 2381/662/4
f 2391/661/4 2464/658/4 2465/664/4
f 2390/665/4 2391/661/4 2465/664/4
f 2479/663/4 2381/662/4 2382/666/4
f 2389/667/4 2390/665/4 2465/664/4
f 2479/663/4 2382/666/4 2383/668/4
f 2478/669/4 2479/663/4 2383/668/4
f 2389/667/4 2465/664/4 2466/670/4
f 2388/671/4 2389/667/4 2466/670/4
f 2478/669/4 2383/668/4 2384/672/4
f 2387/673/4 2388/671/4 2466/670/4
f 2478/669/4 2384/672/4 2385/674/4
f 2386/675/4 2387/673/4 2466/670/4
f 2478/669/4 2385/674/4 2386/675/4
f 2478/669/4 2386/675/4 2466/670/4
f 2477/676/4 2478/669/4 2466/670/4
f 2477/676/4 2466/670/4 2467/417/4
f 2476/677/4 2477/676/4 2467/417/4
f 2476/677/4 2467/417/4 2468/678/4
f 2476/677/4 2468/678/4 2469/679/4
f 2475/680/4 2476/677/4 2469/679/4
f 2475/680/4 2469/679/4 2470/681/4
f 2474/682/4 2475/680/4 2470/681/4
f 2474/682/4 2470/681/4 2471/683/4
f 2473/684/4 2474/682/4 2471/683/4
f 2473/684/4 2471/683/4 2472/685/4
f 2605/216/4 2606/218/4 2607/217/4
f 2605/216/4 2607/217/4 2608/219/4
f 2604/220/4 2605/216/4 2608/219/4
f 2604/220/4 2608/219/4 2609/221/4
f 2603/222/4 2604/220/4 2609/221/4
f 2603/222/4 2609/221/4 2610/223/4
f 2602/224/4 2603/222/4 2610/223/4
f 2602/224/4 2610/223/4 2611/225/4
f 2601/226/4 2602/224/4 2611/225/4
f 2601/226/4 2611/225/4 2612/227/4
f 2600/228/4 2601/226/4 2612/227/4
f 2600/228/4 2612/227/4 2613/229/4
f 2599/230/4 2600/228/4 2613/229/4
f 2599/230/4 2613/229/4 2614/231/4
f 2598/232/4 2599/230/4 2614/231/4
f 2598/232/4 2614/231/4 2704/233/4
f 2704/233/4 2614/231/4 2615/234/4
f 2598/232/4 2704/233/4 2705/235/4
f 2703/236/4 2704/233/4 2615/234/4
f 2598/232/4 2705/235/4 2706/237/4
f 2702/238/4 2703/236/4 2615/234/4
f 2597/239/4 2598/232/4 2706/237/4
f 2597/239/4 2706/237/4 2707/240/4
f 2701/241/4 2702/238/4 2615/234/4
f 2597/239/4 2707/240/4 2708/242/4
f 2700/243/4 2701/241/4 2615/234/4
f 2700/243/4 2615/234/4 2616/244/4
f 2597/239/4 2708/242/4 2709/245/4
f 2699/246/4 2700/243/4 2616/244/4
f 2597/239/4 2709/245/4 2710/247/4
f 2698/248/4 2699/246/4 2616/244/4
f 2596/249/4 2597/239/4 2710/247/4
f 2698/248/4 2616/244/4 2617/250/4
f 2596/249/4 2710/247/4 2711/251/4
f 2697/252/4 2698/248/4 2617/250/4
f 2596/249/4 2711/251/4 2712/253/4
f 2696/254/4 2697/252/4 2617/250/4
f 2595/255/4 2596/249/4 2712/253/4
f 2696/254/4 2617/250/4 2618/256/4
f 2595/255/4 2712/253/4 2713/257/4
f 2695/258/4 2696/254/4 2618/256/4
f 2595/255/4 2713/257/4 2714/259/4
f 2694/260/4 2695/258/4 2618/256/4
f 2594/261/4 2595/255/4 2714/259/4
f 2694/260/4 2618/256/4 2619/262/4
f 2594/261/4 2714/259/4 2715/263/4
f 2693/264/4 2694/260/4 2619/262/4
f 2593/265/4 2594/261/4 2715/263/4
f 2593/265/4 2715/263/4 2716/266/4
f 2692/267/4 2693/264/4 2619/262/4
f 2692/267/4 2619/262/4 2620/268/4
f 2593/265/4 2716/266/4 2717/269/4
f 2691/270/4 2692/267/4 2620/268/4
f 2691/270/4 2620/268/4 2621/271/4
f 2592/272/4 2593/265/4 2717/269/4
f 2690/273/4 2691/270/4 2621/271/4
f 2592/272/4 2717/269/4 2718/274/4
f 2689/275/4 2690/273/4 2621/271/4
f 2592/272/4 2718/274/4 2719/276/4
f 2689/275/4 2621/271/4 2622/277/4
f 2591/278/4 2592/272/4 2719/276/4
f 2688/279/4 2689/275/4 2622/277/4
f 2591/278/4 2719/276/4 2720/280/4
f 2688/279/4 2622/277/4 2623/281/4
f 2687/282/4 2688/279/4 2623/281/4
f 2591/278/4 2720/280/4 2721/283/4
f 2590/284/4 2591/278/4 2721/283/4
f 2686/285/4 2687/282/4 2623/281/4
f 2590/284/4 2721/283/4 2722/286/4
f 2686/285/4 2623/281/4 2624/287/4
f 2589/288/4 2590/284/4 2722/286/4
f 2685/289/4 2686/285/4 2624/287/4
f 2589/288/4 2722/286/4 2723/290/4
f 2685/289/4 2624/287/4 2625/291/4
f 2588/292/4 2589/288/4 2723/290/4
f 2684/293/4 2685/289/4 2625/291/4
f 2588/292/4 2723/290/4 2724/294/4
f 2684/293/4 2625/291/4 2626/295/4
f 2683/296/4 2684/293/4 2626/295/4
f 2588/292/4 2724/294/4 2725/297/4
f 2587/298/4 2588/292/4 2725/297/4
f 2682/299/4 2683/296/4 2626/295/4
f 2682/299/4 2626/295/4 2627/300/4
f 2587/298/4 2725/297/4 2726/301/4
f 2586/302/4 2587/298/4 2726/301/4
f 2681/303/4 2682/299/4 2627/300/4
f 2586/302/4 2726/301/4 2727/140/4
f 2681/303/4 2627/300/4 2628/304/4
f 2585/305/4 2586/302/4 2727/140/4
f 2680/306/4 2681/303/4 2628/304/4
f 2585/305/4 2727/140/4 2679/307/4
f 2680/306/4 2628/304/4 2629/308/4
f 2584/309/4 2585/305/4 2679/307/4
f 2584/309/4 2679/307/4 2680/306/4
f 2584/309/4 2680/306/4 2629/308/4
f 2584/309/4 2629/308/4 2630/131/4
f 2583/310/4 2584/309/4 2630/131/4
f 2582/311/4 2583/310/4 2631/312/4
f 2631/312/4 2583/310/4 2630/131/4
f 2582/311/4 2631/312/4 2632/313/4
f 2581/314/4 2582/311/4 2632/313/4
f 2581/314/4 2632/313/4 2633/315/4
f 2580/316/4 2581/314/4 2633/315/4
f 2580/316/4 2633/315/4 2634/317/4
f 2579/318/4 2580/316/4 2634/317/4
f 2579/318/4 2634/317/4 2635/319/4
f 2578/320/4 2579/318/4 2635/319/4
f 2578/320/4 2635/319/4 2636/321/4
f 2577/322/4 2578/320/4 2636/321/4
f 2577/322/4 2636/321/4 2637/323/4
f 2576/324/4 2577/322/4 2637/323/4
f 2678/325/4 2533/141/4 2534/326/4
f 2576/324/4 2637/323/4 2638/327/4
f 2677/328/4 2678/325/4 2534/326/4
f 2575/329/4 2576/324/4 2638/327/4
f 2575/329/4 2638/327/4 2639/330/4
f 2677/328/4 2534/326/4 2535/331/4
f 2676/332/4 2677/328/4 2535/331/4
f 2574/333/4 2575/329/4 2639/330/4
f 2574/333/4 2639/330/4 2640/334/4
f 2675/335/4 2676/332/4 2535/331/4
f 2675/335/4 2535/331/4 2536/336/4
f 2674/337/4 2675/335/4 2536/336/4
f 2574/333/4 2640/334/4 2641/338/4
f 2674/337/4 2536/336/4 2537/339/4
f 2573/340/4 2574/333/4 2641/338/4
f 2673/341/4 2674/337/4 2537/339/4
f 2573/340/4 2641/338/4 2642/342/4
f 2673/341/4 2537/339/4 2538/343/4
f 2672/344/4 2673/341/4 2538/343/4
f 2572/345/4 2573/340/4 2642/342/4
f 2572/345/4 2642/342/4 2643/346/4
f 2671/347/4 2672/344/4 2538/343/4
f 2671/347/4 2538/343/4 2539/348/4
f 2572/345/4 2643/346/4 2644/349/4
f 2670/350/4 2671/347/4 2539/348/4
f 2571/351/4 2572/345/4 2644/349/4
f 2670/350/4 2539/348/4 2540/352/4
f 2669/353/4 2670/350/4 2540/352/4
f 2571/351/4 2644/349/4 2645/354/4
f 2668/355/4 2669/353/4 2540/352/4
f 2668/355/4 2540/352/4 2541/356/4
f 2570/357/4 2571/351/4 2645/354/4
f 2570/357/4 2645/354/4 2646/358/4
f 2667/359/4 2668/355/4 2541/356/4
f 2666/360/4 2667/359/4 2541/356/4
f 2570/357/4 2646/358/4 2647/361/4
f 2666/360/4 2541/356/4 2542/362/4
f 2569/363/4 2570/357/4 2647/361/4
f 2665/364/4 2666/360/4 2542/362/4
f 2569/363/4 2647/361/4 2648/365/4
f 2664/366/4 2665/364/4 2542/362/4
f 2664/366/4 2542/362/4 2543/367/4
f 2569/363/4 2648/365/4 2649/368/4
f 2663/369/4 2664/366/4 2543/367/4
f 2568/370/4 2569/363/4 2649/368/4
f 2662/371/4 2663/369/4 2543/367/4
f 2568/370/4 2649/368/4 2650/372/4
f 2662/371/4 2543/367/4 2544/373/4
f 2661/374/4 2662/371/4 2544/373/4
f 2568/370/4 2650/372/4 2651/375/4
f 2660/376/4 2661/374/4 2544/373/4
f 2568/370/4 2651/375/4 2652/377/4
f 2659/378/4 2660/376/4 2544/373/4
f 2659/378/4 2544/373/4 2545/379/4
f 2567/380/4 2568/370/4 2652/377/4
f 2658/381/4 2659/378/4 2545/379/4
f 2567/380/4 2652/377/4 2653/382/4
f 2657/383/4 2658/381/4 2545/379/4
f 2567/380/4 2653/382/4 2654/384/4
f 2656/385/4 2657/383/4 2545/379/4
f 2567/380/4 2654/384/4 2655/386/4
f 2655/386/4 2656/385/4 2545/379/4
f 2567/380/4 2655/386/4 2545/379/4
f 2567/380/4 2545/379/4 2546/387/4
f 2566/388/4 2567/380/4 2546/387/4
f 2566/388/4 2546/387/4 2547/389/4
f 2565/390/4 2566/388/4 2547/389/4
f 2565/390/4 2547/389/4 2548/391/4
f 2565/390/4 2548/391/4 2549/392/4
f 2564/393/4 2565/390/4 2549/392/4
f 2564/393/4 2549/392/4 2550/394/4
f 2563/395/4 2564/393/4 2550/394/4
f 2563/395/4 2550/394/4 2551/396/4
f 2562/397/4 2563/395/4 2551/396/4
f 2562/397/4 2551/396/4 2552/398/4
f 2562/397/4 2552/398/4 2553/399/4
f 2561/400/4 2562/397/4 2553/399/4
f 2561/400/4 2553/399/4 2554/401/4
f 2560/402/4 2561/400/4 2554/401/4
f 2560/402/4 2554/401/4 2555/403/4
f 2560/402/4 2555/403/4 2556/404/4
f 2559/405/4 2560/402/4 2556/404/4
f 2559/405/4 2556/404/4 2557/406/4
f 2558/407/4 2559/405/4 2557/406/4
f 3039/686/4 3040/688/4 3041/687/4
f 3038/689/4 3039/686/4 3041/687/4
f 3037/690/4 3038/689/4 3041/687/4
f 3036/691/4 3037/690/4 3041/687/4
f 3035/692/4 3036/691/4 3041/687/4
f 3034/693/4 3035/692/4 3041/687/4
f 3033/694/4 3034/693/4 3041/687/4
f 3032/695/4 3033/694/4 3041/687/4
f 3031/696/4 3032/695/4 3041/687/4
f 3030/697/4 3031/696/4 3041/687/4
f 3029/698/4 3030/697/4 3041/687/4
f 3028/699/4 3029/698/4 3041/687/4
f 3026/700/4 3027/701/4 3028/699/4
f 3026/700/4 3028/699/4 3025/702/4
f 3025/702/4 3028/699/4 3024/703/4
f 3024/703/4 3028/699/4 3023/704/4
f 3023/704/4 3028/699/4 3022/705/4
f 3022/705/4 3028/699/4 3021/706/4
f 3021/706/4 3028/699/4 3020/707/4
f 3020/707/4 3028/699/4 3019/708/4
f 3019/708/4 3028/699/4 3018/709/4
f 3018/709/4 3028/699/4 3017/710/4
f 3017/710/4 3028/699/4 3016/711/4
f 3016/711/4 3028/699/4 3041/687/4
f 3052/712/4 3053/714/4 3054/713/4
f 2739/715/4 2740/717/4 2741/716/4
f 2739/715/4 2741/716/4 2742/718/4
f 3051/719/4 3052/712/4 3054/713/4
f 3051/719/4 3054/713/4 3055/720/4
f 2738/721/4 2739/715/4 2742/718/4
f 2738/721/4 2742/718/4 2743/722/4
f 2738/721/4 2743/722/4 2744/723/4
f 3050/724/4 3051/719/4 3055/720/4
f 3050/724/4 3055/720/4 3056/725/4
f 2737/726/4 2738/721/4 2744/723/4
f 2737/726/4 2744/723/4 2745/727/4
f 3049/728/4 3050/724/4 3056/725/4
f 3049/728/4 3056/725/4 3057/729/4
f 2736/730/4 2737/726/4 2745/727/4
f 2736/730/4 2745/727/4 2746/731/4
f 2736/730/4 2746/731/4 2747/732/4
f 3048/733/4 3049/728/4 3057/729/4
f 3048/733/4 3057/729/4 3058/734/4
f 2735/735/4 2736/730/4 2747/732/4
f 2735/735/4 2747/732/4 2748/736/4
f 2735/735/4 2748/736/4 2749/737/4
f 3047/738/4 3048/733/4 3058/734/4
f 2734/739/4 2735/735/4 2749/737/4
f 3047/738/4 3058/734/4 3059/740/4
f 2734/739/4 2749/737/4 2750/741/4
f 3046/742/4 3047/738/4 3059/740/4
f 2733/743/4 2734/739/4 2750/741/4
f 3046/742/4 3059/740/4 3060/744/4
f 2733/743/4 2750/741/4 2751/745/4
f 2733/743/4 2751/745/4 2752/746/4
f 3045/747/4 3046/742/4 3060/744/4
f 2732/748/4 2733/743/4 2752/746/4
f 3045/747/4 3060/744/4 3061/749/4
f 2732/748/4 2752/746/4 2753/750/4
f 3015/751/4 3016/711/4 3041/687/4
f 3014/752/4 3015/751/4 3041/687/4
f 3013/753/4 3014/752/4 3041/687/4
f 2732/748/4 2753/750/4 2843/754/4
f 2843/754/4 2753/750/4 2842/755/4
f 2842/755/4 2753/750/4 2754/756/4
f 3044/757/4 3045/747/4 2935/758/4
f 2935/758/4 3045/747/4 2934/759/4
f 2934/759/4 3045/747/4 3061/749/4
f 2934/759/4 3061/749/4 2933/760/4
f 2933/760/4 3061/749/4 2932/761/4
f 2932/761/4 3061/749/4 3062/762/4
f 2731/763/4 2732/748/4 2844/764/4
f 2844/764/4 2732/748/4 2843/754/4
f 3012/765/6 3013/753/6 3041/687/6
f 2841/766/4 2842/755/4 2754/756/4
f 3044/757/4 2935/758/4 2936/767/4
f 2731/763/4 2844/764/4 2845/768/4
f 2931/769/4 2932/761/4 3062/762/4
f 2840/414/4 2841/766/4 2754/756/4
f 2930/770/4 2931/769/4 3062/762/4
f 2839/771/4 2840/414/4 2754/756/4
f 3044/757/4 2936/767/4 2937/772/4
f 2731/763/4 2845/768/4 2846/773/4
f 2929/774/4 2930/770/4 3062/762/4
f 2838/775/4 2839/771/4 2754/756/4
f 3011/776/4 3012/765/4 3041/687/4
f 2928/777/4 2929/774/4 3062/762/4
f 2837/778/4 2838/775/4 2754/756/4
f 3044/757/4 2937/772/4 2938/779/4
f 2731/763/4 2846/773/4 2847/780/4
f 2837/778/4 2754/756/4 2755/781/4
f 3010/782/4 3011/776/4 3041/687/4
f 2927/783/4 2928/777/4 3062/762/4
f 2836/784/4 2837/778/4 2755/781/4
f 2926/785/4 2927/783/4 3062/762/4
f 2835/786/4 2836/784/4 2755/781/4
f 3009/787/4 3010/782/4 3041/687/4
f 3044/757/4 2938/779/4 2939/788/4
f 2731/763/4 2847/780/4 2848/789/4
f 3043/790/4 3044/757/4 2939/788/4
f 2926/785/4 3062/762/4 3063/791/4
f 2730/792/4 2731/763/4 2848/789/4
f 2925/793/4 2926/785/4 3063/791/4
f 2834/794/4 2835/786/4 2755/781/4
f 3008/795/4 3009/787/4 3041/687/4
f 2924/796/4 2925/793/4 3063/791/4
f 2833/797/4 2834/794/4 2755/781/4
f 2833/797/4 2755/781/4 2756/798/4
f 3043/790/4 2939/788/4 2940/799/4
f 2730/792/4 2848/789/4 2849/800/4
f 2923/801/4 2924/796/4 3063/791/4
f 2832/802/4 2833/797/4 2756/798/4
f 3007/803/4 3008/795/4 3041/687/4
f 2922/804/4 2923/801/4 3063/791/4
f 2831/805/4 2832/802/4 2756/798/4
f 3043/790/4 2940/799/4 2941/806/4
f 2730/792/4 2849/800/4 2850/807/4
f 3006/808/4 3007/803/4 3041/687/4
f 3042/809/4 3043/790/4 2941/806/4
f 2922/804/4 3063/791/4 3064/140/4
f 2729/810/4 2730/792/4 2850/807/4
f 2831/805/4 2756/798/4 2757/811/4
f 2921/812/4 2922/804/4 3064/140/4
f 2830/813/4 2831/805/4 2757/811/4
f 3005/814/4 3006/808/4 3041/687/4
f 2920/815/4 2921/812/4 3064/140/4
f 2829/816/4 2830/813/4 2757/811/4
f 3042/809/4 2941/806/4 2942/817/4
f 2729/810/4 2850/807/4 2851/818/4
f 3004/819/4 3005/814/4 3041/687/4
f 2829/816/4 2757/811/4 2758/820/4
f 2919/821/4 2920/815/4 3064/140/4
f 2828/822/4 2829/816/4 2758/820/4
f 3041/687/4 3042/809/4 2942/817/4
f 2919/821/4 3064/140/4 2728/141/4
f 2728/141/4 2729/810/4 2851/818/4
f 3003/823/4 3004/819/4 3041/687/4
f 3041/687/4 2942/817/4 2943/824/4
f 2728/141/4 2851/818/4 2852/825/4
f 2918/826/4 2919/821/4 2728/141/4
f 2827/827/4 2828/822/4 2758/820/4
f 3002/828/4 3003/823/4 3041/687/4
f 2827/827/4 2758/820/4 2759/829/4
f 2917/830/4 2918/826/4 2728/141/4
f 2826/831/4 2827/827/4 2759/829/4
f 3001/832/4 3002/828/4 3041/687/4
f 3041/687/4 2943/824/4 2944/833/4
f 2728/141/4 2852/825/4 2853/834/4
f 3001/832/4 3041/687/4 2944/833/4
f 2917/830/4 2728/141/4 2853/834/4
f 3000/835/4 3001/832/4 2946/836/4
f 2946/836/4 3001/832/4 2945/837/4
f 2945/837/4 3001/832/4 2944/833/4
f 2916/838/4 2917/830/4 2853/834/4
f 2825/839/4 2826/831/4 2759/829/4
f 2825/839/4 2759/829/4 2760/840/4
f 2916/838/4 2853/834/4 2854/841/4
f 2915/842/4 2916/838/4 2854/841/4
f 2824/843/4 2825/839/4 2760/840/4
f 2824/843/4 2760/840/4 2761/844/4
f 2914/845/4 2915/842/4 2854/841/4
f 2823/846/4 2824/843/4 2761/844/4
f 2914/845/4 2854/841/4 2855/847/4
f 2913/848/4 2914/845/4 2855/847/4
f 2822/849/4 2823/846/4 2761/844/4
f 2822/849/4 2761/844/4 2762/850/4
f 3000/835/4 2946/836/4 2947/851/4
f 2913/848/4 2855/847/4 2856/852/4
f 2912/853/6 2913/848/6 2856/852/6
f 2821/854/4 2822/849/4 2762/850/4
f 2821/854/4 2762/850/4 2763/855/4
f 2911/856/4 2912/853/4 2856/852/4
f 2820/857/4 2821/854/4 2763/855/4
f 2820/857/4 2763/855/4 2764/858/4
f 2910/859/4 2911/856/4 2856/852/4
f 2819/860/4 2820/857/4 2764/858/4
f 2909/861/4 2910/859/4 2856/852/4
f 2818/862/4 2819/860/4 2764/858/4
f 2818/862/4 2764/858/4 2765/863/4
f 2999/864/4 3000/835/4 2947/851/4
f 2999/864/4 2947/851/4 2948/865/4
f 2908/866/4 2909/861/4 2856/852/4
f 2908/866/4 2856/852/4 2857/867/4
f 2817/868/4 2818/862/4 2765/863/4
f 2817/868/4 2765/863/4 2766/869/4
f 2999/864/4 2948/865/4 2949/870/4
f 2908/866/4 2857/867/4 2858/871/4
f 2817/868/4 2766/869/4 2767/872/4
f 2998/873/4 2999/864/4 2949/870/4
f 2907/874/4 2908/866/4 2858/871/4
f 2816/875/4 2817/868/4 2767/872/4
f 2998/873/4 2949/870/4 2950/876/4
f 2907/874/4 2858/871/4 2859/877/4
f 2816/875/4 2767/872/4 2768/878/4
f 2997/879/4 2998/873/4 2950/876/4
f 2906/880/4 2907/874/4 2859/877/4
f 2815/881/4 2816/875/4 2768/878/4
f 2997/879/4 2950/876/4 2951/882/4
f 2906/880/4 2859/877/4 2860/883/4
f 2815/881/4 2768/878/4 2769/884/4
f 2996/885/4 2997/879/4 2951/882/4
f 2905/886/4 2906/880/4 2860/883/4
f 2814/887/4 2815/881/4 2769/884/4
f 2996/885/4 2951/882/4 2952/417/4
f 2905/886/4 2860/883/4 2861/888/4
f 2814/887/4 2769/884/4 2770/889/4
f 2995/890/4 2996/885/4 2952/417/4
f 2904/891/4 2905/886/4 2861/888/4
f 2813/892/4 2814/887/4 2770/889/4
f 2995/890/4 2952/417/4 2953/893/4
f 2904/891/4 2861/888/4 2862/894/4
f 2813/892/4 2770/889/4 2771/895/4
f 2994/896/4 2995/890/4 2953/893/4
f 2903/897/4 2904/891/4 2862/894/4
f 2812/898/4 2813/892/4 2771/895/4
f 2994/896/4 2953/893/4 2954/899/4
f 2903/897/4 2862/894/4 2863/900/4
f 2812/898/4 2771/895/4 2772/901/4
f 2993/902/4 2994/896/4 2954/899/4
f 2902/903/4 2903/897/4 2863/900/4
f 2811/904/4 2812/898/4 2772/901/4
f 2993/902/4 2954/899/4 2955/905/4
f 2902/903/4 2863/900/4 2864/906/4
f 2811/904/4 2772/901/4 2773/907/4
f 2992/908/4 2993/902/4 2955/905/4
f 2901/909/4 2902/903/4 2864/906/4
f 2810/910/4 2811/904/4 2773/907/4
f 2992/908/4 2955/905/4 2956/911/4
f 2901/909/4 2864/906/4 2865/912/4
f 2810/910/4 2773/907/4 2774/913/4
f 2991/914/4 2992/908/4 2956/911/4
f 2900/915/4 2901/909/4 2865/912/4
f 2809/916/4 2810/910/4 2774/913/4
f 2991/914/4 2956/911/4 2957/917/4
f 2900/915/4 2865/912/4 2866/918/4
f 2809/916/4 2774/913/4 2775/919/4
f 2990/920/4 2991/914/4 2957/917/4
f 2899/921/4 2900/915/4 2866/918/4
f 2808/922/4 2809/916/4 2775/919/4
f 2990/920/4 2957/917/4 2958/923/4
f 2899/921/4 2866/918/4 2867/924/4
f 2808/922/4 2775/919/4 2776/925/4
f 2989/926/4 2990/920/4 2958/923/4
f 2898/927/4 2899/921/4 2867/924/4
f 2807/928/4 2808/922/4 2776/925/4
f 2989/926/4 2958/923/4 2959/929/4
f 2898/927/4 2867/924/4 2868/930/4
f 2807/928/4 2776/925/4 2777/931/4
f 2988/932/4 2989/926/4 2959/929/4
f 2897/933/4 2898/927/4 2868/930/4
f 2806/934/4 2807/928/4 2777/931/4
f 2987/935/4 2988/932/4 2959/929/4
f 2987/935/4 2959/929/4 2960/936/4
f 2896/131/4 2897/933/4 2868/930/4
f 2896/131/4 2868/930/4 2869/937/4
f 2805/938/4 2806/934/4 2777/931/4
f 2805/938/4 2777/931/4 2778/939/4
f 2987/935/4 2960/936/4 2961/940/4
f 2896/131/4 2869/937/4 2870/941/4
f 2805/938/4 2778/939/4 2779/942/4
f 2986/943/4 2987/935/4 2961/940/4
f 2895/944/4 2896/131/4 2870/941/4
f 2804/945/4 2805/938/4 2779/942/4
f 2986/943/4 2961/940/4 2962/946/4
f 2895/944/4 2870/941/4 2871/947/4
f 2804/945/4 2779/942/4 2780/948/4
f 2985/949/4 2986/943/4 2962/946/4
f 2894/950/4 2895/944/4 2871/947/4
f 2803/951/4 2804/945/4 2780/948/4
f 2985/949/4 2962/946/4 2963/952/4
f 2894/950/4 2871/947/4 2872/953/4
f 2803/951/4 2780/948/4 2781/954/4
f 2984/955/4 2985/949/4 2963/952/4
f 2893/956/4 2894/950/4 2872/953/4
f 2802/957/4 2803/951/4 2781/954/4
f 2984/955/4 2963/952/4 2964/958/4
f 2893/956/4 2872/953/4 2873/959/4
f 2802/957/4 2781/954/4 2782/960/4
f 2983/961/4 2984/955/4 2964/958/4
f 2892/962/4 2893/956/4 2873/959/4
f 2801/963/4 2802/957/4 2782/960/4
f 2983/961/4 2964/958/4 2965/964/4
f 2892/962/4 2873/959/4 2874/965/4
f 2801/963/4 2782/960/4 2783/966/4
f 2982/967/4 2983/961/4 2965/964/4
f 2891/968/4 2892/962/4 2874/965/4
f 2800/969/4 2801/963/4 2783/966/4
f 2982/967/4 2965/964/4 2966/970/4
f 2891/968/4 2874/965/4 2875/971/4
f 2800/969/4 2783/966/4 2784/972/4
f 2981/973/4 2982/967/4 2966/970/4
f 2890/974/4 2891/968/4 2875/971/4
f 2799/975/4 2800/969/4 2784/972/4
f 2981/973/4 2966/970/4 2967/976/4
f 2890/974/4 2875/971/4 2876/977/4
f 2799/975/4 2784/972/4 2785/978/4
f 2980/979/4 2981/973/4 2967/976/4
f 2889/980/4 2890/974/4 2876/977/4
f 2798/981/4 2799/975/4 2785/978/4
f 2980/979/4 2967/976/4 2968/982/4
f 2889/980/4 2876/977/4 2877/983/4
f 2798/981/4 2785/978/4 2786/984/4
f 2979/985/4 2980/979/4 2968/982/4
f 2888/986/4 2889/980/4 2877/983/4
f 2797/987/4 2798/981/4 2786/984/4
f 2979/985/4 2968/982/4 2969/988/4
f 2888/986/4 2877/983/4 2878/989/4
f 2797/987/4 2786/984/4 2787/990/4
f 2978/991/4 2979/985/4 2969/988/4
f 2887/992/4 2888/986/4 2878/989/4
f 2796/993/4 2797/987/4 2787/990/4
f 2978/991/4 2969/988/4 2970/994/4
f 2887/992/4 2878/989/4 2879/995/4
f 2796/993/4 2787/990/4 2788/996/4
f 2977/997/4 2978/991/4 2970/994/4
f 2886/998/4 2887/992/4 2879/995/4
f 2795/999/4 2796/993/4 2788/996/4
f 2977/997/4 2970/994/4 2971/1000/4
f 2886/998/4 2879/995/4 2880/1001/4
f 2795/999/4 2788/996/4 2789/1002/4
f 2976/1003/4 2977/997/4 2971/1000/4
f 2885/1004/4 2886/998/4 2880/1001/4
f 2794/1005/4 2795/999/4 2789/1002/4
f 2974/1006/4 2975/1007/4 2976/1003/4
f 2974/1006/4 2976/1003/4 2971/1000/4
f 2974/1006/4 2971/1000/4 2972/1008/4
f 2974/1006/4 2972/1008/4 2973/1009/4
f 2883/1010/4 2884/1011/4 2885/1004/4
f 2883/1010/4 2885/1004/4 2880/1001/4
f 2883/1010/4 2880/1001/4 2881/1012/4
f 2883/1010/4 2881/1012/4 2882/1013/4
f 2792/1014/4 2793/1015/4 2794/1005/4
f 2792/1014/4 2794/1005/4 2789/1002/4
f 2792/1014/4 2789/1002/4 2790/1016/4
f 2792/1014/4 2790/1016/4 2791/1017/4
f 3172/1018/4 3173/1020/4 3174/1019/4
f 3172/1018/4 3174/1019/4 3175/1021/4
f 3171/1022/4 3172/1018/4 3175/1021/4
f 3171/1022/4 3175/1021/4 3176/1023/4
f 3170/1024/4 3171/1022/4 3176/1023/4
f 3170/1024/4 3176/1023/4 3177/1025/4
f 3169/642/4 3170/1024/4 3177/1025/4
f 3169/642/4 3177/1025/4 3178/1026/4
f 3168/1027/4 3169/642/4 3178/1026/4
f 3168/1027/4 3178/1026/4 3179/1028/4
f 3167/1029/4 3168/1027/4 3179/1028/4
f 3167/1029/4 3179/1028/4 3180/1030/4
f 3166/1031/4 3167/1029/4 3180/1030/4
f 3166/1031/4 3180/1030/4 3181/1032/4
f 3165/1033/4 3166/1031/4 3181/1032/4
f 3165/1033/4 3181/1032/4 3182/1034/4
f 3164/1035/4 3165/1033/4 3182/1034/4
f 3164/1035/4 3182/1034/4 3101/1036/4
f 3101/1036/4 3182/1034/4 3100/1037/4
f 3100/1037/4 3182/1034/4 3183/1038/4
f 3164/1035/4 3101/1036/4 3102/1039/4
f 3164/1035/4 3102/1039/4 3103/1040/4
f 3099/1041/4 3100/1037/4 3183/1038/4
f 3163/1042/4 3164/1035/4 3103/1040/4
f 3163/1042/4 3103/1040/4 3104/1043/4
f 3098/1044/4 3099/1041/4 3183/1038/4
f 3163/1042/4 3104/1043/4 3105/1045/4
f 3097/1046/4 3098/1044/4 3183/1038/4
f 3163/1042/4 3105/1045/4 3106/1047/4
f 3096/1048/4 3097/1046/4 3183/1038/4
f 3096/1048/4 3183/1038/4 3184/1049/4
f 3163/1042/4 3106/1047/4 3107/1050/4
f 3095/1051/4 3096/1048/4 3184/1049/4
f 3162/1052/4 3163/1042/4 3107/1050/4
f 3162/1052/4 3107/1050/4 3108/1053/4
f 3094/1054/4 3095/1051/4 3184/1049/4
f 3162/1052/4 3108/1053/4 3109/1055/4
f 3094/1054/4 3184/1049/4 3185/1056/4
f 3093/1057/4 3094/1054/4 3185/1056/4
f 3162/1052/4 3109/1055/4 3110/1058/4
f 3161/1059/4 3162/1052/4 3110/1058/4
f 3092/1060/4 3093/1057/4 3185/1056/4
f 3161/1059/4 3110/1058/4 3111/1061/4
f 3092/1060/4 3185/1056/4 3186/1062/4
f 3091/550/4 3092/1060/4 3186/1062/4
f 3161/1059/4 3111/1061/4 3112/1063/4
f 3160/1064/4 3161/1059/4 3112/1063/4
f 3091/550/4 3186/1062/4 3187/1065/4
f 3090/1066/4 3091/550/4 3187/1065/4
f 3160/1064/4 3112/1063/4 3113/1067/4
f 3159/1068/4 3160/1064/4 3113/1067/4
f 3090/1066/4 3187/1065/4 3188/1069/4
f 3089/1070/4 3090/1066/4 3188/1069/4
f 3159/1068/4 3113/1067/4 3114/1071/4
f 3158/1072/4 3159/1068/4 3114/1071/4
f 3088/1073/4 3089/1070/4 3188/1069/4
f 3088/1073/4 3188/1069/4 3189/1074/4
f 3158/1072/4 3114/1071/4 3115/1075/4
f 3087/1076/4 3088/1073/4 3189/1074/4
f 3158/1072/4 3115/1075/4 3116/1077/4
f 3157/1078/4 3158/1072/4 3116/1077/4
f 3087/1076/4 3189/1074/4 3190/1079/4
f 3157/1078/4 3116/1077/4 3117/612/4
f 3086/1080/4 3087/1076/4 3190/1079/4
f 3156/1081/4 3157/1078/4 3117/612/4
f 3086/1080/4 3190/1079/4 3191/1082/4
f 3156/1081/4 3117/612/4 3118/1083/4
f 3085/1084/4 3086/1080/4 3191/1082/4
f 3155/1085/4 3156/1081/4 3118/1083/4
f 3085/1084/4 3191/1082/4 3192/1086/4
f 3155/1085/4 3118/1083/4 3119/1087/4
f 3154/1088/4 3155/1085/4 3119/1087/4
f 3085/1084/4 3192/1086/4 3193/1089/4
f 3154/1088/4 3119/1087/4 3120/1090/4
f 3084/1091/4 3085/1084/4 3193/1089/4
f 3153/1092/4 3154/1088/4 3120/1090/4
f 3153/1092/4 3120/1090/4 3121/1093/4
f 3084/1091/4 3193/1089/4 3194/1094/4
f 3083/1095/4 3084/1091/4 3194/1094/4
f 3153/1092/4 3121/1093/4 3122/1096/4
f 3152/1097/4 3153/1092/4 3122/1096/4
f 3083/1095/4 3194/1094/4 3195/582/4
f 3152/1097/4 3122/1096/4 3123/1098/4
f 3151/1099/4 3152/1097/4 3123/1098/4
f 3151/1099/4 3123/1098/4 3124/1100/4
f 3082/1101/4 3083/1095/4 3195/582/4
f 3082/1101/4 3195/582/4 3196/1102/4
f 3150/1103/4 3151/1099/4 3124/1100/4
f 3150/1103/4 3124/1100/4 3125/1104/4
f 3082/1101/4 3196/1102/4 3197/1105/4
f 3149/1106/4 3150/1103/4 3125/1104/4
f 3149/1106/4 3125/1104/4 3126/1107/4
f 3081/1108/4 3082/1101/4 3197/1105/4
f 3148/1109/4 3149/1106/4 3126/1107/4
f 3081/1108/4 3197/1105/4 3198/1110/4
f 3148/1109/4 3126/1107/4 3127/1111/4
f 3147/1112/4 3148/1109/4 3127/1111/4
f 3080/1113/4 3081/1108/4 3198/1110/4
f 3147/1112/4 3127/1111/4 3128/1114/4
f 3146/1115/4 3147/1112/4 3128/1114/4
f 3146/1115/4 3128/1114/4 3129/1116/4
f 3145/1117/4 3146/1115/4 3129/1116/4
f 3079/1118/4 3080/1113/4 3198/1110/4
f 3145/1117/4 3129/1116/4 3130/1119/4
f 3144/1120/4 3145/1117/4 3130/1119/4
f 3144/1120/4 3130/1119/4 3131/1121/4
f 3143/666/4 3144/1120/4 3131/1121/4
f 3143/666/4 3131/1121/4 3132/1122/4
f 3142/1123/4 3143/666/4 3132/1122/4
f 3142/1123/4 3132/1122/4 3133/1124/4
f 3078/1125/4 3079/1118/4 3198/1110/4
f 3141/1126/4 3142/1123/4 3133/1124/4
f 3141/1126/4 3133/1124/4 3134/1127/4
f 3140/1128/4 3141/1126/4 3134/1127/4
f 3140/1128/4 3134/1127/4 3135/1129/4
f 3139/1130/4 3140/1128/4 3135/1129/4
f 3139/1130/4 3135/1129/4 3136/1131/4
f 3138/1132/4 3139/1130/4 3136/1131/4
f 3138/1132/4 3136/1131/4 3137/1133/4
f 3077/1134/4 3078/1125/4 3198/1110/4
f 3076/1135/4 3077/1134/4 3320/1136/4
f 3320/1136/4 3077/1134/4 3198/1110/4
f 3075/1137/4 3076/1135/4 3320/1136/4
f 3074/1138/4 3075/1137/4 3320/1136/4
f 3073/1139/4 3074/1138/4 3320/1136/4
f 3072/1140/4 3073/1139/4 3320/1136/4
f 3071/1141/4 3072/1140/4 3320/1136/4
f 3070/1142/4 3071/1141/4 3320/1136/4
f 3069/1143/4 3070/1142/4 3320/1136/4
f 3068/1144/4 3069/1143/4 3320/1136/4
f 3068/1144/4 3320/1136/4 3321/1145/4
f 3319/1146/4 3320/1136/4 3198/1110/4
f 3067/1147/4 3068/1144/4 3321/1145/4
f 3066/1148/4 3067/1147/4 3321/1145/4
f 3066/1148/4 3321/1145/4 3322/1149/4
f 3065/141/4 3066/1148/4 3322/1149/4
f 3065/141/4 3322/1149/4 3323/1150/4
f 3318/1151/4 3065/141/4 3323/1150/4
f 3318/1151/4 3323/1150/4 3324/1152/4
f 3317/1153/4 3318/1151/4 3324/1152/4
f 3317/1153/4 3324/1152/4 3325/625/4
f 3316/1154/4 3317/1153/4 3325/625/4
f 3316/1154/4 3325/625/4 3326/1155/4
f 3316/1154/4 3326/1155/4 3327/1156/4
f 3315/1157/4 3316/1154/4 3327/1156/4
f 3315/1157/4 3327/1156/4 3328/1158/4
f 3314/1159/4 3315/1157/4 3328/1158/4
f 3314/1159/4 3328/1158/4 3329/1160/4
f 3314/1159/4 3329/1160/4 3330/1161/4
f 3313/1162/4 3314/1159/4 3330/1161/4
f 3313/1162/4 3330/1161/4 3331/1163/4
f 3313/1162/4 3331/1163/4 3332/1164/4
f 3312/1165/4 3313/1162/4 3332/1164/4
f 3312/1165/4 3332/1164/4 3333/1166/4
f 3312/1165/4 3333/1166/4 3334/1167/4
f 3311/1168/4 3312/1165/4 3334/1167/4
f 3311/1168/4 3334/1167/4 3335/1169/4
f 3311/1168/4 3335/1169/4 3336/1170/4
f 3310/1171/4 3311/1168/4 3336/1170/4
f 3310/1171/4 3336/1170/4 3337/1172/4
f 3310/1171/4 3337/1172/4 3338/1173/4
f 3309/1174/4 3310/1171/4 3338/1173/4
f 3309/1174/4 3338/1173/4 3339/1175/4
f 3308/1176/4 3309/1174/4 3339/1175/4
f 3308/1176/4 3339/1175/4 3340/1177/4
f 3308/1176/4 3340/1177/4 3341/1178/4
f 3307/1179/4 3308/1176/4 3341/1178/4
f 3307/1179/4 3341/1178/4 3342/1180/4
f 3306/1181/4 3307/1179/4 3342/1180/4
f 3306/1181/4 3342/1180/4 3343/1182/4
f 3306/1181/4 3343/1182/4 3344/1183/4
f 3305/1184/4 3306/1181/4 3344/1183/4
f 3305/1184/4 3344/1183/4 3345/1185/4
f 3305/1184/4 3345/1185/4 3346/1186/4
f 3304/1187/4 3305/1184/4 3346/1186/4
f 3304/1187/4 3346/1186/4 3347/1188/4
f 3303/1189/4 3304/1187/4 3347/1188/4
f 3303/1189/4 3347/1188/4 3348/1190/4
f 3302/1191/4 3303/1189/4 3348/1190/4
f 3302/1191/4 3348/1190/4 3349/1192/4
f 3302/1191/4 3349/1192/4 3350/1193/4
f 3301/1194/4 3302/1191/4 3350/1193/4
f 3301/1194/4 3350/1193/4 3351/569/4
f 3300/1195/4 3301/1194/4 3351/569/4
f 3300/1195/4 3351/569/4 3352/1196/4
f 3299/685/4 3300/1195/4 3352/1196/4
f 3299/685/4 3352/1196/4 3353/1197/4
f 3299/685/4 3353/1197/4 3354/1198/4
f 3298/1199/4 3299/685/4 3354/1198/4
f 3298/1199/4 3354/1198/4 3355/1200/4
f 3297/1201/4 3298/1199/4 3355/1200/4
f 3297/1201/4 3355/1200/4 3356/1202/4
f 3296/1203/4 3297/1201/4 3356/1202/4
f 3296/1203/4 3356/1202/4 3357/1204/4
f 3295/1205/4 3296/1203/4 3357/1204/4
f 3295/1205/4 3357/1204/4 3358/1206/4
f 3294/1207/4 3295/1205/4 3358/1206/4
f 3294/1207/4 3358/1206/4 3359/1208/4
f 3294/1207/4 3359/1208/4 3360/1209/4
f 3293/1210/4 3294/1207/4 3360/1209/4
f 3293/1210/4 3360/1209/4 3361/1211/4
f 3403/140/4 3319/1146/4 3198/1110/4
f 3292/1212/4 3293/1210/4 3361/1211/4
f 3292/1212/4 3361/1211/4 3362/1213/4
f 3402/1214/4 3403/140/4 3198/1110/4
f 3292/1212/4 3362/1213/4 3363/1215/4
f 3291/1216/4 3292/1212/4 3363/1215/4
f 3401/1217/4 3402/1214/4 3198/1110/4
f 3291/1216/4 3363/1215/4 3364/1218/4
f 3400/1219/4 3401/1217/4 3198/1110/4
f 3290/1220/4 3291/1216/4 3364/1218/4
f 3399/1221/4 3400/1219/4 3198/1110/4
f 3290/1220/4 3364/1218/4 3365/1222/4
f 3398/1223/4 3399/1221/4 3198/1110/4
f 3290/1220/4 3365/1222/4 3366/1224/4
f 3289/1225/4 3290/1220/4 3366/1224/4
f 3398/1223/4 3198/1110/4 3199/1226/4
f 3397/1227/4 3398/1223/4 3199/1226/4
f 3289/1225/4 3366/1224/4 3367/1228/4
f 3396/1229/4 3397/1227/4 3259/1230/4
f 3259/1230/4 3397/1227/4 3199/1226/4
f 3259/1230/4 3199/1226/4 3200/1231/4
f 3288/1232/4 3289/1225/4 3367/1228/4
f 3288/1232/4 3367/1228/4 3368/1233/4
f 3396/1229/4 3259/1230/4 3260/1234/4
f 3258/1235/4 3259/1230/4 3200/1231/4
f 3395/1236/4 3396/1229/4 3260/1234/4
f 3288/1232/4 3368/1233/4 3369/1237/4
f 3221/528/4 3222/1239/4 3223/1238/4
f 3258/1235/4 3200/1231/4 3201/1240/4
f 3394/1241/4 3395/1236/4 3260/1234/4
f 3257/1242/4 3258/1235/4 3201/1240/4
f 3287/1243/4 3288/1232/4 3369/1237/4
f 3287/1243/4 3369/1237/4 3370/1244/4
f 3220/1245/4 3221/528/4 3223/1238/4
f 3393/1246/4 3394/1241/4 3260/1234/4
f 3257/1242/4 3201/1240/4 3202/1247/4
f 3393/1246/4 3260/1234/4 3261/1248/4
f 3287/1243/4 3370/1244/4 3371/1249/4
f 3256/1250/4 3257/1242/4 3202/1247/4
f 3286/1251/4 3287/1243/4 3371/1249/4
f 3219/1252/4 3220/1245/4 3223/1238/4
f 3392/1253/4 3393/1246/4 3261/1248/4
f 3256/1250/4 3202/1247/4 3203/1254/4
f 3286/1251/4 3371/1249/4 3372/1255/4
f 3391/1256/4 3392/1253/4 3261/1248/4
f 3218/1257/4 3219/1252/4 3223/1238/4
f 3255/1258/4 3256/1250/4 3203/1254/4
f 3286/1251/4 3372/1255/4 3373/1259/4
f 3390/1260/4 3391/1256/4 3261/1248/4
f 3255/1258/4 3203/1254/4 3204/1261/4
f 3285/1262/4 3286/1251/4 3373/1259/4
f 3217/1263/4 3218/1257/4 3223/1238/4
f 3389/1264/4 3390/1260/4 3261/1248/4
f 3285/1262/4 3373/1259/4 3374/1265/4
f 3217/1263/4 3223/1238/4 3224/1266/4
f 3389/1264/4 3261/1248/4 3262/1267/4
f 3388/1268/4 3389/1264/4 3262/1267/4
f 3254/1269/4 3255/1258/4 3204/1261/4
f 3285/1262/4 3374/1265/4 3375/1270/4
f 3254/1269/4 3204/1261/4 3205/1271/4
f 3216/1272/4 3217/1263/4 3224/1266/4
f 3387/1273/4 3388/1268/4 3262/1267/4
f 3285/1262/4 3375/1270/4 3376/1274/4
f 3386/1275/4 3387/1273/4 3262/1267/4
f 3284/1276/4 3285/1262/4 3376/1274/4
f 3385/1277/4 3386/1275/4 3262/1267/4
f 3215/1278/4 3216/1272/4 3224/1266/4
f 3254/1269/4 3205/1271/4 3206/1279/4
f 3284/1276/4 3376/1274/4 3377/501/4
f 3253/1280/4 3254/1269/4 3206/1279/4
f 3384/1281/4 3385/1277/4 3262/1267/4
f 3284/1276/4 3377/501/4 3378/1282/4
f 3383/1283/4 3384/1281/4 3262/1267/4
f 3214/1284/4 3215/1278/4 3224/1266/4
f 3382/1285/4 3383/1283/4 3262/1267/4
f 3284/1276/4 3378/1282/4 3379/1286/4
f 3253/1280/4 3206/1279/4 3207/1287/4
f 3214/1284/4 3224/1266/4 3225/1288/4
f 3381/1289/4 3382/1285/4 3262/1267/4
f 3284/1276/4 3379/1286/4 3380/1290/4
f 3380/1290/4 3381/1289/4 3262/1267/4
f 3284/1276/4 3380/1290/4 3262/1267/4
f 3213/1291/4 3214/1284/4 3225/1288/4
f 3253/1280/4 3207/1287/4 3208/1292/4
f 3284/1276/4 3262/1267/4 3263/1293/4
f 3252/1294/4 3253/1280/4 3208/1292/4
f 3212/1295/4 3213/1291/4 3225/1288/4
f 3283/1296/4 3284/1276/4 3263/1293/4
f 3252/1294/4 3208/1292/4 3209/1297/4
f 3211/1298/4 3212/1295/4 3225/1288/4
f 3252/1294/4 3209/1297/4 3210/1299/4
f 3210/1299/4 3211/1298/4 3225/1288/4
f 3252/1294/4 3210/1299/4 3225/1288/4
f 3251/1300/4 3252/1294/4 3225/1288/4
f 3251/1300/4 3225/1288/4 3226/1301/4
f 3282/1302/4 3283/1296/4 3263/1293/4
f 3250/1303/4 3251/1300/4 3226/1301/4
f 3282/1302/4 3263/1293/4 3264/1304/4
f 3249/1305/4 3250/1303/4 3226/1301/4
f 3249/1305/4 3226/1301/4 3227/1306/4
f 3281/1307/4 3282/1302/4 3264/1304/4
f 3248/1308/4 3249/1305/4 3227/1306/4
f 3281/1307/4 3264/1304/4 3265/1309/4
f 3280/1310/4 3281/1307/4 3265/1309/4
f 3247/568/4 3248/1308/4 3227/1306/4
f 3247/568/4 3227/1306/4 3228/1311/4
f 3246/1312/4 3247/568/4 3228/1311/4
f 3279/1313/4 3280/1310/4 3265/1309/4
f 3279/1313/4 3265/1309/4 3266/1314/4
f 3245/1315/4 3246/1312/4 3228/1311/4
f 3245/1315/4 3228/1311/4 3229/1316/4
f 3278/1317/4 3279/1313/4 3266/1314/4
f 3244/1318/4 3245/1315/4 3229/1316/4
f 3244/1318/4 3229/1316/4 3230/1319/4
f 3278/1317/4 3266/1314/4 3267/1320/4
f 3243/1321/4 3244/1318/4 3230/1319/4
f 3277/1322/4 3278/1317/4 3267/1320/4
f 3242/1323/4 3243/1321/4 3230/1319/4
f 3242/1323/4 3230/1319/4 3231/1324/4
f 3276/1325/4 3277/1322/4 3267/1320/4
f 3276/1325/4 3267/1320/4 3268/1326/4
f 3241/1327/4 3242/1323/4 3231/1324/4
f 3275/1328/4 3276/1325/4 3268/1326/4
f 3241/1327/4 3231/1324/4 3232/1329/4
f 3240/1330/4 3241/1327/4 3232/1329/4
f 3275/1328/4 3268/1326/4 3269/1331/4
f 3274/1332/4 3275/1328/4 3269/1331/4
f 3239/1333/4 3240/1330/4 3232/1329/4
f 3239/1333/4 3232/1329/4 3233/1334/4
f 3238/1335/4 3239/1333/4 3233/1334/4
f 3273/626/4 3274/1332/4 3269/1331/4
f 3273/626/4 3269/1331/4 3270/1336/4
f 3238/1335/4 3233/1334/4 3234/131/4
f 3237/1337/4 3238/1335/4 3234/131/4
f 3272/1338/4 3273/626/4 3270/1336/4
f 3236/1339/4 3237/1337/4 3234/131/4
f 3272/1338/4 3270/1336/4 3271/1340/4
f 3236/1339/4 3234/131/4 3235/1341/4
f 3488/1342/4 3489/797/4 3490/1343/4
f 3524/1344/4 3525/1346/4 3526/1345/4
f 3488/1342/4 3490/1343/4 3491/1347/4
f 3488/1342/4 3491/1347/4 3492/1348/4
f 3488/1342/4 3492/1348/4 3493/1349/4
f 3487/1350/4 3488/1342/4 3493/1349/4
f 3487/1350/4 3493/1349/4 3494/1351/4
f 3487/1350/4 3494/1351/4 3495/1352/4
f 3487/1350/4 3495/1352/4 3496/1353/4
f 3487/1350/4 3496/1353/4 3497/1354/4
f 3486/1355/4 3487/1350/4 3497/1354/4
f 3486/1355/4 3497/1354/4 3498/1356/4
f 3523/971/4 3524/1344/4 3526/1345/4
f 3486/1355/4 3498/1356/4 3499/1357/4
f 3486/1355/4 3499/1357/4 3500/1358/4
f 3486/1355/4 3500/1358/4 3501/1359/4
f 3485/1360/4 3486/1355/4 3501/1359/4
f 3522/1361/4 3523/971/4 3526/1345/4
f 3485/1360/4 3501/1359/4 3502/1362/4
f 3521/1363/4 3522/1361/4 3526/1345/4
f 3485/1360/4 3502/1362/4 3503/1364/4
f 3484/1365/4 3485/1360/4 3503/1364/4
f 3484/1365/4 3503/1364/4 3504/1366/4
f 3520/1367/4 3521/1363/4 3526/1345/4
f 3484/1365/4 3504/1366/4 3505/1368/4
f 3519/1369/4 3520/1367/4 3526/1345/4
f 3484/1365/4 3505/1368/4 3506/841/4
f 3518/1370/4 3519/1369/4 3526/1345/4
f 3484/1365/4 3506/841/4 3507/1371/4
f 3483/1372/4 3484/1365/4 3507/1371/4
f 3517/1373/4 3518/1370/4 3526/1345/4
f 3483/1372/4 3507/1371/4 3508/1374/4
f 3483/1372/4 3508/1374/4 3509/1375/4
f 3516/1376/4 3517/1373/4 3526/1345/4
f 3483/1372/4 3509/1375/4 3510/1377/4
f 3515/1378/4 3516/1376/4 3526/1345/4
f 3483/1372/4 3510/1377/4 3511/1379/4
f 3514/1380/4 3515/1378/4 3526/1345/4
f 3483/1372/4 3511/1379/4 3512/1381/4
f 3513/1382/4 3514/1380/4 3526/1345/4
f 3483/1372/4 3512/1381/4 3513/1382/4
f 3483/1372/4 3513/1382/4 3551/1383/4
f 3551/1383/4 3513/1382/4 3550/1384/4
f 3550/1384/4 3513/1382/4 3549/1385/4
f 3549/1385/4 3513/1382/4 3548/1386/4
f 3548/1386/4 3513/1382/4 3547/1387/4
f 3547/1387/4 3513/1382/4 3546/1388/4
f 3546/1388/4 3513/1382/4 3545/1389/4
f 3545/1389/4 3513/1382/4 3544/1390/4
f 3544/1390/4 3513/1382/4 3543/1391/4
f 3543/1391/4 3513/1382/4 3542/1392/4
f 3542/1392/4 3513/1382/4 3541/1393/4
f 3541/1393/4 3513/1382/4 3540/131/4
f 3540/131/4 3513/1382/4 3526/1345/4
f 3482/1394/4 3483/1372/4 3552/1395/4
f 3552/1395/4 3483/1372/4 3551/1383/4
f 3482/1394/4 3552/1395/4 3553/1396/4
f 3482/1394/4 3553/1396/4 3554/1397/4
f 3482/1394/4 3554/1397/4 3555/1398/4
f 3482/1394/4 3555/1398/4 3556/1399/4
f 3481/1400/4 3482/1394/4 3556/1399/4
f 3481/1400/4 3556/1399/4 3557/830/4
f 3481/1400/4 3557/830/4 3558/1401/4
f 3480/1402/4 3481/1400/4 3558/1401/4
f 3480/1402/4 3558/1401/4 3559/1403/4
f 3479/1404/4 3480/1402/4 3559/1403/4
f 3479/1404/4 3559/1403/4 3560/1405/4
f 3479/1404/4 3560/1405/4 3561/1406/4
f 3478/1407/4 3479/1404/4 3561/1406/4
f 3478/1407/4 3561/1406/4 3562/1408/4
f 3539/1409/4 3540/131/4 3526/1345/4
f 3477/1410/4 3478/1407/4 3562/1408/4
f 3477/1410/4 3562/1408/4 3563/1411/4
f 3538/1412/6 3539/1409/6 3526/1345/6
f 3537/1413/4 3538/1412/4 3526/1345/4
f 3477/1410/4 3563/1411/4 3564/1414/4
f 3476/1415/4 3477/1410/4 3564/1414/4
f 3536/1416/4 3537/1413/4 3526/1345/4
f 3535/1417/4 3536/1416/4 3526/1345/4
f 3476/1415/4 3564/1414/4 3565/1418/4
f 3534/1419/4 3535/1417/4 3526/1345/4
f 3475/1420/4 3476/1415/4 3565/1418/4
f 3533/1421/4 3534/1419/4 3526/1345/4
f 3475/1420/4 3565/1418/4 3566/1422/4
f 3532/1423/4 3533/1421/4 3526/1345/4
f 3474/1424/4 3475/1420/4 3566/1422/4
f 3531/1425/4 3532/1423/4 3526/1345/4
f 3474/1424/4 3566/1422/4 3567/1426/4
f 3530/1427/4 3531/1425/4 3526/1345/4
f 3473/1428/4 3474/1424/4 3567/1426/4
f 3529/1429/4 3530/1427/4 3526/1345/4
f 3473/1428/4 3567/1426/4 3568/1430/4
f 3528/1431/4 3529/1429/4 3526/1345/4
f 3472/898/4 3473/1428/4 3568/1430/4
f 3527/1432/4 3528/1431/4 3526/1345/4
f 3472/898/4 3568/1430/4 3569/1433/4
f 3471/1434/4 3472/898/4 3569/1433/4
f 3471/1434/4 3569/1433/4 3570/1435/4
f 3470/1436/4 3471/1434/4 3570/1435/4
f 3470/1436/4 3570/1435/4 3571/1437/4
f 3469/1438/4 3470/1436/4 3571/1437/4
f 3469/1438/4 3571/1437/4 3572/1439/4
f 3468/1440/4 3469/1438/4 3572/1439/4
f 3468/1440/4 3572/1439/4 3573/1441/4
f 3467/1442/4 3468/1440/4 3573/1441/4
f 3466/1443/4 3467/1442/4 3573/1441/4
f 3466/1443/4 3573/1441/4 3574/779/4
f 3465/1444/4 3466/1443/4 3574/779/4
f 3465/1444/4 3574/779/4 3575/1445/4
f 3464/1446/4 3465/1444/4 3575/1445/4
f 3464/1446/4 3575/1445/4 3576/1447/4
f 3463/1448/4 3464/1446/4 3576/1447/4
f 3649/1449/4 3650/1451/4 3651/1450/4
f 3649/1449/4 3651/1450/4 3652/1452/4
f 3463/1448/4 3576/1447/4 3577/1453/4
f 3462/1454/4 3463/1448/4 3577/1453/4
f 3462/1454/4 3577/1453/4 3578/1455/4
f 3648/1456/1 3649/1449/1 3652/1452/1
f 3647/1457/4 3648/1456/4 3653/1458/4
f 3653/1458/1 3648/1456/1 3652/1452/1
f 3647/1457/4 3653/1458/4 3654/1459/4
f 3646/1460/4 3647/1457/4 3654/1459/4
f 3646/1460/4 3654/1459/4 3655/1461/4
f 3645/1462/4 3646/1460/4 3655/1461/4
f 3645/1462/4 3655/1461/4 3656/1463/4
f 3644/1464/4 3645/1462/4 3656/1463/4
f 3644/1464/4 3656/1463/4 3657/1465/4
f 3643/1466/4 3644/1464/4 3657/1465/4
f 3643/1466/4 3657/1465/4 3658/1467/4
f 3642/705/4 3643/1466/4 3658/1467/4
f 3642/705/4 3658/1467/4 3659/790/4
f 3641/1468/4 3642/705/4 3659/790/4
f 3641/1468/4 3659/790/4 3660/1469/4
f 3640/1470/4 3641/1468/4 3660/1469/4
f 3640/1470/4 3660/1469/4 3661/1471/4
f 3639/1472/4 3640/1470/4 3661/1471/4
f 3639/1472/4 3661/1471/4 3662/1473/4
f 3638/1474/4 3639/1472/4 3662/1473/4
f 3638/1474/4 3662/1473/4 3663/1475/4
f 3461/1476/4 3462/1454/4 3578/1455/4
f 3637/1477/4 3638/1474/4 3663/1475/4
f 3637/1477/4 3663/1475/4 3664/1478/4
f 3636/1479/4 3637/1477/4 3664/1478/4
f 3636/1479/4 3664/1478/4 3665/1480/4
f 3635/1481/4 3636/1479/4 3665/1480/4
f 3635/1481/4 3665/1480/4 3666/1482/4
f 3634/1483/4 3635/1481/4 3666/1482/4
f 3634/1483/4 3666/1482/4 3667/1484/4
f 3633/1485/4 3634/1483/4 3667/1484/4
f 3633/1485/4 3667/1484/4 3668/1486/4
f 3461/1476/4 3578/1455/4 3579/1487/4
f 3632/1488/4 3633/1485/4 3668/1486/4
f 3632/1488/4 3668/1486/4 3669/1489/4
f 3631/1490/4 3632/1488/4 3669/1489/4
f 3631/1490/4 3669/1489/4 3670/1491/4
f 3460/1492/4 3461/1476/4 3579/1487/4
f 3630/1493/4 3631/1490/4 3670/1491/4
f 3630/1493/4 3670/1491/4 3671/1494/4
f 3629/1495/4 3630/1493/4 3671/1494/4
f 3629/1495/4 3671/1494/4 3672/1496/4
f 3628/1497/4 3629/1495/4 3672/1496/4
f 3628/1497/4 3672/1496/4 3673/1498/4
f 3460/1492/4 3579/1487/4 3580/1499/4
f 3627/1500/4 3628/1497/4 3673/1498/4
f 3627/1500/4 3673/1498/4 3674/1501/4
f 3626/1502/4 3627/1500/4 3674/1501/4
f 3626/1502/4 3674/1501/4 3675/1503/4
f 3459/1504/4 3460/1492/4 3580/1499/4
f 3625/832/4 3626/1502/4 3675/1503/4
f 3625/832/4 3675/1503/4 3676/140/4
f 3624/1505/4 3625/832/4 3676/140/4
f 3624/1505/4 3676/140/4 3404/141/4
f 3459/1504/4 3580/1499/4 3581/1506/4
f 3623/1507/4 3624/1505/4 3404/141/4
f 3623/1507/4 3404/141/4 3405/1508/4
f 3458/1509/4 3459/1504/4 3581/1506/4
f 3458/1509/4 3581/1506/4 3582/1510/4
f 3457/1511/4 3458/1509/4 3582/1510/4
f 3457/1511/4 3582/1510/4 3583/1512/4
f 3456/1513/4 3457/1511/4 3583/1512/4
f 3456/1513/4 3583/1512/4 3584/1514/4
f 3455/1017/4 3456/1513/4 3584/1514/4
f 3455/1017/4 3584/1514/4 3585/1515/4
f 3454/1516/4 3455/1017/4 3585/1515/4
f 3622/1517/4 3623/1507/4 3405/1508/4
f 3454/1516/4 3585/1515/4 3586/1518/4
f 3621/1519/4 3622/1517/4 3405/1508/4
f 3453/1520/4 3454/1516/4 3586/1518/4
f 3620/1521/4 3621/1519/4 3405/1508/4
f 3619/1522/4 3620/1521/4 3405/1508/4
f 3453/1520/4 3586/1518/4 3587/1523/4
f 3618/1524/4 3619/1522/4 3405/1508/4
f 3452/1525/4 3453/1520/4 3587/1523/4
f 3617/1526/4 3618/1524/4 3405/1508/4
f 3452/1525/4 3587/1523/4 3588/1527/4
f 3616/1528/4 3617/1526/4 3405/1508/4
f 3451/1529/4 3452/1525/4 3588/1527/4
f 3615/1530/4 3616/1528/4 3405/1508/4
f 3451/1529/4 3588/1527/4 3589/1531/4
f 3614/1532/4 3615/1530/4 3406/1533/4
f 3406/1533/4 3615/1530/4 3405/1508/4
f 3451/1529/4 3589/1531/4 3590/1534/4
f 3613/1535/4 3614/1532/4 3408/1536/4
f 3408/1536/4 3614/1532/4 3407/1537/4
f 3407/1537/4 3614/1532/4 3406/1533/4
f 3450/1538/4 3451/1529/4 3590/1534/4
f 3612/1539/4 3613/1535/4 3410/1540/4
f 3410/1540/4 3613/1535/4 3409/1541/4
f 3409/1541/4 3613/1535/4 3408/1536/4
f 3450/1538/4 3590/1534/4 3591/929/4
f 3611/1542/4 3612/1539/4 3412/1543/4
f 3412/1543/4 3612/1539/4 3411/1544/4
f 3411/1544/4 3612/1539/4 3410/1540/4
f 3449/1545/4 3450/1538/4 3591/929/4
f 3449/1545/4 3591/929/4 3592/1546/4
f 3610/1547/4 3611/1542/4 3414/1548/4
f 3414/1548/4 3611/1542/4 3413/1549/4
f 3413/1549/4 3611/1542/4 3412/1543/4
f 3609/1550/4 3610/1547/4 3416/1551/4
f 3416/1551/4 3610/1547/4 3415/1552/4
f 3415/1552/4 3610/1547/4 3414/1548/4
f 3449/1545/4 3592/1546/4 3593/1553/4
f 3608/979/4 3609/1550/4 3417/1554/4
f 3417/1554/4 3609/1550/4 3416/1551/4
f 3448/1555/4 3449/1545/4 3593/1553/4
f 3448/1555/4 3593/1553/4 3594/1556/4
f 3608/979/4 3417/1554/4 3418/1557/4
f 3608/979/4 3418/1557/4 3419/1558/4
f 3607/1559/4 3608/979/4 3419/1558/4
f 3607/1559/4 3419/1558/4 3420/1560/4
f 3607/1559/4 3420/1560/4 3421/737/4
f 3607/1559/4 3421/737/4 3422/1561/4
f 3606/1562/4 3607/1559/4 3422/1561/4
f 3606/1562/4 3422/1561/4 3423/1563/4
f 3448/1555/4 3594/1556/4 3595/1564/4
f 3606/1562/4 3423/1563/4 3424/1565/4
f 3605/1566/4 3606/1562/4 3424/1565/4
f 3605/1566/4 3424/1565/4 3425/1567/4
f 3448/1555/4 3595/1564/4 3596/1568/4
f 3447/1569/4 3448/1555/4 3596/1568/4
f 3604/1570/4 3605/1566/4 3425/1567/4
f 3604/1570/4 3425/1567/4 3426/1571/4
f 3603/1572/4 3604/1570/4 3426/1571/4
f 3447/1569/4 3596/1568/4 3597/1573/4
f 3602/1574/4 3603/1572/4 3426/1571/4
f 3602/1574/4 3426/1571/4 3427/1575/4
f 3447/1569/4 3597/1573/4 3598/1576/4
f 3601/1577/4 3602/1574/4 3427/1575/4
f 3600/1578/4 3601/1577/4 3427/1575/4
f 3447/1569/4 3598/1576/4 3599/1579/4
f 3599/1579/4 3600/1578/4 3427/1575/4
f 3447/1569/4 3599/1579/4 3427/1575/4
f 3447/1569/4 3427/1575/4 3428/1580/4
f 3446/1581/4 3447/1569/4 3428/1580/4
f 3446/1581/4 3428/1580/4 3429/1582/4
f 3446/1581/4 3429/1582/4 3430/1583/4
f 3445/1584/4 3446/1581/4 3430/1583/4
f 3445/1584/4 3430/1583/4 3431/1585/4
f 3445/1584/4 3431/1585/4 3432/1586/4
f 3444/1587/4 3445/1584/4 3432/1586/4
f 3444/1587/4 3432/1586/4 3433/1588/4
f 3444/1587/4 3433/1588/4 3434/1589/4
f 3444/1587/4 3434/1589/4 3435/1590/4
f 3443/1591/4 3444/1587/4 3435/1590/4
f 3443/1591/4 3435/1590/4 3436/1592/4
f 3443/1591/4 3436/1592/4 3437/1593/4
f 3442/1594/4 3443/1591/4 3437/1593/4
f 3442/1594/4 3437/1593/4 3438/889/4
f 3442/1594/4 3438/889/4 3439/1595/4
f 3441/1596/4 3442/1594/4 3439/1595/4
f 3441/1596/4 3439/1595/4 3440/1597/4
s 1
f 3678/1598/7 3680/1599/8 3679/1600/8 3677/141/7
f 3680/1599/8 3682/1601/9 3681/1602/9 3679/1600/8
f 3682/1601/9 3684/1603/10 3683/1604/10 3681/1602/9
f 3684/1603/10 3686/1605/11 3685/1606/11 3683/1604/10
f 3686/1605/11 3688/1607/12 3687/1608/12 3685/1606/11
f 3688/1607/12 3690/1609/13 3689/1610/13 3687/1608/12
f 3690/1609/13 3692/1611/14 3691/519/14 3689/1610/13
f 3692/1611/14 3694/1612/15 3693/1613/15 3691/519/14
f 3694/1612/15 3696/1614/16 3695/1615/16 3693/1613/15
f 3696/1614/16 3698/1616/17 3697/1617/17 3695/1615/16
f 3698/1616/17 3700/1618/18 3699/1619/18 3697/1617/17
f 3700/1618/18 3702/1620/19 3701/1621/19 3699/1619/18
f 3702/1620/19 3704/1622/20 3703/723/20 3701/1621/19
f 3704/1622/20 3706/1623/21 3705/534/21 3703/723/20
f 3706/1623/21 3708/1624/22 3707/1625/22 3705/534/21
f 3708/1624/22 3710/1626/23 3709/1627/23 3707/1625/22
f 3710/1626/23 3712/1628/24 3711/1629/24 3709/1627/23
f 3712/1628/24 3714/1630/25 3713/1631/25 3711/1629/24
f 3714/1630/25 3716/1632/26 3715/1633/26 3713/1631/25
f 3716/1632/26 3718/1634/27 3717/1635/27 3715/1633/26
f 3718/1634/27 3720/1636/28 3719/550/28 3717/1635/27
f 3720/1636/28 3722/1637/29 3721/1638/29 3719/550/28
f 3722/1637/29 3724/1639/30 3723/1640/30 3721/1638/29
f 3724/1639/30 3726/1641/31 3725/1642/31 3723/1640/30
f 3726/1641/31 3728/1643/32 3727/1644/32 3725/1642/31
f 3728/1643/32 3730/1645/33 3729/840/33 3727/1644/32
f 3730/1645/33 3732/1646/34 3731/1647/34 3729/840/33
f 3732/1646/34 3734/1648/35 3733/570/35 3731/1647/34
f 3734/1648/35 3736/1649/36 3735/1650/36 3733/570/35
f 3736/1649/36 3738/1651/37 3737/1652/37 3735/1650/36
f 3738/1651/37 3740/1653/38 3739/1654/38 3737/1652/37
f 3740/1653/38 3742/1655/39 3741/1656/39 3739/1654/38
f 3742/1655/39 3744/1657/40 3743/1658/40 3741/1656/39
f 3744/1657/40 3746/1659/41 3745/1660/41 3743/1658/40
f 3746/1659/41 3748/1661/42 3747/591/42 3745/1660/41
f 3748/1661/42 3750/1662/43 3749/1663/43 3747/591/42
f 3750/1662/43 3752/1664/44 3751/1665/44 3749/1663/43
f 3752/1664/44 3754/1666/45 3753/1667/45 3751/1665/44
f 3754/1666/45 3756/1668/46 3755/925/46 3753/1667/45
f 3756/1668/46 3758/1669/47 3757/1670/47 3755/925/46
f 3758/1669/47 3760/1671/48 3759/1672/48 3757/1670/47
f 3760/1671/48 3762/1673/49 3761/612/49 3759/1672/48
f 3762/1673/49 3764/1674/50 3763/1675/50 3761/612/49
f 3764/1674/50 3766/1676/51 3765/1677/51 3763/1675/50
f 3766/1676/51 3768/1678/52 3767/1679/52 3765/1677/51
f 3768/1678/52 3770/1680/53 3769/1681/53 3767/1679/52
f 3770/1680/53 3772/1682/54 3771/1683/54 3769/1681/53
f 3772/1682/54 3774/1684/55 3773/1685/55 3771/1683/54
f 3774/1684/55 3776/1686/56 3775/632/56 3773/1685/55
f 3776/1686/56 3778/1687/57 3777/1688/57 3775/632/56
f 3778/1687/57 3780/1689/58 3779/1690/58 3777/1688/57
f 3780/1689/58 3782/1691/59 3781/1014/59 3779/1690/58
f 3782/1691/59 3784/1692/60 3783/1693/60 3781/1014/59
f 3784/1692/60 3786/1694/61 3785/1695/61 3783/1693/60
f 3786/1694/61 3788/1696/62 3787/1697/62 3785/1695/61
f 3788/1696/62 3790/1698/63 3789/649/63 3787/1697/62
f 3790/1698/63 3792/1699/64 3791/1700/64 3789/649/63
f 3792/1699/64 3794/1701/65 3793/1702/65 3791/1700/64
f 3794/1701/65 3796/1703/66 3795/1704/66 3793/1702/65
f 3796/1703/66 3798/1705/67 3797/1706/67 3795/1704/66
f 3798/1705/67 3800/1707/68 3799/1708/68 3797/1706/67
f 3800/1707/68 3802/1709/69 3801/1710/69 3799/1708/68
f 3802/1709/69 3804/1711/70 3803/666/70 3801/1710/69
f 3804/1711/70 3806/1712/71 3805/1713/71 3803/666/70
f 3806/1712/71 3808/1714/72 3807/922/72 3805/1713/71
f 3808/1714/72 3810/1715/73 3809/1716/73 3807/922/72
f 3810/1715/73 3812/1717/74 3811/1718/74 3809/1716/73
f 3812/1717/74 3814/1719/75 3813/1720/75 3811/1718/74
f 3814/1719/75 3816/1721/76 3815/1722/76 3813/1720/75
f 3816/1721/76 3818/1723/77 3817/673/77 3815/1722/76
f 3818/1723/77 3820/1724/78 3819/1725/78 3817/673/77
f 3820/1724/78 3822/1726/79 3821/1727/79 3819/1725/78
f 3822/1726/79 3824/1728/80 3823/1729/80 3821/1727/79
f 3824/1728/80 3826/1730/81 3825/1731/81 3823/1729/80
f 3826/1730/81 3828/1732/82 3827/1733/82 3825/1731/81
f 3828/1732/82 3830/1734/83 3829/1735/83 3827/1733/82
f 3830/1734/83 3832/1736/84 3831/659/84 3829/1735/83
f 3832/1736/84 3834/1737/85 3833/843/85 3831/659/84
f 3834/1737/85 3836/1738/86 3835/1739/86 3833/843/85
f 3836/1738/86 3838/1740/87 3837/1741/87 3835/1739/86
f 3838/1740/87 3840/1742/88 3839/1743/88 3837/1741/87
f 3840/1742/88 3842/1744/89 3841/1745/89 3839/1743/88
f 3842/1744/89 3844/1746/90 3843/1747/90 3841/1745/89
f 3844/1746/90 3846/1748/91 3845/642/91 3843/1747/90
f 3846/1748/91 3848/1749/92 3847/1750/92 3845/642/91
f 3848/1749/92 3850/1751/93 3849/1752/93 3847/1750/92
f 3850/1751/93 3852/1753/94 3851/1754/94 3849/1752/93
f 3852/1753/94 3854/1755/95 3853/1756/95 3851/1754/94
f 3854/1755/95 3856/1757/96 3855/1758/96 3853/1756/95
f 3856/1757/96 3858/1759/97 3857/1760/97 3855/1758/96
f 3858/1759/97 3860/1761/98 3859/414/98 3857/1760/97
f 3860/1761/98 3862/1762/99 3861/1763/99 3859/414/98
f 3862/1762/99 3864/1764/100 3863/1765/100 3861/1763/99
f 3864/1764/100 3866/1766/101 3865/1767/101 3863/1765/100
f 3866/1766/101 3868/1768/102 3867/1769/102 3865/1767/101
f 3868/1768/102 3870/1770/103 3869/1771/103 3867/1769/102
f 3870/1770/103 3872/1772/104 3871/1773/104 3869/1771/103
f 3872/1772/104 3874/1774/105 3873/605/105 3871/1773/104
f 3874/1774/105 3876/1775/106 3875/1776/106 3873/605/105
f 3876/1775/106 3878/1777/107 3877/1778/107 3875/1776/106
f 3878/1777/107 3880/1779/108 3879/1780/108 3877/1778/107
f 3880/1779/108 3882/1781/109 3881/1782/109 3879/1780/108
f 3882/1781/109 3884/1783/110 3883/1784/110 3881/1782/109
f 3884/1783/110 3886/1785/111 3885/852/111 3883/1784/110
f 3886/1785/111 3888/1786/112 3887/582/112 3885/852/111
f 3888/1786/112 3890/1787/113 3889/1788/113 3887/582/112
f 3890/1787/113 3892/1789/114 3891/1790/114 3889/1788/113
f 3892/1789/114 3894/1791/115 3893/1792/115 3891/1790/114
f 3894/1791/115 3896/1793/116 3895/1794/116 3893/1792/115
f 3896/1793/116 3898/1795/117 3897/1796/117 3895/1794/116
f 3898/1795/117 3900/1797/118 3899/1798/118 3897/1796/117
f 3900/1797/118 3902/1799/119 3901/563/119 3899/1798/118
f 3902/1799/119 3904/1800/120 3903/1801/120 3901/563/119
f 3904/1800/120 3906/1802/121 3905/1803/121 3903/1801/120
f 3906/1802/121 3908/1804/122 3907/1805/122 3905/1803/121
f 3908/1804/122 3910/1806/123 3909/1807/123 3907/1805/122
f 3910/1806/123 3912/1808/124 3911/953/124 3909/1807/123
f 3912/1808/124 3914/1809/125 3913/1810/125 3911/953/124
f 3914/1809/125 3916/1811/126 3915/545/126 3913/1810/125
f 3916/1811/126 3918/1812/127 3917/1813/127 3915/545/126
f 3918/1812/127 3920/1814/128 3919/1815/128 3917/1813/127
f 3920/1814/128 3922/1816/129 3921/1817/129 3919/1815/128
f 3922/1816/129 3924/1818/130 3923/1819/130 3921/1817/129
f 3924/1818/130 3926/1820/131 3925/1821/131 3923/1819/130
f 3926/1820/131 3928/1822/132 3927/1823/132 3925/1821/131
f 3928/1822/132 3930/1824/133 3929/528/133 3927/1823/132
f 3930/1824/133 3932/1825/134 3931/1826/134 3929/528/133
f 3932/1825/134 3934/1827/135 3933/1828/135 3931/1826/134
f 3934/1827/135 3936/1829/136 3935/1830/136 3933/1828/135
f 3936/1829/136 3938/1831/137 3937/986/137 3935/1830/136
f 3938/1831/137 3940/1832/138 3939/1833/138 3937/986/137
f 3940/1832/138 3942/1834/139 3941/1835/139 3939/1833/138
f 3942/1834/139 3944/1836/140 3943/514/140 3941/1835/139
f 3944/1836/140 3946/1837/141 3945/1838/141 3943/514/140
f 3946/1837/141 3948/1839/142 3947/1840/142 3945/1838/141
f 3948/1839/142 3950/1841/143 3949/1842/143 3947/1840/142
f 3950/1841/143 3952/1843/144 3951/1844/144 3949/1842/143
f 3952/1843/144 3954/1845/145 3953/1846/145 3951/1844/144
f 3954/1845/145 3956/1847/146 3955/1848/146 3953/1846/145
f 3956/1847/146 3958/1849/147 3957/546/147 3955/1848/146
f 3958/1849/147 3960/1850/148 3959/1851/148 3957/546/147
f 3960/1850/148 3962/1852/149 3961/1853/149 3959/1851/148
f 3962/1852/149 3964/1854/150 3963/891/150 3961/1853/149
f 3964/1854/150 3966/1855/151 3965/1856/151 3963/891/150
f 3966/1855/151 3968/1857/152 3967/1858/152 3965/1856/151
f 3968/1857/152 3970/1859/153 3969/1860/153 3967/1858/152
f 3970/1859/153 3972/1861/154 3971/568/154 3969/1860/153
f 3972/1861/154 3974/1862/155 3973/1863/155 3971/568/154
f 3974/1862/155 3976/1864/156 3975/1865/156 3973/1863/155
f 3976/1864/156 3978/1866/157 3977/1867/157 3975/1865/156
f 3978/1866/157 3980/1868/158 3979/1869/158 3977/1867/157
f 3980/1868/158 3982/1870/159 3981/1871/159 3979/1869/158
f 3982/1870/159 3984/1872/160 3983/1873/160 3981/1871/159
f 3984/1872/160 3986/1874/161 3985/588/161 3983/1873/160
f 3986/1874/161 3988/1875/162 3987/1876/162 3985/588/161
f 3988/1875/162 3990/1877/163 3989/815/163 3987/1876/162
f 3990/1877/163 3992/1878/164 3991/1879/164 3989/815/163
f 3992/1878/164 3994/1880/165 3993/1881/165 3991/1879/164
f 3994/1880/165 3996/1882/166 3995/1883/166 3993/1881/165
f 3996/1882/166 3998/1884/167 3997/1885/167 3995/1883/166
f 3998/1884/167 4000/1886/168 3999/607/168 3997/1885/167
f 4000/1886/168 4002/1887/169 4001/1888/169 3999/607/168
f 4002/1887/169 4004/1889/170 4003/1890/170 4001/1888/169
f 4004/1889/170 4006/1891/171 4005/1892/171 4003/1890/170
f 4006/1891/171 4008/1893/172 4007/1894/172 4005/1892/171
f 4008/1893/172 4010/1895/173 4009/1896/173 4007/1894/172
f 4010/1895/173 4012/1897/174 4011/1898/174 4009/1896/173
f 4012/1897/174 4014/1899/175 4013/626/175 4011/1898/174
f 4014/1899/175 4016/1900/176 4015/767/176 4013/626/175
f 4016/1900/176 4018/1901/177 4017/1902/177 4015/767/176
f 4018/1901/177 4020/1903/178 4019/1904/178 4017/1902/177
f 4020/1903/178 4022/1905/179 4021/1906/179 4019/1904/178
f 4022/1905/179 4024/1907/180 4023/1908/180 4021/1906/179
f 4024/1907/180 4026/1909/181 4025/1910/181 4023/1908/180
f 4026/1909/181 4028/1911/182 4027/647/182 4025/1910/181
f 4028/1911/182 4030/1912/183 4029/1913/183 4027/647/182
f 4030/1912/183 4032/1914/184 4031/1915/184 4029/1913/183
f 4032/1914/184 4034/1916/185 4033/1917/185 4031/1915/184
f 4034/1916/185 4036/1918/186 4035/1919/186 4033/1917/185
f 4036/1918/186 4038/1920/187 4037/1921/187 4035/1919/186
f 4038/1920/187 4040/1922/188 4039/1923/188 4037/1921/187
f 4040/1922/188 4042/1924/189 4041/417/189 4039/1923/188
f 4042/1924/189 4044/1925/190 4043/1926/190 4041/417/189
f 4044/1925/190 4046/1927/191 4045/1928/191 4043/1926/190
f 4046/1927/191 4048/1929/192 4047/1930/192 4045/1928/191
f 4048/1929/192 4050/1931/193 4049/1932/193 4047/1930/192
f 4050/1931/193 4052/1933/194 4051/1934/194 4049/1932/193
f 4052/1933/194 4054/1935/195 4053/1936/195 4051/1934/194
f 4054/1935/195 4056/1937/196 4055/685/196 4053/1936/195
f 4056/1937/196 4058/1938/197 4057/1939/197 4055/685/196
f 4058/1938/197 4060/1940/198 4059/1941/198 4057/1939/197
f 4060/1940/198 4062/1942/199 4061/1943/199 4059/1941/198
f 4062/1942/199 4064/1944/200 4063/1945/200 4061/1943/199
f 4064/1944/200 4066/1946/201 4065/1947/201 4063/1945/200
f 4066/1946/201 4068/1948/202 4067/982/202 4065/1947/201
f 4068/1948/202 4070/1949/203 4069/676/203 4067/982/202
f 4070/1949/203 4072/1950/204 4071/1951/204 4069/676/203
f 4072/1950/204 4074/1952/205 4073/1953/205 4071/1951/204
f 4074/1952/205 4076/1954/206 4075/1955/206 4073/1953/205
f 4076/1954/206 4078/1956/207 4077/1957/207 4075/1955/206
f 4078/1956/207 4080/1958/208 4079/1959/208 4077/1957/207
f 4080/1958/208 4082/1960/209 4081/1961/209 4079/1959/208
f 4082/1960/209 4084/1962/210 4083/648/210 4081/1961/209
f 4084/1962/210 4086/1963/211 4085/1964/211 4083/648/210
f 4086/1963/211 4088/1965/212 4087/1966/212 4085/1964/211
f 4088/1965/212 4090/1967/213 4089/1968/213 4087/1966/212
f 4090/1967/213 4092/1969/214 4091/1970/214 4089/1968/213
f 4092/1969/214 4094/1971/215 4093/955/215 4091/1970/214
f 4094/1971/215 4096/1972/216 4095/1973/216 4093/955/215
f 4096/1972/216 4098/1974/217 4097/625/217 4095/1973/216
f 4098/1974/217 4100/1975/218 4099/1976/218 4097/625/217
f 4100/1975/218 4102/1977/219 4101/1978/219 4099/1976/218
f 4102/1977/219 4104/1979/220 4103/1980/220 4101/1978/219
f 4104/1979/220 4106/1981/221 4105/1982/221 4103/1980/220
f 4106/1981/221 4108/1983/222 4107/1984/222 4105/1982/221
f 4108/1983/222 4110/1985/223 4109/1986/223 4107/1984/222
f 4110/1985/223 4112/1987/224 4111/606/224 4109/1986/223
f 4112/1987/224 4114/1988/225 4113/1989/225 4111/606/224
f 4114/1988/225 4116/1990/226 4115/1991/226 4113/1989/225
f 4116/1990/226 4118/1992/227 4117/1993/227 4115/1991/226
f 4118/1992/227 4120/1994/228 4119/835/228 4117/1993/227
f 4120/1994/228 4122/1995/229 4121/1996/229 4119/835/228
f 4122/1995/229 4124/1997/230 4123/1998/230 4121/1996/229
f 4124/1997/230 4126/1999/231 4125/589/231 4123/1998/230
f 4126/1999/231 4128/2000/232 4127/2001/232 4125/589/231
f 4128/2000/232 4130/2002/233 4129/2003/233 4127/2001/232
f 4130/2002/233 4132/2004/234 4131/2005/234 4129/2003/233
f 4132/2004/234 4134/2006/235 4133/2007/235 4131/2005/234
f 4134/2006/235 4136/2008/236 4135/2009/236 4133/2007/235
f 4136/2008/236 4138/2010/237 4137/2011/237 4135/2009/236
f 4138/2010/237 4140/2012/238 4139/569/238 4137/2011/237
f 4140/2012/238 4142/2013/239 4141/2014/239 4139/569/238
f 4142/2013/239 4144/2015/240 4143/2016/240 4141/2014/239
f 4144/2015/240 4146/2017/241 4145/711/241 4143/2016/240
f 4146/2017/241 4148/2018/242 4147/2019/242 4145/711/241
f 4148/2018/242 4150/2020/243 4149/2021/243 4147/2019/242
f 4150/2020/243 4152/2022/244 4151/2023/244 4149/2021/243
f 4152/2022/244 4154/2024/245 4153/547/245 4151/2023/244
f 4154/2024/245 4156/2025/246 4155/2026/246 4153/547/245
f 4156/2025/246 4158/2027/247 4157/2028/247 4155/2026/246
f 4158/2027/247 4160/2029/248 4159/2030/248 4157/2028/247
f 4160/2029/248 4162/2031/249 4161/2032/249 4159/2030/248
f 4162/2031/249 4164/2033/250 4163/2034/250 4161/2032/249
f 4164/2033/250 4166/2035/251 4165/2036/251 4163/2034/250
f 4166/2035/251 4168/2037/239 4167/523/239 4165/2036/251
f 4168/2037/239 4170/2038/252 4169/2039/252 4167/523/239
f 4170/2038/252 4172/2040/253 4171/695/253 4169/2039/252
f 4172/2040/253 4174/2041/254 4173/2042/254 4171/695/253
f 4174/2041/254 4176/2043/255 4175/2044/255 4173/2042/254
f 4176/2043/255 4178/2045/256 4177/2046/256 4175/2044/255
f 4178/2045/256 4180/2047/257 4179/2048/257 4177/2046/256
f 4180/2047/257 4182/2049/258 4181/501/258 4179/2048/257
f 4182/2049/258 4184/2050/259 4183/2051/259 4181/501/258
f 4184/2050/259 4186/2052/260 4185/2053/260 4183/2051/259
f 4186/2052/260 4188/2054/261 4187/2055/261 4185/2053/260
f 4188/2054/261 4190/2056/262 4189/2057/262 4187/2055/261
f 4190/2056/262 4192/2058/263 4191/2059/263 4189/2057/262
f 4192/2058/263 4194/2060/264 4193/2061/264 4191/2059/263
f 4194/2060/264 4196/2062/265 4195/495/265 4193/2061/264
f 4196/2062/265 4198/2063/266 4197/733/266 4195/495/265
f 4198/2063/266 4200/2064/254 4199/2065/254 4197/733/266
f 4200/2064/254 4202/2066/267 4201/2067/267 4199/2065/254
f 4202/2066/267 4204/2068/268 4203/2069/268 4201/2067/267
f 4204/2068/268 4206/2070/269 4205/2071/269 4203/2069/268
f 4206/2070/269 4208/2072/270 4207/2073/270 4205/2071/269
f 4208/2072/270 4210/2074/271 4209/506/271 4207/2073/270
f 4210/2074/271 4212/2075/272 4211/2076/272 4209/506/271
f 4212/2075/272 4214/2077/273 4213/2078/273 4211/2076/272
f 4214/2077/273 4216/2079/274 4215/2080/274 4213/2078/273
f 4216/2079/274 4218/2081/275 4217/2082/275 4215/2080/274
f 4218/2081/275 4220/2083/276 4219/2084/276 4217/2082/275
f 4220/2083/276 4222/2085/277 4221/2086/277 4219/2084/276
f 4222/2085/277 3678/2087/7 3677/140/7 4221/2086/277
f 4224/1598/278 4226/2088/279 4225/2089/279 4223/141/278
f 4226/2088/279 4228/2090/280 4227/2091/280 4225/2089/279
f 4228/2090/280 4230/2092/281 4229/2093/281 4227/2091/280
f 4230/2092/281 4232/2094/282 4231/2095/282 4229/2093/281
f 4232/2094/282 4234/2096/283 4233/2097/283 4231/2095/282
f 4234/2096/283 4236/2098/284 4235/2099/284 4233/2097/283
f 4236/2098/284 4238/2100/285 4237/2101/285 4235/2099/284
f 4238/2100/285 4240/2102/286 4239/2103/286 4237/2101/285
f 4240/2102/286 4242/2104/287 4241/2105/287 4239/2103/286
f 4242/2104/287 4244/2106/288 4243/2107/288 4241/2105/287
f 4244/2106/288 4246/2108/289 4245/2109/289 4243/2107/288
f 4246/2108/289 4248/2110/290 4247/2111/290 4245/2109/289
f 4248/2110/290 4250/2112/291 4249/2113/291 4247/2111/290
f 4250/2112/291 4252/2114/292 4251/2115/292 4249/2113/291
f 4252/2114/292 4254/2116/293 4253/2117/293 4251/2115/292
f 4254/2116/293 4256/2118/294 4255/2119/294 4253/2117/293
f 4256/2118/294 4258/2120/295 4257/2121/295 4255/2119/294
f 4258/2120/295 4260/2122/296 4259/2123/296 4257/2121/295
f 4260/2122/296 4262/2124/297 4261/2125/297 4259/2123/296
f 4262/2124/297 4264/2126/298 4263/2127/298 4261/2125/297
f 4264/2126/298 4266/2128/299 4265/2129/299 4263/2127/298
f 4266/2128/299 4268/2130/300 4267/2131/300 4265/2129/299
f 4268/2130/300 4270/2132/301 4269/2133/301 4267/2131/300
f 4270/2132/301 4272/2134/302 4271/2135/302 4269/2133/301
f 4272/2134/302 4274/2136/303 4273/2137/303 4271/2135/302
f 4274/2136/303 4276/2138/304 4275/2139/304 4273/2137/303
f 4276/2138/304 4278/2140/305 4277/2141/305 4275/2139/304
f 4278/2140/305 4280/2142/306 4279/2143/306 4277/2141/305
f 4280/2142/306 4282/2144/307 4281/2145/307 4279/2143/306
f 4282/2144/307 4284/2146/308 4283/2147/308 4281/2145/307
f 4284/2146/308 4286/2148/309 4285/2149/309 4283/2147/308
f 4286/2148/309 4288/2150/310 4287/2151/310 4285/2149/309
f 4288/2150/310 4290/2152/311 4289/2153/311 4287/2151/310
f 4290/2152/311 4292/2154/312 4291/2155/312 4289/2153/311
f 4292/2154/312 4294/2156/313 4293/2157/313 4291/2155/312
f 4294/2156/313 4296/2158/314 4295/2159/314 4293/2157/313
f 4296/2158/314 4298/2160/315 4297/2161/315 4295/2159/314
f 4298/2160/315 4300/2162/316 4299/2163/316 4297/2161/315
f 4300/2162/316 4302/2164/317 4301/2165/317 4299/2163/316
f 4302/2164/317 4304/2166/318 4303/2167/318 4301/2165/317
f 4304/2166/318 4306/2168/319 4305/2169/319 4303/2167/318
f 4306/2168/319 4308/2170/320 4307/2171/320 4305/2169/319
f 4308/2170/320 4310/2172/321 4309/2173/321 4307/2171/320
f 4310/2172/321 4312/2174/322 4311/2175/322 4309/2173/321
f 4312/2174/322 4314/2176/323 4313/2177/323 4311/2175/322
f 4314/2176/323 4316/2178/324 4315/2179/324 4313/2177/323
f 4316/2178/324 4318/2180/325 4317/2181/325 4315/2179/324
f 4318/2180/325 4320/2182/326 4319/2183/326 4317/2181/325
f 4320/2182/326 4322/2184/327 4321/2185/327 4319/2183/326
f 4322/2184/327 4324/2186/328 4323/2187/328 4321/2185/327
f 4324/2186/328 4326/2188/329 4325/2189/329 4323/2187/328
f 4326/2188/329 4328/2190/330 4327/2191/330 4325/2189/329
f 4328/2190/330 4330/2192/331 4329/2193/331 4327/2191/330
f 4330/2192/331 4332/2194/332 4331/2195/332 4329/2193/331
f 4332/2194/332 4334/2196/333 4333/2197/333 4331/2195/332
f 4334/2196/333 4336/2198/334 4335/2199/334 4333/2197/333
f 4336/2198/334 4338/2200/335 4337/2201/335 4335/2199/334
f 4338/2200/335 4340/2202/336 4339/2203/336 4337/2201/335
f 4340/2202/336 4342/2204/337 4341/2205/337 4339/2203/336
f 4342/2204/337 4344/2206/338 4343/2207/338 4341/2205/337
f 4344/2206/338 4346/2208/339 4345/2209/339 4343/2207/338
f 4346/2208/339 4348/2210/340 4347/2211/340 4345/2209/339
f 4348/2210/340 4350/2212/341 4349/2213/341 4347/2211/340
f 4350/2212/341 4352/2214/342 4351/2215/342 4349/2213/341
f 4352/2214/342 4354/2216/343 4353/2217/343 4351/2215/342
f 4354/2216/343 4356/2218/344 4355/2219/344 4353/2217/343
f 4356/2218/344 4358/2220/345 4357/2221/345 4355/2219/344
f 4358/2220/345 4360/2222/346 4359/2223/346 4357/2221/345
f 4360/2222/346 4362/2224/347 4361/2225/347 4359/2223/346
f 4362/2224/347 4364/2226/348 4363/2227/348 4361/2225/347
f 4364/2226/348 4366/2228/349 4365/2229/349 4363/2227/348
f 4366/2228/349 4368/2230/350 4367/2231/350 4365/2229/349
f 4368/2230/350 4370/2232/351 4369/2233/351 4367/2231/350
f 4370/2232/351 4372/2234/352 4371/2235/352 4369/2233/351
f 4372/2234/352 4374/2236/353 4373/2237/353 4371/2235/352
f 4374/2236/353 4376/2238/354 4375/2239/354 4373/2237/353
f 4376/2238/354 4378/2240/355 4377/2241/355 4375/2239/354
f 4378/2240/355 4380/2242/356 4379/2243/356 4377/2241/355
f 4380/2242/356 4382/2244/357 4381/2245/357 4379/2243/356
f 4382/2244/357 4384/2246/358 4383/2247/358 4381/2245/357
f 4384/2246/358 4386/2248/359 4385/2249/359 4383/2247/358
f 4386/2248/359 4388/2250/360 4387/2251/360 4385/2249/359
f 4388/2250/360 4390/2252/361 4389/2253/361 4387/2251/360
f 4390/2252/361 4392/2254/362 4391/2255/362 4389/2253/361
f 4392/2254/362 4394/2256/363 4393/2257/363 4391/2255/362
f 4394/2256/363 4396/2258/364 4395/2259/364 4393/2257/363
f 4396/2258/364 4398/2260/365 4397/2261/365 4395/2259/364
f 4398/2260/365 4400/2262/366 4399/2263/366 4397/2261/365
f 4400/2262/366 4402/2264/367 4401/2265/367 4399/2263/366
f 4402/2264/367 4404/2266/368 4403/2267/368 4401/2265/367
f 4404/2266/368 4406/2268/369 4405/2269/369 4403/2267/368
f 4406/2268/369 4408/2270/370 4407/2271/370 4405/2269/369
f 4408/2270/370 4410/2272/371 4409/2273/371 4407/2271/370
f 4410/2272/371 4412/2274/372 4411/2275/372 4409/2273/371
f 4412/2274/372 4414/2276/373 4413/2277/373 4411/2275/372
f 4414/2276/373 4416/2278/374 4415/2279/374 4413/2277/373
f 4416/2278/374 4418/2280/375 4417/2281/375 4415/2279/374
f 4418/2280/375 4420/2282/376 4419/2283/376 4417/2281/375
f 4420/2282/376 4422/2284/377 4421/2285/377 4419/2283/376
f 4422/2284/377 4424/2286/378 4423/2287/378 4421/2285/377
f 4424/2286/378 4426/2288/379 4425/2289/379 4423/2287/378
f 4426/2288/379 4428/2290/380 4427/2291/380 4425/2289/379
f 4428/2290/380 4430/2292/381 4429/2293/381 4427/2291/380
f 4430/2292/381 4432/2294/382 4431/2295/382 4429/2293/381
f 4432/2294/382 4434/2296/383 4433/2297/383 4431/2295/382
f 4434/2296/383 4436/2298/384 4435/2299/384 4433/2297/383
f 4436/2298/384 4438/2300/385 4437/2301/385 4435/2299/384
f 4438/2300/385 4440/2302/386 4439/2303/386 4437/2301/385
f 4440/2302/386 4442/2304/387 4441/2305/387 4439/2303/386
f 4442/2304/387 4444/2306/388 4443/2307/388 4441/2305/387
f 4444/2306/388 4446/2308/389 4445/2309/389 4443/2307/388
f 4446/2308/389 4448/2310/390 4447/2311/390 4445/2309/389
f 4448/2310/390 4450/2312/391 4449/2313/391 4447/2311/390
f 4450/2312/391 4452/2314/392 4451/2315/392 4449/2313/391
f 4452/2314/392 4454/2316/393 4453/2317/393 4451/2315/392
f 4454/2316/393 4456/2318/394 4455/2319/394 4453/2317/393
f 4456/2318/394 4458/2320/395 4457/2321/395 4455/2319/394
f 4458/2320/395 4460/2322/396 4459/2323/396 4457/2321/395
f 4460/2322/396 4462/2324/397 4461/2325/397 4459/2323/396
f 4462/2324/397 4464/2326/398 4463/2327/398 4461/2325/397
f 4464/2326/398 4466/2328/399 4465/2329/399 4463/2327/398
f 4466/2328/399 4468/2330/400 4467/2331/400 4465/2329/399
f 4468/2330/400 4470/2332/401 4469/2333/401 4467/2331/400
f 4470/2332/401 4472/2334/402 4471/2335/402 4469/2333/401
f 4472/2334/402 4474/2336/403 4473/2337/403 4471/2335/402
f 4474/2336/403 4476/2338/404 4475/2339/404 4473/2337/403
f 4476/2338/404 4478/2340/405 4477/131/405 4475/2339/404
f 4478/2340/405 4480/2341/406 4479/2342/406 4477/131/405
f 4480/2341/406 4482/2343/407 4481/2344/407 4479/2342/406
f 4482/2343/407 4484/2345/408 4483/2346/408 4481/2344/407
f 4484/2345/408 4486/2347/409 4485/2348/409 4483/2346/408
f 4486/2347/409 4488/2349/410 4487/2350/410 4485/2348/409
f 4488/2349/410 4490/2351/411 4489/2352/411 4487/2350/410
f 4490/2351/411 4492/2353/412 4491/2354/412 4489/2352/411
f 4492/2353/412 4494/2355/413 4493/2356/413 4491/2354/412
f 4494/2355/413 4496/2357/414 4495/2358/414 4493/2356/413
f 4496/2357/414 4498/2359/415 4497/2360/415 4495/2358/414
f 4498/2359/415 4500/2361/416 4499/2362/416 4497/2360/415
f 4500/2361/416 4502/2363/417 4501/2364/417 4499/2362/416
f 4502/2363/417 4504/2365/418 4503/2366/418 4501/2364/417
f 4504/2365/418 4506/2367/419 4505/2368/419 4503/2366/418
f 4506/2367/419 4508/2369/420 4507/2370/420 4505/2368/419
f 4508/2369/420 4510/2371/421 4509/2372/421 4507/2370/420
f 4510/2371/421 4512/2373/422 4511/2374/422 4509/2372/421
f 4512/2373/422 4514/2375/423 4513/2376/423 4511/2374/422
f 4514/2375/423 4516/2377/424 4515/2378/424 4513/2376/423
f 4516/2377/424 4518/2379/425 4517/2380/425 4515/2378/424
f 4518/2379/425 4520/2381/426 4519/2382/426 4517/2380/425
f 4520/2381/426 4522/2383/427 4521/2384/427 4519/2382/426
f 4522/2383/427 4524/2385/428 4523/2386/428 4521/2384/427
f 4524/2385/428 4526/2387/429 4525/2388/429 4523/2386/428
f 4526/2387/429 4528/2389/430 4527/2390/430 4525/2388/429
f 4528/2389/430 4530/2391/431 4529/2392/431 4527/2390/430
f 4530/2391/431 4532/2393/432 4531/2394/432 4529/2392/431
f 4532/2393/432 4534/2395/433 4533/2396/433 4531/2394/432
f 4534/2395/433 4536/2397/434 4535/2398/434 4533/2396/433
f 4536/2397/434 4538/2399/435 4537/2400/435 4535/2398/434
f 4538/2399/435 4540/2401/436 4539/2402/436 4537/2400/435
f 4540/2401/436 4542/2403/437 4541/2404/437 4539/2402/436
f 4542/2403/437 4544/2405/438 4543/2406/438 4541/2404/437
f 4544/2405/438 4546/2407/439 4545/2408/439 4543/2406/438
f 4546/2407/439 4548/2409/440 4547/2410/440 4545/2408/439
f 4548/2409/440 4550/2411/441 4549/2412/441 4547/2410/440
f 4550/2411/441 4552/2413/442 4551/2414/442 4549/2412/441
f 4552/2413/442 4554/2415/443 4553/2416/443 4551/2414/442
f 4554/2415/443 4556/2417/444 4555/2418/444 4553/2416/443
f 4556/2417/444 4558/2419/445 4557/2420/445 4555/2418/444
f 4558/2419/445 4560/2421/446 4559/2422/446 4557/2420/445
f 4560/2421/446 4562/2423/447 4561/2424/447 4559/2422/446
f 4562/2423/447 4564/2425/448 4563/2426/448 4561/2424/447
f 4564/2425/448 4566/2427/449 4565/2428/449 4563/2426/448
f 4566/2427/449 4568/2429/450 4567/2430/450 4565/2428/449
f 4568/2429/450 4570/2431/451 4569/2432/451 4567/2430/450
f 4570/2431/451 4572/2433/452 4571/2434/452 4569/2432/451
f 4572/2433/452 4574/2435/453 4573/2436/453 4571/2434/452
f 4574/2435/453 4576/2437/454 4575/2438/454 4573/2436/453
f 4576/2437/454 4578/2439/455 4577/2440/455 4575/2438/454
f 4578/2439/455 4580/2441/456 4579/2442/456 4577/2440/455
f 4580/2441/456 4582/2443/457 4581/2444/457 4579/2442/456
f 4582/2443/457 4584/2445/458 4583/2446/458 4581/2444/457
f 4584/2445/458 4586/2447/459 4585/2448/459 4583/2446/458
f 4586/2447/459 4588/2449/460 4587/2450/460 4585/2448/459
f 4588/2449/460 4590/2451/461 4589/2452/461 4587/2450/460
f 4590/2451/461 4592/2453/462 4591/2454/462 4589/2452/461
f 4592/2453/462 4594/2455/463 4593/2456/463 4591/2454/462
f 4594/2455/463 4596/2457/464 4595/2458/464 4593/2456/463
f 4596/2457/464 4598/2459/465 4597/2460/465 4595/2458/464
f 4598/2459/465 4600/2461/466 4599/2462/466 4597/2460/465
f 4600/2461/466 4602/2463/467 4601/2464/467 4599/2462/466
f 4602/2463/467 4604/2465/468 4603/2466/468 4601/2464/467
f 4604/2465/468 4606/2467/469 4605/2468/469 4603/2466/468
f 4606/2467/469 4608/2469/470 4607/2470/470 4605/2468/469
f 4608/2469/470 4610/2471/471 4609/2472/471 4607/2470/470
f 4610/2471/471 4612/2473/472 4611/2474/472 4609/2472/471
f 4612/2473/472 4614/2475/473 4613/2476/473 4611/2474/472
f 4614/2475/473 4616/2477/474 4615/2478/474 4613/2476/473
f 4616/2477/474 4618/2479/475 4617/2480/475 4615/2478/474
f 4618/2479/475 4620/2481/476 4619/2482/476 4617/2480/475
f 4620/2481/476 4622/2483/477 4621/2484/477 4619/2482/476
f 4622/2483/477 4624/2485/478 4623/2486/478 4621/2484/477
f 4624/2485/478 4626/2487/479 4625/2488/479 4623/2486/478
f 4626/2487/479 4628/2489/480 4627/2490/480 4625/2488/479
f 4628/2489/480 4630/2491/481 4629/2492/481 4627/2490/480
f 4630/2491/481 4632/2493/482 4631/2494/482 4629/2492/481
f 4632/2493/482 4634/2495/483 4633/2496/483 4631/2494/482
f 4634/2495/483 4636/2497/484 4635/2498/484 4633/2496/483
f 4636/2497/484 4638/2499/485 4637/2500/485 4635/2498/484
f 4638/2499/485 4640/2501/486 4639/2502/486 4637/2500/485
f 4640/2501/486 4642/2503/487 4641/2504/487 4639/2502/486
f 4642/2503/487 4644/2505/488 4643/2506/488 4641/2504/487
f 4644/2505/488 4646/2507/489 4645/2508/489 4643/2506/488
f 4646/2507/489 4648/2509/490 4647/2510/490 4645/2508/489
f 4648/2509/490 4650/2511/491 4649/2512/491 4647/2510/490
f 4650/2511/491 4652/2513/492 4651/2514/492 4649/2512/491
f 4652/2513/492 4654/2515/493 4653/2516/493 4651/2514/492
f 4654/2515/493 4656/2517/494 4655/2518/494 4653/2516/493
f 4656/2517/494 4658/2519/495 4657/2520/495 4655/2518/494
f 4658/2519/495 4660/2521/496 4659/2522/496 4657/2520/495
f 4660/2521/496 4662/2523/497 4661/2524/497 4659/2522/496
f 4662/2523/497 4664/2525/498 4663/2526/498 4661/2524/497
f 4664/2525/498 4666/2527/499 4665/2528/499 4663/2526/498
f 4666/2527/499 4668/2529/500 4667/2530/500 4665/2528/499
f 4668/2529/500 4670/2531/501 4669/2532/501 4667/2530/500
f 4670/2531/501 4672/2533/502 4671/2534/502 4669/2532/501
f 4672/2533/502 4674/2535/503 4673/2536/503 4671/2534/502
f 4674/2535/503 4676/2537/504 4675/2538/504 4673/2536/503
f 4676/2537/504 4678/2539/505 4677/2540/505 4675/2538/504
f 4678/2539/505 4680/2541/506 4679/2542/506 4677/2540/505
f 4680/2541/506 4682/2543/507 4681/2544/507 4679/2542/506
f 4682/2543/507 4684/2545/508 4683/2546/508 4681/2544/507
f 4684/2545/508 4686/2547/509 4685/2548/509 4683/2546/508
f 4686/2547/509 4688/2549/510 4687/2550/510 4685/2548/509
f 4688/2549/510 4690/2551/511 4689/2552/511 4687/2550/510
f 4690/2551/511 4692/2553/512 4691/2554/512 4689/2552/511
f 4692/2553/512 4694/2555/513 4693/2556/513 4691/2554/512
f 4694/2555/513 4696/2557/514 4695/2558/514 4693/2556/513
f 4696/2557/514 4698/2559/515 4697/2560/515 4695/2558/514
f 4698/2559/515 4700/2561/516 4699/2562/516 4697/2560/515
f 4700/2561/516 4702/2563/517 4701/2564/517 4699/2562/516
f 4702/2563/517 4704/2565/518 4703/2566/518 4701/2564/517
f 4704/2565/518 4706/2567/519 4705/2568/519 4703/2566/518
f 4706/2567/519 4708/2569/520 4707/2570/520 4705/2568/519
f 4708/2569/520 4710/2571/521 4709/2572/521 4707/2570/520
f 4710/2571/521 4712/2573/522 4711/2574/522 4709/2572/521
f 4712/2573/522 4714/2575/523 4713/2576/523 4711/2574/522
f 4714/2575/523 4716/2577/524 4715/2578/524 4713/2576/523
f 4716/2577/524 4718/2579/525 4717/2580/525 4715/2578/524
f 4718/2579/525 4720/2581/526 4719/2582/526 4717/2580/525
f 4720/2581/526 4722/2583/527 4721/2584/527 4719/2582/526
f 4722/2583/527 4724/2585/528 4723/2586/528 4721/2584/527
f 4724/2585/528 4726/2587/529 4725/2588/529 4723/2586/528
f 4726/2587/529 4728/2589/530 4727/2590/530 4725/2588/529
f 4728/2589/530 4730/2591/531 4729/2592/531 4727/2590/530
f 4730/2591/531 4224/2087/278 4223/140/278 4729/2592/531
f 4732/1598/532 4734/2593/533 4733/2594/533 4731/141/532
f 4734/2593/533 4736/2595/534 4735/2596/534 4733/2594/533
f 4736/2595/534 4738/2597/535 4737/2598/535 4735/2596/534
f 4738/2597/535 4740/2599/536 4739/2600/536 4737/2598/535
f 4740/2599/536 4742/2601/537 4741/1560/537 4739/2600/536
f 4742/2601/537 4744/2602/538 4743/2603/538 4741/1560/537
f 4744/2602/538 4746/2604/539 4745/2605/539 4743/2603/538
f 4746/2604/539 4748/2606/540 4747/2607/540 4745/2605/539
f 4748/2606/540 4750/2608/541 4749/2609/541 4747/2607/540
f 4750/2608/541 4752/2610/542 4751/1592/542 4749/2609/541
f 4752/2610/542 4754/2611/543 4753/2612/543 4751/1592/542
f 4754/2611/543 4756/2613/544 4755/2614/544 4753/2612/543
f 4756/2613/544 4758/2615/545 4757/2616/545 4755/2614/544
f 4758/2615/545 4760/2617/546 4759/2618/546 4757/2616/545
f 4760/2617/546 4762/2619/547 4761/1525/547 4759/2618/546
f 4762/2619/547 4764/2620/548 4763/2621/548 4761/1525/547
f 4764/2620/548 4766/2622/549 4765/645/549 4763/2621/548
f 4766/2622/549 4768/2623/550 4767/2624/550 4765/645/549
f 4768/2623/550 4770/2625/551 4769/2626/551 4767/2624/550
f 4770/2625/551 4772/2627/552 4771/1440/552 4769/2626/551
f 4772/2627/552 4774/2628/553 4773/2629/553 4771/1440/552
f 4774/2628/553 4776/2630/554 4775/2631/554 4773/2629/553
f 4776/2630/554 4778/2632/555 4777/2633/555 4775/2631/554
f 4778/2632/555 4780/2634/556 4779/2635/556 4777/2633/555
f 4780/2634/556 4782/2636/557 4781/1365/557 4779/2635/556
f 4782/2636/557 4784/2637/558 4783/2638/558 4781/1365/557
f 4784/2637/558 4786/2639/559 4785/2640/559 4783/2638/558
f 4786/2639/559 4788/2641/560 4787/2642/560 4785/2640/559
f 4788/2641/560 4790/2643/561 4789/2644/561 4787/2642/560
f 4790/2643/561 4792/2645/562 4791/1358/562 4789/2644/561
f 4792/2645/562 4794/2646/563 4793/2647/563 4791/1358/562
f 4794/2646/563 4796/2648/564 4795/2649/564 4793/2647/563
f 4796/2648/564 4798/2650/565 4797/2651/565 4795/2649/564
f 4798/2650/565 4800/2652/566 4799/571/566 4797/2651/565
f 4800/2652/566 4802/2653/567 4801/1376/567 4799/571/566
f 4802/2653/567 4804/2654/568 4803/2655/568 4801/1376/567
f 4804/2654/568 4806/2656/569 4805/2657/569 4803/2655/568
f 4806/2656/569 4808/2658/570 4807/2659/570 4805/2657/569
f 4808/2658/570 4810/2660/571 4809/2661/571 4807/2659/570
f 4810/2660/571 4812/2662/572 4811/1423/572 4809/2661/571
f 4812/2662/572 4814/2663/573 4813/2664/573 4811/1423/572
f 4814/2663/573 4816/2665/574 4815/2666/574 4813/2664/573
f 4816/2665/574 4818/2667/575 4817/2668/575 4815/2666/574
f 4818/2667/575 4820/2669/576 4819/2670/576 4817/2668/575
f 4820/2669/576 4822/2671/577 4821/1386/577 4819/2670/576
f 4822/2671/577 4824/2672/578 4823/2673/578 4821/1386/577
f 4824/2672/578 4826/2674/579 4825/2675/579 4823/2673/578
f 4826/2674/579 4828/2676/580 4827/2677/580 4825/2675/579
f 4828/2676/580 4830/2678/253 4829/2679/253 4827/2677/580
f 4830/2678/253 4832/2680/581 4831/1414/581 4829/2679/253
f 4832/2680/581 4834/2681/582 4833/615/582 4831/1414/581
f 4834/2681/582 4836/2682/583 4835/2683/583 4833/615/582
f 4836/2682/583 4838/2684/584 4837/2685/584 4835/2683/583
f 4838/2684/584 4840/2686/585 4839/2687/585 4837/2685/584
f 4840/2686/585 4842/2688/586 4841/1499/586 4839/2687/585
f 4842/2688/586 4844/2689/587 4843/2690/587 4841/1499/586
f 4844/2689/587 4846/2691/588 4845/2692/588 4843/2690/587
f 4846/2691/588 4848/2693/589 4847/2694/589 4845/2692/588
f 4848/2693/589 4850/2695/590 4849/2696/590 4847/2694/589
f 4850/2695/590 4852/2697/591 4851/1568/591 4849/2696/590
f 4852/2697/591 4854/2698/592 4853/2699/592 4851/1568/591
f 4854/2698/592 4856/2700/593 4855/2701/593 4853/2699/592
f 4856/2700/593 4858/2702/594 4857/2703/594 4855/2701/593
f 4858/2702/594 4860/2704/595 4859/2705/595 4857/2703/594
f 4860/2704/595 4862/2706/596 4861/1539/596 4859/2705/595
f 4862/2706/596 4864/2707/597 4863/2708/597 4861/1539/596
f 4864/2707/597 4866/2709/598 4865/2710/598 4863/2708/597
f 4866/2709/598 4868/2711/599 4867/602/599 4865/2710/598
f 4868/2711/599 4870/2712/600 4869/2713/600 4867/602/599
f 4870/2712/600 4872/2714/601 4871/1497/601 4869/2713/600
f 4872/2714/601 4874/2715/602 4873/2716/602 4871/1497/601
f 4874/2715/602 4876/2717/603 4875/2718/603 4873/2716/602
f 4876/2717/603 4878/2719/604 4877/2720/604 4875/2718/603
f 4878/2719/604 4880/2721/605 4879/2722/605 4877/2720/604
f 4880/2721/605 4882/2723/606 4881/1464/606 4879/2722/605
f 4882/2723/606 4884/2724/607 4883/2725/607 4881/1464/606
f 4884/2724/607 4886/2726/608 4885/2727/608 4883/2725/607
f 4886/2726/608 4888/2728/609 4887/2729/609 4885/2727/608
f 4888/2728/609 4890/2730/610 4889/2731/610 4887/2729/609
f 4890/2730/610 4892/2732/611 4891/1469/611 4889/2731/610
f 4892/2732/611 4894/2733/612 4893/2734/612 4891/1469/611
f 4894/2733/612 4896/2735/613 4895/2736/613 4893/2734/612
f 4896/2735/613 4898/2737/614 4897/2738/614 4895/2736/613
f 4898/2737/614 4900/2739/615 4899/2740/615 4897/2738/614
f 4900/2739/615 4732/2087/532 4731/140/532 4899/2740/615
f 4902/1598/616 4904/2741/617 4903/2742/617 4901/141/616
f 4904/2741/617 4906/2743/618 4905/2744/618 4903/2742/617
f 4906/2743/618 4908/2745/619 4907/2746/619 4905/2744/618
f 4908/2745/619 4910/2747/620 4909/2748/620 4907/2746/619
f 4910/2747/620 4912/2749/621 4911/2750/621 4909/2748/620
f 4912/2749/621 4914/2751/622 4913/2752/622 4911/2750/621
f 4914/2751/622 4916/2753/623 4915/2754/623 4913/2752/622
f 4916/2753/623 4918/2755/624 4917/2756/624 4915/2754/623
f 4918/2755/624 4920/2757/625 4919/2758/625 4917/2756/624
f 4920/2757/625 4922/2759/626 4921/2760/626 4919/2758/625
f 4922/2759/626 4924/2761/384 4923/2762/384 4921/2760/626
f 4924/2761/384 4926/2763/627 4925/2764/627 4923/2762/384
f 4926/2763/627 4928/2765/628 4927/2766/628 4925/2764/627
f 4928/2765/628 4930/2767/629 4929/2768/629 4927/2766/628
f 4930/2767/629 4932/2769/630 4931/2770/630 4929/2768/629
f 4932/2769/630 4934/2771/631 4933/2772/631 4931/2770/630
f 4934/2771/631 4936/2773/632 4935/2774/632 4933/2772/631
f 4936/2773/632 4938/2775/633 4937/2776/633 4935/2774/632
f 4938/2775/633 4940/2777/634 4939/2778/634 4937/2776/633
f 4940/2777/634 4942/2779/635 4941/2780/635 4939/2778/634
f 4942/2779/635 4944/2781/636 4943/2782/636 4941/2780/635
f 4944/2781/636 4946/2783/637 4945/2784/637 4943/2782/636
f 4946/2783/637 4948/2785/638 4947/2786/638 4945/2784/637
f 4948/2785/638 4950/2787/639 4949/2788/639 4947/2786/638
f 4950/2787/639 4952/2789/640 4951/2790/640 4949/2788/639
f 4952/2789/640 4954/2791/641 4953/2792/641 4951/2790/640
f 4954/2791/641 4956/2793/642 4955/2794/642 4953/2792/641
f 4956/2793/642 4958/2795/643 4957/2796/643 4955/2794/642
f 4958/2795/643 4960/2797/644 4959/2798/644 4957/2796/643
f 4960/2797/644 4962/2799/645 4961/2800/645 4959/2798/644
f 4962/2799/645 4964/2801/646 4963/2802/646 4961/2800/645
f 4964/2801/646 4966/2803/647 4965/2804/647 4963/2802/646
f 4966/2803/647 4968/2805/648 4967/2806/648 4965/2804/647
f 4968/2805/648 4970/2807/649 4969/2808/649 4967/2806/648
f 4970/2807/649 4972/2809/650 4971/2810/650 4969/2808/649
f 4972/2809/650 4974/2811/651 4973/2812/651 4971/2810/650
f 4974/2811/651 4976/2813/652 4975/2814/652 4973/2812/651
f 4976/2813/652 4978/2815/653 4977/2816/653 4975/2814/652
f 4978/2815/653 4980/2817/654 4979/2818/654 4977/2816/653
f 4980/2817/654 4982/2819/655 4981/2820/655 4979/2818/654
f 4982/2819/655 4984/2821/656 4983/2822/656 4981/2820/655
f 4984/2821/656 4986/2823/657 4985/2824/657 4983/2822/656
f 4986/2823/657 4988/2825/658 4987/2826/658 4985/2824/657
f 4988/2825/658 4990/2827/659 4989/2828/659 4987/2826/658
f 4990/2827/659 4992/2829/660 4991/2830/660 4989/2828/659
f 4992/2829/660 4994/2831/661 4993/2832/661 4991/2830/660
f 4994/2831/661 4996/2833/662 4995/2834/662 4993/2832/661
f 4996/2833/662 4998/2835/663 4997/2836/663 4995/2834/662
f 4998/2835/663 5000/2837/253 4999/2838/253 4997/2836/663
f 5000/2837/253 5002/2839/664 5001/2840/664 4999/2838/253
f 5002/2839/664 5004/2841/665 5003/2842/665 5001/2840/664
f 5004/2841/665 5006/2843/666 5005/2844/666 5003/2842/665
f 5006/2843/666 5008/2845/667 5007/2846/667 5005/2844/666
f 5008/2845/667 5010/2847/668 5009/2848/668 5007/2846/667
f 5010/2847/668 5012/2849/669 5011/2850/669 5009/2848/668
f 5012/2849/669 5014/2851/670 5013/2852/670 5011/2850/669
f 5014/2851/670 5016/2853/671 5015/2854/671 5013/2852/670
f 5016/2853/671 5018/2855/672 5017/2856/672 5015/2854/671
f 5018/2855/672 5020/2857/673 5019/2858/673 5017/2856/672
f 5020/2857/673 5022/2859/674 5021/2860/674 5019/2858/673
f 5022/2859/674 5024/2861/675 5023/2862/675 5021/2860/674
f 5024/2861/675 5026/2863/253 5025/2864/253 5023/2862/675
f 5026/2863/253 5028/2865/254 5027/2866/254 5025/2864/253
f 5028/2865/254 5030/2867/239 5029/2868/239 5027/2866/254
f 5030/2867/239 5032/2869/252 5031/2870/252 5029/2868/239
f 5032/2869/252 5034/2871/676 5033/2872/676 5031/2870/252
f 5034/2871/676 5036/2873/677 5035/2874/677 5033/2872/676
f 5036/2873/677 5038/2875/678 5037/2876/678 5035/2874/677
f 5038/2875/678 5040/2877/679 5039/2878/679 5037/2876/678
f 5040/2877/679 5042/2879/680 5041/2880/680 5039/2878/679
f 5042/2879/680 5044/2881/681 5043/2882/681 5041/2880/680
f 5044/2881/681 5046/2883/682 5045/2884/682 5043/2882/681
f 5046/2883/682 5048/2885/683 5047/2886/683 5045/2884/682
f 5048/2885/683 5050/2887/684 5049/2888/684 5047/2886/683
f 5050/2887/684 5052/2889/685 5051/2890/685 5049/2888/684
f 5052/2889/685 5054/2891/686 5053/2892/686 5051/2890/685
f 5054/2891/686 5056/2893/687 5055/2894/687 5053/2892/686
f 5056/2893/687 5058/2895/252 5057/2896/252 5055/2894/687
f 5058/2895/252 5060/2897/688 5059/2898/688 5057/2896/252
f 5060/2897/688 5062/2899/689 5061/2900/689 5059/2898/688
f 5062/2899/689 5064/2901/690 5063/2902/690 5061/2900/689
f 5064/2901/690 5066/2903/691 5065/2904/691 5063/2902/690
f 5066/2903/691 5068/2905/692 5067/2906/692 5065/2904/691
f 5068/2905/692 5070/2907/693 5069/2908/693 5067/2906/692
f 5070/2907/693 5072/2909/694 5071/2910/694 5069/2908/693
f 5072/2909/694 5074/2911/695 5073/2912/695 5071/2910/694
f 5074/2911/695 5076/2913/696 5075/2914/696 5073/2912/695
f 5076/2913/696 5078/2915/697 5077/2916/697 5075/2914/696
f 5078/2915/697 5080/2917/698 5079/2918/698 5077/2916/697
f 5080/2917/698 5082/2919/699 5081/2920/699 5079/2918/698
f 5082/2919/699 5084/2921/700 5083/2922/700 5081/2920/699
f 5084/2921/700 5086/2923/701 5085/2924/701 5083/2922/700
f 5086/2923/701 5088/2925/702 5087/2926/702 5085/2924/701
f 5088/2925/702 5090/2927/703 5089/2928/703 5087/2926/702
f 5090/2927/703 5092/2929/704 5091/2930/704 5089/2928/703
f 5092/2929/704 5094/2931/705 5093/2932/705 5091/2930/704
f 5094/2931/705 5096/2933/706 5095/2934/706 5093/2932/705
f 5096/2933/706 5098/2935/707 5097/2936/707 5095/2934/706
f 5098/2935/707 5100/2937/708 5099/2938/708 5097/2936/707
f 5100/2937/708 5102/2939/709 5101/2940/709 5099/2938/708
f 5102/2939/709 5104/2941/710 5103/2942/710 5101/2940/709
f 5104/2941/710 5106/2943/711 5105/2944/711 5103/2942/710
f 5106/2943/711 5108/2945/712 5107/2946/712 5105/2944/711
f 5108/2945/712 5110/2947/713 5109/2948/713 5107/2946/712
f 5110/2947/713 5112/2949/714 5111/2950/714 5109/2948/713
f 5112/2949/714 5114/2951/715 5113/2952/715 5111/2950/714
f 5114/2951/715 5116/2953/716 5115/2954/716 5113/2952/715
f 5116/2953/716 5118/2955/717 5117/2956/717 5115/2954/716
f 5118/2955/717 5120/2957/718 5119/2958/718 5117/2956/717
f 5120/2957/718 5122/2959/719 5121/2960/719 5119/2958/718
f 5122/2959/719 5124/2961/720 5123/2962/720 5121/2960/719
f 5124/2961/720 5126/2963/721 5125/2964/721 5123/2962/720
f 5126/2963/721 5128/2965/722 5127/2966/722 5125/2964/721
f 5128/2965/722 5130/2967/723 5129/2968/723 5127/2966/722
f 5130/2967/723 5132/2969/724 5131/2970/724 5129/2968/723
f 5132/2969/724 5134/2971/725 5133/2972/725 5131/2970/724
f 5134/2971/725 5136/2973/726 5135/2974/726 5133/2972/725
f 5136/2973/726 5138/2975/727 5137/2976/727 5135/2974/726
f 5138/2975/727 5140/2977/728 5139/2978/728 5137/2976/727
f 5140/2977/728 5142/2979/729 5141/2980/729 5139/2978/728
f 5142/2979/729 5144/2981/730 5143/2982/730 5141/2980/729
f 5144/2981/730 5146/2983/731 5145/2984/731 5143/2982/730
f 5146/2983/731 5148/2985/732 5147/2986/732 5145/2984/731
f 5148/2985/732 5150/2987/733 5149/2988/733 5147/2986/732
f 5150/2987/733 5152/2989/165 5151/2990/165 5149/2988/733
f 5152/2989/165 5154/2991/734 5153/2992/734 5151/2990/165
f 5154/2991/734 5156/2993/735 5155/2994/735 5153/2992/734
f 5156/2993/735 5158/2995/652 5157/2996/652 5155/2994/735
f 5158/2995/652 5160/2997/653 5159/2998/653 5157/2996/652
f 5160/2997/653 5162/2999/654 5161/3000/654 5159/2998/653
f 5162/2999/654 5164/3001/655 5163/3002/655 5161/3000/654
f 5164/3001/655 5166/3003/656 5165/3004/656 5163/3002/655
f 5166/3003/656 5168/3005/657 5167/3006/657 5165/3004/656
f 5168/3005/657 5170/3007/658 5169/3008/658 5167/3006/657
f 5170/3007/658 5172/3009/659 5171/3010/659 5169/3008/658
f 5172/3009/659 5174/3011/736 5173/3012/736 5171/3010/659
f 5174/3011/736 5176/3013/661 5175/3014/661 5173/3012/736
f 5176/3013/661 5178/3015/662 5177/3016/662 5175/3014/661
f 5178/3015/662 5180/3017/737 5179/3018/737 5177/3016/662
f 5180/3017/737 5182/3019/253 5181/3020/253 5179/3018/737
f 5182/3019/253 5184/3021/664 5183/3022/664 5181/3020/253
f 5184/3021/664 5186/3023/665 5185/3024/665 5183/3022/664
f 5186/3023/665 5188/3025/666 5187/3026/666 5185/3024/665
f 5188/3025/666 5190/3027/667 5189/3028/667 5187/3026/666
f 5190/3027/667 5192/3029/668 5191/3030/668 5189/3028/667
f 5192/3029/668 5194/3031/738 5193/3032/738 5191/3030/668
f 5194/3031/738 5196/3033/670 5195/3034/670 5193/3032/738
f 5196/3033/670 5198/3035/671 5197/3036/671 5195/3034/670
f 5198/3035/671 5200/3037/672 5199/3038/672 5197/3036/671
f 5200/3037/672 5202/3039/673 5201/3040/673 5199/3038/672
f 5202/3039/673 5204/3041/674 5203/3042/674 5201/3040/673
f 5204/3041/674 5206/3043/675 5205/3044/675 5203/3042/674
f 5206/3043/675 5208/3045/253 5207/3046/253 5205/3044/675
f 5208/3045/253 5210/3047/254 5209/3048/254 5207/3046/253
f 5210/3047/254 5212/3049/239 5211/3050/239 5209/3048/254
f 5212/3049/239 5214/3051/252 5213/3052/252 5211/3050/239
f 5214/3051/252 5216/3053/676 5215/3054/676 5213/3052/252
f 5216/3053/676 5218/3055/677 5217/3056/677 5215/3054/676
f 5218/3055/677 5220/3057/678 5219/3058/678 5217/3056/677
f 5220/3057/678 5222/3059/679 5221/3060/679 5219/3058/678
f 5222/3059/679 5224/3061/680 5223/3062/680 5221/3060/679
f 5224/3061/680 5226/3063/681 5225/3064/681 5223/3062/680
f 5226/3063/681 5228/3065/682 5227/3066/682 5225/3064/681
f 5228/3065/682 5230/3067/683 5229/3068/683 5227/3066/682
f 5230/3067/683 5232/3069/739 5231/3070/739 5229/3068/683
f 5232/3069/739 5234/3071/685 5233/3072/685 5231/3070/739
f 5234/3071/685 5236/3073/686 5235/3074/686 5233/3072/685
f 5236/3073/686 5238/3075/687 5237/3076/687 5235/3074/686
f 5238/3075/687 5240/3077/252 5239/3078/252 5237/3076/687
f 5240/3077/252 5242/3079/688 5241/3080/688 5239/3078/252
f 5242/3079/688 5244/3081/689 5243/3082/689 5241/3080/688
f 5244/3081/689 5246/3083/690 5245/3084/690 5243/3082/689
f 5246/3083/690 5248/3085/691 5247/3086/691 5245/3084/690
f 5248/3085/691 5250/3087/692 5249/3088/692 5247/3086/691
f 5250/3087/692 5252/3089/693 5251/3090/693 5249/3088/692
f 5252/3089/693 5254/3091/694 5253/3092/694 5251/3090/693
f 5254/3091/694 5256/3093/695 5255/3094/695 5253/3092/694
f 5256/3093/695 5258/3095/696 5257/3096/696 5255/3094/695
f 5258/3095/696 5260/3097/697 5259/3098/697 5257/3096/696
f 5260/3097/697 5262/3099/698 5261/3100/698 5259/3098/697
f 5262/3099/698 5264/3101/699 5263/3102/699 5261/3100/698
f 5264/3101/699 5266/3103/700 5265/3104/700 5263/3102/699
f 5266/3103/700 5268/3105/701 5267/3106/701 5265/3104/700
f 5268/3105/701 5270/3107/702 5269/3108/702 5267/3106/701
f 5270/3107/702 5272/3109/703 5271/3110/703 5269/3108/702
f 5272/3109/703 5274/3111/704 5273/3112/704 5271/3110/703
f 5274/3111/704 5276/3113/705 5275/3114/705 5273/3112/704
f 5276/3113/705 5278/3115/706 5277/3116/706 5275/3114/705
f 5278/3115/706 5280/3117/707 5279/3118/707 5277/3116/706
f 5280/3117/707 5282/3119/708 5281/3120/708 5279/3118/707
f 5282/3119/708 5284/3121/709 5283/3122/709 5281/3120/708
f 5284/3121/709 5286/3123/710 5285/3124/710 5283/3122/709
f 5286/3123/710 5288/3125/740 5287/3126/740 5285/3124/710
f 5288/3125/740 5290/3127/741 5289/3128/741 5287/3126/740
f 5290/3127/741 5292/3129/742 5291/3130/742 5289/3128/741
f 5292/3129/742 5294/3131/743 5293/3132/743 5291/3130/742
f 5294/3131/743 5296/3133/744 5295/3134/744 5293/3132/743
f 5296/3133/744 5298/3135/745 5297/3136/745 5295/3134/744
f 5298/3135/745 5300/3137/746 5299/3138/746 5297/3136/745
f 5300/3137/746 5302/3139/747 5301/3140/747 5299/3138/746
f 5302/3139/747 5304/3141/748 5303/3142/748 5301/3140/747
f 5304/3141/748 5306/3143/749 5305/3144/749 5303/3142/748
f 5306/3143/749 5308/3145/750 5307/3146/750 5305/3144/749
f 5308/3145/750 5310/3147/751 5309/3148/751 5307/3146/750
f 5310/3147/751 5312/3149/752 5311/3150/752 5309/3148/751
f 5312/3149/752 5314/3151/753 5313/3152/753 5311/3150/752
f 5314/3151/753 5316/3153/754 5315/3154/754 5313/3152/753
f 5316/3153/754 5318/3155/755 5317/3156/755 5315/3154/754
f 5318/3155/755 5320/3157/756 5319/3158/756 5317/3156/755
f 5320/3157/756 5322/3159/757 5321/3160/757 5319/3158/756
f 5322/3159/757 5324/3161/758 5323/3162/758 5321/3160/757
f 5324/3161/758 5326/3163/759 5325/3164/759 5323/3162/758
f 5326/3163/759 5328/3165/760 5327/3166/760 5325/3164/759
f 5328/3165/760 5330/3167/761 5329/3168/761 5327/3166/760
f 5330/3167/761 5332/3169/762 5331/3170/762 5329/3168/761
f 5332/3169/762 5334/3171/763 5333/3172/763 5331/3170/762
f 5334/3171/763 5336/3173/764 5335/3174/764 5333/3172/763
f 5336/3173/764 5338/3175/765 5337/3176/765 5335/3174/764
f 5338/3175/765 5340/3177/652 5339/3178/652 5337/3176/765
f 5340/3177/652 5342/3179/653 5341/3180/653 5339/3178/652
f 5342/3179/653 5344/3181/654 5343/3182/654 5341/3180/653
f 5344/3181/654 5346/3183/655 5345/3184/655 5343/3182/654
f 5346/3183/655 5348/3185/656 5347/3186/656 5345/3184/655
f 5348/3185/656 5350/3187/657 5349/3188/657 5347/3186/656
f 5350/3187/657 5352/3189/658 5351/3190/658 5349/3188/657
f 5352/3189/658 5354/3191/659 5353/3192/659 5351/3190/658
f 5354/3191/659 5356/3193/736 5355/3194/736 5353/3192/659
f 5356/3193/736 5358/3195/661 5357/3196/661 5355/3194/736
f 5358/3195/661 5360/3197/662 5359/3198/662 5357/3196/661
f 5360/3197/662 5362/3199/663 5361/3200/663 5359/3198/662
f 5362/3199/663 5364/3201/253 5363/3202/253 5361/3200/663
f 5364/3201/253 5366/3203/664 5365/3204/664 5363/3202/253
f 5366/3203/664 5368/3205/665 5367/3206/665 5365/3204/664
f 5368/3205/665 5370/3207/666 5369/3208/666 5367/3206/665
f 5370/3207/666 5372/3209/667 5371/3210/667 5369/3208/666
f 5372/3209/667 5374/3211/668 5373/3212/668 5371/3210/667
f 5374/3211/668 5376/3213/669 5375/3214/669 5373/3212/668
f 5376/3213/669 5378/3215/670 5377/3216/670 5375/3214/669
f 5378/3215/670 5380/3217/671 5379/3218/671 5377/3216/670
f 5380/3217/671 5382/3219/672 5381/3220/672 5379/3218/671
f 5382/3219/672 5384/3221/673 5383/3222/673 5381/3220/672
f 5384/3221/673 5386/3223/674 5385/3224/674 5383/3222/673
f 5386/3223/674 5388/3225/675 5387/3226/675 5385/3224/674
f 5388/3225/675 5390/3227/253 5389/3228/253 5387/3226/675
f 5390/3227/253 5392/3229/254 5391/3230/254 5389/3228/253
f 5392/3229/254 5394/3231/239 5393/3232/239 5391/3230/254
f 5394/3231/239 5396/3233/252 5395/3234/252 5393/3232/239
f 5396/3233/252 5398/3235/676 5397/3236/676 5395/3234/252
f 5398/3235/676 5400/3237/677 5399/3238/677 5397/3236/676
f 5400/3237/677 5402/3239/678 5401/3240/678 5399/3238/677
f 5402/3239/678 5404/3241/679 5403/3242/679 5401/3240/678
f 5404/3241/679 5406/3243/680 5405/3244/680 5403/3242/679
f 5406/3243/680 5408/3245/681 5407/3246/681 5405/3244/680
f 5408/3245/681 5410/3247/682 5409/3248/682 5407/3246/681
f 5410/3247/682 5412/3249/683 5411/3250/683 5409/3248/682
f 5412/3249/683 5414/3251/739 5413/3252/739 5411/3250/683
f 5414/3251/739 5416/3253/685 5415/3254/685 5413/3252/739
f 5416/3253/685 5418/3255/686 5417/3256/686 5415/3254/685
f 5418/3255/686 5420/3257/687 5419/3258/687 5417/3256/686
f 5420/3257/687 5422/3259/252 5421/3260/252 5419/3258/687
f 5422/3259/252 5424/3261/688 5423/3262/688 5421/3260/252
f 5424/3261/688 5426/3263/689 5425/3264/689 5423/3262/688
f 5426/3263/689 5428/3265/690 5427/3266/690 5425/3264/689
f 5428/3265/690 5430/3267/691 5429/3268/691 5427/3266/690
f 5430/3267/691 5432/3269/766 5431/3270/766 5429/3268/691
f 5432/3269/766 5434/3271/693 5433/3272/693 5431/3270/766
f 5434/3271/693 5436/3273/694 5435/3274/694 5433/3272/693
f 5436/3273/694 5438/3275/695 5437/3276/695 5435/3274/694
f 5438/3275/695 5440/3277/696 5439/3278/696 5437/3276/695
f 5440/3277/696 5442/3279/697 5441/3280/697 5439/3278/696
f 5442/3279/697 5444/3281/698 5443/3282/698 5441/3280/697
f 5444/3281/698 5446/3283/699 5445/3284/699 5443/3282/698
f 5446/3283/699 5448/3285/227 5447/3286/227 5445/3284/699
f 5448/3285/227 5450/3287/228 5449/3288/228 5447/3286/227
f 5450/3287/228 5452/3289/229 5451/3290/229 5449/3288/228
f 5452/3289/229 5454/3291/230 5453/3292/230 5451/3290/229
f 5454/3291/230 5456/3293/231 5455/3294/231 5453/3292/230
f 5456/3293/231 5458/3295/232 5457/3296/232 5455/3294/231
f 5458/3295/232 5460/3297/233 5459/3298/233 5457/3296/232
f 5460/3297/233 5462/3299/234 5461/3300/234 5459/3298/233
f 5462/3299/234 5464/3301/767 5463/3302/767 5461/3300/234
f 5464/3301/767 5466/3303/236 5465/3304/236 5463/3302/767
f 5466/3303/236 5468/3305/237 5467/3306/237 5465/3304/236
f 5468/3305/237 5470/3307/238 5469/3308/238 5467/3306/237
f 5470/3307/238 5472/3309/239 5471/3310/239 5469/3308/238
f 5472/3309/239 5474/3311/240 5473/3312/240 5471/3310/239
f 5474/3311/240 5476/3313/241 5475/3314/241 5473/3312/240
f 5476/3313/241 5478/3315/242 5477/3316/242 5475/3314/241
f 5478/3315/242 5480/3317/243 5479/3318/243 5477/3316/242
f 5480/3317/243 5482/3319/244 5481/3320/244 5479/3318/243
f 5482/3319/244 5484/3321/245 5483/3322/245 5481/3320/244
f 5484/3321/245 5486/3323/246 5485/3324/246 5483/3322/245
f 5486/3323/246 5488/3325/247 5487/3326/247 5485/3324/246
f 5488/3325/247 5490/3327/768 5489/3328/768 5487/3326/247
f 5490/3327/768 5492/3329/249 5491/3330/249 5489/3328/768
f 5492/3329/249 5494/3331/250 5493/3332/250 5491/3330/249
f 5494/3331/250 5496/3333/251 5495/3334/251 5493/3332/250
f 5496/3333/251 5498/3335/239 5497/3336/239 5495/3334/251
f 5498/3335/239 5500/3337/252 5499/3338/252 5497/3336/239
f 5500/3337/252 5502/3339/769 5501/3340/769 5499/3338/252
f 5502/3339/769 5504/3341/770 5503/3342/770 5501/3340/769
f 5504/3341/770 5506/3343/771 5505/3344/771 5503/3342/770
f 5506/3343/771 5508/3345/772 5507/3346/772 5505/3344/771
f 5508/3345/772 5510/3347/773 5509/3348/773 5507/3346/772
f 5510/3347/773 5512/3349/774 5511/3350/774 5509/3348/773
f 5512/3349/774 5514/3351/775 5513/3352/775 5511/3350/774
f 5514/3351/775 5516/3353/776 5515/3354/776 5513/3352/775
f 5516/3353/776 5518/3355/777 5517/3356/777 5515/3354/776
f 5518/3355/777 5520/3357/778 5519/3358/778 5517/3356/777
f 5520/3357/778 5522/3359/779 5521/3360/779 5519/3358/778
f 5522/3359/779 5524/3361/780 5523/3362/780 5521/3360/779
f 5524/3361/780 5526/3363/781 5525/3364/781 5523/3362/780
f 5526/3363/781 5528/3365/782 5527/3366/782 5525/3364/781
f 5528/3365/782 5530/3367/783 5529/3368/783 5527/3366/782
f 5530/3367/783 5532/3369/784 5531/3370/784 5529/3368/783
f 5532/3369/784 5534/3371/785 5533/3372/785 5531/3370/784
f 5534/3371/785 5536/3373/786 5535/3374/786 5533/3372/785
f 5536/3373/786 5538/3375/787 5537/3376/787 5535/3374/786
f 5538/3375/787 5540/3377/788 5539/3378/788 5537/3376/787
f 5540/3377/788 5542/3379/789 5541/3380/789 5539/3378/788
f 5542/3379/789 5544/3381/790 5543/3382/790 5541/3380/789
f 5544/3381/790 5546/3383/791 5545/3384/791 5543/3382/790
f 5546/3383/791 5548/3385/792 5547/3386/792 5545/3384/791
f 5548/3385/792 5550/3387/793 5549/3388/793 5547/3386/792
f 5550/3387/793 5552/3389/794 5551/3390/794 5549/3388/793
f 5552/3389/794 5554/3391/795 5553/3392/795 5551/3390/794
f 5554/3391/795 5556/3393/796 5555/3394/796 5553/3392/795
f 5556/3393/796 5558/3395/797 5557/3396/797 5555/3394/796
f 5558/3395/797 5560/3397/798 5559/3398/798 5557/3396/797
f 5560/3397/798 5562/3399/799 5561/3400/799 5559/3398/798
f 5562/3399/799 5564/3401/800 5563/3402/800 5561/3400/799
f 5564/3401/800 5566/3403/801 5565/3404/801 5563/3402/800
f 5566/3403/801 5568/3405/802 5567/3406/802 5565/3404/801
f 5568/3405/802 5570/3407/803 5569/3408/803 5567/3406/802
f 5570/3407/803 5572/3409/804 5571/3410/804 5569/3408/803
f 5572/3409/804 5574/3411/805 5573/3412/805 5571/3410/804
f 5574/3411/805 4902/2087/616 4901/140/616 5573/3412/805
f 5576/1598/806 5578/3413/807 5577/3414/807 5575/141/806
f 5578/3413/807 5580/3415/808 5579/3416/808 5577/3414/807
f 5580/3415/808 5582/3417/809 5581/3418/809 5579/3416/808
f 5582/3417/809 5584/3419/810 5583/3420/810 5581/3418/809
f 5584/3419/810 5586/3421/811 5585/3422/811 5583/3420/810
f 5586/3421/811 5588/3423/812 5587/3424/812 5585/3422/811
f 5588/3423/812 5590/3425/813 5589/3426/813 5587/3424/812
f 5590/3425/813 5592/3427/814 5591/3428/814 5589/3426/813
f 5592/3427/814 5594/3429/815 5593/3430/815 5591/3428/814
f 5594/3429/815 5596/3431/816 5595/3432/816 5593/3430/815
f 5596/3431/816 5598/3433/817 5597/3434/817 5595/3432/816
f 5598/3433/817 5600/3435/818 5599/3436/818 5597/3434/817
f 5600/3435/818 5602/3437/819 5601/3438/819 5599/3436/818
f 5602/3437/819 5604/3439/820 5603/3440/820 5601/3438/819
f 5604/3439/820 5606/3441/821 5605/3442/821 5603/3440/820
f 5606/3441/821 5608/3443/822 5607/3444/822 5605/3442/821
f 5608/3443/822 5610/3445/823 5609/3446/823 5607/3444/822
f 5610/3445/823 5612/3447/824 5611/3448/824 5609/3446/823
f 5612/3447/824 5614/3449/825 5613/3450/825 5611/3448/824
f 5614/3449/825 5616/3451/826 5615/3452/826 5613/3450/825
f 5616/3451/826 5618/3453/827 5617/3454/827 5615/3452/826
f 5618/3453/827 5620/3455/828 5619/3456/828 5617/3454/827
f 5620/3455/828 5622/3457/829 5621/3458/829 5619/3456/828
f 5622/3457/829 5624/3459/830 5623/3460/830 5621/3458/829
f 5624/3459/830 5626/3461/154 5625/3462/154 5623/3460/830
f 5626/3461/154 5628/3463/831 5627/3464/831 5625/3462/154
f 5628/3463/831 5630/3465/832 5629/3466/832 5627/3464/831
f 5630/3465/832 5632/3467/833 5631/3468/833 5629/3466/832
f 5632/3467/833 5634/3469/834 5633/3470/834 5631/3468/833
f 5634/3469/834 5636/3471/835 5635/3472/835 5633/3470/834
f 5636/3471/835 5638/3473/836 5637/3474/836 5635/3472/835
f 5638/3473/836 5640/3475/837 5639/3476/837 5637/3474/836
f 5640/3475/837 5642/3477/838 5641/3478/838 5639/3476/837
f 5642/3477/838 5644/3479/839 5643/3480/839 5641/3478/838
f 5644/3479/839 5646/3481/840 5645/3482/840 5643/3480/839
f 5646/3481/840 5648/3483/841 5647/3484/841 5645/3482/840
f 5648/3483/841 5650/3485/842 5649/3486/842 5647/3484/841
f 5650/3485/842 5652/3487/843 5651/3488/843 5649/3486/842
f 5652/3487/843 5654/3489/844 5653/3490/844 5651/3488/843
f 5654/3489/844 5656/3491/845 5655/3492/845 5653/3490/844
f 5656/3491/845 5658/3493/846 5657/3494/846 5655/3492/845
f 5658/3493/846 5660/3495/847 5659/3496/847 5657/3494/846
f 5660/3495/847 5662/3497/848 5661/3498/848 5659/3496/847
f 5662/3497/848 5664/3499/849 5663/3500/849 5661/3498/848
f 5664/3499/849 5666/3501/850 5665/3502/850 5663/3500/849
f 5666/3501/850 5668/3503/851 5667/3504/851 5665/3502/850
f 5668/3503/851 5670/3505/852 5669/3506/852 5667/3504/851
f 5670/3505/852 5672/3507/853 5671/3508/853 5669/3506/852
f 5672/3507/853 5674/3509/854 5673/3510/854 5671/3508/853
f 5674/3509/854 5676/3511/855 5675/3512/855 5673/3510/854
f 5676/3511/855 5678/3513/856 5677/3514/856 5675/3512/855
f 5678/3513/856 5680/3515/857 5679/3516/857 5677/3514/856
f 5680/3515/857 5682/3517/858 5681/3518/858 5679/3516/857
f 5682/3517/858 5684/3519/859 5683/3520/859 5681/3518/858
f 5684/3519/859 5686/3521/532 5685/3522/532 5683/3520/859
f 5686/3521/532 5688/3523/860 5687/3524/860 5685/3522/532
f 5688/3523/860 5690/3525/861 5689/3526/861 5687/3524/860
f 5690/3525/861 5692/3527/862 5691/3528/862 5689/3526/861
f 5692/3527/862 5694/3529/863 5693/3530/863 5691/3528/862
f 5694/3529/863 5696/3531/864 5695/3532/864 5693/3530/863
f 5696/3531/864 5698/3533/865 5697/3534/865 5695/3532/864
f 5698/3533/865 5700/3535/866 5699/3536/866 5697/3534/865
f 5700/3535/866 5702/3537/867 5701/3538/867 5699/3536/866
f 5702/3537/867 5704/3539/868 5703/3540/868 5701/3538/867
f 5704/3539/868 5706/3541/869 5705/3542/869 5703/3540/868
f 5706/3541/869 5708/3543/870 5707/3544/870 5705/3542/869
f 5708/3543/870 5710/3545/871 5709/3546/871 5707/3544/870
f 5710/3545/871 5712/3547/872 5711/3548/872 5709/3546/871
f 5712/3547/872 5714/3549/873 5713/3550/873 5711/3548/872
f 5714/3549/873 5716/3551/874 5715/3552/874 5713/3550/873
f 5716/3551/874 5718/3553/875 5717/3554/875 5715/3552/874
f 5718/3553/875 5720/3555/876 5719/3556/876 5717/3554/875
f 5720/3555/876 5722/2340/877 5721/131/877 5719/3556/876
f 5722/2340/877 5724/3557/878 5723/3558/878 5721/131/877
f 5724/3557/878 5726/3559/879 5725/3560/879 5723/3558/878
f 5726/3559/879 5728/3561/880 5727/3562/880 5725/3560/879
f 5728/3561/880 5730/3563/881 5729/3564/881 5727/3562/880
f 5730/3563/881 5732/3565/882 5731/3566/882 5729/3564/881
f 5732/3565/882 5734/3567/883 5733/3568/883 5731/3566/882
f 5734/3567/883 5736/3569/884 5735/3570/884 5733/3568/883
f 5736/3569/884 5738/3571/885 5737/3572/885 5735/3570/884
f 5738/3571/885 5740/3573/886 5739/3574/886 5737/3572/885
f 5740/3573/886 5742/3575/887 5741/3576/887 5739/3574/886
f 5742/3575/887 5744/3577/888 5743/3578/888 5741/3576/887
f 5744/3577/888 5746/3579/889 5745/3580/889 5743/3578/888
f 5746/3579/889 5748/3581/890 5747/3582/890 5745/3580/889
f 5748/3581/890 5750/3583/891 5749/3584/891 5747/3582/890
f 5750/3583/891 5752/3585/892 5751/3586/892 5749/3584/891
f 5752/3585/892 5754/3587/893 5753/3588/893 5751/3586/892
f 5754/3587/893 5756/3589/894 5755/3590/894 5753/3588/893
f 5756/3589/894 5758/3591/895 5757/3592/895 5755/3590/894
f 5758/3591/895 5760/3593/896 5759/3594/896 5757/3592/895
f 5760/3593/896 5762/3595/897 5761/3596/897 5759/3594/896
f 5762/3595/897 5764/3597/898 5763/3598/898 5761/3596/897
f 5764/3597/898 5766/3599/899 5765/3600/899 5763/3598/898
f 5766/3599/899 5768/3601/900 5767/3602/900 5765/3600/899
f 5768/3601/900 5770/3603/901 5769/3604/901 5767/3602/900
f 5770/3603/901 5772/3605/902 5771/3606/902 5769/3604/901
f 5772/3605/902 5774/3607/903 5773/3608/903 5771/3606/902
f 5774/3607/903 5776/3609/904 5775/3610/904 5773/3608/903
f 5776/3609/904 5778/3611/905 5777/3612/905 5775/3610/904
f 5778/3611/905 5780/3613/906 5779/3614/906 5777/3612/905
f 5780/3613/906 5782/3615/907 5781/3616/907 5779/3614/906
f 5782/3615/907 5784/3617/908 5783/3618/908 5781/3616/907
f 5784/3617/908 5786/3619/909 5785/3620/909 5783/3618/908
f 5786/3619/909 5788/3621/910 5787/3622/910 5785/3620/909
f 5788/3621/910 5790/3623/911 5789/3624/911 5787/3622/910
f 5790/3623/911 5792/3625/912 5791/3626/912 5789/3624/911
f 5792/3625/912 5794/3627/889 5793/3628/889 5791/3626/912
f 5794/3627/889 5796/3629/913 5795/3630/913 5793/3628/889
f 5796/3629/913 5798/3631/914 5797/3632/914 5795/3630/913
f 5798/3631/914 5800/3633/915 5799/3634/915 5797/3632/914
f 5800/3633/915 5802/3635/916 5801/3636/916 5799/3634/915
f 5802/3635/916 5804/3637/917 5803/3638/917 5801/3636/916
f 5804/3637/917 5806/3639/918 5805/3640/918 5803/3638/917
f 5806/3639/918 5808/3641/919 5807/3642/919 5805/3640/918
f 5808/3641/919 5810/3643/421 5809/3644/421 5807/3642/919
f 5810/3643/421 5812/3645/920 5811/3646/920 5809/3644/421
f 5812/3645/920 5814/3647/921 5813/3648/921 5811/3646/920
f 5814/3647/921 5816/3649/922 5815/3650/922 5813/3648/921
f 5816/3649/922 5818/3651/923 5817/3652/923 5815/3650/922
f 5818/3651/923 5820/3653/924 5819/3654/924 5817/3652/923
f 5820/3653/924 5822/3655/925 5821/3656/925 5819/3654/924
f 5822/3655/925 5824/3657/926 5823/3658/926 5821/3656/925
f 5824/3657/926 5826/3659/927 5825/3660/927 5823/3658/926
f 5826/3659/927 5828/3661/928 5827/3662/928 5825/3660/927
f 5828/3661/928 5830/3663/929 5829/3664/929 5827/3662/928
f 5830/3663/929 5832/3665/930 5831/3666/930 5829/3664/929
f 5832/3665/930 5834/3667/931 5833/3668/931 5831/3666/930
f 5834/3667/931 5836/3669/932 5835/3670/932 5833/3668/931
f 5836/3669/932 5838/3671/933 5837/3672/933 5835/3670/932
f 5838/3671/933 5840/3673/934 5839/3674/934 5837/3672/933
f 5840/3673/934 5842/3675/935 5841/3676/935 5839/3674/934
f 5842/3675/935 5844/3677/936 5843/3678/936 5841/3676/935
f 5844/3677/936 5846/3679/937 5845/3680/937 5843/3678/936
f 5846/3679/937 5848/3681/938 5847/3682/938 5845/3680/937
f 5848/3681/938 5850/3683/867 5849/3684/867 5847/3682/938
f 5850/3683/867 5852/3685/939 5851/3686/939 5849/3684/867
f 5852/3685/939 5854/3687/940 5853/3688/940 5851/3686/939
f 5854/3687/940 5856/3689/941 5855/3690/941 5853/3688/940
f 5856/3689/941 5858/3691/942 5857/3692/942 5855/3690/941
f 5858/3691/942 5860/3693/943 5859/3694/943 5857/3692/942
f 5860/3693/943 5862/3695/944 5861/3696/944 5859/3694/943
f 5862/3695/944 5864/3697/945 5863/3698/945 5861/3696/944
f 5864/3697/945 5866/3699/946 5865/3700/946 5863/3698/945
f 5866/3699/946 5576/2087/806 5575/140/806 5865/3700/946
f 5868/1598/947 5870/3701/948 5869/3702/948 5867/141/947
f 5870/3701/948 5872/3703/949 5871/3704/949 5869/3702/948
f 5872/3703/949 5874/3705/950 5873/3706/950 5871/3704/949
f 5874/3705/950 5876/3707/951 5875/3708/951 5873/3706/950
f 5876/3707/951 5878/3709/952 5877/3710/952 5875/3708/951
f 5878/3709/952 5880/3711/953 5879/3712/953 5877/3710/952
f 5880/3711/953 5882/1668/954 5881/925/954 5879/3712/953
f 5882/1668/954 5884/3713/955 5883/3714/955 5881/925/954
f 5884/3713/955 5886/3715/956 5885/3716/956 5883/3714/955
f 5886/3715/956 5888/3717/957 5887/3718/957 5885/3716/956
f 5888/3717/957 5890/3719/958 5889/3720/958 5887/3718/957
f 5890/3719/958 5892/3721/959 5891/3722/959 5889/3720/958
f 5892/3721/959 5894/3723/459 5893/3724/459 5891/3722/959
f 5894/3723/459 5896/1737/960 5895/843/960 5893/3724/459
f 5896/1737/960 5898/3725/961 5897/3726/961 5895/843/960
f 5898/3725/961 5900/3727/962 5899/3728/962 5897/3726/961
f 5900/3727/962 5902/3729/963 5901/3730/963 5899/3728/962
f 5902/3729/963 5904/3731/964 5903/3732/964 5901/3730/963
f 5904/3731/964 5906/3733/965 5905/3734/965 5903/3732/964
f 5906/3733/965 5908/3735/966 5907/3736/966 5905/3734/965
f 5908/3735/966 5910/1808/967 5909/953/967 5907/3736/966
f 5910/1808/967 5912/3737/968 5911/3738/968 5909/953/967
f 5912/3737/968 5914/3739/969 5913/3740/969 5911/3738/968
f 5914/3739/969 5916/3741/970 5915/3742/970 5913/3740/969
f 5916/3741/970 5918/3743/971 5917/3744/971 5915/3742/970
f 5918/3743/971 5920/3745/41 5919/3746/41 5917/3744/971
f 5920/3745/41 5922/3747/972 5921/3748/972 5919/3746/41
f 5922/3747/972 5924/1877/973 5923/815/973 5921/3748/972
f 5924/1877/973 5926/3749/974 5925/3750/974 5923/815/973
f 5926/3749/974 5928/3751/975 5927/3752/975 5925/3750/974
f 5928/3751/975 5930/3753/976 5929/3754/976 5927/3752/975
f 5930/3753/976 5932/3755/977 5931/3756/977 5929/3754/976
f 5932/3755/977 5934/3757/978 5933/3758/978 5931/3756/977
f 5934/3757/978 5936/3759/979 5935/3760/979 5933/3758/978
f 5936/3759/979 5938/1948/733 5937/982/733 5935/3760/979
f 5938/1948/733 5940/3761/980 5939/3762/980 5937/982/733
f 5940/3761/980 5942/3763/981 5941/3764/981 5939/3762/980
f 5942/3763/981 5944/3765/982 5943/3766/982 5941/3764/981
f 5944/3765/982 5946/3767/983 5945/3768/983 5943/3766/982
f 5946/3767/983 5948/3769/984 5947/3770/984 5945/3768/983
f 5948/3769/984 5950/3771/985 5949/3772/985 5947/3770/984
f 5950/3771/985 5952/2017/986 5951/711/986 5949/3772/985
f 5952/2017/986 5954/3773/987 5953/3774/987 5951/711/986
f 5954/3773/987 5956/3775/988 5955/3776/988 5953/3774/987
f 5956/3775/988 5958/3777/989 5957/3778/989 5955/3776/988
f 5958/3777/989 5960/3779/990 5959/3780/990 5957/3778/989
f 5960/3779/990 5962/3781/991 5961/3782/991 5959/3780/990
f 5962/3781/991 5964/3783/992 5963/3784/992 5961/3782/991
f 5964/3783/992 5868/2087/947 5867/140/947 5963/3784/992
f 5966/1598/993 5968/3785/994 5967/3786/994 5965/141/993
f 5968/3785/994 5970/3701/995 5969/3702/995 5967/3786/994
f 5970/3701/995 5972/3787/996 5971/3788/996 5969/3702/995
f 5972/3787/996 5974/3703/997 5973/3704/997 5971/3788/996
f 5974/3703/997 5976/3789/998 5975/3790/998 5973/3704/997
f 5976/3789/998 5978/3705/999 5977/3706/999 5975/3790/998
f 5978/3705/999 5980/3791/821 5979/746/821 5977/3706/999
f 5980/3791/821 5982/3707/1000 5981/3708/1000 5979/746/821
f 5982/3707/1000 5984/3792/1001 5983/3793/1001 5981/3708/1000
f 5984/3792/1001 5986/3709/1002 5985/3710/1002 5983/3793/1001
f 5986/3709/1002 5988/3794/1003 5987/3795/1003 5985/3710/1002
f 5988/3794/1003 5990/3711/1004 5989/3712/1004 5987/3795/1003
f 5990/3711/1004 5992/3796/1005 5991/3797/1005 5989/3712/1004
f 5992/3796/1005 5994/1668/1006 5993/925/1006 5991/3797/1005
f 5994/1668/1006 5996/3798/1007 5995/3799/1007 5993/925/1006
f 5996/3798/1007 5998/3713/1008 5997/3714/1008 5995/3799/1007
f 5998/3713/1008 6000/3800/1009 5999/3801/1009 5997/3714/1008
f 6000/3800/1009 6002/3715/1010 6001/3716/1010 5999/3801/1009
f 6002/3715/1010 6004/3802/1011 6003/3803/1011 6001/3716/1010
f 6004/3802/1011 6006/3717/1012 6005/3718/1012 6003/3803/1011
f 6006/3717/1012 6008/3804/1013 6007/969/1013 6005/3718/1012
f 6008/3804/1013 6010/3719/1014 6009/3720/1014 6007/969/1013
f 6010/3719/1014 6012/3805/1015 6011/3806/1015 6009/3720/1014
f 6012/3805/1015 6014/3721/1016 6013/3722/1016 6011/3806/1015
f 6014/3721/1016 6016/3807/1017 6015/3808/1017 6013/3722/1016
f 6016/3807/1017 6018/3723/1018 6017/3724/1018 6015/3808/1017
f 6018/3723/1018 6020/3809/1019 6019/3810/1019 6017/3724/1018
f 6020/3809/1019 6022/1737/1020 6021/843/1020 6019/3810/1019
f 6022/1737/1020 6024/3811/1021 6023/3812/1021 6021/843/1020
f 6024/3811/1021 6026/3725/897 6025/3726/897 6023/3812/1021
f 6026/3725/897 6028/3813/1022 6027/3814/1022 6025/3726/897
f 6028/3813/1022 6030/3727/1023 6029/3728/1023 6027/3814/1022
f 6030/3727/1023 6032/3815/1024 6031/3816/1024 6029/3728/1023
f 6032/3815/1024 6034/3729/1025 6033/3730/1025 6031/3816/1024
f 6034/3729/1025 6036/3817/1026 6035/789/1026 6033/3730/1025
f 6036/3817/1026 6038/3731/1027 6037/3732/1027 6035/789/1026
f 6038/3731/1027 6040/3818/1028 6039/3819/1028 6037/3732/1027
f 6040/3818/1028 6042/3733/1029 6041/3734/1029 6039/3819/1028
f 6042/3733/1029 6044/3820/1030 6043/3821/1030 6041/3734/1029
f 6044/3820/1030 6046/3735/1031 6045/3736/1031 6043/3821/1030
f 6046/3735/1031 6048/3822/1032 6047/3823/1032 6045/3736/1031
f 6048/3822/1032 6050/1808/1033 6049/953/1033 6047/3823/1032
f 6050/1808/1033 6052/3824/1034 6051/3825/1034 6049/953/1033
f 6052/3824/1034 6054/3737/1035 6053/3738/1035 6051/3825/1034
f 6054/3737/1035 6056/3826/1036 6055/3827/1036 6053/3738/1035
f 6056/3826/1036 6058/3739/1037 6057/3740/1037 6055/3827/1036
f 6058/3739/1037 6060/3828/1038 6059/3829/1038 6057/3740/1037
f 6060/3828/1038 6062/3741/1039 6061/3742/1039 6059/3829/1038
f 6062/3741/1039 6064/2340/1040 6063/131/1040 6061/3742/1039
f 6064/2340/1040 6066/3743/1041 6065/3744/1041 6063/131/1040
f 6066/3743/1041 6068/3830/1042 6067/3831/1042 6065/3744/1041
f 6068/3830/1042 6070/3745/1043 6069/3746/1043 6067/3831/1042
f 6070/3745/1043 6072/3832/1044 6071/3833/1044 6069/3746/1043
f 6072/3832/1044 6074/3747/1045 6073/3748/1045 6071/3833/1044
f 6074/3747/1045 6076/3834/1046 6075/3835/1046 6073/3748/1045
f 6076/3834/1046 6078/1877/1047 6077/815/1047 6075/3835/1046
f 6078/1877/1047 6080/3836/1048 6079/3837/1048 6077/815/1047
f 6080/3836/1048 6082/3749/1049 6081/3750/1049 6079/3837/1048
f 6082/3749/1049 6084/3838/1050 6083/3839/1050 6081/3750/1049
f 6084/3838/1050 6086/3751/1051 6085/3752/1051 6083/3839/1050
f 6086/3751/1051 6088/3840/1052 6087/3841/1052 6085/3752/1051
f 6088/3840/1052 6090/3753/1053 6089/3754/1053 6087/3841/1052
f 6090/3753/1053 6092/3842/1054 6091/833/1054 6089/3754/1053
f 6092/3842/1054 6094/3755/1055 6093/3756/1055 6091/833/1054
f 6094/3755/1055 6096/3843/1056 6095/3844/1056 6093/3756/1055
f 6096/3843/1056 6098/3757/1057 6097/3758/1057 6095/3844/1056
f 6098/3757/1057 6100/3845/1058 6099/3846/1058 6097/3758/1057
f 6100/3845/1058 6102/3759/1059 6101/3760/1059 6099/3846/1058
f 6102/3759/1059 6104/3847/1060 6103/3848/1060 6101/3760/1059
f 6104/3847/1060 6106/1948/1061 6105/982/1061 6103/3848/1060
f 6106/1948/1061 6108/3849/1062 6107/3850/1062 6105/982/1061
f 6108/3849/1062 6110/3761/1063 6109/3762/1063 6107/3850/1062
f 6110/3761/1063 6112/3851/1064 6111/3852/1064 6109/3762/1063
f 6112/3851/1064 6114/3763/1065 6113/3764/1065 6111/3852/1064
f 6114/3763/1065 6116/3853/1066 6115/3854/1066 6113/3764/1065
f 6116/3853/1066 6118/3765/1067 6117/3766/1067 6115/3854/1066
f 6118/3765/1067 6120/3855/704 6119/908/704 6117/3766/1067
f 6120/3855/704 6122/3767/1068 6121/3768/1068 6119/908/704
f 6122/3767/1068 6124/3856/1069 6123/3857/1069 6121/3768/1068
f 6124/3856/1069 6126/3769/1070 6125/3770/1070 6123/3857/1069
f 6126/3769/1070 6128/3858/1071 6127/3859/1071 6125/3770/1070
f 6128/3858/1071 6130/3771/1072 6129/3772/1072 6127/3859/1071
f 6130/3771/1072 6132/3860/1073 6131/3861/1073 6129/3772/1072
f 6132/3860/1073 6134/2017/1074 6133/711/1074 6131/3861/1073
f 6134/2017/1074 6136/3862/1075 6135/3863/1075 6133/711/1074
f 6136/3862/1075 6138/3773/1076 6137/3774/1076 6135/3863/1075
f 6138/3773/1076 6140/3864/1077 6139/3865/1077 6137/3774/1076
f 6140/3864/1077 6142/3775/1078 6141/3776/1078 6139/3865/1077
f 6142/3775/1078 6144/3866/1079 6143/3867/1079 6141/3776/1078
f 6144/3866/1079 6146/3777/1080 6145/3778/1080 6143/3867/1079
f 6146/3777/1080 6148/3868/1081 6147/688/1081 6145/3778/1080
f 6148/3868/1081 6150/3779/1082 6149/3780/1082 6147/688/1081
f 6150/3779/1082 6152/3869/1083 6151/3870/1083 6149/3780/1082
f 6152/3869/1083 6154/3781/1084 6153/3782/1084 6151/3870/1083
f 6154/3781/1084 6156/3871/1085 6155/3872/1085 6153/3782/1084
f 6156/3871/1085 6158/3783/1086 6157/3784/1086 6155/3872/1085
f 6158/3783/1086 6160/3873/1087 6159/3874/1087 6157/3784/1086
f 6160/3873/1087 5966/2087/993 5965/140/993 6159/3874/1087
f 6162/1598/1088 6164/3785/1089 6163/3786/1089 6161/141/1088
f 6164/3785/1089 6166/3701/1090 6165/3702/1090 6163/3786/1089
f 6166/3701/1090 6168/3787/1091 6167/3788/1091 6165/3702/1090
f 6168/3787/1091 6170/3703/1092 6169/3704/1092 6167/3788/1091
f 6170/3703/1092 6172/3789/1093 6171/3790/1093 6169/3704/1092
f 6172/3789/1093 6174/3705/1094 6173/3706/1094 6171/3790/1093
f 6174/3705/1094 6176/3791/1095 6175/746/1095 6173/3706/1094
f 6176/3791/1095 6178/3707/1096 6177/3708/1096 6175/746/1095
f 6178/3707/1096 6180/3792/1097 6179/3793/1097 6177/3708/1096
f 6180/3792/1097 6182/3709/1098 6181/3710/1098 6179/3793/1097
f 6182/3709/1098 6184/3794/1099 6183/3795/1099 6181/3710/1098
f 6184/3794/1099 6186/3711/1100 6185/3712/1100 6183/3795/1099
f 6186/3711/1100 6188/3796/1101 6187/3797/1101 6185/3712/1100
f 6188/3796/1101 6190/1668/1102 6189/925/1102 6187/3797/1101
f 6190/1668/1102 6192/3798/1103 6191/3799/1103 6189/925/1102
f 6192/3798/1103 6194/3713/1104 6193/3714/1104 6191/3799/1103
f 6194/3713/1104 6196/3800/1105 6195/3801/1105 6193/3714/1104
f 6196/3800/1105 6198/3715/1106 6197/3716/1106 6195/3801/1105
f 6198/3715/1106 6200/3802/1107 6199/3803/1107 6197/3716/1106
f 6200/3802/1107 6202/3717/1108 6201/3718/1108 6199/3803/1107
f 6202/3717/1108 6204/3804/1109 6203/969/1109 6201/3718/1108
f 6204/3804/1109 6206/3719/1110 6205/3720/1110 6203/969/1109
f 6206/3719/1110 6208/3805/1111 6207/3806/1111 6205/3720/1110
f 6208/3805/1111 6210/3721/1112 6209/3722/1112 6207/3806/1111
f 6210/3721/1112 6212/3807/1113 6211/3808/1113 6209/3722/1112
f 6212/3807/1113 6214/3723/1114 6213/3724/1114 6211/3808/1113
f 6214/3723/1114 6216/3809/1115 6215/3810/1115 6213/3724/1114
f 6216/3809/1115 6218/1737/1116 6217/843/1116 6215/3810/1115
f 6218/1737/1116 6220/3811/1117 6219/3812/1117 6217/843/1116
f 6220/3811/1117 6222/3725/1118 6221/3726/1118 6219/3812/1117
f 6222/3725/1118 6224/3813/1119 6223/3814/1119 6221/3726/1118
f 6224/3813/1119 6226/3727/1120 6225/3728/1120 6223/3814/1119
f 6226/3727/1120 6228/3815/1121 6227/3816/1121 6225/3728/1120
f 6228/3815/1121 6230/3729/1122 6229/3730/1122 6227/3816/1121
f 6230/3729/1122 6232/3817/1123 6231/789/1123 6229/3730/1122
f 6232/3817/1123 6234/3731/1124 6233/3732/1124 6231/789/1123
f 6234/3731/1124 6236/3818/993 6235/3819/993 6233/3732/1124
f 6236/3818/993 6238/3733/1125 6237/3734/1125 6235/3819/993
f 6238/3733/1125 6240/3820/1126 6239/3821/1126 6237/3734/1125
f 6240/3820/1126 6242/3735/1127 6241/3736/1127 6239/3821/1126
f 6242/3735/1127 6244/3822/1128 6243/3823/1128 6241/3736/1127
f 6244/3822/1128 6246/1808/1129 6245/953/1129 6243/3823/1128
f 6246/1808/1129 6248/3824/1130 6247/3825/1130 6245/953/1129
f 6248/3824/1130 6250/3737/1131 6249/3738/1131 6247/3825/1130
f 6250/3737/1131 6252/3826/1132 6251/3827/1132 6249/3738/1131
f 6252/3826/1132 6254/3739/1133 6253/3740/1133 6251/3827/1132
f 6254/3739/1133 6256/3828/1134 6255/3829/1134 6253/3740/1133
f 6256/3828/1134 6258/3741/1135 6257/3742/1135 6255/3829/1134
f 6258/3741/1135 6260/2340/1136 6259/131/1136 6257/3742/1135
f 6260/2340/1136 6262/3743/1137 6261/3744/1137 6259/131/1136
f 6262/3743/1137 6264/3830/1138 6263/3831/1138 6261/3744/1137
f 6264/3830/1138 6266/3745/1139 6265/3746/1139 6263/3831/1138
f 6266/3745/1139 6268/3832/1140 6267/3833/1140 6265/3746/1139
f 6268/3832/1140 6270/3747/1141 6269/3748/1141 6267/3833/1140
f 6270/3747/1141 6272/3834/1142 6271/3835/1142 6269/3748/1141
f 6272/3834/1142 6274/1877/1143 6273/815/1143 6271/3835/1142
f 6274/1877/1143 6276/3836/1144 6275/3837/1144 6273/815/1143
f 6276/3836/1144 6278/3749/1145 6277/3750/1145 6275/3837/1144
f 6278/3749/1145 6280/3838/1146 6279/3839/1146 6277/3750/1145
f 6280/3838/1146 6282/3751/1147 6281/3752/1147 6279/3839/1146
f 6282/3751/1147 6284/3840/1148 6283/3841/1148 6281/3752/1147
f 6284/3840/1148 6286/3753/1149 6285/3754/1149 6283/3841/1148
f 6286/3753/1149 6288/3842/1150 6287/833/1150 6285/3754/1149
f 6288/3842/1150 6290/3755/1151 6289/3756/1151 6287/833/1150
f 6290/3755/1151 6292/3843/1152 6291/3844/1152 6289/3756/1151
f 6292/3843/1152 6294/3757/1153 6293/3758/1153 6291/3844/1152
f 6294/3757/1153 6296/3845/1154 6295/3846/1154 6293/3758/1153
f 6296/3845/1154 6298/3759/1155 6297/3760/1155 6295/3846/1154
f 6298/3759/1155 6300/3847/1156 6299/3848/1156 6297/3760/1155
f 6300/3847/1156 6302/1948/1157 6301/982/1157 6299/3848/1156
f 6302/1948/1157 6304/3849/1158 6303/3850/1158 6301/982/1157
f 6304/3849/1158 6306/3761/1159 6305/3762/1159 6303/3850/1158
f 6306/3761/1159 6308/3851/1160 6307/3852/1160 6305/3762/1159
f 6308/3851/1160 6310/3763/1161 6309/3764/1161 6307/3852/1160
f 6310/3763/1161 6312/3853/1162 6311/3854/1162 6309/3764/1161
f 6312/3853/1162 6314/3765/1163 6313/3766/1163 6311/3854/1162
f 6314/3765/1163 6316/3855/1164 6315/908/1164 6313/3766/1163
f 6316/3855/1164 6318/3767/1165 6317/3768/1165 6315/908/1164
f 6318/3767/1165 6320/3856/1166 6319/3857/1166 6317/3768/1165
f 6320/3856/1166 6322/3769/1167 6321/3770/1167 6319/3857/1166
f 6322/3769/1167 6324/3858/1168 6323/3859/1168 6321/3770/1167
f 6324/3858/1168 6326/3771/1169 6325/3772/1169 6323/3859/1168
f 6326/3771/1169 6328/3860/1170 6327/3861/1170 6325/3772/1169
f 6328/3860/1170 6330/2017/1171 6329/711/1171 6327/3861/1170
f 6330/2017/1171 6332/3862/1172 6331/3863/1172 6329/711/1171
f 6332/3862/1172 6334/3773/1040 6333/3774/1040 6331/3863/1172
f 6334/3773/1040 6336/3864/1173 6335/3865/1173 6333/3774/1040
f 6336/3864/1173 6338/3775/1174 6337/3776/1174 6335/3865/1173
f 6338/3775/1174 6340/3866/1175 6339/3867/1175 6337/3776/1174
f 6340/3866/1175 6342/3777/1176 6341/3778/1176 6339/3867/1175
f 6342/3777/1176 6344/3868/1177 6343/688/1177 6341/3778/1176
f 6344/3868/1177 6346/3779/1178 6345/3780/1178 6343/688/1177
f 6346/3779/1178 6348/3869/1179 6347/3870/1179 6345/3780/1178
f 6348/3869/1179 6350/3781/1180 6349/3782/1180 6347/3870/1179
f 6350/3781/1180 6352/3871/1181 6351/3872/1181 6349/3782/1180
f 6352/3871/1181 6354/3783/1182 6353/3784/1182 6351/3872/1181
f 6354/3783/1182 6356/3873/1183 6355/3874/1183 6353/3784/1182
f 6356/3873/1183 6162/2087/1088 6161/140/1088 6355/3874/1183
f 6358/1598/1184 6360/3875/1185 6359/3876/1185 6357/141/1184
f 6360/3875/1185 6362/3877/1186 6361/3878/1186 6359/3876/1185
f 6362/3877/1186 6364/3879/1187 6363/3880/1187 6361/3878/1186
f 6364/3879/1187 6366/3881/1188 6365/3882/1188 6363/3880/1187
f 6366/3881/1188 6368/3883/1189 6367/3884/1189 6365/3882/1188
f 6368/3883/1189 6370/3885/1190 6369/3886/1190 6367/3884/1189
f 6370/3885/1190 6372/3887/1191 6371/3888/1191 6369/3886/1190
f 6372/3887/1191 6374/3889/1192 6373/3890/1192 6371/3888/1191
f 6374/3889/1192 6376/3891/1193 6375/3892/1193 6373/3890/1192
f 6376/3891/1193 6378/3893/1194 6377/3894/1194 6375/3892/1193
f 6378/3893/1194 6380/3895/1195 6379/889/1195 6377/3894/1194
f 6380/3895/1195 6382/3896/1196 6381/3897/1196 6379/889/1195
f 6382/3896/1196 6384/3898/1197 6383/3899/1197 6381/3897/1196
f 6384/3898/1197 6386/3900/1198 6385/3901/1198 6383/3899/1197
f 6386/3900/1198 6388/3902/1199 6387/3903/1199 6385/3901/1198
f 6388/3902/1199 6390/3904/1200 6389/3905/1200 6387/3903/1199
f 6390/3904/1200 6392/3906/1201 6391/3907/1201 6389/3905/1200
f 6392/3906/1201 6394/3908/1202 6393/3909/1202 6391/3907/1201
f 6394/3908/1202 6396/3910/1203 6395/3911/1203 6393/3909/1202
f 6396/3910/1203 6398/3912/1204 6397/3913/1204 6395/3911/1203
f 6398/3912/1204 6400/3914/1205 6399/3915/1205 6397/3913/1204
f 6400/3914/1205 6402/3916/1206 6401/898/1206 6399/3915/1205
f 6402/3916/1206 6404/3917/1207 6403/3918/1207 6401/898/1206
f 6404/3917/1207 6406/3919/1208 6405/3920/1208 6403/3918/1207
f 6406/3919/1208 6408/3921/1209 6407/3922/1209 6405/3920/1208
f 6408/3921/1209 6410/3923/1210 6409/3924/1210 6407/3922/1209
f 6410/3923/1210 6412/3925/1211 6411/3926/1211 6409/3924/1210
f 6412/3925/1211 6414/3927/239 6413/3928/239 6411/3926/1211
f 6414/3927/239 6416/3929/252 6415/3930/252 6413/3928/239
f 6416/3929/252 6418/3931/253 6417/3932/253 6415/3930/252
f 6418/3931/253 6420/3933/254 6419/3934/254 6417/3932/253
f 6420/3933/254 6422/3935/1212 6421/3936/1212 6419/3934/254
f 6422/3935/1212 6424/3937/1213 6423/841/1213 6421/3936/1212
f 6424/3937/1213 6426/3938/1214 6425/3939/1214 6423/841/1213
f 6426/3938/1214 6428/3940/477 6427/3941/477 6425/3939/1214
f 6428/3940/477 6430/3942/1215 6429/3943/1215 6427/3941/477
f 6430/3942/1215 6432/3944/1216 6431/3945/1216 6429/3943/1215
f 6432/3944/1216 6434/3946/1217 6433/3947/1217 6431/3945/1216
f 6434/3946/1217 6436/3948/1218 6435/3949/1218 6433/3947/1217
f 6436/3948/1218 6438/3950/1219 6437/3951/1219 6435/3949/1218
f 6438/3950/1219 6440/3952/1220 6439/3953/1220 6437/3951/1219
f 6440/3952/1220 6442/3954/1221 6441/3955/1221 6439/3953/1220
f 6442/3954/1221 6444/3956/1222 6443/3957/1222 6441/3955/1221
f 6444/3956/1222 6446/2340/1223 6445/131/1223 6443/3957/1222
f 6446/2340/1223 6448/3958/1224 6447/3959/1224 6445/131/1223
f 6448/3958/1224 6450/3960/1225 6449/3961/1225 6447/3959/1224
f 6450/3960/1225 6452/3962/1226 6451/3963/1226 6449/3961/1225
f 6452/3962/1226 6454/3964/1227 6453/3965/1227 6451/3963/1226
f 6454/3964/1227 6456/3966/1228 6455/3967/1228 6453/3965/1227
f 6456/3966/1228 6458/3968/1229 6457/3969/1229 6455/3967/1228
f 6458/3968/1229 6460/3970/1230 6459/3971/1230 6457/3969/1229
f 6460/3970/1230 6462/3972/1231 6461/3973/1231 6459/3971/1230
f 6462/3972/1231 6464/3974/1232 6463/3975/1232 6461/3973/1231
f 6464/3974/1232 6466/3976/1233 6465/3977/1233 6463/3975/1232
f 6466/3976/1233 6468/3978/1234 6467/779/1234 6465/3977/1233
f 6468/3978/1234 6470/3979/1235 6469/3980/1235 6467/779/1234
f 6470/3979/1235 6472/3981/1236 6471/3982/1236 6469/3980/1235
f 6472/3981/1236 6474/3983/1237 6473/3984/1237 6471/3982/1236
f 6474/3983/1237 6476/3985/1238 6475/3986/1238 6473/3984/1237
f 6476/3985/1238 6478/3987/239 6477/3988/239 6475/3986/1238
f 6478/3987/239 6480/3989/252 6479/3990/252 6477/3988/239
f 6480/3989/252 6482/3991/253 6481/3992/253 6479/3990/252
f 6482/3991/253 6484/3993/254 6483/3994/254 6481/3992/253
f 6484/3993/254 6486/3995/1239 6485/3996/1239 6483/3994/254
f 6486/3995/1239 6488/3997/1240 6487/3998/1240 6485/3996/1239
f 6488/3997/1240 6490/3999/1241 6489/979/1241 6487/3998/1240
f 6490/3999/1241 6492/4000/1242 6491/4001/1242 6489/979/1241
f 6492/4000/1242 6494/4002/1243 6493/4003/1243 6491/4001/1242
f 6494/4002/1243 6496/4004/1244 6495/4005/1244 6493/4003/1243
f 6496/4004/1244 6498/4006/1245 6497/4007/1245 6495/4005/1244
f 6498/4006/1245 6500/4008/1246 6499/4009/1246 6497/4007/1245
f 6500/4008/1246 6502/4010/1247 6501/4011/1247 6499/4009/1246
f 6502/4010/1247 6504/4012/1248 6503/4013/1248 6501/4011/1247
f 6504/4012/1248 6506/4014/1249 6505/4015/1249 6503/4013/1248
f 6506/4014/1249 6508/4016/1250 6507/4017/1250 6505/4015/1249
f 6508/4016/1250 6510/4018/1251 6509/4019/1251 6507/4017/1250
f 6510/4018/1251 6512/4020/1252 6511/705/1252 6509/4019/1251
f 6512/4020/1252 6514/4021/1253 6513/4022/1253 6511/705/1252
f 6514/4021/1253 6516/4023/1254 6515/4024/1254 6513/4022/1253
f 6516/4023/1254 6518/4025/1255 6517/4026/1255 6515/4024/1254
f 6518/4025/1255 6520/4027/1256 6519/4028/1256 6517/4026/1255
f 6520/4027/1256 6522/4029/1257 6521/4030/1257 6519/4028/1256
f 6522/4029/1257 6524/4031/1258 6523/4032/1258 6521/4030/1257
f 6524/4031/1258 6526/4033/1259 6525/4034/1259 6523/4032/1258
f 6526/4033/1259 6528/4035/1260 6527/4036/1260 6525/4034/1259
f 6528/4035/1260 6530/4037/1261 6529/4038/1261 6527/4036/1260
f 6530/4037/1261 6532/4039/1262 6531/4040/1262 6529/4038/1261
f 6532/4039/1262 6358/2087/1184 6357/140/1184 6531/4040/1262
f 6534/1598/806 6536/3413/807 6535/3414/807 6533/141/806
f 6536/3413/807 6538/3415/808 6537/3416/808 6535/3414/807
f 6538/3415/808 6540/3417/809 6539/3418/809 6537/3416/808
f 6540/3417/809 6542/3419/810 6541/3420/810 6539/3418/809
f 6542/3419/810 6544/3421/811 6543/3422/811 6541/3420/810
f 6544/3421/811 6546/3423/812 6545/3424/812 6543/3422/811
f 6546/3423/812 6548/3425/813 6547/3426/813 6545/3424/812
f 6548/3425/813 6550/3427/814 6549/3428/814 6547/3426/813
f 6550/3427/814 6552/3429/815 6551/3430/815 6549/3428/814
f 6552/3429/815 6554/3431/816 6553/3432/816 6551/3430/815
f 6554/3431/816 6556/3433/817 6555/3434/817 6553/3432/816
f 6556/3433/817 6558/3435/818 6557/3436/818 6555/3434/817
f 6558/3435/818 6560/3437/819 6559/3438/819 6557/3436/818
f 6560/3437/819 6562/3439/820 6561/3440/820 6559/3438/819
f 6562/3439/820 6564/3441/821 6563/3442/821 6561/3440/820
f 6564/3441/821 6566/3443/822 6565/3444/822 6563/3442/821
f 6566/3443/822 6568/3445/823 6567/3446/823 6565/3444/822
f 6568/3445/823 6570/3447/824 6569/3448/824 6567/3446/823
f 6570/3447/824 6572/3449/825 6571/3450/825 6569/3448/824
f 6572/3449/825 6574/3451/826 6573/3452/826 6571/3450/825
f 6574/3451/826 6576/3453/827 6575/3454/827 6573/3452/826
f 6576/3453/827 6578/3455/828 6577/3456/828 6575/3454/827
f 6578/3455/828 6580/3457/829 6579/3458/829 6577/3456/828
f 6580/3457/829 6582/3459/830 6581/3460/830 6579/3458/829
f 6582/3459/830 6584/3461/154 6583/3462/154 6581/3460/830
f 6584/3461/154 6586/3463/831 6585/3464/831 6583/3462/154
f 6586/3463/831 6588/3465/832 6587/3466/832 6585/3464/831
f 6588/3465/832 6590/3467/833 6589/3468/833 6587/3466/832
f 6590/3467/833 6592/3469/834 6591/3470/834 6589/3468/833
f 6592/3469/834 6594/3471/835 6593/3472/835 6591/3470/834
f 6594/3471/835 6596/3473/836 6595/3474/836 6593/3472/835
f 6596/3473/836 6598/3475/837 6597/3476/837 6595/3474/836
f 6598/3475/837 6600/3477/838 6599/3478/838 6597/3476/837
f 6600/3477/838 6602/3479/839 6601/3480/839 6599/3478/838
f 6602/3479/839 6604/3481/840 6603/3482/840 6601/3480/839
f 6604/3481/840 6606/3483/841 6605/3484/841 6603/3482/840
f 6606/3483/841 6608/3485/1263 6607/3486/1263 6605/3484/841
f 6608/3485/1263 6610/3487/843 6609/3488/843 6607/3486/1263
f 6610/3487/843 6612/3489/844 6611/3490/844 6609/3488/843
f 6612/3489/844 6614/3491/845 6613/3492/845 6611/3490/844
f 6614/3491/845 6616/3493/846 6615/3494/846 6613/3492/845
f 6616/3493/846 6618/3495/847 6617/3496/847 6615/3494/846
f 6618/3495/847 6620/3497/848 6619/3498/848 6617/3496/847
f 6620/3497/848 6622/3499/849 6621/3500/849 6619/3498/848
f 6622/3499/849 6624/3501/850 6623/3502/850 6621/3500/849
f 6624/3501/850 6626/3503/851 6625/3504/851 6623/3502/850
f 6626/3503/851 6628/3505/852 6627/3506/852 6625/3504/851
f 6628/3505/852 6630/3507/853 6629/3508/853 6627/3506/852
f 6630/3507/853 6632/3509/854 6631/3510/854 6629/3508/853
f 6632/3509/854 6634/3511/855 6633/3512/855 6631/3510/854
f 6634/3511/855 6636/3513/856 6635/3514/856 6633/3512/855
f 6636/3513/856 6638/3515/857 6637/3516/857 6635/3514/856
f 6638/3515/857 6640/3517/858 6639/3518/858 6637/3516/857
f 6640/3517/858 6642/3519/859 6641/3520/859 6639/3518/858
f 6642/3519/859 6644/3521/532 6643/3522/532 6641/3520/859
f 6644/3521/532 6646/3523/860 6645/3524/860 6643/3522/532
f 6646/3523/860 6648/3525/861 6647/3526/861 6645/3524/860
f 6648/3525/861 6650/3527/862 6649/3528/862 6647/3526/861
f 6650/3527/862 6652/3529/863 6651/3530/863 6649/3528/862
f 6652/3529/863 6654/3531/864 6653/3532/864 6651/3530/863
f 6654/3531/864 6656/3533/865 6655/3534/865 6653/3532/864
f 6656/3533/865 6658/3535/866 6657/3536/866 6655/3534/865
f 6658/3535/866 6660/3537/867 6659/3538/867 6657/3536/866
f 6660/3537/867 6662/3539/868 6661/3540/868 6659/3538/867
f 6662/3539/868 6664/3541/1264 6663/3542/1264 6661/3540/868
f 6664/3541/1264 6666/3543/870 6665/3544/870 6663/3542/1264
f 6666/3543/870 6668/3545/871 6667/3546/871 6665/3544/870
f 6668/3545/871 6670/3547/1265 6669/3548/1265 6667/3546/871
f 6670/3547/1265 6672/3549/873 6671/3550/873 6669/3548/1265
f 6672/3549/873 6674/3551/874 6673/3552/874 6671/3550/873
f 6674/3551/874 6676/3553/875 6675/3554/875 6673/3552/874
f 6676/3553/875 6678/3555/876 6677/3556/876 6675/3554/875
f 6678/3555/876 6680/2340/877 6679/131/877 6677/3556/876
f 6680/2340/877 6682/3557/878 6681/3558/878 6679/131/877
f 6682/3557/878 6684/3559/879 6683/3560/879 6681/3558/878
f 6684/3559/879 6686/3561/880 6685/3562/880 6683/3560/879
f 6686/3561/880 6688/3563/881 6687/3564/881 6685/3562/880
f 6688/3563/881 6690/3565/882 6689/3566/882 6687/3564/881
f 6690/3565/882 6692/3567/883 6691/3568/883 6689/3566/882
f 6692/3567/883 6694/3569/884 6693/3570/884 6691/3568/883
f 6694/3569/884 6696/3571/1266 6695/3572/1266 6693/3570/884
f 6696/3571/1266 6698/3573/886 6697/3574/886 6695/3572/1266
f 6698/3573/886 6700/3575/887 6699/3576/887 6697/3574/886
f 6700/3575/887 6702/3577/888 6701/3578/888 6699/3576/887
f 6702/3577/888 6704/3579/889 6703/3580/889 6701/3578/888
f 6704/3579/889 6706/3581/890 6705/3582/890 6703/3580/889
f 6706/3581/890 6708/3583/891 6707/3584/891 6705/3582/890
f 6708/3583/891 6710/3585/1267 6709/3586/1267 6707/3584/891
f 6710/3585/1267 6712/3587/893 6711/3588/893 6709/3586/1267
f 6712/3587/893 6714/3589/894 6713/3590/894 6711/3588/893
f 6714/3589/894 6716/3591/1268 6715/3592/1268 6713/3590/894
f 6716/3591/1268 6718/3593/896 6717/3594/896 6715/3592/1268
f 6718/3593/896 6720/3595/1269 6719/3596/1269 6717/3594/896
f 6720/3595/1269 6722/3597/1021 6721/3598/1021 6719/3596/1269
f 6722/3597/1021 6724/3599/899 6723/3600/899 6721/3598/1021
f 6724/3599/899 6726/3601/1270 6725/3602/1270 6723/3600/899
f 6726/3601/1270 6728/3603/1271 6727/3604/1271 6725/3602/1270
f 6728/3603/1271 6730/3605/902 6729/3606/902 6727/3604/1271
f 6730/3605/902 6732/3607/1272 6731/3608/1272 6729/3606/902
f 6732/3607/1272 6734/3609/904 6733/3610/904 6731/3608/1272
f 6734/3609/904 6736/3611/905 6735/3612/905 6733/3610/904
f 6736/3611/905 6738/3613/906 6737/3614/906 6735/3612/905
f 6738/3613/906 6740/3615/907 6739/3616/907 6737/3614/906
f 6740/3615/907 6742/3617/908 6741/3618/908 6739/3616/907
f 6742/3617/908 6744/3619/909 6743/3620/909 6741/3618/908
f 6744/3619/909 6746/3621/910 6745/3622/910 6743/3620/909
f 6746/3621/910 6748/3623/911 6747/3624/911 6745/3622/910
f 6748/3623/911 6750/3625/912 6749/3626/912 6747/3624/911
f 6750/3625/912 6752/3627/889 6751/3628/889 6749/3626/912
f 6752/3627/889 6754/3629/913 6753/3630/913 6751/3628/889
f 6754/3629/913 6756/3631/914 6755/3632/914 6753/3630/913
f 6756/3631/914 6758/3633/1273 6757/3634/1273 6755/3632/914
f 6758/3633/1273 6760/3635/916 6759/3636/916 6757/3634/1273
f 6760/3635/916 6762/3637/917 6761/3638/917 6759/3636/916
f 6762/3637/917 6764/3639/918 6763/3640/918 6761/3638/917
f 6764/3639/918 6766/3641/919 6765/3642/919 6763/3640/918
f 6766/3641/919 6768/3643/421 6767/3644/421 6765/3642/919
f 6768/3643/421 6770/3645/920 6769/3646/920 6767/3644/421
f 6770/3645/920 6772/3647/921 6771/3648/921 6769/3646/920
f 6772/3647/921 6774/3649/922 6773/3650/922 6771/3648/921
f 6774/3649/922 6776/3651/923 6775/3652/923 6773/3650/922
f 6776/3651/923 6778/3653/924 6777/3654/924 6775/3652/923
f 6778/3653/924 6780/3655/925 6779/3656/925 6777/3654/924
f 6780/3655/925 6782/3657/926 6781/3658/926 6779/3656/925
f 6782/3657/926 6784/3659/927 6783/3660/927 6781/3658/926
f 6784/3659/927 6786/3661/928 6785/3662/928 6783/3660/927
f 6786/3661/928 6788/3663/929 6787/3664/929 6785/3662/928
f 6788/3663/929 6790/3665/930 6789/3666/930 6787/3664/929
f 6790/3665/930 6792/3667/931 6791/3668/931 6789/3666/930
f 6792/3667/931 6794/3669/932 6793/3670/932 6791/3668/931
f 6794/3669/932 6796/3671/933 6795/3672/933 6793/3670/932
f 6796/3671/933 6798/3673/934 6797/3674/934 6795/3672/933
f 6798/3673/934 6800/3675/1274 6799/3676/1274 6797/3674/934
f 6800/3675/1274 6802/3677/936 6801/3678/936 6799/3676/1274
f 6802/3677/936 6804/3679/937 6803/3680/937 6801/3678/936
f 6804/3679/937 6806/3681/938 6805/3682/938 6803/3680/937
f 6806/3681/938 6808/3683/1275 6807/3684/1275 6805/3682/938
f 6808/3683/1275 6810/3685/939 6809/3686/939 6807/3684/1275
f 6810/3685/939 6812/3687/940 6811/3688/940 6809/3686/939
f 6812/3687/940 6814/3689/941 6813/3690/941 6811/3688/940
f 6814/3689/941 6816/3691/942 6815/3692/942 6813/3690/941
f 6816/3691/942 6818/3693/943 6817/3694/943 6815/3692/942
f 6818/3693/943 6820/3695/944 6819/3696/944 6817/3694/943
f 6820/3695/944 6822/3697/945 6821/3698/945 6819/3696/944
f 6822/3697/945 6824/3699/946 6823/3700/946 6821/3698/945
f 6824/3699/946 6534/2087/806 6533/140/806 6823/3700/946
f 6826/1598/947 6828/3701/948 6827/3702/948 6825/141/947
f 6828/3701/948 6830/3703/949 6829/3704/949 6827/3702/948
f 6830/3703/949 6832/3705/950 6831/3706/950 6829/3704/949
f 6832/3705/950 6834/3707/951 6833/3708/951 6831/3706/950
f 6834/3707/951 6836/3709/952 6835/3710/952 6833/3708/951
f 6836/3709/952 6838/3711/953 6837/3712/953 6835/3710/952
f 6838/3711/953 6840/1668/1276 6839/925/1276 6837/3712/953
f 6840/1668/1276 6842/3713/955 6841/3714/955 6839/925/1276
f 6842/3713/955 6844/3715/956 6843/3716/956 6841/3714/955
f 6844/3715/956 6846/3717/957 6845/3718/957 6843/3716/956
f 6846/3717/957 6848/3719/958 6847/3720/958 6845/3718/957
f 6848/3719/958 6850/3721/959 6849/3722/959 6847/3720/958
f 6850/3721/959 6852/3723/459 6851/3724/459 6849/3722/959
f 6852/3723/459 6854/1737/1277 6853/843/1277 6851/3724/459
f 6854/1737/1277 6856/3725/961 6855/3726/961 6853/843/1277
f 6856/3725/961 6858/3727/1278 6857/3728/1278 6855/3726/961
f 6858/3727/1278 6860/3729/963 6859/3730/963 6857/3728/1278
f 6860/3729/963 6862/3731/1279 6861/3732/1279 6859/3730/963
f 6862/3731/1279 6864/3733/1280 6863/3734/1280 6861/3732/1279
f 6864/3733/1280 6866/3735/966 6865/3736/966 6863/3734/1280
f 6866/3735/966 6868/1808/967 6867/953/967 6865/3736/966
f 6868/1808/967 6870/3737/968 6869/3738/968 6867/953/967
f 6870/3737/968 6872/3739/969 6871/3740/969 6869/3738/968
f 6872/3739/969 6874/3741/970 6873/3742/970 6871/3740/969
f 6874/3741/970 6876/3743/971 6875/3744/971 6873/3742/970
f 6876/3743/971 6878/3745/41 6877/3746/41 6875/3744/971
f 6878/3745/41 6880/3747/972 6879/3748/972 6877/3746/41
f 6880/3747/972 6882/1877/973 6881/815/973 6879/3748/972
f 6882/1877/973 6884/3749/974 6883/3750/974 6881/815/973
f 6884/3749/974 6886/3751/975 6885/3752/975 6883/3750/974
f 6886/3751/975 6888/3753/976 6887/3754/976 6885/3752/975
f 6888/3753/976 6890/3755/977 6889/3756/977 6887/3754/976
f 6890/3755/977 6892/3757/978 6891/3758/978 6889/3756/977
f 6892/3757/978 6894/3759/979 6893/3760/979 6891/3758/978
f 6894/3759/979 6896/1948/733 6895/982/733 6893/3760/979
f 6896/1948/733 6898/3761/980 6897/3762/980 6895/982/733
f 6898/3761/980 6900/3763/1281 6899/3764/1281 6897/3762/980
f 6900/3763/1281 6902/3765/982 6901/3766/982 6899/3764/1281
f 6902/3765/982 6904/3767/983 6903/3768/983 6901/3766/982
f 6904/3767/983 6906/3769/984 6905/3770/984 6903/3768/983
f 6906/3769/984 6908/3771/985 6907/3772/985 6905/3770/984
f 6908/3771/985 6910/2017/986 6909/711/986 6907/3772/985
f 6910/2017/986 6912/3773/987 6911/3774/987 6909/711/986
f 6912/3773/987 6914/3775/988 6913/3776/988 6911/3774/987
f 6914/3775/988 6916/3777/989 6915/3778/989 6913/3776/988
f 6916/3777/989 6918/3779/1282 6917/3780/1282 6915/3778/989
f 6918/3779/1282 6920/3781/991 6919/3782/991 6917/3780/1282
f 6920/3781/991 6922/3783/992 6921/3784/992 6919/3782/991
f 6922/3783/992 6826/2087/947 6825/140/947 6921/3784/992
f 6924/1598/993 6926/4041/485 6925/4042/485 6923/141/993
f 6926/4041/485 6928/4043/486 6927/4044/486 6925/4042/485
f 6928/4043/486 6930/4045/487 6929/4046/487 6927/4044/486
f 6930/4045/487 6932/4047/488 6931/4048/488 6929/4046/487
f 6932/4047/488 6934/4049/489 6933/4050/489 6931/4048/488
f 6934/4049/489 6936/4051/490 6935/4052/490 6933/4050/489
f 6936/4051/490 6938/4053/491 6937/4054/491 6935/4052/490
f 6938/4053/491 6940/4055/1283 6939/4056/1283 6937/4054/491
f 6940/4055/1283 6942/4057/1284 6941/4058/1284 6939/4056/1283
f 6942/4057/1284 6944/4059/1285 6943/4060/1285 6941/4058/1284
f 6944/4059/1285 6946/4061/1286 6945/4062/1286 6943/4060/1285
f 6946/4061/1286 6948/4063/1287 6947/4064/1287 6945/4062/1286
f 6948/4063/1287 6950/4065/1288 6949/4066/1288 6947/4064/1287
f 6950/4065/1288 6952/4067/1289 6951/4068/1289 6949/4066/1288
f 6952/4067/1289 6954/4069/1290 6953/4070/1290 6951/4068/1289
f 6954/4069/1290 6956/4071/1291 6955/4072/1291 6953/4070/1290
f 6956/4071/1291 6958/4073/1292 6957/4074/1292 6955/4072/1291
f 6958/4073/1292 6960/4075/1236 6959/4076/1236 6957/4074/1292
f 6960/4075/1236 6962/4077/1293 6961/4078/1293 6959/4076/1236
f 6962/4077/1293 6964/4079/1294 6963/4080/1294 6961/4078/1293
f 6964/4079/1294 6966/4081/1295 6965/4082/1295 6963/4080/1294
f 6966/4081/1295 6968/4083/1296 6967/4084/1296 6965/4082/1295
f 6968/4083/1296 6970/4085/1297 6969/4086/1297 6967/4084/1296
f 6970/4085/1297 6972/4087/1298 6971/4088/1298 6969/4086/1297
f 6972/4087/1298 6974/4089/1299 6973/4090/1299 6971/4088/1298
f 6974/4089/1299 6976/4091/1300 6975/4092/1300 6973/4090/1299
f 6976/4091/1300 6978/4093/1301 6977/4094/1301 6975/4092/1300
f 6978/4093/1301 6980/4095/1302 6979/4096/1302 6977/4094/1301
f 6980/4095/1302 6982/4097/1303 6981/4098/1303 6979/4096/1302
f 6982/4097/1303 6984/4099/1304 6983/4100/1304 6981/4098/1303
f 6984/4099/1304 6986/4101/1305 6985/4102/1305 6983/4100/1304
f 6986/4101/1305 6988/4103/1306 6987/4104/1306 6985/4102/1305
f 6988/4103/1306 6990/4105/165 6989/4106/165 6987/4104/1306
f 6990/4105/165 6992/4107/1307 6991/4108/1307 6989/4106/165
f 6992/4107/1307 6994/4109/1308 6993/4110/1308 6991/4108/1307
f 6994/4109/1308 6996/4111/1309 6995/4112/1309 6993/4110/1308
f 6996/4111/1309 6998/4113/1310 6997/4114/1310 6995/4112/1309
f 6998/4113/1310 7000/4115/1311 6999/4116/1311 6997/4114/1310
f 7000/4115/1311 7002/4117/1312 7001/4118/1312 6999/4116/1311
f 7002/4117/1312 7004/4119/1313 7003/4120/1313 7001/4118/1312
f 7004/4119/1313 7006/4121/1314 7005/4122/1314 7003/4120/1313
f 7006/4121/1314 7008/4123/1315 7007/4124/1315 7005/4122/1314
f 7008/4123/1315 7010/2622/1316 7009/645/1316 7007/4124/1315
f 7010/2622/1316 7012/4125/1317 7011/4126/1317 7009/645/1316
f 7012/4125/1317 7014/4127/1318 7013/4128/1318 7011/4126/1317
f 7014/4127/1318 7016/4129/1319 7015/4130/1319 7013/4128/1318
f 7016/4129/1319 7018/4131/1320 7017/4132/1320 7015/4130/1319
f 7018/4131/1320 7020/4133/1321 7019/4134/1321 7017/4132/1320
f 7020/4133/1321 7022/4135/652 7021/4136/652 7019/4134/1321
f 7022/4135/652 7024/4137/653 7023/4138/653 7021/4136/652
f 7024/4137/653 7026/4139/654 7025/4140/654 7023/4138/653
f 7026/4139/654 7028/4141/655 7027/4142/655 7025/4140/654
f 7028/4141/655 7030/4143/656 7029/4144/656 7027/4142/655
f 7030/4143/656 7032/4145/657 7031/4146/657 7029/4144/656
f 7032/4145/657 7034/4147/658 7033/4148/658 7031/4146/657
f 7034/4147/658 7036/4149/659 7035/4150/659 7033/4148/658
f 7036/4149/659 7038/4151/1322 7037/4152/1322 7035/4150/659
f 7038/4151/1322 7040/4153/661 7039/4154/661 7037/4152/1322
f 7040/4153/661 7042/4155/1323 7041/4156/1323 7039/4154/661
f 7042/4155/1323 7044/4157/737 7043/4158/737 7041/4156/1323
f 7044/4157/737 7046/4159/253 7045/4160/253 7043/4158/737
f 7046/4159/253 7048/4161/664 7047/4162/664 7045/4160/253
f 7048/4161/664 7050/4163/665 7049/4164/665 7047/4162/664
f 7050/4163/665 7052/4165/666 7051/4166/666 7049/4164/665
f 7052/4165/666 7054/4167/1324 7053/4168/1324 7051/4166/666
f 7054/4167/1324 7056/4169/668 7055/4170/668 7053/4168/1324
f 7056/4169/668 7058/4171/669 7057/4172/669 7055/4170/668
f 7058/4171/669 7060/4173/670 7059/4174/670 7057/4172/669
f 7060/4173/670 7062/4175/671 7061/4176/671 7059/4174/670
f 7062/4175/671 7064/4177/672 7063/4178/672 7061/4176/671
f 7064/4177/672 7066/4179/673 7065/4180/673 7063/4178/672
f 7066/4179/673 7068/4181/674 7067/4182/674 7065/4180/673
f 7068/4181/674 7070/4183/675 7069/4184/675 7067/4182/674
f 7070/4183/675 7072/4185/253 7071/4186/253 7069/4184/675
f 7072/4185/253 7074/4187/254 7073/4188/254 7071/4186/253
f 7074/4187/254 7076/4189/239 7075/4190/239 7073/4188/254
f 7076/4189/239 7078/4191/252 7077/4192/252 7075/4190/239
f 7078/4191/252 7080/4193/676 7079/4194/676 7077/4192/252
f 7080/4193/676 7082/4195/677 7081/4196/677 7079/4194/676
f 7082/4195/677 7084/4197/678 7083/4198/678 7081/4196/677
f 7084/4197/678 7086/4199/679 7085/4200/679 7083/4198/678
f 7086/4199/679 7088/4201/680 7087/4202/680 7085/4200/679
f 7088/4201/680 7090/4203/681 7089/4204/681 7087/4202/680
f 7090/4203/681 7092/4205/682 7091/4206/682 7089/4204/681
f 7092/4205/682 7094/4207/683 7093/4208/683 7091/4206/682
f 7094/4207/683 7096/2652/1325 7095/571/1325 7093/4208/683
f 7096/2652/1325 7098/4209/685 7097/4210/685 7095/571/1325
f 7098/4209/685 7100/4211/1326 7099/4212/1326 7097/4210/685
f 7100/4211/1326 7102/4213/1327 7101/4214/1327 7099/4212/1326
f 7102/4213/1327 7104/4215/252 7103/4216/252 7101/4214/1327
f 7104/4215/252 7106/4217/688 7105/4218/688 7103/4216/252
f 7106/4217/688 7108/4219/689 7107/4220/689 7105/4218/688
f 7108/4219/689 7110/4221/690 7109/4222/690 7107/4220/689
f 7110/4221/690 7112/4223/691 7111/4224/691 7109/4222/690
f 7112/4223/691 7114/4225/692 7113/4226/692 7111/4224/691
f 7114/4225/692 7116/4227/693 7115/4228/693 7113/4226/692
f 7116/4227/693 7118/4229/694 7117/4230/694 7115/4228/693
f 7118/4229/694 7120/4231/695 7119/4232/695 7117/4230/694
f 7120/4231/695 7122/4233/696 7121/4234/696 7119/4232/695
f 7122/4233/696 7124/4235/697 7123/4236/697 7121/4234/696
f 7124/4235/697 7126/4237/698 7125/4238/698 7123/4236/697
f 7126/4237/698 7128/4239/699 7127/4240/699 7125/4238/698
f 7128/4239/699 7130/4241/227 7129/4242/227 7127/4240/699
f 7130/4241/227 7132/4243/228 7131/4244/228 7129/4242/227
f 7132/4243/228 7134/4245/229 7133/4246/229 7131/4244/228
f 7134/4245/229 7136/4247/230 7135/4248/230 7133/4246/229
f 7136/4247/230 7138/4249/231 7137/4250/231 7135/4248/230
f 7138/4249/231 7140/4251/1328 7139/4252/1328 7137/4250/231
f 7140/4251/1328 7142/4253/233 7141/4254/233 7139/4252/1328
f 7142/4253/233 7144/4255/234 7143/4256/234 7141/4254/233
f 7144/4255/234 7146/4257/1329 7145/4258/1329 7143/4256/234
f 7146/4257/1329 7148/4259/236 7147/4260/236 7145/4258/1329
f 7148/4259/236 7150/4261/237 7149/4262/237 7147/4260/236
f 7150/4261/237 7152/4263/238 7151/4264/238 7149/4262/237
f 7152/4263/238 7154/4265/239 7153/4266/239 7151/4264/238
f 7154/4265/239 7156/4267/240 7155/4268/240 7153/4266/239
f 7156/4267/240 7158/4269/241 7157/4270/241 7155/4268/240
f 7158/4269/241 7160/4271/1330 7159/4272/1330 7157/4270/241
f 7160/4271/1330 7162/4273/1331 7161/4274/1331 7159/4272/1330
f 7162/4273/1331 7164/4275/244 7163/4276/244 7161/4274/1331
f 7164/4275/244 7166/4277/245 7165/4278/245 7163/4276/244
f 7166/4277/245 7168/4279/246 7167/4280/246 7165/4278/245
f 7168/4279/246 7170/4281/247 7169/4282/247 7167/4280/246
f 7170/4281/247 7172/4283/248 7171/4284/248 7169/4282/247
f 7172/4283/248 7174/4285/249 7173/4286/249 7171/4284/248
f 7174/4285/249 7176/4287/250 7175/4288/250 7173/4286/249
f 7176/4287/250 7178/4289/251 7177/4290/251 7175/4288/250
f 7178/4289/251 7180/4291/239 7179/4292/239 7177/4290/251
f 7180/4291/239 7182/2681/252 7181/615/252 7179/4292/239
f 7182/2681/252 7184/4293/769 7183/4294/769 7181/615/252
f 7184/4293/769 7186/4295/770 7185/4296/770 7183/4294/769
f 7186/4295/770 7188/4297/771 7187/4298/771 7185/4296/770
f 7188/4297/771 7190/4299/772 7189/4300/772 7187/4298/771
f 7190/4299/772 7192/4301/773 7191/4302/773 7189/4300/772
f 7192/4301/773 7194/4303/774 7193/4304/774 7191/4302/773
f 7194/4303/774 7196/4305/775 7195/4306/775 7193/4304/774
f 7196/4305/775 7198/4307/776 7197/4308/776 7195/4306/775
f 7198/4307/776 7200/4309/777 7199/4310/777 7197/4308/776
f 7200/4309/777 7202/4311/778 7201/4312/778 7199/4310/777
f 7202/4311/778 7204/4313/779 7203/4314/779 7201/4312/778
f 7204/4313/779 7206/4315/780 7205/4316/780 7203/4314/779
f 7206/4315/780 7208/4317/781 7207/4318/781 7205/4316/780
f 7208/4317/781 7210/4319/1332 7209/4320/1332 7207/4318/781
f 7210/4319/1332 7212/4321/1333 7211/4322/1333 7209/4320/1332
f 7212/4321/1333 7214/4323/1334 7213/4324/1334 7211/4322/1333
f 7214/4323/1334 7216/4325/1335 7215/4326/1335 7213/4324/1334
f 7216/4325/1335 7218/4327/1336 7217/4328/1336 7215/4326/1335
f 7218/4327/1336 7220/4329/1337 7219/4330/1337 7217/4328/1336
f 7220/4329/1337 7222/4331/1338 7221/4332/1338 7219/4330/1337
f 7222/4331/1338 7224/4333/1339 7223/4334/1339 7221/4332/1338
f 7224/4333/1339 7226/4335/1340 7225/4336/1340 7223/4334/1339
f 7226/4335/1340 7228/4337/1341 7227/4338/1341 7225/4336/1340
f 7228/4337/1341 7230/4339/1342 7229/4340/1342 7227/4338/1341
f 7230/4339/1342 7232/4341/1343 7231/4342/1343 7229/4340/1342
f 7232/4341/1343 7234/4343/1344 7233/4344/1344 7231/4342/1343
f 7234/4343/1344 7236/4345/1345 7235/4346/1345 7233/4344/1344
f 7236/4345/1345 7238/4347/1346 7237/4348/1346 7235/4346/1345
f 7238/4347/1346 7240/4349/1347 7239/4350/1347 7237/4348/1346
f 7240/4349/1347 7242/4351/1348 7241/4352/1348 7239/4350/1347
f 7242/4351/1348 7244/4353/1349 7243/4354/1349 7241/4352/1348
f 7244/4353/1349 7246/4355/1350 7245/4356/1350 7243/4354/1349
f 7246/4355/1350 7248/4357/1351 7247/4358/1351 7245/4356/1350
f 7248/4357/1351 7250/4359/1352 7249/4360/1352 7247/4358/1351
f 7250/4359/1352 7252/4361/1353 7251/4362/1353 7249/4360/1352
f 7252/4361/1353 7254/4363/1354 7253/4364/1354 7251/4362/1353
f 7254/4363/1354 7256/4365/1355 7255/4366/1355 7253/4364/1354
f 7256/4365/1355 7258/4367/1356 7257/4368/1356 7255/4366/1355
f 7258/4367/1356 7260/4369/1357 7259/4370/1357 7257/4368/1356
f 7260/4369/1357 7262/4371/1358 7261/4372/1358 7259/4370/1357
f 7262/4371/1358 7264/4373/1359 7263/4374/1359 7261/4372/1358
f 7264/4373/1359 7266/4375/1360 7265/4376/1360 7263/4374/1359
f 7266/4375/1360 7268/2711/1361 7267/602/1361 7265/4376/1360
f 7268/2711/1361 7270/4377/1362 7269/4378/1362 7267/602/1361
f 7270/4377/1362 7272/4379/1363 7271/4380/1363 7269/4378/1362
f 7272/4379/1363 7274/4381/1364 7273/4382/1364 7271/4380/1363
f 7274/4381/1364 7276/4383/1365 7275/4384/1365 7273/4382/1364
f 7276/4383/1365 7278/4385/1366 7277/4386/1366 7275/4384/1365
f 7278/4385/1366 7280/4387/1367 7279/4388/1367 7277/4386/1366
f 7280/4387/1367 7282/4389/1368 7281/4390/1368 7279/4388/1367
f 7282/4389/1368 7284/4391/1369 7283/4392/1369 7281/4390/1368
f 7284/4391/1369 7286/4393/1370 7285/4394/1370 7283/4392/1369
f 7286/4393/1370 7288/4395/1371 7287/4396/1371 7285/4394/1370
f 7288/4395/1371 7290/4397/1372 7289/4398/1372 7287/4396/1371
f 7290/4397/1372 7292/4399/1373 7291/4400/1373 7289/4398/1372
f 7292/4399/1373 7294/4401/1374 7293/4402/1374 7291/4400/1373
f 7294/4401/1374 7296/4403/1375 7295/4404/1375 7293/4402/1374
f 7296/4403/1375 7298/4405/1376 7297/4406/1376 7295/4404/1375
f 7298/4405/1376 7300/4407/1377 7299/4408/1377 7297/4406/1376
f 7300/4407/1377 7302/4409/1378 7301/4410/1378 7299/4408/1377
f 7302/4409/1378 7304/4411/1379 7303/4412/1379 7301/4410/1378
f 7304/4411/1379 7306/4413/1380 7305/4414/1380 7303/4412/1379
f 7306/4413/1380 7308/4415/1381 7307/4416/1381 7305/4414/1380
f 7308/4415/1381 7310/4417/1382 7309/4418/1382 7307/4416/1381
f 7310/4417/1382 7312/4419/1383 7311/4420/1383 7309/4418/1382
f 7312/4419/1383 7314/4421/1384 7313/4422/1384 7311/4420/1383
f 7314/4421/1384 7316/4423/1385 7315/4424/1385 7313/4422/1384
f 7316/4423/1385 7318/4425/1386 7317/4426/1386 7315/4424/1385
f 7318/4425/1386 7320/4427/1387 7319/4428/1387 7317/4426/1386
f 7320/4427/1387 7322/4429/1388 7321/4430/1388 7319/4428/1387
f 7322/4429/1388 7324/4431/1389 7323/4432/1389 7321/4430/1388
f 7324/4431/1389 7326/4433/1390 7325/4434/1390 7323/4432/1389
f 7326/4433/1390 7328/4435/1391 7327/4436/1391 7325/4434/1390
f 7328/4435/1391 7330/4437/1392 7329/4438/1392 7327/4436/1391
f 7330/4437/1392 7332/4439/1393 7331/4440/1393 7329/4438/1392
f 7332/4439/1393 7334/4441/1394 7333/4442/1394 7331/4440/1393
f 7334/4441/1394 7336/4443/1395 7335/4444/1395 7333/4442/1394
f 7336/4443/1395 7338/4445/1396 7337/4446/1396 7335/4444/1395
f 7338/4445/1396 7340/4447/1397 7339/4448/1397 7337/4446/1396
f 7340/4447/1397 7342/4449/1398 7341/4450/1398 7339/4448/1397
f 7342/4449/1398 7344/4451/1399 7343/4452/1399 7341/4450/1398
f 7344/4451/1399 7346/4453/1400 7345/4454/1400 7343/4452/1399
f 7346/4453/1400 7348/4455/1401 7347/4456/1401 7345/4454/1400
f 7348/4455/1401 7350/4457/725 7349/4458/725 7347/4456/1401
f 7350/4457/725 7352/4459/1402 7351/4460/1402 7349/4458/725
f 7352/4459/1402 6924/2087/993 6923/140/993 7351/4460/1402
