# Blender 4.4.1
# www.blender.org
mtllib Title.mtl
o テキスト.001
v -2.657720 -0.302386 0.396640
v -2.721740 0.097894 0.396718
v -2.423085 -0.001102 0.396740
v -2.020415 -0.081068 0.396759
v -2.014657 -0.016711 0.396787
v -2.105672 0.020770 0.396792
v -2.172788 -0.296638 0.396696
v -1.917376 -0.185514 0.396770
v -2.010649 -0.295761 0.396718
v -1.659981 -0.332337 0.396785
v -1.178878 -0.240956 0.396863
v -0.770093 -0.070588 0.396956
v -0.735948 0.299287 0.397045
v 0.040369 0.066132 0.397112
v -0.265442 0.020821 0.397055
v -0.169541 -0.214537 0.397010
v -0.206240 -0.140528 0.397021
v 0.323542 0.007725 0.397110
v 0.260906 -0.242877 0.397064
v 0.381057 -0.244788 0.397093
v 0.444922 0.007725 0.397142
v 0.915080 -0.330424 0.397150
v 0.936602 -0.193720 0.397182
v 1.124815 0.063071 0.397222
v 1.390428 0.029052 0.397270
v 1.230217 -0.244524 0.397203
v 1.765829 -0.159791 0.397314
v 1.576175 -0.068883 0.397291
v 1.494286 0.038243 0.397282
v 1.775878 0.038301 0.397317
v 1.664055 -0.173892 0.397284
v 2.615849 -0.231905 0.397421
v 2.580291 -0.004849 0.397450
v -2.728512 -0.344386 0.399512
v -2.627486 -0.280848 0.399535
v -2.575009 -0.124378 0.399594
v -2.598773 -0.016628 0.399593
v -2.813607 0.083417 0.399592
v -2.936147 -0.017712 0.399550
v -2.958850 -0.160363 0.399511
v -2.951252 -0.296056 0.399505
v -2.847588 -0.045651 0.399566
v -2.445747 -0.008069 0.399633
v -2.351699 -0.022848 0.399641
v -2.317977 -0.083030 0.399612
v -2.300350 -0.177202 0.399615
v -2.371405 -0.242733 0.399590
v -2.447459 -0.253148 0.399580
v -2.543854 -0.208294 0.399562
v -2.543791 -0.321547 0.399540
v -2.225098 -0.248158 0.399602
v -2.198158 -0.158424 0.399620
v -2.020607 -0.310328 0.399619
v -1.835028 -0.299899 0.399649
v -2.040409 -0.124264 0.399693
v -1.971361 -0.006508 0.399700
v -1.824789 -0.111547 0.399681
v -2.001228 0.084916 0.399699
v -2.118054 0.000896 0.399672
v -2.119979 -0.268831 0.399623
v -2.182982 -0.311506 0.399612
v -2.182973 -0.222159 0.399611
v -1.929268 -0.194159 0.399665
v -1.927212 -0.236113 0.399647
v -2.016720 -0.238957 0.399619
v -1.793648 -0.296291 0.399655
v -1.570986 -0.344390 0.399677
v -1.518559 -0.322893 0.399684
v -1.801307 -0.160366 0.399679
v -1.552914 -0.219920 0.399711
v -1.633634 -0.255686 0.399695
v -1.730591 -0.227827 0.399684
v -1.793686 -0.181694 0.399666
v -1.697299 -0.058701 0.399730
v -1.646508 -0.010227 0.399742
v -1.593691 -0.015872 0.399727
v -1.688566 -0.075094 0.399699
v -1.000725 0.078902 0.399845
v -1.111633 -0.340585 0.399737
v -1.168024 -0.256924 0.399760
v -1.227668 -0.229024 0.399737
v -1.281444 -0.131934 0.399768
v -1.262120 -0.076202 0.399764
v -1.246622 -0.048515 0.399785
v -1.324402 0.023711 0.399822
v -0.864296 0.158724 0.399883
v -0.717888 0.170609 0.399916
v -0.594651 0.150432 0.399934
v -0.914753 -0.052750 0.399832
v -0.713659 -0.344066 0.399795
v -0.594794 -0.287238 0.399828
v -0.668551 -0.217000 0.399840
v -0.785615 -0.242438 0.399810
v -0.848038 -0.190616 0.399812
v -0.663528 -0.021203 0.399871
v -0.694544 0.270524 0.399928
v -0.843941 0.280794 0.399906
v -0.935554 0.237863 0.399926
v -0.935208 0.094686 0.399846
v -0.317614 -0.173698 0.399889
v -0.185451 -0.333923 0.399878
v 0.098032 -0.242444 0.399964
v 0.003937 -0.205013 0.399938
v -0.048993 -0.241113 0.399916
v -0.104599 -0.254516 0.399910
v -0.172149 -0.222103 0.399896
v -0.291044 -0.016260 0.399960
v -0.200644 -0.061124 0.399941
v 0.143978 0.078952 0.399999
v 0.266613 -0.225439 0.399961
v 0.247149 -0.245831 0.399956
v 0.211186 -0.245449 0.399943
v 0.256690 -0.348700 0.399940
v 0.370562 -0.260434 0.399974
v 0.360118 -0.007251 0.400036
v 0.266195 0.182646 0.400037
v 0.773942 -0.340211 0.400011
v 0.935935 -0.335190 0.400035
v 1.037891 -0.235046 0.400070
v 0.928470 0.077018 0.400122
v 0.773948 0.066554 0.400099
v 0.690537 -0.044762 0.400058
v 0.677426 -0.160368 0.400033
v 1.061313 -0.114702 0.400130
v 0.798149 -0.245314 0.400043
v 0.804860 -0.032150 0.400083
v 0.953092 -0.080382 0.400099
v 1.217682 -0.002755 0.400160
v 1.271939 -0.019248 0.400148
v 1.279913 -0.033361 0.400146
v 1.262227 -0.054752 0.400143
v 1.110649 -0.167934 0.400098
v 1.143992 -0.318811 0.400073
v 1.336298 -0.219451 0.400115
v 1.278617 -0.247957 0.400101
v 1.218081 -0.203441 0.400107
v 1.374524 -0.090793 0.400156
v 1.185315 0.078482 0.400154
v 1.114623 0.048103 0.400143
v 1.114735 -0.069357 0.400105
v 1.629032 -0.346815 0.400125
v 1.752053 -0.167866 0.400190
v 1.573032 -0.016483 0.400206
v 1.765609 0.022659 0.400267
v 1.567525 0.080589 0.400215
v 1.471709 -0.267198 0.400138
v 1.658605 -0.208339 0.400153
v 1.632096 -0.273681 0.400160
v 1.573916 -0.239227 0.400139
v 1.573846 -0.157865 0.400150
v 1.993083 -0.348855 0.400188
v 2.080240 -0.317371 0.400211
v 2.172954 -0.143666 0.400255
v 2.055059 0.071101 0.400280
v 1.812045 -0.017698 0.400223
v 1.789317 -0.160393 0.400192
v 2.058314 -0.160188 0.400220
v 2.045692 -0.208700 0.400229
v 1.974544 -0.248899 0.400210
v 1.796918 -0.296031 0.400200
v 1.915393 -0.036666 0.400239
v 1.980079 -0.011533 0.400255
v 2.032938 -0.019922 0.400269
v 2.065334 -0.082305 0.400259
v 1.894727 -0.081096 0.400232
v 2.341356 -0.342012 0.400224
v 2.229818 0.279573 0.400340
v 2.779023 -0.540067 0.400248
v 2.778528 0.078903 0.400386
v 2.483571 0.045489 0.400334
v 2.436160 0.003879 0.400366
v 2.442712 -0.277513 0.400257
v 2.667833 -0.340276 0.400277
v 2.667957 -0.540034 0.400228
v 2.568356 -0.246578 0.400296
v 2.517653 -0.059328 0.400329
v 2.667551 -0.024346 0.400343
v 2.789008 -0.525303 0.397386
v 2.788550 0.093659 0.397521
v 2.598999 0.078154 0.400343
v 2.613016 0.093133 0.397491
v 2.539217 0.068619 0.400328
v 2.554102 0.084579 0.397494
v 2.497303 0.062496 0.397481
v 2.455316 0.024276 0.400306
v 2.465277 0.038989 0.397445
v 2.446390 0.018967 0.397469
v 2.421017 -0.018427 0.400299
v 2.430949 -0.003771 0.397457
v 2.409041 -0.043816 0.400284
v 2.418952 -0.029190 0.397446
v 2.400489 -0.071766 0.400284
v 2.408080 -0.066709 0.397442
v 2.393642 -0.117960 0.400293
v 2.403599 -0.134335 0.397410
v 2.397596 -0.180623 0.400253
v 2.414070 -0.191669 0.397417
v 2.414452 -0.232805 0.400251
v 2.431374 -0.231297 0.397413
v 2.455940 -0.266435 0.397386
v 2.474435 -0.307066 0.400244
v 2.497127 -0.301957 0.397412
v 2.511504 -0.329840 0.400243
v 2.546566 -0.324556 0.397374
v 2.565067 -0.346506 0.400273
v 2.607602 -0.335820 0.397423
v 2.629397 -0.349177 0.400247
v 2.652583 -0.332055 0.397419
v 2.677868 -0.325531 0.397418
v 2.677922 -0.525335 0.397374
v 2.667193 -0.235943 0.400293
v 2.677662 -0.220675 0.397449
v 2.686738 -0.228985 0.397415
v 2.652803 -0.228920 0.397446
v 2.624037 -0.246387 0.400281
v 2.581919 -0.242793 0.400260
v 2.578100 -0.223250 0.397423
v 2.545038 -0.223438 0.400264
v 2.546114 -0.200304 0.397424
v 2.524744 -0.204984 0.400292
v 2.523916 -0.198228 0.400259
v 2.523606 -0.164181 0.397440
v 2.512349 -0.173142 0.400270
v 2.497241 -0.140739 0.400306
v 2.506613 -0.141610 0.400275
v 2.516617 -0.126779 0.397450
v 2.508425 -0.147401 0.397409
v 2.508792 -0.104273 0.400282
v 2.518215 -0.092196 0.397459
v 2.519027 -0.055441 0.397430
v 2.517189 -0.076117 0.400291
v 2.526638 -0.062162 0.397463
v 2.525410 -0.061873 0.400293
v 2.537644 -0.044020 0.397474
v 2.533304 -0.052320 0.400299
v 2.546975 -0.040787 0.400294
v 2.555159 -0.027428 0.397477
v 2.582421 -0.026367 0.400308
v 2.580184 -0.015603 0.397486
v 2.610929 -0.010066 0.397489
v 2.677570 -0.009558 0.397477
v 2.351339 -0.327309 0.397369
v 2.340905 0.279555 0.400355
v 2.350869 0.294283 0.397501
v 2.239797 0.294270 0.397484
v 2.230286 -0.342024 0.400207
v 2.240249 -0.327299 0.397353
v 1.841257 -0.323315 0.400149
v 1.807076 -0.282467 0.397289
v 1.863962 -0.314241 0.397316
v 1.885939 -0.339833 0.400142
v 1.911123 -0.329296 0.397314
v 1.929677 -0.348276 0.400151
v 1.967991 -0.335178 0.397303
v 2.026963 -0.330512 0.397326
v 2.047837 -0.335125 0.400172
v 2.083420 -0.307499 0.397346
v 2.111956 -0.285592 0.397331
v 2.101942 -0.300353 0.400186
v 2.120744 -0.280778 0.400201
v 2.130657 -0.266150 0.397363
v 2.136753 -0.258811 0.400200
v 2.146640 -0.244218 0.397370
v 2.159760 -0.220333 0.397377
v 2.149817 -0.235003 0.400223
v 2.160110 -0.209446 0.400214
v 2.173055 -0.186010 0.397374
v 2.167448 -0.182704 0.400221
v 2.183226 -0.128325 0.397402
v 2.163873 -0.055077 0.400251
v 2.171706 -0.096371 0.400235
v 2.179784 -0.065718 0.397388
v 2.137670 0.004061 0.400271
v 2.164434 -0.014148 0.397416
v 2.131475 0.039830 0.397408
v 2.091230 0.051502 0.400259
v 2.078924 0.079793 0.397423
v 2.014170 0.083792 0.400254
v 2.039886 0.094417 0.397426
v 1.957391 0.086456 0.400261
v 1.998768 0.101265 0.397420
v 1.876709 0.060674 0.400259
v 1.942855 0.098054 0.397391
v 1.907202 0.075916 0.400243
v 1.892496 0.079373 0.397396
v 1.856903 0.045966 0.400224
v 1.866798 0.060573 0.397387
v 1.839355 0.027802 0.400225
v 1.849274 0.042438 0.397388
v 1.824418 0.006606 0.400211
v 1.834393 0.021326 0.397357
v 1.822023 -0.002975 0.397363
v 1.802482 -0.044720 0.400197
v 1.812348 -0.030164 0.397371
v 1.793700 -0.084181 0.400193
v 1.802845 -0.074770 0.397351
v 1.799372 -0.145550 0.397316
v 2.068239 -0.145687 0.397383
v 2.076397 -0.139461 0.397353
v 2.050819 -0.182293 0.400202
v 2.061095 -0.167110 0.397373
v 2.046934 -0.205141 0.397331
v 2.042347 -0.197956 0.400199
v 2.052211 -0.183400 0.397372
v 2.032857 -0.210658 0.400189
v 2.041420 -0.197572 0.397371
v 2.013671 -0.226645 0.400192
v 2.021904 -0.213084 0.397362
v 1.988468 -0.237507 0.400184
v 1.998666 -0.222676 0.397350
v 1.956626 -0.241265 0.397308
v 1.958347 -0.242017 0.400174
v 1.964373 -0.227888 0.397348
v 1.922592 -0.240408 0.400177
v 1.912421 -0.221971 0.397339
v 1.868294 -0.224277 0.400171
v 1.858684 -0.199195 0.397322
v 1.796978 -0.181583 0.400167
v 1.806861 -0.167009 0.397339
v 1.902149 -0.075155 0.400200
v 1.911950 -0.060600 0.397365
v 1.912060 -0.031283 0.397348
v 1.905555 -0.061862 0.400208
v 1.915210 -0.047671 0.397378
v 1.910869 -0.049441 0.400204
v 1.923991 -0.029099 0.397392
v 1.917651 -0.038724 0.400206
v 1.935348 -0.015432 0.397391
v 1.941977 -0.016694 0.400246
v 1.930409 -0.026204 0.400211
v 1.954615 -0.015213 0.400223
v 1.960528 -0.001782 0.397397
v 1.957085 0.003546 0.397367
v 1.990260 0.000572 0.397403
v 2.019625 0.003746 0.397372
v 2.001104 -0.016550 0.400228
v 2.021985 -0.005969 0.397406
v 2.031290 -0.033134 0.400235
v 2.045323 -0.022903 0.397402
v 2.058518 -0.035045 0.397377
v 2.047414 -0.054157 0.400231
v 2.060550 -0.045602 0.397402
v 2.056211 -0.075123 0.400223
v 2.066265 -0.060454 0.397382
v 1.407716 -0.311826 0.400117
v 1.455392 -0.341152 0.400083
v 1.461910 -0.324688 0.397259
v 1.417756 -0.296941 0.397230
v 1.488443 -0.349538 0.400097
v 1.495828 -0.334829 0.397250
v 1.524208 -0.347833 0.400093
v 1.533934 -0.332977 0.397236
v 1.545804 -0.338887 0.400102
v 1.555460 -0.324509 0.397262
v 1.558223 -0.328891 0.400127
v 1.568437 -0.313785 0.397270
v 1.567737 -0.315350 0.400127
v 1.574726 -0.305439 0.397279
v 1.580175 -0.295408 0.397235
v 1.567196 -0.321143 0.400104
v 1.577027 -0.306785 0.397280
v 1.594957 -0.335767 0.400107
v 1.624614 -0.328644 0.397257
v 1.664588 -0.335117 0.397270
v 1.676627 -0.349783 0.400133
v 1.696533 -0.332974 0.397289
v 1.767413 -0.275962 0.400170
v 1.714598 -0.337487 0.400122
v 1.726622 -0.321695 0.397287
v 1.769748 -0.278136 0.397279
v 1.739620 -0.319615 0.400130
v 1.749939 -0.304403 0.397299
v 1.752154 -0.304850 0.400139
v 1.762031 -0.290275 0.397309
v 1.759794 -0.292830 0.400131
v 1.777784 -0.260567 0.397309
v 1.773624 -0.247203 0.400156
v 1.783735 -0.230040 0.397321
v 1.771189 -0.209963 0.400159
v 1.780338 -0.192089 0.397324
v 1.718273 -0.138346 0.400170
v 1.742073 -0.133690 0.397331
v 1.696407 -0.105654 0.397326
v 1.677347 -0.116543 0.400162
v 1.573670 -0.079344 0.400175
v 1.583556 -0.064619 0.397331
v 1.573682 -0.053506 0.400170
v 1.584804 -0.040091 0.397334
v 1.574744 -0.055859 0.400155
v 1.578701 -0.041458 0.400158
v 1.588904 -0.026197 0.397345
v 1.586244 -0.025434 0.397312
v 1.582648 -0.031876 0.400183
v 1.583537 -0.033590 0.400160
v 1.593253 -0.019318 0.397347
v 1.598875 -0.011949 0.397326
v 1.591436 -0.026992 0.400163
v 1.601355 -0.012356 0.397348
v 1.609551 -0.020563 0.400178
v 1.619584 -0.006117 0.397345
v 1.659590 -0.023627 0.400181
v 1.653057 -0.006309 0.397341
v 1.689753 -0.017186 0.397352
v 1.709103 -0.050576 0.400183
v 1.727767 -0.044017 0.397350
v 1.765865 -0.111539 0.400190
v 1.775838 -0.096818 0.397336
v 1.739228 0.050875 0.400211
v 1.742638 0.070710 0.397370
v 1.700919 0.072572 0.400215
v 1.686355 0.095788 0.397370
v 1.607477 0.086605 0.400217
v 1.658416 0.084558 0.400199
v 1.611765 0.101879 0.397349
v 1.531120 0.066942 0.400188
v 1.557319 0.088958 0.397351
v 1.523859 0.070396 0.397335
v 1.474915 0.005949 0.400189
v 1.509635 0.052082 0.400176
v 1.495913 0.038856 0.400178
v 1.505831 0.053493 0.397341
v 1.484305 0.023527 0.400166
v 1.482566 0.015628 0.397323
v 1.468191 -0.013410 0.400156
v 1.463257 -0.040294 0.400154
v 1.473434 -0.023393 0.397315
v 1.465022 -0.259524 0.400110
v 1.462550 -0.261675 0.400095
v 1.472411 -0.247112 0.397280
v 1.479631 -0.245776 0.397245
v 1.463045 -0.262537 0.400109
v 1.472977 -0.247881 0.397266
v 1.475311 -0.248694 0.397254
v 1.465187 -0.263707 0.400122
v 1.475206 -0.248922 0.397254
v 1.476534 -0.249427 0.397248
v 1.465308 -0.263526 0.400122
v 1.463557 -0.260557 0.400100
v 1.445090 -0.269056 0.400139
v 1.466106 -0.264384 0.400127
v 1.473655 -0.245781 0.397276
v 1.475125 -0.244819 0.397268
v 1.478994 -0.259748 0.397236
v 1.447334 -0.250553 0.400102
v 1.458318 -0.236738 0.397273
v 1.407715 -0.221958 0.400103
v 1.417650 -0.207373 0.397261
v 1.629273 -0.181363 0.400156
v 1.583805 -0.143200 0.397301
v 1.630722 -0.162402 0.397308
v 1.657236 -0.180518 0.397313
v 1.669801 -0.197320 0.397317
v 1.679944 -0.224412 0.397278
v 1.666929 -0.239717 0.400167
v 1.661667 -0.229774 0.400134
v 1.670827 -0.219607 0.397311
v 1.666913 -0.232483 0.397292
v 1.656796 -0.247214 0.400148
v 1.657725 -0.242218 0.400127
v 1.665533 -0.231093 0.397312
v 1.651009 -0.251504 0.400125
v 1.659867 -0.237558 0.397315
v 1.647850 -0.244684 0.397302
v 1.632927 -0.260564 0.400126
v 1.604776 -0.258649 0.400127
v 1.626779 -0.246235 0.397292
v 1.606181 -0.239912 0.397292
v 1.583897 -0.224437 0.397282
v 1.169961 -0.035412 0.400112
v 1.173885 -0.024068 0.397285
v 1.185342 -0.016233 0.397266
v 1.208504 -0.008852 0.397291
v 1.207403 -0.020599 0.400117
v 1.234039 -0.000217 0.397277
v 1.240801 -0.000785 0.397300
v 1.235467 -0.014931 0.400120
v 1.260566 -0.016428 0.400123
v 1.264755 -0.000896 0.397296
v 1.276438 -0.004308 0.397288
v 1.275132 -0.024902 0.400120
v 1.285990 -0.011631 0.397298
v 1.294938 -0.017915 0.397265
v 1.277475 -0.033225 0.400117
v 1.286915 -0.019790 0.397303
v 1.287706 -0.020423 0.397289
v 1.274123 -0.038822 0.400114
v 1.278640 -0.030256 0.397298
v 1.268292 -0.042379 0.397263
v 1.254432 -0.056456 0.400109
v 1.242880 -0.056384 0.397288
v 1.181201 -0.102549 0.400095
v 1.188776 -0.089440 0.397265
v 1.123392 -0.150737 0.400082
v 1.143057 -0.131510 0.400077
v 1.151231 -0.118443 0.397254
v 1.132100 -0.137511 0.397221
v 1.119433 -0.155189 0.397241
v 1.101250 -0.188151 0.400067
v 1.110576 -0.175226 0.397238
v 1.096710 -0.212510 0.400061
v 1.106741 -0.197553 0.397228
v 1.113674 -0.285254 0.400058
v 1.099163 -0.245610 0.400054
v 1.121266 -0.265039 0.397204
v 1.147640 -0.299803 0.397217
v 1.194909 -0.326389 0.397194
v 1.174976 -0.336953 0.400045
v 1.224002 -0.349941 0.400052
v 1.253452 -0.336010 0.397224
v 1.286362 -0.346928 0.400080
v 1.309637 -0.329626 0.397217
v 1.329665 -0.336274 0.400073
v 1.354581 -0.316409 0.397242
v 1.392976 -0.308769 0.400099
v 1.403141 -0.292965 0.397201
v 1.393037 -0.182437 0.400109
v 1.402959 -0.167797 0.397268
v 1.343880 -0.206269 0.397259
v 1.294549 -0.238811 0.400075
v 1.290062 -0.229227 0.397247
v 1.264305 -0.246939 0.400071
v 1.239136 -0.247563 0.400082
v 1.257026 -0.233670 0.397240
v 1.233795 -0.227640 0.397247
v 1.200702 -0.233134 0.400105
v 1.223692 -0.226487 0.397219
v 1.213404 -0.234769 0.400076
v 1.222271 -0.217900 0.397248
v 1.215068 -0.207092 0.397222
v 1.210316 -0.218428 0.400070
v 1.219587 -0.208934 0.397249
v 1.221472 -0.202019 0.397250
v 1.218005 -0.208644 0.400079
v 1.227890 -0.194055 0.397248
v 1.234657 -0.195489 0.400079
v 1.245478 -0.180324 0.397258
v 1.109532 -0.233252 0.397175
v 1.309523 -0.151516 0.400109
v 1.320069 -0.136378 0.397276
v 1.357641 -0.112683 0.400127
v 1.337250 -0.131454 0.400112
v 1.347138 -0.116857 0.397279
v 1.367659 -0.097897 0.397263
v 1.384513 -0.076055 0.397296
v 1.386267 -0.064902 0.400137
v 1.396206 -0.050236 0.397290
v 1.390813 -0.029902 0.400140
v 1.400313 -0.021573 0.397310
v 1.383355 0.007145 0.400167
v 1.397743 0.006686 0.397315
v 1.362872 0.043403 0.400155
v 1.376385 0.052614 0.397319
v 1.344638 0.080581 0.397321
v 1.328231 0.068719 0.400177
v 1.294637 0.081533 0.400152
v 1.293282 0.098828 0.397317
v 1.238251 0.087308 0.400147
v 1.245744 0.101418 0.397289
v 1.208947 0.096490 0.397312
v 1.164880 0.082636 0.397293
v 1.144636 0.063350 0.400126
v 1.124656 -0.054715 0.397264
v 0.724569 -0.320635 0.399983
v 0.749271 -0.313784 0.397153
v 0.695165 -0.281533 0.397127
v 0.823518 -0.348695 0.400000
v 0.804371 -0.329975 0.397147
v 0.853729 -0.335337 0.397169
v 0.881155 -0.348789 0.400008
v 0.954029 -0.316402 0.397184
v 0.968440 -0.317235 0.400020
v 0.979317 -0.301756 0.397130
v 0.990021 -0.300387 0.400034
v 0.999934 -0.285759 0.397196
v 1.008868 -0.280744 0.400033
v 1.018756 -0.266153 0.397204
v 1.024853 -0.258811 0.400041
v 1.034741 -0.244217 0.397211
v 1.047927 -0.220236 0.397195
v 1.048183 -0.209484 0.400062
v 1.060777 -0.187502 0.397225
v 1.057539 -0.174276 0.400068
v 1.071053 -0.130975 0.397222
v 1.052686 -0.057179 0.400093
v 1.069715 -0.081668 0.397234
v 1.061257 -0.037848 0.397258
v 1.032049 -0.008089 0.400146
v 1.033744 0.021269 0.397262
v 1.006347 0.026974 0.400107
v 0.975659 0.054076 0.400100
v 0.997639 0.059272 0.397242
v 0.962968 0.081838 0.397265
v 0.914353 0.097899 0.397246
v 0.876973 0.086654 0.400095
v 0.822888 0.083571 0.400090
v 0.860080 0.101478 0.397256
v 0.805884 0.091116 0.397246
v 0.774759 0.075398 0.397241
v 0.745006 0.045969 0.400064
v 0.754884 0.060547 0.397236
v 0.727485 0.027844 0.400059
v 0.712493 0.006570 0.400060
v 0.722406 0.021199 0.397222
v 0.700203 -0.017614 0.400045
v 0.710087 -0.003027 0.397215
v 0.700466 -0.030141 0.397207
v 0.681217 -0.087153 0.400031
v 0.691585 -0.071422 0.397179
v 0.687418 -0.145641 0.397168
v 0.946394 -0.160274 0.400061
v 0.956348 -0.145642 0.397224
v 0.963988 -0.139431 0.397193
v 0.940485 -0.181525 0.400055
v 0.938947 -0.182255 0.400035
v 0.949202 -0.167102 0.397212
v 0.923204 -0.210943 0.400047
v 0.930472 -0.197919 0.400033
v 0.936339 -0.189320 0.397217
v 0.919673 -0.212106 0.400031
v 0.907744 -0.229442 0.400057
v 0.920434 -0.205953 0.397204
v 0.886727 -0.246688 0.400060
v 0.900163 -0.227618 0.400024
v 0.875763 -0.237641 0.400019
v 0.898365 -0.218793 0.397197
v 0.846552 -0.245255 0.400034
v 0.872566 -0.225747 0.397188
v 0.837098 -0.242553 0.400012
v 0.834881 -0.227483 0.397187
v 0.792867 -0.236638 0.400008
v 0.792331 -0.219062 0.397177
v 0.744508 -0.218296 0.400027
v 0.749363 -0.200594 0.397164
v 0.685081 -0.181590 0.400008
v 0.694961 -0.167001 0.397180
v 0.685151 -0.296284 0.399988
v 0.790167 -0.074934 0.400042
v 0.800117 -0.060410 0.397206
v 0.797783 -0.051554 0.400050
v 0.806964 -0.038368 0.397229
v 0.810413 -0.024760 0.397200
v 0.806350 -0.037892 0.400055
v 0.815160 -0.024702 0.397231
v 0.818235 -0.026520 0.400051
v 0.828379 -0.011641 0.397229
v 0.844840 0.000495 0.397210
v 0.841381 -0.015441 0.400078
v 0.844620 -0.003480 0.397240
v 0.860320 -0.000048 0.397241
v 0.884876 0.000303 0.397243
v 0.931780 0.002709 0.397214
v 0.737479 0.042591 0.397196
v 0.885263 -0.015905 0.400075
v 0.917876 -0.031266 0.400070
v 0.923109 -0.012674 0.397240
v 0.935366 -0.054060 0.400069
v 0.947365 -0.042978 0.397248
v 0.944326 -0.075099 0.400063
v 0.954256 -0.060490 0.397228
v 0.782868 -0.081039 0.400073
v 0.153942 0.093676 0.397143
v 0.159351 -0.007251 0.400009
v 0.144073 -0.024289 0.399968
v 0.154007 -0.009625 0.397125
v 0.283465 -0.007251 0.400025
v 0.266356 -0.024299 0.399991
v 0.276296 -0.009651 0.397146
v 0.266220 -0.212028 0.399934
v 0.276142 -0.197194 0.397118
v 0.277862 -0.204776 0.397087
v 0.263434 -0.224616 0.399932
v 0.273072 -0.210414 0.397118
v 0.257599 -0.234476 0.399926
v 0.268210 -0.219017 0.397100
v 0.242158 -0.244941 0.399930
v 0.258408 -0.227043 0.397100
v 0.245457 -0.231531 0.397105
v 0.232252 -0.236181 0.397075
v 0.223068 -0.230914 0.397102
v 0.174815 -0.234085 0.399940
v 0.189896 -0.229501 0.397060
v 0.189569 -0.221627 0.397097
v 0.124414 -0.205079 0.399922
v 0.134324 -0.190467 0.397085
v 0.124461 -0.317996 0.399919
v 0.134519 -0.302340 0.397038
v 0.162283 -0.316457 0.397069
v 0.170505 -0.337733 0.399901
v 0.203991 -0.329908 0.397077
v 0.219034 -0.349277 0.399911
v 0.239135 -0.335162 0.397070
v 0.280363 -0.332199 0.397079
v 0.290122 -0.341803 0.399928
v 0.317987 -0.319758 0.397072
v 0.323432 -0.325352 0.399925
v 0.347786 -0.299040 0.397093
v 0.341325 -0.309987 0.399931
v 0.352548 -0.296546 0.399944
v 0.362461 -0.281918 0.397106
v 0.361729 -0.281555 0.399941
v 0.371614 -0.266968 0.397111
v 0.377050 -0.227167 0.399960
v 0.387168 -0.210567 0.397114
v 0.377446 -0.024314 0.400007
v 0.387383 -0.009647 0.397162
v 0.434895 -0.007251 0.400047
v 0.444651 -0.024280 0.400011
v 0.454556 -0.009664 0.397173
v 0.444636 0.008800 0.400015
v 0.454527 0.023382 0.397183
v 0.276173 0.197367 0.397183
v 0.266279 0.078961 0.400016
v 0.276246 0.093662 0.397161
v -0.307419 -0.158398 0.397032
v -0.299337 -0.230063 0.399866
v -0.294523 -0.202990 0.397029
v -0.275253 -0.240552 0.397016
v -0.268002 -0.278190 0.399855
v -0.237734 -0.283312 0.396999
v -0.224564 -0.314637 0.399852
v -0.172419 -0.321628 0.397013
v -0.138949 -0.346629 0.399856
v -0.099297 -0.335052 0.397025
v -0.073807 -0.349381 0.399869
v -0.036303 -0.331063 0.397014
v -0.014696 -0.337072 0.399895
v 0.035947 -0.311154 0.399898
v 0.020628 -0.311483 0.397049
v 0.053420 -0.290653 0.397060
v 0.064583 -0.286772 0.399897
v 0.074532 -0.272093 0.397053
v 0.082921 -0.265608 0.399904
v 0.092839 -0.250971 0.397067
v 0.120589 -0.201433 0.397063
v 0.108225 -0.227385 0.397082
v 0.110635 -0.216115 0.399919
v 0.123015 -0.175179 0.399928
v 0.129501 -0.173688 0.397096
v 0.136917 -0.128623 0.397096
v 0.123800 -0.087922 0.399947
v 0.132802 -0.068371 0.397102
v 0.105830 -0.033535 0.399969
v 0.113587 -0.014457 0.397122
v 0.073974 0.013646 0.400015
v 0.082956 0.029417 0.397130
v 0.018208 0.059116 0.399971
v -0.011697 0.090355 0.397131
v -0.047722 0.082631 0.399971
v -0.067155 0.101212 0.397126
v -0.111495 0.086933 0.399949
v -0.130843 0.098006 0.397097
v -0.173528 0.075038 0.399965
v -0.210921 0.059091 0.399939
v -0.188762 0.080283 0.397095
v -0.234975 0.044222 0.399925
v -0.225078 0.058821 0.397095
v -0.256556 0.026483 0.399918
v -0.246668 0.041077 0.397088
v -0.275418 0.006101 0.399910
v -0.281437 -0.002124 0.397074
v -0.304033 -0.041729 0.399896
v -0.294070 -0.027028 0.397048
v -0.313365 -0.068761 0.399897
v -0.303447 -0.054112 0.397059
v -0.320472 -0.108117 0.399880
v -0.310882 -0.094434 0.397024
v 0.011759 -0.156448 0.399916
v 0.021895 -0.141297 0.397088
v 0.022723 -0.183671 0.397045
v 0.011701 -0.173629 0.397086
v 0.002813 -0.186172 0.399910
v -0.009467 -0.206972 0.399901
v 0.002631 -0.189109 0.397070
v -0.006083 -0.200003 0.397075
v -0.028724 -0.226374 0.399895
v -0.020525 -0.213094 0.397071
v -0.032482 -0.223350 0.397036
v -0.054822 -0.240366 0.399883
v -0.044653 -0.225542 0.397063
v -0.084035 -0.246211 0.399888
v -0.074438 -0.231782 0.397054
v -0.098209 -0.241062 0.397017
v -0.125570 -0.243727 0.399882
v -0.125379 -0.227005 0.397052
v -0.196724 -0.187381 0.399890
v -0.168305 -0.201052 0.397046
v -0.187973 -0.169993 0.397047
v -0.206016 -0.156335 0.399884
v -0.196566 -0.139316 0.397063
v -0.208012 -0.118514 0.399895
v -0.197927 -0.103378 0.397065
v -0.201320 -0.087350 0.399905
v -0.192409 -0.066545 0.397047
v -0.191831 -0.073429 0.397076
v -0.193274 -0.070292 0.399905
v -0.179600 -0.049553 0.397085
v -0.170068 -0.032643 0.397059
v -0.185427 -0.058554 0.399908
v -0.173097 -0.045022 0.399906
v -0.162842 -0.029937 0.397090
v -0.154264 -0.022485 0.399953
v -0.148307 -0.028190 0.399917
v -0.138723 -0.013886 0.397079
v -0.119359 -0.018811 0.399926
v -0.109233 -0.004030 0.397101
v -0.073855 0.010162 0.397071
v -0.078677 -0.016690 0.399935
v -0.061574 -0.002988 0.397106
v -0.037831 -0.030382 0.399928
v -0.017427 -0.022528 0.397090
v 0.126710 -0.131332 0.399985
v -0.003255 -0.062321 0.399936
v 0.005899 -0.048329 0.397106
v 0.027343 -0.069725 0.397071
v 0.014004 -0.112617 0.399925
v 0.018224 -0.074189 0.397101
v 0.023890 -0.104209 0.397097
v -0.885775 0.138607 0.399846
v -0.869627 0.158019 0.397031
v -0.862980 0.168386 0.396998
v -0.855456 0.158036 0.399856
v -0.830023 0.180059 0.397041
v -0.823359 0.171422 0.399868
v -0.798201 0.192331 0.397016
v -0.787809 0.191343 0.397057
v -0.781838 0.177655 0.399869
v -0.746268 0.172754 0.399876
v -0.742391 0.189105 0.397059
v -0.599395 0.209023 0.397025
v -0.707110 0.171571 0.397044
v -0.719757 0.158776 0.399879
v -0.704295 0.132956 0.399884
v -0.694135 0.144135 0.397027
v -0.708454 0.105059 0.399870
v -0.698561 0.119659 0.397039
v -0.700818 0.092494 0.397000
v -0.719401 0.087401 0.399868
v -0.709505 0.102007 0.397034
v -0.742763 0.065895 0.399857
v -0.727765 0.084852 0.397028
v -0.754077 0.066816 0.397015
v -0.886511 -0.024977 0.399832
v -0.847029 0.003982 0.399824
v -0.839091 0.017330 0.397003
v -0.875482 -0.009252 0.396930
v -0.904769 -0.038013 0.396977
v -0.937610 -0.086060 0.399796
v -0.927666 -0.071387 0.396952
v -0.958684 -0.182250 0.399787
v -0.952913 -0.126155 0.399789
v -0.943017 -0.111545 0.396956
v -0.948733 -0.163940 0.396928
v -0.948677 -0.233782 0.399768
v -0.940184 -0.213673 0.396881
v -0.928802 -0.273425 0.399785
v -0.918965 -0.259095 0.396930
v -0.891890 -0.313421 0.399758
v -0.877359 -0.302102 0.396910
v -0.828110 -0.344265 0.399766
v -0.826645 -0.326236 0.396901
v -0.775460 -0.335615 0.396929
v -0.765085 -0.349917 0.399765
v -0.700421 -0.329147 0.396939
v -0.662215 -0.328236 0.399783
v -0.643992 -0.309673 0.396948
v -0.621808 -0.306261 0.399795
v -0.609587 -0.290168 0.396970
v -0.584561 -0.272036 0.396915
v -0.594868 -0.123846 0.399849
v -0.584893 -0.109125 0.396996
v -0.641219 -0.179355 0.399815
v -0.626061 -0.158811 0.396998
v -0.645000 -0.182616 0.396960
v -0.642190 -0.175646 0.396986
v -0.663346 -0.200126 0.399811
v -0.664968 -0.194310 0.396982
v -0.686641 -0.216565 0.399801
v -0.688702 -0.208490 0.396961
v -0.722271 -0.235779 0.399821
v -0.721015 -0.232733 0.399785
v -0.718044 -0.220123 0.396966
v -0.759505 -0.239462 0.399789
v -0.757811 -0.225276 0.396965
v -0.796680 -0.236612 0.399777
v -0.788812 -0.220848 0.396953
v -0.830575 -0.222389 0.399806
v -0.812109 -0.209830 0.396958
v -0.834464 -0.213886 0.399783
v -0.824314 -0.204822 0.396930
v -0.831014 -0.188371 0.396962
v -0.835922 -0.179627 0.396941
v -0.845424 -0.186287 0.399779
v -0.835520 -0.169864 0.396963
v -0.837534 -0.127949 0.399836
v -0.841193 -0.160322 0.399795
v -0.831315 -0.145747 0.396968
v -0.829866 -0.140090 0.399800
v -0.819962 -0.125475 0.396966
v -0.811409 -0.120679 0.399807
v -0.801525 -0.106093 0.396977
v -0.782514 -0.098578 0.399814
v -0.773454 -0.084669 0.396988
v -0.653630 -0.006530 0.397004
v -0.697452 -0.045835 0.399836
v -0.689784 -0.032771 0.397013
v -0.635567 0.004742 0.399863
v -0.625665 0.019356 0.397029
v -0.612528 0.035358 0.399868
v -0.602642 0.049949 0.397038
v -0.596998 0.071486 0.399882
v -0.587006 0.086227 0.397020
v -0.591472 0.112857 0.399888
v -0.581587 0.127460 0.397058
v -0.584697 0.164330 0.397059
v -0.610080 0.194921 0.399908
v -0.642708 0.238755 0.399923
v -0.637059 0.257277 0.397074
v -0.688551 0.286852 0.397076
v -0.745884 0.284851 0.399902
v -0.799536 0.287311 0.399895
v -0.792478 0.301935 0.397065
v -0.848857 0.291668 0.397035
v -0.895640 0.262199 0.399877
v -0.896278 0.271041 0.397041
v -0.925378 0.252927 0.397031
v -0.925290 0.109323 0.397005
v -1.000231 -0.540068 0.399708
v -0.990243 -0.525298 0.396845
v -0.990672 0.093691 0.396970
v -1.180478 0.078089 0.399810
v -1.166350 0.093097 0.396959
v -1.240034 0.068619 0.399787
v -1.225171 0.084559 0.396957
v -1.294301 0.046233 0.399779
v -1.283500 0.061747 0.396945
v -1.313945 0.039011 0.396907
v -1.342744 0.004385 0.399757
v -1.332833 0.019009 0.396920
v -1.370239 -0.043856 0.399751
v -1.358207 -0.018384 0.399750
v -1.348318 -0.003792 0.396920
v -1.385666 -0.146160 0.399746
v -1.360295 -0.029179 0.396906
v -1.381086 -0.081343 0.399740
v -1.368850 -0.057130 0.396906
v -1.373826 -0.087283 0.396872
v -1.375421 -0.136793 0.396883
v -1.375252 -0.206737 0.399707
v -1.365190 -0.191678 0.396878
v -1.351368 -0.257125 0.399707
v -1.315854 -0.298894 0.399717
v -1.341490 -0.242780 0.396849
v -1.305767 -0.283912 0.396864
v -1.267714 -0.329860 0.399703
v -1.262178 -0.313133 0.396862
v -1.215675 -0.346109 0.399703
v -1.205948 -0.331654 0.396849
v -1.159925 -0.349720 0.399708
v -1.144594 -0.334768 0.396880
v -1.101480 -0.325617 0.396869
v -1.111294 -0.540034 0.399687
v -1.101332 -0.525338 0.396833
v -1.112052 -0.235946 0.399755
v -1.101586 -0.220676 0.396906
v -1.126557 -0.228918 0.396898
v -1.154288 -0.246212 0.399727
v -1.163441 -0.232014 0.396904
v -1.189944 -0.244240 0.399726
v -1.205739 -0.221550 0.396901
v -1.262141 -0.205692 0.399756
v -1.229902 -0.206578 0.396870
v -1.236831 -0.195885 0.396902
v -1.254728 -0.199429 0.399726
v -1.251716 -0.172308 0.396904
v -1.266899 -0.173105 0.399727
v -1.270032 -0.148076 0.396868
v -1.262576 -0.134503 0.396904
v -1.272476 -0.142897 0.399732
v -1.270818 -0.105833 0.399743
v -1.260725 -0.090729 0.396920
v -1.262685 -0.058546 0.396888
v -1.252608 -0.062152 0.396922
v -1.253858 -0.061895 0.399756
v -1.241609 -0.044022 0.396934
v -1.245955 -0.052327 0.399756
v -1.232446 -0.040937 0.399765
v -1.224132 -0.027449 0.396934
v -1.196827 -0.026378 0.399769
v -1.199045 -0.015556 0.396937
v -1.168322 -0.010057 0.396946
v -1.205141 -0.005241 0.396907
v -1.111702 -0.024346 0.399802
v -1.101676 -0.009547 0.396935
v -1.743027 -0.326671 0.399626
v -1.749215 -0.303109 0.396797
v -1.707619 -0.321655 0.396805
v -1.684415 -0.344766 0.399640
v -1.630678 -0.350045 0.399649
v -1.596702 -0.335188 0.396807
v -1.535372 -0.321770 0.396825
v -1.500226 -0.302435 0.396809
v -1.488691 -0.300353 0.399672
v -1.478831 -0.285803 0.396849
v -1.469866 -0.280744 0.399679
v -1.459979 -0.266153 0.396849
v -1.440818 -0.235010 0.399708
v -1.453879 -0.258807 0.399686
v -1.443992 -0.244217 0.396856
v -1.430803 -0.220226 0.396840
v -1.417376 -0.140935 0.399738
v -1.426566 -0.197909 0.399705
v -1.420637 -0.194856 0.396870
v -1.410410 -0.155037 0.396862
v -1.407489 -0.095664 0.396888
v -1.420798 -0.080442 0.399729
v -1.463411 0.017252 0.399768
v -1.436111 -0.028839 0.399744
v -1.417473 -0.037858 0.396903
v -1.432068 -0.001955 0.396866
v -1.453569 0.031743 0.396906
v -1.503098 0.054097 0.399746
v -1.489526 0.066102 0.396915
v -1.550206 0.077142 0.399748
v -1.547767 0.094887 0.396900
v -1.602101 0.086512 0.399764
v -1.618619 0.101540 0.396885
v -1.655872 0.083597 0.399730
v -1.672862 0.091098 0.396895
v -1.741315 0.042516 0.396838
v -1.704693 0.066682 0.399723
v -1.703976 0.075396 0.396886
v -1.751346 0.027699 0.399730
v -1.733730 0.045966 0.399710
v -1.723852 0.060545 0.396881
v -1.766241 0.006568 0.399705
v -1.756300 0.021239 0.396860
v -1.778531 -0.017616 0.399690
v -1.768646 -0.003027 0.396861
v -1.788163 -0.044732 0.399688
v -1.778268 -0.030139 0.396853
v -1.797497 -0.087130 0.399670
v -1.787125 -0.071634 0.396809
v -1.791354 -0.145699 0.396823
v -1.524992 -0.154783 0.399726
v -1.532294 -0.160211 0.399691
v -1.522384 -0.145636 0.396869
v -1.514086 -0.138731 0.396837
v -1.539811 -0.182283 0.399689
v -1.529541 -0.167111 0.396861
v -1.548274 -0.197936 0.399681
v -1.538399 -0.183365 0.396855
v -1.559080 -0.212133 0.399681
v -1.547910 -0.196099 0.396852
v -1.578592 -0.227635 0.399671
v -1.567088 -0.212078 0.396854
v -1.544915 -0.202527 0.396825
v -1.603153 -0.237708 0.399669
v -1.591098 -0.222513 0.396846
v -1.607307 -0.231154 0.396809
v -1.641664 -0.242570 0.399660
v -1.621205 -0.227456 0.396838
v -1.684752 -0.236908 0.399650
v -1.658095 -0.225808 0.396831
v -1.688910 -0.226923 0.396796
v -1.712418 -0.209701 0.396828
v -1.733606 -0.218437 0.399652
v -1.783686 -0.166935 0.396802
v -1.783575 -0.281543 0.396775
v -1.678689 -0.060299 0.396865
v -1.686828 -0.066764 0.396827
v -1.681450 -0.052437 0.399702
v -1.671258 -0.037423 0.396869
v -1.668409 -0.023701 0.396849
v -1.672388 -0.037899 0.399704
v -1.663577 -0.024705 0.396876
v -1.660513 -0.026548 0.399703
v -1.650352 -0.011640 0.396874
v -1.637367 -0.015392 0.399707
v -1.629012 -0.001561 0.396880
v -1.593896 0.000305 0.396889
v -1.567888 -0.006822 0.396885
v -1.560762 -0.031324 0.399712
v -1.550375 -0.031450 0.399751
v -1.548694 -0.019454 0.396899
v -1.543006 -0.023150 0.396874
v -1.543332 -0.054158 0.399715
v -1.533382 -0.039547 0.396892
v -1.515233 -0.065932 0.396852
v -1.534436 -0.075184 0.399722
v -1.524577 -0.060546 0.396887
v -2.136424 -0.340612 0.399590
v -2.121188 -0.328662 0.396742
v -2.103026 -0.349469 0.399574
v -2.087780 -0.335124 0.396743
v -2.032194 -0.328527 0.399611
v -2.066409 -0.347832 0.399580
v -2.056754 -0.332994 0.396724
v -2.044426 -0.338648 0.399579
v -2.035625 -0.324748 0.396751
v -2.022430 -0.314162 0.396757
v -2.025766 -0.319988 0.399587
v -2.015920 -0.305457 0.396768
v -2.023450 -0.321243 0.399587
v -2.013577 -0.306598 0.396765
v -1.976975 -0.325628 0.396760
v -1.977309 -0.343135 0.399613
v -1.893757 -0.332550 0.396743
v -1.924918 -0.350368 0.399596
v -1.926229 -0.335280 0.396765
v -1.888623 -0.342981 0.399619
v -1.866143 -0.322855 0.396768
v -1.863137 -0.329596 0.399611
v -1.841718 -0.305503 0.396782
v -1.847563 -0.315740 0.399610
v -1.828564 -0.290214 0.396783
v -1.820994 -0.278300 0.396799
v -1.822751 -0.275181 0.399630
v -1.813146 -0.261094 0.396773
v -1.816978 -0.246134 0.399639
v -1.806887 -0.231118 0.396805
v -1.818492 -0.216996 0.399650
v -1.826044 -0.190613 0.399669
v -1.809982 -0.193950 0.396808
v -1.821045 -0.166482 0.396819
v -1.853471 -0.151381 0.399661
v -1.840750 -0.140220 0.396799
v -1.891952 -0.106602 0.396821
v -1.913263 -0.116570 0.399650
v -2.016900 -0.079210 0.399644
v -2.007078 -0.064617 0.396817
v -2.012196 -0.034268 0.399675
v -2.015917 -0.055920 0.399646
v -2.007325 -0.034989 0.396805
v -2.005833 -0.040072 0.396824
v -2.011849 -0.041207 0.399647
v -2.001812 -0.026409 0.396831
v -1.993065 -0.011610 0.396812
v -2.007201 -0.033810 0.399645
v -1.997269 -0.019085 0.396832
v -1.995601 -0.024558 0.399656
v -1.987031 -0.010964 0.396831
v -1.949149 0.003253 0.396807
v -1.965345 -0.005664 0.396837
v -1.951565 -0.019697 0.399664
v -1.936227 -0.006540 0.396840
v -1.914035 -0.030970 0.399673
v -1.897647 -0.018870 0.396847
v -1.825034 0.023184 0.399749
v -1.875690 -0.023232 0.396810
v -1.881519 -0.050591 0.399669
v -1.861644 -0.045318 0.396843
v -1.814779 -0.096754 0.396816
v -1.814923 0.038359 0.396859
v -1.852905 0.051884 0.399700
v -1.840222 0.064327 0.396862
v -1.901456 0.077511 0.399698
v -1.879750 0.087456 0.396839
v -1.934590 0.101047 0.396856
v -1.955353 0.086653 0.399693
v -1.994631 0.099139 0.396844
v -2.041581 0.075116 0.399670
v -2.032123 0.089389 0.396822
v -2.094721 0.038853 0.399669
v -2.077410 0.055281 0.399665
v -2.065308 0.071632 0.396830
v -2.084806 0.053490 0.396827
v -2.106330 0.023524 0.399652
v -2.096449 0.038108 0.396823
v -2.112558 0.001176 0.396812
v -2.127119 -0.038028 0.399641
v -2.117463 -0.025656 0.396801
v -2.126646 -0.261069 0.399602
v -2.128056 -0.261623 0.399581
v -2.118030 -0.246701 0.396762
v -2.115366 -0.247741 0.396742
v -2.108178 -0.250921 0.396725
v -2.127589 -0.262538 0.399595
v -2.117657 -0.247881 0.396752
v -2.115323 -0.248694 0.396740
v -2.125447 -0.263707 0.399608
v -2.115428 -0.248922 0.396740
v -2.114312 -0.249428 0.396735
v -2.125326 -0.263524 0.399608
v -2.126842 -0.260338 0.399586
v -2.124640 -0.264684 0.399613
v -2.124979 -0.260269 0.399596
v -2.124936 -0.259284 0.399582
v -2.115046 -0.245611 0.396753
v -2.114879 -0.244734 0.396767
v -2.124648 -0.260156 0.399596
v -2.114717 -0.245498 0.396753
v -2.131378 -0.257812 0.399593
v -2.120377 -0.243686 0.396756
v -2.172959 -0.207318 0.396740
v -2.016731 -0.157821 0.399622
v -2.006787 -0.142791 0.396794
v -1.955891 -0.184162 0.399621
v -1.945678 -0.170797 0.396798
v -1.921628 -0.194493 0.396808
v -1.931296 -0.210345 0.399624
v -1.928968 -0.229795 0.399620
v -1.919038 -0.212581 0.396797
v -1.918634 -0.225345 0.396767
v -1.922241 -0.226274 0.396800
v -1.932797 -0.241956 0.399613
v -1.943547 -0.259157 0.399636
v -1.938175 -0.249893 0.399612
v -1.929729 -0.236899 0.396775
v -1.952596 -0.259208 0.399610
v -1.947859 -0.245988 0.396783
v -1.986862 -0.266608 0.399641
v -1.973493 -0.260853 0.399610
v -1.970702 -0.245086 0.396784
v -1.997911 -0.252885 0.399605
v -1.991505 -0.235840 0.396776
v -2.006759 -0.224234 0.396764
v -2.475546 -0.033241 0.399592
v -2.470651 -0.021311 0.396754
v -2.430573 -0.018742 0.399598
v -2.435058 -0.007327 0.396768
v -2.398485 -0.003210 0.396772
v -2.388604 -0.020340 0.399604
v -2.352518 -0.014243 0.396776
v -2.358550 -0.031802 0.399602
v -2.349912 -0.006840 0.396746
v -2.335256 -0.052608 0.399603
v -2.315987 -0.050233 0.396758
v -2.302516 -0.091250 0.396769
v -2.292137 -0.108983 0.396731
v -2.310357 -0.124068 0.399590
v -2.300624 -0.127879 0.396759
v -2.312873 -0.159882 0.399581
v -2.307092 -0.160807 0.396758
v -2.321877 -0.187560 0.399573
v -2.308489 -0.171720 0.396723
v -2.314741 -0.177784 0.396753
v -2.332040 -0.203684 0.399568
v -2.322168 -0.189115 0.396741
v -2.343659 -0.216392 0.399564
v -2.334233 -0.202413 0.396739
v -2.327072 -0.208455 0.396706
v -2.367906 -0.232195 0.399560
v -2.357661 -0.217264 0.396727
v -2.393656 -0.235990 0.396691
v -2.398637 -0.241176 0.399551
v -2.386123 -0.226136 0.396725
v -2.434299 -0.242884 0.399548
v -2.419956 -0.228482 0.396727
v -2.477722 -0.235223 0.399545
v -2.454653 -0.223879 0.396705
v -2.533811 -0.195019 0.396700
v -2.533695 -0.306650 0.396656
v -2.505667 -0.336428 0.399517
v -2.500560 -0.320385 0.396691
v -2.434798 -0.349388 0.399534
v -2.366968 -0.346452 0.399563
v -2.425331 -0.334929 0.396685
v -2.352019 -0.330778 0.396710
v -2.310201 -0.328343 0.399562
v -2.299555 -0.312984 0.396712
v -2.277816 -0.308015 0.399564
v -2.267799 -0.293230 0.396697
v -2.257509 -0.290546 0.399564
v -2.247625 -0.275959 0.396735
v -2.239829 -0.270463 0.399567
v -2.229957 -0.255897 0.396740
v -2.215103 -0.233407 0.396740
v -2.213215 -0.223418 0.399585
v -2.203331 -0.208833 0.396755
v -2.204612 -0.196853 0.399592
v -2.194728 -0.182276 0.396762
v -2.187786 -0.142694 0.396752
v -2.200622 -0.091213 0.399618
v -2.190922 -0.077075 0.396779
v -2.217505 -0.031399 0.399626
v -2.202088 -0.032198 0.396778
v -2.244778 0.014256 0.399656
v -2.219272 0.006163 0.396796
v -2.243857 0.039398 0.396777
v -2.307716 0.065436 0.399643
v -2.273569 0.043319 0.399632
v -2.274242 0.066246 0.396796
v -2.351503 0.097802 0.396776
v -2.310483 0.085488 0.396802
v -2.361508 0.083272 0.399658
v -2.415056 0.086843 0.399621
v -2.404855 0.101532 0.396792
v -2.458380 0.082042 0.399616
v -2.454365 0.095444 0.396780
v -2.499840 0.069349 0.399602
v -2.525312 0.069698 0.396746
v -2.535437 0.054043 0.399619
v -2.535327 -0.070571 0.399583
v -2.525408 -0.055931 0.396742
v -2.913412 -0.319644 0.399459
v -2.887066 -0.313771 0.396634
v -2.857778 -0.341727 0.399472
v -2.824864 -0.331347 0.396619
v -2.790320 -0.350072 0.399481
v -2.774572 -0.335261 0.396642
v -2.723475 -0.330866 0.396652
v -2.676082 -0.322841 0.399503
v -2.682233 -0.316364 0.396656
v -2.646240 -0.300355 0.399507
v -2.636348 -0.285760 0.396677
v -2.617525 -0.266152 0.396683
v -2.611427 -0.258810 0.399520
v -2.601539 -0.244216 0.396690
v -2.598334 -0.234963 0.399535
v -2.588398 -0.220298 0.396690
v -2.588080 -0.209452 0.399538
v -2.578185 -0.194857 0.396704
v -2.578712 -0.174224 0.399540
v -2.570844 -0.168109 0.396711
v -2.565174 -0.128938 0.396694
v -2.578332 -0.080382 0.399559
v -2.566605 -0.081807 0.396730
v -2.575004 -0.037843 0.396733
v -2.602509 0.021285 0.396733
v -2.637049 0.034720 0.399597
v -2.647056 0.066089 0.396749
v -2.679178 0.065136 0.399587
v -2.683198 0.085852 0.396749
v -2.718187 0.079827 0.399577
v -2.759302 0.086629 0.399579
v -2.776182 0.101486 0.396734
v -2.862237 0.066678 0.399559
v -2.828708 0.091569 0.396725
v -2.898824 0.042560 0.396679
v -2.861513 0.075405 0.396721
v -2.891276 0.045967 0.399544
v -2.881373 0.060583 0.396707
v -2.908820 0.027806 0.399546
v -2.923763 0.006606 0.399532
v -2.913848 0.021237 0.396694
v -2.926193 -0.003026 0.396694
v -2.945698 -0.044717 0.399517
v -2.935815 -0.030139 0.396687
v -2.955062 -0.087151 0.399511
v -2.944753 -0.071543 0.396672
v -2.948833 -0.145594 0.396641
v -2.681731 -0.154218 0.399562
v -2.689842 -0.160210 0.399526
v -2.679931 -0.145641 0.396704
v -2.671856 -0.139078 0.396672
v -2.697592 -0.182902 0.399523
v -2.686808 -0.166346 0.396695
v -2.705857 -0.197992 0.399526
v -2.695973 -0.183404 0.396697
v -2.703383 -0.200496 0.396659
v -2.713414 -0.208259 0.399516
v -2.703540 -0.193686 0.396691
v -2.724289 -0.219298 0.399508
v -2.715847 -0.205959 0.396687
v -2.742394 -0.234277 0.399531
v -2.746905 -0.233048 0.399500
v -2.736872 -0.218291 0.396680
v -2.751369 -0.234791 0.396637
v -2.774964 -0.240609 0.399497
v -2.762645 -0.225648 0.396674
v -2.799894 -0.246909 0.399518
v -2.814299 -0.241784 0.399491
v -2.801737 -0.227511 0.396677
v -2.813814 -0.232799 0.396632
v -2.856351 -0.232889 0.399495
v -2.844032 -0.219035 0.396657
v -2.899162 -0.214141 0.399507
v -2.886893 -0.200589 0.396640
v -2.951198 -0.181585 0.399487
v -2.941320 -0.167001 0.396659
v -2.941129 -0.281550 0.396610
v -2.846138 -0.075137 0.399540
v -2.836240 -0.060300 0.396701
v -2.840442 -0.062822 0.396669
v -2.839179 -0.052930 0.399530
v -2.828631 -0.036996 0.396703
v -2.830988 -0.039261 0.399534
v -2.817436 -0.009684 0.396679
v -2.820073 -0.023342 0.396710
v -2.818448 -0.026806 0.399544
v -2.775079 0.007031 0.399588
v -2.807493 -0.011416 0.396714
v -2.794889 -0.015385 0.399542
v -2.782437 -0.000236 0.396716
v -2.751196 -0.015866 0.399556
v -2.771627 0.009528 0.396688
v -2.735483 -0.002633 0.396730
v -2.715621 -0.033387 0.399564
v -2.706101 -0.019242 0.396724
v -2.696400 -0.008364 0.396693
v -2.690532 -0.040399 0.396727
v -2.691875 -0.074545 0.399555
v -2.682029 -0.060458 0.396701
v -4.942830 2.100914 0.396820
v -4.998269 1.872576 0.396815
v -4.755540 1.476206 0.396713
v -4.383718 1.384949 0.396751
v -4.596945 2.080873 0.396870
v -4.155312 1.910377 0.396893
v -3.750173 1.401231 0.396847
v -3.712024 1.506976 0.396873
v -3.155241 1.945528 0.397051
v -2.625948 1.641047 0.397097
v -2.467756 1.817652 0.397108
v -2.169704 1.740889 0.397111
v -1.851264 1.396947 0.397116
v -1.748027 1.740886 0.397183
v -1.871698 1.957946 0.397201
v -0.901542 1.682307 0.397270
v -0.493036 1.753807 0.397367
v -0.212108 1.753698 0.397413
v -0.508726 1.844821 0.397421
v -0.602255 1.756042 0.397377
v -0.684644 1.398936 0.397262
v -0.072625 1.398936 0.397350
v 0.447265 1.569004 0.397475
v 0.794223 1.435850 0.397499
v 2.411640 2.034953 0.397852
v 2.207835 2.060190 0.397846
v 2.079026 1.515203 0.397719
v 2.187711 1.414977 0.397690
v 3.327242 1.426273 0.397862
v 3.392766 1.908200 0.397946
v 2.852716 1.994454 0.397913
v 4.181598 1.763285 0.398043
v 3.579145 1.789724 0.397984
v 3.654281 2.039048 0.398030
v 3.665237 1.962250 0.397992
v 4.940910 2.062173 0.398220
v 4.885229 1.760090 0.398131
v -4.849872 2.057294 0.399488
v -4.943232 2.118479 0.399410
v -5.022269 1.938448 0.399444
v -5.028300 1.906155 0.399344
v -4.941974 2.090811 0.399482
v -5.037869 2.152673 0.399421
v -5.151943 1.962508 0.399358
v -4.899261 1.958248 0.399408
v -4.992802 1.892709 0.399446
v -4.930569 1.709345 0.399413
v -4.321367 1.391859 0.399319
v -4.593455 1.478943 0.399390
v -4.856029 1.832522 0.399430
v -4.242052 1.692797 0.399398
v -4.461652 1.817262 0.399501
v -4.759937 2.047459 0.399434
v -3.922402 1.469455 0.399495
v -3.531636 1.442910 0.399548
v -3.859404 1.565639 0.399527
v -3.162545 1.967125 0.399622
v -3.279096 1.854173 0.399608
v -3.042284 1.674219 0.399674
v -3.040652 1.294073 0.399595
v -2.923321 1.284985 0.399588
v -2.628763 1.604321 0.399717
v -2.972750 1.740722 0.399701
v -2.486725 1.806149 0.399783
v -2.488462 1.707971 0.399756
v -2.147834 1.485528 0.399759
v -2.091197 1.727036 0.399835
v -1.740325 1.824114 0.399873
v -2.125655 1.944095 0.399871
v -1.854376 2.028567 0.399914
v -1.610918 1.764578 0.399895
v -0.912144 1.668448 0.400010
v -0.904079 1.757422 0.400000
v -0.509763 1.739955 0.400079
v -0.166850 1.737187 0.400112
v -0.166178 1.817123 0.400119
v -0.534959 1.825428 0.400059
v -0.714326 1.469373 0.399962
v -0.046386 1.500797 0.400013
v 0.151890 1.855484 0.400169
v 0.063519 1.766367 0.400081
v 0.495277 1.407204 0.400121
v 0.483334 1.509303 0.400149
v 0.833853 1.760019 0.400197
v 0.785237 1.900679 0.400171
v 0.523436 1.739023 0.400140
v 0.486926 1.822915 0.400194
v 0.654044 2.094473 0.400231
v 0.395357 1.926564 0.400125
v 1.423928 1.628155 0.400293
v 1.458634 1.745915 0.400260
v 1.369225 1.815144 0.400333
v 1.235959 1.798663 0.400251
v 1.256893 1.608313 0.400285
v 2.308108 2.022848 0.400517
v 2.342806 1.528477 0.400415
v 2.574187 1.392242 0.400419
v 2.424906 1.633284 0.400444
v 2.204046 1.992756 0.400432
v 2.080312 2.034298 0.400484
v 1.861717 1.700091 0.400333
v 1.750326 1.613827 0.400275
v 2.125432 1.337258 0.400340
v 2.157744 1.414624 0.400392
v 2.719194 1.925352 0.400481
v 2.707542 2.166749 0.400528
v 2.591820 1.980463 0.400469
v 2.854335 1.585340 0.400496
v 3.181911 1.331260 0.400486
v 3.096931 1.513088 0.400495
v 2.945408 1.643974 0.400528
v 2.878562 1.870307 0.400532
v 3.382635 1.894276 0.400665
v 2.946355 2.090738 0.400561
v 2.816639 2.144739 0.400549
v 2.730273 1.947777 0.400557
v 3.717341 1.487256 0.400599
v 4.050349 1.292352 0.400546
v 4.112195 1.406507 0.400639
v 3.789248 1.553989 0.400628
v 3.652461 1.825737 0.400667
v 3.567472 1.778674 0.400626
v 3.644886 2.024966 0.400710
v 4.154359 2.025113 0.400781
v 4.856055 1.828278 0.400858
v 4.932519 1.335213 0.400744
v 4.931225 2.048100 0.400898
v 4.972145 2.032334 0.398446
v 4.964890 2.024527 0.400671
v 4.975471 2.086184 0.400746
v 4.983633 2.098116 0.398407
v 4.792577 2.085274 0.400823
v 4.800383 2.098077 0.398419
v 4.827352 2.078768 0.398219
v 4.810480 1.991402 0.398349
v 4.802374 1.978897 0.400687
v 4.802979 1.845006 0.400664
v 4.811357 1.857097 0.398267
v 4.702112 1.810709 0.400612
v 4.743243 1.834185 0.398352
v 4.423742 1.691814 0.400673
v 4.625132 1.790543 0.398325
v 4.581296 1.764487 0.400593
v 4.517797 1.745691 0.398308
v 4.495103 1.727306 0.400539
v 4.432190 1.704747 0.398137
v 4.499343 1.558472 0.400665
v 4.485484 1.537807 0.400531
v 4.494180 1.550624 0.398114
v 4.596056 1.594380 0.400534
v 4.580895 1.594807 0.398297
v 4.621231 1.618131 0.398205
v 4.709810 1.651169 0.398328
v 4.808505 1.685494 0.400743
v 4.721207 1.646845 0.400557
v 4.811054 1.689063 0.398293
v 4.803049 1.677185 0.400574
v 4.823583 1.335664 0.400725
v 4.804084 1.402330 0.400604
v 4.801598 1.401078 0.400514
v 4.809357 1.411263 0.398290
v 4.812548 1.414642 0.398203
v 4.832939 1.349200 0.398061
v 4.792336 1.307812 0.400530
v 4.800378 1.319607 0.398229
v 4.973594 1.307775 0.400554
v 4.981566 1.319754 0.398239
v 4.939088 1.358130 0.398072
v 4.957488 1.405681 0.400648
v 4.964481 1.373987 0.400532
v 4.970968 1.397159 0.398312
v 4.966114 1.415182 0.398200
v 4.961157 1.426827 0.400544
v 4.968817 1.453645 0.398323
v 4.956807 1.991969 0.400778
v 4.965722 2.002784 0.398333
v 4.960777 1.978215 0.400660
v 4.968502 1.985704 0.398435
v 3.689768 2.053035 0.400611
v 3.700195 2.068927 0.398272
v 3.697584 2.066029 0.398156
v 3.690151 2.057571 0.400495
v 3.609730 2.068136 0.400543
v 3.617830 2.080181 0.398207
v 3.929839 1.948402 0.400738
v 3.625855 1.918133 0.400641
v 3.609923 1.900436 0.400465
v 3.617918 1.912238 0.398185
v 3.695581 1.906332 0.400477
v 3.702060 1.918074 0.398198
v 4.179885 1.934567 0.398110
v 4.173277 1.917847 0.400717
v 4.103494 1.906305 0.400537
v 4.109941 1.917967 0.398279
v 4.190517 1.900799 0.400549
v 4.198385 1.912395 0.398293
v 4.190182 2.067738 0.400630
v 4.198308 2.079658 0.398313
v 4.171037 2.041445 0.398109
v 4.106522 2.053261 0.400664
v 4.107987 2.057535 0.400554
v 4.118983 2.069196 0.398331
v 4.115124 2.066125 0.398224
v 3.573829 1.707808 0.400424
v 3.586491 1.705206 0.398159
v 3.601475 1.637522 0.400403
v 3.640944 1.563212 0.400427
v 3.620585 1.626951 0.398065
v 3.658607 1.560885 0.398103
v 3.694944 1.492321 0.400390
v 3.707768 1.498667 0.398121
v 3.783007 1.411807 0.400381
v 3.766099 1.444261 0.398127
v 3.801930 1.439552 0.397932
v 3.876334 1.355533 0.400464
v 3.833190 1.395520 0.398119
v 3.953307 1.321909 0.400393
v 3.942174 1.340710 0.398100
v 4.058712 1.304812 0.398020
v 4.169034 1.428458 0.400467
v 4.176878 1.440221 0.398086
v 4.041389 1.458311 0.400462
v 4.063163 1.466298 0.398181
v 3.966096 1.479318 0.397977
v 3.993404 1.489582 0.398186
v 3.952043 1.492473 0.400422
v 3.943024 1.513064 0.398160
v 3.890974 1.511977 0.400564
v 3.867043 1.561888 0.398142
v 3.874075 1.539328 0.400429
v 3.813726 1.603821 0.398023
v 3.784969 1.607340 0.400569
v 3.806534 1.599870 0.400432
v 3.812338 1.615017 0.398192
v 3.788137 1.643929 0.398123
v 3.778982 1.661530 0.398199
v 3.765100 1.660710 0.400433
v 3.727273 1.735036 0.398018
v 3.739579 1.707411 0.400477
v 3.692394 1.749432 0.400676
v 3.738077 1.718128 0.400427
v 3.745673 1.729578 0.398203
v 3.747910 1.719254 0.398167
v 4.177279 1.718984 0.398246
v 4.260551 1.732772 0.398095
v 4.167691 1.707383 0.400504
v 4.251592 1.718827 0.400687
v 4.268191 1.702577 0.400518
v 4.276059 1.714209 0.398262
v 4.233779 1.828733 0.400750
v 4.267856 1.867821 0.400599
v 4.276042 1.879776 0.398261
v 4.242553 1.842115 0.398075
v 4.165817 1.853922 0.400636
v 4.167071 1.858527 0.400520
v 4.174761 1.869937 0.398297
v 4.174044 1.867018 0.398188
v 3.665888 1.858617 0.400449
v 3.672690 1.870283 0.398211
v 3.670507 1.854871 0.398024
v 3.664332 1.854491 0.400559
v 3.636142 1.870862 0.400513
v 3.644167 1.882820 0.398166
v 3.533070 1.805834 0.400453
v 3.541004 1.817612 0.398161
v 3.558477 1.758511 0.400428
v 3.566565 1.769658 0.398170
v 2.727567 1.937591 0.397982
v 2.812057 2.096006 0.400529
v 2.751298 1.984189 0.400344
v 2.759131 1.995808 0.398121
v 2.781840 2.042555 0.398022
v 2.771422 2.018721 0.400356
v 2.782498 2.035634 0.398134
v 2.792417 2.051666 0.400364
v 2.802660 2.066699 0.398143
v 2.838266 2.113520 0.400398
v 2.846102 2.125086 0.398149
v 2.815161 2.119419 0.397940
v 2.716321 2.179726 0.398019
v 2.674370 2.120194 0.400417
v 2.682434 2.132032 0.398093
v 2.638200 2.062582 0.400347
v 2.658406 2.094371 0.398128
v 2.635234 2.055484 0.398097
v 2.600693 1.993511 0.397941
v 2.741381 1.823234 0.400366
v 2.751429 1.826841 0.398084
v 2.771127 1.764039 0.398004
v 2.801251 1.654669 0.400331
v 2.769519 1.733609 0.400309
v 2.813329 1.656746 0.398037
v 2.849083 1.626384 0.397841
v 2.837527 1.587575 0.400352
v 2.878751 1.530302 0.400293
v 2.874074 1.556897 0.398024
v 2.943011 1.463534 0.400316
v 2.953766 1.473165 0.397951
v 3.009882 1.408662 0.400289
v 3.037818 1.406478 0.397981
v 3.089836 1.360282 0.400277
v 3.149100 1.347235 0.397998
v 3.164634 1.326158 0.400279
v 3.250350 1.296770 0.400308
v 3.258999 1.309524 0.397859
v 3.374460 1.433670 0.400425
v 3.382745 1.445875 0.398061
v 3.232073 1.474496 0.400337
v 3.258526 1.480247 0.398029
v 3.176718 1.512419 0.398061
v 3.077824 1.547249 0.397867
v 3.141057 1.515353 0.400320
v 3.111447 1.551115 0.398066
v 3.078503 1.558028 0.400318
v 3.049782 1.600856 0.398048
v 3.027823 1.604055 0.400323
v 2.946715 1.698357 0.397876
v 2.987636 1.651327 0.400379
v 2.994303 1.665308 0.398073
v 2.951341 1.709973 0.400395
v 2.963927 1.714067 0.398052
v 2.917116 1.792679 0.400355
v 2.933652 1.781379 0.398038
v 2.906173 1.867244 0.398103
v 2.888457 1.883302 0.397927
v 2.898477 1.855671 0.400353
v 3.311304 1.855549 0.400429
v 3.319781 1.867356 0.398132
v 3.416022 1.851167 0.400449
v 3.424058 1.863023 0.398150
v 3.389120 1.989545 0.400655
v 3.415906 2.022126 0.400485
v 3.423893 2.033898 0.398192
v 3.397986 2.002816 0.397995
v 3.320520 2.006203 0.400540
v 3.318517 2.010176 0.400431
v 3.329804 2.021879 0.398209
v 3.329627 2.018863 0.398096
v 2.873232 1.995726 0.400531
v 2.838931 2.009715 0.400406
v 2.846810 2.021532 0.398106
v 2.884580 2.001302 0.400407
v 2.892517 2.013008 0.398144
v 2.889309 2.011460 0.398055
v 2.870661 1.975270 0.400361
v 2.878365 1.986574 0.398137
v 2.901438 2.026340 0.400375
v 2.907604 2.035309 0.398152
v 2.954874 2.103312 0.398031
v 2.825531 2.157833 0.398009
v 2.795968 2.113394 0.398152
v 2.769755 2.071170 0.398094
v 2.777937 2.085948 0.400419
v 2.736342 1.964673 0.397905
v 2.742292 2.025959 0.400353
v 2.744220 2.026897 0.398125
v 2.705479 1.957499 0.400395
v 2.713335 1.968749 0.398109
v 2.700855 1.953356 0.400365
v 2.708869 1.965156 0.398072
v 2.722200 1.907280 0.400339
v 2.729993 1.919274 0.398081
v 2.206486 1.424285 0.400264
v 2.214766 1.994712 0.397931
v 2.218064 1.995830 0.398044
v 2.210342 1.985067 0.400268
v 2.219913 2.065453 0.400347
v 2.227985 2.077384 0.398052
v 2.043366 2.065653 0.400299
v 2.051305 2.077385 0.398021
v 2.078941 2.057930 0.397821
v 2.055415 1.985974 0.400357
v 2.052230 1.986382 0.400245
v 2.060029 1.997910 0.398022
v 2.063989 1.999295 0.397912
v 2.052773 1.533408 0.400151
v 2.055948 1.526514 0.400261
v 2.060609 1.544650 0.397911
v 2.036100 1.562665 0.397887
v 1.962224 1.603353 0.400166
v 1.966519 1.618232 0.397902
v 1.852898 1.690897 0.397701
v 1.913486 1.675083 0.397903
v 1.903383 1.666248 0.400157
v 1.843112 1.748219 0.400202
v 1.851116 1.760036 0.397909
v 1.758741 1.626239 0.397756
v 1.883218 1.468138 0.400236
v 1.809858 1.538932 0.400143
v 1.810402 1.559846 0.397847
v 1.880780 1.488440 0.397852
v 1.958734 1.427981 0.397746
v 1.937616 1.424531 0.400127
v 2.010993 1.375241 0.400124
v 2.033065 1.378217 0.397871
v 2.135469 1.350266 0.397675
v 2.088893 1.331946 0.400148
v 2.096818 1.343840 0.397844
v 2.126840 1.300806 0.400144
v 2.134769 1.312567 0.397851
v 2.220340 1.378427 0.400203
v 2.228543 1.390503 0.397859
v 2.210694 1.425628 0.400150
v 2.218477 1.437368 0.397927
v 2.215334 1.437002 0.397814
v 2.465442 1.636369 0.397965
v 2.446837 1.677155 0.400236
v 2.455325 1.684613 0.397971
v 2.436182 1.736850 0.400349
v 2.438740 1.757065 0.400250
v 2.446458 1.767403 0.398026
v 2.411742 2.031689 0.400527
v 2.430477 1.981577 0.400410
v 2.434395 1.876345 0.400294
v 2.442270 1.890663 0.398040
v 2.439132 1.994417 0.397963
v 2.434874 1.984599 0.400299
v 2.442598 1.996078 0.398077
v 2.448594 2.063075 0.400356
v 2.456620 2.074862 0.398041
v 2.270411 2.062874 0.400354
v 2.279112 2.075247 0.397892
v 2.281926 1.976814 0.400390
v 2.278619 1.977396 0.400276
v 2.286644 1.989780 0.397984
v 2.279665 1.877195 0.400270
v 2.288113 1.851824 0.398011
v 2.319229 1.638601 0.397774
v 2.293301 1.655645 0.400294
v 2.285035 1.744048 0.400244
v 2.297369 1.701912 0.397968
v 2.305880 1.584481 0.400238
v 2.309729 1.614246 0.397962
v 2.327111 1.555198 0.397949
v 2.333799 1.507283 0.400194
v 2.359212 1.484018 0.397903
v 2.378578 1.427518 0.400212
v 2.407809 1.411589 0.397855
v 2.499346 1.301902 0.400297
v 2.436906 1.357079 0.400179
v 2.452583 1.361492 0.397923
v 2.507727 1.314709 0.397770
v 2.641146 1.396694 0.400241
v 2.648888 1.408561 0.397875
v 2.507233 1.500716 0.400343
v 2.552307 1.466823 0.400203
v 2.568385 1.470826 0.397949
v 2.498560 1.533440 0.400216
v 2.531145 1.511103 0.397983
v 2.495058 1.564228 0.397993
v 2.510080 1.503852 0.397776
v 2.446853 1.675029 0.397843
v 2.452259 1.631242 0.400313
v 2.459097 1.618317 0.400230
v 1.200439 1.669940 0.400081
v 1.205108 1.708351 0.397795
v 1.258032 1.630783 0.397611
v 1.211522 1.673831 0.397779
v 1.225099 1.620419 0.400085
v 1.227318 1.640566 0.397809
v 1.258392 1.607353 0.397802
v 1.256349 1.592230 0.400066
v 1.287731 1.576487 0.400061
v 1.307531 1.584557 0.397765
v 1.324670 1.569499 0.400069
v 1.417902 1.626573 0.397625
v 1.359664 1.572208 0.400105
v 1.349807 1.581390 0.397819
v 1.383672 1.588247 0.397820
v 1.393381 1.583942 0.400101
v 1.415669 1.604273 0.397828
v 1.423098 1.604952 0.400095
v 1.434852 1.620576 0.397820
v 1.450498 1.640601 0.400121
v 1.438268 1.621809 0.400081
v 1.446037 1.633273 0.397857
v 1.455668 1.647607 0.397861
v 1.463601 1.663448 0.397810
v 1.463254 1.674813 0.400125
v 1.470918 1.685976 0.397831
v 1.465995 1.713284 0.400123
v 1.473938 1.716026 0.397853
v 1.452384 1.764462 0.397681
v 1.471364 1.743145 0.397875
v 1.444469 1.777359 0.400161
v 1.460443 1.775095 0.397844
v 1.421888 1.803779 0.400170
v 1.441847 1.803360 0.397881
v 1.415156 1.827472 0.397849
v 1.392961 1.824035 0.400138
v 1.372493 1.846798 0.397878
v 1.359576 1.835876 0.400127
v 1.339502 1.836113 0.397668
v 1.321659 1.838415 0.400146
v 1.317310 1.849115 0.397867
v 1.284549 1.830421 0.400123
v 1.253731 1.813971 0.400180
v 1.276171 1.834870 0.397837
v 1.247259 1.814210 0.397847
v 1.223598 1.784243 0.397705
v 1.224831 1.786223 0.400117
v 1.232731 1.797882 0.397861
v 1.212550 1.767347 0.400089
v 1.201585 1.739363 0.400152
v 1.215342 1.767962 0.397852
v 1.207635 1.743870 0.397806
v 1.197344 1.715277 0.400085
v 0.484868 1.797264 0.399992
v 0.492723 1.808862 0.397744
v 0.499454 1.824549 0.397583
v 0.609415 1.889147 0.400106
v 0.549719 1.844745 0.400000
v 0.553481 1.853387 0.397776
v 0.736347 1.980314 0.397686
v 0.740491 1.965921 0.400191
v 0.651069 1.912692 0.400029
v 0.652931 1.920372 0.397805
v 0.749205 1.978195 0.397818
v 0.662359 2.107383 0.397712
v 0.586304 2.056021 0.400068
v 0.597992 2.069949 0.397773
v 0.493148 2.002894 0.397785
v 0.473139 1.982984 0.400037
v 0.403776 1.939302 0.397612
v 0.393728 1.633362 0.399998
v 0.486111 1.569804 0.399953
v 0.429255 1.623566 0.397705
v 0.419807 1.627153 0.397603
v 0.306804 1.709331 0.399996
v 0.326155 1.710869 0.397686
v 0.242348 1.779587 0.397515
v 0.225863 1.806972 0.399990
v 0.245511 1.802110 0.397711
v 0.154722 1.922264 0.399997
v 0.162846 1.934223 0.397640
v 0.072145 1.778973 0.397503
v 0.170573 1.624681 0.400021
v 0.108831 1.699480 0.399919
v 0.117747 1.710216 0.397641
v 0.177456 1.637177 0.397662
v 0.226019 1.569174 0.399915
v 0.264995 1.553181 0.397628
v 0.372729 1.493895 0.397453
v 0.332525 1.480911 0.399920
v 0.341767 1.492326 0.397669
v 0.424565 1.437703 0.397624
v 0.443389 1.410736 0.399937
v 0.507993 1.395661 0.397570
v 0.526229 1.372175 0.399917
v 0.599273 1.358854 0.397652
v 0.646668 1.328755 0.399941
v 0.686426 1.332358 0.397659
v 0.753200 1.303901 0.400070
v 0.761658 1.316257 0.397550
v 0.805169 1.438554 0.400137
v 0.838139 1.453484 0.399996
v 0.846105 1.465230 0.397703
v 0.693101 1.482854 0.399964
v 0.743274 1.484666 0.397725
v 0.715205 1.488174 0.397614
v 0.659894 1.507236 0.397718
v 0.578166 1.523040 0.399977
v 0.569840 1.537475 0.397603
v 0.523705 1.530891 0.400111
v 0.554609 1.548564 0.397712
v 0.612248 1.629174 0.400151
v 0.610521 1.606697 0.399970
v 0.618375 1.618291 0.397721
v 0.622799 1.645885 0.397533
v 0.669003 1.648610 0.399992
v 0.677501 1.660697 0.397738
v 0.856598 1.779632 0.397660
v 0.733071 1.691042 0.399995
v 0.746325 1.705981 0.397773
v 0.802402 1.733019 0.400012
v 0.813789 1.746541 0.397791
v 0.870991 1.769832 0.400066
v 0.878912 1.781608 0.397773
v 0.793909 1.913472 0.397677
v 0.706756 1.864510 0.397786
v 0.690643 1.848030 0.400078
v 0.585421 1.782839 0.399994
v 0.596309 1.796524 0.397752
v 0.531727 1.751569 0.397617
v -0.449611 1.385085 0.399995
v -0.435965 1.494588 0.399824
v -0.427807 1.506400 0.397462
v -0.444996 1.615288 0.397583
v -0.460926 1.712682 0.397513
v -0.466943 1.699464 0.399889
v -0.465594 1.698097 0.399825
v -0.457847 1.709564 0.397600
v -0.224415 1.698001 0.399872
v -0.216743 1.709618 0.397617
v -0.141718 1.723040 0.397465
v -0.222194 1.707782 0.400018
v -0.126931 1.693487 0.399909
v -0.118933 1.705342 0.397609
v -0.127182 1.859158 0.399968
v -0.119050 1.871160 0.397652
v -0.144704 1.841151 0.397454
v -0.218316 1.844528 0.400008
v -0.218505 1.849032 0.399892
v -0.211348 1.860473 0.397668
v -0.210776 1.857643 0.397560
v -0.514151 1.848822 0.399893
v -0.507307 1.860669 0.397611
v -0.545019 1.858319 0.399889
v -0.537174 1.870161 0.397566
v -0.617665 1.764978 0.400018
v -0.647254 1.809665 0.399878
v -0.639203 1.821561 0.397563
v -0.633565 1.762428 0.399832
v -0.625732 1.774363 0.397570
v -0.567892 1.488590 0.397339
v -0.595603 1.494413 0.399824
v -0.587620 1.506339 0.397522
v -0.664720 1.494976 0.399796
v -0.656185 1.506760 0.397516
v -0.740922 1.501037 0.399779
v -0.732434 1.513111 0.397366
v -0.726131 1.354705 0.399894
v -0.740774 1.339193 0.399724
v -0.732881 1.350805 0.397467
v -0.722402 1.357817 0.397373
v -0.657344 1.343016 0.399737
v -0.647241 1.354579 0.397499
v -0.071408 1.362973 0.400018
v -0.125192 1.354973 0.397510
v -0.133295 1.343017 0.399830
v -0.045709 1.337573 0.399846
v -0.037671 1.349337 0.397546
v -0.037877 1.513411 0.397608
v -0.054228 1.494631 0.397414
v -0.132319 1.494821 0.399895
v -0.124491 1.506724 0.397591
v -1.592349 1.769934 0.397224
v -1.539671 1.788475 0.399731
v -1.532002 1.800244 0.397467
v -1.531743 1.797184 0.397352
v -1.637895 1.796623 0.399713
v -1.629831 1.808496 0.397398
v -1.536654 1.668465 0.399898
v -1.607512 1.637257 0.399829
v -1.637792 1.619695 0.399676
v -1.629741 1.631491 0.397374
v -1.565683 1.682316 0.397180
v -1.527381 1.626406 0.399672
v -1.519061 1.638220 0.397391
v -0.970966 1.626210 0.399769
v -0.963744 1.638011 0.397470
v -0.866850 1.618229 0.399784
v -0.858839 1.629959 0.397492
v -0.867094 1.795331 0.399853
v -0.858985 1.807273 0.397528
v -0.885631 1.779512 0.397337
v -0.986019 1.784205 0.399884
v -0.985501 1.788739 0.399769
v -0.977796 1.800271 0.397512
v -1.923057 2.051930 0.399753
v -2.324244 2.052300 0.399632
v -2.327002 2.048002 0.399746
v -2.318557 2.063859 0.397409
v -2.318447 2.060939 0.397298
v -2.383219 2.020909 0.399846
v -2.380525 2.040814 0.397174
v -2.418634 2.062854 0.399679
v -2.410564 2.074729 0.397364
v -2.403017 1.913540 0.399773
v -2.418392 1.896695 0.399601
v -2.410514 1.908338 0.397344
v -2.393593 1.927389 0.397187
v -2.326435 1.902052 0.399614
v -2.319764 1.913666 0.397357
v -1.843259 1.913855 0.399859
v -1.911638 1.901994 0.399675
v -1.902802 1.913762 0.397395
v -1.825746 1.896250 0.399687
v -1.817809 1.908027 0.397409
v -1.825956 2.061861 0.399745
v -1.817968 2.073630 0.397451
v -1.843320 2.044285 0.397255
v -1.915418 2.063733 0.397467
v -1.915475 2.060982 0.397362
v -2.435037 1.832550 0.399687
v -2.426631 1.848462 0.397348
v -2.434677 1.837104 0.399571
v -2.428245 1.845527 0.397232
v -2.514896 1.847900 0.399597
v -2.506782 1.859629 0.397282
v -2.514777 1.681393 0.399579
v -2.506683 1.693312 0.397248
v -2.478997 1.721791 0.397095
v -2.431027 1.684832 0.399573
v -2.423059 1.696639 0.397276
v -2.211484 1.685084 0.399635
v -2.203425 1.696903 0.397300
v -2.206300 1.632854 0.399602
v -2.195532 1.626248 0.397309
v -2.151265 1.525448 0.397102
v -2.188848 1.547712 0.399579
v -2.180644 1.560097 0.397297
v -2.152938 1.489613 0.397300
v -2.161759 1.481103 0.399549
v -2.135909 1.438227 0.399544
v -2.108982 1.425376 0.397258
v -2.080288 1.374753 0.399568
v -1.984442 1.322613 0.397156
v -2.046766 1.364647 0.397276
v -2.007994 1.319225 0.399532
v -1.945427 1.284414 0.399678
v -1.937795 1.296180 0.397248
v -1.869726 1.391970 0.399776
v -1.800689 1.392207 0.399604
v -1.792784 1.403953 0.397311
v -1.922402 1.448970 0.399576
v -1.889220 1.446952 0.397302
v -2.041867 1.528325 0.397109
v -1.945468 1.483247 0.397306
v -2.023544 1.515209 0.399764
v -1.983840 1.500232 0.399584
v -1.995485 1.535114 0.397297
v -2.016680 1.544117 0.399583
v -2.036487 1.589296 0.399622
v -2.022415 1.583644 0.397315
v -2.047142 1.632860 0.399646
v -2.037469 1.636150 0.397330
v -2.053653 1.685038 0.399631
v -2.045702 1.696751 0.397338
v -2.056409 1.715434 0.397202
v -1.746552 1.705036 0.399849
v -1.795717 1.684881 0.399666
v -1.788623 1.696576 0.397388
v -1.722301 1.680465 0.399679
v -1.714302 1.692229 0.397378
v -1.722338 1.845698 0.399690
v -1.714477 1.857277 0.397441
v -1.732043 1.833529 0.397232
v -1.814627 1.836552 0.399719
v -1.805028 1.848464 0.397437
v -1.807418 1.845568 0.397331
v -2.953291 1.769263 0.399596
v -2.993678 1.802713 0.399485
v -2.961717 1.796875 0.397247
v -3.071755 1.860370 0.399598
v -3.049120 1.866030 0.397198
v -3.093607 1.888018 0.399511
v -3.101208 1.916860 0.397227
v -3.153996 1.979642 0.397240
v -3.270198 1.867297 0.397083
v -3.212892 1.785416 0.399462
v -3.213562 1.805426 0.397205
v -3.140006 1.722348 0.399476
v -3.130173 1.732330 0.397174
v -3.066885 1.668786 0.399456
v -3.058435 1.681582 0.397069
v -3.064161 1.336528 0.399487
v -3.067411 1.335748 0.399375
v -3.059752 1.345312 0.397152
v -3.053069 1.339713 0.396984
v -3.080848 1.266479 0.399391
v -3.072742 1.278378 0.397075
v -2.900491 1.266489 0.399401
v -2.892607 1.278110 0.397145
v -2.913866 1.298904 0.396961
v -2.908330 1.344008 0.399419
v -2.900562 1.358241 0.397162
v -2.909341 1.578290 0.399503
v -2.901347 1.590146 0.397206
v -2.918149 1.618547 0.397024
v -2.661158 1.482865 0.399600
v -2.771619 1.519792 0.399475
v -2.770857 1.533943 0.397200
v -2.652312 1.495941 0.397093
v -2.587064 1.627130 0.399543
v -2.579098 1.638869 0.397249
v -2.717555 1.662274 0.399558
v -2.681132 1.665395 0.397276
v -2.781571 1.702103 0.397230
v -2.832036 1.708990 0.399561
v -2.944056 1.764966 0.397062
v -2.873243 1.745278 0.397250
v -2.911170 1.749951 0.399485
v -3.755786 1.737182 0.399505
v -3.767198 1.714475 0.399391
v -3.759166 1.726335 0.397091
v -3.732876 1.766330 0.396973
v -3.714645 1.767143 0.399372
v -3.706946 1.778614 0.397150
v -3.523346 1.935294 0.399612
v -3.653832 1.821838 0.399395
v -3.640466 1.838101 0.397171
v -3.570863 1.889616 0.399418
v -3.557823 1.905103 0.397200
v -3.498215 1.958538 0.397058
v -3.487698 1.948569 0.399480
v -3.479780 1.960330 0.397187
v -3.596823 2.063252 0.399625
v -3.587898 2.076501 0.397066
v -3.659453 2.020692 0.399479
v -3.660399 2.025975 0.397192
v -3.874471 1.842775 0.396989
v -3.882837 1.830175 0.399504
v -3.745599 1.954227 0.399429
v -3.733994 1.968670 0.397170
v -3.808687 1.905544 0.397147
v -3.825835 1.885441 0.399400
v -3.862802 1.596875 0.399402
v -3.905475 1.631868 0.399323
v -3.904347 1.648590 0.397091
v -4.040639 1.728686 0.399527
v -3.991595 1.709007 0.399343
v -3.971985 1.709363 0.397084
v -3.987756 1.700406 0.396890
v -4.040913 1.786480 0.397096
v -4.052582 1.780607 0.399364
v -4.087910 1.855760 0.397059
v -4.161224 1.929921 0.399532
v -4.095417 1.842849 0.399358
v -4.158218 1.964951 0.399365
v -4.150310 1.976610 0.397096
v -4.251027 1.800512 0.399472
v -4.242590 1.812861 0.396931
v -4.105078 1.596968 0.399400
v -4.215006 1.738096 0.399320
v -4.197704 1.734808 0.397051
v -4.163503 1.664388 0.399296
v -4.147405 1.667189 0.396970
v -4.081677 1.592505 0.397028
v -4.054232 1.592894 0.396847
v -4.027409 1.524091 0.399302
v -3.987236 1.510640 0.396979
v -3.952825 1.468970 0.399289
v -3.879023 1.440110 0.396999
v -3.867988 1.417950 0.399320
v -3.674309 1.339072 0.399360
v -3.778832 1.376147 0.399295
v -3.759015 1.382592 0.397029
v -3.644132 1.345135 0.397031
v -3.553199 1.311977 0.399458
v -3.544398 1.324942 0.396936
v -3.456015 1.462425 0.399384
v -3.447895 1.474419 0.397023
v -3.604914 1.489033 0.399354
v -3.612100 1.504374 0.397094
v -3.642754 1.501852 0.396944
v -3.738194 1.533523 0.399375
v -3.734472 1.547606 0.397090
v -3.845505 1.601019 0.396986
v -3.833443 1.583406 0.399319
v -3.826072 1.595034 0.397080
v -4.931186 1.871251 0.399348
v -4.922724 1.883618 0.396861
v -4.879500 1.975629 0.399340
v -4.903904 1.924700 0.399237
v -4.889215 1.949317 0.397017
v -4.845481 2.038384 0.396875
v -4.883283 1.962447 0.399248
v -4.862494 1.996035 0.397031
v -4.859063 2.002455 0.399258
v -4.845932 2.021889 0.397039
v -4.815578 2.064386 0.399292
v -4.807724 2.075985 0.397022
v -4.934729 2.131077 0.397034
v -4.930634 2.110085 0.396840
v -4.976735 2.069108 0.399278
v -4.968922 2.080585 0.397033
v -4.991747 2.043791 0.396988
v -5.057078 1.926960 0.399294
v -5.004755 2.023623 0.399244
v -5.014520 2.004537 0.397010
v -5.026503 1.985334 0.399232
v -5.048509 1.939632 0.396862
v -5.019696 1.918887 0.396870
v -4.996525 1.966869 0.399232
v -4.992220 1.971895 0.397007
v -4.967505 2.023284 0.396914
v -4.976860 2.009621 0.399355
v -4.967866 2.014998 0.397019
v -4.973847 2.006360 0.399244
v -4.953043 2.038823 0.399253
v -4.943850 2.052363 0.397032
v -4.909449 2.098444 0.399286
v -4.901597 2.110043 0.397016
v -5.029037 2.165742 0.396881
v -5.075736 2.097666 0.399265
v -5.067901 2.109154 0.396971
v -5.125140 2.015466 0.399284
v -5.107528 2.046645 0.399235
v -5.095338 2.065449 0.397012
v -5.114070 2.033019 0.396986
v -5.143478 1.974885 0.396845
v -4.683110 1.946437 0.399471
v -4.896863 1.965229 0.399247
v -4.888168 1.976623 0.397009
v -4.892725 1.961569 0.396819
v -4.932239 1.975809 0.399310
v -4.924054 1.987915 0.396964
v -5.041551 1.909596 0.399269
v -5.033372 1.921616 0.396932
v -5.007504 1.852568 0.399320
v -5.010326 1.851498 0.399206
v -5.003215 1.864487 0.396984
v -4.984447 1.804664 0.396975
v -4.982525 1.764536 0.399226
v -4.953467 1.727303 0.396900
v -4.924028 1.639910 0.399242
v -4.912434 1.647687 0.396825
v -4.708742 1.413254 0.399372
v -4.853302 1.534015 0.399194
v -4.855550 1.559377 0.396905
v -4.789497 1.482830 0.396918
v -4.768007 1.442440 0.399189
v -4.698469 1.404332 0.396889
v -4.683076 1.377108 0.399199
v -4.458969 1.267379 0.399300
v -4.574364 1.330212 0.396905
v -4.582365 1.318172 0.399182
v -4.450617 1.279879 0.396797
v -4.313053 1.404084 0.396951
v -4.468811 1.440765 0.399242
v -4.473526 1.457060 0.396965
v -4.469782 1.453584 0.396867
v -4.545091 1.477485 0.399214
v -4.607572 1.521565 0.396798
v -4.590005 1.520933 0.396945
v -4.612879 1.520285 0.399213
v -4.699181 1.596015 0.399221
v -4.667956 1.585000 0.396952
v -4.764408 1.659597 0.396758
v -4.761077 1.641920 0.399401
v -4.729053 1.653602 0.396942
v -4.754115 1.666996 0.399223
v -4.851074 1.829621 0.396788
v -4.789977 1.726055 0.399272
v -4.768155 1.713353 0.396979
v -4.807335 1.789963 0.396988
v -4.831690 1.815944 0.399262
v -4.835725 1.832799 0.399227
v -4.823097 1.828190 0.396955
v -4.611565 1.831242 0.399465
v -4.618674 1.816053 0.399269
v -4.610025 1.828583 0.396872
v -4.586483 1.775318 0.399264
v -4.567853 1.774218 0.397006
v -4.528708 1.713044 0.399307
v -4.492680 1.698156 0.397001
v -4.456917 1.650062 0.399252
v -4.447380 1.661594 0.396912
v -4.376703 1.594511 0.399404
v -4.368639 1.607034 0.396870
v -4.233460 1.705152 0.397027
v -4.298556 1.701804 0.396826
v -4.356863 1.767877 0.399355
v -4.336922 1.771807 0.397025
v -4.407647 1.830092 0.397036
v -4.450975 1.854029 0.399333
v -4.463753 1.891606 0.397029
v -4.525101 1.953921 0.399322
v -4.514723 1.961368 0.397056
v -4.507337 1.917700 0.396854
v -4.607496 2.062223 0.399529
v -4.569669 2.031657 0.399419
v -4.564938 2.030710 0.399309
v -4.556760 2.041327 0.397086
v -4.559137 2.039604 0.396976
v -4.585798 2.106659 0.399363
v -4.577747 2.118539 0.397062
v -4.750969 2.060291 0.396900
v -4.710076 1.964214 0.399287
v -4.702187 1.975865 0.397030
v -4.673443 1.960239 0.396852
vn 0.8272 0.5530 -0.0997
vn 0.0069 -0.0142 -0.9999
vn 0.1637 0.9811 -0.1029
vn -0.6607 0.5992 -0.4521
vn 0.0132 -0.0000 -0.9999
vn 0.0127 -0.0030 -0.9999
vn 0.9851 -0.1019 -0.1385
vn -0.0686 -0.0788 -0.9945
vn 0.1219 -0.0337 -0.9920
vn -0.1111 -0.0701 -0.9913
vn 0.0482 -0.0040 -0.9988
vn -0.0024 -0.0152 -0.9999
vn 0.1566 -0.1883 -0.9695
vn 0.0014 0.0145 -0.9999
vn -0.1181 -0.0419 -0.9921
vn 0.4397 0.8880 -0.1347
vn -0.0080 -0.0083 -0.9999
vn -0.0064 -0.0975 -0.9952
vn 0.7450 0.6594 -0.1008
vn -0.5709 0.7887 -0.2281
vn 0.1829 0.9770 -0.1100
vn 0.0188 0.0020 -0.9998
vn 0.0693 -0.1300 -0.9891
vn 0.0116 0.0003 -0.9999
vn -0.0592 -0.0536 -0.9968
vn 0.9881 -0.0743 -0.1345
vn 0.0069 -0.0087 -0.9999
vn -0.0060 -0.0142 -0.9999
vn 0.1892 -0.2065 -0.9600
vn -0.0072 -0.0076 -0.9999
vn 0.2543 0.9650 -0.0648
vn -0.1153 -0.0396 -0.9925
vn -0.2850 0.9507 -0.1222
vn -0.0046 -0.0103 -0.9999
vn 0.4447 0.8928 -0.0711
vn -0.4108 0.1917 -0.8913
vn -0.3614 0.9227 -0.1343
vn 0.8763 -0.4737 -0.0881
vn 0.0062 -0.0148 -0.9999
vn 0.0030 -0.0159 -0.9999
vn 0.0120 -0.0024 -0.9999
vn 0.0097 -0.0046 -0.9999
vn -0.0003 0.0066 -1.0000
vn 0.9675 0.2298 -0.1051
vn 0.7175 0.6935 -0.0651
vn 0.0079 -0.0047 -1.0000
vn -0.0089 -0.0165 -0.9998
vn 0.9685 -0.1882 -0.1630
vn 0.0587 0.0297 -0.9978
vn -0.6929 0.4699 -0.5469
vn -0.1348 -0.0448 -0.9899
vn 0.0404 -0.1200 -0.9919
vn 0.0493 -0.1288 -0.9904
vn 0.3326 0.9422 -0.0395
vn -0.6639 0.5921 -0.4569
vn -0.1080 0.9889 -0.1021
vn 0.8885 0.4517 -0.0812
vn 0.9592 -0.2014 -0.1983
vn -0.0577 -0.0378 -0.9976
vn -0.1906 -0.3231 -0.9270
vn -0.1929 0.0297 -0.9808
vn 0.0398 0.0081 -0.9992
vn -0.0090 -0.0124 -0.9999
vn 0.8971 -0.2680 -0.3513
vn -0.0167 -0.0062 -0.9998
vn 0.1507 -0.1822 -0.9716
vn 0.0103 0.0147 -0.9998
vn -0.1187 -0.0405 -0.9921
vn -0.2008 0.9669 -0.1575
vn -0.0050 -0.0922 -0.9957
vn 0.9545 -0.2101 -0.2114
vn -0.0244 -0.0225 -0.9995
vn 0.6198 0.7791 -0.0944
vn -0.6447 0.7266 -0.2375
vn 0.0130 -0.0024 -0.9999
vn -0.1606 0.0036 -0.9870
vn -0.1688 0.0102 -0.9856
vn 0.0062 0.0115 -0.9999
vn 0.0140 0.0055 -0.9999
vn -0.0734 -0.0551 -0.9958
vn 0.0150 0.0168 -0.9997
vn 0.0155 0.0088 -0.9998
vn -0.2979 0.9505 -0.0888
vn -0.0043 -0.0245 -0.9997
vn -0.0080 -0.0936 -0.9956
vn -0.1087 -0.0813 -0.9907
vn 0.2140 0.9741 -0.0727
vn 0.0137 -0.0105 -0.9999
vn -0.3278 0.9319 -0.1553
vn 0.8823 0.4675 -0.0548
vn 0.0161 -0.0155 -0.9998
vn 0.9804 -0.1728 -0.0949
vn -0.0960 -0.0253 -0.9951
vn 0.0056 -0.0047 -1.0000
vn -0.6008 0.7538 -0.2662
vn 0.0045 0.0041 -1.0000
vn -0.1072 -0.0309 -0.9938
vn -0.1620 0.0044 -0.9868
vn 0.9733 -0.2033 -0.1062
vn -0.0057 -0.0154 -0.9999
vn 0.3869 0.9086 -0.1574
vn -0.5535 0.8091 -0.1973
vn -0.0387 -0.0728 -0.9966
vn -0.0230 -0.0773 -0.9967
vn 0.6017 0.7963 -0.0617
vn -0.6609 0.5883 -0.4659
vn -0.1713 0.9720 -0.1610
vn 0.0098 0.0103 -0.9999
vn 0.0614 -0.1272 -0.9900
vn -0.0301 -0.0586 -0.9978
vn 0.0168 -0.0137 -0.9998
vn 0.9732 0.2020 -0.1099
vn -0.3645 0.1797 -0.9137
vn 0.0189 0.0040 -0.9998
vn 0.0084 -0.0094 -0.9999
vn -0.1788 0.0232 -0.9836
vn 0.9191 -0.3486 -0.1837
vn 0.0098 0.0057 -0.9999
vn -0.0025 -0.0095 -1.0000
vn -0.0168 -0.0034 -0.9999
vn 0.0106 0.0062 -0.9999
vn -0.0464 -0.0716 -0.9964
vn 0.0421 -0.1326 -0.9903
vn -0.0082 -0.0062 -0.9999
vn 0.0122 -0.0030 -0.9999
vn -0.1066 0.0220 -0.9941
vn -0.0758 0.9850 -0.1549
vn -0.4386 0.8969 -0.0563
vn -0.1310 0.1709 -0.9765
vn 0.9774 -0.1810 -0.1088
vn 0.0021 -0.0135 -0.9999
vn -0.0019 -0.0088 -1.0000
vn -0.1203 -0.0431 -0.9918
vn -0.0037 -0.0064 -1.0000
vn 0.0971 -0.1571 -0.9828
vn 0.6710 0.7366 -0.0847
vn -0.6826 0.5814 -0.4428
vn 0.1634 0.9793 -0.1195
vn 0.0146 0.0015 -0.9999
vn 0.0205 -0.0032 -0.9998
vn 0.0020 0.0089 -1.0000
vn -0.1806 0.0315 -0.9831
vn 0.9780 -0.0883 -0.1888
vn -0.0656 -0.0669 -0.9956
vn 0.9602 0.0543 -0.2740
vn -0.1095 -0.0676 -0.9917
vn 0.0482 -0.0030 -0.9988
vn -0.0105 -0.0114 -0.9999
vn 0.9119 -0.2691 -0.3099
vn 0.1480 -0.1806 -0.9724
vn -0.1196 -0.0423 -0.9919
vn 0.4525 0.8831 -0.1240
vn 0.0403 -0.1327 -0.9903
vn 0.9052 0.4186 -0.0731
vn -0.5768 0.7794 -0.2446
vn -0.0413 0.9919 -0.1200
vn 0.4767 -0.3732 -0.7959
vn -0.0109 -0.0065 -0.9999
vn -0.0098 -0.0144 -0.9998
vn -0.7259 0.5777 -0.3734
vn -0.1208 -0.0291 -0.9923
vn 0.9842 -0.1507 -0.0931
vn -0.0030 -0.0019 -1.0000
vn -0.0201 -0.0870 -0.9960
vn 0.8862 0.4619 -0.0342
vn -0.6516 0.4100 -0.6382
vn -0.0532 0.9875 -0.1483
vn -0.0016 0.0131 -0.9999
vn 0.0095 -0.0087 -0.9999
vn 0.0117 0.0098 -0.9999
vn 0.0163 -0.0293 -0.9994
vn 0.0128 -0.0062 -0.9999
vn 0.9605 0.2589 -0.1025
vn 0.8595 0.5055 -0.0760
vn 0.8435 -0.4317 -0.3194
vn 0.0064 -0.0109 -0.9999
vn 0.0528 -0.0029 -0.9986
vn -0.1211 -0.0409 -0.9918
vn -0.2274 0.9696 -0.0907
vn -0.0139 -0.0858 -0.9962
vn 0.0499 -0.1306 -0.9902
vn 0.7572 0.6504 -0.0599
vn -0.5992 0.3791 -0.7052
vn -0.1861 0.9703 -0.1547
vn 0.0125 0.0081 -0.9999
vn 0.0151 0.0034 -0.9999
vn 0.9811 0.1455 -0.1274
vn 0.0099 -0.0119 -0.9999
vn 0.0145 0.0008 -0.9999
vn -0.1119 -0.0726 -0.9911
vn -0.0237 -0.0646 -0.9976
vn 0.9523 0.1552 -0.2628
vn 0.0478 0.0078 -0.9988
vn -0.0014 -0.0103 -0.9999
vn 0.2755 -0.2394 -0.9310
vn 0.0093 0.0067 -0.9999
vn -0.1273 -0.0499 -0.9906
vn 0.4530 0.8830 -0.1234
vn 0.0051 -0.0968 -0.9953
vn 0.9315 -0.2255 -0.2853
vn -0.4636 0.8781 -0.1182
vn 0.6495 0.7603 0.0052
vn -0.1044 -0.0792 -0.9914
vn 0.9531 -0.2100 -0.2179
vn -0.0311 -0.0236 -0.9992
vn 0.6727 0.7276 -0.1343
vn -0.1007 0.9868 -0.1265
vn -0.6080 0.7321 -0.3072
vn 0.0136 -0.0003 -0.9999
vn -0.0028 -0.0103 -0.9999
vn 0.0125 -0.0021 -0.9999
vn 0.0119 -0.0062 -0.9999
vn -0.1470 -0.0143 -0.9890
vn 0.7655 0.6420 -0.0424
vn -0.0530 -0.0563 -0.9970
vn 0.4236 0.9054 -0.0279
vn -0.0036 -0.0272 -0.9996
vn 0.0020 0.9907 -0.1361
vn -0.0190 -0.0834 -0.9963
vn -0.1089 -0.0813 -0.9907
vn 0.0765 0.0713 0.9945
vn -0.0299 0.1324 0.9907
vn -0.8848 0.3110 0.3470
vn 0.1059 0.0354 0.9938
vn -0.0019 -0.0108 0.9999
vn 0.0082 -0.0070 0.9999
vn -0.7015 -0.7115 0.0407
vn 0.0561 0.0346 0.9978
vn 0.1561 -0.0101 0.9877
vn -0.0806 0.0512 0.9954
vn -0.7069 -0.7070 0.0191
vn -0.0095 -0.0474 0.9988
vn 0.6500 -0.7082 0.2756
vn -0.0184 -0.0022 0.9998
vn -0.8344 -0.5505 0.0278
vn 0.1154 -0.9875 0.1076
vn 0.0780 0.0445 0.9960
vn 0.0149 0.1022 0.9946
vn -0.9838 0.1072 0.1435
vn -0.0055 -0.0096 0.9999
vn -0.5290 -0.8463 -0.0618
vn 0.0015 -0.0100 0.9999
vn -0.9262 -0.3565 0.1223
vn 0.1855 -0.0374 0.9819
vn -0.0015 -0.0140 0.9999
vn 0.5925 -0.4198 0.6875
vn -0.0119 -0.0059 0.9999
vn 0.0059 0.0131 0.9999
vn -0.8827 0.4177 0.2152
vn -0.7389 -0.6726 0.0397
vn 0.3665 -0.9301 0.0228
vn 0.0421 -0.9972 0.0619
vn 0.1430 0.0300 0.9893
vn -0.0226 0.1209 0.9924
vn -0.9104 0.2563 0.3249
vn -0.0024 -0.0106 0.9999
vn 0.0154 -0.0162 0.9997
vn 0.0112 -0.0014 0.9999
vn 0.0749 -0.0311 0.9967
vn 0.0856 0.0461 0.9953
vn 0.1031 0.0301 0.9942
vn -0.0073 -0.0144 0.9999
vn 0.5941 -0.5524 0.5848
vn -0.0206 -0.0067 0.9998
vn 0.0117 0.0141 0.9998
vn -0.0202 -0.0091 0.9998
vn -0.8206 -0.5713 0.0140
vn 0.1044 -0.2044 0.9733
vn -0.3242 -0.9449 0.0460
vn -0.4534 -0.8822 0.1275
vn 0.5988 -0.7751 0.2018
vn 0.0822 0.0526 0.9952
vn 0.0037 0.1111 0.9938
vn -0.5319 0.3458 0.7729
vn -0.1820 -0.9820 0.0514
vn 0.0002 -0.0127 0.9999
vn -0.0013 -0.0151 0.9999
vn 0.0099 -0.0071 0.9999
vn -0.6746 -0.7381 0.0129
vn 0.1793 -0.0267 0.9834
vn -0.0716 0.0470 0.9963
vn 0.0438 0.0503 0.9978
vn -0.0259 -0.0432 0.9987
vn 0.0011 -0.0126 0.9999
vn 0.0089 0.0130 0.9999
vn -0.8650 0.4289 0.2605
vn -0.7996 -0.5896 0.1138
vn 0.4023 -0.9003 0.1661
vn -0.0115 -0.0018 0.9999
vn 0.1487 -0.9812 0.1227
vn 0.4005 -0.8948 0.1971
vn 0.1245 0.0799 0.9890
vn -0.8932 -0.3990 0.2075
vn -0.2864 0.2447 0.9263
vn -0.0486 0.1108 0.9926
vn 0.0121 0.0091 0.9999
vn -0.9774 -0.1373 0.1605
vn 0.2551 -0.0846 0.9632
vn 0.0153 -0.0045 0.9999
vn 0.0141 -0.0064 0.9999
vn 0.0542 0.0587 0.9968
vn -0.7472 -0.6318 0.2060
vn -0.0149 0.0021 0.9999
vn -0.6872 -0.7253 0.0402
vn -0.7085 -0.6956 0.1189
vn 0.0415 0.0867 0.9954
vn -0.0252 0.1266 0.9916
vn -0.9647 0.1606 0.2088
vn 0.0739 0.0696 0.9948
vn 0.0179 0.0010 0.9998
vn -0.4959 -0.8648 -0.0786
vn 0.1350 0.0158 0.9907
vn -0.0025 -0.0122 0.9999
vn -0.9746 -0.0458 0.2193
vn 0.5404 -0.8171 0.2006
vn -0.6043 0.3441 0.7186
vn -0.0046 -0.0110 0.9999
vn -0.9773 -0.1099 0.1812
vn -0.7791 -0.6229 0.0703
vn 0.0201 0.0032 0.9998
vn 0.5721 -0.7987 0.1863
vn -0.1579 0.3064 0.9387
vn -0.0144 -0.0049 0.9999
vn 0.0161 0.0143 0.9998
vn -0.0190 -0.0027 0.9998
vn 0.0117 0.0151 0.9998
vn 0.1023 -0.9895 0.1026
vn 0.0734 0.0626 0.9953
vn -0.0423 0.1469 0.9882
vn -0.8002 0.3616 0.4784
vn 0.0023 -0.0137 0.9999
vn 0.0062 -0.0062 1.0000
vn 0.0845 0.0378 0.9957
vn -0.9777 -0.1682 0.1254
vn 0.6085 -0.3344 0.7196
vn -0.0041 0.0097 0.9999
vn -0.0141 -0.0056 0.9999
vn 0.0510 0.0536 0.9973
vn -0.0126 -0.0011 0.9999
vn -0.3499 -0.9347 0.0627
vn 0.2522 -0.9653 0.0674
vn 0.1516 -0.0614 0.9865
vn -0.8336 0.4521 0.3174
vn -0.0274 0.0751 0.9968
vn -0.9577 0.2837 0.0477
vn -0.5531 0.1575 0.8181
vn 0.0603 0.4492 0.8914
vn 0.3099 -0.1401 0.9404
vn -0.0289 0.3136 -0.9491
vn -0.0224 -0.0104 0.9997
vn -0.0187 -0.0047 0.9998
vn 0.0233 0.0821 0.9964
vn 0.0313 0.0752 0.9967
vn -0.7490 -0.6568 0.0877
vn 0.0519 -0.9980 0.0365
vn 0.0976 0.0484 0.9940
vn 0.0264 0.0958 0.9950
vn 0.3279 -0.9416 0.0764
vn -0.1143 0.1590 0.9806
vn 0.0045 -0.0195 0.9998
vn -0.9325 0.2058 0.2969
vn -0.6792 -0.7339 0.0034
vn 0.1592 -0.0030 0.9872
vn -0.2144 -0.0318 0.9762
vn 0.3448 0.0451 0.9376
vn -0.9519 -0.0752 0.2971
vn 0.4684 -0.2740 0.8400
vn -0.0112 -0.0024 0.9999
vn 0.0146 0.0028 0.9999
vn 0.0271 0.0686 0.9973
vn -0.2348 -0.9695 0.0697
vn 0.2779 -0.9564 0.0901
vn 0.0474 0.0816 0.9955
vn -0.0417 0.1398 0.9893
vn -0.9760 0.1088 0.1884
vn 0.0055 -0.0126 0.9999
vn -0.5342 -0.8432 -0.0600
vn 0.1121 0.0244 0.9934
vn 0.0063 -0.0170 0.9998
vn -0.0080 -0.0181 0.9998
vn 0.6147 -0.5507 0.5647
vn -0.0176 -0.0098 0.9998
vn -0.8088 0.3357 0.4829
vn -0.0006 -0.0145 0.9999
vn 0.0058 -0.0116 0.9999
vn -0.5776 -0.8150 0.0467
vn 0.0185 0.0832 0.9964
vn 0.5268 -0.8478 0.0607
vn -0.0719 0.1493 0.9862
vn -0.0203 -0.0027 0.9998
vn 0.0728 -0.9957 0.0574
vn 0.1454 0.0288 0.9890
vn -0.0381 0.1399 0.9894
vn -0.8723 0.3006 0.3857
vn 0.0031 -0.0123 0.9999
vn 0.0117 -0.0029 0.9999
vn 0.0443 0.0230 0.9988
vn 0.0913 0.0577 0.9942
vn 0.0938 -0.0653 0.9934
vn -0.5343 -0.8450 0.0206
vn 0.0713 0.0445 0.9965
vn -0.9071 -0.3962 0.1420
vn -0.0036 -0.0135 0.9999
vn 0.3351 -0.1714 0.9265
vn 0.0337 0.0717 0.9969
vn 0.0149 -0.0017 0.9999
vn -0.0006 -0.0074 1.0000
vn -0.8090 -0.5873 0.0255
vn 0.3843 -0.4839 0.7862
vn 0.6127 -0.7828 0.1082
vn -0.2477 -0.9663 0.0694
vn 0.0096 -0.9970 0.0765
vn 0.0365 0.0884 0.9954
vn -0.0049 0.1200 0.9928
vn -0.1311 0.1784 0.9752
vn 0.1010 0.0493 0.9937
vn 0.0021 -0.0212 0.9998
vn -0.0001 -0.0131 0.9999
vn 0.0041 -0.0230 0.9997
vn -0.8832 0.3103 0.3517
vn 0.1678 -0.0368 0.9851
vn 0.0184 -0.0165 0.9997
vn -0.1635 0.0030 0.9865
vn -0.6406 -0.7677 0.0157
vn 0.3344 0.0423 0.9415
vn -0.9733 -0.0393 0.2261
vn 0.0008 -0.0111 0.9999
vn 0.4562 -0.8715 0.1799
vn -0.0110 -0.0007 0.9999
vn -0.8279 -0.5601 0.0307
vn 0.0301 -0.9943 0.1025
vn 0.3983 -0.8975 0.1896
vn 0.1137 0.0817 0.9902
vn -0.9252 0.3745 0.0619
vn -0.7208 -0.6931 -0.0045
vn 0.4004 -0.8949 0.1973
vn 0.1171 0.0807 0.9898
vn -0.8842 -0.4138 0.2169
vn -0.1473 0.1998 0.9687
vn -0.5785 0.3242 0.7485
vn -0.0504 0.1129 0.9923
vn 0.0075 0.0100 0.9999
vn -0.9820 0.0314 0.1864
vn 0.0124 -0.0022 0.9999
vn 0.0195 0.0094 0.9998
vn -0.7520 -0.6583 0.0339
vn 0.0141 0.0036 0.9999
vn -0.7204 -0.6559 0.2254
vn -0.0167 0.0878 0.9960
vn -0.1807 -0.9833 0.0214
vn -0.7088 -0.6953 0.1188
vn -0.0147 0.1159 0.9932
vn -0.2455 0.9557 -0.1626
vn -0.4139 0.8755 -0.2495
vn -0.0482 0.1294 0.9904
vn -0.3166 0.2517 0.9146
vn -0.5067 0.3536 -0.7863
vn -0.5371 0.7104 -0.4548
vn -0.3261 0.1544 -0.9326
vn -0.8701 0.2675 0.4140
vn -0.9833 0.1689 0.0680
vn -0.9533 0.2896 0.0861
vn -0.2309 0.0612 -0.9711
vn -0.9906 -0.1346 0.0240
vn -0.8643 -0.4992 0.0620
vn -0.0783 -0.0431 -0.9960
vn -0.1159 -0.0272 -0.9929
vn -0.6164 -0.7745 0.1422
vn -0.4225 -0.8972 0.1287
vn 0.0028 -0.1068 -0.9943
vn 0.0716 -0.9798 0.1865
vn 0.0205 -0.1257 -0.9919
vn -0.2726 0.9430 -0.1908
vn -0.2046 0.2373 -0.9496
vn 0.0508 0.0679 0.9964
vn 0.0252 0.0852 0.9960
vn 0.9355 0.2990 -0.1883
vn 0.0733 0.0494 0.9961
vn 0.0886 0.0394 0.9953
vn 0.0984 0.0118 0.9951
vn 0.1732 -0.0162 0.9848
vn 0.9237 -0.2228 -0.3118
vn 0.9857 -0.0881 -0.1439
vn 0.6085 -0.3561 -0.7092
vn 0.2258 -0.0769 0.9711
vn 0.3955 -0.2515 0.8833
vn 0.6218 -0.4989 0.6038
vn 0.2157 -0.2373 -0.9472
vn 0.0791 -0.1389 -0.9871
vn 0.0393 -0.1040 -0.9938
vn 0.4773 -0.8217 0.3113
vn 0.0076 -0.0816 -0.9966
vn 0.1942 -0.9605 0.1995
vn -0.0285 -0.0762 -0.9967
vn -0.4102 -0.9064 0.1008
vn -0.2874 -0.9452 0.1549
vn -0.0122 -0.0906 -0.9958
vn 0.0370 -0.1361 -0.9900
vn 0.1365 -0.2005 -0.9701
vn 0.5640 -0.7226 0.3997
vn 0.6211 -0.6025 0.5013
vn 0.5712 -0.4427 -0.6912
vn 0.5159 -0.3829 0.7663
vn 0.6869 -0.3839 -0.6171
vn 0.4137 -0.2233 0.8826
vn 0.8070 -0.3341 -0.4870
vn 0.2794 -0.1087 0.9540
vn 0.2020 -0.0435 0.9784
vn 0.9662 -0.0054 -0.2579
vn 0.9682 -0.2315 -0.0945
vn 0.1327 0.0093 0.9911
vn 0.9250 0.3546 -0.1361
vn 0.1182 0.0264 0.9926
vn 0.0499 0.0755 0.9959
vn 0.4722 0.8734 -0.1195
vn 0.2730 0.9503 -0.1493
vn 0.0616 0.9868 -0.1500
vn -0.3484 0.9153 -0.2019
vn -0.0528 0.1589 0.9859
vn -0.2347 0.2320 0.9440
vn -0.4924 0.3564 0.7941
vn -0.5942 0.5707 -0.5667
vn -0.4977 0.8395 -0.2181
vn -0.6811 0.3683 0.6328
vn -0.3554 0.1834 -0.9165
vn -0.9049 0.2249 0.3614
vn -0.9579 0.0965 0.2706
vn -0.2924 0.1003 -0.9510
vn -0.1799 0.0286 -0.9833
vn -0.0011 0.0486 -0.9988
vn -0.2282 0.0892 -0.9695
vn -0.5725 0.3219 0.7541
vn -0.8365 0.4251 0.3458
vn -0.3822 0.2120 -0.8994
vn -0.1548 0.1887 0.9698
vn -0.1181 0.2141 0.9696
vn -0.5631 0.6515 -0.5083
vn -0.6498 0.7064 -0.2806
vn -0.0294 0.0975 0.9948
vn -0.3824 0.9093 -0.1642
vn -0.1110 0.9772 -0.1809
vn 0.0082 0.1053 0.9944
vn 0.0088 0.0754 0.9971
vn 0.2823 0.9533 -0.1072
vn -0.8637 0.4329 0.2581
vn 0.0349 0.0644 0.9973
vn -0.0241 0.9969 -0.0744
vn 0.2063 -0.0578 0.9768
vn 0.0364 -0.0418 0.9985
vn 0.7797 -0.3447 -0.5228
vn 0.2914 -0.1362 0.9468
vn 0.7011 -0.1900 0.6873
vn 0.7923 -0.5518 0.2602
vn 0.0953 -0.1443 -0.9849
vn 0.4144 -0.2446 -0.8766
vn 0.0232 -0.0948 -0.9952
vn 0.1782 -0.9834 0.0358
vn -0.2219 -0.9621 0.1586
vn -0.0152 -0.0836 -0.9964
vn -0.0255 -0.0551 -0.9982
vn -0.6561 -0.7382 0.1572
vn -0.0625 -0.0598 -0.9963
vn -0.8686 -0.4726 0.1493
vn -0.0805 -0.0501 -0.9955
vn 0.0255 0.0425 0.9988
vn -0.4740 -0.8794 0.0445
vn -0.0994 -0.9876 0.1218
vn 0.0004 -0.1021 -0.9948
vn -0.0275 -0.0863 -0.9959
vn 0.1390 -0.9722 0.1884
vn 0.1536 -0.1917 -0.9694
vn 0.3273 -0.9203 0.2145
vn 0.6418 -0.3584 -0.6780
vn 0.5012 -0.3917 -0.7716
vn -0.6578 -0.7378 0.1516
vn -0.2084 -0.1196 -0.9707
vn 0.0414 -0.1284 -0.9909
vn -0.0075 -0.1034 -0.9946
vn 0.3632 -0.8958 0.2561
vn 0.5602 -0.7464 0.3593
vn 0.1206 -0.1940 -0.9736
vn 0.7468 -0.5727 0.3380
vn 0.5364 -0.3444 -0.7705
vn 0.3438 -0.3371 -0.8765
vn 0.4278 -0.2749 0.8611
vn 0.9181 -0.2038 -0.3400
vn 0.1927 -0.0253 0.9809
vn 0.9216 0.3783 -0.0872
vn 0.9839 0.1401 -0.1113
vn 0.1213 0.0188 0.9924
vn 0.6269 0.7670 -0.1369
vn 0.4350 0.8917 -0.1251
vn 0.0301 0.0720 0.9969
vn 0.0526 0.0772 0.9956
vn 0.9148 0.2750 -0.2958
vn 0.9120 -0.2253 -0.3426
vn 0.1593 -0.0084 0.9872
vn 0.0142 -0.0052 0.9999
vn 0.4870 -0.1844 0.8537
vn 0.0190 0.0100 0.9998
vn 0.6888 -0.2177 0.6915
vn 0.4822 -0.3281 -0.8123
vn 0.1673 -0.1869 -0.9680
vn 0.0554 -0.1197 -0.9913
vn 0.2991 -0.9352 0.1897
vn 0.4775 -0.8489 0.2267
vn 0.0166 -0.0858 -0.9962
vn 0.0030 -0.0204 -0.9998
vn -0.0071 -0.0783 -0.9969
vn -0.2379 -0.9707 0.0335
vn -0.0272 -0.0576 -0.9980
vn -0.0478 -0.0504 -0.9976
vn -0.5658 -0.8215 0.0705
vn 0.0486 -0.9930 -0.1075
vn 0.8377 -0.5320 -0.1236
vn 0.0545 0.0657 0.9964
vn 0.0341 0.0800 0.9962
vn -0.0119 0.0963 0.9953
vn 0.2697 0.9628 -0.0131
vn 0.0104 0.0954 0.9954
vn 0.5474 0.8251 -0.1399
vn -0.2479 0.9481 -0.1990
vn -0.1007 0.1700 0.9803
vn -0.5990 0.7574 -0.2598
vn -0.1910 0.2399 0.9518
vn -0.5193 0.3074 0.7974
vn -0.5767 0.6394 -0.5086
vn -0.6482 0.5379 0.5390
vn -0.4289 0.2131 -0.8779
vn -0.9164 0.2231 0.3322
vn -0.9769 0.0421 0.2097
vn -0.1814 0.0353 -0.9828
vn 0.0405 -0.4432 -0.8955
vn -0.0424 0.0032 -0.9991
vn -0.0221 0.0105 0.9997
vn -0.0150 -0.0123 0.9998
vn -0.0180 0.0165 -0.9997
vn -0.0087 -0.0140 -0.9999
vn -0.7322 0.1761 0.6580
vn -0.0551 -0.1045 0.9930
vn 0.1338 -0.1419 0.9808
vn 0.0553 -0.1189 0.9914
vn 0.7570 0.5613 0.3345
vn -0.0282 -0.0118 -0.9995
vn -0.0278 -0.0058 0.9996
vn -0.4283 -0.8643 -0.2639
vn 0.2767 -0.2802 -0.9192
vn 0.4181 -0.8598 0.2933
vn 0.5035 -0.8235 0.2614
vn 0.3870 -0.8807 -0.2732
vn -0.0599 -0.1070 0.9925
vn 0.2857 -0.2272 0.9310
vn 0.1663 -0.0807 -0.9828
vn 0.0935 -0.0819 0.9922
vn 0.0841 -0.0968 -0.9918
vn 0.7411 -0.6202 0.2572
vn 0.8946 0.4462 -0.0252
vn 0.5611 0.8264 -0.0480
vn -0.8684 0.4621 0.1797
vn 0.0411 0.0579 0.9975
vn -0.0292 -0.0735 -0.9969
vn -0.0406 -0.0496 -0.9979
vn -0.0872 -0.0269 -0.9958
vn -0.9122 0.2453 0.3282
vn -0.1259 -0.0009 -0.9920
vn 0.0026 -0.0007 -1.0000
vn -0.0016 -0.0116 0.9999
vn -0.3824 0.3297 0.8632
vn -0.2566 0.1267 -0.9582
vn -0.0666 0.1583 0.9851
vn -0.0152 0.0951 0.9953
vn -0.5182 0.8436 -0.1405
vn -0.5502 0.8268 -0.1168
vn -0.0040 0.9967 -0.0811
vn 0.5000 0.8579 -0.1186
vn 0.0530 -0.1535 -0.9867
vn 0.4283 -0.8655 0.2597
vn 0.0721 -0.1605 -0.9844
vn 0.2948 -0.9289 0.2241
vn -0.0021 0.0124 -0.9999
vn -0.0123 -0.0142 -0.9998
vn 0.0095 -0.1121 -0.9936
vn 0.1091 -0.9757 0.1901
vn -0.2590 -0.9552 0.1432
vn -0.0101 -0.0745 -0.9972
vn -0.0298 -0.0617 -0.9977
vn -0.7245 -0.4044 -0.5582
vn -0.0819 -0.0617 -0.9947
vn -0.6058 0.4109 0.6813
vn -0.0689 0.0051 -0.9976
vn 0.0136 0.0009 -0.9999
vn -0.2606 0.1748 0.9495
vn -0.5826 0.4876 -0.6503
vn -0.1240 0.1491 0.9810
vn -0.4777 0.8729 -0.0993
vn -0.1476 0.1708 0.9742
vn -0.4701 0.7929 -0.3878
vn -0.4710 0.3050 0.8277
vn -0.2295 0.2085 0.9507
vn -0.4602 0.8256 -0.3264
vn -0.5056 0.4780 -0.7182
vn -0.9085 0.2173 0.3570
vn -0.1742 0.0191 -0.9845
vn -0.3325 0.1150 -0.9361
vn -0.9778 -0.0959 0.1864
vn -0.8312 -0.5389 0.1370
vn -0.9326 -0.3243 0.1581
vn -0.0582 -0.0692 -0.9959
vn -0.0959 -0.0405 -0.9946
vn -0.4240 -0.8938 0.1460
vn -0.1426 -0.9797 0.1408
vn 0.0090 -0.1094 -0.9940
vn 0.0287 -0.1173 -0.9927
vn 0.0670 -0.1471 -0.9869
vn 0.2644 -0.9385 0.2219
vn 0.4776 0.8689 -0.1302
vn -0.5902 0.7586 -0.2761
vn -0.0091 0.1400 0.9901
vn -0.0511 0.1341 0.9897
vn -0.3395 0.9194 -0.1986
vn -0.0051 0.0981 0.9952
vn -0.0040 0.9862 -0.1657
vn 0.0034 -0.0043 -1.0000
vn 0.0474 0.0483 0.9977
vn 0.8855 0.4357 -0.1616
vn 0.4356 0.9000 -0.0190
vn -0.0060 -0.0006 -1.0000
vn 0.9380 -0.1432 -0.3157
vn 0.3538 -0.2804 -0.8923
vn 0.1457 -0.1717 -0.9743
vn 0.1419 -0.0206 0.9897
vn 0.6416 -0.6675 0.3778
vn 0.4784 -0.5737 0.6648
vn 0.5635 -0.7892 0.2441
vn 0.0854 -0.1643 -0.9827
vn 0.1925 -0.2051 -0.9596
vn 0.1336 -0.1609 -0.9779
vn 0.6077 -0.6426 0.4666
vn 0.4664 -0.8323 0.2994
vn 0.7446 -0.3496 -0.5687
vn 0.3038 -0.1291 0.9439
vn 0.9706 -0.1232 -0.2069
vn 0.9705 0.0263 -0.2397
vn 0.1747 -0.0077 0.9846
vn 0.9584 0.2269 -0.1731
vn 0.0687 0.0594 0.9959
vn 0.5086 0.8520 -0.1246
vn 0.7301 0.6749 -0.1068
vn 0.0214 0.0837 0.9963
vn 0.1855 0.9697 -0.1587
vn -0.0082 0.1025 0.9947
vn -0.4390 0.8929 -0.0997
vn -0.2378 0.9543 -0.1810
vn -0.0683 0.1439 0.9872
vn -0.0504 -0.1645 -0.9851
vn -0.0136 -0.0872 -0.9961
vn -0.0303 -0.0883 -0.9956
vn -0.1068 -0.9810 0.1621
vn 0.0045 -0.0983 -0.9951
vn 0.0174 -0.9938 0.1094
vn 0.0983 -0.1782 -0.9791
vn 0.5812 -0.7387 0.3413
vn 0.5147 -0.8568 0.0332
vn 0.2908 -0.2997 -0.9086
vn 0.5881 -0.5680 0.5759
vn 0.4626 -0.3400 -0.8188
vn 0.5602 -0.4127 0.7182
vn 0.6430 -0.3608 -0.6756
vn 0.8968 -0.2357 -0.3745
vn 0.2203 -0.0421 0.9745
vn 0.3320 -0.1317 0.9340
vn 0.9750 0.1420 -0.1709
vn 0.1120 0.0301 0.9933
vn 0.9607 0.2756 -0.0333
vn 0.7749 0.6252 -0.0931
vn 0.0694 0.0677 0.9953
vn -0.0846 0.9861 -0.1432
vn 0.0083 0.0974 0.9952
vn -0.0298 0.1239 0.9918
vn -0.3481 0.9206 -0.1772
vn -0.3843 0.8987 -0.2113
vn -0.2340 0.2301 0.9446
vn -0.4811 0.3446 0.8061
vn -0.4784 0.8274 -0.2941
vn -0.7194 0.3757 0.5841
vn -0.3534 0.1826 -0.9175
vn -0.6993 0.4646 -0.5432
vn -0.9385 0.3278 0.1086
vn -0.2450 0.0838 -0.9659
vn -0.9542 0.0851 0.2867
vn -0.2368 0.0948 -0.9669
vn -0.0398 0.0313 -0.9987
vn 0.0096 -0.0095 0.9999
vn -0.0249 0.0088 0.9997
vn -0.4301 0.3182 0.8449
vn -0.8620 0.4635 0.2053
vn -0.1801 0.1874 0.9656
vn -0.7400 0.5312 -0.4125
vn -0.4802 0.4841 -0.7315
vn -0.0096 0.0112 0.9999
vn -0.0747 0.1250 0.9893
vn -0.0734 0.2775 0.9579
vn -0.0099 0.0062 0.9999
vn -0.2476 0.9536 -0.1713
vn -0.5296 0.8422 -0.1004
vn 0.0275 0.9870 -0.1582
vn -0.0028 0.0896 0.9960
vn 0.0120 0.0682 0.9976
vn 0.2863 0.9516 -0.1114
vn -0.1901 0.9679 -0.1641
vn -0.8175 -0.5618 0.1270
vn -0.8458 0.4998 0.1868
vn -0.4359 -0.8998 0.0177
vn 0.5866 -0.3354 -0.7371
vn 0.0483 -0.0145 0.9987
vn 0.6622 -0.2980 0.6875
vn 0.2854 -0.1028 0.9529
vn 0.2026 -0.2042 -0.9577
vn 0.1981 -0.2951 -0.9347
vn 0.6400 -0.7663 0.0562
vn 0.0081 -0.0967 -0.9953
vn 0.0279 -0.1189 -0.9925
vn -0.0141 -0.0805 -0.9967
vn -0.2034 -0.9669 0.1539
vn -0.0288 -0.0525 -0.9982
vn -0.8622 -0.5050 0.0404
vn -0.6685 -0.7431 0.0297
vn -0.0763 -0.0499 -0.9958
vn 0.0153 0.0177 0.9997
vn -0.6803 -0.7194 0.1403
vn -0.7851 -0.6019 0.1459
vn -0.0252 -0.0332 -0.9991
vn -0.1081 -0.0599 -0.9923
vn -0.1429 0.0001 -0.9897
vn -0.7702 0.1427 0.6217
vn -0.9306 0.3257 0.1671
vn -0.1979 0.0591 -0.9784
vn -0.1696 0.1620 0.9721
vn -0.3721 0.2916 -0.8812
vn -0.4927 0.8174 -0.2984
vn -0.0011 -0.0010 -1.0000
vn -0.3540 0.9254 0.1349
vn -0.0231 0.1023 0.9945
vn 0.0522 0.9924 -0.1113
vn -0.1818 0.9718 -0.1502
vn 0.4158 0.9082 -0.0482
vn -0.8495 0.4939 0.1856
vn -0.0275 -0.0778 -0.9966
vn -0.3220 -0.9348 0.1501
vn -0.0896 -0.9870 0.1334
vn 0.0061 -0.0995 -0.9950
vn -0.0133 -0.0961 -0.9953
vn 0.2451 -0.9689 0.0334
vn 0.4651 -0.8833 0.0593
vn 0.3385 -0.2606 -0.9042
vn 0.5941 -0.6716 0.4428
vn 0.7460 -0.5597 0.3609
vn 0.5813 -0.3657 -0.7269
vn 0.4255 -0.2677 0.8645
vn 0.7895 -0.3485 -0.5052
vn 0.1829 -0.0297 0.9827
vn 0.1128 -0.0319 0.9931
vn 0.9992 -0.0365 -0.0163
vn 0.0258 -0.0666 -0.9974
vn 0.9308 -0.2677 -0.2487
vn 0.8694 0.4747 -0.1373
vn 0.2818 -0.9515 0.1233
vn 0.1442 0.0373 0.9889
vn -0.0967 -0.0380 -0.9946
vn -0.1338 -0.0061 -0.9910
vn -0.0787 -0.0566 -0.9953
vn -0.7283 -0.6752 0.1172
vn -0.9200 -0.3909 0.0276
vn -0.0319 -0.0860 -0.9958
vn -0.5257 -0.8506 -0.0034
vn 0.1292 -0.9892 0.0687
vn -0.1663 -0.9861 -0.0051
vn -0.0066 -0.1104 -0.9939
vn 0.4405 -0.8828 0.1629
vn 0.1727 -0.2068 -0.9630
vn 0.0901 -0.1891 -0.9778
vn 0.3175 -0.2727 -0.9082
vn 0.7100 -0.5763 0.4046
vn 0.6066 -0.5261 0.5960
vn 0.6815 -0.4688 -0.5619
vn 0.8835 -0.4181 -0.2112
vn 0.2121 -0.0527 0.9758
vn 0.3246 -0.1911 0.9263
vn 0.9107 -0.1954 -0.3639
vn 0.9711 0.0050 -0.2387
vn 0.1288 0.0147 0.9916
vn 0.1394 -0.0080 0.9902
vn 0.0917 0.0388 0.9950
vn 0.8853 0.4641 -0.0273
vn 0.7675 0.6397 -0.0411
vn 0.3258 0.9454 0.0024
vn 0.0173 0.0907 0.9957
vn 0.0460 0.0850 0.9953
vn 0.0818 0.9860 -0.1453
vn -0.0132 0.1120 0.9936
vn -0.4255 0.8813 -0.2055
vn -0.0919 0.1565 0.9834
vn -0.5132 0.8021 -0.3054
vn -0.1480 0.2139 0.9656
vn -0.5828 0.6860 -0.4356
vn -0.4590 0.3259 0.8265
vn -0.3101 0.2428 0.9192
vn -0.5013 0.3449 -0.7936
vn -0.8337 0.3086 0.4579
vn -0.9347 0.2028 0.2918
vn -0.2435 0.0797 -0.9666
vn -0.9998 -0.0081 0.0182
vn -0.2424 0.0642 -0.9680
vn -0.1423 0.0201 -0.9896
vn -0.7910 0.2809 0.5435
vn -0.9005 0.3657 0.2352
vn -0.2874 0.2180 0.9327
vn -0.5406 0.6607 -0.5209
vn -0.4998 0.3101 -0.8087
vn -0.0911 0.1520 0.9842
vn -0.7180 0.6239 -0.3085
vn -0.0289 0.1089 0.9936
vn 0.0001 0.1030 0.9947
vn -0.2011 0.9690 -0.1436
vn -0.3136 0.9314 -0.1850
vn 0.0260 0.0828 0.9962
vn 0.2757 0.9514 -0.1375
vn 0.7382 0.6567 -0.1544
vn 0.9114 0.3852 -0.1450
vn 0.0897 0.0256 0.9956
vn 0.9672 0.1553 -0.2011
vn 0.1339 0.0048 0.9910
vn 0.9522 -0.1616 -0.2594
vn 0.7275 -0.3352 -0.5987
vn 0.3088 -0.1639 0.9369
vn 0.2097 -0.0543 0.9763
vn 0.3254 -0.2828 -0.9023
vn 0.6610 -0.3277 0.6750
vn 0.1204 -0.1487 -0.9815
vn 0.6027 -0.7516 0.2681
vn 0.5702 -0.7213 0.3932
vn 0.2767 -0.9470 0.1629
vn 0.0206 -0.0970 -0.9951
vn -0.0454 -0.9981 0.0410
vn -0.0118 -0.0708 -0.9974
vn -0.4626 -0.8858 0.0377
vn -0.8723 -0.4870 0.0442
vn -0.0747 -0.0479 -0.9961
vn -0.0719 -0.0303 -0.9970
vn -0.9685 -0.0246 0.2477
vn -0.1223 -0.0016 -0.9925
vn 0.6030 -0.7660 0.2227
vn 0.4620 -0.8227 0.3313
vn 0.0820 -0.1543 -0.9846
vn 0.0548 -0.1458 -0.9878
vn 0.3988 -0.9089 0.1218
vn -0.3104 -0.9396 0.1441
vn 0.0177 -0.9994 0.0299
vn -0.0182 -0.0657 -0.9977
vn 0.0035 -0.1048 -0.9945
vn -0.0413 -0.0420 -0.9983
vn -0.6813 -0.7155 0.1545
vn -0.5771 0.3642 0.7310
vn -0.1978 0.0497 -0.9790
vn -0.1997 0.2048 0.9582
vn -0.5917 0.6528 -0.4730
vn -0.4567 0.3947 -0.7972
vn -0.1082 0.1434 0.9837
vn -0.2194 0.2235 0.9497
vn -0.3738 0.9083 -0.1876
vn -0.1391 0.1692 0.9757
vn -0.4680 0.8759 -0.1174
vn -0.6066 0.5929 -0.5296
vn -0.7999 0.3278 0.5026
vn -0.9911 0.0398 0.1271
vn -0.2624 0.0908 -0.9607
vn -0.5712 0.4789 -0.6666
vn -0.0764 -0.0545 -0.9956
vn -0.8969 -0.4151 0.1526
vn -0.6069 -0.7808 0.1486
vn -0.2843 -0.9493 0.1340
vn -0.0000 -0.1025 -0.9947
vn 0.0257 -0.9835 0.1789
vn 0.0348 -0.1249 -0.9916
vn 0.3293 -0.9206 0.2100
vn 0.0810 -0.1513 -0.9852
vn 0.5151 -0.8569 0.0189
vn 0.1165 -0.1967 -0.9735
vn -0.5498 0.4573 -0.6990
vn -0.7503 0.4742 -0.4606
vn -0.1546 0.1848 0.9705
vn -0.2667 0.2703 0.9251
vn -0.6660 0.7142 -0.2153
vn -0.0870 0.1590 0.9834
vn -0.2172 0.9713 -0.0974
vn -0.0270 0.1116 0.9934
vn -0.0052 0.1333 0.9911
vn 0.0282 0.0802 0.9964
vn 0.0317 0.9986 -0.0428
vn 0.2836 0.9574 -0.0547
vn 0.5521 0.8337 -0.0133
vn 0.0608 0.0437 0.9972
vn -0.0063 -0.0039 -1.0000
vn 0.8905 0.4258 -0.1604
vn -0.0063 -0.0036 -1.0000
vn 0.1772 -0.0395 0.9834
vn 0.1079 0.0181 0.9940
vn 0.9875 -0.1264 -0.0942
vn 0.7812 -0.5091 -0.3614
vn 0.3874 -0.2231 0.8945
vn 0.2885 -0.2301 -0.9294
vn 0.1460 -0.1778 -0.9732
vn 0.6463 -0.6991 0.3058
vn 0.5466 -0.7430 0.3862
vn 0.1971 -0.2102 -0.9576
vn 0.1103 -0.1729 -0.9787
vn 0.1330 -0.1656 -0.9772
vn 0.4257 -0.9009 0.0849
vn 0.5963 -0.6251 0.5037
vn 0.7717 -0.3477 -0.5325
vn 0.4231 -0.4238 -0.8009
vn 0.5350 -0.5791 0.6152
vn 0.3280 -0.1094 0.9383
vn 0.1634 -0.0167 0.9864
vn 0.9994 0.0336 -0.0048
vn 0.9446 0.2939 -0.1461
vn 0.0956 0.0410 0.9946
vn 0.6342 0.7730 -0.0127
vn 0.3880 0.9216 0.0026
vn 0.0106 0.0904 0.9958
vn -0.0086 0.0971 0.9952
vn -0.0775 0.9826 -0.1689
vn -0.3361 0.9049 -0.2610
vn -0.0849 0.1479 0.9854
vn -0.7098 0.6781 -0.1910
vn 0.0503 -0.2368 -0.9703
vn -0.0838 0.9856 -0.1472
vn -0.2473 0.9546 -0.1659
vn -0.0090 0.1065 0.9943
vn -0.0462 0.1457 0.9882
vn -0.1360 0.1784 0.9745
vn -0.4178 0.8684 -0.2670
vn -0.6039 0.5756 -0.5514
vn -0.7400 0.3669 0.5637
vn -0.4754 0.4715 0.7427
vn -0.3314 0.1584 -0.9301
vn -0.6749 0.4301 -0.5996
vn -0.9913 0.1310 0.0099
vn -0.9509 0.2836 0.1241
vn -0.2327 0.0653 -0.9704
vn -0.1491 0.0011 -0.9888
vn -0.8941 -0.4324 0.1168
vn -0.7949 -0.5949 0.1193
vn -0.1044 -0.0358 -0.9939
vn -0.0342 -0.0777 -0.9964
vn -0.0602 -0.0680 -0.9959
vn -0.4564 -0.8817 0.1198
vn 0.0146 -0.9999 -0.0016
vn -0.2029 -0.9790 0.0204
vn -0.0015 0.0852 0.9964
vn 0.0034 0.9872 -0.1596
vn 0.0162 0.0700 0.9974
vn 0.7576 0.6454 -0.0977
vn 0.4459 0.8951 0.0005
vn 0.0662 0.0546 0.9963
vn 0.8873 0.4349 -0.1534
vn 0.0769 0.0322 0.9965
vn 0.9733 0.0339 -0.2268
vn 0.1092 0.0217 0.9938
vn 0.1397 -0.0110 0.9901
vn 0.6058 -0.3564 -0.7113
vn 0.9380 -0.3133 -0.1480
vn 0.4338 -0.2727 0.8587
vn 0.2166 -0.2381 -0.9468
vn 0.5581 -0.5010 0.6615
vn 0.0741 -0.1316 -0.9885
vn 0.0378 -0.1051 -0.9937
vn 0.4680 -0.8118 0.3491
vn 0.3532 -0.9230 0.1530
vn 0.0074 -0.0848 -0.9964
vn -0.0345 -0.0764 -0.9965
vn -0.0340 -0.0866 -0.9957
vn -0.2128 -0.9682 0.1313
vn -0.4848 -0.8689 0.0999
vn -0.0847 -0.9962 0.0207
vn 0.0147 -0.1165 -0.9931
vn 0.0711 -0.1637 -0.9839
vn 0.5628 -0.7156 0.4137
vn 0.6142 -0.5913 0.5226
vn 0.2943 -0.3048 -0.9058
vn 0.4264 -0.3144 -0.8482
vn 0.7192 -0.4862 0.4964
vn 0.3967 -0.2189 0.8914
vn 0.6606 -0.3726 -0.6518
vn 0.8713 -0.2542 -0.4197
vn 0.2875 -0.0941 0.9532
vn 0.1379 0.0171 0.9903
vn 0.0905 0.0413 0.9950
vn 0.9778 0.0765 -0.1952
vn 0.5343 0.8367 -0.1200
vn 0.7820 0.6220 -0.0401
vn 0.0261 0.0766 0.9967
vn 0.0502 0.0804 0.9955
vn -0.0325 0.1235 0.9918
vn -0.3495 0.9198 -0.1784
vn -0.1056 0.1599 0.9815
vn -0.3870 0.8976 -0.2111
vn -0.2600 0.2188 0.9405
vn -0.6132 0.7871 -0.0667
vn -0.7017 0.3812 0.6019
vn -0.3428 0.1725 -0.9234
vn -0.6691 0.4489 -0.5923
vn -0.9267 0.2296 0.2975
vn -0.9385 0.3270 0.1106
vn -0.2475 0.0850 -0.9652
vn -0.9535 0.0846 0.2892
vn -0.1112 -0.0680 -0.9915
vn -0.8955 -0.0186 0.4446
vn -0.7196 0.3922 0.5731
vn -0.2296 0.0908 -0.9690
vn -0.0401 0.1142 -0.9926
vn -0.3959 0.3141 0.8629
vn -0.3870 0.2145 -0.8968
vn -0.1805 0.1713 0.9686
vn -0.4923 0.5881 -0.6417
vn -0.6556 0.7541 -0.0389
vn -0.0685 0.1449 0.9871
vn -0.0252 0.0979 0.9949
vn -0.4582 0.8836 -0.0965
vn -0.1095 0.9788 -0.1731
vn 0.1885 0.9805 -0.0550
vn 0.0152 0.0704 0.9974
vn 0.0084 0.0833 0.9965
vn 0.4477 0.8933 -0.0402
vn 0.0246 0.0692 0.9973
vn 0.2261 -0.0633 0.9721
vn 0.9317 -0.1357 -0.3369
vn 0.4691 -0.3012 0.8302
vn 0.2127 -0.2145 -0.9533
vn 0.7512 -0.4475 -0.4853
vn -0.0003 -0.0064 -1.0000
vn 0.0685 -0.1228 -0.9901
vn 0.3317 -0.9079 0.2564
vn 0.5817 -0.7787 0.2348
vn 0.0205 -0.0933 -0.9954
vn -0.0219 -0.0909 -0.9956
vn -0.0242 -0.0583 -0.9980
vn 0.0066 0.0052 -1.0000
vn -0.2142 -0.3082 -0.9269
vn -0.0685 -0.0473 -0.9965
vn -0.6788 -0.7338 0.0282
vn -0.8586 -0.4964 0.1281
vn -0.0085 -0.0002 -1.0000
vn -0.0237 -0.0887 -0.9958
vn -0.1439 -0.9780 0.1508
vn 0.0040 -0.1002 -0.9950
vn 0.2335 -0.9615 0.1450
vn 0.1527 -0.1846 -0.9709
vn 0.4345 -0.3339 -0.8365
vn 0.3272 -0.9438 0.0476
vn 0.5306 -0.4228 0.7346
vn 0.8619 -0.4574 -0.2190
vn -0.3642 0.2928 -0.8841
vn -0.8304 -0.5343 -0.1579
vn -0.0283 -0.0783 -0.9965
vn 0.0021 -0.1020 -0.9948
vn -0.0724 -0.9973 0.0144
vn 0.3650 -0.9226 0.1252
vn 0.1012 -0.1582 -0.9822
vn 0.4896 -0.8174 0.3036
vn 0.3032 -0.2699 -0.9139
vn 0.5667 -0.6180 0.5449
vn 0.5337 -0.3501 -0.7698
vn 0.7356 -0.3691 -0.5681
vn 0.3531 -0.1194 0.9279
vn 0.1844 -0.0215 0.9826
vn 0.9773 0.1261 -0.1705
vn 0.1275 0.0148 0.9917
vn 0.8391 0.5234 -0.1481
vn 0.9705 0.2375 -0.0422
vn 0.0601 0.0658 0.9960
vn 0.4530 0.8825 -0.1266
vn 0.0304 0.0719 0.9970
vn 0.0413 0.0337 0.9986
vn 0.9190 0.2652 -0.2918
vn -0.0118 0.0020 -0.9999
vn 0.1414 -0.0151 0.9898
vn 0.8839 -0.2271 -0.4089
vn 0.2521 -0.0657 0.9655
vn -0.0057 0.0021 -1.0000
vn 0.1525 -0.1675 -0.9740
vn 0.7961 -0.5033 -0.3362
vn 0.5315 -0.7620 0.3699
vn 0.6600 -0.4347 0.6127
vn 0.0457 -0.1135 -0.9925
vn 0.0200 -0.0874 -0.9960
vn -0.0148 -0.0710 -0.9974
vn -0.0411 -0.9842 0.1721
vn -0.0290 -0.0605 -0.9977
vn -0.3379 -0.9332 0.1224
vn -0.6736 -0.7358 0.0696
vn 0.2256 -0.9734 0.0405
vn -0.0661 -0.0519 -0.9965
vn 0.6134 0.7759 -0.1472
vn 0.8753 0.4832 -0.0171
vn 0.0258 0.0876 0.9958
vn 0.0548 0.0754 0.9956
vn -0.0039 0.1012 0.9949
vn 0.1557 0.9878 0.0002
vn -0.1557 0.9766 -0.1482
vn -0.0711 0.1430 0.9872
vn -0.5094 0.3106 0.8025
vn -0.5700 0.7854 -0.2414
vn -0.6465 0.6077 -0.4613
vn -0.2084 0.2130 0.9546
vn -0.5267 0.4401 -0.7273
vn -0.6217 0.5155 0.5897
vn -0.2721 0.0831 -0.9587
vn -0.9680 0.0509 0.2457
vn -0.1769 0.0240 -0.9839
vn 0.0017 0.0088 1.0000
vn -0.3179 -0.9050 0.2829
vn -0.0222 0.0096 0.9997
vn -0.0045 0.0127 -0.9999
vn 0.4936 -0.8192 -0.2922
vn -0.0622 -0.0195 -0.9979
vn -0.0171 0.0154 -0.9997
vn 0.7778 -0.2398 -0.5810
vn -0.0557 -0.1044 0.9930
vn 0.1326 -0.1435 0.9807
vn 0.0544 -0.1198 0.9913
vn 0.8411 0.3179 0.4375
vn -0.2559 0.0936 0.9621
vn 0.2599 -0.2384 -0.9357
vn 0.6960 -0.6524 0.3000
vn -0.0592 -0.1055 0.9927
vn 0.2863 -0.2239 0.9316
vn 0.1650 -0.0838 -0.9827
vn 0.3191 -0.0001 -0.9477
vn -0.0410 -0.2558 0.9659
vn 0.0759 -0.1001 -0.9921
vn -0.0146 0.0187 -0.9997
vn 0.5825 -0.3275 0.7440
vn -0.0098 -0.0363 0.9993
vn -0.1388 -0.8592 0.4925
vn 0.2258 -0.6341 0.7395
vn -0.0132 -0.0019 0.9999
vn -0.0028 -0.0099 -0.9999
vn 0.7390 -0.0361 -0.6727
vn -0.1162 0.0369 0.9925
vn -0.0036 0.0648 0.9979
vn 0.2711 0.1473 0.9512
vn 0.2421 0.9591 -0.1469
vn 0.2270 -0.1467 -0.9628
vn 0.1659 0.0443 -0.9852
vn 0.1704 -0.1469 -0.9744
vn -0.1896 0.0895 -0.9778
vn -0.8392 0.4819 0.2519
vn -0.1755 0.9712 -0.1613
vn -0.5627 -0.8131 0.1493
vn 0.0575 -0.0182 0.9982
vn -0.0422 -0.0576 -0.9974
vn -0.0013 -0.0415 -0.9991
vn -0.0573 -0.0308 -0.9979
vn -0.9521 -0.2487 0.1777
vn -0.9143 0.1323 0.3827
vn -0.1232 -0.0165 -0.9922
vn -0.1891 0.0476 -0.9808
vn -0.4572 0.2720 0.8467
vn -0.1004 0.1457 0.9842
vn -0.0239 0.1132 0.9933
vn -0.4077 0.9059 -0.1150
vn 0.0055 0.0725 0.9974
vn 0.0269 0.0663 0.9974
vn 0.0317 -0.1122 -0.9932
vn 0.3992 -0.9047 0.1484
vn 0.1597 -0.9662 0.2023
vn -0.1988 -0.9692 0.1452
vn -0.0264 -0.0600 -0.9978
vn -0.0190 -0.1635 -0.9864
vn -0.4972 -0.8663 0.0493
vn -0.7804 -0.6194 0.0854
vn -0.0908 -0.0239 -0.9956
vn -0.9850 -0.1672 0.0427
vn -0.1289 0.0077 -0.9916
vn -0.9782 0.1933 0.0753
vn -0.2054 0.0553 -0.9771
vn -0.6230 0.3221 0.7128
vn -0.3279 0.1919 -0.9250
vn -0.2612 0.2423 0.9344
vn -0.4889 0.3236 -0.8101
vn -0.6850 0.4776 -0.5502
vn -0.0376 0.1055 0.9937
vn -0.1510 0.1767 0.9726
vn -0.5526 0.8099 -0.1967
vn -0.3068 0.9340 -0.1831
vn -0.0075 0.1121 0.9937
vn 0.0077 0.0935 0.9956
vn -0.0366 0.9868 -0.1575
vn 0.0188 0.0762 0.9969
vn -0.0198 -0.0834 -0.9963
vn 0.0010 -0.0966 -0.9953
vn -0.0671 -0.9887 0.1339
vn -0.2688 -0.9632 -0.0066
vn 0.0287 -0.1324 -0.9908
vn 0.0858 -0.1643 -0.9827
vn 0.4514 -0.8742 0.1790
vn 0.6689 -0.6168 0.4149
vn 0.5210 -0.3507 -0.7782
vn 0.2784 -0.3126 -0.9082
vn 0.5778 -0.7361 0.3525
vn 0.7824 -0.3849 -0.4896
vn 0.8550 -0.2906 -0.4295
vn 0.2315 -0.0718 0.9702
vn 0.4112 -0.1819 0.8932
vn 0.9345 -0.1848 -0.3042
vn 0.1272 0.0115 0.9918
vn 0.9345 0.3239 -0.1474
vn 0.9519 0.2663 -0.1518
vn 0.8194 0.5593 -0.1256
vn 0.0511 0.0617 0.9968
vn 0.3675 0.9189 -0.1434
vn 0.0391 0.0739 0.9965
vn 0.5938 0.8041 -0.0292
vn -0.0482 0.9859 -0.1605
vn 0.0031 0.1129 0.9936
vn -0.0273 0.1098 0.9936
vn -0.2685 0.9549 -0.1264
vn -0.0485 0.1367 0.9894
vn -0.0533 -0.1448 -0.9880
vn -0.5210 -0.8442 0.1261
vn -0.2647 -0.9562 0.1249
vn -0.0307 -0.0896 -0.9955
vn -0.0329 -0.9995 -0.0014
vn 0.0106 -0.1004 -0.9949
vn 0.0352 -0.1197 -0.9922
vn 0.0711 -0.1462 -0.9867
vn 0.4084 -0.9115 0.0479
vn 0.5624 -0.7166 0.4126
vn 0.2881 -0.2973 -0.9103
vn 0.4519 -0.3321 -0.8279
vn 0.6603 -0.3718 -0.6525
vn 0.3905 -0.2146 0.8952
vn 0.7204 -0.4867 0.4941
vn 0.8440 -0.3502 -0.4063
vn 0.8835 -0.2481 -0.3975
vn 0.2012 -0.0491 0.9783
vn 0.3190 -0.1286 0.9390
vn 0.9412 -0.1682 -0.2928
vn 0.9676 0.1231 -0.2206
vn 0.1362 0.0144 0.9906
vn 0.5428 0.8352 -0.0881
vn 0.0384 0.0735 0.9966
vn 0.3834 0.9122 -0.1447
vn 0.0214 0.0796 0.9966
vn 0.0039 0.1097 0.9940
vn -0.1038 0.9838 -0.1464
vn -0.3229 0.9318 -0.1660
vn -0.1134 0.1593 0.9807
vn -0.4332 0.8998 -0.0512
vn -0.2374 0.2344 0.9427
vn -0.4882 0.3359 0.8055
vn -0.6043 0.7922 -0.0854
vn -0.6817 0.3685 0.6321
vn -0.3429 0.1723 -0.9234
vn -0.6794 0.4544 -0.5761
vn -0.9059 0.2236 0.3597
vn -0.2473 0.0848 -0.9652
vn -0.9602 0.0861 0.2658
vn -0.1850 0.0341 -0.9821
vn -0.8988 -0.0517 0.4353
vn -0.7522 0.4132 0.5133
vn -0.2376 0.0937 -0.9668
vn -0.0375 0.0336 -0.9987
vn -0.4217 0.1467 -0.8948
vn -0.2284 0.2281 0.9465
vn -0.4498 0.3456 0.8236
vn -0.5167 0.3873 -0.7636
vn -0.1115 0.1460 0.9830
vn -0.7784 0.5505 -0.3017
vn -0.0458 0.1158 0.9922
vn -0.5253 0.8275 -0.1982
vn -0.0183 0.0975 0.9951
vn -0.2703 0.9474 -0.1712
vn 0.0015 -0.0072 1.0000
vn -0.0248 0.9881 -0.1516
vn 0.0209 0.0958 0.9952
vn 0.0211 0.0694 0.9974
vn 0.2585 0.9607 -0.1015
vn 0.0343 0.0700 0.9970
vn -0.1886 0.9682 -0.1643
vn -0.8452 0.5009 0.1864
vn 0.2499 -0.0629 0.9662
vn 0.9276 -0.1635 -0.3359
vn 0.5898 -0.3641 -0.7208
vn 0.4497 -0.2283 0.8635
vn 0.1899 -0.2444 -0.9509
vn 0.5934 -0.6718 0.4434
vn 0.0673 -0.1199 -0.9905
vn 0.3392 -0.9064 0.2517
vn 0.0156 -0.0843 -0.9963
vn -0.1547 -0.9747 0.1614
vn -0.0481 -0.0480 -0.9977
vn -0.0322 -0.0758 -0.9966
vn -0.0749 -0.0289 -0.9968
vn 0.0183 -0.0184 -0.9997
vn -0.6442 0.7594 -0.0911
vn -0.0096 -0.0008 -1.0000
vn -0.0117 -0.0188 -0.9998
vn 0.0024 0.0187 -0.9998
vn -0.3528 0.1197 -0.9280
vn -0.0618 0.9895 -0.1304
vn 0.7461 -0.5461 -0.3810
vn 0.6193 -0.5907 -0.5172
vn -0.0093 -0.0090 -0.9999
vn 0.0009 0.0011 -1.0000
vn -0.3733 0.1297 -0.9186
vn -0.0025 -0.0100 -0.9999
vn -0.0085 -0.0252 -0.9996
vn 0.0120 0.0064 -0.9999
vn -0.0272 -0.0642 -0.9976
vn 0.0174 -0.0003 -0.9998
vn 0.0217 0.0039 -0.9998
vn 0.0177 0.0075 -0.9998
vn 0.0896 -0.1782 -0.9799
vn 0.0136 0.0176 -0.9998
vn 0.0136 0.0086 -0.9999
vn 0.1654 -0.2153 -0.9624
vn 0.0097 -0.0182 -0.9998
vn 0.2298 0.9664 -0.1155
vn 0.0080 0.0061 -0.9999
vn -0.6928 0.5505 -0.4659
vn -0.0167 -0.0021 -0.9999
vn 0.0148 0.0095 -0.9998
vn -0.4211 0.1906 -0.8867
vn 0.0057 0.0159 -0.9999
vn 0.0196 0.0123 -0.9997
vn 0.0094 0.0093 -0.9999
vn 0.8517 0.5174 -0.0833
vn 0.6973 -0.4744 -0.5373
vn 0.0181 0.0113 -0.9998
vn -0.6799 0.5598 -0.4736
vn -0.0035 -0.0001 -1.0000
vn -0.0315 -0.0310 -0.9990
vn 0.0152 0.0190 -0.9997
vn 0.0193 0.0042 -0.9998
vn -0.0036 -0.0149 -0.9999
vn 0.0088 0.0058 -0.9999
vn 0.8396 -0.4465 -0.3095
vn 0.0115 0.0120 -0.9999
vn -0.0099 -0.0064 -0.9999
vn -0.0019 0.0113 -0.9999
vn 0.0261 -0.0112 -0.9996
vn -0.0143 0.0149 -0.9998
vn -0.0042 0.0095 -0.9999
vn 0.1770 -0.1113 -0.9779
vn 0.0048 -0.0077 -1.0000
vn 0.0074 0.0093 -0.9999
vn 0.0092 -0.0053 -0.9999
vn 0.0118 0.0075 -0.9999
vn -0.0332 -0.0696 -0.9970
vn 0.0152 0.0005 -0.9999
vn -0.0195 -0.0019 -0.9998
vn 0.0047 0.0126 -0.9999
vn 0.0074 0.0044 -1.0000
vn -0.0303 -0.0288 -0.9991
vn -0.0117 -0.0040 -0.9999
vn 0.0009 0.0143 -0.9999
vn -0.0062 -0.0187 -0.9998
vn 0.0206 -0.0026 -0.9998
vn -0.0061 -0.0171 -0.9998
vn 0.7369 0.6584 -0.1529
vn 0.0146 -0.0078 -0.9999
vn -0.3465 0.9246 -0.1584
vn 0.0212 -0.0099 -0.9997
vn -0.0047 0.0111 -0.9999
vn 0.0230 -0.0011 -0.9997
vn -0.7157 0.6148 -0.3313
vn 0.2961 0.9498 -0.1012
vn 0.0126 -0.0093 -0.9999
vn 0.0192 0.0068 -0.9998
vn -0.4387 0.2179 -0.8718
vn 0.1821 0.9769 -0.1120
vn -0.0197 -0.0046 -0.9998
vn 0.3259 0.9394 -0.1067
vn 0.0058 0.0031 -1.0000
vn -0.7817 0.5963 -0.1827
vn 0.0164 0.0166 -0.9997
vn 0.0107 0.0085 -0.9999
vn 0.0097 0.0111 -0.9999
vn 0.7107 -0.3301 -0.6212
vn 0.0164 0.0100 -0.9998
vn -0.5699 0.3140 -0.7593
vn -0.0088 0.0073 -0.9999
vn 0.0092 0.0054 -0.9999
vn -0.0006 -0.0113 -0.9999
vn -0.0102 0.0128 -0.9999
vn 0.0022 -0.0212 -0.9998
vn -0.0011 -0.0086 -1.0000
vn 0.0168 0.0006 -0.9999
vn -0.0124 -0.0013 -0.9999
vn -0.0343 -0.0593 -0.9977
vn -0.5456 0.3017 -0.7819
vn 0.0070 0.0105 -0.9999
vn 0.0211 -0.0024 -0.9998
vn -0.3909 0.9027 -0.1797
vn -0.0089 0.0028 -1.0000
vn 0.0059 -0.0024 -1.0000
vn 0.0208 0.0028 -0.9998
vn 0.0745 -0.1620 -0.9840
vn 0.9435 0.3131 -0.1086
vn 0.0120 0.0166 -0.9998
vn -0.4095 0.1712 -0.8961
vn -0.0775 0.9893 -0.1235
vn 0.0052 -0.0172 -0.9998
vn -0.0634 0.9893 -0.1315
vn 0.8691 0.4822 -0.1102
vn 0.7168 -0.5731 -0.3972
vn 0.0041 -0.0149 -0.9999
vn 0.0231 -0.0098 -0.9997
vn -0.0059 0.0070 -1.0000
vn 0.0147 -0.0014 -0.9999
vn 0.0193 -0.0038 -0.9998
vn 0.0142 -0.0007 -0.9999
vn 0.0115 0.0140 -0.9998
vn 0.0199 0.0026 -0.9998
vn 0.2850 -0.2608 -0.9224
vn 0.0172 0.0025 -0.9998
vn -0.0184 -0.0036 -0.9998
vn -0.0059 0.0064 -1.0000
vn 0.0085 -0.0043 -1.0000
vn -0.0263 -0.0325 -0.9991
vn -0.0047 -0.0091 -0.9999
vn 0.0037 0.0151 -0.9999
vn 0.0055 -0.0200 -0.9998
vn 0.0133 0.0046 -0.9999
vn 0.0267 0.0138 -0.9995
vn 0.0165 0.0010 -0.9999
vn 0.0067 0.0167 -0.9998
vn 0.8732 0.4755 -0.1071
vn 0.2929 -0.2593 -0.9203
vn 0.0254 -0.0167 -0.9995
vn -0.0163 -0.0040 -0.9999
vn -0.0064 0.0054 -1.0000
vn -0.2994 0.0364 -0.9534
vn -0.6457 0.7240 -0.2425
vn 0.0094 -0.0023 -1.0000
vn 0.0065 -0.0014 -1.0000
vn 0.0032 -0.1539 -0.9881
vn 0.0060 0.0202 0.9998
vn -0.6031 0.3866 0.6978
vn -0.0009 -0.0204 0.9998
vn 0.0058 0.0197 0.9998
vn -0.5876 0.3887 0.7097
vn -0.8633 -0.5046 0.0123
vn 0.0049 0.0193 0.9998
vn -0.9980 -0.0619 0.0154
vn -0.0188 -0.0148 0.9997
vn 0.0345 -0.9936 0.1077
vn 0.0538 -0.9939 0.0961
vn 0.0169 -0.0165 0.9997
vn 0.0009 -0.0054 1.0000
vn -0.0113 -0.0184 0.9998
vn -0.0127 -0.0165 0.9998
vn 0.0060 -0.0232 0.9997
vn -0.0234 -0.0104 0.9997
vn 0.0187 0.0016 0.9998
vn -0.0992 -0.9947 0.0264
vn 0.7933 -0.5288 0.3018
vn 0.0125 0.0164 0.9998
vn -0.0162 -0.0175 0.9997
vn 0.8651 -0.4187 0.2761
vn -0.0359 -0.9928 0.1141
vn 0.0168 0.0115 0.9998
vn -0.0046 0.0081 1.0000
vn -0.9836 -0.1730 0.0505
vn 0.0145 0.0061 0.9999
vn -0.0809 0.1784 0.9806
vn -0.9504 -0.3014 0.0766
vn -0.0007 -0.0105 0.9999
vn -0.0020 -0.0273 0.9996
vn 0.0181 0.0073 0.9998
vn 0.0104 0.0098 0.9999
vn 0.1384 -0.9901 0.0250
vn 0.0126 0.0123 0.9998
vn -0.1570 0.2699 0.9500
vn -0.9705 -0.2404 0.0201
vn 0.0128 -0.0887 0.9960
vn 0.0133 0.0104 0.9999
vn 0.0109 0.0023 0.9999
vn -0.0061 -0.0137 0.9999
vn 0.1169 -0.9927 0.0291
vn -0.0404 -0.0056 0.9992
vn 0.0052 0.0133 0.9999
vn -0.0090 -0.0096 0.9999
vn -0.0218 0.0033 0.9998
vn 0.0122 0.0127 0.9998
vn -0.0105 -0.0093 0.9999
vn -0.0002 -0.0125 0.9999
vn 0.0135 0.0084 0.9999
vn -0.0181 -0.0120 0.9998
vn 0.0072 0.0187 0.9998
vn -0.1143 -0.9908 0.0721
vn 0.0759 -0.0613 0.9952
vn 0.0031 0.0122 0.9999
vn -0.0030 -0.0124 0.9999
vn 0.0001 0.0275 0.9996
vn 0.0090 -0.0190 0.9998
vn 0.0029 0.0121 0.9999
vn 0.0010 -0.0107 0.9999
vn -0.0172 -0.0270 0.9995
vn -0.0168 -0.0133 0.9998
vn 0.1063 -0.2753 0.9555
vn -0.0703 0.0695 0.9951
vn -0.0141 0.0133 0.9998
vn -0.0206 -0.0068 0.9998
vn 0.5994 -0.7816 0.1726
vn -0.0094 0.1657 0.9861
vn -0.9910 -0.1268 0.0426
vn 0.0169 -0.0055 0.9998
vn -0.0164 0.1608 0.9869
vn -0.9807 -0.1868 0.0583
vn -0.0102 -0.0059 0.9999
vn 0.0174 0.0072 0.9998
vn -0.0095 0.0044 0.9999
vn -0.9799 -0.1874 0.0688
vn -0.0055 -0.0272 0.9996
vn 0.0107 0.0058 0.9999
vn 0.1121 -0.9891 0.0958
vn 0.1163 0.0250 0.9929
vn 0.0012 0.0125 0.9999
vn -0.3192 0.2659 0.9096
vn 0.0010 -0.0149 0.9999
vn 0.0129 -0.0071 0.9999
vn 0.1574 -0.1151 0.9808
vn 0.0172 0.0061 0.9998
vn -0.0094 -0.0013 1.0000
vn -0.0094 0.0116 0.9999
vn -0.9750 -0.2179 0.0439
vn 0.0130 -0.0177 0.9998
vn 0.0209 0.0008 0.9998
vn -0.0021 0.0089 1.0000
vn -0.0190 0.0018 0.9998
vn -0.0024 -0.0176 0.9998
vn 0.0163 0.0007 0.9999
vn -0.2288 -0.9709 0.0711
vn 0.0456 -0.9896 0.1367
vn 0.0099 0.0027 0.9999
vn -0.5429 0.3491 0.7638
vn -0.8631 -0.5049 0.0131
vn -0.0187 -0.0189 0.9996
vn 0.5835 -0.2526 0.7718
vn -0.6608 0.3465 0.6658
vn 0.0185 -0.0098 0.9998
vn 0.0021 0.0102 0.9999
vn -0.0058 -0.0192 0.9998
vn 0.0282 0.0092 0.9996
vn -0.0192 -0.0137 0.9997
vn 0.0150 0.0110 0.9998
vn 0.0085 -0.0135 0.9999
vn 0.8079 -0.3219 0.4936
vn -0.0402 -0.0068 0.9992
vn 0.0125 0.0026 0.9999
vn -0.0145 -0.0010 0.9999
vn -0.0225 -0.0038 0.9997
vn 0.0055 0.0137 0.9999
vn -0.0147 0.0060 0.9999
vn -0.0197 -0.0050 0.9998
vn 0.0219 0.0004 0.9998
vn -0.0168 -0.0207 0.9996
vn 0.0092 0.0102 0.9999
vn 0.0407 -0.9966 0.0709
vn 0.0183 -0.0179 0.9997
vn -0.0012 0.0096 1.0000
vn -0.9793 0.1918 0.0640
vn 0.0137 -0.0090 0.9999
vn -0.9961 -0.0497 0.0734
vn 0.0143 0.0038 0.9999
vn 0.0028 -0.0109 0.9999
vn 0.0079 0.0005 1.0000
vn 0.9466 -0.1473 -0.2869
vn 0.1561 -0.0054 0.9877
vn 0.9982 -0.0580 0.0149
vn 0.0169 -0.0021 -0.9999
vn 0.1851 -0.0234 0.9824
vn 0.0120 -0.0026 0.9999
vn 0.1547 0.0369 0.9873
vn 0.7161 0.6924 -0.0879
vn -0.4079 0.8959 -0.1758
vn -0.9753 -0.0254 0.2193
vn -0.1269 -0.0106 -0.9919
vn -0.0520 0.1391 0.9889
vn -0.0531 0.2156 0.9750
vn -0.3569 0.9129 -0.1980
vn -0.3276 0.9440 -0.0382
vn -0.3995 0.8888 -0.2244
vn -0.0635 0.1456 0.9873
vn -0.0821 0.1656 0.9828
vn -0.4163 -0.9035 0.1019
vn 0.0818 -0.1605 -0.9836
vn 0.2003 -0.5320 -0.8227
vn 0.3504 -0.9061 0.2369
vn 0.3032 -0.9464 0.1112
vn 0.0448 -0.0842 -0.9954
vn 0.0050 0.0122 -0.9999
vn -0.5710 -0.8058 0.1572
vn -0.0196 0.0012 0.9998
vn -0.1532 0.0015 -0.9882
vn -0.9610 0.2413 0.1353
vn -0.7013 -0.7073 0.0890
vn -0.1328 -0.0513 -0.9898
vn -0.0189 0.0010 -0.9998
vn 0.3933 -0.9037 0.1692
vn 0.9782 -0.1459 -0.1477
vn 0.0127 0.0024 0.9999
vn 0.9710 0.0801 -0.2254
vn 0.0143 0.0020 -0.9999
vn 0.1405 0.0019 0.9901
vn 0.9927 -0.1058 -0.0581
vn 0.0347 0.9857 -0.1652
vn -0.0042 0.1061 0.9943
vn -0.0946 0.9955 0.0108
vn 0.0016 0.0206 -0.9998
vn 0.0025 0.0176 -0.9998
vn 0.0090 0.0984 0.9951
vn -0.9654 0.2137 0.1493
vn 0.0028 0.0136 0.9999
vn -0.3189 0.9372 -0.1416
vn -0.0018 -0.0058 1.0000
vn -0.6536 -0.7497 0.1035
vn 0.0932 -0.9889 0.1160
vn 0.0026 -0.0955 -0.9954
vn -0.1063 -0.0760 -0.9914
vn -0.0326 -0.9911 0.1291
vn -0.0034 -0.0958 -0.9954
vn 0.0021 -0.0021 1.0000
vn 0.9311 -0.2565 -0.2593
vn 0.2931 -0.9513 0.0951
vn 0.1027 0.0813 0.9914
vn 0.6389 0.7644 -0.0863
vn -0.0013 0.0124 0.9999
vn -0.0861 -0.0456 -0.9952
vn -0.1019 -0.0385 -0.9940
vn -0.9568 -0.2742 0.0965
vn -0.8304 -0.5484 0.0987
vn -0.0774 -0.0534 -0.9956
vn -0.7197 -0.6857 0.1084
vn -0.5945 -0.7968 0.1076
vn -0.0659 -0.0615 -0.9959
vn -0.0502 -0.0838 -0.9952
vn -0.0656 -0.0710 -0.9953
vn -0.4462 -0.8941 0.0377
vn -0.3219 -0.9467 0.0129
vn -0.0362 -0.0862 -0.9956
vn 0.6034 -0.4501 0.6583
vn 0.0245 0.0769 0.9967
vn 0.2365 0.9644 -0.1181
vn 0.3172 0.9437 -0.0941
vn 0.0405 0.0882 0.9953
vn 0.4965 0.8594 -0.1222
vn 0.0059 0.0090 0.9999
vn 0.0465 0.0656 0.9968
vn 0.6393 0.7643 -0.0844
vn 0.0584 0.0533 0.9969
vn 0.0690 0.0471 -0.9965
vn 0.7298 0.6785 -0.0838
vn 0.0841 0.0446 0.9955
vn -0.0564 0.0445 0.9974
vn 0.0076 0.0046 1.0000
vn -0.0651 -0.0205 -0.9977
vn 0.8290 0.5564 0.0566
vn -0.0826 0.9895 -0.1186
vn -0.8791 0.4359 0.1928
vn 0.0039 -0.0009 -1.0000
vn 0.0036 -0.0018 1.0000
vn 0.0069 -0.9904 0.1378
vn -0.0041 -0.0985 -0.9951
vn 0.3572 -0.9187 0.1682
vn 0.1060 0.0788 0.9912
vn 0.6493 0.7557 -0.0861
vn 0.9215 -0.3646 -0.1334
vn -0.0008 0.0123 0.9999
vn -0.0660 0.9806 -0.1848
vn -0.0008 0.0188 -0.9998
vn -0.0029 0.1080 0.9941
vn 0.1245 -0.1476 0.9812
vn 0.0205 0.0541 0.9983
vn 0.4043 0.9145 0.0134
vn -0.0721 0.1679 0.9832
vn 0.0213 0.9969 -0.0760
vn -0.6303 0.6918 -0.3522
vn -0.9184 -0.3693 0.1419
vn -0.9859 -0.1262 0.1097
vn -0.0852 -0.0365 -0.9957
vn 0.6085 -0.3461 -0.7141
vn 0.3894 -0.2380 0.8898
vn 0.8022 -0.4468 0.3960
vn 0.0177 -0.0114 -0.9998
vn 0.4959 -0.3095 -0.8113
vn 0.6677 -0.3800 0.6401
vn 0.3812 -0.2852 -0.8794
vn 0.5714 -0.3094 0.7601
vn 0.8736 0.4810 -0.0741
vn -0.5625 0.4060 0.7203
vn -0.6603 0.2472 -0.7092
vn -0.6349 0.4884 -0.5986
vn -0.5157 0.2216 -0.8276
vn -0.5974 0.6410 0.4819
vn -0.9689 -0.2205 0.1121
vn -0.1052 -0.0352 -0.9938
vn -0.1122 -0.0286 -0.9933
vn -0.9027 -0.4172 0.1054
vn -0.0926 -0.0453 -0.9947
vn -0.9164 -0.3960 0.0586
vn -0.8708 -0.4872 0.0659
vn -0.0796 -0.0588 -0.9951
vn -0.7065 -0.7037 0.0755
vn -0.0565 -0.0622 -0.9965
vn -0.6930 -0.7184 0.0607
vn -0.5988 -0.7933 0.1104
vn -0.4651 -0.8849 0.0264
vn -0.0498 -0.0768 -0.9958
vn -0.0375 -0.0840 -0.9958
vn -0.3447 -0.9384 0.0236
vn 0.1017 -0.9917 0.0781
vn 0.2924 0.9485 -0.1219
vn 0.8986 0.4370 -0.0395
vn 0.0375 0.0668 0.9971
vn 0.1579 0.5268 0.8352
vn 0.4017 0.9099 -0.1032
vn 0.6699 0.7342 -0.1101
vn 0.5961 0.8002 -0.0662
vn 0.0474 0.0609 0.9970
vn 0.0644 0.0506 0.9966
vn 0.8100 0.5721 -0.1288
vn 0.0729 0.0645 0.9953
vn 0.8660 0.4783 -0.1460
vn 0.9078 0.4039 -0.1126
vn 0.1030 0.0375 0.9940
vn 0.0792 0.0398 0.9961
vn 0.0073 -0.0473 -0.9989
vn 0.0572 -0.0039 0.9984
vn 0.0084 -0.9908 0.1349
vn -0.0032 -0.0939 -0.9956
vn 0.3468 -0.9255 0.1520
vn 0.9266 -0.3551 -0.1240
vn 0.1000 0.0768 0.9920
vn -0.0028 0.0141 0.9999
vn -0.1928 0.9737 -0.1217
vn 0.6539 0.7558 -0.0350
vn -0.0022 0.0194 -0.9998
vn 0.0005 -0.0052 1.0000
vn -0.6752 0.7118 -0.1934
vn -0.0029 0.1061 0.9944
vn -0.9734 -0.2220 0.0561
vn -0.7641 0.3194 0.5605
vn -0.8299 -0.5449 0.1197
vn -0.3790 -0.9254 -0.0071
vn -0.2397 -0.9700 -0.0398
vn 0.1493 -0.5660 -0.8108
vn 0.4032 -0.2726 0.8736
vn 0.4752 -0.3327 -0.8146
vn -0.5992 0.2709 -0.7534
vn -0.5484 0.2688 -0.7919
vn -0.6299 0.4181 0.6546
vn -0.6075 0.6442 0.4647
vn -0.2027 0.2213 0.9539
vn -0.3848 0.3283 -0.8626
vn -0.3832 0.2250 -0.8958
vn -0.9844 -0.0719 0.1605
vn -0.7712 0.6084 -0.1875
vn -0.0879 -0.0343 -0.9955
vn -0.9678 -0.2431 0.0656
vn 0.9501 -0.0900 -0.2988
vn 0.1201 0.0159 0.9926
vn 0.9891 -0.0847 -0.1207
vn 0.0204 0.0020 -0.9998
vn 0.0208 0.0005 -0.9998
vn 0.0143 -0.0002 0.9999
vn 0.1477 -0.0056 0.9890
vn 0.1384 0.0466 0.9893
vn 0.6996 0.7079 -0.0970
vn -0.9522 0.2172 0.2149
vn -0.3955 0.9074 -0.1419
vn -0.0193 -0.0032 0.9998
vn -0.1309 -0.0104 -0.9913
vn -0.0145 -0.0009 -0.9999
vn 0.0614 0.0423 0.9972
vn -0.9993 -0.0284 -0.0263
vn 0.0001 0.0022 1.0000
vn -0.0751 0.0466 -0.9961
vn 0.6008 0.7918 -0.1105
vn 0.3624 0.3820 0.8501
vn 0.6839 0.7194 -0.1213
vn 0.0703 0.0591 0.9958
vn 0.7634 0.6332 -0.1277
vn -0.5435 0.5010 0.6735
vn 0.1721 0.9789 -0.1101
vn -0.7277 -0.6747 0.1235
vn -0.6454 -0.7570 0.1020
vn -0.0676 -0.0569 -0.9961
vn -0.0641 -0.0693 -0.9955
vn -0.5658 -0.8182 0.1020
vn -0.5112 -0.8531 0.1044
vn -0.5346 -0.8376 0.1120
vn -0.0421 -0.0645 -0.9970
vn -0.0458 -0.0805 -0.9957
vn 0.1167 -0.2025 -0.9723
vn 0.6523 -0.6688 0.3567
vn -0.1921 -0.9791 0.0672
vn 0.9843 -0.0478 -0.1701
vn 0.9626 0.2338 -0.1371
vn 0.1118 0.0418 0.9929
vn 0.9724 0.2141 -0.0929
vn 0.1392 0.0216 0.9900
vn 0.0128 0.0007 0.9999
vn 0.0144 0.0020 0.9999
vn 0.9798 0.1693 -0.1067
vn 0.1380 0.0094 0.9904
vn 0.1606 0.0066 0.9870
vn 0.9952 0.0503 -0.0837
vn 0.0136 0.0006 0.9999
vn 0.0170 0.0011 -0.9999
vn 0.1502 -0.0042 0.9886
vn 0.9341 -0.1353 -0.3303
vn 0.1528 0.0409 0.9874
vn 0.6923 0.7180 -0.0715
vn -0.9684 0.1839 0.1686
vn -0.0167 -0.0020 0.9999
vn -0.9673 -0.0303 0.2518
vn -0.9880 -0.0632 0.1413
vn -0.1494 -0.0064 -0.9888
vn -0.2893 -0.0222 -0.9570
vn -0.9784 -0.1373 0.1549
vn -0.1383 -0.0110 -0.9903
vn -0.9937 0.0265 0.1093
vn -0.1288 -0.0222 -0.9914
vn -0.9437 -0.3003 0.1387
vn -0.1072 -0.0393 -0.9935
vn -0.8923 -0.4340 0.1241
vn -0.8101 -0.5768 0.1050
vn -0.0728 -0.0605 -0.9955
vn -0.0950 -0.0515 -0.9941
vn -0.7121 -0.6902 0.1282
vn -0.0641 -0.0679 -0.9956
vn 0.1820 0.1131 0.9768
vn 0.7139 -0.6103 0.3434
vn 0.6400 0.7592 -0.1179
vn 0.0901 0.1000 0.9909
vn 0.0727 0.0468 0.9963
vn 0.7505 0.6496 -0.1217
vn 0.9136 0.3882 -0.1208
vn -0.1017 -0.0304 -0.9943
vn -0.9311 -0.3556 0.0806
vn -0.1573 -0.0037 -0.9876
vn -0.7889 -0.6139 0.0273
vn -0.0917 -0.0533 -0.9944
vn -0.0571 -0.0765 -0.9954
vn -0.3210 -0.9445 0.0697
vn -0.5014 -0.8619 0.0754
vn 0.0526 -0.1440 -0.9882
vn 0.2062 -0.9675 0.1462
vn 0.0113 -0.1171 -0.9931
vn -0.0223 -0.0993 -0.9948
vn 0.4562 -0.8887 0.0458
vn 0.1530 -0.2149 -0.9646
vn 0.3049 -0.2834 -0.9092
vn 0.5592 -0.7594 0.3327
vn 0.5812 -0.2795 0.7642
vn 0.5556 -0.4965 0.6669
vn 0.6505 -0.3369 -0.6807
vn 0.7059 -0.4579 -0.5404
vn 0.8958 -0.2921 -0.3351
vn 0.2523 -0.0725 0.9649
vn 0.1555 0.0010 0.9878
vn 0.9776 0.0406 -0.2064
vn 0.9826 -0.1600 -0.0945
vn 0.9522 0.2757 -0.1316
vn 0.9133 0.4023 -0.0642
vn 0.0817 0.0528 0.9953
vn 0.0617 0.0676 0.9958
vn 0.7427 0.6600 -0.1128
vn 0.5270 0.8458 -0.0829
vn 0.0412 0.0869 0.9954
vn 0.3007 0.9532 -0.0323
vn 0.0139 0.0982 0.9951
vn -0.0078 0.1114 0.9937
vn -0.1366 0.9784 -0.1554
vn -0.1521 0.2070 0.9664
vn -0.4317 0.8760 -0.2152
vn -0.6300 0.7725 -0.0796
vn -0.5083 0.3804 0.7726
vn -0.7553 0.6409 -0.1372
vn -0.9350 0.2142 0.2826
vn -0.9236 0.3745 0.0815
vn -0.3244 0.1422 -0.9352
vn -0.2402 0.0593 -0.9689
vn -0.9944 0.0990 0.0376
vn 0.0136 -0.0240 0.9996
vn -0.2663 -0.9585 0.1018
vn 0.1179 -0.1725 -0.9779
vn 0.0653 -0.1837 -0.9808
vn 0.1046 -0.1665 -0.9805
vn 0.5556 -0.8292 -0.0612
vn 0.3746 -0.9247 0.0675
vn 0.9843 0.0987 -0.1463
vn -0.1104 0.1758 0.9782
vn -0.1321 0.2004 0.9708
vn -0.5498 0.7833 -0.2901
vn -0.4928 0.8664 -0.0802
vn 0.6123 0.7888 -0.0535
vn 0.0458 0.0554 0.9974
vn 0.0395 0.0635 0.9972
vn 0.0573 0.0544 0.9969
vn 0.0124 0.0118 -0.9999
vn 0.6667 0.7388 -0.0984
vn 0.0694 0.0479 0.9964
vn 0.8076 0.5875 -0.0514
vn -0.5954 0.6152 0.5167
vn -0.7925 -0.5964 0.1275
vn -0.0681 -0.0611 -0.9958
vn -0.0754 -0.0559 -0.9956
vn -0.0583 -0.0710 -0.9958
vn -0.7416 -0.6681 0.0604
vn -0.5700 -0.8145 0.1083
vn -0.7171 -0.6940 0.0639
vn -0.0488 -0.0670 -0.9966
vn -0.0481 -0.0787 -0.9957
vn -0.4686 -0.8773 0.1040
vn -0.0350 -0.0779 -0.9963
vn -0.2507 -0.9644 0.0845
vn -0.0219 -0.0981 -0.9949
vn 0.3873 -0.1679 0.9065
vn 0.1958 0.9716 -0.1326
vn 0.8435 0.5361 -0.0345
vn 0.0023 0.0153 -0.9999
vn 0.3245 0.9456 0.0229
vn 0.0253 0.0892 0.9957
vn 0.0298 0.0741 0.9968
vn 0.0051 0.0126 -0.9999
vn 0.0002 0.0058 1.0000
vn 0.4580 0.8804 -0.1234
vn 0.5475 -0.7871 0.2842
vn -0.2780 -0.9545 0.1078
vn 0.1135 -0.1627 -0.9801
vn 0.0595 -0.1798 -0.9819
vn 0.5188 -0.7937 0.3176
vn 0.5187 -0.8549 0.0082
vn 0.1450 -0.2327 -0.9617
vn 0.0818 -0.1486 -0.9855
vn 0.6282 -0.7130 0.3115
vn 0.9844 0.1568 -0.0801
vn -0.1025 0.1684 0.9804
vn -0.5354 0.7965 -0.2809
vn -0.4919 0.8313 -0.2587
vn -0.1407 0.1903 0.9716
vn 0.9982 0.0510 0.0322
vn 0.0062 -0.0095 0.9999
vn 0.0377 -0.0010 0.9993
vn 0.0039 -0.0037 -1.0000
vn 0.0109 -0.0413 -0.9991
vn 0.0850 -0.0081 0.9963
vn -0.0207 -0.9883 0.1508
vn 0.0021 -0.0078 1.0000
vn 0.0031 -0.0019 -1.0000
vn -0.0015 -0.0996 -0.9950
vn 0.3488 -0.9240 0.1569
vn 0.9710 -0.1907 -0.1445
vn 0.1034 0.0789 0.9915
vn 0.6417 0.7610 -0.0953
vn -0.0030 0.0140 0.9999
vn -0.0054 0.1074 0.9942
vn -0.0025 0.0199 -0.9998
vn 0.0161 0.0772 0.9969
vn -0.0699 0.9974 0.0186
vn 0.0898 0.9848 -0.1486
vn -0.0426 0.1451 0.9885
vn -0.0053 0.9978 -0.0656
vn -0.9835 0.0399 0.1765
vn -0.1026 -0.0259 -0.9944
vn -0.5322 0.8381 -0.1200
vn -0.9809 -0.1875 0.0510
vn -0.0817 0.0214 -0.9964
vn 0.0050 0.0925 0.9957
vn 0.0852 0.9934 -0.0765
vn -0.0019 -0.0061 1.0000
vn -0.9388 0.3322 0.0915
vn -0.6618 -0.7430 0.1001
vn 0.0258 -0.9887 0.1478
vn -0.1106 -0.0761 -0.9909
vn -0.0247 -0.9899 0.1397
vn -0.0033 -0.0915 -0.9958
vn 0.0014 -0.1130 -0.9936
vn -0.0020 -0.0093 -1.0000
vn 0.9321 -0.2616 -0.2504
vn 0.0032 -0.0026 1.0000
vn 0.1045 0.0771 0.9915
vn 0.3070 -0.9495 0.0653
vn -0.1062 0.9878 -0.1136
vn 0.6764 0.7351 -0.0458
vn -0.0038 0.0993 0.9951
vn -0.0012 0.0204 -0.9998
vn -0.0780 0.9884 -0.1302
vn 0.0013 0.0154 0.9999
vn 0.0050 0.0919 0.9958
vn -0.0025 0.1100 0.9939
vn -0.3401 0.9288 -0.1471
vn 0.1243 0.9915 -0.0390
vn -0.6612 -0.7446 0.0917
vn -0.9267 0.3593 0.1107
vn -0.1078 -0.0762 -0.9912
vn 0.0724 -0.9878 0.1378
vn 0.0021 -0.0952 -0.9955
vn -0.0058 -0.0924 -0.9957
vn -0.0125 -0.9897 0.1425
vn 0.9276 -0.2612 -0.2672
vn 0.1055 0.0718 0.9918
vn 0.2982 -0.9524 0.0634
vn 0.6608 0.7456 -0.0864
vn 0.0010 0.0190 -0.9998
vn 0.0010 0.0229 -0.9997
vn -0.0267 0.9907 -0.1331
vn -0.1489 0.9886 -0.0215
vn 0.0070 0.1029 0.9947
vn -0.0009 0.0129 0.9999
vn -0.0035 0.0995 0.9950
vn -0.9351 0.2589 0.2418
vn -0.3674 0.9232 -0.1126
vn -0.0020 -0.0059 1.0000
vn -0.1056 -0.0722 -0.9918
vn -0.0008 -0.0017 -1.0000
vn 0.0306 -0.9886 0.1476
vn -0.6434 -0.7654 0.0126
vn 0.0020 -0.0998 -0.9950
vn 0.0036 -0.0014 1.0000
vn -0.0318 -0.9920 0.1223
vn -0.0028 -0.0918 -0.9958
vn 0.3491 -0.9236 0.1582
vn 0.1024 0.0750 0.9919
vn 0.9254 -0.3585 -0.1233
vn 0.6612 0.7494 -0.0359
vn -0.0014 0.0984 0.9951
vn 0.0003 0.0239 -0.9997
vn 0.0445 0.9850 -0.1664
vn -0.0826 0.9965 0.0161
vn 0.0094 0.1003 0.9949
vn -0.9335 0.2523 0.2548
vn 0.0028 0.0135 0.9999
vn -0.3534 0.9287 -0.1121
vn 0.0035 0.0211 -0.9998
vn -0.6427 -0.7617 0.0822
vn -0.1083 -0.0729 -0.9914
vn 0.0266 -0.9877 0.1542
vn 0.0032 -0.0986 -0.9951
vn -0.6800 -0.5895 0.4360
vn -0.0224 -0.0031 -0.9997
vn -0.9742 -0.1359 0.1801
vn -0.1220 -0.0213 -0.9923
vn -0.1062 -0.0268 -0.9940
vn -0.9209 -0.3707 0.1207
vn -0.0937 -0.0450 -0.9946
vn -0.8651 -0.4874 0.1187
vn -0.0732 -0.0634 -0.9953
vn -0.6641 -0.7432 0.0819
vn -0.8277 -0.5603 0.0320
vn -0.0590 -0.0751 -0.9954
vn -0.5516 -0.8255 0.1191
vn 0.0963 -0.1899 -0.9771
vn 0.6591 -0.6173 0.4296
vn 0.4323 0.8935 -0.1216
vn 0.9435 0.3289 -0.0414
vn 0.6242 0.7706 -0.1285
vn 0.0417 0.0635 0.9971
vn 0.0556 0.0548 0.9970
vn 0.7932 0.5920 -0.1424
vn 0.0727 0.0421 0.9965
vn 0.9340 0.3534 -0.0528
vn 0.1053 0.0320 0.9939
vn 0.1105 0.0217 0.9936
vn 0.9617 0.2446 -0.1237
vn 0.0020 -0.0595 -0.9982
vn 0.5486 0.0198 -0.8358
vn 0.0787 -0.0225 0.9966
vn 0.0014 -0.0014 1.0000
vn -0.0310 -0.9883 0.1490
vn 0.9360 -0.2666 -0.2299
vn -0.0068 -0.1276 -0.9918
vn 0.3087 -0.9493 0.0599
vn 0.6450 0.7587 -0.0917
vn 0.1092 0.0726 0.9914
vn 0.0624 0.0810 0.9948
vn 0.0273 0.0233 0.9994
vn 0.0065 0.0103 0.9999
vn 0.6352 0.7643 -0.1108
vn 0.5182 0.8504 -0.0910
vn 0.7478 0.6531 -0.1189
vn 0.0793 0.0758 0.9940
vn 0.1994 0.9744 -0.1042
vn -0.0650 -0.0648 -0.9958
vn -0.6241 -0.7743 0.1049
vn -0.6980 -0.7156 0.0269
vn -0.0545 -0.0700 -0.9961
vn -0.9536 -0.2119 0.2137
vn -0.0169 0.0021 0.9999
vn -0.9310 0.1610 0.3277
vn -0.7242 -0.6839 0.0885
vn -0.1476 0.0082 -0.9890
vn -0.1606 -0.0318 -0.9865
vn 0.3899 -0.9045 0.1725
vn 0.1247 0.0110 0.9921
vn 0.9837 -0.1739 -0.0454
vn 0.9775 0.0366 -0.2078
vn 0.0794 -0.0193 0.9967
vn 0.0040 -0.0402 -0.9992
vn -0.0316 -0.0837 -0.9960
vn -0.3081 -0.9505 0.0407
vn 0.3442 -0.1235 0.9307
vn 0.0246 0.0722 0.9971
vn 0.2840 0.9494 -0.1338
vn 0.8577 0.5120 -0.0465
vn 0.3451 0.9371 0.0525
vn 0.0327 0.0696 0.9970
vn 0.0522 0.0936 0.9942
vn 0.4610 0.8866 -0.0380
vn 0.1815 -0.1990 -0.9630
vn -0.1345 -0.9850 0.1076
vn 0.1791 -0.2457 -0.9526
vn 0.5848 -0.6656 0.4637
vn 0.4591 -0.8208 0.3397
vn 0.6336 -0.7727 0.0375
vn 0.1638 -0.2284 -0.9597
vn 0.1270 -0.1731 -0.9767
vn 0.6634 -0.6408 0.3863
vn 0.9644 0.2538 -0.0741
vn -0.1332 0.1810 0.9744
vn -0.6032 0.7871 -0.1290
vn -0.1814 0.2074 0.9613
vn -0.5827 0.8095 -0.0722
vn -0.7575 0.6119 -0.2277
vn -0.2313 0.2421 0.9423
vn 0.0082 0.0095 0.9999
vn 0.6568 0.7477 -0.0975
vn 0.0570 0.0541 0.9969
vn 0.0573 0.0754 0.9955
vn 0.0943 0.1312 -0.9869
vn 0.0704 0.0549 0.9960
vn 0.8575 0.4999 -0.1220
vn 0.7700 0.6323 -0.0856
vn 0.0852 0.0537 0.9949
vn 0.2059 0.9732 -0.1024
vn -0.5428 0.6476 0.5348
vn -0.8452 -0.5204 0.1218
vn -0.0850 -0.0559 -0.9948
vn -0.7847 -0.6057 0.1315
vn -0.7209 -0.6871 0.0907
vn -0.0648 -0.0533 -0.9965
vn -0.0665 -0.0683 -0.9954
vn -0.6655 -0.7456 0.0338
vn -0.4461 -0.8888 0.1054
vn -0.5674 -0.8228 0.0320
vn -0.0521 -0.0721 -0.9960
vn -0.2958 -0.9489 0.1102
vn -0.0316 -0.0872 -0.9957
vn -0.0457 -0.0771 -0.9960
vn -0.4028 -0.9149 0.0262
vn -0.0223 -0.0932 -0.9954
vn 0.4642 -0.2591 0.8470
vn 0.0192 0.0817 0.9965
vn 0.4398 0.8972 -0.0400
vn 0.0306 0.0758 0.9966
vn 0.2749 0.9608 -0.0375
vn 0.0044 0.0121 -0.9999
vn 0.4984 0.8573 -0.1289
vn 0.0536 0.0926 0.9943
vn 0.3742 -0.1983 0.9059
vn 0.5222 -0.2565 0.8134
vn 0.0157 -0.0105 0.9998
vn 0.8466 -0.4954 -0.1944
vn 0.5253 -0.3124 -0.7915
vn 0.4230 -0.2881 0.8591
vn 0.4082 -0.2801 -0.8689
vn 0.5360 -0.3236 0.7798
vn 0.8717 0.4839 -0.0776
vn -0.0596 0.9909 -0.1204
vn -0.5826 0.4085 0.7026
vn -0.5462 0.2759 -0.7909
vn -0.5892 0.5418 -0.5994
vn -0.5002 0.1927 -0.8442
vn -0.5973 0.3895 0.7011
vn -0.8833 0.1852 0.4307
vn -0.8827 -0.4683 0.0388
vn 0.6593 -0.3611 -0.6595
vn 0.5110 -0.3280 -0.7946
vn 0.5020 -0.2876 0.8156
vn 0.0136 -0.0079 -0.9999
vn 0.5763 -0.1821 0.7967
vn 0.0197 -0.0127 0.9997
vn 0.4302 -0.2925 0.8540
vn 0.4052 -0.3003 -0.8635
vn 0.5564 -0.3489 0.7541
vn 0.8747 0.4783 -0.0782
vn -0.5640 0.3789 0.7337
vn -0.6501 0.2670 -0.7113
vn -0.5799 0.4723 -0.6638
vn -0.5124 0.2192 -0.8303
vn -0.8262 0.4879 0.2817
vn -0.8030 0.3176 0.5043
vn -0.0181 0.0555 0.9983
vn 0.1019 0.9838 -0.1477
vn -0.0460 0.0007 -0.9989
vn 0.0172 0.0889 0.9959
vn -0.0759 0.1673 0.9830
vn -0.0008 0.9926 -0.1214
vn -0.9875 -0.0585 0.1462
vn -0.0163 -0.0074 0.9998
vn -0.0894 -0.0409 -0.9952
vn -0.5887 0.7973 -0.1335
vn -0.1081 -0.0357 -0.9935
vn -0.9257 -0.3327 0.1801
vn -0.9454 -0.3226 0.0473
vn -0.1013 -0.0478 -0.9937
vn -0.0763 -0.0450 -0.9961
vn -0.8575 -0.4993 0.1239
vn -0.0782 -0.0550 -0.9954
vn -0.6522 -0.7520 0.0957
vn -0.7939 -0.6070 0.0358
vn -0.0733 -0.0678 -0.9950
vn -0.0588 -0.0769 -0.9953
vn -0.5015 -0.8601 0.0938
vn -0.4546 -0.8826 0.1202
vn -0.0384 -0.0773 -0.9963
vn 0.4083 0.9057 -0.1138
vn 0.9128 0.4071 -0.0319
vn 0.0086 0.0222 -0.9997
vn 0.0357 0.0642 0.9973
vn 0.0390 0.1091 0.9933
vn 0.5210 0.8459 -0.1146
vn 0.6538 0.7498 -0.1017
vn 0.0482 0.0614 0.9969
vn 0.7745 0.6205 -0.1230
vn 0.0564 0.0533 0.9970
vn 0.0718 0.0486 0.9962
vn 0.8334 0.5430 -0.1031
vn 0.9268 0.3679 -0.0760
vn 0.0272 -0.0154 0.9995
vn 0.0803 0.0408 0.9959
vn 0.0147 -0.1057 -0.9943
vn -0.5833 0.8120 0.0176
vn -0.7640 -0.6344 0.1176
vn -0.4176 -0.9005 0.1211
vn -0.0474 -0.0645 -0.9968
vn -0.0693 -0.0642 -0.9955
vn -0.7022 -0.7040 0.1068
vn -0.6363 -0.7712 0.0188
vn 0.9493 0.2900 -0.1219
vn 0.0465 0.0622 0.9970
vn 0.5614 0.8193 -0.1164
vn 0.6796 0.7240 -0.1183
vn 0.0544 0.0491 0.9973
vn 0.7761 0.6237 -0.0932
vn 0.8402 0.5236 -0.1415
vn 0.0834 0.0494 0.9953
vn 0.0121 0.0052 0.9999
vn 0.0931 0.0398 0.9949
vn 0.0179 0.0083 -0.9998
vn 0.0378 0.1209 0.9919
vn 0.4960 0.8630 -0.0964
vn 0.9692 0.2313 -0.0847
vn -0.0439 -0.0666 -0.9968
vn -0.0728 -0.9877 0.1385
vn 0.2855 -0.9580 0.0264
vn 0.0145 0.0891 0.9959
vn -0.4026 -0.9036 0.1464
vn 0.0559 0.0757 0.9956
vn 0.3944 0.9114 -0.1171
vn 0.0311 -0.1178 -0.9925
vn 0.0159 -0.1117 -0.9936
vn 0.9247 0.3509 -0.1478
vn 0.1862 0.9683 -0.1665
vn 0.4735 0.8744 -0.1060
vn 0.1045 0.0369 0.9938
vn 0.9274 0.3482 -0.1366
vn 0.1378 0.0186 0.9903
vn -0.8859 -0.4458 0.1281
vn -0.0414 -0.9917 0.1221
vn -0.0614 0.1549 0.9860
vn -0.3782 -0.9172 0.1253
vn -0.0314 -0.0902 -0.9954
vn -0.0001 -0.0059 1.0000
vn 0.7131 0.6986 -0.0579
vn -0.0639 -0.0716 -0.9954
vt 0.285714 0.000000
vt 0.872449 0.000000
vt 0.339790 0.000000
vt 0.423348 0.000000
vt 0.826609 0.000000
vt 0.920061 0.000000
vt 0.218482 0.000000
vt 0.980868 0.000000
vt 0.994875 0.000000
vt 0.479613 0.000000
vt 0.489796 0.000000
vt 0.538595 0.000000
vt 0.159581 0.000000
vt 0.658163 0.000000
vt 0.376279 0.000000
vt 0.733527 0.000000
vt 0.597208 0.000000
vt 0.068240 0.000000
vt 0.806612 0.000000
vt 0.971359 0.000000
vt 0.841495 0.000000
vt 0.072143 0.000000
vt 1.000000 0.000000
vt 0.147925 0.000000
vt 0.203608 0.000000
vt 0.743557 0.000000
vt 0.242268 0.000000
vt 0.265464 0.000000
vt 0.673277 0.000000
vt 0.304124 0.000000
vt 0.437500 0.000000
vt 0.527874 0.000000
vt 0.484536 0.000000
vt 0.344904 0.000000
vt 0.535156 0.000000
vt 0.618012 0.000000
vt 0.589595 0.000000
vt 0.489692 0.000000
vt 0.458454 0.000000
vt 0.417630 0.000000
vt 0.379385 0.000000
vt 0.655347 0.000000
vt 0.435775 0.000000
vt 0.989884 0.000000
vt 0.291185 0.000000
vt 0.817919 0.000000
vt 0.860041 0.000000
vt 0.241063 0.000000
vt 0.143783 0.000000
vt 0.900289 0.000000
vt 0.396670 0.000000
vt 0.183742 0.000000
vt 0.078002 0.000000
vt 0.331633 0.000000
vt 0.429937 0.000000
vt 0.354592 0.000000
vt 0.287197 0.000000
vt 0.232143 0.000000
vt 0.989434 0.000000
vt 0.880102 0.000000
vt 0.474226 0.000000
vt 0.540738 0.000000
vt 0.198980 0.000000
vt 0.586735 0.000000
vt 0.162134 0.000000
vt 0.628826 0.000000
vt 0.374998 0.000000
vt 0.733351 0.000000
vt 0.058673 0.000000
vt 0.000000 0.000000
vt 0.987013 0.000000
vt 0.013177 0.000000
vt 0.103896 0.000000
vt 0.935389 0.000000
vt 0.759736 0.000000
vt 0.173138 0.000000
vt 0.868507 0.000000
vt 0.802446 0.000000
vt 0.234843 0.000000
vt 0.733766 0.000000
vt 0.658691 0.000000
vt 0.551949 0.000000
vt 0.444793 0.000000
vt 0.336858 0.000000
vt 0.506494 0.000000
vt 0.882231 0.000000
vt 0.297362 0.000000
vt 0.964360 0.000000
vt 0.827032 0.000000
vt 0.094008 0.000000
vt 0.798915 0.000000
vt 0.176789 0.000000
vt 0.208575 0.000000
vt 0.255124 0.000000
vt 0.739670 0.000000
vt 0.321523 0.000000
vt 0.280992 0.000000
vt 0.470669 0.000000
vt 0.510330 0.000000
vt 0.495868 0.000000
vt 0.541323 0.000000
vt 0.353306 0.000000
vt 0.393595 0.000000
vt 0.315676 0.000000
vt 0.435339 0.000000
vt 0.373684 0.000000
vt 0.881579 0.000000
vt 0.857895 0.000000
vt 0.925000 0.000000
vt 0.826316 0.000000
vt 0.276316 0.000000
vt 0.468421 0.000000
vt 0.777632 0.000000
vt 0.982895 0.000000
vt 0.136842 0.000000
vt 0.225000 0.000000
vt 0.727631 0.000000
vt 0.524351 0.000000
vt 0.570430 0.000000
vt 0.675702 0.000000
vt 0.053180 0.000000
vt 0.125179 0.000000
vt 0.623684 0.000000
vt 0.947366 0.000000
vt 0.982456 0.000000
vt 0.466435 0.000000
vt 0.869518 0.000000
vt 0.078947 0.000000
vt 0.204410 0.000000
vt 0.557602 0.000000
vt 0.392544 0.000000
vt 0.767544 0.000000
vt 0.295897 0.000000
vt 0.381707 0.000000
vt 0.343113 0.000000
vt 0.931326 0.000000
vt 0.787586 0.000000
vt 0.821429 0.000000
vt 0.464286 0.000000
vt 0.237245 0.000000
vt 0.989796 0.000000
vt 0.479592 0.000000
vt 0.533060 0.000000
vt 0.159371 0.000000
vt 0.387117 0.000000
vt 0.729592 0.000000
vt 0.098313 0.000000
vt 0.842434 0.000000
vt 0.988528 0.000000
vt 0.887540 0.000000
vt 0.787973 0.000000
vt 0.165892 0.000000
vt 0.234023 0.000000
vt 0.307989 0.000000
vt 0.355203 0.000000
vt 0.533308 0.000000
vt 0.662740 0.000000
vt 0.441906 0.000000
vt 0.502463 0.000000
vt 0.615707 0.000000
vt 0.570448 0.000000
vt 0.366330 0.000000
vt 0.696013 0.000000
vt 0.346947 0.000000
vt 0.838876 0.000000
vt 0.991330 0.000000
vt 0.303468 0.000000
vt 0.251418 0.000000
vt 0.875824 0.000000
vt 0.135758 0.000000
vt 0.399204 0.000000
vt 0.780347 0.000000
vt 0.168735 0.000000
vt 0.055982 0.000000
vt 0.300382 0.000000
vt 0.423469 0.000000
vt 0.369367 0.000000
vt 0.904048 0.000000
vt 0.826394 0.000000
vt 0.248087 0.000000
vt 0.954082 0.000000
vt 0.771683 0.000000
vt 0.479502 0.000000
vt 0.984694 0.000000
vt 0.544201 0.000000
vt 0.174745 0.000000
vt 0.624253 0.000000
vt 0.661423 0.000000
vt 0.730999 0.000000
vt 0.101049 0.000000
vt 0.666667 0.000000
vt 0.333333 0.000000
vt 0.012987 0.000000
vt 0.045455 0.000000
vt 0.120822 0.000000
vt 0.939560 0.000000
vt 0.756831 0.000000
vt 0.854972 0.000000
vt 0.811689 0.000000
vt 0.198052 0.000000
vt 0.769481 0.000000
vt 0.272174 0.000000
vt 0.701299 0.000000
vt 0.493506 0.000000
vt 0.616884 0.000000
vt 0.367453 0.000000
vt 0.303571 0.000000
vt 0.367968 0.000000
vt 0.433674 0.000000
vt 0.276786 0.000000
vt 0.866467 0.000000
vt 0.801020 0.000000
vt 0.957909 0.000000
vt 0.881378 0.000000
vt 0.218688 0.000000
vt 0.479403 0.000000
vt 0.176020 0.000000
vt 0.586735 0.000000
vt 0.292368 0.065986
vt 0.118402 0.000000
vt 0.799102 0.014334
vt 0.871938 0.080234
vt 0.964825 0.045454
vt 0.071175 0.036170
vt 0.153931 0.096914
vt 0.203240 0.456393
vt 0.742334 0.045453
vt 0.262550 0.149645
vt 0.693859 0.458329
vt 0.326282 0.150369
vt 0.388147 0.199695
vt 0.479584 0.451604
vt 0.489772 0.460113
vt 0.684713 0.049703
vt 0.656454 0.045454
vt 0.627335 0.453945
vt 0.520811 0.000000
vt 0.580925 0.000000
vt 0.615309 0.000000
vt 0.418157 0.000000
vt 0.363440 0.000000
vt 0.653902 0.000000
vt 0.739414 0.000000
vt 0.286850 0.000000
vt 0.841222 0.000000
vt 0.244217 0.000000
vt 0.875600 0.000000
vt 0.946256 0.000000
vt 0.910404 0.000000
vt 0.786082 0.000000
vt 0.128613 0.000000
vt 0.176168 0.000000
vt 0.010569 0.000000
vt 0.106214 0.000000
vt 0.292150 0.000000
vt 0.358371 0.000000
vt 0.432398 0.000000
vt 0.875000 0.000000
vt 0.829080 0.000000
vt 0.929104 0.000000
vt 0.770408 0.000000
vt 0.479284 0.000000
vt 0.234068 0.000000
vt 0.534932 0.000000
vt 0.694515 0.000000
vt 0.734694 0.000000
vt 0.011073 0.227680
vt 0.168367 0.000000
vt 0.601666 0.000000
vt 0.101403 0.000000
vt 0.000000 0.454632
vt 0.013214 0.000000
vt 0.108980 0.000000
vt 0.965254 0.000000
vt 0.876624 0.000000
vt 0.199153 0.000000
vt 0.837663 0.000000
vt 0.798702 0.000000
vt 0.746753 0.000000
vt 0.694806 0.000000
vt 0.481066 0.000000
vt 0.287337 0.000000
vt 0.855702 0.449106
vt 0.923903 0.449337
vt 0.984140 0.455383
vt 0.835075 0.022727
vt 0.031599 0.022057
vt 0.803666 0.016753
vt 0.139492 0.110381
vt 0.179647 0.455672
vt 0.766289 0.038741
vt 0.262296 0.452866
vt 0.707218 0.078455
vt 0.706959 0.078455
vt 0.289952 0.455767
vt 0.323552 0.455355
vt 0.680067 0.270872
vt 0.483577 0.451082
vt 0.529435 0.164845
vt 0.638935 0.211621
vt 0.657067 0.045455
vt 0.563564 0.263253
vt 0.602375 0.215355
vt 0.594884 0.072653
vt 0.417590 0.450452
vt 0.311020 0.000000
vt 0.393890 0.000000
vt 0.452944 0.000000
vt 0.836842 0.000000
vt 0.794541 0.000000
vt 0.710526 0.000000
vt 0.084210 0.000000
vt 0.193433 0.000000
vt 0.528947 0.000000
vt 0.567105 0.000000
vt 0.667105 0.000000
vt 0.613158 0.000000
vt 0.086514 0.000000
vt 0.146053 0.000000
vt 0.947367 0.000000
vt 0.000000 0.452689
vt 0.017241 0.015520
vt 0.929825 0.000000
vt 0.834201 0.007592
vt 0.035088 0.000000
vt 0.093189 0.282215
vt 0.179229 0.313951
vt 0.280702 0.000000
vt 0.436044 0.022727
vt 0.513158 0.000000
vt 0.672536 0.000000
vt 0.530626 0.000000
vt 0.274661 0.000000
vt 0.320449 0.000000
vt 0.862245 0.000000
vt 0.387183 0.000000
vt 0.809416 0.000000
vt 0.443878 0.000000
vt 0.479238 0.000000
vt 0.236431 0.000000
vt 0.988931 0.000000
vt 0.198980 0.000000
vt 0.582908 0.000000
vt 0.647959 0.000000
vt 0.734246 0.000000
vt 0.049477 0.473646
vt 0.162868 0.000000
vt 0.861830 0.441744
vt 0.940601 0.453202
vt 0.974284 0.045454
vt 0.864592 0.119265
vt 0.060193 0.063812
vt 0.834167 0.000000
vt 0.128342 0.315754
vt 0.178173 0.323124
vt 0.790992 0.456922
vt 0.214821 0.347811
vt 0.316019 0.453349
vt 0.733631 0.207968
vt 0.704972 0.123378
vt 0.398477 0.456188
vt 0.644218 0.045454
vt 0.703907 0.123378
vt 0.533835 0.000000
vt 0.556717 0.453536
vt 0.600759 0.259936
vt 0.468363 0.457170
vt 0.501625 0.000000
vt 0.578970 0.000000
vt 0.616072 0.000000
vt 0.379758 0.000000
vt 0.663315 0.000000
vt 0.346821 0.000000
vt 0.299411 0.000000
vt 0.804191 0.000000
vt 0.829480 0.000000
vt 0.866576 0.000000
vt 0.258763 0.000000
vt 0.968208 0.000000
vt 0.937861 0.000000
vt 0.731877 0.000000
vt 0.126513 0.067645
vt 0.135310 0.000000
vt 0.107143 0.000000
vt 0.174133 0.000000
vt 0.199422 0.000000
vt 0.321429 0.000000
vt 0.352041 0.000000
vt 0.390312 0.000000
vt 0.290816 0.000000
vt 0.862245 0.000000
vt 0.927448 0.000000
vt 0.829082 0.000000
vt 0.242759 0.000000
vt 0.783163 0.000000
vt 0.990120 0.000000
vt 0.479242 0.000000
vt 0.533189 0.000000
vt 0.149222 0.000000
vt 0.576531 0.000000
vt 0.744799 0.000000
vt 0.159192 0.457614
vt 0.000000 0.454096
vt 0.000000 0.454643
vt 0.013242 0.000000
vt 0.084415 0.000000
vt 0.122126 0.000000
vt 0.758335 0.000000
vt 0.873377 0.000000
vt 0.200027 0.000000
vt 0.812850 0.000000
vt 0.759740 0.000000
vt 0.253247 0.000000
vt 0.696429 0.000000
vt 0.483942 0.000000
vt 0.642857 0.000000
vt 0.305195 0.000000
vt 0.025000 0.542336
vt 0.000000 0.547781
vt 0.067881 0.547235
vt 0.025008 0.449010
vt 0.070913 0.452786
vt 0.168315 0.454452
vt 0.113091 0.545213
vt 0.164363 0.546306
vt 0.117245 0.454147
vt 0.199868 0.540277
vt 0.225015 0.448413
vt 0.200000 0.452832
vt 0.250000 0.544653
vt 0.225000 0.545948
vt 0.274958 0.542943
vt 0.250034 0.451340
vt 0.300035 0.452374
vt 0.337291 0.454049
vt 0.275000 0.454860
vt 0.361857 0.550886
vt 0.308019 0.547434
vt 0.388523 0.456936
vt 0.436657 0.455748
vt 0.450000 0.549064
vt 0.411399 0.549696
vt 0.489378 0.552241
vt 0.484991 0.458704
vt 0.525020 0.457364
vt 0.564697 0.456072
vt 0.651152 0.546893
vt 0.615657 0.446388
vt 0.589146 0.553825
vt 0.729811 0.453386
vt 0.778961 0.544479
vt 0.947636 0.454838
vt 0.975000 0.550470
vt 0.946508 0.547985
vt 1.000000 0.454643
vt 0.975000 0.457497
vt 0.016595 0.940039
vt 0.143162 0.548117
vt 0.000878 0.659024
vt 0.233410 0.449050
vt 0.016918 0.367573
vt 0.298039 0.542955
vt 0.424259 0.451037
vt 0.366490 0.087975
vt 0.344636 0.453688
vt 0.483286 0.268311
vt 0.527708 0.546013
vt 0.487560 0.454545
vt 0.447901 0.546364
vt 0.538165 0.451601
vt 0.592279 0.453057
vt 0.650650 0.453358
vt 0.585509 0.179644
vt 0.646596 0.545512
vt 0.592736 0.543819
vt 0.561261 0.885111
vt 0.702264 0.545324
vt 0.703676 0.453696
vt 0.708154 0.838464
vt 0.736842 0.454392
vt 0.763128 0.454761
vt 0.732841 0.165848
vt 0.745475 0.545861
vt 0.842843 0.085202
vt 0.796497 0.544331
vt 0.850168 0.545959
vt 0.800679 0.453527
vt 0.900758 0.547462
vt 0.870771 0.454544
vt 0.852767 0.886703
vt 0.947368 0.459267
vt 0.947368 0.551483
vt 0.974368 0.546862
vt 0.000000 0.547037
vt 0.250000 0.449110
vt 0.250000 0.542144
vt 0.500000 0.453002
vt 0.750000 0.550696
vt 0.500000 0.545910
vt 1.000000 0.547037
vt 0.750000 0.458210
vt 0.041234 0.547383
vt 0.027579 0.457383
vt 0.031159 0.848929
vt 0.018581 0.136364
vt 0.074347 0.452622
vt 0.139758 0.545976
vt 0.089374 0.545496
vt 0.169948 0.551275
vt 0.216293 0.551474
vt 0.198680 0.547912
vt 0.216216 0.454693
vt 0.202645 0.451468
vt 0.229699 0.457495
vt 0.229730 0.546610
vt 0.243243 0.454180
vt 0.243243 0.545551
vt 0.256698 0.456869
vt 0.256757 0.545437
vt 0.270270 0.453111
vt 0.283784 0.452835
vt 0.302736 0.453038
vt 0.303107 0.544694
vt 0.274831 0.544763
vt 0.331810 0.543872
vt 0.324324 0.453083
vt 0.357754 0.544196
vt 0.376428 0.449734
vt 0.344076 0.451709
vt 0.390109 0.541514
vt 0.410975 0.449844
vt 0.432478 0.445211
vt 0.424544 0.543878
vt 0.445946 0.541957
vt 0.466384 0.542747
vt 0.494465 0.543812
vt 0.481779 0.451499
vt 0.523212 0.545930
vt 0.527023 0.451354
vt 0.508611 0.453504
vt 0.540541 0.452943
vt 0.567520 0.543882
vt 0.554086 0.450878
vt 0.554054 0.545962
vt 0.540522 0.542167
vt 0.567568 0.454187
vt 0.581114 0.451489
vt 0.581041 0.543481
vt 0.594595 0.456020
vt 0.612067 0.454618
vt 0.594595 0.546217
vt 0.614197 0.546517
vt 0.635141 0.458652
vt 0.648775 0.547686
vt 0.635134 0.552635
vt 0.684623 0.547297
vt 0.649170 0.457651
vt 0.651975 0.774892
vt 0.702703 0.453893
vt 0.715045 0.138585
vt 0.685323 0.457108
vt 0.725399 0.893604
vt 0.702697 0.545382
vt 0.719600 0.454051
vt 0.747150 0.451682
vt 0.721731 0.545336
vt 0.749254 0.544720
vt 0.775865 0.452225
vt 0.775467 0.543026
vt 0.819813 0.914158
vt 0.790214 0.150050
vt 0.807792 0.544245
vt 0.803391 0.452675
vt 0.845394 0.453882
vt 0.871065 0.547223
vt 0.940123 0.557277
vt 0.972973 0.453294
vt 0.915023 0.452552
vt 0.986722 0.551237
vt 0.972973 0.545384
vt 1.000000 0.399328
vt 0.986348 0.456967
vt 0.067440 0.452143
vt -0.000001 0.272731
vt 0.000000 0.364771
vt 0.065969 0.545317
vt -0.000001 0.633693
vt 0.119970 0.871465
vt 0.120000 0.454545
vt 0.174209 0.454545
vt 0.176522 0.192183
vt 0.254835 0.454545
vt 0.226893 0.545427
vt 0.148225 0.545575
vt 0.304505 0.234102
vt 0.352786 0.546950
vt 0.368284 0.455127
vt 0.461320 0.318398
vt 0.536498 0.456069
vt 0.462478 0.546720
vt 0.562513 0.830697
vt 0.581224 0.547409
vt 0.674894 0.451320
vt 0.647944 0.094545
vt 0.699876 0.547492
vt 0.780056 0.453259
vt 0.919960 0.545975
vt 0.803949 0.546649
vt 0.756451 0.715432
vt 0.918538 0.453362
vt 0.974638 0.221930
vt 0.907961 0.189380
vt 0.960512 0.452288
vt 0.032954 0.455379
vt 0.068680 0.455189
vt 0.066010 0.548338
vt 0.028984 0.547268
vt 0.016172 0.918355
vt 0.100935 0.543638
vt 0.101078 0.452537
vt 0.136017 0.454947
vt 0.121340 0.547965
vt 0.121605 0.455299
vt 0.155882 0.546035
vt 0.145985 0.545611
vt 0.136591 0.544097
vt 0.150971 0.455066
vt 0.172910 0.454646
vt 0.220636 0.549388
vt 0.168267 0.546120
vt 0.231313 0.447968
vt 0.266871 0.547300
vt 0.261890 0.454957
vt 0.249792 0.561371
vt 0.313881 0.542500
vt 0.281194 0.455991
vt 0.296642 0.453761
vt 0.282405 0.544054
vt 0.306542 0.455243
vt 0.323396 0.453712
vt 0.306569 0.545744
vt 0.297038 0.547171
vt 0.313869 0.454545
vt 0.323868 0.546057
vt 0.338333 0.450675
vt 0.371184 0.447194
vt 0.354238 0.542036
vt 0.339631 0.546517
vt 0.352988 0.450782
vt 0.368074 0.542742
vt 0.382649 0.542351
vt 0.405475 0.549417
vt 0.409305 0.452348
vt 0.389802 0.448146
vt 0.438028 0.543776
vt 0.438112 0.788302
vt 0.457904 0.545868
vt 0.456813 0.454545
vt 0.459219 0.363636
vt 0.438021 0.447777
vt 0.471960 0.454545
vt 0.486170 0.321825
vt 0.489991 0.122737
vt 0.484178 0.454545
vt 0.472935 0.545455
vt 0.473311 0.678951
vt 0.483799 0.545455
vt 0.498912 0.545455
vt 0.519007 0.454029
vt 0.498723 0.453048
vt 0.519249 0.547341
vt 0.495814 0.643936
vt 0.546135 0.547402
vt 0.516699 0.956516
vt 0.558664 0.452786
vt 0.573697 0.084252
vt 0.577571 0.943697
vt 0.574714 0.552160
vt 0.605450 0.549225
vt 0.598020 0.453178
vt 0.620438 0.454968
vt 0.620438 0.547666
vt 0.627751 0.449582
vt 0.627733 0.542616
vt 0.646020 0.454115
vt 0.671357 0.455292
vt 0.719749 0.451296
vt 0.685721 0.542935
vt 0.695658 0.453754
vt 0.650813 0.546481
vt 0.721454 0.545348
vt 0.742279 0.544101
vt 0.749092 0.451576
vt 0.734391 0.449933
vt 0.756936 0.547636
vt 0.781044 0.453623
vt 0.759124 0.453044
vt 0.766435 0.450932
vt 0.766423 0.545209
vt 0.773690 0.543534
vt 0.773723 0.453812
vt 0.782967 0.543902
vt 0.788321 0.455857
vt 0.797426 0.453950
vt 0.796687 0.545142
vt 0.844346 0.110755
vt 0.845012 0.545455
vt 0.822080 0.818182
vt 0.839416 0.272727
vt 0.825996 0.356726
vt 0.839416 0.727273
vt 0.825089 0.649883
vt 0.846715 0.272727
vt 0.839416 0.363636
vt 0.846715 0.727273
vt 0.883183 0.967765
vt 0.865799 0.762671
vt 0.865539 0.232891
vt 0.843478 0.454545
vt 0.861280 0.452927
vt 0.846715 0.363636
vt 0.863329 0.544851
vt 0.846715 0.636364
vt 0.854015 0.727273
vt 0.854015 0.272727
vt 0.881855 0.447706
vt 0.881551 0.545029
vt 0.880934 0.232891
vt 0.926576 0.056974
vt 0.906983 0.545029
vt 0.880827 0.762671
vt 0.907713 0.444111
vt 0.958984 0.545991
vt 0.985401 0.453305
vt 0.961572 0.447776
vt 0.985401 0.545539
vt 0.992700 0.457642
vt 0.992707 0.550311
vt 1.000000 0.394621
vt 0.105212 0.550973
vt -0.000009 0.454692
vt -0.000004 0.547119
vt 0.186145 0.817339
vt 0.180371 0.547977
vt 0.251465 0.546597
vt 0.325096 0.455401
vt 0.238364 0.458224
vt 0.348433 0.545959
vt 0.356947 0.834506
vt 0.424025 0.651031
vt 0.421009 0.342601
vt 0.365513 0.162375
vt 0.396079 0.454545
vt 0.419251 0.545455
vt 0.464022 0.454281
vt 0.577205 0.454665
vt 0.592634 0.122266
vt 0.550150 0.545556
vt 0.470842 0.546044
vt 0.635224 0.923044
vt 0.662469 0.549958
vt 0.783603 0.547673
vt 0.943790 0.448943
vt 0.732313 0.447614
vt 0.972942 0.547537
vt 0.944175 0.540826
vt 0.037176 0.545455
vt 0.014294 0.456306
vt 0.009630 0.545455
vt 0.044736 0.455554
vt 0.060952 0.658242
vt 0.019000 0.757229
vt 0.013073 0.954541
vt 0.067819 0.545455
vt 0.072509 0.456793
vt 0.105363 0.451986
vt 0.096365 0.547247
vt 0.125206 0.937519
vt 0.115965 0.551630
vt 0.142710 0.452930
vt 0.173443 0.807143
vt 0.148065 0.548024
vt 0.178816 0.454545
vt 0.183674 0.545455
vt 0.183619 0.636364
vt 0.197738 0.454545
vt 0.207630 0.545455
vt 0.216003 0.838711
vt 0.223685 0.454545
vt 0.267381 0.545855
vt 0.266294 0.453426
vt 0.239513 0.545455
vt 0.302999 0.453737
vt 0.287893 0.454545
vt 0.289021 0.546025
vt 0.304074 0.549199
vt 0.317373 0.547032
vt 0.330429 0.453610
vt 0.346340 0.544792
vt 0.331549 0.546238
vt 0.346617 0.456343
vt 0.379114 0.454688
vt 0.361526 0.549964
vt 0.361455 0.455769
vt 0.395193 0.548164
vt 0.376563 0.549781
vt 0.417902 0.549933
vt 0.413486 0.457968
vt 0.433948 0.456008
vt 0.443500 0.547318
vt 0.477074 0.557765
vt 0.529851 0.545765
vt 0.505710 0.545953
vt 0.496253 0.454448
vt 0.529693 0.453085
vt 0.537313 0.542664
vt 0.558312 0.544077
vt 0.537313 0.452380
vt 0.585956 0.454545
vt 0.597707 0.546061
vt 0.572062 0.943182
vt 0.611303 0.454046
vt 0.640434 0.451454
vt 0.660821 0.937299
vt 0.630075 0.539153
vt 0.677946 0.753728
vt 0.686858 0.452769
vt 0.691650 0.543001
vt 0.662555 0.543609
vt 0.715191 0.764923
vt 0.715090 0.544659
vt 0.720397 0.954944
vt 0.723881 0.545443
vt 0.731343 0.546664
vt 0.721344 0.453435
vt 0.740590 0.454586
vt 0.731343 0.455244
vt 0.766883 0.454866
vt 0.741011 0.545030
vt 0.776128 0.545728
vt 0.767131 0.546221
vt 0.783572 0.451825
vt 0.776119 0.455695
vt 0.791045 0.545502
vt 0.783590 0.549366
vt 0.798507 0.451987
vt 0.798515 0.545514
vt 0.805970 0.543826
vt 0.824446 0.444690
vt 0.808431 0.452603
vt 0.817502 0.542840
vt 0.828391 0.548139
vt 0.842847 0.450023
vt 0.858685 0.543031
vt 0.839955 0.543417
vt 0.876737 0.451313
vt 0.902954 0.542535
vt 0.881218 0.544556
vt 0.902880 0.452852
vt 0.962490 0.547687
vt 0.930276 0.545881
vt 0.970144 0.454661
vt 0.985074 0.453822
vt 0.985055 0.547380
vt 0.992537 0.457324
vt 1.000000 0.545455
vt 0.992537 0.547680
vt 1.000000 0.763696
vt 0.094332 0.547323
vt 0.038562 0.547190
vt 0.033813 1.016949
vt 0.169957 0.547007
vt 0.120808 0.456807
vt 0.074506 0.462208
vt 0.137925 0.546882
vt 0.159133 0.455773
vt 0.184875 0.458213
vt 0.202756 0.552325
vt 0.189189 0.548117
vt 0.216185 0.457624
vt 0.202703 0.455616
vt 0.216216 0.547176
vt 0.229730 0.454766
vt 0.229730 0.546550
vt 0.256758 0.453364
vt 0.243243 0.454875
vt 0.243243 0.545615
vt 0.256758 0.545075
vt 0.274072 0.545139
vt 0.287938 0.455063
vt 0.270245 0.457156
vt 0.315710 0.451804
vt 0.301852 0.544979
vt 0.324382 0.548173
vt 0.343005 0.450756
vt 0.370150 0.447248
vt 0.345392 0.542727
vt 0.378076 0.541770
vt 0.391851 0.450246
vt 0.440453 0.445940
vt 0.405379 0.546522
vt 0.479457 0.542797
vt 0.466387 0.451336
vt 0.452959 0.540618
vt 0.493465 0.452796
vt 0.508158 0.544942
vt 0.553938 0.543757
vt 0.521164 0.453000
vt 0.527027 0.543947
vt 0.540541 0.453092
vt 0.554054 0.452989
vt 0.540541 0.545204
vt 0.567594 0.451446
vt 0.581081 0.545407
vt 0.567568 0.546583
vt 0.594617 0.456888
vt 0.581081 0.454664
vt 0.612824 0.551315
vt 0.594595 0.546950
vt 0.613304 0.453780
vt 0.635135 0.550429
vt 0.648843 0.458038
vt 0.635140 0.458123
vt 0.684617 0.547478
vt 0.648997 0.547377
vt 0.653745 0.784548
vt 0.711230 0.684778
vt 0.718423 0.342249
vt 0.701135 0.120842
vt 0.684084 0.354463
vt 0.702703 0.454545
vt 0.685294 0.454545
vt 0.721733 0.454257
vt 0.735370 0.545011
vt 0.710224 0.545455
vt 0.743243 0.204545
vt 0.768581 0.056818
vt 0.749239 0.453941
vt 0.776648 0.452477
vt 0.862313 0.926196
vt 0.805297 0.255548
vt 0.789214 0.545625
vt 0.763093 0.546485
vt 0.859661 0.164608
vt 0.826836 0.547193
vt 0.814070 0.453511
vt 0.868511 0.453198
vt 0.881976 0.542257
vt 0.930396 0.440783
vt 0.936873 0.556354
vt 0.972973 0.545041
vt 0.986486 0.457735
vt 0.972973 0.452973
vt 0.986501 0.551783
vt 1.000000 0.400675
vt 0.104562 0.545455
vt 0.001181 0.367007
vt 0.001400 0.628487
vt 0.178835 0.453457
vt 0.213491 0.134014
vt 0.110511 0.453536
vt 0.171237 0.545801
vt 0.152246 0.796350
vt 0.255018 0.547766
vt 0.252991 0.454545
vt 0.362755 0.456041
vt 0.325371 0.816954
vt 0.400000 0.547050
vt 0.335362 0.546135
vt 0.639552 0.840493
vt 0.484855 0.546354
vt 0.521372 0.456589
vt 0.640518 0.549999
vt 0.779532 0.450719
vt 0.640334 0.053734
vt 0.665256 0.454143
vt 0.793610 0.547727
vt 0.904691 0.191643
vt 0.917795 0.453554
vt 0.919980 0.545765
vt 0.974739 0.224402
vt 0.960339 0.452267
vt 0.000000 0.545482
vt 0.017241 0.457201
vt 0.034483 0.458033
vt 0.034483 0.549840
vt 0.017241 0.549516
vt 0.034483 0.000000
vt 0.065389 0.545455
vt 0.082612 0.678885
vt 0.033432 0.987111
vt 0.097906 0.454545
vt 0.066003 0.454545
vt 0.098924 0.545455
vt 0.135713 0.454545
vt 0.131633 0.546212
vt 0.178868 0.547592
vt 0.274660 0.772727
vt 0.230693 0.545326
vt 0.308020 0.446638
vt 0.205783 0.452135
vt 0.377846 0.884354
vt 0.193502 0.948092
vt 0.302775 0.546487
vt 0.465517 0.544909
vt 0.404487 0.447659
vt 0.392066 0.545739
vt 0.483111 0.459683
vt 0.465517 0.453168
vt 0.482873 0.551347
vt 0.523575 0.546597
vt 0.559631 0.452578
vt 0.656258 0.452815
vt 0.677266 0.546821
vt 0.605663 0.548655
vt 0.706963 0.460077
vt 0.753621 0.549058
vt 0.736003 0.455111
vt 0.849850 0.452692
vt 0.770338 0.455409
vt 0.788246 0.545733
vt 0.793103 0.455224
vt 0.810309 0.457941
vt 0.810345 0.546855
vt 0.827586 0.454585
vt 0.850942 0.543202
vt 0.827586 0.545211
vt 0.881986 0.454402
vt 0.913793 0.454624
vt 0.883891 0.545328
vt 0.913793 0.546907
vt 0.933895 0.034016
vt 0.913793 0.000000
vt 0.931035 0.546479
vt 0.933430 0.968026
vt 0.913793 0.981017
vt 0.948276 0.542800
vt 0.931035 0.454444
vt 0.948276 0.450996
vt 0.965517 0.452159
vt 0.965517 0.544994
vt 0.982759 0.545763
vt 1.000000 0.545482
vt 0.982759 0.452693
vt 0.041667 0.549167
vt 0.009888 0.454827
vt 0.009320 0.548572
vt 0.072312 0.549578
vt 0.020833 0.931818
vt 0.093411 0.454128
vt 0.051408 0.455915
vt 0.114413 0.548479
vt 0.169094 0.550952
vt 0.166632 0.461071
vt 0.135254 0.457850
vt 0.242796 0.456547
vt 0.199853 0.457290
vt 0.284764 0.456399
vt 0.261751 0.548207
vt 0.219515 0.548524
vt 0.326240 0.456213
vt 0.395750 0.449067
vt 0.333333 0.548012
vt 0.304758 0.548147
vt 0.354199 0.545998
vt 0.354167 0.454420
vt 0.375000 0.453029
vt 0.375045 0.548983
vt 0.416726 0.548215
vt 0.395833 0.545736
vt 0.446840 0.453273
vt 0.416667 0.452734
vt 0.437500 0.544376
vt 0.468720 0.541903
vt 0.507364 0.452335
vt 0.479056 0.449481
vt 0.549443 0.446356
vt 0.510987 0.544634
vt 0.553106 0.546469
vt 0.593442 0.445648
vt 0.635340 0.545864
vt 0.593322 0.543327
vt 0.677443 0.542338
vt 0.696676 0.449696
vt 0.645987 0.450679
vt 0.717208 0.542406
vt 0.740277 0.452145
vt 0.759961 0.548172
vt 0.783386 0.448660
vt 0.802501 0.544327
vt 0.812526 0.456238
vt 0.833333 0.545295
vt 0.833333 0.451941
vt 0.895882 0.450583
vt 0.854167 0.544589
vt 0.875000 0.453752
vt 0.854167 0.453188
vt 0.895833 0.545324
vt 0.874911 0.550369
vt 0.916667 0.455577
vt 0.916632 0.542831
vt 0.937536 0.451871
vt 0.937500 0.547241
vt 0.966388 0.547997
vt 0.999881 0.452805
vt 0.965778 0.455803
vt 0.065784 0.838575
vt 0.057504 0.546125
vt 0.012711 0.546353
vt 0.054394 0.455489
vt 0.002604 0.079545
vt 0.013494 0.455839
vt 0.089203 0.454333
vt 0.076778 0.146245
vt 0.104167 0.545358
vt 0.083253 0.547602
vt 0.130708 0.453472
vt 0.133924 0.545202
vt 0.167418 0.312463
vt 0.154367 0.671704
vt 0.175343 0.454545
vt 0.216688 0.449765
vt 0.241536 0.147727
vt 0.217153 0.544971
vt 0.174753 0.544616
vt 0.245619 0.871335
vt 0.268769 0.452734
vt 0.282062 0.545326
vt 0.341358 0.446092
vt 0.354574 0.545733
vt 0.343005 0.904135
vt 0.404146 0.448910
vt 0.408324 0.544017
vt 0.449219 0.914773
vt 0.446634 0.452341
vt 0.449650 0.547581
vt 0.492010 0.450899
vt 0.454794 0.167311
vt 0.492759 0.542691
vt 0.534303 0.545293
vt 0.562428 0.453865
vt 0.535289 0.453090
vt 0.543890 0.756456
vt 0.573209 0.545691
vt 0.583297 0.454960
vt 0.611527 0.545783
vt 0.651330 0.120889
vt 0.568623 0.120043
vt 0.654312 0.454901
vt 0.610512 0.454237
vt 0.653809 0.550425
vt 0.603779 0.756778
vt 0.696208 0.456845
vt 0.696623 0.547092
vt 0.761953 0.092398
vt 0.749555 0.456507
vt 0.759750 0.548974
vt 0.740991 0.831262
vt 0.812083 0.453306
vt 0.854028 0.177104
vt 0.831035 0.553612
vt 0.883712 0.454509
vt 0.884047 0.549012
vt 0.958932 0.106278
vt 0.926059 0.549291
vt 0.924945 0.822274
vt 0.959419 0.454374
vt 0.967717 0.547632
vt 1.000000 0.547759
vt 1.000000 0.886364
vt 0.028346 0.454100
vt 0.006388 0.454277
vt 0.011097 0.545958
vt 0.040357 0.545455
vt 0.053479 0.453065
vt 0.116060 0.451589
vt 0.087967 0.451654
vt 0.122439 0.909091
vt 0.111134 0.546723
vt 0.074932 0.549919
vt 0.148106 0.548385
vt 0.144499 0.463195
vt 0.183774 0.551057
vt 0.196721 0.455039
vt 0.196721 0.546969
vt 0.204919 0.452905
vt 0.213115 0.544939
vt 0.204918 0.545217
vt 0.214964 0.454960
vt 0.254113 0.452793
vt 0.244241 0.544811
vt 0.243754 0.453854
vt 0.221812 0.542222
vt 0.254099 0.545294
vt 0.204693 0.884349
vt 0.262295 0.545426
vt 0.270492 0.454467
vt 0.278689 0.455841
vt 0.278689 0.547396
vt 0.270476 0.548101
vt 0.288794 0.552025
vt 0.306300 0.549057
vt 0.323588 0.548284
vt 0.307742 0.454913
vt 0.343119 0.455942
vt 0.345165 0.547998
vt 0.368005 0.454811
vt 0.382994 0.547991
vt 0.364982 0.552543
vt 0.390970 0.456629
vt 0.419405 0.546384
vt 0.446377 0.454350
vt 0.451369 0.546348
vt 0.483653 0.544558
vt 0.470821 0.454716
vt 0.472306 0.546144
vt 0.491803 0.543471
vt 0.500000 0.545455
vt 0.491803 0.452186
vt 0.515409 0.770588
vt 0.512361 0.544422
vt 0.520660 0.455250
vt 0.504210 0.453353
vt 0.545320 0.555823
vt 0.528865 0.545852
vt 0.537155 0.452868
vt 0.565028 0.545418
vt 0.560554 0.454545
vt 0.585420 0.453921
vt 0.609661 0.453879
vt 0.590439 0.544075
vt 0.610905 0.551741
vt 0.632290 0.545481
vt 0.648461 0.453171
vt 0.651524 0.930275
vt 0.643982 0.772727
vt 0.662045 0.545806
vt 0.673033 0.739615
vt 0.696721 0.452949
vt 0.684280 0.454545
vt 0.687090 0.544469
vt 0.699283 0.863636
vt 0.696721 0.545106
vt 0.704918 0.454280
vt 0.704918 0.547196
vt 0.713115 0.547186
vt 0.724385 0.897727
vt 0.722603 0.455411
vt 0.713115 0.455156
vt 0.754104 0.454770
vt 0.754108 0.543607
vt 0.722348 0.546614
vt 0.744554 0.546422
vt 0.745125 0.455152
vt 0.762295 0.453464
vt 0.770492 0.545312
vt 0.762295 0.546830
vt 0.778689 0.544636
vt 0.770492 0.453874
vt 0.778689 0.451814
vt 0.786885 0.451816
vt 0.786885 0.544003
vt 0.798857 0.449763
vt 0.798755 0.546045
vt 0.815335 0.544391
vt 0.815260 0.450563
vt 0.834679 0.450123
vt 0.836677 0.541790
vt 0.857156 0.542202
vt 0.872893 0.451570
vt 0.893685 0.453660
vt 0.895554 0.546051
vt 0.872851 0.542497
vt 0.933954 0.545139
vt 0.967666 0.545471
vt 0.960001 0.453042
vt 0.983607 0.546748
vt 0.991803 0.456794
vt 0.991263 0.896850
vt 0.991803 0.547096
vt 1.000000 0.454545
vt 0.024998 0.540948
vt 0.000000 0.547927
vt 0.068011 0.547561
vt 0.025007 0.448863
vt 0.113102 0.543359
vt 0.071119 0.450372
vt 0.200078 0.448831
vt 0.199878 0.550480
vt 0.117243 0.454194
vt 0.166951 0.455117
vt 0.165866 0.544102
vt 0.224949 0.542223
vt 0.250000 0.454602
vt 0.225000 0.453696
vt 0.274957 0.542505
vt 0.250000 0.545833
vt 0.308045 0.453171
vt 0.359556 0.456170
vt 0.275028 0.457964
vt 0.300000 0.546749
vt 0.324922 0.545460
vt 0.363821 0.548936
vt 0.411725 0.457549
vt 0.461860 0.455405
vt 0.461986 0.554209
vt 0.411387 0.548507
vt 0.512391 0.459186
vt 0.560381 0.549875
vt 0.512216 0.548905
vt 0.612874 0.546789
vt 0.564729 0.456219
vt 0.693477 0.456248
vt 0.947233 0.460132
vt 0.612886 0.457603
vt 0.975000 0.550448
vt 0.946964 0.551764
vt 1.000000 0.454632
vt 0.975000 0.457854
vt 0.143552 0.553308
vt 0.230431 0.452238
vt 0.016372 0.454503
vt 0.298364 0.547314
vt 0.330682 0.451306
vt 0.262425 0.156160
vt 0.309817 0.833249
vt 0.407780 0.449473
vt 0.459104 0.547502
vt 0.381138 0.544786
vt 0.485073 0.451201
vt 0.481341 0.189102
vt 0.511671 0.544841
vt 0.558651 0.856282
vt 0.434538 0.681761
vt 0.538201 0.452633
vt 0.579910 0.542686
vt 0.607324 0.208242
vt 0.590209 0.453011
vt 0.648069 0.453221
vt 0.703747 0.872609
vt 0.703503 0.450519
vt 0.702324 0.542798
vt 0.649020 0.544866
vt 0.736842 0.454077
vt 0.745473 0.545863
vt 0.763158 0.454717
vt 0.796474 0.548563
vt 0.850232 0.547889
vt 0.800260 0.455714
vt 0.870788 0.455328
vt 0.850308 0.090909
vt 0.900760 0.547399
vt 0.947368 0.459104
vt 0.843476 0.903001
vt 0.947368 0.552042
vt 0.974235 0.545967
vt 0.107621 0.543899
vt 0.016554 0.549857
vt 0.021775 0.872382
vt 0.061344 0.545948
vt 0.094158 0.455122
vt 0.034632 0.453832
vt 0.141368 0.454743
vt 0.171159 0.455141
vt 0.202829 0.551383
vt 0.154579 0.545606
vt 0.183604 0.547541
vt 0.216216 0.455082
vt 0.197870 0.458846
vt 0.229730 0.454074
vt 0.216216 0.545455
vt 0.229730 0.546588
vt 0.243243 0.454202
vt 0.256694 0.449757
vt 0.243243 0.545992
vt 0.270270 0.544982
vt 0.256801 0.547097
vt 0.276188 0.454828
vt 0.304032 0.451454
vt 0.290217 0.545103
vt 0.331760 0.452478
vt 0.357700 0.450361
vt 0.364908 0.555456
vt 0.318129 0.543868
vt 0.385015 0.445666
vt 0.410981 0.542078
vt 0.384951 0.544097
vt 0.444443 0.541813
vt 0.440478 0.449983
vt 0.413341 0.450177
vt 0.479436 0.543064
vt 0.466540 0.445911
vt 0.493481 0.451316
vt 0.508161 0.543569
vt 0.521128 0.454240
vt 0.553996 0.548122
vt 0.554087 0.449192
vt 0.527027 0.544259
vt 0.540541 0.453464
vt 0.540541 0.544197
vt 0.567596 0.451516
vt 0.581081 0.546495
vt 0.567542 0.542271
vt 0.594595 0.454268
vt 0.581081 0.454711
vt 0.594595 0.547052
vt 0.612841 0.547564
vt 0.635140 0.458195
vt 0.613290 0.455894
vt 0.635135 0.549182
vt 0.648903 0.456195
vt 0.653481 0.796740
vt 0.685309 0.457112
vt 0.649070 0.218706
vt 0.684624 0.546963
vt 0.648995 0.547789
vt 0.702703 0.454364
vt 0.725144 0.828158
vt 0.702703 0.546452
vt 0.721776 0.452759
vt 0.724077 0.154123
vt 0.719562 0.544582
vt 0.747137 0.545455
vt 0.749257 0.453307
vt 0.776816 0.453779
vt 0.774588 0.545109
vt 0.783920 0.668316
vt 0.802374 0.544029
vt 0.881364 0.824123
vt 0.845305 0.547088
vt 0.867047 0.448581
vt 0.814105 0.453945
vt 0.922011 0.175366
vt 0.809092 0.102354
vt 0.914943 0.545981
vt 0.929909 0.452365
vt 0.972973 0.451858
vt 0.972974 0.544762
vt 0.986467 0.459066
vt 0.986501 0.552813
vt 1.000000 0.396856
vt 0.106663 0.451333
vt 0.067500 0.056818
vt 0.000722 0.364416
vt 0.002190 0.629342
vt 0.178811 0.454594
vt 0.171221 0.545791
vt 0.108734 0.544702
vt 0.162774 0.783303
vt 0.255038 0.547710
vt 0.235645 0.918727
vt 0.362858 0.455415
vt 0.252877 0.455349
vt 0.356972 0.549215
vt 0.329465 0.141350
vt 0.485190 0.850400
vt 0.521070 0.446639
vt 0.484694 0.546864
vt 0.584559 0.549137
vt 0.705063 0.686592
vt 0.679838 0.545455
vt 0.779855 0.547460
vt 0.665686 0.453015
vt 0.779883 0.454087
vt 0.699226 0.171780
vt 0.910357 0.797116
vt 0.672500 0.943182
vt 0.919325 0.452598
vt 0.919317 0.545384
vt 0.960129 0.449398
vt 0.967380 0.826307
vt 0.100901 0.547827
vt 0.037706 0.546288
vt 0.004170 0.752226
vt 0.067792 0.451830
vt 0.031614 0.447635
vt 0.073670 0.549376
vt 0.136364 0.454080
vt 0.101085 0.453383
vt 0.120943 0.544989
vt 0.136196 0.546613
vt 0.122041 0.454963
vt 0.145985 0.454249
vt 0.156133 0.454271
vt 0.155061 0.545337
vt 0.145985 0.545455
vt 0.168131 0.546085
vt 0.168159 0.454884
vt 0.219932 0.442402
vt 0.212636 0.547087
vt 0.249944 0.545317
vt 0.256035 0.453549
vt 0.274479 0.456840
vt 0.281182 0.548441
vt 0.267036 0.547550
vt 0.288715 0.454870
vt 0.296274 0.547576
vt 0.309646 0.453917
vt 0.299270 0.454545
vt 0.306602 0.548491
vt 0.323539 0.546176
vt 0.313869 0.545467
vt 0.323837 0.455609
vt 0.338843 0.454368
vt 0.339088 0.543488
vt 0.350340 0.449051
vt 0.360779 0.448829
vt 0.364964 0.542218
vt 0.353535 0.543065
vt 0.380245 0.450022
vt 0.378451 0.554654
vt 0.404110 0.546973
vt 0.409299 0.453040
vt 0.438022 0.450559
vt 0.438796 0.115488
vt 0.438028 0.543634
vt 0.463207 0.651916
vt 0.438139 0.806564
vt 0.456765 0.453399
vt 0.457905 0.545100
vt 0.479760 0.245175
vt 0.472288 0.454182
vt 0.477253 0.939888
vt 0.494346 0.668393
vt 0.484161 0.545455
vt 0.472668 0.545455
vt 0.503593 0.456224
vt 0.483840 0.454545
vt 0.502010 0.546106
vt 0.524349 0.549655
vt 0.547194 0.546426
vt 0.542847 0.453093
vt 0.536822 0.873599
vt 0.577251 0.548213
vt 0.572573 0.450539
vt 0.598996 0.090909
vt 0.526637 0.082034
vt 0.597999 0.453366
vt 0.620438 0.454917
vt 0.606536 0.546442
vt 0.620429 0.547990
vt 0.590777 0.804992
vt 0.627746 0.449780
vt 0.645052 0.544403
vt 0.627737 0.542553
vt 0.671341 0.549235
vt 0.678424 0.453985
vt 0.647052 0.454046
vt 0.707725 0.454140
vt 0.702008 0.545707
vt 0.726262 0.450024
vt 0.741809 0.544989
vt 0.727448 0.546592
vt 0.741616 0.452294
vt 0.766460 0.455793
vt 0.756200 0.546435
vt 0.783011 0.454175
vt 0.780993 0.546405
vt 0.766423 0.546104
vt 0.757299 0.453974
vt 0.773723 0.545994
vt 0.773723 0.454161
vt 0.788321 0.546718
vt 0.796688 0.453891
vt 0.797418 0.545188
vt 0.825974 0.345325
vt 0.843939 0.454545
vt 0.834293 0.888901
vt 0.857645 0.120548
vt 0.831549 0.727273
vt 0.839416 0.636364
vt 0.847442 0.545455
vt 0.864474 0.230276
vt 0.863160 0.453152
vt 0.863852 0.760076
vt 0.875912 0.363636
vt 0.880267 0.454545
vt 0.875912 0.636364
vt 0.897892 0.974126
vt 0.882755 0.760076
vt 0.883212 0.363636
vt 0.883212 0.545455
vt 0.899319 0.272727
vt 0.884701 0.230276
vt 0.900914 0.727273
vt 0.883212 0.636364
vt 0.897810 0.363636
vt 0.890511 0.363636
vt 0.897810 0.454545
vt 0.890511 0.454545
vt 0.897667 0.543647
vt 0.890511 0.545455
vt 0.897810 0.636364
vt 0.890511 0.636364
vt 0.886296 0.006457
vt 0.922462 0.545010
vt 0.926272 0.450623
vt 0.985387 0.451034
vt 0.985403 0.544890
vt 0.992700 0.457960
vt 0.992714 0.552361
vt 1.000000 0.393249
vt 0.141375 0.449293
vt 0.003594 0.260624
vt -0.000010 0.454674
vt 0.140876 0.545975
vt -0.000237 0.547179
vt 0.228945 0.817618
vt 0.241811 0.549959
vt 0.208869 0.140018
vt 0.245317 0.455530
vt 0.361013 0.271659
vt 0.325224 0.453979
vt 0.311479 0.547035
vt 0.367770 0.661390
vt 0.386858 0.545455
vt 0.394436 0.454545
vt 0.451323 0.454545
vt 0.550082 0.454004
vt 0.506617 0.297564
vt 0.667302 0.888915
vt 0.577339 0.543065
vt 0.463512 0.542122
vt 0.661445 0.451162
vt 0.803046 0.453531
vt 0.714629 0.163893
vt 0.944991 0.445980
vt 0.945601 0.541155
vt 0.972944 0.547198
vt 0.065582 0.546040
vt 0.026522 0.452589
vt 0.020843 0.551012
vt 0.085781 0.454383
vt 0.087242 0.810550
vt 0.128307 0.454331
vt 0.151307 0.900353
vt 0.149329 0.548881
vt 0.111940 0.547315
vt 0.153022 0.454075
vt 0.177607 0.455078
vt 0.188940 0.551987
vt 0.218856 0.547292
vt 0.230089 0.456100
vt 0.240868 0.546370
vt 0.230020 0.826947
vt 0.251684 0.455106
vt 0.262283 0.546001
vt 0.271574 0.454376
vt 0.275510 0.545455
vt 0.269960 0.691803
vt 0.285714 0.454225
vt 0.285714 0.546273
vt 0.299406 0.544859
vt 0.320375 0.452643
vt 0.298874 0.453881
vt 0.320046 0.542118
vt 0.298469 0.875000
vt 0.340155 0.543160
vt 0.341869 0.452780
vt 0.385254 0.202977
vt 0.371169 0.452530
vt 0.364894 0.548316
vt 0.428882 0.452944
vt 0.412247 0.555384
vt 0.346481 0.859995
vt 0.479299 0.545479
vt 0.517593 0.546162
vt 0.489879 0.551258
vt 0.589976 0.550750
vt 0.590482 0.460077
vt 0.522635 0.456586
vt 0.663281 0.544320
vt 0.629176 0.547483
vt 0.648928 0.454602
vt 0.649282 0.546111
vt 0.663256 0.457627
vt 0.673469 0.456250
vt 0.683673 0.546011
vt 0.673469 0.545628
vt 0.683673 0.454423
vt 0.693899 0.548401
vt 0.704082 0.544601
vt 0.714286 0.452707
vt 0.704082 0.454043
vt 0.714286 0.544720
vt 0.728379 0.546454
vt 0.728002 0.455584
vt 0.749814 0.451194
vt 0.790700 0.432426
vt 0.765304 0.542611
vt 0.749674 0.544716
vt 0.795914 0.537819
vt 0.780475 0.542664
vt 0.806122 0.450196
vt 0.826531 0.541823
vt 0.821401 0.450134
vt 0.811187 0.541973
vt 0.842030 0.447360
vt 0.841878 0.546816
vt 0.864894 0.545570
vt 0.865176 0.453365
vt 0.906859 0.451781
vt 0.912921 0.543561
vt 0.951596 0.452514
vt 0.979287 0.547850
vt 0.989796 0.457296
vt 0.979591 0.453804
vt 0.999940 0.555230
vt 0.989796 0.547410
vt 0.020259 0.453129
vt 0.078793 0.452491
vt 0.100768 0.553392
vt 0.038528 0.546139
vt 0.013670 0.948219
vt 0.139622 0.456576
vt 0.171169 0.454864
vt 0.144523 0.546845
vt 0.168930 0.548741
vt 0.189195 0.544468
vt 0.229691 0.457029
vt 0.197891 0.456019
vt 0.202888 0.557096
vt 0.216216 0.455575
vt 0.216216 0.546742
vt 0.229730 0.546813
vt 0.243243 0.545656
vt 0.256730 0.457435
vt 0.243243 0.454011
vt 0.256780 0.547928
vt 0.270270 0.544678
vt 0.287967 0.453460
vt 0.270247 0.455816
vt 0.283784 0.544272
vt 0.302800 0.542973
vt 0.310805 0.453882
vt 0.324324 0.543201
vt 0.331789 0.452928
vt 0.364398 0.448624
vt 0.378032 0.546448
vt 0.397366 0.447774
vt 0.410972 0.542289
vt 0.424547 0.450280
vt 0.452856 0.541908
vt 0.432432 0.541843
vt 0.445946 0.450124
vt 0.466382 0.450657
vt 0.493672 0.443442
vt 0.479455 0.544474
vt 0.507225 0.545198
vt 0.521123 0.453564
vt 0.554006 0.540040
vt 0.527027 0.544115
vt 0.540541 0.452727
vt 0.554087 0.451093
vt 0.540530 0.547296
vt 0.567568 0.454351
vt 0.581120 0.453250
vt 0.581081 0.546679
vt 0.567541 0.542298
vt 0.594595 0.455171
vt 0.594595 0.547146
vt 0.613301 0.453616
vt 0.612856 0.547556
vt 0.635135 0.551726
vt 0.648908 0.456216
vt 0.635138 0.457998
vt 0.685930 0.456260
vt 0.651893 0.222696
vt 0.683877 0.547003
vt 0.649004 0.547375
vt 0.653885 0.791159
vt 0.702703 0.545455
vt 0.716216 0.453703
vt 0.702714 0.456825
vt 0.716257 0.899783
vt 0.716216 0.545491
vt 0.733297 0.453864
vt 0.735356 0.545259
vt 0.757161 0.339552
vt 0.718433 0.119428
vt 0.762141 0.454545
vt 0.761865 0.545629
vt 0.790485 0.452651
vt 0.788225 0.544588
vt 0.814329 0.227272
vt 0.827251 0.547917
vt 0.842110 0.773307
vt 0.779607 0.894140
vt 0.830803 0.453227
vt 0.885262 0.451267
vt 0.882084 0.547303
vt 0.940011 0.445620
vt 0.822766 0.085354
vt 0.936900 0.558282
vt 0.972973 0.545036
vt 0.986472 0.458164
vt 0.972973 0.453151
vt 0.986500 0.552789
vt 1.000000 0.404050
vt 0.104419 0.453922
vt 0.117692 0.124125
vt 0.000749 0.363039
vt 0.002179 0.629417
vt 0.014783 0.759257
vt 0.110512 0.545027
vt 0.171156 0.453645
vt 0.178874 0.546741
vt 0.250781 0.456882
vt 0.227027 0.833620
vt 0.257130 0.547526
vt 0.362982 0.456243
vt 0.373324 0.547981
vt 0.520765 0.455141
vt 0.433958 0.055033
vt 0.416223 0.894948
vt 0.678834 0.455555
vt 0.679567 0.545665
vt 0.543430 0.553345
vt 0.783321 0.547902
vt 0.914665 0.452542
vt 0.678754 0.868372
vt 0.919287 0.545987
vt 0.960377 0.448515
vt 0.849970 0.000000
vt 0.939607 0.000000
vt 0.914325 0.000000
vt 0.270281 0.000000
vt 0.212414 0.000000
vt 0.286517 0.000000
vt 0.220760 0.000000
vt 0.146067 0.000000
vt 0.007023 0.000000
vt 0.074367 0.000000
vt 0.066518 0.000000
vt 0.140449 0.000000
vt 0.334796 0.000000
vt 0.380445 0.000000
vt 0.794118 0.000000
vt 0.719797 0.000000
vt 0.710674 0.000000
vt 0.684691 0.000000
vt 0.509247 0.000000
vt 0.786517 0.000000
vt 0.643258 0.000000
vt 0.580773 0.000000
vt 0.573034 0.000000
vt 0.017377 0.000000
vt 0.173432 0.000000
vt 0.160000 0.000000
vt 0.490034 0.000000
vt 0.571667 0.000000
vt 0.506667 0.000000
vt 0.385000 0.000000
vt 0.919522 0.000000
vt 0.725417 0.000000
vt 0.840000 0.000000
vt 0.826667 0.000000
vt 0.205145 0.000000
vt 0.174342 0.000000
vt 0.144737 0.000000
vt 0.316145 0.000000
vt 0.844283 0.000000
vt 0.708440 0.000000
vt 0.461761 0.000000
vt 0.562911 0.000000
vt 0.810033 0.000000
vt 0.827552 0.000000
vt 0.729315 0.000000
vt 0.933588 0.000000
vt 0.523809 0.000000
vt 0.035330 0.000000
vt 0.539726 0.000000
vt 0.225304 0.000000
vt 0.121757 0.000000
vt 0.153730 0.000000
vt 0.399768 0.000000
vt 0.252992 0.000000
vt 0.340390 0.000000
vt 0.323925 0.000000
vt 0.810349 0.000000
vt 0.295873 0.000000
vt 0.834924 0.000000
vt 0.439659 0.000000
vt 0.168048 0.000000
vt 0.392239 0.000000
vt 0.232159 0.000000
vt 0.529155 0.000000
vt 0.075246 0.000000
vt 0.607979 0.000000
vt 0.709724 0.000000
vt 0.681677 0.000000
vt 0.905327 0.000000
vt 0.927860 0.000000
vt 0.871287 0.000000
vt 0.998840 0.000000
vt 0.881188 0.000000
vt 0.753737 0.000000
vt 0.080446 0.000000
vt 0.122874 0.000000
vt 0.108911 0.000000
vt 0.496423 0.000000
vt 0.625730 0.000000
vt 0.613861 0.000000
vt 0.742574 0.000000
vt 0.280491 0.000000
vt 0.282797 0.000000
vt 0.378713 0.000000
vt 0.356436 0.000000
vt 0.563830 0.000000
vt 0.925532 0.000000
vt 0.696413 0.000000
vt 0.401948 0.000000
vt 0.148026 0.000000
vt 0.532158 0.000000
vt 0.709423 0.000000
vt 0.599019 0.000000
vt 0.945008 0.000000
vt 0.776120 0.000000
vt 0.808139 0.000000
vt 0.784884 0.000000
vt 0.891660 0.000000
vt 0.157573 0.000000
vt 0.148812 0.000000
vt 0.118791 0.000000
vt 0.277253 0.000000
vt 0.386445 0.000000
vt 0.347969 0.000000
vt 0.354651 0.000000
vt 0.067706 0.000000
vt 0.142497 0.000000
vt 0.074713 0.000000
vt 0.861456 0.000000
vt 0.850015 0.000000
vt 0.836207 0.000000
vt 0.919540 0.000000
vt 0.553807 0.000000
vt 0.570565 0.000000
vt 0.979952 0.000000
vt 0.428160 0.000000
vt 0.393063 0.000000
vt 0.202494 0.000000
vt 0.341961 0.000000
vt 0.288496 0.000000
vt 0.280070 0.000000
vt 0.924633 0.000000
vt 0.738818 0.000000
vt 0.936457 0.000000
vt 0.757088 0.000000
vt 0.336557 0.000000
vt 0.515625 0.000000
vt 0.374601 0.000000
vt 0.622786 0.000000
vt 0.240434 0.000000
vt 0.198676 0.000000
vt 0.082240 0.000000
vt 0.153591 0.000000
vt 0.122449 0.000000
vt 0.117347 0.000000
vt 0.701172 0.000000
vt 0.153401 0.000000
vt 0.113375 0.000000
vt 0.284091 0.000000
vt 0.419214 0.000000
vt 0.742985 0.000000
vt 0.659091 0.000000
vt 0.433393 0.000000
vt 0.066322 0.000000
vt 0.080056 0.000000
vt 0.130793 0.000000
vt 0.211288 0.000000
vt 0.231742 0.000000
vt 0.281601 0.000000
vt 0.879249 0.000000
vt 0.939957 0.000000
vt 0.267921 0.000000
vt 0.457739 0.180478
vt 0.000004 0.454091
vt 0.821613 0.000000
vt 0.335675 0.000000
vt 0.383662 0.000000
vt 0.719076 0.000000
vt 0.714209 0.000000
vt 0.482444 0.000000
vt 0.665730 0.000000
vt 0.786128 0.000000
vt 0.792135 0.000000
vt 0.609234 0.000000
vt 0.536868 0.000000
vt 0.578652 0.000000
vt 0.425846 0.000000
vt 0.493333 0.000000
vt 0.507354 0.000000
vt 0.158594 0.000000
vt 0.173755 0.000000
vt 0.005006 0.137004
vt 0.669167 0.000000
vt 0.826667 0.000000
vt 0.843326 0.000000
vt 0.826398 0.000000
vt 0.255594 0.045454
vt 0.142853 0.442181
vt 0.155856 0.453963
vt 0.485722 0.000000
vt 0.869810 0.045454
vt 0.810480 0.038279
vt 0.634100 0.000000
vt 0.375340 0.001980
vt 0.828947 0.000000
vt 0.843607 0.000000
vt 0.831374 0.000000
vt 0.933229 0.000000
vt 0.728995 0.000000
vt 0.442243 0.000000
vt 0.539277 0.000000
vt 0.107782 0.027053
vt 0.155242 0.000000
vt 0.401933 0.000000
vt 0.266927 0.000000
vt 0.335164 0.000000
vt 0.320229 0.000000
vt 0.810210 0.019040
vt 0.816047 0.080578
vt 0.306687 0.129349
vt 0.468167 0.000000
vt 0.207687 0.105666
vt 0.235664 0.099546
vt 0.433091 0.129123
vt 0.502934 0.197825
vt 0.533980 0.000000
vt 0.159315 0.090251
vt 0.554422 0.049034
vt 0.608696 0.000000
vt 0.682243 0.116154
vt 0.754037 0.000000
vt 0.883187 0.000000
vt 0.613143 0.000000
vt 0.623762 0.000000
vt 0.741211 0.000000
vt 0.495050 0.000000
vt 0.226312 0.014437
vt 0.106256 0.000000
vt 0.127807 0.000000
vt 0.022475 0.000000
vt 0.240718 0.000000
vt 0.366337 0.000000
vt 0.236635 0.032986
vt 0.356439 0.000000
vt 0.524047 0.000000
vt 0.633332 0.113322
vt 0.872121 0.070510
vt 0.149877 0.205818
vt 0.418772 0.000000
vt 0.528601 0.438763
vt 0.860250 0.000000
vt 0.538790 0.000000
vt 0.603743 0.000000
vt 0.776882 0.000000
vt 0.791061 0.000000
vt 0.889575 0.000000
vt 0.092981 0.000000
vt 0.119364 0.000000
vt 0.159325 0.000000
vt 0.274476 0.000000
vt 0.363189 0.000000
vt 0.065122 0.109431
vt 0.348837 0.000000
vt 0.001801 0.082745
vt 0.068966 0.000000
vt 0.081897 0.000000
vt 0.142785 0.000000
vt 0.915938 0.000000
vt 0.852277 0.000000
vt 0.553868 0.000000
vt 0.570458 0.000000
vt 0.416369 0.000000
vt 0.363479 0.000000
vt 0.210682 0.000000
vt 0.316548 0.000000
vt 0.280992 0.000000
vt 0.287356 0.000000
vt 0.851999 0.000000
vt 0.936192 0.000000
vt 0.738946 0.000000
vt 0.241896 0.000000
vt 0.373924 0.000000
vt 0.490426 0.000000
vt 0.609558 0.000000
vt 0.187813 0.000000
vt 0.002633 0.158413
vt 0.062387 0.000000
vt 0.126913 0.000000
vt 0.110970 0.000000
vt 0.489158 0.000000
vt 0.118984 0.073431
vt 0.135014 0.444879
vt 0.568691 0.000000
vt 0.783476 0.000000
vt 0.415719 0.450470
vt 0.619737 0.024768
vt 0.561325 0.318180
vt 0.431818 0.000000
vt 0.727826 0.110306
vt 0.097191 0.545455
vt 0.031232 0.454545
vt 0.025018 0.545455
vt 0.051720 0.651431
vt 0.103279 0.454545
vt 0.053819 0.338929
vt 0.123596 0.448130
vt 0.123596 0.542460
vt 0.134831 0.546072
vt 0.115552 0.924261
vt 0.138515 0.830038
vt 0.228280 0.458265
vt 0.227165 0.554264
vt 0.301289 0.066272
vt 0.280891 0.548814
vt 0.327005 0.448854
vt 0.280861 0.451111
vt 0.415712 0.555314
vt 0.355351 0.544238
vt 0.315795 0.555408
vt 0.394072 0.546576
vt 0.367891 0.442822
vt 0.399952 0.454545
vt 0.426966 0.458780
vt 0.447430 0.545455
vt 0.426989 0.560642
vt 0.498162 0.545455
vt 0.505243 0.454545
vt 0.456824 0.451805
vt 0.558785 0.950482
vt 0.464072 0.674592
vt 0.426942 0.141948
vt 0.561642 0.557818
vt 0.561983 0.454545
vt 0.642032 0.355406
vt 0.646398 0.545455
vt 0.697187 0.883693
vt 0.644690 0.454545
vt 0.707865 0.458117
vt 0.707865 0.551911
vt 0.642233 0.646736
vt 0.703818 0.121768
vt 0.719101 0.453164
vt 0.719101 0.549173
vt 0.789056 0.344825
vt 0.762633 0.545455
vt 0.725347 0.922080
vt 0.785861 0.655901
vt 0.995241 0.454545
vt 0.818784 0.454545
vt 0.839246 0.545455
vt 0.993759 0.651431
vt 0.995672 0.545455
vt 0.993849 0.338929
vt 0.994382 0.045454
vt 0.839811 0.003762
vt 0.950842 1.000000
vt 0.994382 0.954544
vt 0.231000 0.545455
vt 0.000150 0.454545
vt 0.006757 0.545455
vt 0.001959 0.653280
vt 0.234970 0.656067
vt 0.236130 0.454545
vt 0.310811 0.450388
vt 0.234106 0.336939
vt 0.310811 0.546124
vt 0.325851 0.203450
vt 0.302046 0.077447
vt 0.324324 0.456925
vt 0.302008 0.923900
vt 0.343068 0.999744
vt 0.412700 0.451840
vt 0.408990 0.555939
vt 0.324324 0.552740
vt 0.806391 0.805043
vt 0.720134 0.448436
vt 0.716875 0.618199
vt 0.808841 0.204053
vt 0.594485 0.000000
vt 0.810811 0.547185
vt 0.826984 0.087239
vt 0.810811 0.453710
vt 0.824324 0.447691
vt 0.824324 0.541857
vt 0.902596 0.342673
vt 0.896811 0.545455
vt 0.833613 0.874944
vt 0.904351 0.653280
vt 0.042007 0.566053
vt 0.013705 0.551326
vt 0.010151 0.855732
vt 0.008684 0.440391
vt 0.061128 0.436754
vt 0.090575 0.227871
vt 0.117308 0.780963
vt 0.066424 0.561599
vt 0.088554 0.449732
vt 0.117534 0.444375
vt 0.090354 0.552422
vt 0.130031 0.550008
vt 0.109633 0.552897
vt 0.144765 0.382234
vt 0.186994 0.456509
vt 0.166914 0.446590
vt 0.186986 0.556755
vt 0.161569 0.560849
vt 0.195122 0.450588
vt 0.211476 0.448374
vt 0.197005 0.111685
vt 0.207327 0.541796
vt 0.195122 0.545339
vt 0.234889 0.851833
vt 0.228591 0.545001
vt 0.239448 0.443151
vt 0.245260 0.590732
vt 0.258672 0.244891
vt 0.267635 0.449664
vt 0.273616 0.548651
vt 0.298119 0.729076
vt 0.300495 0.449703
vt 0.319587 0.636364
vt 0.301626 0.545455
vt 0.388433 0.797275
vt 0.334982 0.447881
vt 0.390240 0.455630
vt 0.309551 0.252259
vt 0.390237 0.546981
vt 0.329101 0.545455
vt 0.384630 0.139111
vt 0.366439 0.545455
vt 0.366376 0.454545
vt 0.583348 0.775147
vt 0.585280 0.199311
vt 0.522716 0.454881
vt 0.524878 0.550760
vt 0.585366 0.454157
vt 0.596908 0.083409
vt 0.593496 0.447591
vt 0.593496 0.541925
vt 0.585366 0.547431
vt 0.596715 0.918559
vt 0.536301 1.000000
vt 0.655544 0.335981
vt 0.656145 0.545455
vt 0.657188 0.652606
vt 0.855390 0.074962
vt 0.847366 0.791043
vt 0.656286 0.454545
vt 0.844943 0.340871
vt 0.843948 0.454545
vt 0.848276 0.542644
vt 0.886179 0.446494
vt 0.886179 0.542818
vt 0.948119 0.140497
vt 0.894309 0.548916
vt 0.937727 0.892422
vt 0.957195 0.457149
vt 0.894309 0.453403
vt 0.960398 0.550236
vt 1.000000 0.412784
vt 0.100237 0.545455
vt 0.000014 0.454010
vt 0.000011 0.554084
vt 0.235536 0.454545
vt 0.099760 0.454545
vt 0.276988 0.657864
vt 0.257248 0.545455
vt 0.374134 0.454545
vt 0.442046 0.214598
vt 0.390537 0.545455
vt 0.461538 0.452658
vt 0.461538 0.545003
vt 0.500127 0.440494
vt 0.499981 0.541150
vt 0.457772 0.816476
vt 0.586612 0.454178
vt 0.727474 0.545455
vt 0.585278 0.546476
vt 0.872026 0.544927
vt 0.961419 0.558497
vt 0.803306 0.454545
vt 0.961562 0.458788
vt 1.000000 0.554084
vt 0.009455 0.460266
vt 0.066270 0.129643
vt 0.005579 0.060792
vt 0.059823 0.770368
vt 0.025987 0.577610
vt 0.008386 0.883414
vt 0.011299 0.545455
vt 0.030432 0.452081
vt 0.050394 0.549142
vt 0.048251 0.441391
vt 0.064174 0.455292
vt 0.074710 0.551498
vt 0.078734 0.443278
vt 0.097496 0.563849
vt 0.096908 0.426972
vt 0.145029 0.160583
vt 0.113347 0.442423
vt 0.154335 0.553014
vt 0.130267 0.444737
vt 0.117775 0.553354
vt 0.139995 0.547897
vt 0.144218 0.448155
vt 0.154362 0.456177
vt 0.161074 0.447427
vt 0.170981 0.564085
vt 0.161074 0.544863
vt 0.162272 0.874950
vt 0.194767 0.442960
vt 0.203979 0.194601
vt 0.174636 0.453244
vt 0.188086 0.545903
vt 0.210801 0.845344
vt 0.223523 0.541034
vt 0.204689 0.541478
vt 0.212026 0.451169
vt 0.259370 0.856272
vt 0.244473 0.380390
vt 0.249923 0.057711
vt 0.245135 0.559905
vt 0.228585 0.451515
vt 0.261431 0.551690
vt 0.281556 0.497969
vt 0.287797 0.448638
vt 0.263933 0.422809
vt 0.322345 0.547478
vt 0.322958 0.211457
vt 0.322248 0.455710
vt 0.322777 0.787566
vt 0.423588 0.458726
vt 0.424258 0.554795
vt 0.477411 0.921189
vt 0.483221 0.453268
vt 0.491921 0.129609
vt 0.477637 0.077875
vt 0.483221 0.549123
vt 0.489933 0.448722
vt 0.491936 0.870360
vt 0.537502 0.344976
vt 0.536212 0.545455
vt 0.489933 0.542227
vt 0.537257 0.648590
vt 0.741153 0.256218
vt 0.732647 0.881358
vt 0.694863 0.542139
vt 0.539644 0.454545
vt 0.694474 0.445573
vt 0.731749 0.451842
vt 0.731544 0.545455
vt 0.752082 0.454545
vt 0.731761 0.645091
vt 0.751989 0.545455
vt 0.812059 0.444762
vt 0.742781 0.000000
vt 0.792334 0.454545
vt 0.790218 0.545455
vt 0.812080 0.545223
vt 0.818793 0.541748
vt 0.830347 0.545455
vt 0.818824 0.441469
vt 0.858717 0.547244
vt 0.841342 0.452164
vt 0.880564 0.454545
vt 0.899099 0.454954
vt 0.887513 0.545455
vt 0.899723 0.547832
vt 0.912752 0.454404
vt 0.912752 0.549603
vt 0.911746 0.809120
vt 0.917043 0.154620
vt 0.946003 0.551604
vt 0.946415 0.401094
vt 1.000000 0.460266
vt 1.000000 0.665894
vt 0.152855 0.545455
vt 0.000146 0.454545
vt -0.000518 0.545455
vt 0.006350 0.654680
vt 0.027791 0.969459
vt 0.153468 0.671179
vt 0.167363 0.295156
vt 0.007067 0.029222
vt 0.009776 0.338374
vt 0.154124 0.454545
vt 0.232323 0.447199
vt 0.232323 0.543744
vt 0.261701 0.121258
vt 0.242424 0.451915
vt 0.223336 0.800697
vt 0.242424 0.546662
vt 0.316577 0.345657
vt 0.317806 0.545455
vt 0.248459 0.827735
vt 0.315275 0.656824
vt 0.483919 0.801031
vt 0.485618 0.454545
vt 0.318520 0.454545
vt 0.485627 0.343636
vt 0.484241 0.546500
vt 0.491662 0.109856
vt 0.528103 0.587894
vt 0.599566 0.866539
vt 0.559813 0.446261
vt 0.561724 0.502251
vt 0.591304 0.454545
vt 0.590065 0.573383
vt 0.606061 0.449521
vt 0.600101 0.155193
vt 0.606061 0.543004
vt 0.616163 0.455130
vt 0.616181 0.554615
vt 0.635383 0.441941
vt 0.665048 0.417018
vt 0.690211 0.552363
vt 0.631959 0.556189
vt 0.661205 0.549197
vt 0.685542 0.441164
vt 0.712290 0.448643
vt 0.792370 0.459563
vt 0.791753 0.556261
vt 0.717583 0.549992
vt 0.858586 0.551525
vt 0.868687 0.449987
vt 0.841547 0.137846
vt 0.858586 0.456928
vt 0.868687 0.545249
vt 0.838896 0.883847
vt 0.936570 0.338374
vt 0.897035 0.077762
vt 0.937794 0.454545
vt 0.895808 0.928844
vt 0.936689 0.654680
vt 0.018003 0.548989
vt 0.000000 0.454545
vt 0.000000 0.554625
vt 0.020170 0.454545
vt 0.048372 0.337636
vt 0.005508 0.348289
vt 0.056974 0.545455
vt 0.298737 0.123002
vt 0.057501 0.454545
vt 0.109326 0.447322
vt 0.110517 0.547491
vt 0.024627 0.840703
vt 0.215744 0.349165
vt 0.218550 0.656877
vt 0.223917 0.454545
vt 0.224105 0.545455
vt 0.310811 0.449133
vt 0.310811 0.542663
vt 0.324324 0.450434
vt 0.324375 0.548366
vt 0.288258 0.921109
vt 0.436645 0.350701
vt 0.341410 0.057080
vt 0.439251 0.454545
vt 0.524274 0.449847
vt 0.538986 0.548234
vt 0.437572 0.554826
vt 0.679768 0.199643
vt 0.613221 0.440998
vt 0.598684 0.551706
vt 0.577379 0.445423
vt 0.637608 0.549276
vt 0.646741 0.450662
vt 0.668589 0.546269
vt 0.631134 0.775966
vt 0.688834 0.450609
vt 0.736279 0.436684
vt 0.755095 0.548590
vt 0.709025 0.554135
vt 0.810757 0.560431
vt 0.783863 0.449802
vt 0.789418 0.549808
vt 0.824324 0.547655
vt 0.810827 0.459375
vt 0.897378 0.311038
vt 0.832818 0.121849
vt 0.824324 0.450652
vt 0.852041 0.557141
vt 0.859785 0.454545
vt 0.918712 0.446333
vt 0.895377 0.851624
vt 0.889830 0.564154
vt 0.976143 0.109431
vt 0.933839 0.553972
vt 0.982920 0.454545
vt 0.987485 0.554625
vt 0.028255 0.548965
vt 0.018616 0.449669
vt 0.000000 0.554750
vt 0.107615 0.799043
vt 0.084774 0.451656
vt 0.072339 0.547335
vt 0.127341 0.550582
vt 0.177515 0.449049
vt 0.135596 0.437675
vt 0.281211 0.548407
vt 0.261430 0.448984
vt 0.240957 0.547233
vt 0.192001 0.555252
vt 0.303625 0.453842
vt 0.369701 0.216078
vt 0.324030 0.547489
vt 0.342143 0.800206
vt 0.354479 0.548064
vt 0.347537 0.454001
vt 0.402009 0.452935
vt 0.375000 0.454545
vt 0.395833 0.545455
vt 0.375000 0.545455
vt 0.417054 0.543216
vt 0.445295 0.451437
vt 0.489652 0.453396
vt 0.479620 0.550027
vt 0.444957 0.546708
vt 0.541058 0.794510
vt 0.511012 0.544077
vt 0.550760 0.552558
vt 0.570229 0.456492
vt 0.612381 0.453474
vt 0.681327 0.183024
vt 0.591558 0.543273
vt 0.634624 0.546555
vt 0.654810 0.449089
vt 0.690706 0.550023
vt 0.696660 0.451696
vt 0.729397 0.806207
vt 0.740289 0.447894
vt 0.754420 0.547831
vt 0.826662 0.450821
vt 0.805648 0.547378
vt 0.895062 0.548864
vt 0.848544 0.545920
vt 0.854705 0.446783
vt 0.875261 0.452281
vt 0.875000 0.545455
vt 0.937675 0.449201
vt 0.902391 0.454545
vt 0.985300 0.146735
vt 0.916667 0.545455
vt 0.987452 0.549335
vt 0.946569 0.550390
vt 0.966361 0.450273
vt 1.000000 0.450779
vt 1.000000 0.891530
vt 0.238530 0.344845
vt 0.002100 0.197280
vt 0.000000 0.456110
vt 0.078180 0.545455
vt 0.000000 0.548144
vt 0.318282 0.545455
vt 0.089202 0.454545
vt 0.332298 0.454545
vt 0.461532 0.445270
vt 0.461538 0.545432
vt 0.465982 0.809175
vt 0.500000 0.438594
vt 0.499977 0.541450
vt 0.583983 0.453409
vt 0.838562 0.453081
vt 0.961557 0.451319
vt 0.961544 0.555824
vt 0.809766 0.546222
vt 0.575315 0.548465
vt 1.000000 0.456110
vt 0.030089 0.545455
vt 0.048260 0.453009
vt 0.010128 0.449329
vt 0.110797 0.446556
vt 0.034804 0.724750
vt 0.102551 0.536107
vt 0.213608 0.131855
vt 0.182854 0.447995
vt 0.220000 0.542346
vt 0.171033 0.544206
vt 0.162962 0.815783
vt 0.240005 0.455760
vt 0.220000 0.450026
vt 0.240016 0.548930
vt 0.269421 0.447802
vt 0.319193 0.548275
vt 0.270640 0.537575
vt 0.380153 0.548756
vt 0.319539 0.397192
vt 0.535223 0.155521
vt 0.427564 0.448714
vt 0.359563 0.449365
vt 0.428183 0.545455
vt 0.477789 0.549666
vt 0.445370 0.838583
vt 0.496370 0.440608
vt 0.541399 0.580037
vt 0.656014 0.443489
vt 0.720000 0.453254
vt 0.719948 0.555446
vt 0.681294 0.557267
vt 0.740000 0.449872
vt 0.777127 0.545455
vt 0.740000 0.543783
vt 0.749368 0.873782
vt 0.799777 0.651118
vt 0.847664 0.545455
vt 0.812743 0.444107
vt 0.911023 0.454929
vt 0.736807 0.121612
vt 0.923928 0.648298
vt 0.951927 0.200237
vt 0.898721 0.045454
vt 0.939293 0.545455
vt 0.983644 0.445405
vt 0.954375 0.954545
vt 1.000000 0.715508
vt 0.069462 0.452143
vt -0.001264 0.198497
vt 0.000000 0.456119
vt 0.071105 0.549745
vt 0.000000 0.548035
vt 0.001988 0.806794
vt 0.438740 0.155618
vt 0.461890 0.875466
vt 0.226000 0.454545
vt 0.386957 0.454545
vt 0.238398 0.545455
vt 0.396083 0.545455
vt 0.461538 0.451304
vt 0.461538 0.546912
vt 0.499906 0.439688
vt 0.499947 0.538205
vt 0.641459 0.450474
vt 0.961506 0.451571
vt 0.870726 0.549761
vt 0.623787 0.547013
vt 0.877669 0.454545
vt 0.961562 0.554203
vt 1.000000 0.456119
vt 0.035508 0.545455
vt 0.073605 0.356712
vt 0.000008 0.447819
vt 0.074058 0.645286
vt 0.000021 0.541035
vt 0.074789 0.949942
vt 0.074088 0.545455
vt 0.074096 0.454545
vt 0.163754 0.455573
vt 0.169117 0.249624
vt 0.219110 0.856453
vt 0.163840 0.550358
vt 0.222222 0.453565
vt 0.222222 0.549468
vt 0.228395 0.447102
vt 0.228395 0.541130
vt 0.230654 0.870770
vt 0.167011 1.000000
vt 0.279290 0.339502
vt 0.278912 0.454545
vt 0.279616 0.651514
vt 0.414547 0.795646
vt 0.409080 0.399169
vt 0.279617 0.545455
vt 0.414295 0.546455
vt 0.450617 0.446796
vt 0.450617 0.541966
vt 0.456790 0.453832
vt 0.523225 0.968365
vt 0.503269 0.550516
vt 0.456790 0.548881
vt 0.504300 0.454516
vt 0.604920 0.450936
vt 0.595679 0.000000
vt 0.604929 0.546212
vt 0.650461 0.447238
vt 0.685181 0.547020
vt 0.649948 0.545135
vt 0.603513 0.794910
vt 0.691631 0.210004
vt 0.685185 0.450809
vt 0.691358 0.456522
vt 0.736262 0.449941
vt 0.691358 0.548979
vt 0.868270 0.459324
vt 0.868462 0.557389
vt 0.738923 0.545455
vt 0.692801 0.758361
vt 0.702585 0.978450
vt 0.913580 0.548552
vt 0.909949 0.159267
vt 0.919808 0.441489
vt 0.913580 0.452314
vt 0.921448 0.786197
vt 0.905272 0.931213
vt 0.964269 0.543334
vt 0.919753 0.544152
vt 1.000000 0.138703
vt 0.964129 0.441952
vt 1.000000 0.447819
vt 1.000000 0.541035
vt 0.209454 0.655329
vt 0.000184 0.545696
vt 0.000000 0.818182
vt 0.040721 0.338649
vt 0.207989 0.445368
vt 0.000102 0.454545
vt 0.310811 0.546172
vt 0.208147 0.545455
vt 0.324324 0.458374
vt 0.310811 0.450791
vt 0.303459 0.921184
vt 0.384098 0.930570
vt 0.324324 0.552121
vt 0.447024 0.456957
vt 0.447827 0.555363
vt 0.800740 0.975899
vt 0.722706 0.556342
vt 0.724248 0.454939
vt 0.810811 0.548275
vt 0.824324 0.447086
vt 0.806777 0.019040
vt 0.810811 0.452544
vt 0.824324 0.542151
vt 0.927396 0.338649
vt 0.931146 0.545696
vt 0.828775 0.864844
vt 0.304166 0.877285
vt 0.215369 0.649793
vt 0.001346 0.648248
vt 0.216561 0.545455
vt 0.006775 0.545455
vt 0.212060 0.454545
vt 0.218097 0.338546
vt 0.001018 0.441568
vt 0.301282 0.081637
vt 0.065983 0.089750
vt 0.310811 0.451497
vt 0.310811 0.547383
vt 0.326767 0.214302
vt 0.324324 0.549111
vt 0.325386 0.800712
vt 0.420961 0.452705
vt 0.324324 0.456721
vt 0.418041 0.551313
vt 0.810150 0.187343
vt 0.562643 0.000000
vt 0.721831 0.452014
vt 0.723570 0.554876
vt 0.810811 0.454084
vt 0.826373 0.125821
vt 0.824324 0.448610
vt 0.810811 0.549101
vt 0.825967 0.868633
vt 0.780227 0.869538
vt 0.934253 0.441568
vt 0.935325 0.545455
vt 0.824324 0.542273
vt 0.937460 0.648248
vt 0.001156 0.444855
vt 0.187227 0.116453
vt 0.000000 0.090909
vt 0.007936 0.646550
vt 0.149636 0.545455
vt -0.000002 0.545455
vt 0.150029 0.454545
vt 0.203540 0.451663
vt 0.148879 0.338281
vt 0.203540 0.547613
vt 0.151297 0.652606
vt 0.212389 0.458869
vt 0.212390 0.553745
vt 0.198201 0.914055
vt 0.222426 0.888584
vt 0.275687 0.460017
vt 0.275903 0.552677
vt 0.327487 0.458993
vt 0.221187 0.116158
vt 0.327440 0.552780
vt 0.431214 0.209085
vt 0.327428 0.016479
vt 0.363479 0.449448
vt 0.370774 0.554048
vt 0.418107 0.795489
vt 0.328482 0.982896
vt 0.398623 0.555188
vt 0.398969 0.447200
vt 0.430974 0.546326
vt 0.429439 0.450467
vt 0.464689 0.550608
vt 0.486321 0.425255
vt 0.451515 0.451462
vt 0.527449 0.690300
vt 0.499933 0.553807
vt 0.539836 0.458761
vt 0.522474 0.450362
vt 0.539822 0.553608
vt 0.548673 0.450982
vt 0.551910 0.879798
vt 0.565363 0.551798
vt 0.548673 0.545950
vt 0.655521 0.865644
vt 0.602040 0.547911
vt 0.581041 0.447854
vt 0.625827 0.451599
vt 0.645634 0.136626
vt 0.644365 0.562869
vt 0.659592 0.445755
vt 0.677987 0.539144
vt 0.688784 0.450561
vt 0.713375 0.437027
vt 0.760382 0.028222
vt 0.709009 0.559056
vt 0.760894 0.548181
vt 0.760833 0.839898
vt 0.760915 0.452214
vt 0.874448 0.149947
vt 0.834306 0.454809
vt 0.866998 0.932462
vt 0.761214 1.000000
vt 0.876106 0.548894
vt 0.832918 0.550200
vt 0.886368 0.197182
vt 0.876106 0.452614
vt 0.884956 0.543986
vt 0.887214 0.817796
vt 0.952839 0.444855
vt 0.884956 0.451907
vt 0.950330 0.545455
vt 0.952157 0.648622
vt 1.000000 0.909487
vt 0.024838 0.454545
vt 0.080737 0.272755
vt 0.013084 0.337910
vt 0.071782 0.553041
vt 0.015573 0.545140
vt 0.016193 0.786974
vt 0.116673 0.543474
vt 0.102573 0.449246
vt 0.142857 0.542295
vt 0.142857 0.863225
vt 0.155889 0.558262
vt 0.184844 0.552746
vt 0.249745 0.436840
vt 0.192457 0.450157
vt 0.251039 0.550609
vt 0.311248 0.202554
vt 0.311815 0.456374
vt 0.311774 0.560800
vt 0.424173 0.344856
vt 0.428320 0.454545
vt 0.480519 0.457586
vt 0.433255 0.545455
vt 0.480519 0.551631
vt 0.433677 0.709998
vt 0.501911 0.203946
vt 0.476366 0.104688
vt 0.493506 0.453724
vt 0.499794 0.794911
vt 0.566081 0.453475
vt 0.493506 0.546781
vt 0.571932 0.543794
vt 0.662508 0.453244
vt 0.662114 0.548495
vt 0.774960 0.555741
vt 0.778740 0.439940
vt 0.818141 0.558499
vt 0.663416 0.793108
vt 0.818180 0.455639
vt 0.831169 0.449579
vt 0.867480 0.440244
vt 0.832898 0.127551
vt 0.854332 0.545455
vt 0.831169 0.543689
vt 0.902119 0.619282
vt 0.884906 0.064594
vt 0.922868 0.433376
vt 0.968683 0.454545
vt 0.986581 0.337910
vt 0.980867 0.784779
vt 0.991027 0.542069
vt 0.949926 0.542109
vt 0.066683 0.545455
vt 0.000000 0.457931
vt 0.000000 0.552039
vt 0.203271 0.454545
vt 0.066801 0.454545
vt 0.368183 0.454545
vt 0.445899 0.152041
vt 0.214400 0.545455
vt 0.040681 0.809339
vt 0.379109 0.545455
vt 0.461538 0.450828
vt 0.461538 0.546303
vt 0.470257 0.868473
vt 0.500102 0.438405
vt 0.499967 0.537447
vt 0.571698 0.457299
vt 0.961551 0.452782
vt 0.726861 0.545616
vt 0.733769 0.452301
vt 0.588254 0.547122
vt 0.961286 0.558118
vt 0.874217 0.545020
vt 0.894798 0.454855
vt 1.000000 0.457931
vt 0.009316 0.350302
vt 0.108109 0.110710
vt 0.005940 0.064798
vt 0.021670 0.544117
vt 0.080322 0.448583
vt 0.016916 0.453099
vt 0.074238 0.822020
vt 0.010153 0.649248
vt 0.134311 0.436699
vt 0.182520 0.585951
vt 0.130460 0.547457
vt 0.213815 0.868502
vt 0.181583 0.450985
vt 0.221717 0.178656
vt 0.220000 0.543463
vt 0.240002 0.455866
vt 0.220000 0.452787
vt 0.240037 0.555122
vt 0.269267 0.434895
vt 0.279121 0.548160
vt 0.319922 0.449349
vt 0.368013 0.407109
vt 0.326525 0.554894
vt 0.379576 0.550241
vt 0.390377 0.791780
vt 0.487832 0.230647
vt 0.422827 0.450212
vt 0.535658 0.444001
vt 0.469425 0.441538
vt 0.607464 0.811659
vt 0.443961 0.571040
vt 0.667541 0.419851
vt 0.608827 0.548132
vt 0.520294 0.547149
vt 0.600882 0.447931
vt 0.720002 0.457567
vt 0.680325 0.547634
vt 0.719995 0.557612
vt 0.740000 0.449595
vt 0.740000 0.541754
vt 0.789379 0.446002
vt 0.884771 0.553292
vt 0.881629 0.439987
vt 0.798937 0.547922
vt 0.966469 0.646046
vt 0.816218 0.735013
vt 0.964740 0.559170
vt 0.980059 0.357782
vt 0.963228 0.088653
vt 0.964276 0.454545
vt 0.000064 0.554361
vt 0.072021 0.454545
vt 0.217080 0.454545
vt 0.263656 0.353579
vt 0.123153 0.545455
vt 0.395424 0.803631
vt 0.301457 0.545455
vt 0.374997 0.454545
vt 0.409961 0.545455
vt 0.461538 0.452622
vt 0.461538 0.544386
vt 0.500328 0.443406
vt 0.456100 0.179004
vt 0.500000 0.544224
vt 0.507824 0.825216
vt 0.588869 0.455759
vt 0.725058 0.542630
vt 0.588934 0.545455
vt 0.864791 0.545455
vt 0.755546 0.454545
vt 0.961585 0.557690
vt 0.892943 0.454545
vt 1.000000 0.454091
vt 0.956657 0.126806
vt 0.961700 0.457481
vt 1.000000 0.554361
vt 0.072273 0.545455
vt -0.000002 0.457201
vt -0.000067 0.555757
vt 0.239215 0.545455
vt 0.097515 0.454545
vt 0.263233 0.653687
vt 0.250249 0.454545
vt 0.259336 0.341164
vt 0.384661 0.454545
vt 0.394041 0.545455
vt 0.461538 0.452668
vt 0.461538 0.544485
vt 0.500177 0.441744
vt 0.499947 0.541078
vt 0.456838 0.874510
vt 0.610317 0.454828
vt 0.767244 0.545455
vt 0.610251 0.548621
vt 0.884729 0.545749
vt 0.793388 0.454545
vt 0.961518 0.556957
vt 0.907598 0.456321
vt 1.000000 0.457201
vt 0.961539 0.456315
vt 0.000000 0.453740
vt 0.060330 0.314595
vt 0.000000 0.202464
vt 0.057013 0.543095
vt 0.000000 0.547516
vt 0.062653 0.790762
vt 0.000000 0.799596
vt 0.059217 0.454545
vt 0.102362 0.445254
vt 0.102362 0.541174
vt 0.120237 0.068324
vt 0.110236 0.454570
vt 0.159230 0.703410
vt 0.166765 0.345515
vt 0.163100 0.545455
vt 0.110236 0.549924
vt 0.247050 0.124743
vt 0.219038 0.545455
vt 0.166941 0.454545
vt 0.227657 0.444611
vt 0.242509 0.551835
vt 0.322090 0.821628
vt 0.266828 0.529923
vt 0.264256 0.413006
vt 0.339536 0.170030
vt 0.291849 0.547888
vt 0.325659 0.456178
vt 0.295977 0.444429
vt 0.316108 0.548153
vt 0.343495 0.554483
vt 0.349701 0.439927
vt 0.373560 0.450897
vt 0.393686 0.554840
vt 0.373569 0.550162
vt 0.401575 0.447717
vt 0.393702 0.457435
vt 0.421346 0.544130
vt 0.401575 0.545405
vt 0.404669 0.878144
vt 0.420339 0.670443
vt 0.457458 0.751701
vt 0.437669 0.446414
vt 0.449232 0.121413
vt 0.418375 0.453751
vt 0.453119 0.605836
vt 0.479307 0.551116
vt 0.457578 0.448049
vt 0.513980 0.847726
vt 0.506053 0.541710
vt 0.488459 0.444769
vt 0.515730 0.449115
vt 0.579483 0.866387
vt 0.528469 0.574195
vt 0.555666 0.545002
vt 0.590512 0.454160
vt 0.537107 0.432611
vt 0.590488 0.555080
vt 0.589400 0.184698
vt 0.513851 0.245404
vt 0.575829 0.454545
vt 0.598401 0.197756
vt 0.598398 0.565002
vt 0.622216 0.442469
vt 0.598394 0.456595
vt 0.674985 0.602583
vt 0.627297 0.553093
vt 0.647696 0.426447
vt 0.692893 0.558574
vt 0.674665 0.448165
vt 0.692916 0.458745
vt 0.700787 0.544716
vt 0.715471 0.449432
vt 0.700787 0.445725
vt 0.703315 0.871858
vt 0.712469 0.540360
vt 0.732070 0.547771
vt 0.743700 0.447663
vt 0.739859 0.079529
vt 0.769844 0.765032
vt 0.751616 0.554897
vt 0.775562 0.559723
vt 0.778056 0.450155
vt 0.849121 0.320928
vt 0.843223 0.454545
vt 0.839246 0.645663
vt 0.882735 0.874300
vt 0.889764 0.447219
vt 0.889764 0.540671
vt 0.841837 0.545455
vt 0.897646 0.451607
vt 0.877981 0.133264
vt 0.897662 0.555172
vt 0.999943 0.547516
vt 0.539581 0.547432
vt 1.000000 0.547781
vt 0.370893 0.542570
vt 0.974576 0.449894
vt 0.986842 0.954546
vt 1.000000 0.454096
vt 0.115630 0.454649
vt 0.184889 0.456361
vt 0.454030 0.451154
vt 0.345829 0.820641
vt 0.960880 0.542008
vt 0.205618 0.454566
vt 1.000000 0.604438
vt 0.126326 0.449582
vt 0.972943 0.454698
vt 1.000000 0.954545
vt 1.000000 0.818182
vt 1.000000 0.457534
vt 1.000000 0.045454
vt 0.022186 0.450288
vt 0.413327 0.449814
vt 0.426898 0.544004
vt 0.993243 0.090909
vt 1.000000 0.592617
vt -0.000154 0.273425
vt 0.480000 0.954546
vt 0.961306 0.540769
vt 0.718503 0.546423
vt 1.000000 0.452689
vt 1.000000 0.648825
vt 1.000000 0.455804
vt 0.026673 0.775285
vt 0.066676 0.655134
vt 0.581818 0.825678
vt 0.703141 0.096519
vt 1.000000 0.074612
vt 1.000000 0.546352
vt 0.713460 0.545069
vt 1.000000 0.547927
vt 0.013142 0.634345
vt 0.769589 0.261941
vt 0.974414 0.454503
vt 0.345388 0.542729
vt 1.000000 0.591692
vt 0.007457 0.804669
vt 0.960932 0.543575
vt 1.000000 0.601518
vt 0.020270 0.954545
vt 0.702853 0.545458
vt 0.825103 0.537598
vt 0.972942 0.454674
vt 0.981100 0.198292
vt 0.986487 0.954545
vt 0.771149 0.450442
vt 1.000000 0.450857
vt 1.000000 0.045454
vt 0.345401 0.543561
vt 1.000000 0.618452
vt 0.960920 0.543651
vt 0.967955 0.797945
vt 0.746404 0.454545
vt 0.074756 0.910739
vt 0.016616 0.346867
vt 0.036375 0.088849
vt 0.904102 0.454545
vt 1.000000 0.181818
vt 0.033867 0.451899
vt 0.296788 0.052249
vt 1.000000 0.557559
vt 1.000000 0.454014
vt 0.938747 0.545455
vt 0.989584 0.346094
vt 0.980204 0.886244
vt 0.221124 0.445978
vt 0.784703 0.451295
vt -0.001912 0.768296
vt 1.000000 0.197946
vt 1.000000 0.548144
vt 1.000000 0.765683
vt 0.010000 0.181818
vt 0.031797 0.927963
vt 0.561980 0.432919
vt 0.611746 0.550832
vt 1.000000 0.272727
vt 1.000000 0.199130
vt 1.000000 0.548035
vt 1.000000 0.806142
vt 0.709222 0.000000
vt 0.336301 0.152511
vt 0.324218 0.000000
vt 0.480172 0.000000
vt 0.931349 0.454545
vt 0.000351 0.912238
vt 0.555728 0.136990
vt 0.667823 0.077269
vt 0.838474 0.828435
vt 1.000000 0.122339
vt 1.000000 0.552039
vt 1.000000 0.865482
vt 0.071258 0.556431
vt 0.756220 0.143573
vt 0.869362 0.962075
vt 1.000000 0.555731
vt 0.658803 0.554631
vt 1.000163 0.453740
vt 0.998625 0.203333
vt 0.997816 0.798876
s 1
f 1319/1/1 1386/2/2 2/3/3
f 1386/2/2 1329/4/4 2/3/3
f 1378/5/5 1329/4/4 1386/2/2
f 1319/1/1 1390/6/6 1386/2/2
f 1315/7/7 1390/6/6 1319/1/1
f 1315/7/7 1393/8/8 1390/6/6
f 1374/9/9 1329/4/4 1378/5/5
f 1374/9/9 1341/10/10 1329/4/4
f 1315/7/7 1374/9/9 1393/8/8
f 1315/7/7 1341/10/10 1374/9/9
f 1345/11/11 1341/10/10 1315/7/7
f 1315/7/7 1350/12/12 1345/11/11
f 1/13/13 1350/12/12 1315/7/7
f 1364/14/14 1371/15/15 1368/16/16
f 1/13/13 1358/17/17 1350/12/12
f 1358/17/17 1371/15/15 1364/14/14
f 1/13/13 1371/15/15 1358/17/17
f 1/13/13 1298/18/18 1371/15/15
f 1279/19/19 1291/20/20 1283/21/21
f 1279/19/19 3/22/22 1291/20/20
f 3/22/22 1218/23/23 1291/20/20
f 1279/19/19 1225/24/24 3/22/22
f 1279/19/19 1227/25/25 1225/24/24
f 1272/26/26 1227/25/25 1279/19/19
f 1272/26/26 1229/27/27 1227/25/25
f 1272/26/26 1235/28/28 1229/27/27
f 1262/29/29 1235/28/28 1272/26/26
f 1262/29/29 1241/30/30 1235/28/28
f 1250/31/31 1252/32/32 1251/33/33
f 1262/29/29 1244/34/34 1241/30/30
f 1244/34/34 1252/32/32 1250/31/31
f 1262/29/29 1252/32/32 1244/34/34
f 1157/35/35 6/36/36 1162/37/37
f 1152/38/38 1149/39/39 1157/35/35
f 1149/39/39 1142/40/40 1157/35/35
f 1142/40/40 6/36/36 1157/35/35
f 5/41/41 6/36/36 1142/40/40
f 5/41/41 1176/42/42 6/36/36
f 4/43/43 1176/42/42 5/41/41
f 1216/44/44 1176/42/42 4/43/43
f 1126/45/45 8/46/46 4/43/43
f 1126/45/45 1203/47/47 8/46/46
f 1118/48/48 1203/47/47 1126/45/45
f 9/49/49 1176/42/42 1216/44/44
f 1118/48/48 1208/50/50 1203/47/47
f 9/49/49 7/51/51 1176/42/42
f 1118/48/48 9/49/49 1208/50/50
f 1118/48/48 1107/52/52 9/49/49
f 1097/53/53 7/51/51 9/49/49
f 1024/54/54 1029/55/55 1026/56/56
f 1019/57/57 1029/55/55 1024/54/54
f 1013/58/58 1088/59/59 1019/57/57
f 1013/58/58 1070/60/60 1088/59/59
f 1013/58/58 1042/61/61 1070/60/60
f 1047/11/62 1042/61/61 1013/58/58
f 1013/58/58 1056/62/63 1047/11/62
f 1009/63/64 1056/62/63 1013/58/58
f 1009/63/64 1059/64/65 1056/62/63
f 1001/65/66 1059/64/65 1009/63/64
f 1064/66/67 1068/67/68 1067/68/69
f 1001/65/66 1064/66/67 1059/64/65
f 1001/65/66 1068/67/68 1064/66/67
f 1001/65/66 10/69/70 1068/67/68
f 928/70/71 993/71/72 929/72/73
f 993/71/72 936/73/74 929/72/73
f 993/71/72 991/74/75 936/73/74
f 928/70/71 964/75/76 993/71/72
f 991/74/75 946/76/77 936/73/74
f 981/77/78 946/76/77 991/74/75
f 976/78/79 946/76/77 981/77/78
f 976/78/79 952/79/80 946/76/77
f 971/80/81 952/79/80 976/78/79
f 11/81/82 952/79/80 971/80/81
f 928/70/71 965/82/83 964/75/76
f 928/70/71 960/83/84 965/82/83
f 960/83/84 11/81/82 965/82/83
f 960/83/84 952/79/80 11/81/82
f 960/83/84 957/84/85 952/79/80
f 928/70/71 962/85/86 960/83/84
f 13/86/87 820/87/88 922/88/89
f 829/89/90 824/90/91 13/86/87
f 824/90/91 820/87/88 13/86/87
f 911/91/92 833/92/93 829/89/90
f 911/91/92 836/93/94 833/92/93
f 911/91/92 845/94/95 836/93/94
f 12/95/96 845/94/95 911/91/92
f 845/94/95 854/96/97 852/97/98
f 868/98/99 873/99/100 870/100/101
f 868/98/99 878/101/102 873/99/100
f 868/98/99 858/102/103 854/96/97
f 868/98/99 860/103/104 858/102/103
f 14/104/105 15/105/106 751/106/107
f 806/107/108 15/105/106 14/104/105
f 803/108/109 15/105/106 806/107/108
f 14/104/105 810/109/110 806/107/108
f 797/110/111 15/105/106 803/108/109
f 741/111/112 810/109/110 14/104/105
f 797/110/111 762/112/113 15/105/106
f 793/113/114 762/112/113 797/110/111
f 741/111/112 814/114/115 810/109/110
f 793/113/114 766/115/116 762/112/113
f 734/116/117 814/114/115 741/111/112
f 17/117/118 766/115/116 793/113/114
f 734/116/117 769/118/119 814/114/115
f 734/116/117 777/119/120 769/118/119
f 16/120/121 766/115/116 17/117/118
f 16/120/121 719/121/122 766/115/116
f 725/122/123 777/119/120 734/116/117
f 725/122/123 782/123/124 777/119/120
f 782/123/124 719/121/122 16/120/121
f 725/122/123 719/121/122 782/123/124
f 21/124/125 713/23/126 711/125/127
f 21/124/125 661/70/128 713/23/126
f 21/124/125 18/126/129 661/70/128
f 20/127/130 670/128/131 18/126/129
f 20/127/130 19/129/132 670/128/131
f 19/129/132 686/130/133 681/131/134
f 20/127/130 686/130/133 19/129/132
f 694/132/135 686/130/133 20/127/130
f 591/133/136 652/134/137 593/135/138
f 591/133/136 651/136/139 652/134/137
f 641/137/140 652/134/137 646/138/141
f 641/137/140 608/139/142 652/134/137
f 583/140/143 651/136/139 591/133/136
f 583/140/143 659/141/144 651/136/139
f 638/23/145 608/139/142 641/137/140
f 583/140/143 638/23/145 659/141/144
f 583/140/143 608/139/142 638/23/145
f 583/140/143 609/142/146 608/139/142
f 612/11/147 609/142/146 583/140/143
f 583/140/143 23/143/148 612/11/147
f 579/63/149 23/143/148 583/140/143
f 572/144/150 565/145/151 633/146/152
f 572/144/150 23/143/148 579/63/149
f 22/147/153 565/145/151 572/144/150
f 25/148/154 24/149/155 558/150/156
f 543/151/157 482/152/158 25/148/154
f 543/151/157 488/153/159 482/152/158
f 543/151/157 496/154/160 488/153/159
f 537/155/161 496/154/160 543/151/157
f 515/156/162 537/155/161 26/157/163
f 515/156/162 506/158/164 537/155/161
f 30/159/165 29/160/166 414/161/167
f 392/162/168 443/163/169 29/160/166
f 28/164/170 443/163/169 392/162/168
f 449/23/171 443/163/169 28/164/170
f 28/164/170 31/165/172 449/23/171
f 468/166/173 443/163/169 449/23/171
f 27/167/174 31/165/172 28/164/170
f 370/168/175 31/165/172 27/167/174
f 370/168/175 453/169/176 31/165/172
f 359/170/177 443/163/169 468/166/173
f 443/163/169 348/171/178 447/172/179
f 370/168/175 359/170/177 453/169/176
f 359/170/177 348/171/178 443/163/169
f 370/168/175 363/173/180 359/170/177
f 352/174/181 348/171/178 359/170/177
f 275/175/182 291/176/183 283/177/184
f 335/178/185 291/176/183 275/175/182
f 333/179/186 291/176/183 335/178/185
f 272/180/187 335/178/185 275/175/182
f 272/180/187 340/181/188 335/178/185
f 322/182/189 291/176/183 333/179/186
f 322/182/189 297/183/190 291/176/183
f 272/180/187 344/184/191 340/181/188
f 321/23/192 297/183/190 322/182/189
f 272/180/187 321/23/192 344/184/191
f 272/180/187 297/183/190 321/23/192
f 299/11/193 297/183/190 272/180/187
f 272/180/187 302/185/194 299/11/193
f 258/186/195 302/185/194 272/180/187
f 311/187/196 249/188/197 317/189/198
f 258/186/195 311/187/196 302/185/194
f 258/186/195 249/188/197 311/187/196
f 254/190/199 249/188/197 258/186/195
f 242/70/200 245/191/201 244/192/202
f 242/70/200 247/23/203 245/191/201
f 178/70/204 241/71/205 179/193/206
f 241/71/205 181/194/207 179/193/206
f 241/71/205 186/195/208 181/194/207
f 241/71/205 33/196/209 186/195/208
f 178/70/204 213/197/210 241/71/205
f 230/198/211 186/195/208 33/196/209
f 227/199/212 186/195/208 230/198/211
f 227/199/212 195/200/213 186/195/208
f 219/201/214 195/200/213 227/199/212
f 219/201/214 200/202/215 195/200/213
f 217/203/216 200/202/215 219/201/214
f 178/70/204 209/204/217 213/197/210
f 209/204/217 32/205/218 213/197/210
f 32/205/218 200/202/215 217/203/216
f 209/204/217 200/202/215 32/205/218
f 209/204/217 204/206/219 200/202/215
f 178/70/204 210/85/220 209/204/217
f 1320/207/221 38/208/222 39/209/223
f 37/210/224 1320/207/221 1381/211/225
f 1381/211/225 1320/207/221 39/209/223
f 42/212/226 1381/211/225 39/209/223
f 37/210/224 1381/211/225 1388/213/227
f 1372/214/228 42/212/226 39/209/223
f 36/215/229 37/210/224 1388/213/227
f 36/215/229 1388/213/227 1392/141/230
f 1372/214/228 39/209/223 40/216/231
f 36/215/229 1392/141/230 1372/214/228
f 36/215/229 1372/214/228 40/216/231
f 1342/11/232 36/215/229 40/216/231
f 35/217/233 36/215/229 1355/218/234
f 35/217/233 1355/218/234 41/219/235
f 34/220/236 35/217/233 41/219/235
f 1277/221/237 1285/222/238 1292/223/239
f 1277/221/237 1292/223/239 43/224/240
f 43/224/240 1292/223/239 1293/23/241
f 1277/221/237 43/224/240 44/225/242
f 1277/221/237 44/225/242 45/226/243
f 52/227/244 1277/221/237 45/226/243
f 52/227/244 45/226/243 46/228/245
f 51/229/246 52/227/244 46/228/245
f 51/229/246 46/228/245 47/230/247
f 48/231/248 49/232/249 50/233/250
f 51/234/246 47/230/247 48/231/248
f 51/234/246 48/231/248 50/233/250
f 1259/235/251 51/234/246 50/233/250
f 1256/236/252 1259/235/251 50/233/250
f 1148/237/253 58/238/254 59/239/255
f 56/240/256 1148/237/253 59/239/255
f 1131/241/257 56/240/256 59/239/255
f 1131/241/257 59/239/255 60/242/258
f 55/243/259 1131/241/257 60/242/258
f 65/44/260 55/243/259 60/242/258
f 1122/244/261 55/243/259 63/245/262
f 54/246/263 1122/244/261 63/245/262
f 54/246/263 63/245/262 64/247/264
f 1211/248/265 65/44/260 60/242/258
f 54/246/263 64/247/264 1206/249/266
f 1211/248/265 60/242/258 61/250/267
f 54/246/263 1206/249/266 1211/248/265
f 54/246/263 1211/248/265 53/251/268
f 53/251/268 1211/248/265 61/250/267
f 54/246/263 53/251/268 1106/252/269
f 53/251/268 61/250/267 1091/253/270
f 1095/254/271 53/251/268 1091/253/270
f 1016/255/272 1025/256/273 1032/257/274
f 76/258/275 1016/255/272 1032/257/274
f 75/259/276 76/258/275 1032/257/274
f 1016/255/272 76/258/275 1083/260/277
f 74/261/278 75/259/276 1032/257/274
f 74/261/278 1032/257/274 69/262/279
f 1010/263/280 1016/255/272 1083/260/277
f 1010/263/280 1083/260/277 1089/141/281
f 77/23/282 74/261/278 69/262/279
f 1010/263/280 1089/141/281 77/23/282
f 1010/263/280 77/23/282 69/262/279
f 1044/11/283 1010/263/280 69/262/279
f 1010/263/280 1044/11/283 70/264/284
f 72/265/285 73/266/286 66/267/287
f 68/268/288 1010/263/280 70/264/284
f 68/268/288 70/264/284 71/269/289
f 71/269/289 72/265/285 66/267/287
f 68/268/288 71/269/289 66/267/287
f 67/270/290 68/268/288 66/267/287
f 927/271/291 78/272/292 992/71/293
f 992/71/293 78/272/292 85/273/294
f 927/271/291 992/71/293 963/274/295
f 84/275/296 85/273/294 942/276/297
f 83/277/298 84/275/296 942/276/297
f 82/278/299 83/277/298 942/276/297
f 970/279/300 82/278/299 942/276/297
f 81/280/301 970/279/300 942/276/297
f 927/271/291 963/274/295 79/281/302
f 79/281/302 963/274/295 80/205/303
f 81/280/301 942/276/297 951/282/304
f 80/205/303 81/280/301 951/282/304
f 79/281/302 80/205/303 951/282/304
f 927/271/291 79/281/302 961/85/305
f 96/283/306 97/284/307 98/285/308
f 916/286/309 96/283/306 98/285/308
f 86/287/310 98/285/308 99/23/311
f 88/288/312 916/286/309 98/285/308
f 88/288/312 98/285/308 87/289/313
f 88/288/312 87/289/313 832/290/314
f 95/291/315 88/288/312 89/292/316
f 894/293/317 95/291/315 89/292/316
f 894/294/317 89/292/316 849/295/318
f 894/294/317 849/295/318 855/296/319
f 94/297/320 894/294/317 855/296/319
f 91/298/321 869/100/322 92/299/323
f 886/300/324 94/301/320 855/296/319
f 91/298/321 92/299/323 879/302/325
f 93/303/326 886/300/324 855/296/319
f 91/298/321 879/302/325 93/304/326
f 91/298/321 93/304/326 855/296/319
f 90/305/327 91/298/321 855/296/319
f 744/306/328 752/307/329 107/308/330
f 801/309/331 744/306/328 107/308/330
f 108/310/332 801/309/331 107/308/330
f 785/311/333 107/308/330 100/312/334
f 102/313/335 103/314/336 104/315/337
f 106/316/338 785/311/333 100/312/334
f 102/313/335 104/315/337 105/317/339
f 106/316/338 100/312/334 101/318/340
f 105/317/339 106/316/338 101/318/340
f 102/313/335 105/317/339 101/318/340
f 726/319/341 102/313/335 101/318/340
f 706/320/342 116/125/343 712/23/344
f 706/320/342 712/23/344 109/321/345
f 706/320/342 109/321/345 662/322/346
f 115/323/347 706/320/342 662/322/346
f 114/324/348 115/323/347 665/325/349
f 665/325/349 115/323/347 662/322/346
f 114/324/348 665/325/349 110/326/350
f 114/324/348 110/326/350 111/327/351
f 112/328/352 680/329/353 685/330/354
f 114/324/348 111/327/351 112/328/352
f 114/324/348 112/328/352 685/330/354
f 113/331/355 114/324/348 685/332/354
f 587/333/356 120/334/357 647/335/358
f 647/335/358 120/334/357 121/336/359
f 126/337/360 647/335/358 121/336/359
f 126/337/360 121/336/359 122/338/361
f 126/337/360 122/338/361 123/339/362
f 124/340/363 587/333/356 127/341/364
f 660/23/365 126/337/360 123/339/362
f 124/340/363 127/341/364 660/23/365
f 124/340/363 660/23/365 123/339/362
f 610/11/366 124/340/363 123/339/362
f 119/342/367 124/340/363 622/343/368
f 125/344/369 632/345/370 117/346/371
f 118/347/372 119/342/367 622/343/368
f 118/347/372 622/343/368 125/344/369
f 118/347/372 125/344/369 117/346/371
f 554/348/373 138/349/374 139/350/375
f 554/351/373 139/350/375 128/352/376
f 128/352/376 139/350/375 140/23/377
f 549/353/378 554/351/373 128/352/376
f 129/354/379 549/353/378 128/352/376
f 549/353/378 129/354/379 130/355/380
f 137/356/381 549/353/378 130/355/380
f 137/356/381 130/355/380 131/357/382
f 137/356/381 131/357/382 132/358/383
f 136/359/384 137/356/381 132/358/383
f 525/360/385 136/359/384 132/358/383
f 525/360/385 132/358/383 133/361/386
f 522/362/387 525/363/385 133/361/386
f 514/364/388 134/365/389 135/366/390
f 135/366/390 522/362/387 133/361/386
f 514/364/388 135/366/390 133/361/386
f 510/367/391 514/364/388 133/361/386
f 144/368/392 145/369/393 418/370/394
f 143/371/395 144/368/392 418/370/394
f 143/371/395 418/370/394 146/372/396
f 385/373/397 143/371/395 146/372/396
f 142/374/398 385/373/397 150/23/399
f 150/23/399 385/373/397 146/372/396
f 142/374/398 150/23/399 448/375/400
f 149/44/401 150/23/399 146/372/396
f 142/374/398 448/375/400 147/376/402
f 142/374/398 147/376/402 454/377/403
f 367/378/404 142/374/398 454/377/403
f 465/379/405 149/44/401 146/372/396
f 148/380/406 465/379/405 146/372/396
f 148/380/406 146/372/396 439/381/407
f 367/378/404 454/377/403 148/380/406
f 148/380/406 439/381/407 345/382/408
f 367/378/404 148/380/406 357/383/409
f 357/383/409 148/380/406 345/382/408
f 355/384/410 357/383/409 345/382/408
f 367/378/404 357/383/409 141/385/411
f 365/386/412 367/378/404 141/385/411
f 154/387/413 280/388/414 282/389/415
f 273/390/416 154/387/413 282/389/415
f 162/391/417 273/390/416 282/389/415
f 273/390/416 162/391/417 163/392/418
f 329/393/419 162/391/417 282/389/415
f 329/393/419 282/389/415 155/338/420
f 153/394/421 273/390/416 163/392/418
f 161/395/422 329/393/419 155/338/420
f 153/394/421 163/392/418 164/396/423
f 161/395/422 155/338/420 156/397/424
f 165/23/425 161/395/422 156/397/424
f 153/394/421 164/396/423 165/23/425
f 153/394/421 165/23/425 156/397/424
f 157/11/426 153/394/421 156/397/424
f 153/394/421 157/11/426 158/398/427
f 152/399/428 153/394/421 158/398/427
f 152/399/428 158/398/427 159/400/429
f 152/399/428 159/400/429 160/401/430
f 152/399/428 160/401/430 151/402/431
f 166/403/432 243/192/433 167/191/434
f 166/403/432 167/191/434 246/23/435
f 168/404/436 169/405/437 177/71/438
f 177/71/438 169/405/437 170/406/439
f 177/71/438 170/406/439 171/407/440
f 168/404/436 177/71/438 211/408/441
f 176/409/442 171/407/440 194/410/443
f 224/411/444 176/409/442 194/410/443
f 220/412/445 224/411/444 194/410/443
f 220/412/445 194/410/443 172/413/446
f 175/414/447 220/412/445 172/413/446
f 168/404/436 211/408/441 173/415/448
f 173/415/448 211/408/441 215/416/449
f 215/416/449 175/414/447 172/413/446
f 173/415/448 215/416/449 172/413/446
f 173/415/448 172/413/446 205/417/450
f 168/404/436 173/415/448 174/85/451
f 179/418/206 168/404/436 178/419/204
f 181/420/207 169/421/437 179/418/206
f 180/422/452 170/423/439 169/421/437
f 183/424/453 180/422/452 181/420/207
f 184/425/454 182/426/455 183/424/453
f 186/427/208 183/424/453 181/420/207
f 186/427/208 170/423/439 184/425/454
f 186/427/208 171/428/440 185/429/456
f 189/430/457 171/428/440 187/431/458
f 186/427/208 189/430/457 187/431/458
f 191/432/459 188/433/460 189/430/457
f 186/427/208 191/432/459 189/430/457
f 192/434/461 194/435/443 188/433/460
f 192/434/461 188/433/460 190/436/462
f 191/432/459 192/434/461 190/436/462
f 186/427/208 195/437/213 191/432/459
f 195/437/213 194/435/443 193/438/463
f 196/439/464 198/440/465 194/435/443
f 199/441/466 198/440/465 197/442/467
f 200/443/215 197/442/467 195/437/213
f 198/440/465 172/444/446 194/435/443
f 199/441/466 172/444/446 198/440/465
f 200/443/215 201/445/468 172/444/446
f 203/446/469 172/444/446 201/445/468
f 206/447/470 205/448/450 204/449/219
f 206/447/470 207/450/471 205/448/450
f 208/451/472 173/452/448 207/450/471
f 210/453/220 173/452/448 209/454/217
f 210/453/220 168/455/436 174/456/451
f 213/457/210 214/458/473 212/459/474
f 214/458/473 215/460/449 211/461/441
f 32/462/218 215/460/449 214/458/473
f 218/463/475 175/464/447 216/465/476
f 218/463/475 220/466/445 175/464/447
f 222/467/477 221/468/478 219/469/214
f 221/468/478 223/470/479 220/466/445
f 222/467/477 223/470/479 221/468/478
f 222/467/477 225/471/480 223/470/479
f 225/471/480 228/472/481 224/473/444
f 229/474/482 225/471/480 226/475/483
f 229/474/482 226/475/483 227/476/212
f 232/477/484 228/472/481 229/474/482
f 231/478/485 224/473/444 228/472/481
f 230/479/211 232/477/484 229/474/482
f 232/477/484 233/480/486 231/478/485
f 235/481/487 176/482/442 233/480/486
f 234/483/488 235/481/487 233/480/486
f 235/481/487 171/484/440 176/482/442
f 237/485/489 235/481/487 234/483/488
f 239/486/490 236/487/491 237/485/489
f 240/488/492 238/489/493 239/486/490
f 33/490/209 239/486/490 237/485/489
f 177/491/438 171/484/440 238/489/493
f 240/488/492 177/491/438 238/489/493
f 33/490/209 241/492/205 240/488/492
f 212/493/474 177/491/438 241/492/205
f 242/494/200 243/495/433 166/403/432
f 244/496/202 167/497/434 243/495/433
f 247/498/203 167/497/434 245/499/201
f 242/500/200 246/501/435 247/498/203
f 250/502/494 248/503/495 249/504/197
f 248/503/495 151/402/431 160/505/430
f 250/502/494 251/506/496 248/503/495
f 249/504/197 254/507/199 252/508/497
f 255/509/498 151/402/431 254/507/199
f 254/507/199 258/510/195 255/509/498
f 257/511/499 259/512/500 152/513/428
f 260/514/501 152/513/428 259/512/500
f 258/510/195 260/514/501 259/512/500
f 261/515/502 262/516/503 260/514/501
f 258/510/195 263/517/504 261/515/502
f 265/518/505 152/513/428 260/514/501
f 265/518/505 260/514/501 262/516/503
f 264/519/506 262/516/503 263/517/504
f 258/510/195 264/519/506 263/517/504
f 264/519/506 266/520/507 265/518/505
f 268/521/508 265/518/505 266/520/507
f 153/522/421 152/513/428 265/518/505
f 153/522/421 265/518/505 268/521/508
f 269/523/509 268/521/508 267/524/510
f 272/525/187 269/523/509 267/524/510
f 269/523/509 271/526/511 153/522/421
f 274/527/512 273/528/416 270/529/513
f 275/530/182 273/528/416 274/527/512
f 275/530/182 274/527/512 272/525/187
f 275/530/182 276/531/514 273/528/416
f 276/531/514 154/532/413 273/528/416
f 277/533/515 276/531/514 275/530/182
f 277/533/515 154/532/413 276/531/514
f 279/534/516 154/532/413 277/533/515
f 277/533/515 281/535/517 279/534/516
f 283/536/184 280/537/414 281/535/517
f 285/538/518 282/539/415 284/540/519
f 285/538/518 286/541/520 282/539/415
f 291/542/183 285/538/518 283/536/184
f 288/543/521 282/539/415 286/541/520
f 289/544/522 286/541/520 287/545/523
f 289/544/522 290/546/524 288/543/521
f 287/545/523 291/542/183 289/544/522
f 155/547/420 282/539/415 288/543/521
f 155/547/420 288/543/521 290/546/524
f 292/548/525 290/546/524 291/542/183
f 292/548/525 293/549/526 155/547/420
f 295/550/527 155/547/420 293/549/526
f 294/551/528 295/550/527 293/549/526
f 292/548/525 296/552/529 294/551/528
f 296/552/529 156/553/424 295/550/527
f 298/554/530 156/553/424 297/555/190
f 301/556/531 157/557/426 298/554/530
f 299/558/193 301/556/531 298/554/530
f 303/559/532 158/560/427 300/561/533
f 301/556/531 303/559/532 300/561/533
f 302/562/194 304/563/534 301/556/531
f 304/563/534 305/564/535 303/559/532
f 307/565/536 158/560/427 305/564/535
f 306/566/537 307/565/536 305/564/535
f 302/562/194 308/567/538 306/566/537
f 308/567/538 309/568/539 307/565/536
f 310/569/540 308/567/538 302/562/194
f 311/570/196 310/569/540 302/562/194
f 309/568/539 159/571/429 307/565/536
f 313/572/541 309/568/539 310/569/540
f 312/573/542 314/574/543 159/571/429
f 315/575/544 313/572/541 311/570/196
f 317/576/198 318/577/545 316/578/546
f 249/579/197 318/577/545 319/580/547
f 317/576/198 249/579/197 319/580/547
f 249/579/197 248/581/495 160/582/430
f 323/583/548 165/584/425 320/585/549
f 324/586/550 320/585/549 321/587/192
f 322/588/189 324/586/550 321/587/192
f 324/586/550 325/589/551 323/583/548
f 327/590/552 161/591/422 325/589/551
f 330/592/553 161/591/422 327/590/552
f 328/593/554 330/592/553 327/590/552
f 322/588/189 328/593/554 326/594/555
f 330/592/553 329/595/419 161/591/422
f 332/596/556 330/592/553 328/593/554
f 331/597/557 162/598/417 329/595/419
f 336/599/558 162/598/417 331/597/557
f 334/600/559 336/599/558 331/597/557
f 335/601/185 337/602/560 334/600/559
f 338/603/561 163/604/418 336/599/558
f 337/602/560 338/603/561 336/599/558
f 339/605/562 338/603/561 337/602/560
f 339/605/562 337/602/560 335/601/185
f 339/605/562 341/606/563 338/603/561
f 338/603/561 341/606/563 163/604/418
f 344/607/191 342/608/564 340/609/188
f 343/610/565 165/611/425 164/612/423
f 344/607/191 320/613/549 343/610/565
f 346/614/566 349/615/567 345/382/408
f 350/616/568 347/617/569 348/618/178
f 352/619/181 350/616/568 348/618/178
f 350/616/568 351/620/570 349/615/567
f 349/615/567 355/621/410 345/382/408
f 351/620/570 355/621/410 349/615/567
f 354/622/571 351/620/570 352/619/181
f 354/622/571 355/621/410 353/623/572
f 352/619/181 359/624/177 354/622/571
f 358/625/573 355/621/410 356/626/574
f 359/624/177 357/627/409 358/625/573
f 356/626/574 359/624/177 358/625/573
f 359/624/177 360/628/575 357/627/409
f 363/629/180 361/630/576 359/624/177
f 360/628/575 141/631/411 357/627/409
f 366/632/577 365/633/412 364/634/578
f 370/635/175 364/634/578 363/629/180
f 366/632/577 368/636/579 365/633/412
f 371/637/580 365/633/412 368/636/579
f 369/638/581 371/637/580 368/636/579
f 373/639/582 367/640/404 371/637/580
f 374/641/583 371/637/580 372/642/584
f 374/641/583 375/643/585 373/639/582
f 367/640/404 373/639/582 375/643/585
f 376/644/586 375/643/585 370/635/175
f 376/644/586 377/645/587 367/640/404
f 377/645/587 142/646/398 367/640/404
f 380/647/588 378/648/589 376/644/586
f 378/648/589 379/649/590 377/645/587
f 27/650/174 380/647/588 370/635/175
f 380/647/588 142/646/398 379/649/590
f 382/651/591 142/646/398 27/650/174
f 27/650/174 383/652/592 382/651/591
f 383/652/592 384/653/593 381/654/594
f 384/653/593 142/646/398 381/654/594
f 386/655/595 384/653/593 383/652/592
f 28/656/170 386/655/595 383/652/592
f 388/657/596 386/655/595 28/656/170
f 389/658/597 387/659/598 385/660/397
f 386/655/595 389/658/597 385/660/397
f 390/661/599 387/659/598 389/658/597
f 388/657/596 390/661/599 389/658/597
f 393/662/600 143/663/395 387/659/598
f 394/664/601 393/662/600 390/661/599
f 391/665/602 394/664/601 390/661/599
f 392/666/168 395/667/603 391/665/602
f 398/668/604 394/664/601 395/667/603
f 398/668/604 399/669/605 397/670/606
f 400/671/607 398/668/604 396/672/608
f 402/673/609 400/671/607 29/674/166
f 402/673/609 399/669/605 400/671/607
f 401/675/610 144/676/392 399/669/605
f 29/674/166 30/677/165 402/673/609
f 403/678/611 401/675/610 402/673/609
f 405/679/612 404/680/613 403/678/611
f 404/680/613 406/681/614 144/676/392
f 405/679/612 406/681/614 404/680/613
f 407/682/615 405/679/612 30/677/165
f 407/682/615 144/683/392 406/681/614
f 30/684/165 408/685/616 144/683/392
f 410/686/617 144/683/392 408/685/616
f 412/687/618 144/683/392 410/686/617
f 411/688/619 413/689/620 410/686/617
f 30/684/165 411/688/619 409/690/621
f 414/691/167 413/689/620 411/688/619
f 414/691/167 412/687/618 413/689/620
f 416/692/622 415/693/623 145/694/393
f 417/695/624 416/692/622 414/691/167
f 415/693/623 418/696/394 145/694/393
f 419/697/625 420/698/626 415/693/623
f 421/699/627 419/697/625 417/695/624
f 29/700/166 420/698/626 421/699/627
f 29/700/166 421/699/627 417/695/624
f 418/696/394 420/698/626 422/701/628
f 29/700/166 418/696/394 422/701/628
f 423/702/629 424/703/630 418/696/394
f 425/704/631 418/696/394 424/703/630
f 426/705/632 424/703/630 423/702/629
f 29/700/166 426/705/632 423/702/629
f 146/706/396 418/696/394 425/704/631
f 429/707/633 425/704/631 426/705/632
f 29/700/166 430/708/634 426/705/632
f 437/709/635 146/706/396 427/710/636
f 430/708/634 433/711/637 442/712/638
f 434/713/639 146/706/396 437/709/635
f 431/714/640 434/713/641 437/709/642
f 430/708/634 435/715/643 433/711/637
f 443/716/169 436/717/644 430/708/634
f 434/713/639 440/718/645 146/706/396
f 428/719/646 438/720/647 431/721/648
f 441/722/649 429/707/633 432/723/650
f 433/724/651 432/723/652 435/715/653
f 436/717/644 433/724/654 435/715/643
f 438/720/647 440/718/645 437/725/655
f 429/707/633 438/720/647 428/719/646
f 436/717/644 441/722/649 433/724/654
f 427/726/656 440/718/645 438/720/647
f 441/722/649 427/726/656 438/720/647
f 442/727/657 427/726/656 441/722/649
f 436/717/644 442/727/657 441/722/649
f 440/728/645 439/729/407 146/706/396
f 443/716/169 442/730/657 436/731/644
f 427/732/656 439/729/407 440/728/645
f 445/733/658 446/734/659 444/735/660
f 447/736/179 445/733/658 443/716/169
f 345/737/408 439/729/407 446/734/659
f 348/738/178 446/734/659 447/736/179
f 348/738/178 346/739/566 345/737/408
f 450/740/661 150/741/399 449/742/171
f 31/743/172 451/744/662 450/740/661
f 452/745/663 455/746/664 147/747/402
f 456/748/665 452/745/663 453/749/176
f 457/750/666 456/748/665 453/749/176
f 458/751/667 454/752/403 455/746/664
f 456/748/665 459/753/668 455/746/664
f 460/754/669 459/753/668 456/748/665
f 457/750/666 460/754/669 456/748/665
f 461/755/670 464/756/671 148/757/406
f 463/758/672 462/759/673 359/760/177
f 466/761/674 463/758/672 359/760/177
f 467/762/675 149/763/401 465/764/405
f 449/765/171 149/763/401 468/766/173
f 472/767/676 469/768/677 470/769/678
f 472/767/676 473/770/679 469/768/677
f 474/771/680 472/767/676 471/772/681
f 24/773/155 474/771/680 471/772/681
f 474/771/680 475/774/682 472/767/676
f 476/775/683 128/352/376 473/770/679
f 477/776/684 128/352/376 476/775/683
f 24/773/155 478/777/685 474/771/680
f 478/777/685 476/775/683 475/774/682
f 25/778/154 479/779/686 24/773/155
f 477/776/684 129/354/379 128/352/376
f 479/779/686 477/776/684 478/777/685
f 480/780/687 129/354/379 477/776/684
f 479/779/686 480/780/687 477/776/684
f 25/778/154 482/781/158 479/779/686
f 480/780/687 130/355/380 129/354/379
f 481/782/688 483/783/689 480/780/687
f 484/784/690 483/783/689 481/782/688
f 482/781/158 485/785/691 481/782/688
f 484/784/690 486/786/692 483/783/689
f 486/786/692 131/357/382 130/355/380
f 487/787/693 486/786/692 484/784/690
f 488/788/159 485/785/691 482/781/158
f 488/788/159 487/787/693 485/785/691
f 487/787/693 489/789/694 486/786/692
f 492/790/695 491/791/696 490/792/697
f 492/790/695 490/792/697 488/788/159
f 491/791/696 493/793/698 131/357/382
f 492/790/695 494/794/699 491/791/696
f 494/794/699 493/793/698 491/791/696
f 495/795/700 493/793/698 494/794/699
f 496/796/160 132/358/383 493/793/698
f 497/797/701 498/798/702 132/358/383
f 496/796/160 501/799/703 499/800/704
f 500/801/705 132/358/383 498/798/702
f 499/800/704 500/801/705 498/798/702
f 500/801/705 502/802/706 132/358/383
f 537/803/161 500/801/705 501/799/703
f 502/802/706 133/361/386 132/358/383
f 537/803/161 502/802/706 503/804/707
f 505/805/708 502/802/706 504/806/709
f 505/805/708 133/361/386 502/802/706
f 537/803/161 506/807/164 504/806/709
f 505/805/708 507/808/710 133/361/386
f 508/809/711 133/361/386 507/808/710
f 506/807/164 508/809/711 507/808/710
f 509/810/712 508/809/711 506/807/164
f 510/367/391 133/361/386 508/809/711
f 511/811/713 510/367/391 509/810/712
f 515/812/162 511/811/713 506/807/164
f 513/813/714 512/814/715 511/811/713
f 513/813/714 514/815/388 512/814/715
f 512/814/715 514/815/388 510/367/391
f 515/812/162 514/815/388 513/813/714
f 517/816/716 514/815/388 515/812/162
f 518/817/717 516/818/718 517/816/716
f 519/819/719 135/366/390 134/365/389
f 520/820/720 519/819/719 518/817/717
f 515/821/162 520/820/720 518/817/717
f 520/820/720 521/822/721 519/819/719
f 522/823/387 135/366/390 521/822/721
f 26/824/163 523/825/722 520/820/720
f 523/825/722 522/823/387 521/822/721
f 26/824/163 526/826/723 523/825/722
f 527/827/724 525/360/385 522/823/387
f 526/826/723 528/828/725 524/829/726
f 26/824/163 529/830/727 526/826/723
f 531/831/728 527/827/724 528/828/725
f 537/832/161 529/830/727 26/824/163
f 529/830/727 532/833/729 531/831/728
f 534/834/730 530/835/731 532/833/729
f 534/834/730 532/833/729 529/830/727
f 534/834/730 535/836/732 533/837/733
f 535/836/732 538/838/734 136/359/384
f 536/839/735 538/838/734 535/836/732
f 538/838/734 137/356/381 136/359/384
f 542/840/736 539/841/737 537/832/161
f 542/840/736 538/838/734 539/841/737
f 542/840/736 540/842/738 541/843/739
f 544/844/740 540/842/738 543/845/157
f 544/844/740 545/846/741 137/356/381
f 546/847/742 544/844/740 543/845/157
f 548/848/743 545/846/741 546/847/742
f 549/849/378 137/356/381 547/850/744
f 546/847/742 550/851/745 548/848/743
f 543/845/157 25/852/154 546/847/742
f 25/852/154 551/853/746 549/849/378
f 25/852/154 553/854/747 552/855/748
f 553/854/747 555/856/749 554/348/373
f 558/857/156 556/858/750 553/854/747
f 557/859/751 554/348/373 555/856/749
f 558/857/156 560/860/752 559/861/753
f 560/860/752 561/862/754 138/349/374
f 561/862/754 139/863/375 138/349/374
f 24/864/155 561/862/754 560/860/752
f 24/864/155 140/865/377 139/863/375
f 470/866/678 140/865/377 562/867/755
f 24/864/155 471/868/681 562/867/755
f 567/869/756 564/870/757 565/871/151
f 565/871/151 22/872/153 567/869/756
f 567/869/756 566/873/758 117/874/371
f 568/875/759 566/873/758 567/869/756
f 569/876/760 118/877/372 117/346/371
f 22/872/153 569/876/760 568/875/759
f 572/878/150 118/877/372 570/879/761
f 573/880/762 118/877/372 571/881/763
f 572/878/150 573/880/762 571/881/763
f 574/882/764 575/883/765 573/880/762
f 572/878/150 576/884/766 574/882/764
f 119/885/367 118/877/372 573/880/762
f 577/886/767 573/880/762 575/883/765
f 578/887/768 575/883/765 576/884/766
f 579/888/149 578/887/768 576/884/766
f 578/887/768 119/885/367 577/886/767
f 581/889/769 119/885/367 579/888/149
f 581/889/769 582/890/770 580/891/771
f 582/890/770 124/892/363 580/891/771
f 583/893/143 582/890/770 581/889/769
f 583/893/143 124/892/363 582/890/770
f 585/894/772 124/892/363 583/893/143
f 585/894/772 584/895/773 124/892/363
f 584/895/773 587/896/356 124/892/363
f 586/897/774 587/896/356 584/895/773
f 588/898/775 586/897/774 585/894/772
f 589/899/776 120/900/357 587/896/356
f 588/898/775 589/899/776 587/896/356
f 591/901/136 589/899/776 588/898/775
f 596/902/777 594/903/778 593/904/138
f 596/902/777 595/905/779 594/903/778
f 597/906/780 595/905/779 596/902/777
f 652/907/137 596/902/777 593/904/138
f 597/906/780 121/908/359 595/905/779
f 598/909/781 599/910/782 121/908/359
f 601/911/783 121/908/359 599/910/782
f 652/907/137 599/910/782 600/912/784
f 602/913/785 121/908/359 601/911/783
f 652/907/137 602/913/785 601/911/783
f 605/914/786 602/913/785 603/915/787
f 652/907/137 605/914/786 603/915/787
f 122/916/361 602/913/785 604/917/788
f 605/914/786 122/916/361 604/917/788
f 608/918/142 606/919/789 605/914/786
f 606/919/789 607/920/790 122/916/361
f 609/921/146 607/920/790 608/918/142
f 609/921/146 610/922/366 123/923/362
f 615/924/791 610/922/366 611/925/792
f 612/926/147 615/924/791 611/925/792
f 23/927/148 615/924/791 612/926/147
f 616/928/793 124/929/363 613/930/794
f 617/931/795 613/930/794 614/932/796
f 615/924/791 617/931/795 614/932/796
f 619/933/797 616/928/793 617/931/795
f 23/927/148 621/934/798 618/935/799
f 620/936/800 622/937/368 124/929/363
f 623/938/801 616/928/793 619/933/797
f 623/938/801 624/939/802 620/936/800
f 572/940/150 621/934/798 23/927/148
f 624/939/802 626/941/803 620/936/800
f 627/942/804 625/943/805 572/940/150
f 626/941/803 125/944/369 622/937/368
f 629/945/806 628/946/807 627/942/804
f 628/946/807 630/947/808 626/941/803
f 629/945/806 630/947/808 628/946/807
f 631/948/809 630/947/808 629/945/806
f 630/947/808 632/949/370 125/944/369
f 631/948/809 632/949/370 630/947/808
f 633/950/152 632/949/370 631/948/809
f 633/950/152 631/948/809 572/940/150
f 635/951/810 632/949/370 633/950/152
f 636/952/811 632/949/370 634/953/812
f 635/951/810 636/952/811 634/953/812
f 633/950/152 565/954/151 635/951/810
f 565/954/151 563/955/813 636/952/811
f 640/956/814 637/957/815 638/958/145
f 642/959/816 126/960/360 639/961/817
f 643/962/818 639/961/817 640/956/814
f 641/963/140 643/962/818 640/956/814
f 645/964/819 642/959/816 643/962/818
f 641/963/140 645/964/819 643/962/818
f 644/965/820 647/966/358 126/960/360
f 645/964/819 647/966/358 644/965/820
f 646/967/141 645/964/819 641/963/140
f 649/968/821 647/966/358 648/969/822
f 651/970/139 649/968/821 646/967/141
f 650/971/823 653/972/824 647/966/358
f 651/970/139 655/973/825 650/971/823
f 656/974/826 587/975/356 654/976/827
f 657/977/828 654/976/827 655/973/825
f 656/974/826 127/978/364 587/975/356
f 651/970/139 657/977/828 655/973/825
f 657/977/828 658/979/829 656/974/826
f 659/980/144 658/979/829 657/977/828
f 659/980/144 657/977/828 651/970/139
f 658/979/829 660/981/365 127/978/364
f 659/980/144 637/982/815 658/979/829
f 661/983/128 663/984/830 109/321/345
f 666/985/831 662/322/346 663/984/830
f 667/986/832 663/984/830 664/987/833
f 666/985/831 110/326/350 665/988/349
f 669/989/834 666/985/831 667/986/832
f 670/990/131 667/986/832 18/991/129
f 671/992/835 110/326/350 668/993/836
f 669/989/834 671/992/835 668/993/836
f 670/990/131 672/994/837 669/989/834
f 673/995/838 110/326/350 671/992/835
f 674/996/839 671/992/835 672/994/837
f 670/990/131 674/996/839 672/994/837
f 673/995/838 111/327/351 110/326/350
f 676/997/840 673/995/838 674/996/839
f 678/998/841 677/999/842 676/997/840
f 677/999/842 112/1000/352 675/1001/843
f 675/1001/843 112/1000/352 111/327/351
f 681/1002/134 678/998/841 19/1003/132
f 681/1002/134 679/1004/844 678/998/841
f 684/1005/845 680/1006/353 682/1007/846
f 684/1005/845 682/1007/846 681/1002/134
f 685/1008/354 680/1006/353 683/1009/847
f 684/1005/845 685/1008/354 683/1009/847
f 681/1002/134 686/1010/133 684/1005/845
f 687/1011/848 685/1008/354 686/1010/133
f 687/1011/848 688/1012/849 685/1008/354
f 690/1013/850 685/1008/354 688/1012/849
f 691/1014/851 689/1015/852 687/1011/848
f 691/1014/851 690/1013/850 689/1015/852
f 691/1014/851 113/1016/355 690/1013/850
f 694/1017/135 691/1014/851 686/1010/133
f 693/1018/853 114/1019/348 113/1016/355
f 695/1020/854 114/1019/348 693/1018/853
f 696/1021/855 697/1022/856 695/1020/854
f 698/1023/857 114/1019/348 697/1022/856
f 699/1024/858 697/1022/856 696/1021/855
f 699/1024/858 700/1025/859 698/1023/857
f 20/1026/130 701/1027/860 699/1024/858
f 114/1019/348 698/1023/857 700/1025/859
f 20/1026/130 700/1025/859 701/1027/860
f 20/1026/130 702/1028/861 114/1019/348
f 704/1029/862 114/1019/348 702/1028/861
f 703/1030/863 704/1029/862 702/1028/861
f 20/1026/130 705/1031/864 703/1030/863
f 704/1029/862 706/1032/342 115/1033/347
f 708/1034/865 704/1029/862 705/1031/864
f 21/1035/125 705/1031/864 18/1036/129
f 710/1037/866 707/1038/867 708/1034/865
f 709/1039/868 116/1040/343 706/1032/342
f 711/1041/127 709/1039/868 710/1037/866
f 711/1041/127 710/1037/866 21/1035/125
f 713/1042/126 116/1040/343 711/1041/127
f 661/1043/128 712/1044/344 713/1042/126
f 716/1045/869 100/1046/334 714/1047/870
f 717/1048/871 714/1047/870 766/1049/116
f 717/1048/871 718/1050/872 715/1051/873
f 719/1052/122 717/1048/871 766/1049/116
f 718/1050/872 100/1046/334 715/1051/873
f 719/1052/122 718/1050/872 717/1048/871
f 721/1053/874 101/1054/340 720/1055/875
f 724/1056/876 101/1054/340 722/1057/877
f 724/1056/876 726/1058/341 101/1054/340
f 725/1059/123 724/1056/876 723/1060/878
f 727/1061/879 102/1062/335 726/1058/341
f 729/1063/880 727/1061/879 728/1064/881
f 731/1065/882 728/1064/881 725/1059/123
f 729/1063/880 730/1066/883 727/1061/879
f 732/1067/884 727/1061/879 730/1066/883
f 731/1065/882 732/1067/884 730/1066/883
f 733/1068/885 102/1062/335 732/1067/884
f 734/1069/117 102/1062/335 735/1070/886
f 733/1068/885 734/1069/117 735/1070/886
f 737/1071/887 102/1062/335 736/1072/888
f 738/1073/889 736/1072/888 734/1069/117
f 734/1069/117 739/1074/890 738/1073/889
f 739/1074/890 740/1075/891 811/1076/892
f 740/1075/891 742/1077/893 811/1076/892
f 734/1069/117 741/1078/112 739/1074/890
f 741/1078/112 742/1077/893 740/1075/891
f 743/1079/894 744/1080/328 742/1077/893
f 14/1081/105 744/1080/328 745/1082/895
f 747/1083/896 748/1084/897 746/1085/898
f 748/1084/897 744/1080/328 746/1085/898
f 749/1086/899 748/1084/897 747/1083/896
f 14/1081/105 749/1086/899 747/1083/896
f 749/1086/899 750/1087/900 748/1084/897
f 751/1088/107 750/1087/900 749/1086/899
f 750/1087/900 752/1089/329 748/1084/897
f 754/1090/901 752/1089/329 751/1088/107
f 754/1090/901 753/1091/902 752/1089/329
f 756/1092/903 753/1091/902 754/1090/901
f 755/1093/904 107/1094/330 752/1089/329
f 758/1095/905 755/1093/904 756/1092/903
f 758/1095/905 759/1096/906 757/1097/907
f 760/1098/908 759/1096/906 15/1099/106
f 760/1098/908 761/1100/909 107/1094/330
f 15/1099/106 762/1101/113 760/1098/908
f 763/1102/910 107/1094/330 761/1100/909
f 764/1103/911 761/1100/909 762/1101/113
f 766/1104/116 763/1102/910 764/1103/911
f 762/1101/113 766/1104/116 764/1103/911
f 100/1105/334 107/1094/330 763/1102/910
f 100/1105/334 763/1102/910 765/1106/912
f 766/1104/116 100/1105/334 765/1106/912
f 769/1107/119 770/1108/913 768/1109/914
f 771/1110/915 102/1111/335 767/1112/916
f 768/1109/914 771/1110/915 767/1112/916
f 772/1113/917 103/1114/336 771/1110/915
f 770/1108/913 772/1113/917 771/1110/915
f 774/1115/918 772/1113/917 773/1116/919
f 775/1117/920 103/1114/336 772/1113/917
f 774/1115/918 775/1117/920 772/1113/917
f 769/1107/119 776/1118/921 774/1115/918
f 775/1117/920 104/1119/337 103/1114/336
f 777/1120/120 776/1118/921 769/1107/119
f 776/1118/921 778/1121/922 775/1117/920
f 780/1122/923 105/1123/339 104/1119/337
f 778/1121/922 780/1122/923 104/1119/337
f 781/1124/924 778/1121/922 779/1125/925
f 782/1126/124 779/1125/925 777/1120/120
f 781/1124/924 783/1127/926 780/1122/923
f 782/1126/124 784/1128/927 781/1124/924
f 784/1128/927 106/1129/338 783/1127/926
f 786/1130/928 106/1129/338 784/1128/927
f 16/1131/121 786/1130/928 784/1128/927
f 786/1130/928 785/1132/333 106/1129/338
f 787/1133/929 786/1130/928 16/1131/121
f 17/1134/118 787/1133/929 16/1131/121
f 787/1133/929 788/1135/930 785/1132/333
f 17/1134/118 789/1136/931 787/1133/929
f 790/1137/932 107/1138/330 788/1135/930
f 789/1136/931 790/1137/932 788/1135/930
f 17/1134/118 791/1139/933 789/1136/931
f 794/1140/934 790/1137/932 791/1139/933
f 794/1140/934 795/1141/935 792/1142/936
f 793/1143/114 796/1144/937 794/1140/934
f 796/1144/937 798/1145/938 795/1141/935
f 800/1146/939 798/1145/938 796/1144/937
f 798/1145/938 801/1147/331 108/1148/332
f 800/1146/939 802/1149/940 799/1150/941
f 803/1151/109 800/1146/939 797/1152/111
f 802/1149/940 804/1153/942 801/1147/331
f 805/1154/943 802/1149/940 803/1151/109
f 804/1153/942 744/1155/328 801/1147/331
f 807/1156/944 744/1155/328 804/1153/942
f 805/1154/943 807/1156/944 804/1153/942
f 808/1157/945 805/1154/943 806/1158/108
f 809/1159/946 744/1155/328 807/1156/944
f 811/1160/892 744/1155/328 809/1159/946
f 810/1161/110 809/1159/946 808/1157/945
f 806/1158/108 810/1161/110 808/1157/945
f 809/1159/946 812/1162/947 811/1160/892
f 810/1161/110 812/1162/947 809/1159/946
f 813/1163/948 812/1162/947 810/1161/110
f 812/1162/947 102/1164/335 811/1160/892
f 816/1165/949 812/1162/947 813/1163/948
f 816/1165/949 813/1163/948 814/1166/115
f 816/1165/949 815/1167/950 812/1162/947
f 817/1168/951 815/1167/950 816/1165/949
f 768/1169/914 815/1167/950 817/1168/951
f 769/1170/119 817/1168/951 814/1166/115
f 821/1171/952 86/287/310 818/1172/953
f 819/1173/954 821/1171/952 818/1172/953
f 822/1174/955 821/1171/952 819/1173/954
f 823/1175/956 98/285/308 86/287/310
f 827/1176/957 98/285/308 826/1177/958
f 829/1178/90 828/1179/959 825/1180/960
f 830/1181/961 827/1176/957 828/1179/959
f 829/1178/90 830/1181/961 828/1179/959
f 831/1182/962 87/289/313 827/1176/957
f 832/290/314 87/289/313 831/1182/962
f 830/1181/961 832/290/314 831/1182/962
f 833/1183/93 832/290/314 830/1181/961
f 833/1183/93 834/1184/963 832/290/314
f 835/1185/964 837/1186/965 834/1184/963
f 840/1187/966 837/1186/965 838/1188/967
f 839/1189/968 88/288/312 837/1186/965
f 839/1189/968 842/1190/969 88/288/312
f 844/1191/970 843/1192/971 841/1193/972
f 842/1190/969 89/292/316 88/288/312
f 845/1194/95 844/1191/970 841/1193/972
f 845/1194/95 841/1193/972 836/1195/94
f 844/1191/970 842/1190/969 843/1192/971
f 846/1196/973 842/1190/969 845/1194/95
f 846/1196/973 847/1197/974 89/292/316
f 847/1197/974 850/1198/975 89/292/316
f 851/1199/976 847/1197/974 848/1200/977
f 852/1201/98 848/1200/977 845/1194/95
f 852/1201/98 850/1198/975 851/1199/976
f 854/1202/97 849/295/318 852/1201/98
f 856/1203/978 853/1204/979 854/1202/97
f 856/1203/978 857/1205/980 855/296/319
f 854/1202/97 858/1206/103 856/1203/978
f 859/1207/981 855/296/319 857/1205/980
f 858/1206/103 859/1207/981 857/1205/980
f 861/1208/982 859/1207/981 860/1209/104
f 861/1208/982 862/1210/983 859/1207/981
f 863/1211/984 90/305/327 862/1210/983
f 863/1211/984 861/1208/982 860/1209/104
f 863/1211/984 864/1212/985 90/305/327
f 865/1213/986 864/1212/985 863/1211/984
f 868/1214/99 865/1213/986 863/1211/984
f 866/1215/987 91/298/321 864/1212/985
f 865/1213/986 866/1215/987 864/1212/985
f 867/1216/988 91/298/321 866/1215/987
f 868/1214/99 867/1216/988 865/1213/986
f 870/1217/101 91/298/321 868/1214/99
f 872/1218/989 869/1219/322 870/1217/101
f 873/1220/100 874/1221/990 872/1218/989
f 875/1222/991 92/299/323 871/1223/992
f 873/1220/100 878/1224/102 876/1225/993
f 879/302/325 92/299/323 877/1226/994
f 881/1227/995 880/1228/996 878/1224/102
f 880/1228/996 882/1229/997 879/302/325
f 881/1227/995 882/1229/997 880/1228/996
f 884/1230/998 93/303/326 882/1229/997
f 883/1231/999 884/1230/998 882/1229/997
f 885/1232/1000 884/1230/998 883/1231/999
f 887/1233/1001 888/1234/1002 884/1230/998
f 854/1235/97 889/1236/1003 885/1232/1000
f 889/1236/1003 890/1237/1004 887/1233/1001
f 889/1236/1003 891/1238/1005 890/1237/1004
f 854/1235/97 891/1238/1005 889/1236/1003
f 895/1239/1006 94/297/320 892/1240/1007
f 893/1241/1008 895/1239/1006 892/1240/1007
f 891/1238/1005 845/1242/95 893/1241/1008
f 854/1235/97 845/1242/95 891/1238/1005
f 896/1243/1009 897/1244/1010 895/1239/1006
f 898/1245/1011 896/1243/1009 845/1242/95
f 900/1246/1012 897/1244/1010 898/1245/1011
f 12/1247/96 898/1245/1011 845/1242/95
f 900/1246/1012 901/1248/1013 899/1249/1014
f 901/1248/1013 95/1250/315 894/293/317
f 903/1251/1015 902/1252/1016 12/1247/96
f 905/1253/1017 901/1248/1013 902/1252/1016
f 903/1251/1015 904/1254/1018 905/1253/1017
f 903/1251/1015 906/1255/1019 95/1250/315
f 909/1256/1020 906/1255/1019 907/1257/1021
f 911/1258/92 907/1257/1021 903/1251/1015
f 908/1259/1022 910/1260/1023 95/1250/315
f 911/1258/92 908/1259/1022 909/1256/1020
f 911/1258/92 912/1261/1024 910/1260/1023
f 913/1262/1025 88/1263/312 912/1261/1024
f 911/1258/92 914/1264/1026 913/1262/1025
f 829/1265/90 88/1263/312 914/1264/1026
f 829/1265/90 914/1264/1026 911/1258/92
f 915/1266/1027 916/1267/309 88/1263/312
f 829/1265/90 916/1267/309 915/1266/1027
f 917/1268/1028 96/283/306 916/1267/309
f 918/1269/1029 919/1270/1030 96/283/306
f 920/1271/1031 96/283/306 919/1270/1030
f 921/1272/1032 919/1270/1030 13/1273/87
f 13/1273/87 922/1274/89 921/1272/1032
f 922/1274/89 97/284/307 921/1272/1032
f 924/1275/1033 923/1276/1034 922/1274/89
f 924/1275/1033 98/285/308 923/1276/1034
f 925/1277/1035 924/1275/1033 922/1274/89
f 925/1277/1035 99/1278/311 98/285/308
f 820/1279/88 925/1277/1035 922/1274/89
f 926/1280/1036 818/1281/953 99/1278/311
f 929/1282/73 927/271/291 928/1283/71
f 931/1284/1037 78/1285/292 929/1282/73
f 933/1286/1038 930/1287/1039 931/1284/1037
f 930/1287/1039 85/1288/294 78/1285/292
f 936/1289/74 933/1286/1038 931/1284/1037
f 936/1289/74 931/1284/1037 929/1282/73
f 932/1290/1040 934/1291/1041 930/1287/1039
f 935/1292/1042 932/1290/1040 933/1286/1038
f 935/1292/1042 85/1288/294 934/1291/1041
f 938/1293/1043 85/1288/294 936/1289/74
f 940/1294/1044 85/1288/294 937/1295/1045
f 938/1293/1043 940/1294/1044 937/1295/1045
f 943/1296/1046 940/1294/1044 941/1297/1047
f 938/1293/1043 943/1296/1046 941/1297/1047
f 936/1289/74 943/1296/1046 938/1293/1043
f 944/1298/1048 942/1299/297 939/1300/1049
f 945/1301/1050 939/1300/1049 943/1296/1046
f 946/1302/77 944/1298/1048 945/1301/1050
f 943/1296/1046 946/1302/77 945/1301/1050
f 946/1302/77 942/1299/297 944/1298/1048
f 947/1303/1051 948/1304/1052 942/1299/297
f 948/1304/1052 950/1305/1053 942/1299/297
f 952/1306/80 949/1307/1054 946/1302/77
f 952/1306/80 948/1304/1052 949/1307/1054
f 950/1305/1053 951/1308/304 942/1299/297
f 952/1306/80 951/1308/304 950/1305/1053
f 955/1309/1055 951/1308/304 953/1310/1056
f 952/1306/80 955/1309/1055 953/1310/1056
f 957/1311/85 954/1312/1057 955/1309/1055
f 958/1313/1058 79/1314/302 956/1315/1059
f 957/1311/85 958/1313/1058 956/1315/1059
f 962/1316/86 79/1314/302 960/1317/84
f 962/1316/86 927/1318/291 961/1319/305
f 965/1320/83 966/1321/1060 963/1322/295
f 967/1323/1061 966/1321/1060 965/1320/83
f 968/1324/1062 80/1325/303 966/1321/1060
f 11/1326/82 967/1323/1061 965/1320/83
f 81/1327/301 80/1325/303 968/1324/1062
f 972/1328/1063 81/1327/301 969/1329/1064
f 81/1327/301 973/1330/1065 970/1331/300
f 972/1328/1063 973/1330/1065 81/1327/301
f 974/1332/1066 973/1330/1065 972/1328/1063
f 976/1333/79 972/1328/1063 971/1334/81
f 974/1332/1066 975/1335/1067 973/1330/1065
f 977/1336/1068 975/1335/1067 974/1332/1066
f 977/1336/1068 974/1332/1066 976/1333/79
f 975/1335/1067 82/1337/299 970/1331/300
f 977/1336/1068 978/1338/1069 975/1335/1067
f 978/1338/1069 979/1339/1070 82/1337/299
f 977/1336/1068 979/1339/1070 978/1338/1069
f 981/1340/78 977/1336/1068 976/1333/79
f 83/1341/298 82/1337/299 979/1339/1070
f 982/1342/1071 979/1339/1070 980/1343/1072
f 981/1340/78 982/1342/1071 980/1343/1072
f 982/1342/1071 983/1344/1073 83/1341/298
f 984/1345/1074 985/1346/1075 983/1344/1073
f 987/1347/1076 985/1346/1075 984/1345/1074
f 987/1347/1076 984/1345/1074 981/1340/78
f 989/1348/1077 986/1349/1078 987/1347/1076
f 988/1350/1079 85/1351/294 986/1349/1078
f 990/1352/1080 988/1350/1079 989/1348/1077
f 992/1353/293 85/1351/294 988/1350/1079
f 990/1352/1080 992/1353/293 988/1350/1079
f 991/1354/75 993/1355/72 990/1352/1080
f 964/1356/76 992/1353/293 993/1355/72
f 10/1357/70 995/1358/1081 1068/1359/68
f 996/1360/1082 997/1361/1083 994/1362/1084
f 998/1363/1085 67/1364/290 997/1361/1083
f 10/1357/70 997/1361/1083 996/1360/1082
f 1001/1365/66 999/1366/1086 10/1357/70
f 1000/1367/1087 67/1364/290 999/1366/1086
f 1001/1365/66 1002/1368/1088 68/1369/288
f 1004/1370/1089 68/1369/288 1002/1368/1088
f 1003/1371/1090 1004/1370/1089 1002/1368/1088
f 1001/1365/66 1005/1372/1091 1003/1371/1090
f 1007/1373/1092 1006/1374/1093 1004/1370/1089
f 1008/1375/1094 1004/1370/1089 1005/1372/1091
f 1001/1365/66 1008/1375/1094 1005/1372/1091
f 1008/1375/1094 1006/1374/1093 1007/1373/1092
f 1012/1376/1095 1006/1374/1093 1009/1377/64
f 1011/1378/1096 1010/1379/280 1006/1374/1093
f 1009/1377/64 1013/1380/58 1012/1376/1095
f 1015/1381/1097 1017/1382/1098 1010/1379/280
f 1019/1383/57 1014/1384/1099 1013/1380/58
f 1019/1383/57 1016/1385/272 1017/1382/1098
f 1022/1386/1100 1016/1385/272 1020/1387/1101
f 1024/1388/54 1022/1386/1100 1020/1387/1101
f 1019/1383/57 1024/1388/54 1020/1387/1101
f 1023/1389/1102 1016/1385/272 1021/1390/1103
f 1024/1388/54 1021/1390/1103 1022/1386/1100
f 1026/1391/56 1025/1392/273 1024/1388/54
f 1026/1391/56 1027/1393/1104 1025/1392/273
f 1028/1394/1105 1027/1393/1104 1026/1391/56
f 1027/1393/1104 1030/1395/1106 1025/1392/273
f 1028/1394/1105 1030/1395/1106 1027/1393/1104
f 1029/1396/55 1028/1394/1105 1026/1391/56
f 1030/1395/1106 1032/1397/274 1025/1392/273
f 1031/1398/1107 1033/1399/1108 1030/1395/1106
f 1029/1396/55 1033/1399/1108 1034/1400/1109
f 1029/1396/55 1035/1401/1110 1032/1397/274
f 1038/1402/1111 1035/1401/1110 1036/1403/1112
f 1039/1404/1113 1032/1397/274 1035/1401/1110
f 1039/1404/1113 1035/1401/1110 1037/1405/1114
f 1038/1402/1111 1039/1404/1113 1037/1405/1114
f 1036/1403/1112 1040/1406/1115 1038/1402/1111
f 1029/1396/55 1042/1407/61 1036/1403/1112
f 69/1408/279 1032/1397/274 1039/1404/1113
f 1040/1406/1115 1041/1409/1116 1039/1404/1113
f 1043/1410/1117 1041/1409/1116 1042/1407/61
f 1043/1410/1117 1045/1411/1118 69/1408/279
f 1042/1407/61 1047/1412/62 1043/1410/1117
f 1048/1413/1119 1044/1414/283 1045/1411/1118
f 1049/1415/1120 1045/1411/1118 1046/1416/1121
f 1047/1412/62 1049/1415/1120 1046/1416/1121
f 1049/1415/1120 1050/1417/1122 1048/1413/1119
f 1056/1418/63 1051/1419/1123 1049/1415/1120
f 1052/1420/1124 70/1421/284 1050/1417/1122
f 1053/1422/1125 1050/1417/1122 1051/1419/1123
f 1056/1418/63 1053/1422/1125 1051/1419/1123
f 1055/1423/1126 1052/1420/1124 1053/1422/1125
f 1054/1424/1127 1057/1425/1128 70/1421/284
f 1058/1426/1129 1054/1424/1127 1055/1423/1126
f 1059/1427/65 1055/1423/1126 1056/1418/63
f 1061/1428/1130 1057/1425/1128 1058/1426/1129
f 1064/1429/67 1061/1428/1130 1059/1427/65
f 1063/1430/1131 1062/1431/1132 1060/1432/1133
f 1062/1431/1132 72/1433/285 71/1434/289
f 1065/1435/1134 1066/1436/1135 1062/1431/1132
f 1066/1436/1135 73/1437/286 72/1433/285
f 1067/1438/69 1066/1436/1135 1065/1435/1134
f 1067/1438/69 1065/1435/1134 1064/1429/67
f 1067/1438/69 66/1439/287 73/1437/286
f 1068/1440/68 994/1441/1084 66/1439/287
f 1071/1442/1136 74/1443/278 77/1444/282
f 1069/1445/1137 1071/1442/1136 77/1444/282
f 1074/1446/1138 74/1443/278 1071/1442/1136
f 1075/1447/1139 1071/1442/1136 1072/1448/1140
f 1073/1449/1141 1075/1447/1139 1072/1448/1140
f 1077/1450/1142 1074/1446/1138 1075/1447/1139
f 1073/1449/1141 1077/1450/1142 1075/1447/1139
f 1042/1451/61 1077/1450/1142 1073/1449/1141
f 1077/1450/1142 1078/1452/1143 1076/1453/1144
f 1079/1454/1145 1077/1450/1142 1042/1451/61
f 1078/1452/1143 75/1455/276 1076/1453/1144
f 1029/1456/55 1079/1454/1145 1042/1451/61
f 1078/1452/1143 76/1457/275 75/1455/276
f 1080/1458/1146 76/1457/275 1078/1452/1143
f 1029/1456/55 1081/1459/1147 1080/1458/1146
f 1085/1460/1148 1084/1461/1149 1081/1459/1147
f 1087/1462/1150 1082/1463/1151 1084/1461/1149
f 1087/1462/1150 1084/1461/1149 1085/1460/1148
f 1082/1463/1151 1086/1464/1152 1083/1465/277
f 1088/1466/59 1087/1462/1150 1085/1460/1148
f 1088/1466/59 1085/1460/1148 1019/1467/57
f 1086/1464/1152 1089/1468/281 1083/1465/277
f 1087/1462/1150 1089/1468/281 1086/1464/1152
f 1090/1469/1153 77/1470/282 1089/1468/281
f 1070/1471/60 1090/1469/1153 1088/1466/59
f 1097/1472/53 1092/1473/1154 7/1474/51
f 1092/1473/1154 1093/1475/1155 1091/1476/270
f 1097/1472/53 1094/1477/1156 1092/1473/1154
f 1093/1475/1155 1095/1478/271 1091/1476/270
f 1094/1477/1156 1096/1479/1157 1093/1475/1155
f 1099/1480/1158 1096/1479/1157 1097/1472/53
f 1100/1481/1159 1098/1482/1160 1099/1480/1158
f 1097/1472/53 1100/1481/1159 1099/1480/1158
f 1100/1481/1159 1101/1483/1161 1095/1478/271
f 53/1484/268 1095/1478/271 1101/1483/1161
f 9/1485/49 1101/1483/1161 1102/1486/1162
f 1100/1481/1159 9/1485/49 1102/1486/1162
f 1104/1487/1163 53/1484/268 9/1485/49
f 1103/1488/1164 1106/1489/269 53/1484/268
f 1105/1490/1165 1106/1489/269 1103/1488/1164
f 1109/1491/1166 1106/1489/269 1105/1490/1165
f 1108/1492/1167 1110/1493/1168 1106/1489/269
f 1111/1494/1169 1110/1493/1168 1107/1495/52
f 1111/1494/1169 1112/1496/1170 1110/1493/1168
f 1113/1497/1171 1112/1496/1170 1111/1494/1169
f 54/1498/263 1110/1493/1168 1112/1496/1170
f 1113/1497/1171 1114/1499/1172 1112/1496/1170
f 1115/1500/1173 1114/1499/1172 1113/1497/1171
f 1118/1501/48 1115/1500/1173 1113/1497/1171
f 1116/1502/1174 54/1498/263 1115/1500/1173
f 1116/1502/1174 1117/1503/1175 54/1498/263
f 1115/1500/1173 1118/1501/48 1116/1502/1174
f 1119/1504/1176 54/1498/263 1117/1503/1175
f 1120/1505/1177 1117/1503/1175 1118/1501/48
f 1119/1504/1176 1121/1506/1178 54/1498/263
f 1120/1505/1177 1121/1506/1178 1119/1504/1176
f 1121/1506/1178 1122/1507/261 54/1498/263
f 1124/1508/1179 1122/1507/261 1123/1509/1180
f 1124/1508/1179 1125/1510/1181 1122/1507/261
f 1123/1509/1180 1126/1511/45 1124/1508/1179
f 1127/1512/1182 1125/1510/1181 1126/1511/45
f 1127/1512/1182 1128/1513/1183 1125/1510/1181
f 1129/1514/1184 55/1515/259 1128/1513/1183
f 1130/1516/1185 1128/1513/1183 1127/1512/1182
f 1133/1517/1186 1130/1516/1185 4/1518/43
f 1130/1516/1185 1132/1519/1187 1129/1514/1184
f 1133/1517/1186 1134/1520/1188 1130/1516/1185
f 1131/1521/257 55/1515/259 1132/1519/1187
f 1135/1522/1189 1131/1521/257 1132/1519/1187
f 1134/1520/1188 1135/1522/1189 1132/1519/1187
f 5/1523/41 1137/1524/1190 1133/1517/1186
f 1139/1525/1191 1135/1522/1189 1136/1526/1192
f 1133/1517/1186 1139/1525/1191 1136/1526/1192
f 1139/1525/1191 1140/1527/1193 1138/1528/1194
f 1141/1529/1195 1139/1525/1191 1137/1524/1190
f 1143/1530/1196 1141/1529/1195 1137/1524/1190
f 1145/1531/1197 1144/1532/1198 1143/1530/1196
f 1142/1533/40 1145/1531/1197 1143/1530/1196
f 1147/1534/1199 1146/1535/1200 1144/1532/1198
f 1146/1535/1200 1148/1536/253 56/1537/256
f 1150/1538/1201 57/1539/1202 1148/1536/253
f 1151/1540/1203 57/1539/1202 1150/1538/1201
f 1152/1541/38 1151/1540/1203 1149/1542/39
f 1152/1541/38 1148/1543/253 57/1539/1202
f 1155/1544/1204 1148/1543/253 1153/1545/1205
f 1157/1546/35 1155/1544/1204 1153/1545/1205
f 1156/1547/1206 1148/1543/253 1154/1548/1207
f 1157/1546/35 1154/1548/1207 1155/1544/1204
f 1159/1549/1208 1148/1543/253 1156/1547/1206
f 1158/1550/1209 1159/1549/1208 1156/1547/1206
f 1158/1550/1209 58/1551/254 1159/1549/1208
f 1162/1552/37 1160/1553/1210 1157/1546/35
f 1160/1553/1210 1161/1554/1211 58/1551/254
f 1161/1554/1211 1163/1555/1212 58/1551/254
f 1165/1556/1213 1161/1554/1211 1162/1552/37
f 1163/1555/1212 59/1557/255 58/1551/254
f 6/1558/36 1165/1556/1213 1162/1552/37
f 1166/1559/1214 1164/1560/1215 1165/1556/1213
f 1168/1561/1216 1163/1555/1212 1166/1559/1214
f 59/1557/255 1163/1555/1212 1167/1562/1217
f 6/1558/36 1167/1562/1217 1168/1561/1216
f 1169/1563/1218 1170/1564/1219 59/1557/255
f 6/1558/36 1171/1565/1220 1169/1563/1218
f 1172/1566/1221 59/1557/255 1170/1564/1219
f 1171/1565/1220 1173/1567/1222 1170/1564/1219
f 6/1558/36 1176/1568/42 1171/1565/1220
f 1183/709/1223 60/1569/258 1172/1566/1221
f 1175/1570/1224 1178/1571/1225 1174/1572/1226
f 1176/1568/42 1179/711/1227 1175/1570/1224
f 1180/713/1228 60/1569/258 1183/709/1223
f 1177/714/1229 1180/713/1230 1183/709/1231
f 1176/1568/42 1181/715/1232 1179/711/1227
f 1180/713/1228 1185/1573/1233 60/1569/258
f 1173/1567/1222 1184/1574/1234 1177/721/1235
f 1179/724/1236 1178/723/1237 1181/715/1238
f 1182/1575/1239 1179/724/1240 1181/715/1232
f 1184/1574/1234 1185/1573/1233 1183/725/1241
f 1182/1575/1239 1174/1572/1226 1179/724/1240
f 1186/1576/1242 1185/1573/1233 1184/1574/1234
f 1174/1572/1226 1187/1577/1243 1184/1574/1234
f 1182/1575/1239 1188/1578/1244 1174/1572/1226
f 7/1579/51 1182/1580/1239 1176/1568/42
f 1190/1581/1245 1185/1573/1233 1186/1576/1242
f 1189/1582/1246 1187/1577/1243 1174/1572/1226
f 1188/1578/1244 1189/1582/1246 1174/1572/1226
f 1190/1581/1245 1172/1583/1247 1185/1584/1233
f 1175/1585/1248 1191/1586/1249 1182/1580/1239
f 1186/1587/1250 1172/1583/1247 1190/1588/1245
f 1192/1589/1251 1190/1588/1252 1187/1590/1243
f 1193/1591/1253 1187/1590/1243 1189/1592/1246
f 1188/1593/1254 1189/1592/1255 1191/1594/1256
f 1175/1585/1248 1188/1593/1257 1191/1594/1249
f 1185/1584/1233 61/1595/267 60/1569/258
f 1193/1596/1253 1175/1585/1248 1182/1580/1239
f 1192/1597/1251 62/1598/1258 61/1595/267
f 1194/1599/1259 1192/1597/1251 1193/1596/1253
f 1194/1599/1259 1193/1596/1253 7/1579/51
f 1194/1599/1259 61/1600/267 62/1598/1258
f 7/1601/51 1091/1602/270 61/1600/267
f 1197/1603/1260 55/1604/259 1195/1605/1261
f 1198/1606/1262 1197/1603/1260 1196/1607/1263
f 8/1608/46 1199/1609/1264 1198/1606/1262
f 1197/1603/1260 63/1610/262 55/1604/259
f 1199/1609/1264 1200/1611/1265 1197/1603/1260
f 1200/1611/1265 64/1612/264 63/1610/262
f 1199/1609/1264 1201/1613/1266 1200/1611/1265
f 1202/1614/1267 1199/1609/1264 8/1608/46
f 1203/1615/47 1202/1614/1267 8/1608/46
f 1204/1616/1268 1201/1613/1266 1202/1614/1267
f 1205/1617/1269 64/1612/264 1201/1613/1266
f 1204/1616/1268 1205/1617/1269 1201/1613/1266
f 1204/1616/1268 1207/1618/1270 1205/1617/1269
f 1209/1619/1271 1206/1620/266 1207/1618/1270
f 9/1621/49 1210/1622/1272 1208/1623/50
f 1209/1619/1271 1212/1624/1273 1206/1620/266
f 1214/1625/1274 1211/1626/265 1212/1624/1273
f 1214/1625/1274 65/1627/260 1211/1626/265
f 1216/1628/44 65/1627/260 1214/1625/1274
f 1196/1629/1263 65/1627/260 1216/1628/44
f 1220/1630/1275 1217/1631/1276 1218/1632/23
f 1220/1630/1275 1219/1633/1277 1217/1631/1276
f 3/1634/22 1220/1630/1275 1218/1632/23
f 1222/1635/1278 43/224/240 1219/1633/1277
f 1225/1636/24 1223/1637/1279 1221/1638/1280
f 1224/1639/1281 44/225/242 1222/1635/1278
f 1226/1640/1282 44/225/242 1224/1639/1281
f 1223/1637/1279 1226/1640/1282 1224/1639/1281
f 1227/1641/25 1223/1637/1279 1225/1636/24
f 1226/1640/1282 45/226/243 44/225/242
f 1227/1641/25 45/226/243 1226/1640/1282
f 1228/1642/1283 45/226/243 1227/1641/25
f 1228/1642/1283 1230/1643/1284 45/226/243
f 1231/1644/1285 1230/1643/1284 1228/1642/1283
f 1231/1644/1285 1228/1642/1283 1229/1645/27
f 1232/1646/1286 46/228/245 1230/1643/1284
f 1229/1645/27 1233/1647/1287 1231/1644/1285
f 1234/1648/1288 46/228/245 1232/1646/1286
f 1233/1647/1287 1234/1648/1288 1232/1646/1286
f 1236/1649/1289 1234/1648/1288 1233/1647/1287
f 1235/1650/28 1236/1649/1289 1233/1647/1287
f 1236/1649/1289 1237/1651/1290 1234/1648/1288
f 1235/1650/28 1238/1652/1291 1236/1649/1289
f 1240/1653/1292 1237/1651/1290 1238/1652/1291
f 1240/1653/1292 1242/1654/1293 1239/1655/1294
f 1243/1656/1295 1240/1653/1292 1241/1657/30
f 1246/1658/1296 1242/1654/1293 1243/1656/1295
f 1245/1659/1297 48/1660/248 47/230/247
f 1245/1659/1297 1247/1661/1298 48/1660/248
f 1248/1662/1299 1245/1659/1297 1246/1658/1296
f 1249/1663/1300 48/1660/248 1247/1661/1298
f 1250/1664/31 1248/1662/1299 1244/1665/34
f 1251/1666/33 1249/1663/1300 1250/1664/31
f 1251/1666/33 49/232/249 1249/1663/1300
f 1251/1666/33 50/233/250 49/232/249
f 1254/1667/1301 50/233/250 1252/1668/32
f 1252/1668/32 1257/1669/1302 1254/1667/1301
f 1255/1670/1303 50/233/250 1253/1671/1304
f 1257/1669/1302 1255/1670/1303 1253/1671/1304
f 1257/1669/1302 1256/236/252 1255/1670/1303
f 1262/1672/29 1257/1669/1302 1252/1668/32
f 1258/1673/1305 1259/1674/251 1256/236/252
f 1262/1672/29 1259/1674/251 1260/1675/1306
f 1261/1676/1307 51/229/246 1259/1674/251
f 1262/1672/29 1263/1677/1308 1261/1676/1307
f 1263/1677/1308 51/229/246 1261/1676/1307
f 1266/1678/1309 1263/1677/1308 1264/1679/1310
f 1262/1672/29 1266/1678/1309 1264/1679/1310
f 1266/1678/1309 51/229/246 1265/1680/1311
f 1262/1672/29 1267/1681/1312 1266/1678/1309
f 1269/1682/1313 51/229/246 1267/1681/1312
f 1270/1683/1314 51/229/246 1268/1684/1315
f 1271/1685/1316 1268/1684/1315 1269/1682/1313
f 1267/1681/1312 1271/1685/1316 1269/1682/1313
f 1262/1672/29 1272/1686/26 1267/1681/1312
f 52/1687/244 51/229/246 1270/1683/1314
f 1272/1686/26 1270/1683/1314 1271/1685/1316
f 1272/1686/26 1273/1688/1317 52/1687/244
f 1273/1688/1317 1277/1689/237 52/1687/244
f 1276/1690/1318 1274/1691/1319 1272/1686/26
f 1276/1690/1318 1273/1688/1317 1274/1691/1319
f 1279/1692/19 1276/1690/1318 1272/1686/26
f 1279/1692/19 1278/1693/1320 1276/1690/1318
f 1279/1692/19 1277/1689/237 1278/1693/1320
f 1279/1692/19 1281/1694/1321 1277/1689/237
f 1284/1695/1322 1280/1696/1323 1282/1697/1324
f 1284/1695/1322 1285/1698/238 1280/1696/1323
f 1282/1697/1324 1283/1699/21 1284/1695/1322
f 1287/1700/1325 1285/1698/238 1283/1699/21
f 1286/1701/1326 1288/1702/1327 1285/1698/238
f 1287/1700/1325 1288/1702/1327 1286/1701/1326
f 1289/1703/1328 1287/1700/1325 1283/1699/21
f 1289/1703/1328 1290/1704/1329 1288/1702/1327
f 1291/1705/20 1290/1704/1329 1289/1703/1328
f 1291/1705/20 1293/1706/241 1292/1707/239
f 1218/1708/23 1293/1706/241 1294/1709/1330
f 1295/1710/1331 1297/1711/1332 41/219/235
f 1298/1712/18 1296/1713/1333 1371/1714/15
f 1296/1713/1333 1297/1711/1332 1295/1710/1331
f 1299/1715/1334 34/1716/236 1297/1711/1332
f 1298/1712/18 1299/1715/1334 1297/1711/1332
f 1300/1717/1335 1299/1715/1334 1298/1712/18
f 1301/1718/1336 1299/1715/1334 1300/1717/1335
f 1301/1718/1336 1300/1717/1335 1298/1712/18
f 1303/1719/1337 34/1716/236 1301/1718/1336
f 35/1720/233 34/1716/236 1302/1721/1338
f 1/1722/13 1304/1723/1339 1302/1721/1338
f 1305/1724/1340 35/1720/233 1304/1723/1339
f 1/1722/13 1306/1725/1341 1305/1724/1340
f 1308/1726/1342 35/1720/233 1306/1725/1341
f 1/1722/13 1308/1726/1342 1306/1725/1341
f 1309/1727/1343 35/1720/233 1307/1728/1344
f 1308/1726/1342 1309/1727/1343 1307/1728/1344
f 1/1722/13 1310/1729/1345 1308/1726/1342
f 1312/1730/1346 1309/1727/1343 1310/1729/1345
f 1312/1730/1346 1313/1731/1347 1311/1732/1348
f 1310/1729/1345 1314/1733/1349 1312/1730/1346
f 1315/1734/7 36/1735/229 1313/1731/1347
f 1317/1736/1350 36/1735/229 1315/1734/7
f 1316/1737/1351 37/1738/224 36/1735/229
f 1319/1739/1 1320/1740/221 37/1738/224
f 1321/1741/1352 1320/1740/221 1319/1739/1
f 1321/1741/1352 1322/1742/1353 1320/1740/221
f 2/1743/3 1321/1741/1352 1319/1739/1
f 1323/1744/1354 1322/1742/1353 1321/1741/1352
f 2/1743/3 1323/1744/1354 1321/1741/1352
f 1323/1744/1354 1324/1745/1355 1322/1742/1353
f 1325/1746/1356 38/1747/222 1322/1742/1353
f 1325/1746/1356 1322/1742/1353 1324/1745/1355
f 1326/1748/1357 1325/1746/1356 2/1743/3
f 1326/1748/1357 38/1747/222 1325/1746/1356
f 1328/1749/1358 38/1747/222 1326/1748/1357
f 1328/1749/1358 1327/1750/1359 38/1747/222
f 1329/1751/4 1328/1749/1358 2/1743/3
f 1330/1752/1360 1327/1750/1359 1328/1749/1358
f 1330/1752/1360 1331/1753/1361 1327/1750/1359
f 1333/1754/1362 38/1747/222 1331/1753/1361
f 1332/1755/1363 1333/1754/1362 1331/1753/1361
f 1329/1751/4 1334/1756/1364 1333/1754/1362
f 39/1757/223 1333/1754/1362 1334/1756/1364
f 1336/1758/1365 1334/1756/1364 1335/1759/1366
f 1336/1758/1365 1337/1760/1367 39/1757/223
f 1335/1759/1366 1338/1761/1368 1336/1758/1365
f 1339/1762/1369 39/1757/223 1337/1760/1367
f 1338/1761/1368 1339/1762/1369 1337/1760/1367
f 1329/1751/4 1340/1763/1370 1338/1761/1368
f 1341/1764/10 1339/1762/1369 1340/1763/1370
f 1341/1764/10 1343/1765/1371 40/1766/231
f 1346/1767/1372 1342/1768/232 1343/1765/1371
f 1347/1769/1373 1343/1765/1371 1344/1770/1374
f 1345/1771/11 1347/1769/1373 1344/1770/1374
f 1349/1772/1375 1346/1767/1372 1347/1769/1373
f 1349/1772/1375 1351/1773/1376 1348/1774/1377
f 1350/1775/12 1352/1776/1378 1349/1772/1375
f 1352/1776/1378 1353/1777/1379 1351/1773/1376
f 1350/1775/12 1354/1778/1380 1352/1776/1378
f 1353/1777/1379 1355/1779/234 36/1780/229
f 1354/1778/1380 1356/1781/1381 1353/1777/1379
f 1357/1782/1382 1354/1778/1380 1350/1775/12
f 1356/1781/1381 1359/1783/1383 1355/1779/234
f 1360/1784/1384 1356/1781/1381 1357/1782/1382
f 1359/1783/1383 1361/1785/1385 1355/1779/234
f 1363/1786/1386 1359/1783/1383 1360/1784/1384
f 1364/1787/14 1360/1784/1384 1358/1788/17
f 1362/1789/1387 1365/1790/1388 1361/1785/1385
f 1366/1791/1389 1362/1789/1387 1363/1786/1386
f 1365/1790/1388 1367/1792/1390 41/1793/235
f 1366/1791/1389 1363/1786/1386 1364/1787/14
f 1368/1794/16 1365/1790/1388 1366/1791/1389
f 1368/1794/16 1366/1791/1389 1364/1787/14
f 1370/1795/1391 1367/1792/1390 1368/1794/16
f 41/1796/235 1367/1792/1390 1369/1797/1392
f 1370/1795/1391 41/1796/235 1369/1797/1392
f 1368/1794/16 1371/1798/15 1370/1795/1391
f 1371/1798/15 1295/1799/1331 41/1796/235
f 1375/1800/1393 42/1801/226 1372/1802/228
f 1373/1803/1394 1375/1800/1393 1372/1802/228
f 1374/1804/9 1376/1805/1395 1373/1803/1394
f 1377/1806/1396 42/1801/226 1375/1800/1393
f 1376/1805/1395 1377/1806/1396 1375/1800/1393
f 1379/1807/1397 1380/1808/1398 1377/1806/1396
f 1378/1809/5 1382/1810/1399 1379/1807/1397
f 1382/1810/1399 1383/1811/1400 1380/1808/1398
f 1384/1812/1401 1382/1810/1399 1378/1809/5
f 1383/1811/1400 1385/1813/1402 1381/1814/225
f 1386/1815/2 1384/1812/1401 1378/1809/5
f 1384/1812/1401 1385/1813/1402 1383/1811/1400
f 1388/1816/227 1381/1814/225 1385/1813/1402
f 1389/1817/1403 1388/1816/227 1387/1818/1404
f 1391/1819/1405 1392/1820/230 1388/1816/227
f 1390/1821/6 1391/1819/1405 1389/1817/1403
f 1393/1822/8 1391/1819/1405 1390/1821/6
f 1393/1822/8 1372/1823/228 1392/1820/230
f 2354/1824/1406 2362/1825/1407 1398/1826/1408
f 2354/1824/1406 2365/1827/1409 2362/1825/1407
f 1394/1828/1410 2285/1829/1411 2278/1830/1412
f 1394/1828/1410 2267/1831/1413 2285/1829/1411
f 2246/1832/1414 2258/1833/1415 2250/1834/1416
f 2246/1832/1414 2266/1835/1417 2258/1833/1415
f 2354/1824/1406 2289/1836/1418 2365/1827/1409
f 2354/1824/1406 1395/1837/1419 2289/1836/1418
f 2346/1838/1420 2336/1839/1421 2354/1824/1406
f 2336/1839/1421 1395/1837/1419 2354/1824/1406
f 2336/1839/1421 2327/1840/1422 1395/1837/1419
f 2323/1841/1423 1395/1837/1419 2327/1840/1422
f 2323/1841/1423 1396/1842/1424 1395/1837/1419
f 2344/1843/1425 2336/1839/1421 2346/1838/1420
f 2318/1844/1426 1396/1842/1424 2323/1841/1423
f 1397/1845/1427 1396/1842/1424 2318/1844/1426
f 2312/1846/1428 1396/1842/1424 1397/1845/1427
f 2180/1847/1429 2192/1848/1430 2188/1849/1431
f 2180/1847/1429 2195/192/1432 2192/1848/1430
f 1399/1850/1433 2223/1851/1434 2216/1852/1435
f 2207/1853/1436 2223/1851/1434 1399/1850/1433
f 1401/1854/1437 2223/1851/1434 2207/1853/1436
f 1401/1854/1437 1400/1855/1438 2223/1851/1434
f 2236/1856/1439 1400/1855/1438 1401/1854/1437
f 2234/1857/1440 1400/1855/1438 2236/1856/1439
f 2174/1858/1441 2143/1859/1442 1402/1860/1443
f 2174/1858/1441 2149/1861/1444 2143/1859/1442
f 1403/1862/1445 2149/1861/1444 2174/1858/1441
f 1403/1862/1445 2163/1863/1446 2149/1861/1444
f 2163/1863/1446 2153/1864/1447 2149/1861/1444
f 2158/1865/1448 2153/1864/1447 2163/1863/1446
f 2167/1866/1449 2163/1863/1446 1403/1862/1445
f 1408/1867/1450 2059/1868/1451 2075/1869/1452
f 1407/1870/1453 1404/1871/1454 2131/1872/1455
f 1407/1870/1453 1405/1873/1456 1404/1874/1454
f 1405/1873/1456 2086/1875/1457 1404/1874/1454
f 2111/1876/1458 2093/1877/1459 1405/1873/1456
f 1406/1878/1460 2093/1877/1459 2111/1876/1458
f 2101/1879/1461 2093/1877/1459 1406/1878/1460
f 1409/1880/1462 2030/1881/1463 2049/1882/1464
f 1409/1880/1462 2040/1883/1465 2030/1881/1463
f 1411/1884/1466 1412/1885/1467 1994/1886/1468
f 1411/1884/1466 1413/1887/1469 1412/1885/1467
f 1411/1884/1466 1410/1888/1470 1413/1887/1469
f 1410/1888/1470 2008/1889/1471 1413/1887/1469
f 1980/70/1472 2008/1889/1471 1410/1888/1470
f 2008/1889/1471 1414/1890/1473 2014/1891/1474
f 1415/1892/1475 1980/70/1472 2027/1893/1476
f 1415/1892/1475 2008/1889/1471 1980/70/1472
f 1415/1892/1475 1414/1890/1473 2008/1889/1471
f 1907/1894/1477 1917/1895/1478 1912/1896/1479
f 1903/1897/1480 1917/1895/1478 1907/1894/1477
f 1924/1898/1481 1929/1899/1482 1928/1900/1483
f 1962/1901/1484 1972/1902/1485 1965/1903/1486
f 1962/1901/1484 1977/1904/1487 1972/1902/1485
f 1416/1905/1488 1929/1899/1482 1924/1898/1481
f 1416/1905/1488 1936/1906/1489 1929/1899/1482
f 1417/1907/1490 1936/1906/1489 1416/1905/1488
f 1947/1908/1491 1936/1906/1489 1417/1907/1490
f 1876/1909/1492 1893/1910/1493 1886/1911/1494
f 1859/1912/1495 1893/1910/1493 1876/1909/1492
f 1859/1912/1495 1850/1913/1496 1893/1910/1493
f 1419/1914/1497 1420/1915/1498 1764/1916/1499
f 1421/1917/1500 1420/1915/1498 1419/1914/1497
f 1775/1918/1501 1785/1919/1502 1780/1920/1503
f 1420/1915/1498 1785/1919/1502 1775/1918/1501
f 1420/1915/1498 1789/1921/1504 1785/1919/1502
f 1421/1917/1500 1789/1921/1504 1420/1915/1498
f 1845/1922/1505 1815/1923/1506 1418/1924/1507
f 1845/1922/1505 1821/1925/1508 1815/1923/1506
f 1844/1926/1509 1821/1925/1508 1845/1922/1505
f 1844/1926/1509 1835/1927/1510 1821/1925/1508
f 1837/1928/1511 1835/1927/1510 1844/1926/1509
f 1672/1929/1512 1679/1930/1513 1673/1931/1514
f 1424/1932/1515 1743/1933/1516 1742/1934/1517
f 1672/1929/1512 1661/70/1518 1679/1930/1513
f 1424/1932/1515 1747/1935/1519 1743/1933/1516
f 1423/1936/1520 1424/1932/1515 1727/1937/1521
f 1423/1936/1520 1747/1938/1519 1424/1932/1515
f 1423/1936/1520 1718/1939/1522 1747/1938/1519
f 1710/1940/1523 1747/1938/1519 1718/1939/1522
f 1710/1940/1523 1686/1941/1524 1747/1938/1519
f 1704/1942/1525 1686/1941/1524 1710/1940/1523
f 1422/1943/1526 1686/1941/1524 1704/1942/1525
f 1422/1943/1526 1698/1944/1527 1686/1941/1524
f 1584/1945/1528 1427/1946/1529 1592/1947/1530
f 1584/1945/1528 1428/1948/1531 1427/1946/1529
f 1425/1949/1532 1653/1950/1533 1646/1951/1534
f 1425/1949/1532 1426/1952/1535 1653/1950/1533
f 1425/1949/1532 1631/1953/1536 1426/1952/1535
f 1624/1954/1537 1426/1952/1535 1631/1953/1536
f 1624/1954/1537 1607/1955/1538 1426/1952/1535
f 1617/1956/1539 1607/1955/1538 1624/1954/1537
f 1614/1957/1540 1607/1955/1538 1617/1956/1539
f 1612/1958/1541 1607/1955/1538 1614/1957/1540
f 1430/1959/1542 1527/1960/1543 1429/1961/1544
f 1430/1959/1542 1531/1962/1545 1527/1960/1543
f 1430/1959/1542 1539/1963/1546 1531/1962/1545
f 1561/1964/1547 1556/1965/1548 1430/1959/1542
f 1542/1966/1549 1539/1963/1546 1430/1959/1542
f 1431/1967/1550 1432/1968/1551 1433/1969/1552
f 1435/1970/1553 1436/1971/1554 1437/1972/1555
f 2355/1973/1556 1446/1974/1557 2286/1975/1558
f 1435/1976/1553 1437/1972/1555 1434/1831/1559
f 1431/1967/1550 1433/1969/1552 2245/1977/1560
f 1445/1978/1561 2355/1973/1556 2286/1975/1558
f 1445/1978/1561 2286/1975/1558 1438/1979/1562
f 1445/1978/1561 1438/1979/1562 1439/1980/1563
f 2334/1981/1564 1445/1978/1561 1439/1980/1563
f 2334/1981/1564 1439/1980/1563 1443/1982/1565
f 1443/1982/1565 1439/1980/1563 1440/1983/1566
f 2324/1984/1567 1443/1982/1565 1440/1983/1566
f 1445/1978/1561 2334/1981/1564 2343/1985/1568
f 1444/1986/1569 1445/1978/1561 2343/1985/1568
f 1442/1987/1570 2324/1984/1567 1440/1983/1566
f 1442/1987/1570 1440/1983/1566 2302/1988/1571
f 1441/1989/1572 1442/1987/1570 2302/1988/1571
f 2309/1846/1573 1441/1989/1572 2302/1988/1571
f 2204/1990/1574 2211/1991/1575 2215/1992/1576
f 2183/1993/1577 2191/1994/1578 2196/192/1579
f 2183/1993/1577 2196/192/1579 2177/1995/1580
f 2204/1990/1574 2215/1992/1576 1447/1996/1581
f 1449/1997/1582 2204/1990/1574 1447/1996/1581
f 1448/1998/1583 1449/1997/1582 1447/1996/1581
f 2233/1999/1584 1448/1998/1583 1447/1996/1581
f 1456/2000/1585 1450/2001/1586 1451/2002/1587
f 1456/2000/1585 1451/2002/1587 1452/2003/1588
f 1455/2004/1589 1456/2005/1585 1452/2003/1588
f 1454/2006/1590 1452/2003/1588 1453/2007/1591
f 2164/2008/1592 1455/2009/1589 1452/2003/1588
f 1462/2010/1593 1463/2011/1594 2058/2012/1595
f 1460/2013/1596 1461/2014/1597 1457/2015/1598
f 1460/2013/1596 1457/2015/1598 1458/2016/1599
f 2113/2017/1600 1460/2013/1596 1459/2018/1601
f 2106/2019/1602 2113/2017/1600 1459/2018/1601
f 2106/2019/1602 1459/2018/1601 2104/2020/1603
f 1465/2021/1604 1466/2022/1605 1464/2023/1606
f 1465/2021/1604 1464/2023/1606 2036/2024/1607
f 1468/2025/1608 1469/2026/1609 1470/2027/1610
f 1468/2025/1608 1470/2027/1610 2003/2028/1611
f 1468/2025/1608 2003/2029/1611 1467/2030/1612
f 1978/2031/1613 1467/2030/1612 2009/2032/1614
f 1978/2031/1613 2009/2032/1614 1471/2033/1615
f 1480/2034/1616 1908/1894/1617 1481/2035/1618
f 1480/2034/1616 1481/2035/1618 1482/23/1619
f 1477/2036/1620 1478/2037/1621 1479/2038/1622
f 1477/2036/1620 1479/2038/1622 1959/2039/1623
f 1476/2040/1624 1473/2041/1625 1474/2042/1626
f 1476/2043/1624 1474/2042/1626 1475/2044/1627
f 1948/2045/1628 1476/2046/1624 1475/2044/1627
f 1946/2047/1629 1948/2045/1628 1475/2044/1627
f 1484/2048/1630 1485/2049/1631 1486/2050/1632
f 1484/2048/1630 1486/2050/1632 1487/2051/1633
f 1483/2052/1634 1484/2053/1630 1487/2051/1633
f 1497/2054/1635 1492/2055/1636 1493/2056/1637
f 1494/2057/1638 1495/2058/1639 1496/2059/1640
f 1497/2054/1635 1494/2057/1638 1496/2059/1640
f 1491/2060/1641 1805/2061/1642 1488/2062/1643
f 1491/2060/1641 1488/2062/1643 1489/2063/1644
f 1490/2064/1645 1491/2065/1641 1489/2063/1644
f 1832/2066/1646 1490/2064/1645 1489/2063/1644
f 1498/2067/1647 1662/2068/1648 1499/2069/1649
f 1498/2067/1647 1499/2069/1649 1500/2070/1650
f 1509/2071/1651 1507/1934/1652 1508/2072/1653
f 1506/2073/1654 1724/2074/1655 1509/2071/1651
f 1506/2073/1654 1509/2071/1651 1505/2075/1656
f 1504/2076/1657 1505/2075/1656 1509/2071/1651
f 1504/2076/1657 1509/2071/1651 1501/2077/1658
f 1503/2078/1659 1504/2076/1657 1501/2077/1658
f 1503/2078/1659 1501/2077/1658 1502/2079/1660
f 1699/2080/1661 1503/2078/1659 1502/2079/1660
f 1578/2081/1662 1517/2082/1663 1516/2083/1664
f 1633/2084/1665 1643/2085/1666 1514/2086/1667
f 1633/2084/1665 1514/2086/1667 1515/2087/1668
f 1513/2088/1669 1633/2084/1665 1515/2087/1668
f 1513/2088/1669 1515/2089/1668 1510/2090/1670
f 1512/2091/1671 1513/2088/1669 1510/2090/1670
f 1511/2092/1672 1512/2091/1671 1510/2090/1670
f 1518/2093/1673 1520/2094/1674 1525/2095/1675
f 1547/2096/1676 1518/2097/1673 1534/2098/1677
f 1518/2097/1673 1547/2096/1676 1551/2099/1678
f 1547/2100/1676 1534/2098/1677 1540/2101/1679
f 1519/2102/1680 1518/2097/1673 1551/2099/1678
f 1521/2103/1681 1570/2104/1682 1571/2105/1683
f 1569/2106/1684 1521/2103/1681 1571/2105/1683
f 1522/2107/1685 1568/2108/1686 1570/2104/1682
f 1521/2103/1681 1522/2107/1685 1570/2104/1682
f 1522/2107/1685 1523/2109/1687 1568/2108/1686
f 1524/2110/1688 1522/2107/1685 1521/2103/1681
f 1524/2110/1688 1521/2103/1681 1569/2106/1684
f 1525/2095/1675 1520/2094/1674 1523/2109/1687
f 1526/2111/1689 1523/2109/1687 1524/2110/1688
f 1429/2112/1544 1527/2113/1543 1524/2110/1688
f 1526/2111/1689 1529/2114/1690 1525/2095/1675
f 1527/2113/1543 1528/2115/1691 1526/2111/1689
f 1518/2116/1673 1525/2095/1675 1529/2114/1690
f 1531/2117/1545 1529/2114/1690 1528/2115/1691
f 1527/2113/1543 1531/2117/1545 1528/2115/1691
f 1532/2118/1692 1534/2098/1677 1530/2119/1693
f 1539/2120/1546 1535/2121/1694 1533/2122/1695
f 1537/2123/1696 1536/2124/1697 1535/2121/1694
f 1537/2123/1696 1538/2125/1698 1536/2124/1697
f 1538/2125/1698 1534/2098/1677 1536/2124/1697
f 1539/2120/1546 1538/2125/1698 1537/2123/1696
f 1539/2120/1546 1541/2126/1699 1534/2098/1677
f 1544/2127/1700 1541/2126/1699 1542/2128/1549
f 1546/2129/1701 1548/2130/1702 1543/2131/1703
f 1430/2132/1542 1545/2133/1704 1542/2128/1549
f 1548/2130/1702 1547/2100/1676 1540/2134/1679
f 1430/2132/1542 1549/2135/1705 1545/2133/1704
f 1549/2135/1705 1550/2136/1706 1546/2129/1701
f 1550/2136/1706 1552/2137/1707 1547/2100/1676
f 1554/2138/1708 1550/2136/1706 1549/2135/1705
f 1556/2139/1548 1549/2135/1705 1430/2132/1542
f 1553/2140/1709 1557/2141/1710 1552/2137/1707
f 1554/2138/1708 1557/2141/1710 1553/2140/1709
f 1558/2142/1711 1554/2138/1708 1555/2143/1712
f 1557/2141/1710 1519/2102/1680 1551/2144/1678
f 1558/2142/1711 1559/2145/1713 1557/2141/1710
f 1560/2146/1714 1558/2142/1711 1556/2139/1548
f 1562/2147/1715 1519/2102/1680 1559/2145/1713
f 1564/2148/1716 1559/2145/1713 1560/2146/1714
f 1561/2149/1547 1565/2150/1717 1560/2146/1714
f 1570/2151/1682 1562/2147/1715 1566/2152/1718
f 1567/2153/1719 1570/2151/1682 1566/2152/1718
f 1569/2154/1684 1571/2155/1683 1567/2153/1719
f 1570/2151/1682 1568/2156/1686 1562/2147/1715
f 1520/2157/1674 1518/2097/1673 1519/2158/1680
f 1561/2149/1547 1569/2154/1684 1565/2150/1717
f 1430/2159/1542 1429/2160/1544 1561/2149/1547
f 1573/2161/1720 1594/2162/1721 1595/2163/1722
f 1596/2164/1723 1573/2161/1720 1595/2163/1722
f 1574/2165/1724 1573/2161/1720 1596/2164/1723
f 1573/2161/1720 1575/2166/1725 1594/2162/1721
f 1575/2166/1725 1576/2167/1726 1572/2168/1727
f 1577/2169/1728 1575/2166/1725 1573/2161/1720
f 1577/2169/1728 1573/2161/1720 1574/2165/1724
f 1579/2170/1729 1516/2171/1664 1576/2167/1726
f 1577/2169/1728 1580/2172/1730 1576/2167/1726
f 1427/2173/1529 1428/2174/1531 1577/2169/1728
f 1582/2175/1731 1579/2170/1729 1580/2172/1730
f 1583/2176/1732 1580/2172/1730 1581/2177/1733
f 1428/2174/1531 1583/2176/1732 1581/2177/1733
f 1584/2178/1528 1583/2176/1732 1428/2174/1531
f 1586/2179/1734 1579/2170/1729 1582/2175/1731
f 1587/2180/1735 1582/2175/1731 1583/2176/1732
f 1585/2181/1736 1578/2182/1662 1579/2170/1729
f 1586/2179/1734 1585/2181/1736 1579/2170/1729
f 1589/2183/1737 1586/2179/1734 1587/2180/1735
f 1585/2181/1736 1517/2184/1663 1578/2182/1662
f 1588/2185/1738 1590/2186/1739 1585/2181/1736
f 1591/2187/1740 1588/2185/1738 1589/2183/1737
f 1591/2187/1740 1589/2183/1737 1584/2178/1528
f 1593/2188/1741 1517/2184/1663 1590/2186/1739
f 1595/2189/1722 1590/2186/1739 1591/2187/1740
f 1592/2190/1530 1596/2191/1723 1591/2187/1740
f 1601/2192/1742 1598/2193/1743 1426/2194/1535
f 1597/2195/1744 1600/2196/1745 1515/2089/1668
f 1600/2196/1745 1510/2197/1670 1515/2089/1668
f 1607/2198/1538 1601/2192/1742 1426/2194/1535
f 1602/2199/1746 1603/2200/1747 1600/2196/1745
f 1607/2198/1538 1602/2199/1746 1601/2192/1742
f 1605/2201/1748 1510/2197/1670 1603/2200/1747
f 1604/2202/1749 1605/2201/1748 1603/2200/1747
f 1609/2203/1750 1605/2201/1748 1606/2204/1751
f 1607/2198/1538 1609/2203/1750 1606/2204/1751
f 1608/2205/1752 1511/2206/1672 1510/2197/1670
f 1610/2207/1753 1511/2206/1672 1608/2205/1752
f 1612/2208/1541 1610/2207/1753 1611/2209/1754
f 1612/2208/1541 1613/2210/1755 1511/2206/1672
f 1615/2211/1756 1512/2212/1671 1613/2210/1755
f 1616/2213/1757 1613/2210/1755 1614/2214/1540
f 1617/2215/1539 1618/2216/1758 1616/2213/1757
f 1618/2216/1758 1619/2217/1759 1615/2211/1756
f 1617/2215/1539 1620/2218/1760 1618/2216/1758
f 1621/2219/1761 1512/2212/1671 1615/2211/1756
f 1620/2218/1760 1623/2220/1762 1619/2217/1759
f 1617/2215/1539 1622/2221/1763 1620/2218/1760
f 1623/2220/1762 1621/2219/1761 1619/2217/1759
f 1617/2215/1539 1624/2222/1537 1622/2221/1763
f 1626/2223/1764 1621/2219/1761 1623/2220/1762
f 1622/2221/1763 1626/2223/1764 1623/2220/1762
f 1628/2224/1765 1627/2225/1766 1624/2222/1537
f 1631/2226/1536 1628/2224/1765 1624/2222/1537
f 1630/2227/1767 1632/2228/1768 1625/2229/1769
f 1636/2230/1770 1629/2231/1771 1628/2224/1765
f 1632/2228/1768 1633/2232/1665 1625/2229/1769
f 1635/2233/1772 1630/2227/1767 1629/2231/1771
f 1634/2234/1773 1632/2228/1768 1630/2227/1767
f 1635/2233/1772 1632/2228/1768 1634/2234/1773
f 1638/2235/1774 1636/2230/1770 1631/2226/1536
f 1632/2228/1768 1640/2236/1775 1633/2232/1665
f 1636/2230/1770 1639/2237/1776 1632/2228/1768
f 1637/2238/1777 1641/2239/1778 1639/2237/1776
f 1640/2236/1775 1643/2240/1666 1633/2232/1665
f 1641/2239/1778 1644/2241/1779 1640/2236/1775
f 1645/2242/1780 1641/2239/1778 1642/2243/1781
f 1645/2242/1780 1642/2243/1781 1638/2235/1774
f 1646/2244/1534 1638/2235/1774 1425/2245/1532
f 1647/2246/1782 1643/2240/1666 1644/2241/1779
f 1649/2247/1783 1644/2241/1779 1645/2242/1780
f 1646/2244/1534 1650/2248/1784 1645/2242/1780
f 1647/2246/1782 1514/2249/1667 1643/2240/1666
f 1653/2250/1533 1650/2248/1784 1646/2244/1534
f 1648/2251/1785 1654/2252/1786 1647/2246/1782
f 1649/2247/1783 1651/2253/1787 1648/2251/1785
f 1652/2254/1788 1651/2253/1787 1649/2247/1783
f 1650/2248/1784 1652/2254/1788 1649/2247/1783
f 1654/2252/1786 1514/2249/1667 1647/2246/1782
f 1651/2253/1787 1655/2255/1789 1654/2252/1786
f 1652/2254/1788 1655/2255/1789 1651/2253/1787
f 1656/2256/1790 1652/2254/1788 1653/2250/1533
f 1655/2255/1789 1515/2257/1668 1514/2249/1667
f 1658/2258/1791 1655/2255/1789 1656/2256/1790
f 1426/2259/1535 1656/2256/1790 1653/2250/1533
f 1658/2258/1791 1659/2260/1792 1657/2261/1793
f 1660/2262/1794 1597/2263/1744 1659/2260/1792
f 1664/2264/1795 1498/2265/1647 1661/2266/1518
f 1664/2264/1795 1666/2267/1796 1663/2268/1797
f 1665/2269/1798 1667/2270/1799 1664/2264/1795
f 1668/2271/1800 1662/2272/1648 1666/2267/1796
f 1669/2273/1801 1668/2271/1800 1667/2270/1799
f 1665/2269/1798 1669/2273/1801 1667/2270/1799
f 1668/2271/1800 1670/2274/1802 1662/2272/1648
f 1669/2273/1801 1670/2274/1802 1668/2271/1800
f 1671/2275/1803 1669/2273/1801 1665/2269/1798
f 1499/2276/1649 1662/2272/1648 1670/2274/1802
f 1673/2277/1514 1670/2274/1802 1671/2275/1803
f 1672/2278/1512 1673/2277/1514 1671/2275/1803
f 1673/2277/1514 1674/2279/1804 1499/2276/1649
f 1677/2280/1805 1674/2279/1804 1675/2281/1806
f 1678/2282/1807 1677/2280/1805 1675/2281/1806
f 1673/2277/1514 1679/2283/1513 1675/2281/1806
f 1676/2284/1808 1500/2285/1650 1674/2279/1804
f 1678/2282/1807 1500/2285/1650 1676/2284/1808
f 1661/2286/1518 1500/2285/1650 1679/2283/1513
f 1680/2287/1809 1501/2288/1658 1509/2289/1651
f 1686/2290/1524 1682/2291/1810 1747/2292/1519
f 1681/2293/1811 1684/2294/1812 1680/2287/1809
f 1685/2295/1813 1684/2294/1812 1682/2291/1810
f 1683/2296/1814 1687/2297/1815 1501/2288/1658
f 1689/2298/1816 1687/2297/1815 1685/2295/1813
f 1689/2298/1816 1688/2299/1817 1687/2297/1815
f 1691/2300/1818 1688/2299/1817 1689/2298/1816
f 1690/2301/1819 1502/2302/1660 1501/2288/1658
f 1691/2300/1818 1692/2303/1820 1690/2301/1819
f 1698/2304/1527 1691/2300/1818 1686/2290/1524
f 1694/2305/1821 1502/2302/1660 1692/2303/1820
f 1693/2306/1822 1694/2305/1821 1692/2303/1820
f 1695/2307/1823 1694/2305/1821 1693/2306/1822
f 1696/2308/1824 1502/2302/1660 1694/2305/1821
f 1695/2307/1823 1696/2308/1824 1694/2305/1821
f 1698/2304/1527 1695/2307/1823 1693/2306/1822
f 1696/2308/1824 1697/2309/1825 1502/2302/1660
f 1698/2304/1527 1696/2308/1824 1695/2307/1823
f 1697/2309/1825 1699/2310/1661 1502/2302/1660
f 1698/2304/1527 1699/2310/1661 1697/2309/1825
f 1702/2311/1826 1699/2310/1661 1700/2312/1827
f 1422/2313/1526 1702/2311/1826 1700/2312/1827
f 1705/2314/1828 1503/2315/1659 1701/2316/1829
f 1703/2317/1830 1701/2316/1829 1702/2311/1826
f 1422/2313/1526 1704/2318/1525 1702/2311/1826
f 1703/2317/1830 1705/2314/1828 1701/2316/1829
f 1708/2319/1831 1706/2320/1832 1704/2318/1525
f 1708/2319/1831 1707/2321/1833 1706/2320/1832
f 1710/2322/1523 1708/2319/1831 1704/2318/1525
f 1711/2323/1834 1504/2324/1657 1503/2315/1659
f 1712/2325/1835 1709/2326/1836 1708/2319/1831
f 1710/2322/1523 1712/2325/1835 1708/2319/1831
f 1714/2327/1837 1711/2323/1834 1712/2325/1835
f 1714/2327/1837 1712/2325/1835 1710/2322/1523
f 1716/2328/1838 1714/2327/1837 1710/2322/1523
f 1716/2328/1838 1715/2329/1839 1713/2330/1840
f 1717/2331/1841 1715/2329/1839 1716/2328/1838
f 1713/2330/1840 1505/2332/1656 1504/2324/1657
f 1715/2329/1839 1505/2332/1656 1713/2330/1840
f 1717/2331/1841 1719/2333/1842 1715/2329/1839
f 1718/2334/1522 1717/2331/1841 1716/2328/1838
f 1710/2322/1523 1718/2334/1522 1716/2328/1838
f 1719/2333/1842 1505/2332/1656 1715/2329/1839
f 1717/2331/1841 1720/2335/1843 1719/2333/1842
f 1721/2336/1844 1720/2335/1843 1717/2331/1841
f 1423/2337/1520 1721/2336/1844 1718/2334/1522
f 1721/2336/1844 1722/2338/1845 1720/2335/1843
f 1722/2338/1845 1724/2339/1655 1506/2340/1654
f 1723/2341/1846 1725/2342/1847 1722/2338/1845
f 1727/2343/1521 1723/2341/1846 1423/2337/1520
f 1728/2344/1848 1724/2339/1655 1725/2342/1847
f 1730/2345/1849 1725/2342/1847 1726/2346/1850
f 1727/2343/1521 1731/2347/1851 1726/2346/1850
f 1728/2344/1848 1732/2348/1852 1724/2339/1655
f 1424/2349/1515 1731/2347/1851 1727/2343/1521
f 1734/2350/1853 1730/2345/1849 1731/2347/1851
f 1734/2350/1853 1729/2351/1854 1730/2345/1849
f 1733/2352/1855 1732/2348/1852 1728/2344/1848
f 1734/2350/1853 1735/2353/1856 1733/2352/1855
f 1736/2354/1857 1738/2355/1858 1735/2353/1856
f 1737/2356/1859 1739/2357/1860 1736/2354/1857
f 1507/2358/1652 1509/2359/1651 1732/2348/1852
f 1740/2360/1861 1735/2353/1856 1738/2355/1858
f 1741/2361/1862 1738/2355/1858 1739/2357/1860
f 1737/2356/1859 1741/2361/1862 1739/2357/1860
f 1740/2360/1861 1507/2358/1652 1732/2348/1852
f 1742/2362/1517 1740/2360/1861 1741/2361/1862
f 1742/2362/1517 1741/2361/1862 1737/2356/1859
f 1743/2363/1516 1507/2358/1652 1742/2362/1517
f 1744/2364/1863 1508/2365/1653 1743/2363/1516
f 1745/2366/1864 1746/2367/1865 1744/2364/1863
f 1748/2368/1866 1750/2369/1867 1746/2367/1865
f 1749/2370/1868 1750/2369/1867 1748/2368/1866
f 1751/2371/1869 1749/2370/1868 1745/2366/1864
f 1751/2371/1869 1752/2372/1870 1750/2369/1867
f 1753/2373/1871 1751/2371/1869 1747/2374/1519
f 1509/2375/1651 1750/2369/1867 1752/2372/1870
f 1755/2376/1872 1752/2372/1870 1753/2373/1871
f 1754/2377/1873 1680/2378/1809 1509/2375/1651
f 1755/2376/1872 1680/2378/1809 1754/2377/1873
f 1682/2379/1810 1755/2376/1872 1747/2374/1519
f 1758/2380/1874 1796/2381/1875 1797/2382/1876
f 1798/2383/1877 1758/2380/1874 1797/2382/1876
f 1421/2384/1500 1757/2385/1878 1798/2383/1877
f 1757/2385/1878 1758/2380/1874 1798/2383/1877
f 1492/2386/1636 1497/2387/1635 1756/2388/1879
f 1759/2389/1880 1760/2390/1881 1492/2386/1636
f 1761/2391/1882 1759/2389/1880 1758/2380/1874
f 1761/2391/1882 1758/2380/1874 1757/2385/1878
f 1493/2392/1637 1492/2386/1636 1760/2390/1881
f 1761/2391/1882 1762/2393/1883 1760/2390/1881
f 1419/2394/1497 1763/2395/1884 1761/2391/1882
f 1765/2396/1885 1493/2392/1637 1762/2393/1883
f 1767/2397/1886 1762/2393/1883 1763/2395/1884
f 1764/2398/1499 1768/2399/1887 1763/2395/1884
f 1420/2400/1498 1768/2399/1887 1764/2398/1499
f 1769/2401/1888 1765/2396/1885 1766/2402/1889
f 1767/2397/1886 1769/2401/1888 1766/2402/1889
f 1770/2403/1890 1493/2392/1637 1765/2396/1885
f 1771/2404/1891 1769/2401/1888 1767/2397/1886
f 1770/2403/1890 1497/2405/1635 1493/2392/1637
f 1772/2406/1892 1771/2404/1891 1420/2400/1498
f 1772/2406/1892 1769/2401/1888 1771/2404/1891
f 1775/2407/1501 1772/2406/1892 1420/2400/1498
f 1772/2406/1892 1773/2408/1893 1769/2401/1888
f 1775/2407/1501 1774/2409/1894 1772/2406/1892
f 1774/2409/1894 1777/2410/1895 1773/2408/1893
f 1775/2407/1501 1776/2411/1896 1774/2409/1894
f 1777/2410/1895 1778/2412/1897 1494/2413/1638
f 1779/2414/1898 1777/2410/1895 1776/2411/1896
f 1495/2415/1639 1494/2413/1638 1778/2412/1897
f 1779/2414/1898 1495/2415/1639 1778/2412/1897
f 1775/2407/1501 1780/2416/1503 1779/2414/1898
f 1780/2416/1503 1782/2417/1899 1495/2415/1639
f 1781/2418/1900 1495/2415/1639 1782/2417/1899
f 1780/2416/1503 1785/2419/1502 1783/2420/1901
f 1785/2419/1502 1784/2421/1902 1783/2420/1901
f 1784/2421/1902 1786/2422/1903 1781/2418/1900
f 1785/2419/1502 1786/2422/1903 1784/2421/1902
f 1785/2419/1502 1787/2423/1904 1786/2422/1903
f 1787/2423/1904 1790/2424/1905 1781/2418/1900
f 1791/2425/1906 1788/2426/1907 1785/2419/1502
f 1791/2425/1906 1790/2424/1905 1788/2426/1907
f 1793/2427/1908 1790/2424/1905 1791/2425/1906
f 1794/2428/1909 1496/2429/1640 1792/2430/1910
f 1795/2431/1911 1792/2430/1910 1793/2427/1908
f 1789/2432/1504 1795/2431/1911 1793/2427/1908
f 1756/2433/1879 1497/2434/1635 1794/2428/1909
f 1795/2431/1911 1796/2435/1875 1794/2428/1909
f 1421/2436/1500 1798/2437/1877 1795/2431/1911
f 1801/2438/1912 1847/2439/1913 1799/2440/1914
f 1800/2441/1915 1802/2442/1916 1846/2443/1917
f 1804/2444/1918 1800/2441/1915 1801/2438/1912
f 1802/2442/1916 1805/2445/1642 1491/2065/1641
f 1803/2446/1919 1807/2447/1920 1802/2442/1916
f 1804/2444/1918 1807/2447/1920 1803/2446/1919
f 1808/2448/1921 1804/2444/1918 1845/2449/1505
f 1807/2447/1920 1806/2450/1922 1802/2442/1916
f 1809/2451/1923 1808/2448/1921 1845/2449/1505
f 1810/2452/1924 1806/2450/1922 1807/2447/1920
f 1811/2453/1925 1807/2447/1920 1808/2448/1921
f 1810/2452/1924 1812/2454/1926 1806/2450/1922
f 1811/2453/1925 1812/2454/1926 1810/2452/1924
f 1813/2455/1927 1811/2453/1925 1809/2451/1923
f 1814/2456/1928 1805/2445/1642 1812/2454/1926
f 1815/2457/1506 1812/2454/1926 1813/2455/1927
f 1418/2458/1507 1815/2457/1506 1813/2455/1927
f 1816/2459/1929 1488/2460/1643 1814/2456/1928
f 1815/2457/1506 1817/2461/1930 1814/2456/1928
f 1817/2461/1930 1819/2462/1931 1816/2459/1929
f 1820/2463/1932 1817/2461/1930 1818/2464/1933
f 1816/2459/1929 1489/2465/1644 1488/2460/1643
f 1819/2462/1931 1822/2466/1934 1816/2459/1929
f 1824/2467/1935 1822/2466/1934 1823/2468/1936
f 1826/2469/1937 1825/2470/1938 1822/2466/1934
f 1827/2471/1939 1825/2470/1938 1826/2469/1937
f 1821/2472/1508 1827/2471/1939 1826/2469/1937
f 1827/2471/1939 1828/2473/1940 1825/2470/1938
f 1828/2473/1940 1489/2465/1644 1825/2470/1938
f 1828/2473/1940 1830/2474/1941 1489/2465/1644
f 1831/2475/1942 1830/2474/1941 1829/2476/1943
f 1835/2477/1510 1831/2475/1942 1821/2472/1508
f 1831/2475/1942 1833/2478/1944 1830/2474/1941
f 1834/2479/1945 1833/2478/1944 1831/2475/1942
f 1835/2477/1510 1833/2478/1944 1834/2479/1945
f 1835/2477/1510 1834/2479/1945 1831/2475/1942
f 1837/2480/1511 1832/2481/1646 1835/2477/1510
f 1838/2482/1946 1490/2483/1645 1836/2484/1947
f 1840/2485/1948 1836/2484/1947 1837/2480/1511
f 1839/2486/1949 1841/2487/1950 1838/2482/1946
f 1844/2488/1509 1842/2489/1951 1840/2485/1948
f 1838/2482/1946 1491/2490/1641 1490/2483/1645
f 1843/2491/1952 1847/2492/1913 1841/2487/1950
f 1799/2493/1914 1847/2492/1913 1843/2491/1952
f 1799/2493/1914 1843/2491/1952 1844/2488/1509
f 1851/2494/1953 1848/2495/1954 1849/2496/1955
f 1850/2497/1496 1851/2494/1953 1849/2496/1955
f 1852/2498/1956 1487/2051/1633 1848/2495/1954
f 1853/2499/1957 1848/2495/1954 1851/2494/1953
f 1850/2497/1496 1854/2500/1958 1853/2499/1957
f 1854/2500/1958 1856/2501/1959 1855/2502/1960
f 1862/2503/1961 1860/2504/1962 1861/2505/1963
f 1857/2506/1964 1862/2503/1961 1861/2505/1963
f 1863/2507/1965 1483/2508/1634 1860/2504/1962
f 1862/2503/1961 1863/2507/1965 1860/2504/1962
f 1864/2509/1966 1863/2507/1965 1862/2503/1961
f 1859/2510/1495 1864/2509/1966 1862/2503/1961
f 1866/2511/1967 1865/2512/1968 1864/2509/1966
f 1859/2510/1495 1866/2511/1967 1864/2509/1966
f 1867/2513/1969 1483/2508/1634 1865/2512/1968
f 1866/2511/1967 1868/2514/1970 1865/2512/1968
f 1870/2515/1971 1868/2514/1970 1869/2516/1972
f 1871/2517/1973 1869/2516/1972 1866/2511/1967
f 1871/2517/1973 1866/2511/1967 1859/2510/1495
f 1871/2517/1973 1867/2513/1969 1870/2515/1971
f 1871/2517/1973 1872/2518/1974 1867/2513/1969
f 1872/2518/1974 1484/2053/1630 1483/2508/1634
f 1874/2519/1975 1484/2053/1630 1872/2518/1974
f 1875/2520/1976 1872/2518/1974 1873/2521/1977
f 1859/2510/1495 1876/2522/1492 1873/2521/1977
f 1876/2522/1492 1877/2523/1978 1875/2520/1976
f 1879/2524/1979 1878/2525/1980 1484/2053/1630
f 1880/2526/1981 1485/2527/1631 1878/2525/1980
f 1881/2528/1982 1878/2525/1980 1879/2524/1979
f 1881/2528/1982 1880/2526/1981 1878/2525/1980
f 1882/2529/1983 1880/2526/1981 1881/2528/1982
f 1882/2529/1983 1883/2530/1984 1880/2526/1981
f 1884/2531/1985 1885/2532/1986 1883/2530/1984
f 1886/2533/1494 1884/2531/1985 1882/2529/1983
f 1884/2531/1985 1887/2534/1987 1885/2532/1986
f 1886/2533/1494 1888/2535/1988 1884/2531/1985
f 1890/2536/1989 1485/2527/1631 1887/2534/1987
f 1886/2533/1494 1891/2537/1990 1888/2535/1988
f 1886/2533/1494 1893/2538/1493 1891/2537/1990
f 1892/2539/1991 1486/2540/1632 1890/2536/1989
f 1892/2539/1991 1894/2541/1992 1486/2540/1632
f 1893/2538/1493 1894/2541/1992 1895/2542/1993
f 1894/2541/1992 1897/2543/1994 1486/2540/1632
f 1896/2544/1995 1897/2543/1994 1894/2541/1992
f 1897/2543/1994 1487/2545/1633 1486/2540/1632
f 1898/2546/1996 1897/2543/1994 1896/2544/1995
f 1893/2538/1493 1849/2547/1955 1899/2548/1997
f 1900/2549/1998 1848/2550/1954 1897/2543/1994
f 1849/2547/1955 1848/2550/1954 1900/2549/1998
f 1850/2551/1496 1849/2547/1955 1893/2538/1493
f 1904/2552/1999 1480/2553/1616 1901/2554/2000
f 1906/2555/2001 1901/2554/2000 1902/2556/2002
f 1910/2557/2003 1905/2558/2004 1906/2555/2001
f 1909/2559/2005 1908/2560/1617 1904/2552/1999
f 1911/2561/2006 1909/2559/2005 1910/2557/2003
f 1911/2561/2006 1910/2557/2003 1907/2562/1477
f 1911/2561/2006 1481/2563/1618 1908/2560/1617
f 1907/2562/1477 1912/2564/1479 1911/2561/2006
f 1912/2564/1479 1913/2565/2007 1481/2563/1618
f 1916/2566/2008 1482/2567/1619 1913/2565/2007
f 1917/2568/1478 1915/2569/2009 1914/2570/2010
f 1917/2568/1478 1916/2566/2008 1915/2569/2009
f 1917/2568/1478 1901/2571/2000 1482/2567/1619
f 1920/2572/2011 1918/2573/2012 1919/2574/2013
f 1920/2572/2011 1922/2575/2014 1918/2573/2012
f 1921/2576/2015 1923/2577/2016 1920/2572/2011
f 1473/2578/1625 1476/2046/1624 1922/2575/2014
f 1925/2579/2017 1473/2578/1625 1922/2575/2014
f 1928/2580/1483 1925/2579/2017 1926/2581/2018
f 1928/2580/1483 1926/2581/2018 1924/2582/1481
f 1474/2583/1626 1473/2578/1625 1927/2584/2019
f 1928/2580/1483 1474/2583/1626 1927/2584/2019
f 1929/2585/1482 1931/2586/2020 1474/2583/1626
f 1933/2587/2021 1931/2586/2020 1932/2588/2022
f 1929/2585/1482 1933/2587/2021 1932/2588/2022
f 1929/2585/1482 1935/2589/2023 1933/2587/2021
f 1930/2590/2024 1475/2591/1627 1474/2583/1626
f 1935/2589/2023 1937/2592/2025 1934/2593/2026
f 1938/2594/2027 1937/2592/2025 1935/2589/2023
f 1939/2595/2028 1938/2594/2027 1935/2589/2023
f 1939/2595/2028 1935/2589/2023 1936/2596/1489
f 1939/2595/2028 1937/2592/2025 1938/2594/2027
f 1939/2595/2028 1940/2597/2029 1937/2592/2025
f 1941/2598/2030 1939/2595/2028 1936/2596/1489
f 1941/2598/2030 1940/2597/2029 1939/2595/2028
f 1944/2599/2031 1475/2591/1627 1940/2597/2029
f 1944/2599/2031 1946/2600/1629 1475/2591/1627
f 1947/2601/1491 1945/2602/2032 1941/2598/2030
f 1947/2601/1491 1944/2599/2031 1945/2602/2032
f 1947/2601/1491 1949/2603/2033 1946/2600/1629
f 1952/2604/2034 1949/2603/2033 1950/2605/2035
f 1417/2606/1490 1953/2607/2036 1950/2605/2035
f 1954/2608/2037 1951/2609/2038 1952/2604/2034
f 1953/2607/2036 1954/2608/2037 1952/2604/2034
f 1951/2609/2038 1955/2610/2039 1948/2611/1628
f 1956/2612/2040 1954/2608/2037 1953/2607/2036
f 1417/2606/1490 1956/2612/2040 1953/2607/2036
f 1957/2613/2041 1476/2614/1624 1948/2611/1628
f 1958/2615/2042 1955/2610/2039 1954/2608/2037
f 1956/2612/2040 1958/2615/2042 1954/2608/2037
f 1919/2616/2013 1957/2613/2041 1955/2610/2039
f 1958/2615/2042 1919/2616/2013 1955/2610/2039
f 1920/866/2011 1919/2616/2013 1958/2615/2042
f 1956/2612/2040 1920/866/2011 1958/2615/2042
f 1416/2617/1488 1921/2618/2015 1956/2612/2040
f 1963/2619/2043 1959/2620/1623 1960/2621/2044
f 1964/2622/2045 1960/2621/2044 1961/2623/2046
f 1962/2624/1484 1964/2622/2045 1961/2623/2046
f 1963/2619/2043 1477/2625/1620 1959/2620/1623
f 1965/2626/1486 1964/2622/2045 1962/2624/1484
f 1964/2622/2045 1966/2627/2047 1963/2619/2043
f 1966/2627/2047 1477/2625/1620 1963/2619/2043
f 1968/2628/2048 1477/2625/1620 1966/2627/2047
f 1967/2629/2049 1968/2628/2048 1966/2627/2047
f 1965/2626/1486 1969/2630/2050 1967/2629/2049
f 1968/2628/2048 1970/2631/2051 1477/2625/1620
f 1969/2630/2050 1970/2631/2051 1968/2628/2048
f 1971/2632/2052 1969/2630/2050 1965/2626/1486
f 1478/2633/1621 1477/2625/1620 1970/2631/2051
f 1972/2634/1485 1970/2631/2051 1971/2632/2052
f 1965/2626/1486 1972/2634/1485 1971/2632/2052
f 1972/2634/1485 1974/2635/2053 1478/2633/1621
f 1974/2635/2053 1479/2636/1622 1478/2633/1621
f 1972/2634/1485 1976/2637/2054 1973/2638/2055
f 1976/2637/2054 1974/2635/2053 1973/2638/2055
f 1976/2637/2054 1975/2639/2056 1974/2635/2053
f 1977/2640/1487 1976/2637/2054 1972/2634/1485
f 1975/2639/2056 1479/2636/1622 1974/2635/2053
f 1976/2637/2054 1479/2636/1622 1975/2639/2056
f 1977/2640/1487 1960/2641/2044 1479/2636/1622
f 1981/2642/2057 1983/2643/2058 1979/2644/2059
f 1982/2645/2060 1981/2642/2057 1980/2646/1472
f 1410/2647/1470 1982/2645/2060 1980/2646/1472
f 1985/2648/2061 1984/2649/2062 1981/2642/2057
f 1982/2645/2060 1985/2648/2061 1981/2642/2057
f 1986/2650/2063 1983/2643/2058 1984/2649/2062
f 1985/2648/2061 1986/2650/2063 1984/2649/2062
f 1986/2650/2063 1989/2651/2064 1983/2643/2058
f 1988/2652/2065 1987/2653/2066 1982/2645/2060
f 1986/2650/2063 1990/2654/2067 1989/2651/2064
f 1987/2653/2066 1990/2654/2067 1986/2650/2063
f 1991/2655/2068 1987/2653/2066 1988/2652/2065
f 1990/2654/2067 1992/2656/2069 1468/2025/1608
f 1993/2657/2070 1990/2654/2067 1991/2655/2068
f 1994/2658/1468 1991/2655/2068 1988/2652/2065
f 1994/2658/1468 1988/2652/2065 1411/2659/1466
f 1995/2660/2071 1469/2026/1609 1992/2656/2069
f 1993/2657/2070 1996/2661/2072 1992/2656/2069
f 1994/2658/1468 1998/2662/2073 1993/2657/2070
f 1412/2663/1467 1998/2662/2073 1994/2658/1468
f 1999/2664/2074 1995/2660/2071 1996/2661/2072
f 1997/2665/2075 1999/2664/2074 1996/2661/2072
f 1998/2662/2073 2000/2666/2076 1997/2665/2075
f 1412/2663/1467 2000/2666/2076 1998/2662/2073
f 1470/2027/1610 1469/2026/1609 1995/2660/2071
f 2000/2666/2076 2001/2667/2077 1999/2664/2074
f 2002/2668/2078 2000/2666/2076 1412/2663/1467
f 2001/2667/2077 2004/2669/2079 1470/2027/1610
f 2002/2668/2078 2004/2669/2079 2001/2667/2077
f 1413/2670/1469 2002/2668/2078 1412/2663/1467
f 2007/2671/2080 2004/2669/2079 2005/2672/2081
f 2006/2673/2082 2009/2674/1614 2003/2028/1611
f 2007/2671/2080 2009/2674/1614 2006/2673/2082
f 2009/2674/1614 1467/2675/1612 2003/2028/1611
f 2010/2676/2083 2011/2677/2084 2009/2674/1614
f 2014/2678/1474 2011/2677/2084 2012/2679/2085
f 2014/2678/1474 2012/2679/2085 2008/2680/1471
f 2015/2681/2086 1471/2033/1615 2013/2682/2087
f 2014/2678/1474 2016/2683/2088 2013/2682/2087
f 2019/2684/2089 2015/2681/2086 2016/2683/2088
f 2017/2685/2090 2019/2684/2089 2016/2683/2088
f 2023/2686/2091 2015/2681/2086 2019/2684/2089
f 2022/2687/2092 2020/2688/2093 2018/2689/2094
f 2022/2687/2092 2023/2686/2091 2020/2688/2093
f 1414/2690/1473 2022/2687/2092 2018/2689/2094
f 2025/2691/2095 2023/2686/2091 2022/2687/2092
f 2021/2692/2096 1472/2693/2097 1978/2031/1613
f 2024/2694/2098 1472/2693/2097 2021/2692/2096
f 2025/2691/2095 1472/2693/2097 2024/2694/2098
f 2027/2695/1476 2025/2691/2095 1415/2696/1475
f 2029/2697/2099 1472/2693/2097 2026/2698/2100
f 2027/2695/1476 2029/2697/2099 2026/2698/2100
f 1978/2699/1613 1472/2693/2097 2028/2700/2101
f 2029/2697/2099 1979/2701/2059 2028/2700/2101
f 2027/2695/1476 1980/2702/1472 2029/2697/2099
f 2033/2703/2102 2052/2704/2103 2049/2705/1464
f 2050/2706/2104 1464/2023/1606 1466/2022/1605
f 2031/2707/2105 2050/2706/2104 2051/2708/2106
f 2035/2709/2107 2031/2707/2105 2032/2710/2108
f 2035/2709/2107 2032/2710/2108 2033/2703/2102
f 2038/2711/2109 1464/2023/1606 2034/2712/2110
f 2035/2709/2107 2038/2711/2109 2034/2712/2110
f 2030/2713/1463 2040/2714/1465 2035/2709/2107
f 2039/2715/2111 2041/2716/2112 2038/2711/2109
f 2040/2714/1465 2042/2717/2113 2039/2715/2111
f 1409/2718/1462 2042/2717/2113 2040/2714/1465
f 2044/2719/2114 2043/2720/2115 2042/2717/2113
f 1409/2718/1462 2044/2719/2114 2042/2717/2113
f 2046/2721/2116 2043/2720/2115 2044/2719/2114
f 2047/2722/2117 1465/2723/1604 2045/2724/2118
f 2046/2721/2116 2047/2722/2117 2045/2724/2118
f 1409/2718/1462 2048/2725/2119 2046/2721/2116
f 2050/2726/2104 1466/2022/1605 2047/2722/2117
f 2052/2727/2103 2047/2722/2117 2048/2725/2119
f 2049/2728/1464 2052/2727/2103 2048/2725/2119
f 2059/2729/1451 2057/2730/2120 2077/2731/2121
f 2077/2731/2121 2056/2732/2122 2076/2733/2123
f 2054/2734/2124 2055/2735/2125 2053/2736/2126
f 2055/2735/2125 2058/2737/1595 1463/2738/1594
f 2054/2734/2124 2060/2739/2127 2055/2735/2125
f 2056/2732/2122 2060/2739/2127 2054/2734/2124
f 2061/2740/2128 2056/2732/2122 2057/2730/2120
f 2062/2741/2129 2058/2737/1595 2060/2739/2127
f 2064/2742/2130 2060/2739/2127 2061/2740/2128
f 2059/2729/1451 2065/2743/2131 2061/2740/2128
f 2066/2744/2132 2062/2741/2129 2063/2745/2133
f 2067/2746/2134 2063/2745/2133 2064/2742/2130
f 2065/2743/2131 2067/2746/2134 2064/2742/2130
f 2068/2747/2135 1462/2748/1593 2062/2741/2129
f 2069/2749/2136 2062/2741/2129 2066/2744/2132
f 2065/2743/2131 2070/2750/2137 2067/2746/2134
f 2070/2750/2137 2071/2751/2138 2069/2749/2136
f 2068/2747/2135 1463/2752/1594 1462/2748/1593
f 2071/2751/2138 2073/2753/2139 2068/2747/2135
f 2072/2754/2140 2073/2753/2139 2071/2751/2138
f 2075/2755/1452 2072/2754/2140 1408/2756/1450
f 2053/2757/2126 1463/2752/1594 2073/2753/2139
f 2076/2758/2123 2073/2753/2139 2074/2759/2141
f 2075/2755/1452 2077/2760/2121 2074/2759/2141
f 2132/2761/2142 1457/2762/1598 1461/2763/1597
f 2134/2764/2143 2079/2765/2144 2133/2766/2145
f 2080/2767/2146 2082/2768/2147 2078/2769/2148
f 2079/2765/2144 2082/2768/2147 2080/2767/2146
f 2083/2770/2149 2079/2765/2144 2081/2771/2150
f 2084/2772/2151 1457/2762/1598 2082/2768/2147
f 2085/2773/2152 2082/2768/2147 2083/2770/2149
f 1404/2774/1454 2086/2775/1457 2083/2770/2149
f 2085/2773/2152 2087/2776/2153 2084/2772/2151
f 2086/2775/1457 2088/2777/2154 2085/2773/2152
f 2089/2778/2155 1458/2779/1599 2087/2776/2153
f 2090/2780/2156 2087/2776/2153 2088/2777/2154
f 2086/2775/1457 2090/2780/2156 2088/2777/2154
f 2089/2778/2155 1459/2781/1601 1460/2782/1596
f 2090/2780/2156 2091/2783/2157 2089/2778/2155
f 2091/2783/2157 1459/2781/1601 2089/2778/2155
f 2092/2784/2158 2091/2783/2157 2090/2780/2156
f 2093/2785/1459 2090/2780/2156 1405/2786/1456
f 2093/2785/1459 2092/2784/2158 2090/2780/2156
f 2095/2787/2159 2094/2788/2160 2092/2784/2158
f 2096/2789/2161 2097/2790/2162 2094/2788/2160
f 2099/2791/2163 2096/2789/2161 2093/2785/1459
f 2100/2792/2164 1459/2781/1601 2098/2793/2165
f 2093/2785/1459 2101/2794/1461 2099/2791/2163
f 2101/2794/1461 2102/2795/2166 2099/2791/2163
f 2100/2792/2164 2104/2796/1603 1459/2781/1601
f 2102/2795/2166 2103/2797/2167 2100/2792/2164
f 2101/2794/1461 2103/2797/2167 2102/2795/2166
f 2105/2798/2168 2103/2797/2167 2101/2794/1461
f 2105/2798/2168 2107/2799/2169 2104/2796/1603
f 1406/2800/1460 2105/2798/2168 2101/2794/1461
f 2110/2801/2170 2107/2799/2169 2108/2802/2171
f 1406/2800/1460 2110/2801/2170 2108/2802/2171
f 2111/2803/1458 2110/2801/2170 1406/2800/1460
f 2112/2804/2172 2109/2805/2173 2110/2801/2170
f 2111/2803/1458 2112/2804/2172 2110/2801/2170
f 2114/2806/2174 2113/2807/1600 2109/2805/2173
f 2111/2803/1458 2115/2808/2175 2112/2804/2172
f 2116/2809/2176 2113/2807/1600 2114/2806/2174
f 2118/2810/2177 2117/2811/2178 2116/2809/2176
f 2111/2803/1458 2118/2810/2177 2115/2808/2175
f 2117/2811/2178 2119/2812/2179 2113/2807/1600
f 2119/2812/2179 1460/2813/1596 2113/2807/1600
f 2120/2814/2180 2119/2812/2179 2117/2811/2178
f 2122/2815/2181 2119/2812/2179 2120/2814/2180
f 2123/2816/2182 2122/2815/2181 2111/2803/1458
f 2121/2817/2183 2124/2818/2184 1460/2813/1596
f 2122/2815/2181 2125/2819/2185 2121/2817/2183
f 1407/2820/1453 2123/2816/2182 1405/2821/1456
f 2128/2822/2186 2125/2819/2185 2126/2823/2187
f 2128/2822/2186 2126/2823/2187 2123/2816/2182
f 2124/2818/2184 1461/2824/1597 1460/2813/1596
f 2127/2825/2188 1461/2824/1597 2124/2818/2184
f 2130/2826/2189 2127/2825/2188 2128/2822/2186
f 2131/2827/1455 2128/2822/2186 1407/2820/1453
f 2132/2828/2142 1461/2824/1597 2129/2829/2190
f 2133/2830/2145 2129/2829/2190 2130/2826/2189
f 2131/2827/1455 2134/2831/2143 2130/2826/2189
f 1404/2832/1454 2134/2831/2143 2131/2827/1455
f 2136/2833/2191 2138/2834/2192 2135/2835/2193
f 2139/2836/2194 2137/2837/2195 2174/2838/1441
f 2141/2839/2196 2140/2840/2197 2139/2836/2194
f 2140/2840/2197 1450/2001/1586 2138/2834/2192
f 2142/2841/2198 2140/2840/2197 2141/2839/2196
f 1402/2842/1443 2141/2839/2196 2139/2836/2194
f 1402/2842/1443 2139/2836/2194 2174/2838/1441
f 2143/2843/1442 1450/2001/1586 2142/2841/2198
f 1402/2842/1443 2143/2843/1442 2142/2841/2198
f 2145/2844/2199 1451/2002/1587 2143/2843/1442
f 2146/2845/2200 1451/2002/1587 2144/2846/2201
f 2147/2847/2202 2144/2846/2201 2145/2844/2199
f 2147/2847/2202 2146/2845/2200 2144/2846/2201
f 2146/2845/2200 1452/2848/1588 1451/2002/1587
f 2147/2847/2202 2148/2849/2203 2146/2845/2200
f 2149/2850/1444 2148/2849/2203 2147/2847/2202
f 2148/2849/2203 2150/2851/2204 1452/2848/1588
f 2149/2850/1444 2151/2852/2205 2148/2849/2203
f 2151/2852/2205 2154/2853/2206 2150/2851/2204
f 2152/2854/2207 2154/2853/2206 2151/2852/2205
f 2155/2855/2208 2152/2854/2207 2153/2856/1447
f 1454/2857/1590 1453/2858/1591 2154/2853/2206
f 2155/2855/2208 2156/2859/2209 2154/2853/2206
f 2153/2856/1447 2158/2860/1448 2155/2855/2208
f 2159/2861/2210 1454/2857/1590 2156/2859/2209
f 2157/2862/2211 2159/2861/2210 2156/2859/2209
f 2158/2860/1448 2160/2863/2212 2157/2862/2211
f 2161/2864/2213 1454/2857/1590 2159/2861/2210
f 2160/2863/2212 2161/2864/2213 2159/2861/2210
f 2158/2860/1448 2162/2865/2214 2160/2863/2212
f 2166/2866/2215 2161/2864/2213 2162/2865/2214
f 2166/2866/2215 2165/2867/2216 2161/2864/2213
f 2167/2868/1449 2166/2866/2215 2163/2869/1446
f 2166/2866/2215 2164/2870/1592 2165/2867/2216
f 2167/2868/1449 2168/2871/2217 2164/2870/1592
f 2170/2872/2218 1455/2873/1589 2168/2871/2217
f 2171/2874/2219 2168/2871/2217 2169/2875/2220
f 2172/2876/2221 2170/2872/2218 2171/2874/2219
f 2170/2872/2218 1456/2877/1585 1455/2873/1589
f 2172/2876/2221 2173/2878/2222 2170/2872/2218
f 2176/2879/2223 2135/2880/2193 2173/2878/2222
f 2135/2880/2193 1456/2877/1585 2173/2878/2222
f 2174/2881/1441 2137/2882/2195 2175/2883/2224
f 2136/1281/2191 2135/2880/2193 2176/2879/2223
f 2137/2882/2195 2136/1281/2191 2176/2879/2223
f 2182/2884/2225 2178/2885/2226 2179/2886/2227
f 2182/2884/2225 2184/2887/2228 2181/2888/2229
f 2186/2889/2230 2183/2890/1577 2184/2887/2228
f 2185/2891/2231 2186/2889/2230 2184/2887/2228
f 2180/2892/1429 2187/2893/2232 2185/2891/2231
f 2186/2889/2230 2189/2894/2233 2183/2890/1577
f 2187/2893/2232 2189/2894/2233 2186/2889/2230
f 2190/2895/2234 2187/2893/2232 2188/2896/1431
f 2191/2897/1578 2183/2890/1577 2189/2894/2233
f 2192/2898/1430 2189/2894/2233 2190/2895/2234
f 2188/2896/1431 2192/2898/1430 2190/2895/2234
f 2192/2898/1430 2193/2899/2235 2191/2897/1578
f 2196/2900/1579 2191/2897/1578 2193/2899/2235
f 2198/2901/2236 2197/2902/2237 2194/2903/2238
f 2195/2904/1432 2198/2901/2236 2194/2903/2238
f 2199/2905/2239 2197/2902/2237 2198/2901/2236
f 2199/2905/2239 2200/2906/2240 2197/2902/2237
f 2195/2904/1432 2200/2906/2240 2199/2905/2239
f 2195/2904/1432 2178/2907/2226 2196/2900/1579
f 2201/2908/2241 2204/2909/1574 1449/2910/1582
f 2203/2911/2242 2205/2912/2243 2202/2913/2244
f 2207/2914/1436 2203/2911/2242 2242/2915/2245
f 2209/2916/2246 2204/2909/1574 2205/2912/2243
f 2210/2917/2247 2208/2918/2248 2207/2914/1436
f 1399/2919/1433 2210/2917/2247 2207/2914/1436
f 2208/2918/2248 2212/2920/2249 2209/2916/2246
f 2210/2917/2247 2212/2920/2249 2208/2918/2248
f 2212/2920/2249 2211/2921/1575 2209/2916/2246
f 2214/2922/2250 2212/2920/2249 2210/2917/2247
f 2215/2923/1576 2211/2921/1575 2213/2924/2251
f 2216/2925/1435 2213/2924/2251 2214/2922/2250
f 1399/2919/1433 2216/2925/1435 2214/2922/2250
f 2216/2925/1435 2218/2926/2252 2215/2923/1576
f 2219/2927/2253 2220/2928/2254 2218/2926/2252
f 2220/2928/2254 2217/2929/2255 2218/2926/2252
f 2221/2930/2256 2220/2928/2254 2219/2927/2253
f 2222/2931/2257 2220/2928/2254 2221/2930/2256
f 2223/2932/1434 2222/2931/2257 2221/2930/2256
f 2217/2929/2255 1447/2933/1581 2215/2923/1576
f 2224/2934/2258 1447/2933/1581 2217/2929/2255
f 2228/2935/2259 1447/2933/1581 2226/2936/2260
f 2223/2932/1434 1400/2937/1438 2225/2938/2261
f 2228/2935/2259 2229/2939/2262 1447/2933/1581
f 2231/2940/2263 2228/2935/2259 2227/2941/2264
f 2230/2942/2265 2229/2939/2262 2228/2935/2259
f 1400/2937/1438 2231/2940/2263 2227/2941/2264
f 2229/2939/2262 2233/2943/1584 1447/2933/1581
f 2231/2940/2263 2229/2939/2262 2230/2942/2265
f 2232/2944/2266 2229/2939/2262 2231/2940/2263
f 2232/2944/2266 2231/2940/2263 1400/2937/1438
f 2232/2944/2266 2233/2943/1584 2229/2939/2262
f 2234/2945/1440 2235/2946/2267 2233/2943/1584
f 2236/2947/1439 2237/2948/2268 2235/2946/2267
f 2241/2949/2269 2240/2950/2270 2238/2951/2271
f 2242/2952/2245 2241/2949/2269 2239/2953/2272
f 2244/2954/2273 2240/2950/2270 2241/2949/2269
f 2201/2955/2241 1449/2956/1582 2240/2950/2270
f 2202/1281/2244 2201/2955/2241 2243/2957/2274
f 2244/2954/2273 2202/1281/2244 2243/2957/2274
f 2246/2958/1414 2248/2959/2275 2245/1977/1560
f 2251/2960/2276 2247/2961/2277 2248/2959/2275
f 2249/2962/2278 2251/2960/2276 2248/2959/2275
f 2250/2963/1416 2252/2964/2279 2249/2962/2278
f 2253/2965/2280 2247/2961/2277 2251/2960/2276
f 2250/2963/1416 2254/2966/2281 2252/2964/2279
f 2253/2965/2280 2255/2967/2282 2247/2961/2277
f 2254/2966/2281 2255/2967/2282 2253/2965/2280
f 2256/2968/2283 2254/2966/2281 2250/2963/1416
f 1432/2969/1551 1431/2970/1550 2255/2967/2282
f 2257/2971/2284 2255/2967/2282 2256/2968/2283
f 2250/2963/1416 2258/2972/1415 2256/2968/2283
f 2257/2971/2284 2259/2973/2285 1432/2969/1551
f 2258/2972/1415 2261/2974/2286 2257/2971/2284
f 2261/2974/2286 2259/2973/2285 2260/2975/2287
f 2264/2976/2288 2263/2977/2289 2261/2974/2286
f 2266/2978/1417 2261/2974/2286 2258/2972/1415
f 2266/2978/1417 2265/2979/2290 2264/2976/2288
f 2266/2978/1417 2264/2976/2288 2261/2974/2286
f 2245/2980/1560 1433/2981/1552 2262/2982/2291
f 2246/2983/1414 2262/2982/2291 2266/2978/1417
f 2269/2984/2292 1434/2985/1559 2267/2986/1413
f 2272/2987/2293 2268/2988/2294 2269/2984/2292
f 2270/2989/2295 2272/2987/2293 2269/2984/2292
f 2273/2990/2296 2271/2991/2297 2268/2988/2294
f 2272/2987/2293 2273/2990/2296 2268/2988/2294
f 2274/2992/2298 2271/2991/2297 2273/2990/2296
f 2272/2987/2293 2274/2992/2298 2273/2990/2296
f 2270/2989/2295 2275/2993/2299 2272/2987/2293
f 2274/2992/2298 2276/2994/2300 2271/2991/2297
f 2275/2993/2299 2276/2994/2300 2274/2992/2298
f 2277/2995/2301 2275/2993/2299 2270/2989/2295
f 1436/2996/1554 1435/1976/1553 2276/2994/2300
f 2278/2997/1412 2276/2994/2300 2277/2995/2301
f 1394/2998/1410 2278/2997/1412 2277/2995/2301
f 2278/2997/1412 2279/2999/2302 1436/2996/1554
f 2283/3000/2303 2279/2999/2302 2280/3001/2304
f 2284/3002/2305 2282/3003/2306 2283/3000/2303
f 2284/3002/2305 2283/3000/2303 2280/3001/2304
f 2285/3004/1411 2280/3001/2304 2278/2997/1412
f 2284/3002/2305 2281/3005/2307 2282/3003/2306
f 2285/3004/1411 2281/3005/2307 2284/3002/2305
f 2285/3004/1411 2284/3002/2305 2280/3001/2304
f 2285/3004/1411 1434/3006/1559 1437/3007/1555
f 2363/3008/2308 1438/3009/1562 2286/3010/1558
f 2288/3011/2309 2363/3008/2308 2364/3012/2310
f 2289/3013/1418 2364/3012/2310 2365/3014/1409
f 2287/3015/2311 2290/3016/2312 1438/3009/1562
f 2291/3017/2313 2287/3015/2311 2288/3011/2309
f 2291/3017/2313 2288/3011/2309 2289/3013/1418
f 2290/3016/2312 1439/3018/1563 1438/3009/1562
f 2291/3017/2313 2292/3019/2314 2290/3016/2312
f 1395/3020/1419 2291/3017/2313 2289/3013/1418
f 2294/3021/2315 1439/3018/1563 2292/3019/2314
f 2296/3022/2316 2292/3019/2314 2293/3023/2317
f 2294/3021/2315 1440/3024/1566 1439/3018/1563
f 2297/3025/2318 2295/3026/2319 2296/3022/2316
f 2298/3027/2320 1440/3024/1566 2294/3021/2315
f 2299/3028/2321 2298/3027/2320 2297/3025/2318
f 1396/3029/1424 2301/3030/2322 1395/3020/1419
f 2299/3028/2321 2300/3031/2323 2298/3027/2320
f 2301/3030/2322 2300/3031/2323 2299/3028/2321
f 2300/3031/2323 2302/3032/1571 1440/3024/1566
f 2304/3033/2324 2300/3031/2323 2301/3030/2322
f 2306/3034/2325 2300/3031/2323 2303/3035/2326
f 2301/3030/2322 1396/3029/1424 2304/3033/2324
f 2305/3036/2327 2306/3034/2325 2303/3035/2326
f 2307/3037/2328 2308/3038/2329 2306/3034/2325
f 2307/3037/2328 2311/3039/2330 2308/3038/2329
f 2311/3039/2330 2302/3032/1571 2308/3038/2329
f 2312/3040/1428 2311/3039/2330 2310/3041/2331
f 2312/3040/1428 1441/3042/1572 2309/3043/1573
f 2315/3044/2332 1441/3042/1572 2313/3045/2333
f 1397/3046/1427 2316/3047/2334 2313/3045/2333
f 2318/3048/1426 2315/3044/2332 2316/3047/2334
f 2317/3049/2335 1442/3050/1570 2314/3051/2336
f 2318/3048/1426 2319/3052/2337 2315/3044/2332
f 2322/3053/2338 2320/3054/2339 2319/3052/2337
f 2323/3055/1423 2319/3052/2337 2318/3048/1426
f 2325/3056/2340 2321/3057/2341 2322/3053/2338
f 2323/3055/1423 2325/3056/2340 2322/3053/2338
f 2325/3056/2340 2326/3058/2342 2321/3057/2341
f 2327/3059/1422 2329/3060/2343 2325/3056/2340
f 2329/3060/2343 2326/3058/2342 2325/3056/2340
f 2330/3061/2344 2331/3062/2345 2328/3063/2346
f 2333/3064/2347 2330/3061/2344 2327/3059/1422
f 1443/3065/1565 2324/3066/1567 2328/3063/2346
f 2330/3061/2344 2332/3067/2348 2331/3062/2345
f 2333/3064/2347 2332/3067/2348 2330/3061/2344
f 2331/3062/2345 2334/3068/1564 1443/3065/1565
f 2336/3069/1421 2331/3062/2345 2333/3064/2347
f 2336/3069/1421 2333/3064/2347 2327/3059/1422
f 2336/3069/1421 2337/3070/2349 2335/3071/2350
f 2342/3072/2351 2338/3073/2352 2336/3069/1421
f 2337/3070/2349 2339/3074/2353 2334/3068/1564
f 2344/3075/1425 2342/3072/2351 2336/3069/1421
f 2341/3076/2354 2343/3077/1568 2339/3074/2353
f 2344/3075/1425 2341/3076/2354 2342/3072/2351
f 2345/3078/2355 2343/3077/1568 2344/3075/1425
f 2345/3078/2355 2347/3079/2356 1444/3080/1569
f 2346/3081/1420 2348/3082/2357 2345/3078/2355
f 2349/3083/2358 2347/3079/2356 2348/3082/2357
f 2349/3083/2358 2350/3084/2359 2347/3079/2356
f 2350/3084/2359 1445/3085/1561 2347/3079/2356
f 2354/3086/1406 2351/3087/2360 2346/3081/1420
f 2353/3088/2361 2350/3084/2359 2351/3087/2360
f 2352/3089/2362 2356/3090/2363 1445/3085/1561
f 2353/3088/2361 2357/3091/2364 2352/3089/2362
f 2359/3092/2365 2353/3088/2361 2354/3086/1406
f 1398/3093/1408 2359/3092/2365 2354/3086/1406
f 2357/3091/2364 2360/3094/2366 2356/3090/2363
f 2361/3095/2367 2357/3091/2364 2358/3096/2368
f 2361/3095/2367 2358/3096/2368 2359/3092/2365
f 2360/3094/2366 1446/3097/1557 2355/3098/1556
f 2361/3095/2367 1446/3097/1557 2360/3094/2366
f 2362/3099/1407 2361/3095/2367 1398/3093/1408
f 2364/3100/2310 1446/3097/1557 2362/3099/1407
f 179/418/206 169/421/437 168/404/436
f 181/420/207 180/422/452 169/421/437
f 180/422/452 182/426/455 170/423/439
f 183/424/453 182/426/455 180/422/452
f 184/425/454 170/423/439 182/426/455
f 186/427/208 184/425/454 183/424/453
f 170/423/439 185/429/456 171/428/440
f 186/427/208 185/429/456 170/423/439
f 186/427/208 187/431/458 171/428/440
f 189/430/457 188/433/460 171/428/440
f 188/433/460 194/435/443 171/428/440
f 191/432/459 190/436/462 188/433/460
f 191/432/459 193/438/463 192/434/461
f 193/438/463 194/435/443 192/434/461
f 191/432/459 195/437/213 193/438/463
f 195/437/213 196/439/464 194/435/443
f 195/437/213 197/442/467 196/439/464
f 197/442/467 198/440/465 196/439/464
f 200/443/215 199/441/466 197/442/467
f 199/441/466 200/443/215 172/444/446
f 200/443/215 202/3101/2369 201/445/468
f 203/446/469 205/448/450 172/444/446
f 202/3101/2369 203/446/469 201/445/468
f 200/443/215 204/449/219 202/3101/2369
f 202/3101/2369 204/449/219 203/446/469
f 204/449/219 205/448/450 203/446/469
f 204/449/219 208/451/472 206/447/470
f 206/447/470 208/451/472 207/450/471
f 204/449/219 209/454/217 208/451/472
f 207/450/471 173/452/448 205/448/450
f 208/451/472 209/454/217 173/452/448
f 210/453/220 174/456/451 173/452/448
f 210/453/220 178/3102/204 168/455/436
f 212/459/474 214/458/473 211/461/441
f 213/457/210 32/462/218 214/458/473
f 32/462/218 216/465/476 215/460/449
f 32/462/218 217/3103/216 216/465/476
f 216/465/476 175/464/447 215/460/449
f 217/3103/216 218/463/475 216/465/476
f 217/3103/216 219/469/214 218/463/475
f 218/463/475 221/468/478 220/466/445
f 219/469/214 221/468/478 218/463/475
f 227/476/212 222/467/477 219/469/214
f 220/466/445 223/470/479 224/473/444
f 223/470/479 225/471/480 224/473/444
f 222/467/477 226/475/483 225/471/480
f 227/476/212 226/475/483 222/467/477
f 229/474/482 228/472/481 225/471/480
f 227/476/212 230/479/211 229/474/482
f 232/477/484 231/478/485 228/472/481
f 231/478/485 176/482/442 224/473/444
f 233/480/486 176/482/442 231/478/485
f 232/477/484 234/483/488 233/480/486
f 232/477/484 230/479/211 234/483/488
f 230/479/211 237/485/489 234/483/488
f 237/485/489 236/487/491 235/481/487
f 33/490/209 237/485/489 230/479/211
f 235/481/487 236/487/491 171/484/440
f 239/486/490 238/489/493 236/487/491
f 236/487/491 238/489/493 171/484/440
f 33/490/209 240/488/492 239/486/490
f 240/488/492 241/492/205 177/491/438
f 212/493/474 211/3104/441 177/491/438
f 213/3105/210 212/493/474 241/492/205
f 242/494/200 244/496/202 243/495/433
f 244/496/202 245/499/201 167/497/434
f 247/498/203 246/501/435 167/497/434
f 242/500/200 166/3106/432 246/501/435
f 249/504/197 252/508/497 250/502/494
f 250/502/494 252/508/497 251/506/496
f 251/506/496 253/3107/2370 248/503/495
f 253/3107/2370 151/402/431 248/503/495
f 252/508/497 253/3107/2370 251/506/496
f 252/508/497 254/507/199 253/3107/2370
f 254/507/199 151/402/431 253/3107/2370
f 151/402/431 256/3108/2371 152/513/428
f 255/509/498 256/3108/2371 151/402/431
f 255/509/498 257/511/499 256/3108/2371
f 257/511/499 152/513/428 256/3108/2371
f 255/509/498 258/510/195 257/511/499
f 257/511/499 258/510/195 259/512/500
f 258/510/195 261/515/502 260/514/501
f 261/515/502 263/517/504 262/516/503
f 264/519/506 265/518/505 262/516/503
f 258/510/195 267/524/510 264/519/506
f 264/519/506 267/524/510 266/520/507
f 258/510/195 272/525/187 267/524/510
f 267/524/510 268/521/508 266/520/507
f 269/523/509 153/522/421 268/521/508
f 153/522/421 271/526/511 270/529/513
f 269/523/509 272/525/187 271/526/511
f 272/525/187 270/529/513 271/526/511
f 270/529/513 273/528/416 153/522/421
f 272/525/187 274/527/512 270/529/513
f 279/534/516 278/3109/2372 154/532/413
f 275/530/182 283/536/184 277/533/515
f 278/3109/2372 280/537/414 154/532/413
f 279/534/516 281/535/517 278/3109/2372
f 277/533/515 283/536/184 281/535/517
f 281/535/517 280/537/414 278/3109/2372
f 280/537/414 284/540/519 282/539/415
f 283/536/184 284/540/519 280/537/414
f 283/536/184 285/538/518 284/540/519
f 285/538/518 287/545/523 286/541/520
f 291/542/183 287/545/523 285/538/518
f 289/544/522 288/543/521 286/541/520
f 289/544/522 291/542/183 290/546/524
f 292/548/525 155/547/420 290/546/524
f 292/548/525 294/551/528 293/549/526
f 291/542/183 297/555/190 292/548/525
f 295/550/527 156/553/424 155/547/420
f 294/551/528 296/552/529 295/550/527
f 292/548/525 297/555/190 296/552/529
f 296/552/529 297/555/190 156/553/424
f 298/554/530 157/557/426 156/553/424
f 297/555/190 299/558/193 298/554/530
f 300/561/533 158/560/427 157/557/426
f 301/556/531 300/561/533 157/557/426
f 299/558/193 302/562/194 301/556/531
f 301/556/531 304/563/534 303/559/532
f 305/564/535 158/560/427 303/559/532
f 304/563/534 306/566/537 305/564/535
f 304/563/534 302/562/194 306/566/537
f 306/566/537 308/567/538 307/565/536
f 158/560/427 307/565/536 159/571/429
f 308/567/538 310/569/540 309/568/539
f 309/568/539 312/573/542 159/571/429
f 313/572/541 312/573/542 309/568/539
f 311/570/196 313/572/541 310/569/540
f 313/572/541 314/574/543 312/573/542
f 159/571/429 314/574/543 160/582/430
f 313/572/541 315/575/544 314/574/543
f 315/575/544 316/578/546 314/574/543
f 311/570/196 317/576/198 315/575/544
f 314/574/543 316/578/546 160/582/430
f 315/575/544 317/576/198 316/578/546
f 316/578/546 318/577/545 160/582/430
f 317/576/198 319/580/547 318/577/545
f 249/579/197 160/582/430 318/577/545
f 324/586/550 323/583/548 320/585/549
f 323/583/548 161/591/422 165/584/425
f 325/589/551 161/591/422 323/583/548
f 324/586/550 326/594/555 325/589/551
f 326/594/555 327/590/552 325/589/551
f 324/586/550 322/588/189 326/594/555
f 326/594/555 328/593/554 327/590/552
f 322/588/189 333/3110/186 328/593/554
f 330/592/553 331/597/557 329/595/419
f 332/596/556 331/597/557 330/592/553
f 333/3110/186 332/596/556 328/593/554
f 332/596/556 334/600/559 331/597/557
f 333/3110/186 334/600/559 332/596/556
f 333/3110/186 335/601/185 334/600/559
f 336/599/558 163/604/418 162/598/417
f 334/600/559 337/602/560 336/599/558
f 340/609/188 339/605/562 335/601/185
f 339/605/562 342/608/564 341/606/563
f 340/609/188 342/608/564 339/605/562
f 163/604/418 341/606/563 164/612/423
f 342/608/564 343/610/565 341/606/563
f 341/606/563 343/610/565 164/612/423
f 342/608/564 344/607/191 343/610/565
f 343/610/565 320/613/549 165/611/425
f 344/607/191 321/3111/192 320/613/549
f 347/617/569 350/616/568 346/614/566
f 350/616/568 349/615/567 346/614/566
f 350/616/568 352/619/181 351/620/570
f 351/620/570 353/623/572 355/621/410
f 354/622/571 353/623/572 351/620/570
f 354/622/571 356/626/574 355/621/410
f 354/622/571 359/624/177 356/626/574
f 358/625/573 357/627/409 355/621/410
f 359/624/177 361/630/576 360/628/575
f 361/630/576 362/3112/2373 360/628/575
f 360/628/575 362/3112/2373 141/631/411
f 361/630/576 363/629/180 362/3112/2373
f 363/629/180 141/631/411 362/3112/2373
f 363/629/180 364/634/578 141/631/411
f 364/634/578 365/633/412 141/631/411
f 364/634/578 369/638/581 366/632/577
f 366/632/577 369/638/581 368/636/579
f 364/634/578 370/635/175 369/638/581
f 369/638/581 372/642/584 371/637/580
f 369/638/581 370/635/175 372/642/584
f 371/637/580 367/640/404 365/633/412
f 374/641/583 373/639/582 371/637/580
f 372/642/584 370/635/175 374/641/583
f 374/641/583 370/635/175 375/643/585
f 376/644/586 367/640/404 375/643/585
f 376/644/586 378/648/589 377/645/587
f 370/635/175 380/647/588 376/644/586
f 377/645/587 379/649/590 142/646/398
f 378/648/589 380/647/588 379/649/590
f 380/647/588 27/650/174 142/646/398
f 382/651/591 381/654/594 142/646/398
f 382/651/591 383/652/592 381/654/594
f 27/650/174 28/656/170 383/652/592
f 384/653/593 385/660/397 142/646/398
f 386/655/595 385/660/397 384/653/593
f 385/660/397 387/659/598 143/663/395
f 392/666/168 388/657/596 28/656/170
f 386/655/595 388/657/596 389/658/597
f 388/657/596 391/665/602 390/661/599
f 388/657/596 392/666/168 391/665/602
f 390/661/599 393/662/600 387/659/598
f 391/665/602 395/667/603 394/664/601
f 392/666/168 29/674/166 396/672/608
f 392/666/168 396/672/608 395/667/603
f 394/664/601 397/670/606 393/662/600
f 398/668/604 397/670/606 394/664/601
f 396/672/608 398/668/604 395/667/603
f 393/662/600 397/670/606 143/663/395
f 398/668/604 400/671/607 399/669/605
f 29/674/166 400/671/607 396/672/608
f 397/670/606 399/669/605 143/663/395
f 399/669/605 144/676/392 143/663/395
f 402/673/609 401/675/610 399/669/605
f 30/677/165 403/678/611 402/673/609
f 403/678/611 404/680/613 401/675/610
f 30/677/165 405/679/612 403/678/611
f 401/675/610 404/680/613 144/676/392
f 405/679/612 407/682/615 406/681/614
f 407/682/615 30/684/165 144/683/392
f 30/684/165 409/690/621 408/685/616
f 409/690/621 410/686/617 408/685/616
f 409/690/621 411/688/619 410/686/617
f 30/684/165 414/691/167 411/688/619
f 412/687/618 145/694/393 144/683/392
f 413/689/620 412/687/618 410/686/617
f 414/691/167 145/694/393 412/687/618
f 414/691/167 416/692/622 145/694/393
f 29/700/166 417/695/624 414/691/167
f 416/692/622 417/695/624 415/693/623
f 417/695/624 419/697/625 415/693/623
f 415/693/623 420/698/626 418/696/394
f 421/699/627 420/698/626 419/697/625
f 29/700/166 422/701/628 420/698/626
f 29/700/166 423/702/629 418/696/394
f 426/705/632 425/704/631 424/703/630
f 427/710/636 146/706/396 425/704/631
f 428/719/646 427/710/636 425/704/631
f 429/707/633 428/719/646 425/704/631
f 426/705/632 442/712/638 429/707/633
f 426/705/632 430/708/634 442/712/638
f 29/700/166 443/716/169 430/708/634
f 431/714/648 437/709/635 427/710/636
f 428/719/646 431/714/648 427/710/636
f 442/712/638 432/1571/650 429/707/633
f 442/712/638 433/711/637 432/1571/650
f 430/708/634 436/717/644 435/715/643
f 434/713/639 437/725/655 440/718/645
f 431/721/648 438/720/647 437/725/655
f 433/724/654 441/722/649 432/723/650
f 429/707/633 441/722/649 438/720/647
f 427/732/656 444/735/660 439/729/407
f 443/716/169 445/733/658 442/730/657
f 442/730/657 445/733/658 427/732/656
f 445/733/658 444/735/660 427/732/656
f 444/735/660 446/734/659 439/729/407
f 445/733/658 447/736/179 446/734/659
f 348/738/178 345/737/408 446/734/659
f 348/738/178 347/3113/569 346/739/566
f 450/740/661 448/3114/400 150/741/399
f 450/740/661 451/744/662 448/3114/400
f 451/744/662 147/747/402 448/3114/400
f 451/744/662 452/745/663 147/747/402
f 451/744/662 31/743/172 452/745/663
f 31/743/172 453/749/176 452/745/663
f 147/747/402 455/746/664 454/752/403
f 452/745/663 456/748/665 455/746/664
f 459/753/668 458/751/667 455/746/664
f 459/753/668 461/755/670 458/751/667
f 460/754/669 461/755/670 459/753/668
f 460/754/669 462/759/673 461/755/670
f 457/750/666 462/759/673 460/754/669
f 458/751/667 148/757/406 454/752/403
f 458/751/667 461/755/670 148/757/406
f 462/759/673 463/758/672 461/755/670
f 359/760/177 462/759/673 457/750/666
f 453/749/176 359/760/177 457/750/666
f 463/758/672 464/756/671 461/755/670
f 464/756/671 465/764/405 148/757/406
f 463/758/672 466/761/674 464/756/671
f 466/761/674 465/764/405 464/756/671
f 466/761/674 467/762/675 465/764/405
f 359/760/177 467/762/675 466/761/674
f 359/760/177 468/766/173 467/762/675
f 467/762/675 468/766/173 149/763/401
f 449/765/171 150/3115/399 149/763/401
f 31/3116/172 450/3117/661 449/765/171
f 471/772/681 472/767/676 470/769/678
f 473/770/679 128/352/376 469/768/677
f 472/767/676 475/774/682 473/770/679
f 475/774/682 476/775/683 473/770/679
f 474/771/680 478/777/685 475/774/682
f 478/777/685 477/776/684 476/775/683
f 24/773/155 479/779/686 478/777/685
f 479/779/686 481/782/688 480/780/687
f 479/779/686 482/781/158 481/782/688
f 483/783/689 130/355/380 480/780/687
f 481/782/688 485/785/691 484/784/690
f 483/783/689 486/786/692 130/355/380
f 485/785/691 487/787/693 484/784/690
f 486/786/692 489/789/694 131/357/382
f 487/787/693 490/792/697 489/789/694
f 488/788/159 490/792/697 487/787/693
f 489/789/694 491/791/696 131/357/382
f 490/792/697 491/791/696 489/789/694
f 496/796/160 492/790/695 488/788/159
f 131/357/382 493/793/698 132/358/383
f 492/790/695 495/795/700 494/794/699
f 496/796/160 495/795/700 492/790/695
f 495/795/700 496/796/160 493/793/698
f 496/796/160 497/797/701 132/358/383
f 497/797/701 499/800/704 498/798/702
f 496/796/160 499/800/704 497/797/701
f 499/800/704 501/799/703 500/801/705
f 496/796/160 537/803/161 501/799/703
f 500/801/705 503/804/707 502/802/706
f 537/803/161 503/804/707 500/801/705
f 537/803/161 504/806/709 502/802/706
f 504/806/709 506/807/164 505/805/708
f 505/805/708 506/807/164 507/808/710
f 506/807/164 511/811/713 509/810/712
f 509/810/712 510/367/391 508/809/711
f 511/811/713 512/814/715 510/367/391
f 511/811/713 515/812/162 513/813/714
f 514/815/388 516/818/718 134/365/389
f 517/816/716 516/818/718 514/815/388
f 518/817/717 134/365/389 516/818/718
f 517/816/716 515/821/162 518/817/717
f 518/817/717 519/819/719 134/365/389
f 519/819/719 521/822/721 135/366/390
f 515/821/162 26/824/163 520/820/720
f 520/820/720 523/825/722 521/822/721
f 523/825/722 524/829/726 522/823/387
f 523/825/722 526/826/723 524/829/726
f 524/829/726 527/827/724 522/823/387
f 524/829/726 528/828/725 527/827/724
f 526/826/723 529/830/727 528/828/725
f 531/831/728 530/835/731 527/827/724
f 529/830/727 531/831/728 528/828/725
f 530/835/731 525/360/385 527/827/724
f 530/835/731 136/359/384 525/360/385
f 531/831/728 532/833/729 530/835/731
f 530/835/731 533/837/733 136/359/384
f 534/834/730 533/837/733 530/835/731
f 537/832/161 534/834/730 529/830/727
f 533/837/733 535/836/732 136/359/384
f 534/834/730 536/839/735 535/836/732
f 537/832/161 536/839/735 534/834/730
f 537/832/161 539/841/737 536/839/735
f 536/839/735 539/841/737 538/838/734
f 543/845/157 542/840/736 537/832/161
f 538/838/734 540/842/738 137/356/381
f 538/838/734 541/843/739 540/842/738
f 542/840/736 541/843/739 538/838/734
f 542/840/736 543/845/157 540/842/738
f 544/844/740 137/356/381 540/842/738
f 544/844/740 546/847/742 545/846/741
f 547/850/744 137/356/381 545/846/741
f 548/848/743 547/850/744 545/846/741
f 548/848/743 550/851/745 547/850/744
f 546/847/742 25/852/154 550/851/745
f 550/851/745 549/849/378 547/850/744
f 550/851/745 25/852/154 549/849/378
f 549/849/378 551/853/746 554/348/373
f 25/852/154 552/855/748 551/853/746
f 552/855/748 553/854/747 551/853/746
f 553/854/747 554/348/373 551/853/746
f 25/852/154 558/857/156 553/854/747
f 553/854/747 556/858/750 555/856/749
f 556/858/750 557/859/751 555/856/749
f 557/859/751 138/349/374 554/348/373
f 556/858/750 558/857/156 557/859/751
f 558/857/156 559/861/753 557/859/751
f 559/861/753 138/349/374 557/859/751
f 559/861/753 560/860/752 138/349/374
f 558/857/156 24/864/155 560/860/752
f 24/864/155 139/863/375 561/862/754
f 24/864/155 562/867/755 140/865/377
f 469/3118/677 128/3119/376 140/865/377
f 470/866/678 469/3118/677 140/865/377
f 562/867/755 471/868/681 470/866/678
f 564/870/757 117/874/371 563/3120/813
f 564/870/757 567/869/756 117/874/371
f 567/869/756 22/872/153 568/875/759
f 566/873/758 569/876/760 117/346/371
f 568/875/759 569/876/760 566/873/758
f 22/872/153 118/877/372 569/876/760
f 22/872/153 570/879/761 118/877/372
f 572/878/150 570/879/761 22/872/153
f 572/878/150 571/881/763 118/877/372
f 572/878/150 574/882/764 573/880/762
f 574/882/764 576/884/766 575/883/765
f 572/878/150 579/888/149 576/884/766
f 577/886/767 119/885/367 573/880/762
f 578/887/768 577/886/767 575/883/765
f 578/887/768 579/888/149 119/885/367
f 581/889/769 580/891/771 119/885/367
f 580/891/771 124/892/363 119/885/367
f 579/888/149 583/893/143 581/889/769
f 585/894/772 586/897/774 584/895/773
f 591/901/136 585/894/772 583/893/143
f 586/897/774 588/898/775 587/896/356
f 591/901/136 588/898/775 585/894/772
f 589/899/776 590/3121/2374 120/900/357
f 591/901/136 590/3121/2374 589/899/776
f 591/901/136 592/3122/2375 590/3121/2374
f 592/3122/2375 120/900/357 590/3121/2374
f 592/3122/2375 593/904/138 120/900/357
f 591/901/136 593/904/138 592/3122/2375
f 593/904/138 594/903/778 120/900/357
f 595/905/779 121/908/359 120/900/357
f 594/903/778 595/905/779 120/900/357
f 652/907/137 597/906/780 596/902/777
f 597/906/780 598/909/781 121/908/359
f 652/907/137 598/909/781 597/906/780
f 598/909/781 600/912/784 599/910/782
f 652/907/137 600/912/784 598/909/781
f 652/907/137 601/911/783 599/910/782
f 602/913/785 122/916/361 121/908/359
f 652/907/137 603/915/787 602/913/785
f 605/914/786 604/917/788 602/913/785
f 652/907/137 608/918/142 605/914/786
f 605/914/786 606/919/789 122/916/361
f 607/920/790 123/923/362 122/916/361
f 606/919/789 608/918/142 607/920/790
f 609/921/146 123/923/362 607/920/790
f 609/921/146 611/925/792 610/922/366
f 609/921/146 612/926/147 611/925/792
f 613/930/794 124/929/363 610/922/366
f 614/932/796 613/930/794 610/922/366
f 615/924/791 614/932/796 610/922/366
f 617/931/795 616/928/793 613/930/794
f 615/924/791 618/935/799 617/931/795
f 615/924/791 23/927/148 618/935/799
f 618/935/799 619/933/797 617/931/795
f 616/928/793 620/936/800 124/929/363
f 618/935/799 621/934/798 619/933/797
f 616/928/793 623/938/801 620/936/800
f 621/934/798 623/938/801 619/933/797
f 621/934/798 625/943/805 623/938/801
f 572/940/150 625/943/805 621/934/798
f 620/936/800 626/941/803 622/937/368
f 625/943/805 624/939/802 623/938/801
f 625/943/805 627/942/804 624/939/802
f 624/939/802 628/946/807 626/941/803
f 627/942/804 628/946/807 624/939/802
f 572/940/150 629/945/806 627/942/804
f 626/941/803 630/947/808 125/944/369
f 572/940/150 631/948/809 629/945/806
f 635/951/810 634/953/812 632/949/370
f 636/952/811 117/3123/371 632/949/370
f 635/951/810 565/954/151 636/952/811
f 563/955/813 117/3123/371 636/952/811
f 565/954/151 564/3124/757 563/955/813
f 637/957/815 639/961/817 660/3125/365
f 639/961/817 126/960/360 660/3125/365
f 640/956/814 639/961/817 637/957/815
f 638/958/145 641/963/140 640/956/814
f 643/962/818 642/959/816 639/961/817
f 644/965/820 126/960/360 642/959/816
f 645/964/819 644/965/820 642/959/816
f 645/964/819 648/969/822 647/966/358
f 646/967/141 648/969/822 645/964/819
f 646/967/141 649/968/821 648/969/822
f 649/968/821 650/971/823 647/966/358
f 651/970/139 650/971/823 649/968/821
f 652/3126/137 651/970/139 646/967/141
f 653/972/824 587/975/356 647/966/358
f 654/976/827 587/975/356 653/972/824
f 650/971/823 655/973/825 653/972/824
f 655/973/825 654/976/827 653/972/824
f 657/977/828 656/974/826 654/976/827
f 656/974/826 658/979/829 127/978/364
f 658/979/829 637/982/815 660/981/365
f 659/980/144 638/3127/145 637/982/815
f 663/984/830 662/322/346 109/321/345
f 661/983/128 664/987/833 663/984/830
f 18/991/129 664/987/833 661/983/128
f 666/985/831 665/988/349 662/322/346
f 667/986/832 666/985/831 663/984/830
f 664/987/833 18/991/129 667/986/832
f 666/985/831 668/993/836 110/326/350
f 669/989/834 668/993/836 666/985/831
f 670/990/131 669/989/834 667/986/832
f 669/989/834 672/994/837 671/992/835
f 674/996/839 673/995/838 671/992/835
f 670/990/131 19/1003/132 674/996/839
f 673/995/838 675/1001/843 111/327/351
f 676/997/840 675/1001/843 673/995/838
f 19/1003/132 676/997/840 674/996/839
f 676/997/840 677/999/842 675/1001/843
f 19/1003/132 678/998/841 676/997/840
f 677/999/842 679/1004/844 112/1000/352
f 678/998/841 679/1004/844 677/999/842
f 679/1004/844 682/1007/846 112/1000/352
f 682/1007/846 680/1006/353 112/1000/352
f 681/1002/134 682/1007/846 679/1004/844
f 684/1005/845 683/1009/847 680/1006/353
f 684/1005/845 686/1010/133 685/1008/354
f 687/1011/848 689/1015/852 688/1012/849
f 685/1008/354 690/1013/850 113/1016/355
f 689/1015/852 690/1013/850 688/1012/849
f 686/1010/133 691/1014/851 687/1011/848
f 691/1014/851 692/3128/2376 113/1016/355
f 694/1017/135 692/3128/2376 691/1014/851
f 692/3128/2376 693/1018/853 113/1016/355
f 692/3128/2376 694/1017/135 693/1018/853
f 694/1017/135 695/1020/854 693/1018/853
f 694/1017/135 696/1021/855 695/1020/854
f 695/1020/854 697/1022/856 114/1019/348
f 694/1017/135 20/1026/130 696/1021/855
f 699/1024/858 698/1023/857 697/1022/856
f 696/1021/855 20/1026/130 699/1024/858
f 699/1024/858 701/1027/860 700/1025/859
f 20/1026/130 114/1019/348 700/1025/859
f 20/1026/130 703/1030/863 702/1028/861
f 704/1029/862 115/1033/347 114/1019/348
f 703/1030/863 705/1031/864 704/1029/862
f 20/1026/130 18/1036/129 705/1031/864
f 704/1029/862 707/1038/867 706/1032/342
f 708/1034/865 707/1038/867 704/1029/862
f 21/1035/125 708/1034/865 705/1031/864
f 709/1039/868 706/1032/342 707/1038/867
f 710/1037/866 709/1039/868 707/1038/867
f 708/1034/865 21/1035/125 710/1037/866
f 711/1041/127 116/1040/343 709/1039/868
f 713/1042/126 712/1044/344 116/1040/343
f 661/1043/128 109/3129/345 712/1044/344
f 716/1045/869 715/1051/873 100/1046/334
f 717/1048/871 716/1045/869 714/1047/870
f 716/1045/869 717/1048/871 715/1051/873
f 718/1050/872 101/1054/340 100/1046/334
f 719/1052/122 720/1055/875 718/1050/872
f 720/1055/875 101/1054/340 718/1050/872
f 719/1052/122 721/1053/874 720/1055/875
f 721/1053/874 722/1057/877 101/1054/340
f 719/1052/122 725/1059/123 721/1053/874
f 721/1053/874 723/1060/878 722/1057/877
f 721/1053/874 725/1059/123 723/1060/878
f 723/1060/878 724/1056/876 722/1057/877
f 725/1059/123 726/1058/341 724/1056/876
f 725/1059/123 728/1064/881 726/1058/341
f 728/1064/881 727/1061/879 726/1058/341
f 731/1065/882 729/1063/880 728/1064/881
f 729/1063/880 731/1065/882 730/1066/883
f 732/1067/884 102/1062/335 727/1061/879
f 731/1065/882 733/1068/885 732/1067/884
f 725/1059/123 734/1069/117 731/1065/882
f 733/1068/885 735/1070/886 102/1062/335
f 731/1065/882 734/1069/117 733/1068/885
f 734/1069/117 736/1072/888 102/1062/335
f 737/1071/887 811/1076/892 102/1062/335
f 738/1073/889 737/1071/887 736/1072/888
f 738/1073/889 739/1074/890 737/1071/887
f 739/1074/890 811/1076/892 737/1071/887
f 739/1074/890 741/1078/112 740/1075/891
f 742/1077/893 744/1080/328 811/1076/892
f 741/1078/112 743/1079/894 742/1077/893
f 741/1078/112 14/1081/105 743/1079/894
f 743/1079/894 745/1082/895 744/1080/328
f 743/1079/894 14/1081/105 745/1082/895
f 14/1081/105 746/1085/898 744/1080/328
f 14/1081/105 747/1083/896 746/1085/898
f 748/1084/897 752/1089/329 744/1080/328
f 14/1081/105 751/1088/107 749/1086/899
f 751/1088/107 752/1089/329 750/1087/900
f 15/1099/106 754/1090/901 751/1088/107
f 753/1091/902 755/1093/904 752/1089/329
f 756/1092/903 755/1093/904 753/1091/902
f 15/1099/106 756/1092/903 754/1090/901
f 755/1093/904 757/1097/907 107/1094/330
f 758/1095/905 757/1097/907 755/1093/904
f 15/1099/106 758/1095/905 756/1092/903
f 757/1097/907 759/1096/906 107/1094/330
f 758/1095/905 15/1099/106 759/1096/906
f 760/1098/908 107/1094/330 759/1096/906
f 760/1098/908 762/1101/113 761/1100/909
f 764/1103/911 763/1102/910 761/1100/909
f 766/1104/116 765/1106/912 763/1102/910
f 766/1104/116 714/3130/870 100/1105/334
f 771/1110/915 103/1114/336 102/1111/335
f 768/1109/914 770/1108/913 771/1110/915
f 769/1107/119 773/1116/919 770/1108/913
f 770/1108/913 773/1116/919 772/1113/917
f 773/1116/919 769/1107/119 774/1115/918
f 774/1115/918 776/1118/921 775/1117/920
f 775/1117/920 778/1121/922 104/1119/337
f 776/1118/921 779/1125/925 778/1121/922
f 777/1120/120 779/1125/925 776/1118/921
f 781/1124/924 780/1122/923 778/1121/922
f 782/1126/124 781/1124/924 779/1125/925
f 783/1127/926 105/1123/339 780/1122/923
f 781/1124/924 784/1128/927 783/1127/926
f 783/1127/926 106/1129/338 105/1123/339
f 782/1126/124 16/1131/121 784/1128/927
f 786/1130/928 787/1133/929 785/1132/333
f 785/1132/333 788/1135/930 107/1138/330
f 787/1133/929 789/1136/931 788/1135/930
f 789/1136/931 791/1139/933 790/1137/932
f 790/1137/932 792/1142/936 107/1138/330
f 17/1134/118 793/1143/114 791/1139/933
f 792/1142/936 108/1148/332 107/1138/330
f 794/1140/934 792/1142/936 790/1137/932
f 791/1139/933 793/1143/114 794/1140/934
f 795/1141/935 108/1148/332 792/1142/936
f 794/1140/934 796/1144/937 795/1141/935
f 795/1141/935 798/1145/938 108/1148/332
f 793/1143/114 797/1152/111 796/1144/937
f 800/1146/939 799/1150/941 798/1145/938
f 796/1144/937 797/1152/111 800/1146/939
f 798/1145/938 799/1150/941 801/1147/331
f 800/1146/939 803/1151/109 802/1149/940
f 799/1150/941 802/1149/940 801/1147/331
f 805/1154/943 804/1153/942 802/1149/940
f 806/1158/108 805/1154/943 803/1151/109
f 805/1154/943 808/1157/945 807/1156/944
f 808/1157/945 809/1159/946 807/1156/944
f 814/1166/115 813/1163/948 810/1161/110
f 812/1162/947 815/1167/950 102/1164/335
f 814/1166/115 817/1168/951 816/1165/949
f 815/1167/950 767/3131/916 102/1164/335
f 768/1169/914 767/3131/916 815/1167/950
f 769/1170/119 768/1169/914 817/1168/951
f 819/1173/954 820/3132/88 822/1174/955
f 821/1171/952 823/1175/956 86/287/310
f 822/1174/955 823/1175/956 821/1171/952
f 820/3132/88 824/3133/91 822/1174/955
f 822/1174/955 825/1180/960 823/1175/956
f 824/3133/91 825/1180/960 822/1174/955
f 823/1175/956 826/1177/958 98/285/308
f 825/1180/960 826/1177/958 823/1175/956
f 825/1180/960 828/1179/959 826/1177/958
f 824/3133/91 829/1178/90 825/1180/960
f 827/1176/957 87/289/313 98/285/308
f 828/1179/959 827/1176/957 826/1177/958
f 830/1181/961 831/1182/962 827/1176/957
f 829/1178/90 833/1183/93 830/1181/961
f 834/1184/963 88/288/312 832/290/314
f 833/1183/93 835/1185/964 834/1184/963
f 833/1183/93 836/1195/94 835/1185/964
f 834/1184/963 837/1186/965 88/288/312
f 835/1185/964 838/1188/967 837/1186/965
f 836/1195/94 838/1188/967 835/1185/964
f 840/1187/966 839/1189/968 837/1186/965
f 836/1195/94 840/1187/966 838/1188/967
f 840/1187/966 841/1193/972 839/1189/968
f 836/1195/94 841/1193/972 840/1187/966
f 839/1189/968 843/1192/971 842/1190/969
f 841/1193/972 843/1192/971 839/1189/968
f 844/1191/970 845/1194/95 842/1190/969
f 846/1196/973 89/292/316 842/1190/969
f 848/1200/977 846/1196/973 845/1194/95
f 846/1196/973 848/1200/977 847/1197/974
f 89/292/316 850/1198/975 849/295/318
f 851/1199/976 850/1198/975 847/1197/974
f 852/1201/98 851/1199/976 848/1200/977
f 852/1201/98 849/295/318 850/1198/975
f 854/1202/97 853/1204/979 849/295/318
f 849/295/318 853/1204/979 855/296/319
f 856/1203/978 855/296/319 853/1204/979
f 856/1203/978 858/1206/103 857/1205/980
f 858/1206/103 860/1209/104 859/1207/981
f 859/1207/981 90/305/327 855/296/319
f 862/1210/983 90/305/327 859/1207/981
f 861/1208/982 863/1211/984 862/1210/983
f 868/1214/99 863/1211/984 860/1209/104
f 864/1212/985 91/298/321 90/305/327
f 865/1213/986 867/1216/988 866/1215/987
f 867/1216/988 868/1214/99 91/298/321
f 870/1217/101 869/1219/322 91/298/321
f 871/1223/992 92/299/323 869/1219/322
f 872/1218/989 871/1223/992 869/1219/322
f 870/1217/101 873/1220/100 872/1218/989
f 872/1218/989 874/1221/990 871/1223/992
f 874/1221/990 875/1222/991 871/1223/992
f 874/1221/990 876/1225/993 875/1222/991
f 877/1226/994 92/299/323 875/1222/991
f 876/1225/993 877/1226/994 875/1222/991
f 874/1221/990 873/1220/100 876/1225/993
f 876/1225/993 878/1224/102 877/1226/994
f 880/1228/996 879/302/325 877/1226/994
f 878/1224/102 880/1228/996 877/1226/994
f 882/1229/997 93/303/326 879/302/325
f 878/1224/102 868/3134/99 881/1227/995
f 881/1227/995 883/1231/999 882/1229/997
f 868/3134/99 883/1231/999 881/1227/995
f 868/3134/99 885/1232/1000 883/1231/999
f 868/3134/99 854/1235/97 885/1232/1000
f 884/1230/998 886/300/324 93/303/326
f 885/1232/1000 887/1233/1001 884/1230/998
f 884/1230/998 888/1234/1002 886/300/324
f 885/1232/1000 889/1236/1003 887/1233/1001
f 887/1233/1001 890/1237/1004 888/1234/1002
f 888/1234/1002 94/297/320 886/300/324
f 892/1240/1007 94/297/320 888/1234/1002
f 890/1237/1004 892/1240/1007 888/1234/1002
f 891/1238/1005 893/1241/1008 890/1237/1004
f 890/1237/1004 893/1241/1008 892/1240/1007
f 895/1239/1006 894/3135/317 94/297/320
f 893/1241/1008 896/1243/1009 895/1239/1006
f 893/1241/1008 845/1242/95 896/1243/1009
f 895/1239/1006 897/1244/1010 894/294/317
f 896/1243/1009 898/1245/1011 897/1244/1010
f 897/1244/1010 899/1249/1014 894/294/317
f 900/1246/1012 899/1249/1014 897/1244/1010
f 12/1247/96 900/1246/1012 898/1245/1011
f 899/1249/1014 901/1248/1013 894/293/317
f 900/1246/1012 902/1252/1016 901/1248/1013
f 12/1247/96 902/1252/1016 900/1246/1012
f 901/1248/1013 904/1254/1018 95/1250/315
f 905/1253/1017 904/1254/1018 901/1248/1013
f 903/1251/1015 905/1253/1017 902/1252/1016
f 903/1251/1015 95/1250/315 904/1254/1018
f 911/1258/92 903/1251/1015 12/1247/96
f 903/1251/1015 907/1257/1021 906/1255/1019
f 906/1255/1019 908/1259/1022 95/1250/315
f 909/1256/1020 908/1259/1022 906/1255/1019
f 911/1258/92 909/1256/1020 907/1257/1021
f 95/1250/315 910/1260/1023 88/1263/312
f 911/1258/92 910/1260/1023 908/1259/1022
f 912/1261/1024 88/1263/312 910/1260/1023
f 911/1258/92 913/1262/1025 912/1261/1024
f 913/1262/1025 914/1264/1026 88/1263/312
f 829/1265/90 915/1266/1027 88/1263/312
f 829/1265/90 917/1268/1028 916/1267/309
f 829/1265/90 13/1273/87 917/1268/1028
f 917/1268/1028 918/1269/1029 96/283/306
f 917/1268/1028 13/1273/87 918/1269/1029
f 918/1269/1029 13/1273/87 919/1270/1030
f 920/1271/1031 97/284/307 96/283/306
f 921/1272/1032 920/1271/1031 919/1270/1030
f 921/1272/1032 97/284/307 920/1271/1031
f 922/1274/89 923/1276/1034 97/284/307
f 923/1276/1034 98/285/308 97/284/307
f 924/1275/1033 925/1277/1035 98/285/308
f 925/1277/1035 926/1280/1036 99/1278/311
f 820/1279/88 926/1280/1036 925/1277/1035
f 818/1281/953 86/3136/310 99/1278/311
f 926/1280/1036 819/3137/954 818/1281/953
f 926/1280/1036 820/1279/88 819/3137/954
f 929/1282/73 78/1285/292 927/271/291
f 931/1284/1037 930/1287/1039 78/1285/292
f 933/1286/1038 932/1290/1040 930/1287/1039
f 930/1287/1039 934/1291/1041 85/1288/294
f 935/1292/1042 934/1291/1041 932/1290/1040
f 936/1289/74 935/1292/1042 933/1286/1038
f 935/1292/1042 936/1289/74 85/1288/294
f 938/1293/1043 937/1295/1045 85/1288/294
f 940/1294/1044 939/1300/1049 85/1288/294
f 938/1293/1043 941/1297/1047 940/1294/1044
f 939/1300/1049 942/1299/297 85/1288/294
f 943/1296/1046 939/1300/1049 940/1294/1044
f 936/1289/74 946/1302/77 943/1296/1046
f 945/1301/1050 944/1298/1048 939/1300/1049
f 946/1302/77 947/1303/1051 942/1299/297
f 947/1303/1051 949/1307/1054 948/1304/1052
f 946/1302/77 949/1307/1054 947/1303/1051
f 952/1306/80 950/1305/1053 948/1304/1052
f 952/1306/80 953/1310/1056 951/1308/304
f 955/1309/1055 954/1312/1057 951/1308/304
f 952/1306/80 957/1311/85 955/1309/1055
f 954/1312/1057 79/1314/302 951/1308/304
f 957/1311/85 956/1315/1059 954/1312/1057
f 956/1315/1059 79/1314/302 954/1312/1057
f 957/1311/85 959/3138/2377 958/1313/1058
f 957/1311/85 960/1317/84 959/3138/2377
f 959/3138/2377 79/1314/302 958/1313/1058
f 959/3138/2377 960/1317/84 79/1314/302
f 962/1316/86 961/1319/305 79/1314/302
f 962/1316/86 928/3139/71 927/1318/291
f 964/3140/76 965/1320/83 963/1322/295
f 966/1321/1060 80/1325/303 963/1322/295
f 967/1323/1061 968/1324/1062 966/1321/1060
f 967/1323/1061 969/1329/1064 968/1324/1062
f 969/1329/1064 81/1327/301 968/1324/1062
f 967/1323/1061 11/1326/82 969/1329/1064
f 11/1326/82 971/1334/81 969/1329/1064
f 971/1334/81 972/1328/1063 969/1329/1064
f 973/1330/1065 975/1335/1067 970/1331/300
f 976/1333/79 974/1332/1066 972/1328/1063
f 975/1335/1067 978/1338/1069 82/1337/299
f 977/1336/1068 980/1343/1072 979/1339/1070
f 981/1340/78 980/1343/1072 977/1336/1068
f 982/1342/1071 83/1341/298 979/1339/1070
f 983/1344/1073 84/3141/296 83/1341/298
f 982/1342/1071 984/1345/1074 983/1344/1073
f 982/1342/1071 981/1340/78 984/1345/1074
f 985/1346/1075 84/3141/296 983/1344/1073
f 985/1346/1075 986/1349/1078 84/3141/296
f 987/1347/1076 986/1349/1078 985/1346/1075
f 991/1354/75 987/1347/1076 981/1340/78
f 84/3141/296 986/1349/1078 85/1351/294
f 989/1348/1077 988/1350/1079 986/1349/1078
f 991/1354/75 989/1348/1077 987/1347/1076
f 991/1354/75 990/1352/1080 989/1348/1077
f 990/1352/1080 993/1355/72 992/1353/293
f 964/1356/76 963/3142/295 992/1353/293
f 995/1358/1081 996/1360/1082 994/1362/1084
f 994/1362/1084 997/1361/1083 66/267/287
f 10/1357/70 996/1360/1082 995/1358/1081
f 997/1361/1083 67/1364/290 66/267/287
f 10/1357/70 998/1363/1085 997/1361/1083
f 10/1357/70 999/1366/1086 998/1363/1085
f 999/1366/1086 67/1364/290 998/1363/1085
f 1001/1365/66 1000/1367/1087 999/1366/1086
f 1000/1367/1087 68/1369/288 67/1364/290
f 1000/1367/1087 1001/1365/66 68/1369/288
f 1001/1365/66 1003/1371/1090 1002/1368/1088
f 1004/1370/1089 1006/1374/1093 68/1369/288
f 1003/1371/1090 1005/1372/1091 1004/1370/1089
f 1008/1375/1094 1007/1373/1092 1004/1370/1089
f 1001/1365/66 1009/1377/64 1008/1375/1094
f 1006/1374/1093 1010/1379/280 68/1369/288
f 1008/1375/1094 1009/1377/64 1006/1374/1093
f 1012/1376/1095 1011/1378/1096 1006/1374/1093
f 1012/1376/1095 1013/1380/58 1011/1378/1096
f 1013/1380/58 1010/1379/280 1011/1378/1096
f 1013/1380/58 1014/1384/1099 1010/1379/280
f 1014/1384/1099 1015/1381/1097 1010/1379/280
f 1010/1379/280 1017/1382/1098 1016/1385/272
f 1014/1384/1099 1018/3143/2378 1015/1381/1097
f 1019/1383/57 1018/3143/2378 1014/1384/1099
f 1018/3143/2378 1017/1382/1098 1015/1381/1097
f 1018/3143/2378 1019/1383/57 1017/1382/1098
f 1019/1383/57 1020/1387/1101 1016/1385/272
f 1022/1386/1100 1021/1390/1103 1016/1385/272
f 1023/1389/1102 1025/1392/273 1016/1385/272
f 1024/1388/54 1023/1389/1102 1021/1390/1103
f 1024/1388/54 1025/1392/273 1023/1389/1102
f 1028/1394/1105 1031/1398/1107 1030/1395/1106
f 1029/1396/55 1031/1398/1107 1028/1394/1105
f 1030/1395/1106 1033/1399/1108 1032/1397/274
f 1031/1398/1107 1034/1400/1109 1033/1399/1108
f 1029/1396/55 1034/1400/1109 1031/1398/1107
f 1029/1396/55 1032/1397/274 1033/1399/1108
f 1029/1396/55 1036/1403/1112 1035/1401/1110
f 1038/1402/1111 1037/1405/1114 1035/1401/1110
f 1038/1402/1111 1040/1406/1115 1039/1404/1113
f 1036/1403/1112 1042/1407/61 1040/1406/1115
f 1041/1409/1116 69/1408/279 1039/1404/1113
f 1040/1406/1115 1042/1407/61 1041/1409/1116
f 1043/1410/1117 69/1408/279 1041/1409/1116
f 1045/1411/1118 1044/1414/283 69/1408/279
f 1043/1410/1117 1046/1416/1121 1045/1411/1118
f 1043/1410/1117 1047/1412/62 1046/1416/1121
f 1049/1415/1120 1048/1413/1119 1045/1411/1118
f 1047/1412/62 1056/1418/63 1049/1415/1120
f 1048/1413/1119 70/1421/284 1044/1414/283
f 1050/1417/1122 70/1421/284 1048/1413/1119
f 1049/1415/1120 1051/1419/1123 1050/1417/1122
f 1053/1422/1125 1052/1420/1124 1050/1417/1122
f 1054/1424/1127 70/1421/284 1052/1420/1124
f 1055/1423/1126 1054/1424/1127 1052/1420/1124
f 1053/1422/1125 1056/1418/63 1055/1423/1126
f 70/1421/284 1057/1425/1128 71/1434/289
f 1058/1426/1129 1057/1425/1128 1054/1424/1127
f 1059/1427/65 1058/1426/1129 1055/1423/1126
f 1057/1425/1128 1060/1432/1133 71/1434/289
f 1061/1428/1130 1060/1432/1133 1057/1425/1128
f 1059/1427/65 1061/1428/1130 1058/1426/1129
f 1060/1432/1133 1062/1431/1132 71/1434/289
f 1061/1428/1130 1063/1430/1131 1060/1432/1133
f 1064/1429/67 1063/1430/1131 1061/1428/1130
f 1063/1430/1131 1065/1435/1134 1062/1431/1132
f 1064/1429/67 1065/1435/1134 1063/1430/1131
f 1062/1431/1132 1066/1436/1135 72/1433/285
f 1067/1438/69 73/1437/286 1066/1436/1135
f 1067/1438/69 1068/1440/68 66/1439/287
f 1068/1440/68 995/3144/1081 994/1441/1084
f 1070/3145/60 1072/1448/1140 1069/1445/1137
f 1069/1445/1137 1072/1448/1140 1071/1442/1136
f 1070/3145/60 1073/1449/1141 1072/1448/1140
f 1070/3145/60 1042/1451/61 1073/1449/1141
f 1075/1447/1139 1074/1446/1138 1071/1442/1136
f 1074/1446/1138 75/1455/276 74/1443/278
f 1077/1450/1142 1076/1453/1144 1074/1446/1138
f 1074/1446/1138 1076/1453/1144 75/1455/276
f 1077/1450/1142 1079/1454/1145 1078/1452/1143
f 1079/1454/1145 1080/1458/1146 1078/1452/1143
f 1079/1454/1145 1029/1456/55 1080/1458/1146
f 1080/1458/1146 1081/1459/1147 76/1457/275
f 1082/1463/1151 1083/1465/277 76/1457/275
f 1081/1459/1147 1082/1463/1151 76/1457/275
f 1029/1456/55 1019/1467/57 1081/1459/1147
f 1081/1459/1147 1084/1461/1149 1082/1463/1151
f 1019/1467/57 1085/1460/1148 1081/1459/1147
f 1087/1462/1150 1086/1464/1152 1082/1463/1151
f 1087/1462/1150 1090/1469/1153 1089/1468/281
f 1088/1466/59 1090/1469/1153 1087/1462/1150
f 1090/1469/1153 1069/3146/1137 77/1470/282
f 1070/1471/60 1069/3146/1137 1090/1469/1153
f 1092/1473/1154 1094/1477/1156 1093/1475/1155
f 1094/1477/1156 1097/1472/53 1096/1479/1157
f 1093/1475/1155 1096/1479/1157 1095/1478/271
f 1099/1480/1158 1098/1482/1160 1096/1479/1157
f 1096/1479/1157 1098/1482/1160 1095/1478/271
f 1100/1481/1159 1095/1478/271 1098/1482/1160
f 1097/1472/53 9/1485/49 1100/1481/1159
f 1100/1481/1159 1102/1486/1162 1101/1483/1161
f 9/1485/49 53/1484/268 1101/1483/1161
f 1104/1487/1163 1103/1488/1164 53/1484/268
f 1104/1487/1163 1105/1490/1165 1103/1488/1164
f 9/1485/49 1105/1490/1165 1104/1487/1163
f 1107/1495/52 1105/1490/1165 9/1485/49
f 1107/1495/52 1109/1491/1166 1105/1490/1165
f 1109/1491/1166 1108/1492/1167 1106/1489/269
f 1109/1491/1166 1107/1495/52 1108/1492/1167
f 1107/1495/52 1110/1493/1168 1108/1492/1167
f 1110/1493/1168 54/1498/263 1106/1489/269
f 1107/1495/52 1118/1501/48 1111/1494/1169
f 1111/1494/1169 1118/1501/48 1113/1497/1171
f 1114/1499/1172 54/1498/263 1112/1496/1170
f 1115/1500/1173 54/1498/263 1114/1499/1172
f 1116/1502/1174 1118/1501/48 1117/1503/1175
f 1120/1505/1177 1119/1504/1176 1117/1503/1175
f 1120/1505/1177 1123/1509/1180 1121/1506/1178
f 1118/1501/48 1123/1509/1180 1120/1505/1177
f 1123/1509/1180 1122/1507/261 1121/1506/1178
f 1126/1511/45 1123/1509/1180 1118/1501/48
f 1124/1508/1179 1126/1511/45 1125/1510/1181
f 1125/1510/1181 55/1515/259 1122/1507/261
f 1128/1513/1183 55/1515/259 1125/1510/1181
f 1126/1511/45 4/1518/43 1127/1512/1182
f 1130/1516/1185 1129/1514/1184 1128/1513/1183
f 1127/1512/1182 4/1518/43 1130/1516/1185
f 1129/1514/1184 1132/1519/1187 55/1515/259
f 5/1523/41 1133/1517/1186 4/1518/43
f 1130/1516/1185 1134/1520/1188 1132/1519/1187
f 1134/1520/1188 1136/1526/1192 1135/1522/1189
f 1134/1520/1188 1133/1517/1186 1136/1526/1192
f 1138/1528/1194 1131/1521/257 1135/1522/1189
f 1139/1525/1191 1138/1528/1194 1135/1522/1189
f 1133/1517/1186 1137/1524/1190 1139/1525/1191
f 1138/1528/1194 1140/1527/1193 1131/1521/257
f 1139/1525/1191 1141/1529/1195 1140/1527/1193
f 5/1523/41 1142/1533/40 1137/1524/1190
f 1131/1521/257 1140/1527/1193 56/1537/256
f 1141/1529/1195 1143/1530/1196 1140/1527/1193
f 1142/1533/40 1143/1530/1196 1137/1524/1190
f 1140/1527/1193 1144/1532/1198 56/1537/256
f 1143/1530/1196 1144/1532/1198 1140/1527/1193
f 1144/1532/1198 1146/1535/1200 56/1537/256
f 1145/1531/1197 1147/1534/1199 1144/1532/1198
f 1142/1533/40 1147/1534/1199 1145/1531/1197
f 1142/1533/40 1149/1542/39 1147/1534/1199
f 1147/1534/1199 1150/1538/1201 1146/1535/1200
f 1146/1535/1200 1150/1538/1201 1148/1536/253
f 1147/1534/1199 1151/1540/1203 1150/1538/1201
f 1149/1542/39 1151/1540/1203 1147/1534/1199
f 1151/1540/1203 1152/1541/38 57/1539/1202
f 1152/1541/38 1153/1545/1205 1148/1543/253
f 1152/1541/38 1157/1546/35 1153/1545/1205
f 1155/1544/1204 1154/1548/1207 1148/1543/253
f 1157/1546/35 1156/1547/1206 1154/1548/1207
f 1157/1546/35 1158/1550/1209 1156/1547/1206
f 1159/1549/1208 58/1551/254 1148/1543/253
f 1158/1550/1209 1160/1553/1210 58/1551/254
f 1157/1546/35 1160/1553/1210 1158/1550/1209
f 1160/1553/1210 1162/1552/37 1161/1554/1211
f 1161/1554/1211 1164/1560/1215 1163/1555/1212
f 1165/1556/1213 1164/1560/1215 1161/1554/1211
f 1166/1559/1214 1163/1555/1212 1164/1560/1215
f 6/1558/36 1166/1559/1214 1165/1556/1213
f 1168/1561/1216 1167/1562/1217 1163/1555/1212
f 6/1558/36 1168/1561/1216 1166/1559/1214
f 6/1558/36 59/1557/255 1167/1562/1217
f 6/1558/36 1169/1563/1218 59/1557/255
f 1169/1563/1218 1171/1565/1220 1170/1564/1219
f 1172/1566/1221 60/1569/258 59/1557/255
f 1173/1567/1222 1172/1566/1221 1170/1564/1219
f 1171/1565/1220 1174/1572/1226 1173/1567/1222
f 1171/1565/1220 1175/1570/1224 1174/1572/1226
f 1171/1565/1220 1176/1568/42 1175/1570/1224
f 1177/714/1235 1183/709/1223 1172/1566/1221
f 1173/1567/1222 1177/714/1235 1172/1566/1221
f 1175/1570/1224 1179/711/1227 1178/1571/1225
f 1176/1568/42 1182/1575/1239 1181/715/1232
f 1180/713/1228 1183/725/1241 1185/1573/1233
f 1177/721/1235 1184/1574/1234 1183/725/1241
f 1179/724/1240 1174/1572/1226 1178/723/1225
f 1174/1572/1226 1184/1574/1234 1173/1567/1222
f 1187/1577/1243 1186/1576/1242 1184/1574/1234
f 1187/1577/1243 1190/1581/1252 1186/1576/1242
f 1182/1580/1239 1191/1586/1249 1188/1578/1244
f 1192/1589/1251 1186/1587/1250 1190/1588/1252
f 1193/1591/1253 1192/1589/1251 1187/1590/1243
f 1188/1593/1257 1193/1591/1253 1189/1592/1246
f 1186/1587/1250 1192/1597/1251 1172/1583/1247
f 1175/1585/1248 1193/1596/1253 1188/1593/1257
f 1172/1583/1247 1192/1597/1251 1185/1584/1233
f 7/1579/51 1193/1596/1253 1182/1580/1239
f 1185/1584/1233 1192/1597/1251 61/1595/267
f 1194/1599/1259 62/1598/1258 1192/1597/1251
f 1194/1599/1259 7/1601/51 61/1600/267
f 7/1601/51 1092/3147/1154 1091/1602/270
f 1196/1607/1263 1197/1603/1260 1195/1605/1261
f 4/3148/43 8/1608/46 1198/1606/1262
f 1198/1606/1262 1199/1609/1264 1197/1603/1260
f 1200/1611/1265 63/1610/262 1197/1603/1260
f 1200/1611/1265 1201/1613/1266 64/1612/264
f 1199/1609/1264 1202/1614/1267 1201/1613/1266
f 1202/1614/1267 1203/1615/47 1204/1616/1268
f 1205/1617/1269 1206/1620/266 64/1612/264
f 1205/1617/1269 1207/1618/1270 1206/1620/266
f 1204/1616/1268 1208/1623/50 1207/1618/1270
f 1203/1615/47 1208/1623/50 1204/1616/1268
f 1208/1623/50 1209/1619/1271 1207/1618/1270
f 1208/1623/50 1210/1622/1272 1209/1619/1271
f 1206/1620/266 1212/1624/1273 1211/1626/265
f 1210/1622/1272 1212/1624/1273 1209/1619/1271
f 1210/1622/1272 1213/3149/2379 1212/1624/1273
f 9/1621/49 1213/3149/2379 1210/1622/1272
f 1213/3149/2379 1214/1625/1274 1212/1624/1273
f 9/1621/49 1215/3150/2380 1213/3149/2379
f 1213/3149/2379 1215/3150/2380 1214/1625/1274
f 1216/1628/44 1215/3150/2380 9/1621/49
f 1215/3150/2380 1216/1628/44 1214/1625/1274
f 1195/3151/1261 55/3152/259 65/1627/260
f 1196/1629/1263 1195/3151/1261 65/1627/260
f 1216/1628/44 4/3153/43 1196/1629/1263
f 4/3153/43 1198/3117/1262 1196/1629/1263
f 1219/1633/1277 43/224/240 1217/1631/1276
f 1220/1630/1275 1221/1638/1280 1219/1633/1277
f 3/1634/22 1221/1638/1280 1220/1630/1275
f 1222/1635/1278 44/225/242 43/224/240
f 1221/1638/1280 1222/1635/1278 1219/1633/1277
f 3/1634/22 1225/1636/24 1221/1638/1280
f 1221/1638/1280 1223/1637/1279 1222/1635/1278
f 1223/1637/1279 1224/1639/1281 1222/1635/1278
f 1223/1637/1279 1227/1641/25 1226/1640/1282
f 1229/1645/27 1228/1642/1283 1227/1641/25
f 45/226/243 1230/1643/1284 46/228/245
f 1231/1644/1285 1232/1646/1286 1230/1643/1284
f 1231/1644/1285 1233/1647/1287 1232/1646/1286
f 1229/1645/27 1235/1650/28 1233/1647/1287
f 1237/1651/1290 46/228/245 1234/1648/1288
f 1236/1649/1289 1238/1652/1291 1237/1651/1290
f 1235/1650/28 1241/1657/30 1238/1652/1291
f 1237/1651/1290 1239/1655/1294 46/228/245
f 1240/1653/1292 1239/1655/1294 1237/1651/1290
f 1238/1652/1291 1241/1657/30 1240/1653/1292
f 46/228/245 1239/1655/1294 47/230/247
f 1239/1655/1294 1242/1654/1293 47/230/247
f 1240/1653/1292 1243/1656/1295 1242/1654/1293
f 1244/1665/34 1243/1656/1295 1241/1657/30
f 1242/1654/1293 1245/1659/1297 47/230/247
f 1246/1658/1296 1245/1659/1297 1242/1654/1293
f 1244/1665/34 1246/1658/1296 1243/1656/1295
f 1248/1662/1299 1247/1661/1298 1245/1659/1297
f 1244/1665/34 1248/1662/1299 1246/1658/1296
f 1248/1662/1299 1250/1664/31 1247/1661/1298
f 1250/1664/31 1249/1663/1300 1247/1661/1298
f 48/1660/248 1249/1663/1300 49/232/249
f 1251/1666/33 1252/1668/32 50/233/250
f 1254/1667/1301 1253/1671/1304 50/233/250
f 1255/1670/1303 1256/236/252 50/233/250
f 1254/1667/1301 1257/1669/1302 1253/1671/1304
f 1257/1669/1302 1258/1673/1305 1256/236/252
f 1260/1675/1306 1258/1673/1305 1257/1669/1302
f 1262/1672/29 1260/1675/1306 1257/1669/1302
f 1258/1673/1305 1260/1675/1306 1259/1674/251
f 1262/1672/29 1261/1676/1307 1259/1674/251
f 1262/1672/29 1264/1679/1310 1263/1677/1308
f 1263/1677/1308 1265/1680/1311 51/229/246
f 1266/1678/1309 1265/1680/1311 1263/1677/1308
f 1266/1678/1309 1267/1681/1312 51/229/246
f 1269/1682/1313 1268/1684/1315 51/229/246
f 1271/1685/1316 1270/1683/1314 1268/1684/1315
f 1267/1681/1312 1272/1686/26 1271/1685/1316
f 1272/1686/26 52/1687/244 1270/1683/1314
f 1272/1686/26 1274/1691/1319 1273/1688/1317
f 1273/1688/1317 1275/3154/2381 1277/1689/237
f 1276/1690/1318 1275/3154/2381 1273/1688/1317
f 1276/1690/1318 1278/1693/1320 1275/3154/2381
f 1278/1693/1320 1277/1689/237 1275/3154/2381
f 1277/1689/237 1281/1694/1321 1280/1696/1323
f 1279/1692/19 1282/1697/1324 1281/1694/1321
f 1280/1696/1323 1285/1698/238 1277/1689/237
f 1282/1697/1324 1280/1696/1323 1281/1694/1321
f 1279/1692/19 1283/1699/21 1282/1697/1324
f 1284/1695/1322 1283/1699/21 1285/1698/238
f 1287/1700/1325 1286/1701/1326 1285/1698/238
f 1287/1700/1325 1289/1703/1328 1288/1702/1327
f 1291/1705/20 1289/1703/1328 1283/1699/21
f 1288/1702/1327 1292/1707/239 1285/1698/238
f 1290/1704/1329 1292/1707/239 1288/1702/1327
f 1291/1705/20 1292/1707/239 1290/1704/1329
f 1291/1705/20 1294/1709/1330 1293/1706/241
f 1218/1708/23 1294/1709/1330 1291/1705/20
f 1217/3155/1276 43/3156/240 1293/1706/241
f 1218/1708/23 1217/3155/1276 1293/1706/241
f 1296/1713/1333 1298/1712/18 1297/1711/1332
f 1297/1711/1332 34/1716/236 41/219/235
f 1301/1718/1336 34/1716/236 1299/1715/1334
f 1/1722/13 1301/1718/1336 1298/1712/18
f 1/1722/13 1303/1719/1337 1301/1718/1336
f 1303/1719/1337 1302/1721/1338 34/1716/236
f 1303/1719/1337 1/1722/13 1302/1721/1338
f 1304/1723/1339 35/1720/233 1302/1721/1338
f 1/1722/13 1305/1724/1340 1304/1723/1339
f 1305/1724/1340 1306/1725/1341 35/1720/233
f 1308/1726/1342 1307/1728/1344 35/1720/233
f 1309/1727/1343 36/1735/229 35/1720/233
f 1308/1726/1342 1310/1729/1345 1309/1727/1343
f 1312/1730/1346 1311/1732/1348 1309/1727/1343
f 1/1722/13 1315/1734/7 1310/1729/1345
f 1311/1732/1348 36/1735/229 1309/1727/1343
f 1312/1730/1346 1314/1733/1349 1313/1731/1347
f 1310/1729/1345 1315/1734/7 1314/1733/1349
f 1313/1731/1347 36/1735/229 1311/1732/1348
f 1314/1733/1349 1315/1734/7 1313/1731/1347
f 1317/1736/1350 1316/1737/1351 36/1735/229
f 1318/3157/2382 1317/1736/1350 1315/1734/7
f 1317/1736/1350 1318/3157/2382 1316/1737/1351
f 1318/3157/2382 37/1738/224 1316/1737/1351
f 1315/1734/7 1319/1739/1 1318/3157/2382
f 1318/3157/2382 1319/1739/1 37/1738/224
f 1322/1742/1353 38/1747/222 1320/1740/221
f 1323/1744/1354 2/1743/3 1324/1745/1355
f 2/1743/3 1325/1746/1356 1324/1745/1355
f 2/1743/3 1328/1749/1358 1326/1748/1357
f 1332/1755/1363 1330/1752/1360 1328/1749/1358
f 1329/1751/4 1332/1755/1363 1328/1749/1358
f 1327/1750/1359 1331/1753/1361 38/1747/222
f 1330/1752/1360 1332/1755/1363 1331/1753/1361
f 1333/1754/1362 39/1757/223 38/1747/222
f 1332/1755/1363 1329/1751/4 1333/1754/1362
f 1329/1751/4 1335/1759/1366 1334/1756/1364
f 1336/1758/1365 39/1757/223 1334/1756/1364
f 1336/1758/1365 1338/1761/1368 1337/1760/1367
f 1335/1759/1366 1329/1751/4 1338/1761/1368
f 1339/1762/1369 40/1766/231 39/1757/223
f 1338/1761/1368 1340/1763/1370 1339/1762/1369
f 1329/1751/4 1341/1764/10 1340/1763/1370
f 1341/1764/10 40/1766/231 1339/1762/1369
f 1343/1765/1371 1342/1768/232 40/1766/231
f 1341/1764/10 1344/1770/1374 1343/1765/1371
f 1341/1764/10 1345/1771/11 1344/1770/1374
f 1347/1769/1373 1346/1767/1372 1343/1765/1371
f 1345/1771/11 1350/1775/12 1347/1769/1373
f 1348/1774/1377 36/1780/229 1342/1768/232
f 1346/1767/1372 1348/1774/1377 1342/1768/232
f 1349/1772/1375 1348/1774/1377 1346/1767/1372
f 1347/1769/1373 1350/1775/12 1349/1772/1375
f 1351/1773/1376 36/1780/229 1348/1774/1377
f 1349/1772/1375 1352/1776/1378 1351/1773/1376
f 1353/1777/1379 36/1780/229 1351/1773/1376
f 1352/1776/1378 1354/1778/1380 1353/1777/1379
f 1353/1777/1379 1356/1781/1381 1355/1779/234
f 1354/1778/1380 1357/1782/1382 1356/1781/1381
f 1358/1788/17 1357/1782/1382 1350/1775/12
f 1360/1784/1384 1359/1783/1383 1356/1781/1381
f 1355/1779/234 1361/1785/1385 41/1793/235
f 1358/1788/17 1360/1784/1384 1357/1782/1382
f 1359/1783/1383 1362/1789/1387 1361/1785/1385
f 1363/1786/1386 1362/1789/1387 1359/1783/1383
f 1364/1787/14 1363/1786/1386 1360/1784/1384
f 1361/1785/1385 1365/1790/1388 41/1793/235
f 1366/1791/1389 1365/1790/1388 1362/1789/1387
f 1368/1794/16 1367/1792/1390 1365/1790/1388
f 1370/1795/1391 1369/1797/1392 1367/1792/1390
f 1370/1795/1391 1371/1798/15 41/1796/235
f 1371/1798/15 1296/3158/1333 1295/1799/1331
f 1373/1803/1394 1376/1805/1395 1375/1800/1393
f 1374/1804/9 1378/1809/5 1376/1805/1395
f 1376/1805/1395 1379/1807/1397 1377/1806/1396
f 1376/1805/1395 1378/1809/5 1379/1807/1397
f 1377/1806/1396 1380/1808/1398 42/1801/226
f 1380/1808/1398 1381/1814/225 42/1801/226
f 1379/1807/1397 1382/1810/1399 1380/1808/1398
f 1380/1808/1398 1383/1811/1400 1381/1814/225
f 1382/1810/1399 1384/1812/1401 1383/1811/1400
f 1384/1812/1401 1387/1818/1404 1385/1813/1402
f 1384/1812/1401 1386/1815/2 1387/1818/1404
f 1386/1815/2 1390/1821/6 1387/1818/1404
f 1387/1818/1404 1388/1816/227 1385/1813/1402
f 1390/1821/6 1389/1817/1403 1387/1818/1404
f 1389/1817/1403 1391/1819/1405 1388/1816/227
f 1391/1819/1405 1393/1822/8 1392/1820/230
f 1393/1822/8 1373/3159/1394 1372/1823/228
f 1374/3160/9 1373/3159/1394 1393/1822/8
f 1568/2108/1686 1523/2109/1687 1520/2094/1674
f 1524/2110/1688 1523/2109/1687 1522/2107/1685
f 1429/2112/1544 1524/2110/1688 1569/2106/1684
f 1526/2111/1689 1525/2095/1675 1523/2109/1687
f 1524/2110/1688 1527/2113/1543 1526/2111/1689
f 1526/2111/1689 1528/2115/1691 1529/2114/1690
f 1530/2119/1693 1518/2116/1673 1529/2114/1690
f 1531/2117/1545 1530/2119/1693 1529/2114/1690
f 1531/2117/1545 1533/2122/1695 1530/2119/1693
f 1533/2122/1695 1532/2118/1692 1530/2119/1693
f 1530/2119/1693 1534/2098/1677 1518/2116/1673
f 1533/2122/1695 1535/2121/1694 1532/2118/1692
f 1531/2117/1545 1539/2120/1546 1533/2122/1695
f 1532/2118/1692 1536/2124/1697 1534/2098/1677
f 1535/2121/1694 1536/2124/1697 1532/2118/1692
f 1539/2120/1546 1537/2123/1696 1535/2121/1694
f 1539/2120/1546 1534/2098/1677 1538/2125/1698
f 1534/2098/1677 1541/2126/1699 1540/2134/1679
f 1539/2120/1546 1542/2128/1549 1541/2126/1699
f 1543/2131/1703 1540/2134/1679 1541/2126/1699
f 1544/2127/1700 1543/2131/1703 1541/2126/1699
f 1542/2128/1549 1545/2133/1704 1544/2127/1700
f 1544/2127/1700 1546/2129/1701 1543/2131/1703
f 1545/2133/1704 1546/2129/1701 1544/2127/1700
f 1543/2131/1703 1548/2130/1702 1540/2134/1679
f 1545/2133/1704 1549/2135/1705 1546/2129/1701
f 1548/2130/1702 1550/2136/1706 1547/2100/1676
f 1546/2129/1701 1550/2136/1706 1548/2130/1702
f 1547/2100/1676 1552/2137/1707 1551/2144/1678
f 1550/2136/1706 1553/2140/1709 1552/2137/1707
f 1554/2138/1708 1553/2140/1709 1550/2136/1706
f 1555/2143/1712 1554/2138/1708 1549/2135/1705
f 1556/2139/1548 1555/2143/1712 1549/2135/1705
f 1552/2137/1707 1557/2141/1710 1551/2144/1678
f 1554/2138/1708 1558/2142/1711 1557/2141/1710
f 1556/2139/1548 1558/2142/1711 1555/2143/1712
f 1557/2141/1710 1559/2145/1713 1519/2102/1680
f 1558/2142/1711 1560/2146/1714 1559/2145/1713
f 1561/2149/1547 1560/2146/1714 1556/2139/1548
f 1563/3161/2383 1562/2147/1715 1559/2145/1713
f 1564/2148/1716 1563/3161/2383 1559/2145/1713
f 1560/2146/1714 1565/2150/1717 1564/2148/1716
f 1563/3161/2383 1566/2152/1718 1562/2147/1715
f 1564/2148/1716 1566/2152/1718 1563/3161/2383
f 1564/2148/1716 1567/2153/1719 1566/2152/1718
f 1565/2150/1717 1567/2153/1719 1564/2148/1716
f 1562/2147/1715 1568/2156/1686 1519/2158/1680
f 1565/2150/1717 1569/2154/1684 1567/2153/1719
f 1567/2153/1719 1571/2155/1683 1570/2151/1682
f 1568/2156/1686 1520/2157/1674 1519/2158/1680
f 1561/2149/1547 1429/2160/1544 1569/2154/1684
f 1592/3162/1530 1574/2165/1724 1596/2164/1723
f 1594/2162/1721 1572/2168/1727 1593/3163/1741
f 1594/2162/1721 1575/2166/1725 1572/2168/1727
f 1572/2168/1727 1516/2171/1664 1517/3164/1663
f 1592/3162/1530 1427/2173/1529 1574/2165/1724
f 1572/2168/1727 1576/2167/1726 1516/2171/1664
f 1577/2169/1728 1576/2167/1726 1575/2166/1725
f 1427/2173/1529 1577/2169/1728 1574/2165/1724
f 1579/2170/1729 1578/2182/1662 1516/2171/1664
f 1580/2172/1730 1579/2170/1729 1576/2167/1726
f 1577/2169/1728 1581/2177/1733 1580/2172/1730
f 1577/2169/1728 1428/2174/1531 1581/2177/1733
f 1583/2176/1732 1582/2175/1731 1580/2172/1730
f 1584/2178/1528 1587/2180/1735 1583/2176/1732
f 1587/2180/1735 1586/2179/1734 1582/2175/1731
f 1586/2179/1734 1588/2185/1738 1585/2181/1736
f 1589/2183/1737 1588/2185/1738 1586/2179/1734
f 1584/2178/1528 1589/2183/1737 1587/2180/1735
f 1585/2181/1736 1590/2186/1739 1517/2184/1663
f 1591/2187/1740 1590/2186/1739 1588/2185/1738
f 1592/2190/1530 1591/2187/1740 1584/2178/1528
f 1594/3165/1721 1593/2188/1741 1590/2186/1739
f 1595/2189/1722 1594/3165/1721 1590/2186/1739
f 1591/2187/1740 1596/2191/1723 1595/2189/1722
f 1593/2188/1741 1572/3166/1727 1517/2184/1663
f 1598/2193/1743 1599/3167/2384 1597/2195/1744
f 1597/2195/1744 1599/3167/2384 1600/2196/1745
f 1598/2193/1743 1601/2192/1742 1599/3167/2384
f 1601/2192/1742 1600/2196/1745 1599/3167/2384
f 1601/2192/1742 1602/2199/1746 1600/2196/1745
f 1600/2196/1745 1603/2200/1747 1510/2197/1670
f 1602/2199/1746 1604/2202/1749 1603/2200/1747
f 1607/2198/1538 1604/2202/1749 1602/2199/1746
f 1604/2202/1749 1606/2204/1751 1605/2201/1748
f 1604/2202/1749 1607/2198/1538 1606/2204/1751
f 1605/2201/1748 1608/2205/1752 1510/2197/1670
f 1609/2203/1750 1608/2205/1752 1605/2201/1748
f 1607/2198/1538 1611/2209/1754 1609/2203/1750
f 1609/2203/1750 1611/2209/1754 1608/2205/1752
f 1611/2209/1754 1610/2207/1753 1608/2205/1752
f 1607/2198/1538 1612/2208/1541 1611/2209/1754
f 1612/2208/1541 1511/2206/1672 1610/2207/1753
f 1511/2206/1672 1613/2210/1755 1512/2212/1671
f 1612/2208/1541 1614/2214/1540 1613/2210/1755
f 1616/2213/1757 1615/2211/1756 1613/2210/1755
f 1614/2214/1540 1617/2215/1539 1616/2213/1757
f 1616/2213/1757 1618/2216/1758 1615/2211/1756
f 1621/2219/1761 1513/3168/1669 1512/2212/1671
f 1619/2217/1759 1621/2219/1761 1615/2211/1756
f 1618/2216/1758 1620/2218/1760 1619/2217/1759
f 1620/2218/1760 1622/2221/1763 1623/2220/1762
f 1626/2223/1764 1625/2229/1769 1621/2219/1761
f 1621/2219/1761 1625/2229/1769 1513/3168/1669
f 1622/2221/1763 1627/2225/1766 1626/2223/1764
f 1624/2222/1537 1627/2225/1766 1622/2221/1763
f 1627/2225/1766 1629/2231/1771 1626/2223/1764
f 1628/2224/1765 1629/2231/1771 1627/2225/1766
f 1629/2231/1771 1630/2227/1767 1626/2223/1764
f 1626/2223/1764 1630/2227/1767 1625/2229/1769
f 1631/2226/1536 1636/2230/1770 1628/2224/1765
f 1625/2229/1769 1633/2232/1665 1513/3168/1669
f 1635/2233/1772 1634/2234/1773 1630/2227/1767
f 1636/2230/1770 1635/2233/1772 1629/2231/1771
f 1635/2233/1772 1636/2230/1770 1632/2228/1768
f 1638/2235/1774 1637/2238/1777 1636/2230/1770
f 1425/2245/1532 1638/2235/1774 1631/2226/1536
f 1639/2237/1776 1640/2236/1775 1632/2228/1768
f 1636/2230/1770 1637/2238/1777 1639/2237/1776
f 1639/2237/1776 1641/2239/1778 1640/2236/1775
f 1637/2238/1777 1642/2243/1781 1641/2239/1778
f 1638/2235/1774 1642/2243/1781 1637/2238/1777
f 1640/2236/1775 1644/2241/1779 1643/2240/1666
f 1645/2242/1780 1644/2241/1779 1641/2239/1778
f 1646/2244/1534 1645/2242/1780 1638/2235/1774
f 1648/2251/1785 1647/2246/1782 1644/2241/1779
f 1649/2247/1783 1648/2251/1785 1644/2241/1779
f 1645/2242/1780 1650/2248/1784 1649/2247/1783
f 1648/2251/1785 1651/2253/1787 1654/2252/1786
f 1653/2250/1533 1652/2254/1788 1650/2248/1784
f 1654/2252/1786 1655/2255/1789 1514/2249/1667
f 1652/2254/1788 1656/2256/1790 1655/2255/1789
f 1655/2255/1789 1657/2261/1793 1515/2257/1668
f 1658/2258/1791 1657/2261/1793 1655/2255/1789
f 1426/2259/1535 1658/2258/1791 1656/2256/1790
f 1659/2260/1792 1515/2257/1668 1657/2261/1793
f 1658/2258/1791 1660/2262/1794 1659/2260/1792
f 1658/2258/1791 1426/2259/1535 1660/2262/1794
f 1659/2260/1792 1597/2263/1744 1515/2257/1668
f 1660/2262/1794 1598/3169/1743 1597/2263/1744
f 1426/2259/1535 1598/3169/1743 1660/2262/1794
f 1663/2268/1797 1662/2272/1648 1498/2265/1647
f 1664/2264/1795 1663/2268/1797 1498/2265/1647
f 1661/2266/1518 1665/2269/1798 1664/2264/1795
f 1663/2268/1797 1666/2267/1796 1662/2272/1648
f 1664/2264/1795 1667/2270/1799 1666/2267/1796
f 1667/2270/1799 1668/2271/1800 1666/2267/1796
f 1661/2266/1518 1672/2278/1512 1665/2269/1798
f 1669/2273/1801 1671/2275/1803 1670/2274/1802
f 1672/2278/1512 1671/2275/1803 1665/2269/1798
f 1673/2277/1514 1499/2276/1649 1670/2274/1802
f 1673/2277/1514 1675/2281/1806 1674/2279/1804
f 1677/2280/1805 1676/2284/1808 1674/2279/1804
f 1674/2279/1804 1500/2285/1650 1499/2276/1649
f 1677/2280/1805 1678/2282/1807 1676/2284/1808
f 1675/2281/1806 1679/2283/1513 1678/2282/1807
f 1678/2282/1807 1679/2283/1513 1500/2285/1650
f 1661/2286/1518 1498/3170/1647 1500/2285/1650
f 1680/2287/1809 1683/2296/1814 1501/2288/1658
f 1680/2287/1809 1684/2294/1812 1683/2296/1814
f 1681/2293/1811 1682/2291/1810 1684/2294/1812
f 1685/2295/1813 1683/2296/1814 1684/2294/1812
f 1686/2290/1524 1685/2295/1813 1682/2291/1810
f 1685/2295/1813 1687/2297/1815 1683/2296/1814
f 1686/2290/1524 1689/2298/1816 1685/2295/1813
f 1690/2301/1819 1501/2288/1658 1687/2297/1815
f 1688/2299/1817 1690/2301/1819 1687/2297/1815
f 1686/2290/1524 1691/2300/1818 1689/2298/1816
f 1691/2300/1818 1690/2301/1819 1688/2299/1817
f 1690/2301/1819 1692/2303/1820 1502/2302/1660
f 1691/2300/1818 1693/2306/1822 1692/2303/1820
f 1698/2304/1527 1693/2306/1822 1691/2300/1818
f 1698/2304/1527 1697/2309/1825 1696/2308/1824
f 1698/2304/1527 1700/2312/1827 1699/2310/1661
f 1422/2313/1526 1700/2312/1827 1698/2304/1527
f 1701/2316/1829 1503/2315/1659 1699/2310/1661
f 1702/2311/1826 1701/2316/1829 1699/2310/1661
f 1702/2311/1826 1704/2318/1525 1703/2317/1830
f 1703/2317/1830 1706/2320/1832 1705/2314/1828
f 1704/2318/1525 1706/2320/1832 1703/2317/1830
f 1706/2320/1832 1707/2321/1833 1705/2314/1828
f 1705/2314/1828 1707/2321/1833 1503/2315/1659
f 1707/2321/1833 1709/2326/1836 1503/2315/1659
f 1708/2319/1831 1709/2326/1836 1707/2321/1833
f 1709/2326/1836 1711/2323/1834 1503/2315/1659
f 1712/2325/1835 1711/2323/1834 1709/2326/1836
f 1714/2327/1837 1713/2330/1840 1711/2323/1834
f 1711/2323/1834 1713/2330/1840 1504/2324/1657
f 1714/2327/1837 1716/2328/1838 1713/2330/1840
f 1719/2333/1842 1720/2335/1843 1505/2332/1656
f 1718/2334/1522 1721/2336/1844 1717/2331/1841
f 1720/2335/1843 1506/2340/1654 1505/2332/1656
f 1720/2335/1843 1722/2338/1845 1506/2340/1654
f 1721/2336/1844 1723/2341/1846 1722/2338/1845
f 1423/2337/1520 1723/2341/1846 1721/2336/1844
f 1722/2338/1845 1725/2342/1847 1724/2339/1655
f 1723/2341/1846 1726/2346/1850 1725/2342/1847
f 1727/2343/1521 1726/2346/1850 1723/2341/1846
f 1729/2351/1854 1728/2344/1848 1725/2342/1847
f 1730/2345/1849 1729/2351/1854 1725/2342/1847
f 1726/2346/1850 1731/2347/1851 1730/2345/1849
f 1724/2339/1655 1732/2348/1852 1509/2359/1651
f 1729/2351/1854 1733/2352/1855 1728/2344/1848
f 1734/2350/1853 1733/2352/1855 1729/2351/1854
f 1731/2347/1851 1424/2349/1515 1734/2350/1853
f 1733/2352/1855 1735/2353/1856 1732/2348/1852
f 1734/2350/1853 1736/2354/1857 1735/2353/1856
f 1737/2356/1859 1736/2354/1857 1734/2350/1853
f 1424/2349/1515 1737/2356/1859 1734/2350/1853
f 1736/2354/1857 1739/2357/1860 1738/2355/1858
f 1741/2361/1862 1740/2360/1861 1738/2355/1858
f 1740/2360/1861 1732/2348/1852 1735/2353/1856
f 1424/2349/1515 1742/2362/1517 1737/2356/1859
f 1742/2362/1517 1507/2358/1652 1740/2360/1861
f 1743/2363/1516 1508/2365/1653 1507/2358/1652
f 1744/2364/1863 1746/2367/1865 1508/2365/1653
f 1743/2363/1516 1745/2366/1864 1744/2364/1863
f 1743/2363/1516 1747/2374/1519 1745/2366/1864
f 1746/2367/1865 1509/2375/1651 1508/2365/1653
f 1745/2366/1864 1748/2368/1866 1746/2367/1865
f 1745/2366/1864 1749/2370/1868 1748/2368/1866
f 1746/2367/1865 1750/2369/1867 1509/2375/1651
f 1749/2370/1868 1751/2371/1869 1750/2369/1867
f 1747/2374/1519 1751/2371/1869 1745/2366/1864
f 1751/2371/1869 1753/2373/1871 1752/2372/1870
f 1754/2377/1873 1509/2375/1651 1752/2372/1870
f 1755/2376/1872 1754/2377/1873 1752/2372/1870
f 1753/2373/1871 1747/2374/1519 1755/2376/1872
f 1755/2376/1872 1681/866/1811 1680/2378/1809
f 1682/2379/1810 1681/866/1811 1755/2376/1872
f 1796/2381/1875 1759/2389/1880 1756/2388/1879
f 1758/2380/1874 1759/2389/1880 1796/2381/1875
f 1759/2389/1880 1492/2386/1636 1756/2388/1879
f 1421/2384/1500 1419/2394/1497 1757/2385/1878
f 1761/2391/1882 1760/2390/1881 1759/2389/1880
f 1419/2394/1497 1761/2391/1882 1757/2385/1878
f 1762/2393/1883 1493/2392/1637 1760/2390/1881
f 1761/2391/1882 1763/2395/1884 1762/2393/1883
f 1419/2394/1497 1764/2398/1499 1763/2395/1884
f 1766/2402/1889 1765/2396/1885 1762/2393/1883
f 1767/2397/1886 1766/2402/1889 1762/2393/1883
f 1763/2395/1884 1768/2399/1887 1767/2397/1886
f 1769/2401/1888 1770/2403/1890 1765/2396/1885
f 1768/2399/1887 1771/2404/1891 1767/2397/1886
f 1420/2400/1498 1771/2404/1891 1768/2399/1887
f 1770/2403/1890 1773/2408/1893 1497/2405/1635
f 1769/2401/1888 1773/2408/1893 1770/2403/1890
f 1772/2406/1892 1774/2409/1894 1773/2408/1893
f 1773/2408/1893 1494/2413/1638 1497/2405/1635
f 1777/2410/1895 1494/2413/1638 1773/2408/1893
f 1774/2409/1894 1776/2411/1896 1777/2410/1895
f 1779/2414/1898 1778/2412/1897 1777/2410/1895
f 1775/2407/1501 1779/2414/1898 1776/2411/1896
f 1779/2414/1898 1780/2416/1503 1495/2415/1639
f 1780/2416/1503 1783/2420/1901 1782/2417/1899
f 1783/2420/1901 1784/2421/1902 1782/2417/1899
f 1784/2421/1902 1781/2418/1900 1782/2417/1899
f 1781/2418/1900 1496/2429/1640 1495/2415/1639
f 1786/2422/1903 1787/2423/1904 1781/2418/1900
f 1785/2419/1502 1788/2426/1907 1787/2423/1904
f 1781/2418/1900 1790/2424/1905 1496/2429/1640
f 1788/2426/1907 1790/2424/1905 1787/2423/1904
f 1789/2432/1504 1791/2425/1906 1785/2419/1502
f 1790/2424/1905 1792/2430/1910 1496/2429/1640
f 1793/2427/1908 1792/2430/1910 1790/2424/1905
f 1789/2432/1504 1793/2427/1908 1791/2425/1906
f 1794/2428/1909 1497/2434/1635 1496/2429/1640
f 1795/2431/1911 1794/2428/1909 1792/2430/1910
f 1789/2432/1504 1421/2436/1500 1795/2431/1911
f 1796/2435/1875 1756/2433/1879 1794/2428/1909
f 1795/2431/1911 1797/3171/1876 1796/2435/1875
f 1795/2431/1911 1798/2437/1877 1797/3171/1876
f 1847/2439/1913 1800/2441/1915 1846/2443/1917
f 1801/2438/1912 1800/2441/1915 1847/2439/1913
f 1845/2449/1505 1801/2438/1912 1799/2440/1914
f 1846/2443/1917 1802/2442/1916 1491/2065/1641
f 1800/2441/1915 1803/2446/1919 1802/2442/1916
f 1804/2444/1918 1803/2446/1919 1800/2441/1915
f 1845/2449/1505 1804/2444/1918 1801/2438/1912
f 1802/2442/1916 1806/2450/1922 1805/2445/1642
f 1804/2444/1918 1808/2448/1921 1807/2447/1920
f 1418/2458/1507 1809/2451/1923 1845/2449/1505
f 1811/2453/1925 1810/2452/1924 1807/2447/1920
f 1808/2448/1921 1809/2451/1923 1811/2453/1925
f 1806/2450/1922 1812/2454/1926 1805/2445/1642
f 1811/2453/1925 1813/2455/1927 1812/2454/1926
f 1418/2458/1507 1813/2455/1927 1809/2451/1923
f 1814/2456/1928 1488/2460/1643 1805/2445/1642
f 1815/2457/1506 1814/2456/1928 1812/2454/1926
f 1817/2461/1930 1816/2459/1929 1814/2456/1928
f 1815/2457/1506 1818/2464/1933 1817/2461/1930
f 1820/2463/1932 1819/2462/1931 1817/2461/1930
f 1821/2472/1508 1820/2463/1932 1818/2464/1933
f 1816/2459/1929 1822/2466/1934 1489/2465/1644
f 1819/2462/1931 1823/2468/1936 1822/2466/1934
f 1820/2463/1932 1823/2468/1936 1819/2462/1931
f 1815/2457/1506 1821/2472/1508 1818/2464/1933
f 1820/2463/1932 1824/2467/1935 1823/2468/1936
f 1821/2472/1508 1824/2467/1935 1820/2463/1932
f 1822/2466/1934 1825/2470/1938 1489/2465/1644
f 1824/2467/1935 1826/2469/1937 1822/2466/1934
f 1821/2472/1508 1826/2469/1937 1824/2467/1935
f 1821/2472/1508 1829/2476/1943 1827/2471/1939
f 1827/2471/1939 1829/2476/1943 1828/2473/1940
f 1821/2472/1508 1831/2475/1942 1829/2476/1943
f 1829/2476/1943 1830/2474/1941 1828/2473/1940
f 1830/2474/1941 1832/2481/1646 1489/2465/1644
f 1830/2474/1941 1833/2478/1944 1832/2481/1646
f 1835/2477/1510 1832/2481/1646 1833/2478/1944
f 1832/2481/1646 1836/2484/1947 1490/2483/1645
f 1837/2480/1511 1836/2484/1947 1832/2481/1646
f 1839/2486/1949 1838/2482/1946 1836/2484/1947
f 1840/2485/1948 1839/2486/1949 1836/2484/1947
f 1837/2480/1511 1844/2488/1509 1840/2485/1948
f 1840/2485/1948 1842/2489/1951 1839/2486/1949
f 1842/2489/1951 1841/2487/1950 1839/2486/1949
f 1842/2489/1951 1843/2491/1952 1841/2487/1950
f 1844/2488/1509 1843/2491/1952 1842/2489/1951
f 1838/2482/1946 1846/3172/1917 1491/2490/1641
f 1841/2487/1950 1847/2492/1913 1838/2482/1946
f 1847/2492/1913 1846/3172/1917 1838/2482/1946
f 1845/3173/1505 1799/2493/1914 1844/2488/1509
f 1853/2499/1957 1852/2498/1956 1848/2495/1954
f 1851/2494/1953 1850/2497/1496 1853/2499/1957
f 1853/2499/1957 1854/2500/1958 1852/2498/1956
f 1852/2498/1956 1855/2502/1960 1487/2051/1633
f 1854/2500/1958 1855/2502/1960 1852/2498/1956
f 1855/2502/1960 1856/2501/1959 1487/2051/1633
f 1854/2500/1958 1857/2506/1964 1856/2501/1959
f 1850/2497/1496 1857/2506/1964 1854/2500/1958
f 1856/2501/1959 1858/3174/2385 1487/2051/1633
f 1857/2506/1964 1858/3174/2385 1856/2501/1959
f 1858/3174/2385 1860/2504/1962 1487/2051/1633
f 1857/2506/1964 1861/2505/1963 1858/3174/2385
f 1850/2497/1496 1859/2510/1495 1857/2506/1964
f 1861/2505/1963 1860/2504/1962 1858/3174/2385
f 1860/2504/1962 1483/2508/1634 1487/2051/1633
f 1857/2506/1964 1859/2510/1495 1862/2503/1961
f 1865/2512/1968 1483/2508/1634 1863/2507/1965
f 1864/2509/1966 1865/2512/1968 1863/2507/1965
f 1868/2514/1970 1867/2513/1969 1865/2512/1968
f 1866/2511/1967 1869/2516/1972 1868/2514/1970
f 1870/2515/1971 1867/2513/1969 1868/2514/1970
f 1871/2517/1973 1870/2515/1971 1869/2516/1972
f 1867/2513/1969 1872/2518/1974 1483/2508/1634
f 1871/2517/1973 1873/2521/1977 1872/2518/1974
f 1859/2510/1495 1873/2521/1977 1871/2517/1973
f 1875/2520/1976 1874/2519/1975 1872/2518/1974
f 1873/2521/1977 1876/2522/1492 1875/2520/1976
f 1875/2520/1976 1877/2523/1978 1874/2519/1975
f 1877/2523/1978 1484/2053/1630 1874/2519/1975
f 1876/2522/1492 1879/2524/1979 1877/2523/1978
f 1877/2523/1978 1879/2524/1979 1484/2053/1630
f 1878/2525/1980 1485/2527/1631 1484/2053/1630
f 1879/2524/1979 1876/2522/1492 1881/2528/1982
f 1876/2522/1492 1882/2529/1983 1881/2528/1982
f 1886/2533/1494 1882/2529/1983 1876/2522/1492
f 1880/2526/1981 1883/2530/1984 1485/2527/1631
f 1882/2529/1983 1884/2531/1985 1883/2530/1984
f 1883/2530/1984 1885/2532/1986 1485/2527/1631
f 1885/2532/1986 1887/2534/1987 1485/2527/1631
f 1884/2531/1985 1888/2535/1988 1887/2534/1987
f 1889/3175/2386 1890/2536/1989 1887/2534/1987
f 1888/2535/1988 1889/3175/2386 1887/2534/1987
f 1888/2535/1988 1891/2537/1990 1889/3175/2386
f 1891/2537/1990 1890/2536/1989 1889/3175/2386
f 1890/2536/1989 1486/2540/1632 1485/2527/1631
f 1891/2537/1990 1892/2539/1991 1890/2536/1989
f 1891/2537/1990 1893/2538/1493 1892/2539/1991
f 1892/2539/1991 1895/2542/1993 1894/2541/1992
f 1892/2539/1991 1893/2538/1493 1895/2542/1993
f 1893/2538/1493 1896/2544/1995 1894/2541/1992
f 1893/2538/1493 1898/2546/1996 1896/2544/1995
f 1899/2548/1997 1898/2546/1996 1893/2538/1493
f 1898/2546/1996 1899/2548/1997 1897/2543/1994
f 1899/2548/1997 1900/2549/1998 1897/2543/1994
f 1899/2548/1997 1849/2547/1955 1900/2549/1998
f 1897/2543/1994 1848/2550/1954 1487/2545/1633
f 1905/2558/2004 1904/2552/1999 1901/2554/2000
f 1906/2555/2001 1905/2558/2004 1901/2554/2000
f 1902/2556/2002 1903/3176/1480 1906/2555/2001
f 1905/2558/2004 1909/2559/2005 1904/2552/1999
f 1910/2557/2003 1909/2559/2005 1905/2558/2004
f 1903/3176/1480 1910/2557/2003 1906/2555/2001
f 1903/3176/1480 1907/2562/1477 1910/2557/2003
f 1904/2552/1999 1908/2560/1617 1480/2553/1616
f 1911/2561/2006 1908/2560/1617 1909/2559/2005
f 1911/2561/2006 1912/2564/1479 1481/2563/1618
f 1912/2564/1479 1914/2570/2010 1913/2565/2007
f 1913/2565/2007 1482/2567/1619 1481/2563/1618
f 1914/2570/2010 1915/2569/2009 1913/2565/2007
f 1915/2569/2009 1916/2566/2008 1913/2565/2007
f 1912/2564/1479 1917/2568/1478 1914/2570/2010
f 1917/2568/1478 1482/2567/1619 1916/2566/2008
f 1482/2567/1619 1901/2571/2000 1480/3177/1616
f 1917/2568/1478 1902/3178/2002 1901/2571/2000
f 1903/3179/1480 1902/3178/2002 1917/2568/1478
f 1957/3180/2041 1918/2573/2012 1476/2046/1624
f 1918/2573/2012 1922/2575/2014 1476/2046/1624
f 1920/2572/2011 1923/2577/2016 1922/2575/2014
f 1416/3181/1488 1924/2582/1481 1921/2576/2015
f 1921/2576/2015 1924/2582/1481 1923/2577/2016
f 1923/2577/2016 1926/2581/2018 1922/2575/2014
f 1923/2577/2016 1924/2582/1481 1926/2581/2018
f 1926/2581/2018 1925/2579/2017 1922/2575/2014
f 1925/2579/2017 1927/2584/2019 1473/2578/1625
f 1928/2580/1483 1927/2584/2019 1925/2579/2017
f 1928/2580/1483 1929/2585/1482 1474/2583/1626
f 1929/2585/1482 1932/2588/2022 1931/2586/2020
f 1931/2586/2020 1930/2590/2024 1474/2583/1626
f 1933/2587/2021 1930/2590/2024 1931/2586/2020
f 1933/2587/2021 1934/2593/2026 1930/2590/2024
f 1933/2587/2021 1935/2589/2023 1934/2593/2026
f 1929/2585/1482 1936/2596/1489 1935/2589/2023
f 1934/2593/2026 1937/2592/2025 1930/2590/2024
f 1930/2590/2024 1937/2592/2025 1475/2591/1627
f 1937/2592/2025 1940/2597/2029 1475/2591/1627
f 1941/2598/2030 1942/3182/2387 1940/2597/2029
f 1942/3182/2387 1944/2599/2031 1940/2597/2029
f 1941/2598/2030 1943/3183/2388 1942/3182/2387
f 1943/3183/2388 1944/2599/2031 1942/3182/2387
f 1936/2596/1489 1947/2601/1491 1941/2598/2030
f 1941/2598/2030 1945/2602/2032 1943/3183/2388
f 1943/3183/2388 1945/2602/2032 1944/2599/2031
f 1947/2601/1491 1946/2600/1629 1944/2599/2031
f 1946/2600/1629 1949/2603/2033 1948/2611/1628
f 1947/2601/1491 1950/2605/2035 1949/2603/2033
f 1417/2606/1490 1950/2605/2035 1947/2601/1491
f 1951/2609/2038 1948/2611/1628 1949/2603/2033
f 1952/2604/2034 1951/2609/2038 1949/2603/2033
f 1950/2605/2035 1953/2607/2036 1952/2604/2034
f 1955/2610/2039 1957/2613/2041 1948/2611/1628
f 1954/2608/2037 1955/2610/2039 1951/2609/2038
f 1417/2606/1490 1416/2617/1488 1956/2612/2040
f 1919/2616/2013 1918/3184/2012 1957/2613/2041
f 1956/2612/2040 1921/2618/2015 1920/866/2011
f 1964/2622/2045 1963/2619/2043 1960/2621/2044
f 1964/2622/2045 1967/2629/2049 1966/2627/2047
f 1964/2622/2045 1965/2626/1486 1967/2629/2049
f 1967/2629/2049 1969/2630/2050 1968/2628/2048
f 1969/2630/2050 1971/2632/2052 1970/2631/2051
f 1972/2634/1485 1478/2633/1621 1970/2631/2051
f 1972/2634/1485 1973/2638/2055 1974/2635/2053
f 1976/2637/2054 1977/2640/1487 1479/2636/1622
f 1479/2636/1622 1960/2641/2044 1959/3185/1623
f 1977/2640/1487 1961/3186/2046 1960/2641/2044
f 1962/3187/1484 1961/3186/2046 1977/2640/1487
f 1980/2646/1472 1981/2642/2057 1979/2644/2059
f 1979/2644/2059 1983/2643/2058 1978/2031/1613
f 1983/2643/2058 1467/2030/1612 1978/2031/1613
f 1981/2642/2057 1984/2649/2062 1983/2643/2058
f 1985/2648/2061 1987/2653/2066 1986/2650/2063
f 1982/2645/2060 1987/2653/2066 1985/2648/2061
f 1410/2647/1470 1988/2652/2065 1982/2645/2060
f 1983/2643/2058 1989/2651/2064 1467/2030/1612
f 1989/2651/2064 1468/2025/1608 1467/2030/1612
f 1411/2659/1466 1988/2652/2065 1410/2647/1470
f 1989/2651/2064 1990/2654/2067 1468/2025/1608
f 1987/2653/2066 1991/2655/2068 1990/2654/2067
f 1468/2025/1608 1992/2656/2069 1469/2026/1609
f 1993/2657/2070 1992/2656/2069 1990/2654/2067
f 1994/2658/1468 1993/2657/2070 1991/2655/2068
f 1996/2661/2072 1995/2660/2071 1992/2656/2069
f 1993/2657/2070 1997/2665/2075 1996/2661/2072
f 1993/2657/2070 1998/2662/2073 1997/2665/2075
f 1997/2665/2075 2000/2666/2076 1999/2664/2074
f 1999/2664/2074 1470/2027/1610 1995/2660/2071
f 1999/2664/2074 2001/2667/2077 1470/2027/1610
f 2000/2666/2076 2002/2668/2078 2001/2667/2077
f 1470/2027/1610 2004/2669/2079 2003/2028/1611
f 2002/2668/2078 2005/2672/2081 2004/2669/2079
f 1413/2670/1469 2005/2672/2081 2002/2668/2078
f 2006/2673/2082 2003/2028/1611 2004/2669/2079
f 2007/2671/2080 2006/2673/2082 2004/2669/2079
f 2005/2672/2081 1413/2670/1469 2007/2671/2080
f 1413/2670/1469 2008/2680/1471 2007/2671/2080
f 2007/2671/2080 2010/2676/2083 2009/2674/1614
f 2008/2680/1471 2010/2676/2083 2007/2671/2080
f 2009/2674/1614 2011/2677/2084 1471/2033/1615
f 2010/2676/2083 2012/2679/2085 2011/2677/2084
f 2008/2680/1471 2012/2679/2085 2010/2676/2083
f 2011/2677/2084 2013/2682/2087 1471/2033/1615
f 2014/2678/1474 2013/2682/2087 2011/2677/2084
f 2015/2681/2086 1978/3188/1613 1471/2033/1615
f 2016/2683/2088 2015/2681/2086 2013/2682/2087
f 2014/2678/1474 2017/2685/2090 2016/2683/2088
f 2014/2678/1474 2018/2689/2094 2017/2685/2090
f 2014/2678/1474 1414/2690/1473 2018/2689/2094
f 2017/2685/2090 2020/2688/2093 2019/2684/2089
f 2017/2685/2090 2018/2689/2094 2020/2688/2093
f 2015/2681/2086 2021/2692/2096 1978/3188/1613
f 2020/2688/2093 2023/2686/2091 2019/2684/2089
f 2023/2686/2091 2021/2692/2096 2015/2681/2086
f 1414/2690/1473 1415/2696/1475 2022/2687/2092
f 2023/2686/2091 2024/2694/2098 2021/2692/2096
f 2025/2691/2095 2024/2694/2098 2023/2686/2091
f 1415/2696/1475 2025/2691/2095 2022/2687/2092
f 2025/2691/2095 2026/2698/2100 1472/2693/2097
f 2027/2695/1476 2026/2698/2100 2025/2691/2095
f 2029/2697/2099 2028/2700/2101 1472/2693/2097
f 1979/2701/2059 1978/2699/1613 2028/2700/2101
f 2029/2697/2099 1980/2702/1472 1979/2701/2059
f 2030/2713/1463 2033/2703/2102 2049/2705/1464
f 2052/2704/2103 2031/2707/2105 2051/2708/2106
f 2052/2704/2103 2032/2710/2108 2031/2707/2105
f 2052/2704/2103 2033/2703/2102 2032/2710/2108
f 2031/2707/2105 1464/2023/1606 2050/2706/2104
f 2031/2707/2105 2034/2712/2110 1464/2023/1606
f 2035/2709/2107 2034/2712/2110 2031/2707/2105
f 2030/2713/1463 2035/2709/2107 2033/2703/2102
f 2037/3189/2389 2036/3190/1607 1464/2023/1606
f 2038/2711/2109 2037/3189/2389 1464/2023/1606
f 2035/2709/2107 2039/2715/2111 2038/2711/2109
f 2035/2709/2107 2040/2714/1465 2039/2715/2111
f 2041/2716/2112 2037/3189/2389 2038/2711/2109
f 2039/2715/2111 2042/2717/2113 2041/2716/2112
f 2037/3189/2389 1465/2723/1604 2036/3191/1607
f 2042/2717/2113 2043/2720/2115 2041/2716/2112
f 2041/2716/2112 2043/2720/2115 2037/3189/2389
f 2043/2720/2115 1465/2723/1604 2037/3189/2389
f 2043/2720/2115 2045/2724/2118 1465/2723/1604
f 2046/2721/2116 2045/2724/2118 2043/2720/2115
f 1409/2718/1462 2046/2721/2116 2044/2719/2114
f 2047/2722/2117 1466/2022/1605 1465/2723/1604
f 2046/2721/2116 2048/2725/2119 2047/2722/2117
f 1409/2718/1462 2049/2728/1464 2048/2725/2119
f 2051/3192/2106 2050/2726/2104 2047/2722/2117
f 2052/2727/2103 2051/3192/2106 2047/2722/2117
f 2075/3193/1452 2059/2729/1451 2077/2731/2121
f 2076/2733/2123 2054/2734/2124 2053/2736/2126
f 2053/2736/2126 2055/2735/2125 1463/2738/1594
f 2076/2733/2123 2056/2732/2122 2054/2734/2124
f 2077/2731/2121 2057/2730/2120 2056/2732/2122
f 2055/2735/2125 2060/2739/2127 2058/2737/1595
f 2056/2732/2122 2061/2740/2128 2060/2739/2127
f 2059/2729/1451 2061/2740/2128 2057/2730/2120
f 2062/2741/2129 1462/2748/1593 2058/2737/1595
f 2063/2745/2133 2062/2741/2129 2060/2739/2127
f 2064/2742/2130 2063/2745/2133 2060/2739/2127
f 2061/2740/2128 2065/2743/2131 2064/2742/2130
f 2059/2729/1451 1408/2756/1450 2065/2743/2131
f 2067/2746/2134 2066/2744/2132 2063/2745/2133
f 2069/2749/2136 2068/2747/2135 2062/2741/2129
f 2067/2746/2134 2070/2750/2137 2066/2744/2132
f 2070/2750/2137 2069/2749/2136 2066/2744/2132
f 2065/2743/2131 1408/2756/1450 2070/2750/2137
f 2069/2749/2136 2071/2751/2138 2068/2747/2135
f 2070/2750/2137 2072/2754/2140 2071/2751/2138
f 1408/2756/1450 2072/2754/2140 2070/2750/2137
f 2068/2747/2135 2073/2753/2139 1463/2752/1594
f 2072/2754/2140 2074/2759/2141 2073/2753/2139
f 2075/2755/1452 2074/2759/2141 2072/2754/2140
f 2076/2758/2123 2053/2757/2126 2073/2753/2139
f 2074/2759/2141 2077/2760/2121 2076/2758/2123
f 2132/2761/2142 2078/2769/2148 1457/2762/1598
f 2133/2766/2145 2079/2765/2144 2132/2761/2142
f 2132/2761/2142 2080/2767/2146 2078/2769/2148
f 2079/2765/2144 2080/2767/2146 2132/2761/2142
f 2134/2764/2143 2081/2771/2150 2079/2765/2144
f 2078/2769/2148 2082/2768/2147 1457/2762/1598
f 2079/2765/2144 2083/2770/2149 2082/2768/2147
f 1404/2774/1454 2083/2770/2149 2081/2771/2150
f 2084/2772/2151 1458/2779/1599 1457/2762/1598
f 2085/2773/2152 2084/2772/2151 2082/2768/2147
f 2083/2770/2149 2086/2775/1457 2085/2773/2152
f 2085/2773/2152 2088/2777/2154 2087/2776/2153
f 2084/2772/2151 2087/2776/2153 1458/2779/1599
f 2089/2778/2155 1460/2782/1596 1458/2779/1599
f 2090/2780/2156 2089/2778/2155 2087/2776/2153
f 2086/2775/1457 1405/2786/1456 2090/2780/2156
f 2092/2784/2158 2094/2788/2160 2091/2783/2157
f 2091/2783/2157 2094/2788/2160 1459/2781/1601
f 2093/2785/1459 2095/2787/2159 2092/2784/2158
f 2095/2787/2159 2096/2789/2161 2094/2788/2160
f 2094/2788/2160 2097/2790/2162 1459/2781/1601
f 2093/2785/1459 2096/2789/2161 2095/2787/2159
f 2097/2790/2162 2098/2793/2165 1459/2781/1601
f 2096/2789/2161 2098/2793/2165 2097/2790/2162
f 2096/2789/2161 2099/2791/2163 2098/2793/2165
f 2099/2791/2163 2100/2792/2164 2098/2793/2165
f 2099/2791/2163 2102/2795/2166 2100/2792/2164
f 2100/2792/2164 2103/2797/2167 2104/2796/1603
f 2105/2798/2168 2104/2796/1603 2103/2797/2167
f 2104/2796/1603 2107/2799/2169 2106/3194/1602
f 2105/2798/2168 2108/2802/2171 2107/2799/2169
f 1406/2800/1460 2108/2802/2171 2105/2798/2168
f 2109/2805/2173 2106/3194/1602 2107/2799/2169
f 2110/2801/2170 2109/2805/2173 2107/2799/2169
f 2109/2805/2173 2113/2807/1600 2106/3194/1602
f 2112/2804/2172 2114/2806/2174 2109/2805/2173
f 2112/2804/2172 2115/2808/2175 2114/2806/2174
f 2115/2808/2175 2116/2809/2176 2114/2806/2174
f 2116/2809/2176 2117/2811/2178 2113/2807/1600
f 2115/2808/2175 2118/2810/2177 2116/2809/2176
f 2118/2810/2177 2120/2814/2180 2117/2811/2178
f 2111/2803/1458 2120/2814/2180 2118/2810/2177
f 1405/2821/1456 2123/2816/2182 2111/2803/1458
f 2122/2815/2181 2121/2817/2183 2119/2812/2179
f 2119/2812/2179 2121/2817/2183 1460/2813/1596
f 2111/2803/1458 2122/2815/2181 2120/2814/2180
f 2121/2817/2183 2125/2819/2185 2124/2818/2184
f 2122/2815/2181 2126/2823/2187 2125/2819/2185
f 2123/2816/2182 2126/2823/2187 2122/2815/2181
f 2125/2819/2185 2127/2825/2188 2124/2818/2184
f 2128/2822/2186 2127/2825/2188 2125/2819/2185
f 1407/2820/1453 2128/2822/2186 2123/2816/2182
f 2127/2825/2188 2129/2829/2190 1461/2824/1597
f 2130/2826/2189 2129/2829/2190 2127/2825/2188
f 2131/2827/1455 2130/2826/2189 2128/2822/2186
f 2133/2830/2145 2132/2828/2142 2129/2829/2190
f 2130/2826/2189 2134/2831/2143 2133/2830/2145
f 1404/2832/1454 2081/3117/2150 2134/2831/2143
f 2137/2837/2195 2139/2836/2194 2136/2833/2191
f 2135/2835/2193 2138/2834/2192 1456/2000/1585
f 2136/2833/2191 2140/2840/2197 2138/2834/2192
f 2139/2836/2194 2140/2840/2197 2136/2833/2191
f 2138/2834/2192 1450/2001/1586 1456/2000/1585
f 2142/2841/2198 1450/2001/1586 2140/2840/2197
f 1402/2842/1443 2142/2841/2198 2141/2839/2196
f 2143/2843/1442 1451/2002/1587 1450/2001/1586
f 2145/2844/2199 2144/2846/2201 1451/2002/1587
f 2143/2843/1442 2147/2847/2202 2145/2844/2199
f 2143/2843/1442 2149/2850/1444 2147/2847/2202
f 2146/2845/2200 2148/2849/2203 1452/2848/1588
f 1452/2848/1588 2150/2851/2204 1453/2858/1591
f 2148/2849/2203 2151/2852/2205 2150/2851/2204
f 2149/2850/1444 2152/2854/2207 2151/2852/2205
f 2153/2856/1447 2152/2854/2207 2149/2850/1444
f 2150/2851/2204 2154/2853/2206 1453/2858/1591
f 2152/2854/2207 2155/2855/2208 2154/2853/2206
f 2156/2859/2209 1454/2857/1590 2154/2853/2206
f 2155/2855/2208 2157/2862/2211 2156/2859/2209
f 2155/2855/2208 2158/2860/1448 2157/2862/2211
f 2157/2862/2211 2160/2863/2212 2159/2861/2210
f 2161/2864/2213 1452/3195/1588 1454/2857/1590
f 2160/2863/2212 2162/2865/2214 2161/2864/2213
f 2158/2860/1448 2163/2869/1446 2162/2865/2214
f 2161/2864/2213 2164/2870/1592 1452/3195/1588
f 2161/2864/2213 2165/2867/2216 2164/2870/1592
f 2163/2869/1446 2166/2866/2215 2162/2865/2214
f 2166/2866/2215 2167/2868/1449 2164/2870/1592
f 2164/2870/1592 2168/2871/2217 1455/2873/1589
f 2167/2868/1449 2169/2875/2220 2168/2871/2217
f 1403/3196/1445 2169/2875/2220 2167/2868/1449
f 2171/2874/2219 2170/2872/2218 2168/2871/2217
f 2169/2875/2220 1403/3196/1445 2171/2874/2219
f 1403/3196/1445 2172/2876/2221 2171/2874/2219
f 2170/2872/2218 2173/2878/2222 1456/2877/1585
f 2174/2881/1441 2172/2876/2221 1403/3196/1445
f 2172/2876/2221 2175/2883/2224 2173/2878/2222
f 2175/2883/2224 2176/2879/2223 2173/2878/2222
f 2172/2876/2221 2174/2881/1441 2175/2883/2224
f 2175/2883/2224 2137/2882/2195 2176/2879/2223
f 2181/2888/2229 2177/1995/1580 2178/2885/2226
f 2182/2884/2225 2181/2888/2229 2178/2885/2226
f 2179/2886/2227 2180/2892/1429 2182/2884/2225
f 2181/2888/2229 2184/2887/2228 2177/1995/1580
f 2182/2884/2225 2185/2891/2231 2184/2887/2228
f 2180/2892/1429 2185/2891/2231 2182/2884/2225
f 2184/2887/2228 2183/2890/1577 2177/1995/1580
f 2185/2891/2231 2187/2893/2232 2186/2889/2230
f 2180/2892/1429 2188/2896/1431 2187/2893/2232
f 2187/2893/2232 2190/2895/2234 2189/2894/2233
f 2192/2898/1430 2191/2897/1578 2189/2894/2233
f 2192/2898/1430 2194/2903/2238 2193/2899/2235
f 2192/2898/1430 2195/2904/1432 2194/2903/2238
f 2194/2903/2238 2197/2902/2237 2193/2899/2235
f 2197/2902/2237 2196/2900/1579 2193/2899/2235
f 2195/2904/1432 2199/2905/2239 2198/2901/2236
f 2197/2902/2237 2200/2906/2240 2196/2900/1579
f 2195/2904/1432 2196/2900/1579 2200/2906/2240
f 2178/2907/2226 2177/3197/1580 2196/2900/1579
f 2195/2904/1432 2179/3198/2227 2178/2907/2226
f 2195/2904/1432 2180/3199/1429 2179/3198/2227
f 2201/2908/2241 2202/2913/2244 2204/2909/1574
f 2202/2913/2244 2205/2912/2243 2204/2909/1574
f 2203/2911/2242 2206/3200/2390 2205/2912/2243
f 2207/2914/1436 2206/3200/2390 2203/2911/2242
f 2206/3200/2390 2208/2918/2248 2205/2912/2243
f 2207/2914/1436 2208/2918/2248 2206/3200/2390
f 2208/2918/2248 2209/2916/2246 2205/2912/2243
f 2209/2916/2246 2211/2921/1575 2204/2909/1574
f 2212/2920/2249 2213/2924/2251 2211/2921/1575
f 2214/2922/2250 2213/2924/2251 2212/2920/2249
f 1399/2919/1433 2214/2922/2250 2210/2917/2247
f 2216/2925/1435 2215/2923/1576 2213/2924/2251
f 2216/2925/1435 2219/2927/2253 2218/2926/2252
f 2216/2925/1435 2221/2930/2256 2219/2927/2253
f 2218/2926/2252 2217/2929/2255 2215/2923/1576
f 2216/2925/1435 2223/2932/1434 2221/2930/2256
f 2222/2931/2257 2217/2929/2255 2220/2928/2254
f 2222/2931/2257 2224/2934/2258 2217/2929/2255
f 2222/2931/2257 2225/2938/2261 2224/2934/2258
f 2223/2932/1434 2225/2938/2261 2222/2931/2257
f 2224/2934/2258 2226/2936/2260 1447/2933/1581
f 2225/2938/2261 2226/2936/2260 2224/2934/2258
f 2225/2938/2261 2227/2941/2264 2226/2936/2260
f 2227/2941/2264 2228/2935/2259 2226/2936/2260
f 2225/2938/2261 1400/2937/1438 2227/2941/2264
f 2231/2940/2263 2230/2942/2265 2228/2935/2259
f 1400/2937/1438 2234/2945/1440 2232/2944/2266
f 2232/2944/2266 2234/2945/1440 2233/2943/1584
f 2233/2943/1584 2235/2946/2267 1448/3201/1583
f 2234/2945/1440 2236/2947/1439 2235/2946/2267
f 2237/2948/2268 1448/3201/1583 2235/2946/2267
f 2236/2947/1439 2238/2951/2271 2237/2948/2268
f 2236/2947/1439 2239/2953/2272 2238/2951/2271
f 2236/2947/1439 1401/3202/1437 2239/2953/2272
f 2237/2948/2268 2240/2950/2270 1448/3201/1583
f 2238/2951/2271 2240/2950/2270 2237/2948/2268
f 2239/2953/2272 2241/2949/2269 2238/2951/2271
f 1448/3201/1583 2240/2950/2270 1449/2956/1582
f 1401/3202/1437 2242/2952/2245 2239/2953/2272
f 2240/2950/2270 2243/2957/2274 2201/2955/2241
f 2244/2954/2273 2243/2957/2274 2240/2950/2270
f 2242/2952/2245 2244/2954/2273 2241/2949/2269
f 2244/2954/2273 2203/866/2242 2202/1281/2244
f 2244/2954/2273 2242/2952/2245 2203/866/2242
f 1401/3202/1437 2207/3116/1436 2242/2952/2245
f 2248/2959/2275 2247/2961/2277 2245/1977/1560
f 2246/2958/1414 2249/2962/2278 2248/2959/2275
f 2246/2958/1414 2250/2963/1416 2249/2962/2278
f 2249/2962/2278 2252/2964/2279 2251/2960/2276
f 2247/2961/2277 1431/2970/1550 2245/1977/1560
f 2252/2964/2279 2253/2965/2280 2251/2960/2276
f 2252/2964/2279 2254/2966/2281 2253/2965/2280
f 2247/2961/2277 2255/2967/2282 1431/2970/1550
f 2254/2966/2281 2256/2968/2283 2255/2967/2282
f 2257/2971/2284 1432/2969/1551 2255/2967/2282
f 2256/2968/2283 2258/2972/1415 2257/2971/2284
f 2257/2971/2284 2260/2975/2287 2259/2973/2285
f 2257/2971/2284 2261/2974/2286 2260/2975/2287
f 2259/2973/2285 2262/2982/2291 1432/2969/1551
f 2261/2974/2286 2263/2977/2289 2259/2973/2285
f 2263/2977/2289 2262/2982/2291 2259/2973/2285
f 2262/2982/2291 1433/2981/1552 1432/2969/1551
f 2263/2977/2289 2265/2979/2290 2262/2982/2291
f 2264/2976/2288 2265/2979/2290 2263/2977/2289
f 2266/2978/1417 2262/2982/2291 2265/2979/2290
f 2246/2983/1414 2245/2980/1560 2262/2982/2291
f 2268/2988/2294 2271/2991/2297 1434/2985/1559
f 2269/2984/2292 2268/2988/2294 1434/2985/1559
f 2267/2986/1413 2270/2989/2295 2269/2984/2292
f 2271/2991/2297 1435/1976/1553 1434/2985/1559
f 2267/2986/1413 1394/2998/1410 2270/2989/2295
f 2272/2987/2293 2275/2993/2299 2274/2992/2298
f 2271/2991/2297 2276/2994/2300 1435/1976/1553
f 2275/2993/2299 2277/2995/2301 2276/2994/2300
f 1394/2998/1410 2277/2995/2301 2270/2989/2295
f 2278/2997/1412 1436/2996/1554 2276/2994/2300
f 2278/2997/1412 2280/3001/2304 2279/2999/2302
f 2279/2999/2302 2281/3005/2307 1436/2996/1554
f 2281/3005/2307 1437/3007/1555 1436/2996/1554
f 2279/2999/2302 2282/3003/2306 2281/3005/2307
f 2283/3000/2303 2282/3003/2306 2279/2999/2302
f 2285/3004/1411 1437/3007/1555 2281/3005/2307
f 2285/3004/1411 2267/3203/1413 1434/3006/1559
f 2363/3008/2308 2287/3015/2311 1438/3009/1562
f 2288/3011/2309 2287/3015/2311 2363/3008/2308
f 2289/3013/1418 2288/3011/2309 2364/3012/2310
f 2291/3017/2313 2290/3016/2312 2287/3015/2311
f 2290/3016/2312 2292/3019/2314 1439/3018/1563
f 2291/3017/2313 2293/3023/2317 2292/3019/2314
f 1395/3020/1419 2293/3023/2317 2291/3017/2313
f 2295/3026/2319 2294/3021/2315 2292/3019/2314
f 2296/3022/2316 2295/3026/2319 2292/3019/2314
f 2293/3023/2317 1395/3020/1419 2296/3022/2316
f 2295/3026/2319 2298/3027/2320 2294/3021/2315
f 2297/3025/2318 2298/3027/2320 2295/3026/2319
f 1395/3020/1419 2297/3025/2318 2296/3022/2316
f 1395/3020/1419 2299/3028/2321 2297/3025/2318
f 1395/3020/1419 2301/3030/2322 2299/3028/2321
f 2298/3027/2320 2300/3031/2323 1440/3024/1566
f 2304/3033/2324 2303/3035/2326 2300/3031/2323
f 2306/3034/2325 2302/3032/1571 2300/3031/2323
f 2304/3033/2324 2305/3036/2327 2303/3035/2326
f 1396/3029/1424 2305/3036/2327 2304/3033/2324
f 2305/3036/2327 2307/3037/2328 2306/3034/2325
f 1396/3029/1424 2307/3037/2328 2305/3036/2327
f 2306/3034/2325 2308/3038/2329 2302/3032/1571
f 2307/3037/2328 2310/3041/2331 2311/3039/2330
f 1396/3029/1424 2312/3040/1428 2307/3037/2328
f 2307/3037/2328 2312/3040/1428 2310/3041/2331
f 2311/3039/2330 2309/3043/1573 2302/3032/1571
f 2312/3040/1428 2309/3043/1573 2311/3039/2330
f 2312/3040/1428 2313/3045/2333 1441/3042/1572
f 1397/3046/1427 2313/3045/2333 2312/3040/1428
f 2314/3051/2336 1442/3050/1570 1441/3042/1572
f 2315/3044/2332 2314/3051/2336 1441/3042/1572
f 2313/3045/2333 2316/3047/2334 2315/3044/2332
f 2315/3044/2332 2317/3049/2335 2314/3051/2336
f 1397/3046/1427 2318/3048/1426 2316/3047/2334
f 2315/3044/2332 2319/3052/2337 2317/3049/2335
f 2317/3049/2335 2320/3054/2339 1442/3050/1570
f 2319/3052/2337 2320/3054/2339 2317/3049/2335
f 2320/3054/2339 2321/3057/2341 1442/3050/1570
f 2322/3053/2338 2321/3057/2341 2320/3054/2339
f 1442/3050/1570 2321/3057/2341 2324/3066/1567
f 2323/3055/1423 2322/3053/2338 2319/3052/2337
f 2321/3057/2341 2326/3058/2342 2324/3066/1567
f 2323/3055/1423 2327/3059/1422 2325/3056/2340
f 2329/3060/2343 2328/3063/2346 2326/3058/2342
f 2326/3058/2342 2328/3063/2346 2324/3066/1567
f 2329/3060/2343 2330/3061/2344 2328/3063/2346
f 2327/3059/1422 2330/3061/2344 2329/3060/2343
f 2331/3062/2345 1443/3065/1565 2328/3063/2346
f 2333/3064/2347 2331/3062/2345 2332/3067/2348
f 2331/3062/2345 2335/3071/2350 2334/3068/1564
f 2336/3069/1421 2335/3071/2350 2331/3062/2345
f 2335/3071/2350 2337/3070/2349 2334/3068/1564
f 2336/3069/1421 2338/3073/2352 2337/3070/2349
f 2338/3073/2352 2339/3074/2353 2337/3070/2349
f 2338/3073/2352 2340/3204/2391 2339/3074/2353
f 2342/3072/2351 2340/3204/2391 2338/3073/2352
f 2334/3068/1564 2339/3074/2353 2343/3077/1568
f 2340/3204/2391 2341/3076/2354 2339/3074/2353
f 2340/3204/2391 2342/3072/2351 2341/3076/2354
f 2344/3075/1425 2343/3077/1568 2341/3076/2354
f 2345/3078/2355 1444/3080/1569 2343/3077/1568
f 2346/3081/1420 2345/3078/2355 2344/3075/1425
f 2347/3079/2356 1445/3085/1561 1444/3080/1569
f 2345/3078/2355 2348/3082/2357 2347/3079/2356
f 2346/3081/1420 2349/3083/2358 2348/3082/2357
f 2346/3081/1420 2351/3087/2360 2349/3083/2358
f 2349/3083/2358 2351/3087/2360 2350/3084/2359
f 2350/3084/2359 2352/3089/2362 1445/3085/1561
f 2353/3088/2361 2352/3089/2362 2350/3084/2359
f 2354/3086/1406 2353/3088/2361 2351/3087/2360
f 1445/3085/1561 2356/3090/2363 2355/3098/1556
f 2353/3088/2361 2358/3096/2368 2357/3091/2364
f 2359/3092/2365 2358/3096/2368 2353/3088/2361
f 2357/3091/2364 2356/3090/2363 2352/3089/2362
f 2356/3090/2363 2360/3094/2366 2355/3098/1556
f 2361/3095/2367 2360/3094/2366 2357/3091/2364
f 1398/3093/1408 2361/3095/2367 2359/3092/2365
f 2361/3095/2367 2362/3099/1407 1446/3097/1557
f 2363/3205/2308 2286/3206/1558 1446/3097/1557
f 2364/3100/2310 2363/3205/2308 1446/3097/1557
f 2362/3099/1407 2365/3207/1409 2364/3100/2310
