# Blender 4.4.1
# www.blender.org
mtllib reticle.mtl
o reticle
v 0.012230 0.033684 0.006680
v 0.201519 0.013653 0.267033
v -0.176887 0.013653 0.267157
v -0.293939 0.013653 -0.092691
v 0.012128 0.013653 -0.315211
v 0.318335 0.013653 -0.092887
v 0.012333 -0.018759 0.328571
v -0.293875 -0.018759 0.106247
v -0.177058 -0.018759 -0.253673
v 0.201348 -0.018759 -0.253798
v 0.318400 -0.018759 0.106051
v 0.012230 -0.038791 0.006680
v -0.098929 0.028272 0.159784
v 0.123490 0.028272 0.159711
v 0.012331 0.016498 0.312816
v 0.303414 0.016498 0.101187
v 0.192153 0.028272 -0.051844
v -0.167731 0.028272 -0.051729
v -0.278893 0.016498 0.101375
v 0.012170 0.028272 -0.182521
v -0.167793 0.016498 -0.240931
v 0.192094 0.016498 -0.241047
v 0.303454 -0.002553 0.218120
v 4.230641 -0.002553 0.006565
v -0.098870 -0.002553 0.348988
v 0.123552 -0.002553 0.348916
v -4.203816 -0.002553 0.006795
v -0.278856 -0.002553 0.218310
v -0.099092 -0.002553 -0.335556
v -0.278993 -0.002553 -0.204760
v 0.303316 -0.002553 -0.204950
v 0.123331 -0.002553 -0.335628
v 0.192253 -0.021605 0.254291
v -0.167633 -0.021605 0.254407
v -0.278954 -0.021605 -0.087827
v 0.012130 -0.021605 -0.299456
v 0.303353 -0.021605 -0.088015
v 0.012290 -0.033379 0.195881
v 0.192192 -0.033379 0.065089
v -0.167693 -0.033379 0.065204
v -0.099030 -0.033379 -0.146351
v 0.123390 -0.033379 -0.146424
v 0.012341 -0.002553 4.226369
v 0.012120 -0.002553 -4.194222
v 1.165305 0.014011 -0.006373
v 1.133729 0.019822 -0.006373
v 1.102670 0.024448 -0.006373
v 1.079658 0.027330 -0.006373
v 1.059858 0.026949 -0.006382
v 1.041626 0.022156 -0.006382
v 1.022575 -0.037309 -0.006382
v 1.041626 -0.055904 -0.006382
v 1.059858 -0.062438 -0.006382
v 1.079658 -0.062956 -0.006373
v 1.102670 -0.059027 -0.006373
v 1.193429 -0.046185 -0.006373
v 1.155223 0.014011 -0.160192
v 1.123917 0.019822 -0.156070
v 1.093124 0.024448 -0.152016
v 1.070309 0.027330 -0.149012
v 1.050679 0.026949 -0.146428
v 1.032603 0.022156 -0.144048
v 1.013716 -0.037309 -0.141562
v 1.032603 -0.055904 -0.144048
v 1.050679 -0.062438 -0.146428
v 1.070309 -0.062956 -0.149012
v 1.115608 -0.059320 -0.154976
v 1.183107 -0.046185 -0.163862
v 1.125150 0.014011 -0.311378
v 1.094650 0.019822 -0.303206
v 1.064649 0.024448 -0.295167
v 1.042421 0.027330 -0.289211
v 1.023299 0.026949 -0.284078
v 1.005688 0.022156 -0.279359
v 0.987286 -0.037309 -0.274429
v 1.005688 -0.055904 -0.279359
v 1.023299 -0.062438 -0.284078
v 1.042421 -0.062956 -0.289211
v 1.064649 -0.059027 -0.295167
v 1.152316 -0.046185 -0.318658
v 1.075601 0.014011 -0.457347
v 1.046428 0.019822 -0.445263
v 1.017733 0.024448 -0.433377
v 0.996473 0.027330 -0.424571
v 0.978186 0.026949 -0.416977
v 0.961341 0.010233 -0.410000
v 0.943741 -0.037309 -0.402710
v 0.961341 -0.055904 -0.410000
v 0.978186 -0.062438 -0.416977
v 0.996473 -0.062956 -0.424571
v 1.017733 -0.059027 -0.433377
v 1.101584 -0.046185 -0.468109
v 1.007423 0.014011 -0.595599
v 0.980077 0.019822 -0.579811
v 0.953179 0.024448 -0.564281
v 0.933250 0.027330 -0.552775
v 0.916112 0.026949 -0.542851
v 0.900322 0.022156 -0.533734
v 0.883824 -0.037309 -0.524209
v 0.900322 -0.055904 -0.533734
v 0.916112 -0.062438 -0.542851
v 0.933250 -0.062956 -0.552775
v 0.953179 -0.059027 -0.564281
v 1.031779 -0.046185 -0.609661
v 0.921782 0.014011 -0.723769
v 0.896731 0.019822 -0.704546
v 0.872090 0.024448 -0.685639
v 0.853833 0.027330 -0.671630
v 0.838139 0.026949 -0.659545
v 0.823675 0.022156 -0.648446
v 0.808561 -0.037309 -0.636849
v 0.823675 -0.055904 -0.648446
v 0.838139 -0.062438 -0.659545
v 0.853833 -0.062956 -0.671630
v 0.872090 -0.059027 -0.685639
v 0.944095 -0.046185 -0.740890
v 0.820144 0.014011 -0.839664
v 0.797817 0.019822 -0.817336
v 0.775855 0.024448 -0.795374
v 0.759583 0.027330 -0.779102
v 0.745602 0.026949 -0.765063
v 0.732710 0.022156 -0.752171
v 0.719239 -0.037309 -0.738701
v 0.732710 -0.055904 -0.752171
v 0.745602 -0.062438 -0.765063
v 0.759583 -0.062956 -0.779102
v 0.775855 -0.059027 -0.795374
v 0.840031 -0.046185 -0.859551
v 0.704250 0.014011 -0.941301
v 0.685027 0.019822 -0.916250
v 0.666120 0.024448 -0.891609
v 0.652111 0.027330 -0.873353
v 0.640083 0.026949 -0.857600
v 0.628984 0.022156 -0.843136
v 0.617387 -0.037309 -0.828022
v 0.628984 -0.055904 -0.843136
v 0.640083 -0.062438 -0.857600
v 0.652111 -0.062956 -0.873353
v 0.666120 -0.059027 -0.891609
v 0.721370 -0.046185 -0.963614
v 0.576079 0.014011 -1.026942
v 0.560291 0.019822 -0.999596
v 0.544761 0.024448 -0.972698
v 0.533255 0.027330 -0.952769
v 0.523389 0.026949 -0.935573
v 0.514273 0.022156 -0.919784
v 0.504748 -0.037309 -0.903285
v 0.514273 -0.055904 -0.919784
v 0.523389 -0.062438 -0.935573
v 0.533255 -0.062956 -0.952769
v 0.544761 -0.059027 -0.972698
v 0.590141 -0.046185 -1.051298
v 0.437827 0.014011 -1.095120
v 0.425744 0.019822 -1.065948
v 0.413858 0.024448 -1.037253
v 0.405052 0.027330 -1.015992
v 0.397516 0.026949 -0.997647
v 0.390539 0.022156 -0.980802
v 0.383249 -0.037309 -0.963202
v 0.390539 -0.055904 -0.980802
v 0.397516 -0.062438 -0.997647
v 0.405052 -0.062956 -1.015992
v 0.413858 -0.059027 -1.037253
v 0.448590 -0.046185 -1.121104
v 0.291859 0.014011 -1.144670
v 0.283686 0.019822 -1.114169
v 0.275648 0.024448 -1.084169
v 0.269692 0.027330 -1.061941
v 0.264617 0.026949 -1.042760
v 0.259898 0.022156 -1.025149
v 0.254968 -0.037309 -1.006748
v 0.259898 -0.055904 -1.025149
v 0.264617 -0.062438 -1.042760
v 0.269692 -0.062956 -1.061941
v 0.275648 -0.059027 -1.084169
v 0.299138 -0.046185 -1.171836
v 0.140672 0.014011 -1.174743
v 0.136550 0.019822 -1.143437
v 0.132496 0.024448 -1.112643
v 0.129493 0.027330 -1.089828
v 0.126966 0.026949 -1.070140
v 0.124587 0.022156 -1.052064
v 0.122100 -0.037309 -1.033177
v 0.124587 -0.055904 -1.052064
v 0.126966 -0.062438 -1.070140
v 0.129493 -0.062956 -1.089828
v 0.132496 -0.059027 -1.112643
v 0.144343 -0.046185 -1.202626
v -0.013147 0.014011 -1.184825
v -0.013147 0.019822 -1.153248
v -0.013147 0.024448 -1.122190
v -0.013147 0.027330 -1.099177
v -0.013080 0.026949 -1.079319
v -0.013080 0.022156 -1.061087
v -0.013080 -0.037309 -1.042037
v -0.013080 -0.055904 -1.061087
v -0.013080 -0.062438 -1.079319
v -0.013147 -0.062956 -1.099177
v -0.013147 -0.059027 -1.122190
v -0.013147 -0.046185 -1.212949
v -0.166966 0.014011 -1.174743
v -0.162844 0.019822 -1.143436
v -0.158790 0.024448 -1.112643
v -0.155787 0.027330 -1.089828
v -0.153127 0.026949 -1.070140
v -0.150747 0.022156 -1.052064
v -0.148260 -0.037309 -1.033177
v -0.150747 -0.055904 -1.052064
v -0.153127 -0.062438 -1.070140
v -0.155787 -0.062956 -1.089828
v -0.158790 -0.059027 -1.112643
v -0.170637 -0.046185 -1.202626
v -0.318152 0.014011 -1.144670
v -0.309980 0.019822 -1.114170
v -0.301941 0.024448 -1.084169
v -0.295985 0.027330 -1.061941
v -0.290777 0.026949 -1.042760
v -0.286058 0.022156 -1.025149
v -0.281127 -0.037309 -1.006748
v -0.286058 -0.055904 -1.025149
v -0.290777 -0.062438 -1.042760
v -0.295985 -0.062956 -1.061941
v -0.301941 -0.059027 -1.084169
v -0.325431 -0.046185 -1.171836
v -0.464121 0.014011 -1.095121
v -0.452037 0.019822 -1.065948
v -0.440151 0.024448 -1.037253
v -0.431345 0.027330 -1.015992
v -0.423676 0.026949 -0.997647
v -0.416152 0.008642 -0.979511
v -0.409408 -0.037309 -0.963202
v -0.416698 -0.055904 -0.980802
v -0.423676 -0.062438 -0.997647
v -0.431345 -0.062956 -1.015992
v -0.440151 -0.059027 -1.037253
v -0.474884 -0.046185 -1.121104
v -0.602373 0.014011 -1.026942
v -0.586584 0.019822 -0.999596
v -0.571055 0.024448 -0.972698
v -0.559549 0.027330 -0.952769
v -0.549549 0.026949 -0.935573
v -0.540432 0.022156 -0.919784
v -0.530907 -0.037309 -0.903286
v -0.540432 -0.055904 -0.919784
v -0.549549 -0.062438 -0.935573
v -0.559549 -0.062956 -0.952769
v -0.571055 -0.059027 -0.972698
v -0.616435 -0.046185 -1.051298
v -0.730543 0.014011 -0.941302
v -0.711320 0.019822 -0.916250
v -0.692413 0.024448 -0.891610
v -0.678404 0.027330 -0.873353
v -0.666243 0.026949 -0.857601
v -0.655144 0.022156 -0.843136
v -0.643547 -0.037309 -0.828022
v -0.655144 -0.055904 -0.843136
v -0.666243 -0.062438 -0.857601
v -0.678404 -0.062956 -0.873353
v -0.692413 -0.059027 -0.891610
v -0.747664 -0.046185 -0.963614
v -0.846438 0.014011 -0.839664
v -0.824110 0.019822 -0.817336
v -0.802149 0.024448 -0.795374
v -0.785876 0.027330 -0.779102
v -0.771762 0.026949 -0.765063
v -0.758870 0.022156 -0.752171
v -0.745399 -0.037309 -0.738700
v -0.758870 -0.055904 -0.752171
v -0.771762 -0.062438 -0.765063
v -0.785876 -0.062956 -0.779102
v -0.802149 -0.059027 -0.795374
v -0.866325 -0.046185 -0.859551
v -0.948076 0.014011 -0.723769
v -0.923024 0.019822 -0.704546
v -0.898384 0.024448 -0.685639
v -0.880127 0.027330 -0.671630
v -0.864299 0.026949 -0.659545
v -0.849834 0.022156 -0.648446
v -0.834721 -0.037309 -0.636849
v -0.849834 -0.055904 -0.648446
v -0.864299 -0.062438 -0.659545
v -0.880127 -0.062956 -0.671630
v -0.898384 -0.059027 -0.685639
v -0.970388 -0.046185 -0.740890
v -1.033716 0.014011 -0.595599
v -1.006370 0.019822 -0.579811
v -0.979472 0.024448 -0.564281
v -0.959543 0.027330 -0.552775
v -0.942271 0.026949 -0.542851
v -0.926482 0.022156 -0.533735
v -0.909984 -0.037309 -0.524209
v -0.926482 -0.055904 -0.533735
v -0.942271 -0.062438 -0.542851
v -0.959543 -0.062956 -0.552775
v -0.979472 -0.059027 -0.564281
v -1.058072 -0.046185 -0.609661
v -1.101895 0.014011 -0.457347
v -1.072722 0.019822 -0.445263
v -1.044027 0.024448 -0.433377
v -1.022767 0.027330 -0.424571
v -1.004345 0.026949 -0.416977
v -0.987501 0.022156 -0.410000
v -0.969901 -0.037309 -0.402710
v -0.987501 -0.055904 -0.410000
v -1.004345 -0.062438 -0.416977
v -1.022767 -0.062956 -0.424571
v -1.044027 -0.059027 -0.433377
v -1.127878 -0.046185 -0.468110
v -1.151444 0.014011 -0.311378
v -1.120944 0.019822 -0.303206
v -1.090943 0.024448 -0.295167
v -1.068715 0.027330 -0.289211
v -1.049459 0.026949 -0.284078
v -1.031847 0.022156 -0.279359
v -1.013446 -0.037309 -0.274429
v -1.031847 -0.055904 -0.279359
v -1.049459 -0.062438 -0.284078
v -1.068715 -0.062956 -0.289211
v -1.090943 -0.059027 -0.295167
v -1.178610 -0.046185 -0.318657
v -1.181517 0.014011 -0.160192
v -1.150211 0.019822 -0.156070
v -1.119417 0.024448 -0.152016
v -1.096602 0.027330 -0.149013
v -1.076839 0.026949 -0.146428
v -1.058762 0.022156 -0.144048
v -1.039875 -0.037309 -0.141562
v -1.058762 -0.055904 -0.144048
v -1.076839 -0.062438 -0.146428
v -1.096602 -0.062956 -0.149013
v -1.119417 -0.059027 -0.152016
v -1.209400 -0.046185 -0.163863
v -1.191599 0.014011 -0.006373
v -1.160022 0.019822 -0.006373
v -1.128964 0.024448 -0.006373
v -1.105951 0.027330 -0.006373
v -1.086018 0.026949 -0.006382
v -1.067786 0.022156 -0.006382
v -1.048735 -0.037309 -0.006382
v -1.067786 -0.055904 -0.006382
v -1.086018 -0.062438 -0.006382
v -1.105951 -0.062956 -0.006373
v -1.128964 -0.059027 -0.006373
v -1.219723 -0.046185 -0.006373
v -1.181517 0.014011 0.147446
v -1.150211 0.019822 0.143325
v -1.119417 0.024448 0.139271
v -1.096602 0.027330 0.136267
v -1.076839 0.026949 0.133665
v -1.058762 0.022156 0.131285
v -1.039875 -0.037309 0.128799
v -1.058762 -0.055904 0.131285
v -1.076839 -0.062438 0.133665
v -1.096602 -0.062956 0.136267
v -1.119417 -0.059027 0.139271
v -1.209400 -0.046185 0.151117
v -1.151444 0.014011 0.298633
v -1.120944 0.019822 0.290460
v -1.090943 0.024448 0.282422
v -1.068715 0.027330 0.276466
v -1.049459 0.026949 0.271315
v -1.031847 0.022156 0.266596
v -1.013446 -0.037309 0.261666
v -1.031847 -0.055904 0.266596
v -1.049459 -0.062438 0.271315
v -1.068715 -0.062956 0.276466
v -1.090943 -0.059027 0.282422
v -1.178610 -0.046185 0.305912
v -1.101895 0.014011 0.444601
v -1.072722 0.019822 0.432517
v -1.044027 0.024448 0.420631
v -1.022767 0.027330 0.411825
v -1.004346 0.026949 0.404214
v -0.987501 0.022156 0.397236
v -0.969901 -0.037309 0.389946
v -0.987501 -0.055904 0.397236
v -1.004346 -0.062438 0.404214
v -1.022767 -0.062956 0.411825
v -1.044027 -0.059027 0.420631
v -1.127878 -0.046185 0.455364
v -1.033716 0.014011 0.582853
v -1.006370 0.019822 0.567065
v -0.979473 0.024448 0.551535
v -0.959543 0.027330 0.540029
v -0.942271 0.026949 0.530087
v -0.926482 0.022156 0.520971
v -0.909984 -0.037309 0.511446
v -0.926482 -0.055904 0.520971
v -0.942271 -0.062438 0.530087
v -0.959543 -0.062956 0.540029
v -0.979473 -0.059027 0.551535
v -1.058073 -0.046185 0.596915
v -0.948076 0.014011 0.711024
v -0.923024 0.019822 0.691801
v -0.898384 0.024448 0.672893
v -0.880127 0.027330 0.658884
v -0.864299 0.026949 0.646782
v -0.849834 0.022156 0.635683
v -0.834721 -0.037309 0.624085
v -0.849834 -0.055904 0.635683
v -0.864299 -0.062438 0.646782
v -0.880127 -0.062956 0.658884
v -0.898384 -0.059027 0.672893
v -0.970388 -0.046185 0.728144
v -0.846438 0.014011 0.826919
v -0.824110 0.019822 0.804591
v -0.802149 0.024448 0.782629
v -0.785876 0.027330 0.766357
v -0.771762 0.026949 0.752300
v -0.758870 0.022156 0.739408
v -0.745399 -0.037309 0.725937
v -0.758870 -0.055904 0.739408
v -0.771762 -0.062438 0.752300
v -0.785876 -0.062956 0.766357
v -0.802149 -0.059027 0.782629
v -0.866325 -0.046185 0.846805
v -0.730543 0.014011 0.928556
v -0.711321 0.019822 0.903504
v -0.692414 0.024448 0.878864
v -0.678405 0.027330 0.860607
v -0.666244 0.026949 0.844837
v -0.655145 0.022156 0.830372
v -0.643547 -0.037309 0.815259
v -0.655145 -0.055904 0.830372
v -0.666244 -0.062438 0.844837
v -0.678405 -0.062956 0.860607
v -0.692414 -0.059027 0.878864
v -0.747664 -0.046185 0.950868
v -0.602373 0.014011 1.014197
v -0.586584 0.019822 0.986851
v -0.571055 0.024448 0.959953
v -0.559549 0.027330 0.940024
v -0.549549 0.026949 0.922810
v -0.540433 0.022156 0.907021
v -0.530907 -0.037309 0.890522
v -0.540433 -0.055904 0.907021
v -0.549549 -0.062438 0.922810
v -0.559549 -0.062956 0.940024
v -0.571055 -0.059027 0.959953
v -0.616435 -0.046185 1.038553
v -0.464121 0.014011 1.082375
v -0.452037 0.019822 1.053202
v -0.440152 0.024448 1.024508
v -0.431345 0.027330 1.003247
v -0.423676 0.026949 0.984884
v -0.416698 0.022156 0.968039
v -0.409408 -0.037309 0.950439
v -0.416698 -0.055904 0.968039
v -0.423676 -0.062438 0.984884
v -0.431345 -0.062956 1.003247
v -0.440152 -0.059027 1.024508
v -0.474884 -0.046185 1.108358
v -0.318153 0.014011 1.131925
v -0.309980 0.019822 1.101424
v -0.301942 0.024448 1.071424
v -0.295986 0.027330 1.049195
v -0.290777 0.026949 1.029997
v -0.286058 0.022156 1.012386
v -0.281128 -0.037309 0.993985
v -0.286058 -0.055904 1.012386
v -0.290777 -0.062438 1.029997
v -0.295986 -0.062956 1.049195
v -0.301942 -0.059027 1.071424
v -0.325432 -0.046185 1.159090
v -0.166966 0.014011 1.161997
v -0.162845 0.019822 1.130691
v -0.158791 0.024448 1.099898
v -0.155787 0.027330 1.077083
v -0.153127 0.026949 1.057377
v -0.150747 0.022156 1.039301
v -0.148261 -0.037309 1.020414
v -0.150747 -0.055904 1.039301
v -0.153127 -0.062438 1.057377
v -0.155787 -0.062956 1.077083
v -0.158791 -0.059027 1.099898
v -0.170637 -0.046185 1.189881
v -0.013147 0.014011 1.172079
v -0.013147 0.019822 1.140503
v -0.013147 0.024448 1.109444
v -0.013147 0.027330 1.086432
v -0.013080 0.026949 1.066556
v -0.013080 0.022156 1.048324
v -0.013080 -0.037309 1.029274
v -0.013080 -0.055904 1.048324
v -0.013080 -0.062438 1.066556
v -0.013147 -0.062956 1.086432
v -0.013147 -0.059027 1.109444
v -0.013147 -0.046185 1.200203
v 0.140672 0.014011 1.161998
v 0.136550 0.019822 1.130691
v 0.132496 0.024448 1.099898
v 0.129493 0.027330 1.077083
v 0.126966 0.026949 1.057377
v 0.124587 0.022156 1.039301
v 0.122100 -0.037309 1.020414
v 0.124587 -0.055904 1.039301
v 0.126966 -0.062438 1.057377
v 0.129493 -0.062956 1.077083
v 0.132496 -0.059027 1.099898
v 0.144343 -0.046185 1.189881
v 0.291858 0.014011 1.131925
v 0.283686 0.019822 1.101424
v 0.275647 0.024448 1.071424
v 0.269691 0.027330 1.049196
v 0.264616 0.026949 1.029997
v 0.259898 0.022156 1.012386
v 0.254967 -0.037309 0.993985
v 0.259898 -0.055904 1.012386
v 0.264616 -0.062438 1.029997
v 0.269691 -0.062956 1.049196
v 0.275647 -0.059027 1.071424
v 0.299137 -0.046185 1.159091
v 0.437828 0.014011 1.082375
v 0.425744 0.019822 1.053202
v 0.413858 0.024448 1.024508
v 0.405052 0.027330 1.003247
v 0.397516 0.026949 0.984884
v 0.390539 0.022156 0.968039
v 0.383249 -0.037309 0.950439
v 0.390539 -0.055904 0.968039
v 0.397516 -0.062438 0.984884
v 0.405052 -0.062956 1.003247
v 0.413858 -0.059027 1.024508
v 0.448590 -0.046185 1.108358
v 0.576079 0.014011 1.014197
v 0.560291 0.019822 0.986851
v 0.544761 0.024448 0.959953
v 0.533255 0.027330 0.940024
v 0.523389 0.026949 0.922810
v 0.514273 0.022156 0.907020
v 0.504748 -0.037309 0.890522
v 0.514273 -0.055904 0.907020
v 0.523389 -0.062438 0.922810
v 0.533255 -0.062956 0.940024
v 0.544761 -0.059027 0.959953
v 0.590141 -0.046185 1.038553
v 0.704249 0.014011 0.928556
v 0.685026 0.019822 0.903505
v 0.666119 0.024448 0.878864
v 0.652110 0.027330 0.860608
v 0.640083 0.026949 0.844837
v 0.628984 0.022156 0.830373
v 0.617387 -0.037309 0.815259
v 0.628984 -0.055904 0.830373
v 0.640083 -0.062438 0.844837
v 0.652110 -0.062956 0.860608
v 0.666119 -0.059027 0.878864
v 0.721370 -0.046185 0.950869
v 0.820144 0.014011 0.826919
v 0.797816 0.019822 0.804591
v 0.775854 0.024448 0.782629
v 0.759582 0.027330 0.766357
v 0.745601 0.026949 0.752301
v 0.732709 0.023728 0.739408
v 0.719239 -0.037309 0.725938
v 0.732709 -0.055904 0.739408
v 0.745601 -0.062438 0.752301
v 0.759582 -0.062956 0.766357
v 0.775854 -0.059027 0.782629
v 0.840031 -0.046185 0.846806
v 0.921782 0.014011 0.711023
v 0.896731 0.019822 0.691801
v 0.872090 0.024448 0.672893
v 0.853833 0.027330 0.658884
v 0.838139 0.026949 0.646782
v 0.823674 0.022156 0.635682
v 0.808561 -0.037309 0.624085
v 0.823674 -0.055904 0.635682
v 0.838139 -0.062438 0.646782
v 0.853833 -0.062956 0.658884
v 0.872090 -0.059027 0.672893
v 0.944095 -0.046185 0.728144
v 1.007422 0.014011 0.582853
v 0.980076 0.019822 0.567065
v 0.953179 0.024448 0.551536
v 0.933250 0.027330 0.540030
v 0.916112 0.026949 0.530088
v 0.900322 0.022156 0.520971
v 0.883824 -0.037309 0.511446
v 0.900322 -0.055904 0.520971
v 0.916112 -0.062438 0.530088
v 0.933250 -0.062956 0.540030
v 0.953179 -0.059027 0.551536
v 1.031779 -0.046185 0.596915
v 1.075601 0.014011 0.444602
v 1.046428 0.019822 0.432518
v 1.017733 0.024448 0.420632
v 0.996473 0.027330 0.411826
v 0.978185 0.026949 0.404214
v 0.961341 0.022156 0.397237
v 0.943741 -0.037309 0.389947
v 0.961341 -0.055904 0.397237
v 0.978185 -0.062438 0.404214
v 0.996473 -0.062956 0.411826
v 1.017733 -0.059027 0.420632
v 1.101584 -0.046185 0.455364
v 1.125151 0.014011 0.298633
v 1.094650 0.019822 0.290460
v 1.064649 0.024448 0.282422
v 1.042421 0.027330 0.276466
v 1.023299 0.026949 0.271315
v 1.005688 0.022156 0.266596
v 0.987286 -0.037309 0.261665
v 1.005688 -0.055904 0.266596
v 1.023299 -0.062438 0.271315
v 1.042421 -0.062956 0.276466
v 1.064649 -0.059027 0.282422
v 1.152316 -0.046185 0.305912
v 1.155223 0.014011 0.147446
v 1.123917 0.019822 0.143325
v 1.093124 0.024448 0.139271
v 1.070309 0.027330 0.136267
v 1.050679 0.026949 0.133665
v 1.032603 0.022156 0.131285
v 1.013715 -0.037309 0.128799
v 1.032603 -0.055904 0.131285
v 1.050679 -0.062438 0.133665
v 1.070309 -0.062956 0.136267
v 1.093124 -0.059027 0.139271
v 1.183107 -0.046185 0.151117
v 2.784850 0.083521 -0.006361
v 2.709875 0.097318 -0.006361
v 2.636130 0.108302 -0.006361
v 2.581490 0.115146 -0.006361
v 2.534479 0.114241 -0.006381
v 2.491188 0.102860 -0.006382
v 2.445956 -0.038331 -0.006382
v 2.491188 -0.082484 -0.006382
v 2.534479 -0.097998 -0.006381
v 2.581490 -0.099228 -0.006361
v 2.636130 -0.089898 -0.006361
v 2.851627 -0.059408 -0.006361
v 2.760912 0.083521 -0.371584
v 2.686579 0.097318 -0.361798
v 2.613464 0.108302 -0.352172
v 2.559292 0.115146 -0.345041
v 2.512684 0.114241 -0.338905
v 2.469764 0.102860 -0.333254
v 2.424918 -0.038331 -0.327350
v 2.469764 -0.082484 -0.333254
v 2.512684 -0.097998 -0.338905
v 2.559292 -0.099228 -0.345041
v 2.666851 -0.090594 -0.359201
v 2.827118 -0.059408 -0.380300
v 2.689507 0.083521 -0.730559
v 2.617087 0.097318 -0.711154
v 2.545855 0.108302 -0.692068
v 2.493077 0.115146 -0.677926
v 2.447673 0.114241 -0.665738
v 2.405857 0.102860 -0.654534
v 2.362166 -0.038331 -0.642827
v 2.405857 -0.082484 -0.654534
v 2.447673 -0.097998 -0.665738
v 2.493077 -0.099228 -0.677926
v 2.545855 -0.089898 -0.692068
v 2.754009 -0.059408 -0.747842
v 2.571858 0.083521 -1.077142
v 2.502591 0.097318 -1.048451
v 2.434459 0.108302 -1.020230
v 2.383978 0.115146 -0.999320
v 2.340557 0.114241 -0.981290
v 2.300562 0.074552 -0.964723
v 2.258773 -0.038331 -0.947413
v 2.300562 -0.082484 -0.964723
v 2.340557 -0.097998 -0.981290
v 2.383978 -0.099228 -0.999320
v 2.434459 -0.089898 -1.020230
v 2.633552 -0.059408 -1.102697
v 2.409977 0.083521 -1.405405
v 2.345047 0.097318 -1.367918
v 2.281182 0.108302 -1.331045
v 2.233862 0.115146 -1.303725
v 2.193170 0.114241 -1.280161
v 2.155680 0.102860 -1.258516
v 2.116507 -0.038331 -1.235900
v 2.155680 -0.082484 -1.258516
v 2.193170 -0.097998 -1.280161
v 2.233862 -0.099228 -1.303725
v 2.281182 -0.089898 -1.331045
v 2.467808 -0.059408 -1.438793
v 2.206634 0.083521 -1.709729
v 2.147153 0.097318 -1.664087
v 2.088647 0.108302 -1.619194
v 2.045299 0.115146 -1.585931
v 2.008034 0.114241 -1.557236
v 1.973690 0.102860 -1.530883
v 1.937804 -0.038331 -1.503347
v 1.973690 -0.082484 -1.530883
v 2.008034 -0.097998 -1.557236
v 2.045299 -0.099228 -1.585931
v 2.088647 -0.089898 -1.619194
v 2.259612 -0.059408 -1.750380
v 1.965308 0.083521 -1.984908
v 1.912293 0.097318 -1.931893
v 1.860147 0.108302 -1.879747
v 1.821512 0.115146 -1.841111
v 1.788316 0.114241 -1.807777
v 1.757705 0.102860 -1.777167
v 1.725721 -0.038331 -1.745182
v 1.757705 -0.082484 -1.777167
v 1.788316 -0.097998 -1.807777
v 1.821512 -0.099228 -1.841111
v 1.860147 -0.089898 -1.879747
v 2.012527 -0.059408 -2.032126
v 1.690130 0.083521 -2.226233
v 1.644488 0.097318 -2.166752
v 1.599595 0.108302 -2.108246
v 1.566333 0.115146 -2.064898
v 1.537776 0.114241 -2.027495
v 1.511422 0.102860 -1.993151
v 1.483886 -0.038331 -1.957265
v 1.511422 -0.082484 -1.993151
v 1.537776 -0.097998 -2.027495
v 1.566333 -0.099228 -2.064898
v 1.599595 -0.089898 -2.108246
v 1.730781 -0.059408 -2.279211
v 1.385805 0.083521 -2.429576
v 1.348318 0.097318 -2.364646
v 1.311445 0.108302 -2.300781
v 1.284126 0.115146 -2.253462
v 1.260699 0.114241 -2.212632
v 1.239054 0.102860 -2.175142
v 1.216438 -0.038331 -2.135969
v 1.239054 -0.082484 -2.175142
v 1.260699 -0.097998 -2.212632
v 1.284126 -0.099228 -2.253462
v 1.311445 -0.089898 -2.300781
v 1.419194 -0.059408 -2.487407
v 1.057544 0.083521 -2.591457
v 1.028852 0.097318 -2.522190
v 1.000631 0.108302 -2.454058
v 0.979722 0.115146 -2.403578
v 0.961829 0.114241 -2.360018
v 0.945263 0.102860 -2.320023
v 0.927953 -0.038331 -2.278234
v 0.945263 -0.082484 -2.320023
v 0.961829 -0.097998 -2.360018
v 0.979722 -0.099228 -2.403578
v 1.000631 -0.089898 -2.454058
v 1.083098 -0.059408 -2.653151
v 0.710960 0.083521 -2.709106
v 0.691555 0.097318 -2.636686
v 0.672468 0.108302 -2.565454
v 0.658327 0.115146 -2.512676
v 0.646277 0.114241 -2.467134
v 0.635072 0.102860 -2.425319
v 0.623366 -0.038331 -2.381627
v 0.635072 -0.082484 -2.425319
v 0.646277 -0.097998 -2.467134
v 0.658327 -0.099228 -2.512676
v 0.672468 -0.089898 -2.565454
v 0.728243 -0.059408 -2.773608
v 0.351985 0.083521 -2.780511
v 0.342198 0.097318 -2.706178
v 0.332573 0.108302 -2.633064
v 0.325441 0.115146 -2.578892
v 0.319443 0.114241 -2.532145
v 0.313792 0.102860 -2.489225
v 0.307888 -0.038331 -2.444380
v 0.313792 -0.082484 -2.489225
v 0.319443 -0.097998 -2.532145
v 0.325441 -0.099228 -2.578892
v 0.332573 -0.089898 -2.633064
v 0.360701 -0.059408 -2.846717
v -0.013239 0.083521 -2.804449
v -0.013239 0.097318 -2.729474
v -0.013239 0.108302 -2.655729
v -0.013239 0.115146 -2.601090
v -0.013080 0.114241 -2.553940
v -0.013080 0.102860 -2.510649
v -0.013080 -0.038331 -2.465417
v -0.013080 -0.082484 -2.510649
v -0.013080 -0.097998 -2.553940
v -0.013239 -0.099228 -2.601090
v -0.013239 -0.089898 -2.655729
v -0.013239 -0.059408 -2.871226
v -0.378463 0.083521 -2.780511
v -0.368677 0.097318 -2.706178
v -0.359051 0.108302 -2.633063
v -0.351919 0.115146 -2.578891
v -0.345603 0.114241 -2.532145
v -0.339953 0.102860 -2.489225
v -0.334049 -0.038331 -2.444380
v -0.339953 -0.082484 -2.489225
v -0.345603 -0.097998 -2.532145
v -0.351919 -0.099228 -2.578891
v -0.359051 -0.089898 -2.633063
v -0.387179 -0.059408 -2.846717
v -0.737437 0.083521 -2.709106
v -0.718032 0.097318 -2.636687
v -0.698945 0.108302 -2.565454
v -0.684804 0.115146 -2.512676
v -0.672436 0.114241 -2.467134
v -0.661232 0.102860 -2.425319
v -0.649525 -0.038331 -2.381628
v -0.661232 -0.082484 -2.425319
v -0.672436 -0.097998 -2.467134
v -0.684804 -0.099228 -2.512676
v -0.698945 -0.089898 -2.565454
v -0.754720 -0.059408 -2.773608
v -1.084021 0.083521 -2.591457
v -1.055329 0.097318 -2.522190
v -1.027109 0.108302 -2.454058
v -1.006199 0.115146 -2.403578
v -0.987988 0.114241 -2.360018
v -0.970124 0.070772 -2.316956
v -0.954112 -0.038331 -2.278234
v -0.971422 -0.082484 -2.320023
v -0.987988 -0.097998 -2.360018
v -1.006199 -0.099228 -2.403578
v -1.027109 -0.089898 -2.454058
v -1.109576 -0.059408 -2.653151
v -1.412283 0.083521 -2.429576
v -1.374795 0.097318 -2.364647
v -1.337923 0.108302 -2.300781
v -1.310603 0.115146 -2.253462
v -1.286859 0.114241 -2.212632
v -1.265213 0.102860 -2.175142
v -1.242597 -0.038331 -2.135969
v -1.265213 -0.082484 -2.175142
v -1.286859 -0.097998 -2.212632
v -1.310603 -0.099228 -2.253462
v -1.337923 -0.089898 -2.300781
v -1.445671 -0.059408 -2.487407
v -1.716607 0.083521 -2.226233
v -1.670966 0.097318 -2.166752
v -1.626072 0.108302 -2.108246
v -1.592810 0.115146 -2.064898
v -1.563935 0.114241 -2.027495
v -1.537582 0.102860 -1.993151
v -1.510046 -0.038331 -1.957266
v -1.537582 -0.082484 -1.993151
v -1.563935 -0.097998 -2.027495
v -1.592810 -0.099228 -2.064898
v -1.626072 -0.089898 -2.108246
v -1.757258 -0.059408 -2.279211
v -1.991787 0.083521 -1.984907
v -1.938771 0.097318 -1.931892
v -1.886626 0.108302 -1.879746
v -1.847990 0.115146 -1.841110
v -1.814476 0.114241 -1.807777
v -1.783865 0.102860 -1.777166
v -1.751881 -0.038331 -1.745182
v -1.783865 -0.082484 -1.777166
v -1.814476 -0.097998 -1.807777
v -1.847990 -0.099228 -1.841110
v -1.886626 -0.089898 -1.879746
v -2.039005 -0.059408 -2.032126
v -2.233112 0.083521 -1.709729
v -2.173630 0.097318 -1.664087
v -2.115124 0.108302 -1.619194
v -2.071776 0.115146 -1.585932
v -2.034194 0.114241 -1.557237
v -1.999849 0.102860 -1.530883
v -1.963964 -0.038331 -1.503347
v -1.999849 -0.082484 -1.530883
v -2.034194 -0.097998 -1.557237
v -2.071776 -0.099228 -1.585932
v -2.115124 -0.089898 -1.619194
v -2.286089 -0.059408 -1.750381
v -2.436454 0.083521 -1.405406
v -2.371524 0.097318 -1.367918
v -2.307659 0.108302 -1.331046
v -2.260340 0.115146 -1.303726
v -2.219330 0.114241 -1.280161
v -2.181839 0.102860 -1.258516
v -2.142667 -0.038331 -1.235900
v -2.181839 -0.082484 -1.258516
v -2.219330 -0.097998 -1.280161
v -2.260340 -0.099228 -1.303726
v -2.307659 -0.089898 -1.331046
v -2.494284 -0.059408 -1.438794
v -2.598336 0.083521 -1.077143
v -2.529068 0.097318 -1.048451
v -2.460936 0.108302 -1.020230
v -2.410456 0.115146 -0.999321
v -2.366717 0.114241 -0.981290
v -2.326722 0.102860 -0.964724
v -2.284933 -0.038331 -0.947414
v -2.326722 -0.082484 -0.964724
v -2.366717 -0.097998 -0.981290
v -2.410456 -0.099228 -0.999321
v -2.460936 -0.089898 -1.020230
v -2.660029 -0.059408 -1.102697
v -2.715985 0.083521 -0.730559
v -2.643565 0.097318 -0.711154
v -2.572332 0.108302 -0.692067
v -2.519555 0.115146 -0.677926
v -2.473832 0.114241 -0.665738
v -2.432017 0.102860 -0.654534
v -2.388326 -0.038331 -0.642826
v -2.432017 -0.082484 -0.654534
v -2.473832 -0.097998 -0.665738
v -2.519555 -0.099228 -0.677926
v -2.572332 -0.089898 -0.692067
v -2.780487 -0.059408 -0.747842
v -2.787389 0.083521 -0.371585
v -2.713056 0.097318 -0.361799
v -2.639941 0.108302 -0.352173
v -2.585770 0.115146 -0.345041
v -2.538844 0.114241 -0.338905
v -2.495924 0.102860 -0.333254
v -2.451078 -0.038331 -0.327351
v -2.495924 -0.082484 -0.333254
v -2.538844 -0.097998 -0.338905
v -2.585770 -0.099228 -0.345041
v -2.639941 -0.089898 -0.352173
v -2.853595 -0.059408 -0.380301
v -2.811327 0.083521 -0.006361
v -2.736352 0.097318 -0.006361
v -2.662607 0.108302 -0.006361
v -2.607968 0.115146 -0.006361
v -2.560638 0.114241 -0.006382
v -2.517348 0.102860 -0.006382
v -2.472115 -0.038331 -0.006382
v -2.517348 -0.082484 -0.006382
v -2.560638 -0.097998 -0.006382
v -2.607968 -0.099228 -0.006361
v -2.662607 -0.089898 -0.006361
v -2.878104 -0.059408 -0.006361
v -2.787389 0.083521 0.358864
v -2.713056 0.097318 0.349078
v -2.639941 0.108302 0.339452
v -2.585770 0.115146 0.332320
v -2.538843 0.114241 0.326142
v -2.495924 0.102860 0.320491
v -2.451078 -0.038331 0.314587
v -2.495924 -0.082484 0.320491
v -2.538843 -0.097998 0.326142
v -2.585770 -0.099228 0.332320
v -2.639941 -0.089898 0.339452
v -2.853595 -0.059408 0.367580
v -2.715985 0.083521 0.717838
v -2.643565 0.097318 0.698433
v -2.572332 0.108302 0.679346
v -2.519555 0.115146 0.665204
v -2.473832 0.114241 0.652975
v -2.432017 0.102860 0.641770
v -2.388326 -0.038331 0.630063
v -2.432017 -0.082484 0.641770
v -2.473832 -0.097998 0.652975
v -2.519555 -0.099228 0.665204
v -2.572332 -0.089898 0.679346
v -2.780487 -0.059408 0.735121
v -2.598336 0.083521 1.064420
v -2.529069 0.097318 1.035729
v -2.460937 0.108302 1.007508
v -2.410456 0.115146 0.986598
v -2.366717 0.114241 0.968526
v -2.326722 0.102860 0.951959
v -2.284933 -0.038331 0.934650
v -2.326722 -0.082484 0.951959
v -2.366717 -0.097998 0.968526
v -2.410456 -0.099228 0.986598
v -2.460937 -0.089898 1.007508
v -2.660030 -0.059408 1.089975
v -2.436455 0.083521 1.392683
v -2.371525 0.097318 1.355196
v -2.307659 0.108302 1.318323
v -2.260340 0.115146 1.291004
v -2.219331 0.114241 1.267397
v -2.181840 0.102860 1.245752
v -2.142668 -0.038331 1.223136
v -2.181840 -0.082484 1.245752
v -2.219331 -0.097998 1.267397
v -2.260340 -0.099228 1.291004
v -2.307659 -0.089898 1.318323
v -2.494286 -0.059408 1.426072
v -2.233111 0.083521 1.697008
v -2.173630 0.097318 1.651366
v -2.115124 0.108302 1.606473
v -2.071776 0.115146 1.573210
v -2.034194 0.114241 1.544474
v -1.999849 0.102860 1.518120
v -1.963964 -0.038331 1.490584
v -1.999849 -0.082484 1.518120
v -2.034194 -0.097998 1.544474
v -2.071776 -0.099228 1.573210
v -2.115124 -0.089898 1.606473
v -2.286090 -0.059408 1.737659
v -1.991787 0.083521 1.972186
v -1.938772 0.097318 1.919171
v -1.886626 0.108302 1.867026
v -1.847990 0.115146 1.828390
v -1.814476 0.114241 1.795014
v -1.783865 0.102860 1.764403
v -1.751881 -0.038331 1.732419
v -1.783865 -0.082484 1.764403
v -1.814476 -0.097998 1.795014
v -1.847990 -0.099228 1.828390
v -1.886626 -0.089898 1.867026
v -2.039006 -0.059408 2.019405
v -1.716608 0.083521 2.213511
v -1.670967 0.097318 2.154030
v -1.626074 0.108302 2.095524
v -1.592811 0.115146 2.052176
v -1.563936 0.114241 2.014732
v -1.537583 0.102860 1.980387
v -1.510047 -0.038331 1.944502
v -1.537583 -0.082484 1.980387
v -1.563936 -0.097998 2.014732
v -1.592811 -0.099228 2.052176
v -1.626074 -0.089898 2.095524
v -1.757260 -0.059408 2.266489
v -1.412283 0.083521 2.416856
v -1.374796 0.097318 2.351926
v -1.337923 0.108302 2.288060
v -1.310603 0.115146 2.240741
v -1.286859 0.114241 2.199869
v -1.265214 0.102860 2.162379
v -1.242597 -0.038331 2.123206
v -1.265214 -0.082484 2.162379
v -1.286859 -0.097998 2.199869
v -1.310603 -0.099228 2.240741
v -1.337923 -0.089898 2.288060
v -1.445671 -0.059408 2.474686
v -1.084021 0.083521 2.578736
v -1.055330 0.097318 2.509469
v -1.027109 0.108302 2.441337
v -1.006199 0.115146 2.390857
v -0.987989 0.114241 2.347255
v -0.971422 0.102860 2.307261
v -0.954112 -0.038331 2.265471
v -0.971422 -0.082484 2.307261
v -0.987989 -0.097998 2.347255
v -1.006199 -0.099228 2.390857
v -1.027109 -0.089898 2.441337
v -1.109576 -0.059408 2.640430
v -0.737438 0.083521 2.696385
v -0.718033 0.097318 2.623965
v -0.698947 0.108302 2.552733
v -0.684805 0.115146 2.499955
v -0.672437 0.114241 2.454371
v -0.661233 0.102860 2.412555
v -0.649526 -0.038331 2.368865
v -0.661233 -0.082484 2.412555
v -0.672437 -0.097998 2.454371
v -0.684805 -0.099228 2.499955
v -0.698947 -0.089898 2.552733
v -0.754722 -0.059408 2.760887
v -0.378464 0.083521 2.767790
v -0.368678 0.097318 2.693457
v -0.359052 0.108302 2.620342
v -0.351921 0.115146 2.566170
v -0.345605 0.114241 2.519382
v -0.339954 0.102860 2.476462
v -0.334050 -0.038331 2.431616
v -0.339954 -0.082484 2.476462
v -0.345605 -0.097998 2.519382
v -0.351921 -0.099228 2.566170
v -0.359052 -0.089898 2.620342
v -0.387181 -0.059408 2.833996
v -0.013239 0.083521 2.791728
v -0.013239 0.097318 2.716753
v -0.013239 0.108302 2.643008
v -0.013239 0.115146 2.588369
v -0.013080 0.114241 2.541177
v -0.013080 0.102860 2.497887
v -0.013080 -0.038331 2.452654
v -0.013080 -0.082484 2.497887
v -0.013080 -0.097998 2.541177
v -0.013239 -0.099228 2.588369
v -0.013239 -0.089898 2.643008
v -0.013239 -0.059408 2.858505
v 0.351985 0.083521 2.767790
v 0.342198 0.097318 2.693457
v 0.332573 0.108302 2.620343
v 0.325441 0.115146 2.566170
v 0.319443 0.114241 2.519382
v 0.313792 0.102860 2.476462
v 0.307888 -0.038331 2.431617
v 0.313792 -0.082484 2.476462
v 0.319443 -0.097998 2.519382
v 0.325441 -0.099228 2.566170
v 0.332573 -0.089898 2.620343
v 0.360701 -0.059408 2.833996
v 0.710958 0.083521 2.696386
v 0.691554 0.097318 2.623966
v 0.672467 0.108302 2.552733
v 0.658325 0.115146 2.499955
v 0.646276 0.114241 2.454371
v 0.635071 0.102860 2.412556
v 0.623364 -0.038331 2.368865
v 0.635071 -0.082484 2.412556
v 0.646276 -0.097998 2.454371
v 0.658325 -0.099228 2.499955
v 0.672467 -0.089898 2.552733
v 0.728242 -0.059408 2.760888
v 1.057544 0.083521 2.578736
v 1.028852 0.097318 2.509468
v 1.000631 0.108302 2.441337
v 0.979722 0.115146 2.390857
v 0.961829 0.114241 2.347255
v 0.945263 0.102860 2.307261
v 0.927953 -0.038331 2.265471
v 0.945263 -0.082484 2.307261
v 0.961829 -0.097998 2.347255
v 0.979722 -0.099228 2.390857
v 1.000631 -0.089898 2.441337
v 1.083098 -0.059408 2.640430
v 1.385805 0.083521 2.416855
v 1.348318 0.097318 2.351925
v 1.311445 0.108302 2.288060
v 1.284126 0.115146 2.240741
v 1.260699 0.114241 2.199869
v 1.239054 0.102860 2.162379
v 1.216438 -0.038331 2.123206
v 1.239054 -0.082484 2.162379
v 1.260699 -0.097998 2.199869
v 1.284126 -0.099228 2.240741
v 1.311445 -0.089898 2.288060
v 1.419194 -0.059408 2.474686
v 1.690129 0.083521 2.213513
v 1.644487 0.097318 2.154032
v 1.599594 0.108302 2.095526
v 1.566332 0.115146 2.052177
v 1.537775 0.114241 2.014733
v 1.511421 0.102860 1.980388
v 1.483886 -0.038331 1.944503
v 1.511421 -0.082484 1.980388
v 1.537775 -0.097998 2.014733
v 1.566332 -0.099228 2.052177
v 1.599594 -0.089898 2.095526
v 1.730780 -0.059408 2.266491
v 1.965307 0.083521 1.972188
v 1.912292 0.097318 1.919173
v 1.860147 0.108302 1.867027
v 1.821511 0.115146 1.828391
v 1.788315 0.114241 1.795015
v 1.757704 0.106593 1.764404
v 1.725720 -0.038331 1.732420
v 1.757704 -0.082484 1.764404
v 1.788315 -0.097998 1.795015
v 1.821511 -0.099228 1.828391
v 1.860147 -0.089898 1.867027
v 2.012526 -0.059408 2.019407
v 2.206635 0.083521 1.697008
v 2.147153 0.097318 1.651366
v 2.088647 0.108302 1.606472
v 2.045299 0.115146 1.573210
v 2.008034 0.114241 1.544473
v 1.973690 0.102860 1.518120
v 1.937805 -0.038331 1.490584
v 1.973690 -0.082484 1.518120
v 2.008034 -0.097998 1.544473
v 2.045299 -0.099228 1.573210
v 2.088647 -0.089898 1.606472
v 2.259612 -0.059408 1.737659
v 2.409977 0.083521 1.392684
v 2.345047 0.097318 1.355197
v 2.281182 0.108302 1.318324
v 2.233863 0.115146 1.291004
v 2.193170 0.114241 1.267398
v 2.155680 0.102860 1.245753
v 2.116507 -0.038331 1.223137
v 2.155680 -0.082484 1.245753
v 2.193170 -0.097998 1.267398
v 2.233863 -0.099228 1.291004
v 2.281182 -0.089898 1.318324
v 2.467808 -0.059408 1.426073
v 2.571858 0.083521 1.064423
v 2.502590 0.097318 1.035731
v 2.434459 0.108302 1.007510
v 2.383978 0.115146 0.986600
v 2.340557 0.114241 0.968528
v 2.300562 0.102860 0.951961
v 2.258772 -0.038331 0.934652
v 2.300562 -0.082484 0.951961
v 2.340557 -0.097998 0.968528
v 2.383978 -0.099228 0.986600
v 2.434459 -0.089898 1.007510
v 2.633552 -0.059408 1.089977
v 2.689508 0.083521 0.717837
v 2.617088 0.097318 0.698433
v 2.545855 0.108302 0.679346
v 2.493078 0.115146 0.665204
v 2.447673 0.114241 0.652974
v 2.405858 0.102860 0.641770
v 2.362166 -0.038331 0.630063
v 2.405858 -0.082484 0.641770
v 2.447673 -0.097998 0.652974
v 2.493078 -0.099228 0.665204
v 2.545855 -0.089898 0.679346
v 2.754009 -0.059408 0.735120
v 2.760912 0.083521 0.358863
v 2.686579 0.097318 0.349077
v 2.613464 0.108302 0.339451
v 2.559292 0.115146 0.332319
v 2.512684 0.114241 0.326142
v 2.469764 0.102860 0.320491
v 2.424918 -0.038331 0.314587
v 2.469764 -0.082484 0.320491
v 2.512684 -0.097998 0.326142
v 2.559292 -0.099228 0.332319
v 2.613464 -0.089898 0.339451
v 2.827118 -0.059408 0.367579
v 1.930658 0.061724 -0.006367
v 1.878573 0.071309 -0.006367
v 1.827342 0.078940 -0.006367
v 1.789384 0.083695 -0.006367
v 1.756724 0.083066 -0.006382
v 1.726650 0.075159 -0.006382
v 1.695227 -0.022927 -0.006382
v 1.726650 -0.053600 -0.006382
v 1.756724 -0.064378 -0.006382
v 1.789384 -0.065233 -0.006367
v 1.827342 -0.058751 -0.006367
v 1.977049 -0.037569 -0.006367
v 1.914029 0.061724 -0.260090
v 1.862389 0.071309 -0.253292
v 1.811596 0.078940 -0.246605
v 1.773962 0.083695 -0.241650
v 1.741584 0.083066 -0.237387
v 1.711767 0.075159 -0.233462
v 1.680612 -0.022927 -0.229360
v 1.711767 -0.053600 -0.233462
v 1.741584 -0.064378 -0.237387
v 1.773962 -0.065233 -0.241650
v 1.848684 -0.059235 -0.251487
v 1.960023 -0.037569 -0.266145
v 1.864424 0.061724 -0.509472
v 1.814113 0.071309 -0.495991
v 1.764628 0.078940 -0.482732
v 1.727962 0.083695 -0.472907
v 1.696420 0.083066 -0.464440
v 1.667370 0.075159 -0.456657
v 1.637018 -0.022927 -0.448524
v 1.667370 -0.053600 -0.456657
v 1.696420 -0.064378 -0.464440
v 1.727962 -0.065233 -0.472907
v 1.764628 -0.058751 -0.482732
v 1.909234 -0.037569 -0.521479
v 1.782692 0.061724 -0.750246
v 1.734572 0.071309 -0.730313
v 1.687240 0.078940 -0.710708
v 1.652171 0.083695 -0.696182
v 1.622006 0.083066 -0.683656
v 1.594221 0.055493 -0.672147
v 1.565190 -0.022927 -0.660122
v 1.594221 -0.053600 -0.672147
v 1.622006 -0.064378 -0.683656
v 1.652171 -0.065233 -0.696182
v 1.687240 -0.058751 -0.710708
v 1.825552 -0.037569 -0.767999
v 1.670232 0.061724 -0.978291
v 1.625125 0.071309 -0.952249
v 1.580757 0.078940 -0.926633
v 1.547884 0.083695 -0.907654
v 1.519615 0.083066 -0.891284
v 1.493570 0.075159 -0.876247
v 1.466357 -0.022927 -0.860535
v 1.493570 -0.053600 -0.876247
v 1.519615 -0.064378 -0.891284
v 1.547884 -0.065233 -0.907654
v 1.580757 -0.058751 -0.926633
v 1.710407 -0.037569 -1.001487
v 1.528969 0.061724 -1.189707
v 1.487647 0.071309 -1.158000
v 1.447002 0.078940 -1.126812
v 1.416888 0.083695 -1.103704
v 1.391000 0.083066 -1.083770
v 1.367141 0.075159 -1.065462
v 1.342211 -0.022927 -1.046333
v 1.367141 -0.053600 -1.065462
v 1.391000 -0.064378 -1.083770
v 1.416888 -0.065233 -1.103704
v 1.447002 -0.058751 -1.126812
v 1.565773 -0.037569 -1.217948
v 1.361318 0.061724 -1.380876
v 1.324488 0.071309 -1.344046
v 1.288262 0.078940 -1.307820
v 1.261422 0.083695 -1.280979
v 1.238361 0.083066 -1.257822
v 1.217095 0.075159 -1.236557
v 1.194875 -0.022927 -1.214337
v 1.217095 -0.053600 -1.236557
v 1.238361 -0.064378 -1.257822
v 1.261422 -0.065233 -1.280979
v 1.288262 -0.058751 -1.307820
v 1.394121 -0.037569 -1.413679
v 1.170150 0.061724 -1.548526
v 1.138443 0.071309 -1.507204
v 1.107255 0.078940 -1.466559
v 1.084147 0.083695 -1.436445
v 1.064309 0.083066 -1.410461
v 1.046001 0.075159 -1.386602
v 1.026871 -0.022927 -1.361672
v 1.046001 -0.053600 -1.386602
v 1.064309 -0.064378 -1.410461
v 1.084147 -0.065233 -1.436445
v 1.107255 -0.058751 -1.466559
v 1.198391 -0.037569 -1.585330
v 0.958734 0.061724 -1.689790
v 0.932691 0.071309 -1.644683
v 0.907076 0.078940 -1.600315
v 0.888097 0.083695 -1.567442
v 0.871822 0.083066 -1.539077
v 0.856785 0.075159 -1.513032
v 0.841073 -0.022927 -1.485819
v 0.856785 -0.053600 -1.513032
v 0.871822 -0.064378 -1.539077
v 0.888097 -0.065233 -1.567442
v 0.907076 -0.058751 -1.600315
v 0.981929 -0.037569 -1.729965
v 0.730689 0.061724 -1.802249
v 0.710757 0.071309 -1.754128
v 0.691151 0.078940 -1.706797
v 0.676625 0.083695 -1.671728
v 0.664195 0.083066 -1.641467
v 0.652687 0.075159 -1.613682
v 0.640661 -0.022927 -1.584651
v 0.652687 -0.053600 -1.613682
v 0.664195 -0.064378 -1.641467
v 0.676625 -0.065233 -1.671728
v 0.691151 -0.058751 -1.706797
v 0.748442 -0.037569 -1.845108
v 0.489915 0.061724 -1.883981
v 0.476434 0.071309 -1.833670
v 0.463175 0.078940 -1.784185
v 0.453350 0.083695 -1.747520
v 0.444979 0.083066 -1.715881
v 0.437195 0.075159 -1.686832
v 0.429063 -0.022927 -1.656479
v 0.437195 -0.053600 -1.686832
v 0.444979 -0.064378 -1.715881
v 0.453350 -0.065233 -1.747520
v 0.463175 -0.058751 -1.784185
v 0.501922 -0.037569 -1.928791
v 0.240533 0.061724 -1.933586
v 0.233734 0.071309 -1.881946
v 0.227047 0.078940 -1.831153
v 0.222092 0.083695 -1.793520
v 0.217926 0.083066 -1.761045
v 0.214000 0.075159 -1.731228
v 0.209899 -0.022927 -1.700074
v 0.214000 -0.053600 -1.731228
v 0.217926 -0.064378 -1.761045
v 0.222092 -0.065233 -1.793520
v 0.227047 -0.058751 -1.831153
v 0.246588 -0.037569 -1.979580
v -0.013190 0.061724 -1.950216
v -0.013190 0.071309 -1.898130
v -0.013190 0.078940 -1.846900
v -0.013190 0.083695 -1.808941
v -0.013080 0.083066 -1.776186
v -0.013080 0.075159 -1.746112
v -0.013080 -0.022927 -1.714688
v -0.013080 -0.053600 -1.746112
v -0.013080 -0.064378 -1.776186
v -0.013190 -0.065233 -1.808941
v -0.013190 -0.058751 -1.846900
v -0.013190 -0.037569 -1.996606
v -0.266914 0.061724 -1.933586
v -0.260115 0.071309 -1.881946
v -0.253428 0.078940 -1.831153
v -0.248474 0.083695 -1.793520
v -0.244086 0.083066 -1.761045
v -0.240160 0.075159 -1.731228
v -0.236059 -0.022927 -1.700073
v -0.240160 -0.053600 -1.731228
v -0.244086 -0.064378 -1.761045
v -0.248474 -0.065233 -1.793520
v -0.253428 -0.058751 -1.831153
v -0.272969 -0.037569 -1.979580
v -0.516295 0.061724 -1.883981
v -0.502814 0.071309 -1.833670
v -0.489555 0.078940 -1.784185
v -0.479731 0.083695 -1.747520
v -0.471139 0.083066 -1.715881
v -0.463355 0.075159 -1.686832
v -0.455222 -0.022927 -1.656479
v -0.463355 -0.053600 -1.686832
v -0.471139 -0.064378 -1.715881
v -0.479731 -0.065233 -1.747520
v -0.489555 -0.058751 -1.784185
v -0.528302 -0.037569 -1.928791
v -0.757069 0.061724 -1.802249
v -0.737137 0.071309 -1.754129
v -0.717532 0.078940 -1.706797
v -0.703006 0.083695 -1.671728
v -0.690355 0.083066 -1.641467
v -0.677944 0.052867 -1.611552
v -0.666821 -0.022927 -1.584651
v -0.678846 -0.053600 -1.613683
v -0.690355 -0.064378 -1.641467
v -0.703006 -0.065233 -1.671728
v -0.717532 -0.058751 -1.706797
v -0.774822 -0.037569 -1.845109
v -0.985114 0.061724 -1.689790
v -0.959072 0.071309 -1.644683
v -0.933456 0.078940 -1.600315
v -0.914477 0.083695 -1.567442
v -0.897982 0.083066 -1.539077
v -0.882945 0.075159 -1.513032
v -0.867233 -0.022927 -1.485819
v -0.882945 -0.053600 -1.513032
v -0.897982 -0.064378 -1.539077
v -0.914477 -0.065233 -1.567442
v -0.933456 -0.058751 -1.600315
v -1.008310 -0.037569 -1.729965
v -1.196530 0.061724 -1.548526
v -1.164823 0.071309 -1.507204
v -1.133635 0.078940 -1.466559
v -1.110528 0.083695 -1.436445
v -1.090468 0.083066 -1.410462
v -1.072160 0.075159 -1.386602
v -1.053031 -0.022927 -1.361673
v -1.072160 -0.053600 -1.386602
v -1.090468 -0.064378 -1.410462
v -1.110528 -0.065233 -1.436445
v -1.133635 -0.058751 -1.466559
v -1.224771 -0.037569 -1.585330
v -1.387699 0.061724 -1.380875
v -1.350869 0.071309 -1.344046
v -1.314643 0.078940 -1.307819
v -1.287803 0.083695 -1.280979
v -1.264521 0.083066 -1.257822
v -1.243255 0.075159 -1.236556
v -1.221035 -0.022927 -1.214337
v -1.243255 -0.053600 -1.236556
v -1.264521 -0.064378 -1.257822
v -1.287803 -0.065233 -1.280979
v -1.314643 -0.058751 -1.307819
v -1.420502 -0.037569 -1.413678
v -1.555349 0.061724 -1.189707
v -1.514027 0.071309 -1.158000
v -1.473383 0.078940 -1.126812
v -1.443268 0.083695 -1.103704
v -1.417160 0.083066 -1.083770
v -1.393300 0.075159 -1.065462
v -1.368371 -0.022927 -1.046333
v -1.393300 -0.053600 -1.065462
v -1.417160 -0.064378 -1.083770
v -1.443268 -0.065233 -1.103704
v -1.473383 -0.058751 -1.126812
v -1.592153 -0.037569 -1.217948
v -1.696612 0.061724 -0.978292
v -1.651505 0.071309 -0.952249
v -1.607138 0.078940 -0.926634
v -1.574265 0.083695 -0.907654
v -1.545775 0.083066 -0.891284
v -1.519730 0.075159 -0.876247
v -1.492517 -0.022927 -0.860535
v -1.519730 -0.053600 -0.876247
v -1.545775 -0.064378 -0.891284
v -1.574265 -0.065233 -0.907654
v -1.607138 -0.058751 -0.926634
v -1.736788 -0.037569 -1.001487
v -1.809072 0.061724 -0.750246
v -1.760952 0.071309 -0.730314
v -1.713620 0.078940 -0.710708
v -1.678551 0.083695 -0.696182
v -1.648166 0.083066 -0.683656
v -1.620381 0.075159 -0.672148
v -1.591349 -0.022927 -0.660122
v -1.620381 -0.053600 -0.672148
v -1.648166 -0.064378 -0.683656
v -1.678551 -0.065233 -0.696182
v -1.713620 -0.058751 -0.710708
v -1.851932 -0.037569 -0.767999
v -1.890804 0.061724 -0.509472
v -1.840494 0.071309 -0.495991
v -1.791008 0.078940 -0.482732
v -1.754343 0.083695 -0.472907
v -1.722579 0.083066 -0.464440
v -1.693530 0.075159 -0.456657
v -1.663177 -0.022927 -0.448524
v -1.693530 -0.053600 -0.456657
v -1.722579 -0.064378 -0.464440
v -1.754343 -0.065233 -0.472907
v -1.791008 -0.058751 -0.482732
v -1.935614 -0.037569 -0.521479
v -1.940409 0.061724 -0.260090
v -1.888770 0.071309 -0.253292
v -1.837976 0.078940 -0.246605
v -1.800343 0.083695 -0.241650
v -1.767743 0.083066 -0.237388
v -1.737926 0.075159 -0.233462
v -1.706772 -0.022927 -0.229361
v -1.737926 -0.053600 -0.233462
v -1.767743 -0.064378 -0.237388
v -1.800343 -0.065233 -0.241650
v -1.837976 -0.058751 -0.246605
v -1.986403 -0.037569 -0.266146
v -1.957039 0.061724 -0.006367
v -1.904954 0.071309 -0.006367
v -1.853722 0.078940 -0.006367
v -1.815764 0.083695 -0.006367
v -1.782884 0.083066 -0.006382
v -1.752810 0.075159 -0.006382
v -1.721387 -0.022927 -0.006382
v -1.752810 -0.053600 -0.006382
v -1.782884 -0.064378 -0.006382
v -1.815764 -0.065233 -0.006367
v -1.853722 -0.058751 -0.006367
v -2.003429 -0.037569 -0.006367
v -1.940409 0.061724 0.247356
v -1.888769 0.071309 0.240558
v -1.837976 0.078940 0.233871
v -1.800343 0.083695 0.228916
v -1.767743 0.083066 0.224625
v -1.737926 0.075159 0.220699
v -1.706772 -0.022927 0.216597
v -1.737926 -0.053600 0.220699
v -1.767743 -0.064378 0.224625
v -1.800343 -0.065233 0.228916
v -1.837976 -0.058751 0.233871
v -1.986403 -0.037569 0.253412
v -1.890804 0.061724 0.496738
v -1.840494 0.071309 0.483257
v -1.791008 0.078940 0.469998
v -1.754343 0.083695 0.460173
v -1.722579 0.083066 0.451677
v -1.693530 0.075159 0.443894
v -1.663177 -0.022927 0.435761
v -1.693530 -0.053600 0.443894
v -1.722579 -0.064378 0.451677
v -1.754343 -0.065233 0.460173
v -1.791008 -0.058751 0.469998
v -1.935614 -0.037569 0.508745
v -1.809073 0.061724 0.737511
v -1.760952 0.071309 0.717579
v -1.713621 0.078940 0.697974
v -1.678552 0.083695 0.683448
v -1.648166 0.083066 0.670893
v -1.620381 0.075159 0.659384
v -1.591350 -0.022927 0.647359
v -1.620381 -0.053600 0.659384
v -1.648166 -0.064378 0.670893
v -1.678552 -0.065233 0.683448
v -1.713621 -0.058751 0.697974
v -1.851932 -0.037569 0.755264
v -1.696613 0.061724 0.965557
v -1.651506 0.071309 0.939514
v -1.607138 0.078940 0.913899
v -1.574265 0.083695 0.894920
v -1.545776 0.083066 0.878520
v -1.519731 0.075159 0.863483
v -1.492517 -0.022927 0.847772
v -1.519731 -0.053600 0.863483
v -1.545776 -0.064378 0.878520
v -1.574265 -0.065233 0.894920
v -1.607138 -0.058751 0.913899
v -1.736788 -0.037569 0.988752
v -1.555349 0.061724 1.176973
v -1.514027 0.071309 1.145266
v -1.473383 0.078940 1.114078
v -1.443268 0.083695 1.090971
v -1.417160 0.083066 1.071007
v -1.393301 0.075159 1.052699
v -1.368371 -0.022927 1.033570
v -1.393301 -0.053600 1.052699
v -1.417160 -0.064378 1.071007
v -1.443268 -0.065233 1.090971
v -1.473383 -0.058751 1.114078
v -1.592153 -0.037569 1.205214
v -1.387699 0.061724 1.368141
v -1.350870 0.071309 1.331311
v -1.314644 0.078940 1.295086
v -1.287803 0.083695 1.268245
v -1.264521 0.083066 1.245059
v -1.243255 0.075159 1.223793
v -1.221035 -0.022927 1.201574
v -1.243255 -0.053600 1.223793
v -1.264521 -0.064378 1.245059
v -1.287803 -0.065233 1.268245
v -1.314644 -0.058751 1.295086
v -1.420503 -0.037569 1.400944
v -1.196531 0.061724 1.535791
v -1.164824 0.071309 1.494469
v -1.133636 0.078940 1.453825
v -1.110529 0.083695 1.423711
v -1.090469 0.083066 1.397698
v -1.072161 0.075159 1.373839
v -1.053032 -0.022927 1.348909
v -1.072161 -0.053600 1.373839
v -1.090469 -0.064378 1.397698
v -1.110529 -0.065233 1.423711
v -1.133636 -0.058751 1.453825
v -1.224772 -0.037569 1.572596
v -0.985114 0.061724 1.677056
v -0.959072 0.071309 1.631949
v -0.933456 0.078940 1.587581
v -0.914477 0.083695 1.554708
v -0.897982 0.083066 1.526314
v -0.882945 0.075159 1.500269
v -0.867233 -0.022927 1.473056
v -0.882945 -0.053600 1.500269
v -0.897982 -0.064378 1.526314
v -0.914477 -0.065233 1.554708
v -0.933456 -0.058751 1.587581
v -1.008310 -0.037569 1.717231
v -0.757069 0.061724 1.789515
v -0.737137 0.071309 1.741395
v -0.717532 0.078940 1.694063
v -0.703006 0.083695 1.658994
v -0.690355 0.083066 1.628704
v -0.678846 0.075159 1.600919
v -0.666821 -0.022927 1.571888
v -0.678846 -0.053600 1.600919
v -0.690355 -0.064378 1.628704
v -0.703006 -0.065233 1.658994
v -0.717532 -0.058751 1.694063
v -0.774822 -0.037569 1.832375
v -0.516296 0.061724 1.871247
v -0.502815 0.071309 1.820936
v -0.489556 0.078940 1.771451
v -0.479731 0.083695 1.734786
v -0.471139 0.083066 1.703118
v -0.463356 0.075159 1.674068
v -0.455223 -0.022927 1.643716
v -0.463356 -0.053600 1.674068
v -0.471139 -0.064378 1.703118
v -0.479731 -0.065233 1.734786
v -0.489556 -0.058751 1.771451
v -0.528303 -0.037569 1.916056
v -0.266915 0.061724 1.920852
v -0.260116 0.071309 1.869212
v -0.253429 0.078940 1.818419
v -0.248475 0.083695 1.780786
v -0.244087 0.083066 1.748281
v -0.240161 0.075159 1.718465
v -0.236060 -0.022927 1.687310
v -0.240161 -0.053600 1.718465
v -0.244087 -0.064378 1.748281
v -0.248475 -0.065233 1.780786
v -0.253429 -0.058751 1.818419
v -0.272970 -0.037569 1.966846
v -0.013190 0.061724 1.937482
v -0.013190 0.071309 1.885396
v -0.013190 0.078940 1.834165
v -0.013190 0.083695 1.796207
v -0.013080 0.083066 1.763423
v -0.013080 0.075159 1.733349
v -0.013080 -0.022927 1.701926
v -0.013080 -0.053600 1.733349
v -0.013080 -0.064378 1.763423
v -0.013190 -0.065233 1.796207
v -0.013190 -0.058751 1.834165
v -0.013190 -0.037569 1.983872
v 0.240533 0.061724 1.920852
v 0.233734 0.071309 1.869213
v 0.227047 0.078940 1.818420
v 0.222092 0.083695 1.780786
v 0.217926 0.083066 1.748282
v 0.214000 0.075159 1.718465
v 0.209899 -0.022927 1.687311
v 0.214000 -0.053600 1.718465
v 0.217926 -0.064378 1.748282
v 0.222092 -0.065233 1.780786
v 0.227047 -0.058751 1.818420
v 0.246588 -0.037569 1.966846
v 0.489914 0.061724 1.871247
v 0.476433 0.071309 1.820937
v 0.463174 0.078940 1.771451
v 0.453349 0.083695 1.734786
v 0.444978 0.083066 1.703118
v 0.437195 0.075159 1.674069
v 0.429062 -0.022927 1.643717
v 0.437195 -0.053600 1.674069
v 0.444978 -0.064378 1.703118
v 0.453349 -0.065233 1.734786
v 0.463174 -0.058751 1.771451
v 0.501921 -0.037569 1.916057
v 0.730689 0.061724 1.789515
v 0.710757 0.071309 1.741395
v 0.691151 0.078940 1.694063
v 0.676625 0.083695 1.658994
v 0.664195 0.083066 1.628704
v 0.652686 0.075159 1.600919
v 0.640661 -0.022927 1.571888
v 0.652686 -0.053600 1.600919
v 0.664195 -0.064378 1.628704
v 0.676625 -0.065233 1.658994
v 0.691151 -0.058751 1.694063
v 0.748442 -0.037569 1.832374
v 0.958734 0.061724 1.677056
v 0.932691 0.071309 1.631948
v 0.907076 0.078940 1.587581
v 0.888097 0.083695 1.554708
v 0.871822 0.083066 1.526314
v 0.856785 0.075159 1.500269
v 0.841074 -0.022927 1.473056
v 0.856785 -0.053600 1.500269
v 0.871822 -0.064378 1.526314
v 0.888097 -0.065233 1.554708
v 0.907076 -0.058751 1.587581
v 0.981929 -0.037569 1.717231
v 1.170150 0.061724 1.535792
v 1.138442 0.071309 1.494470
v 1.107254 0.078940 1.453826
v 1.084147 0.083695 1.423712
v 1.064308 0.083066 1.397699
v 1.046000 0.075159 1.373839
v 1.026871 -0.022927 1.348910
v 1.046000 -0.053600 1.373839
v 1.064308 -0.064378 1.397699
v 1.084147 -0.065233 1.423712
v 1.107254 -0.058751 1.453826
v 1.198390 -0.037569 1.572597
v 1.361318 0.061724 1.368143
v 1.324488 0.071309 1.331313
v 1.288262 0.078940 1.295087
v 1.261421 0.083695 1.268246
v 1.238360 0.083066 1.245060
v 1.217094 0.077753 1.223794
v 1.194875 -0.022927 1.201575
v 1.217094 -0.053600 1.223794
v 1.238360 -0.064378 1.245060
v 1.261421 -0.065233 1.268246
v 1.288262 -0.058751 1.295087
v 1.394121 -0.037569 1.400946
v 1.528969 0.061724 1.176973
v 1.487647 0.071309 1.145266
v 1.447002 0.078940 1.114078
v 1.416888 0.083695 1.090971
v 1.391000 0.083066 1.071007
v 1.367141 0.075159 1.052699
v 1.342211 -0.022927 1.033570
v 1.367141 -0.053600 1.052699
v 1.391000 -0.064378 1.071007
v 1.416888 -0.065233 1.090971
v 1.447002 -0.058751 1.114078
v 1.565773 -0.037569 1.205214
v 1.670232 0.061724 0.965558
v 1.625125 0.071309 0.939515
v 1.580758 0.078940 0.913899
v 1.547884 0.083695 0.894920
v 1.519615 0.083066 0.878521
v 1.493571 0.075159 0.863484
v 1.466357 -0.022927 0.847772
v 1.493571 -0.053600 0.863484
v 1.519615 -0.064378 0.878521
v 1.547884 -0.065233 0.894920
v 1.580758 -0.058751 0.913899
v 1.710407 -0.037569 0.988753
v 1.782692 0.061724 0.737513
v 1.734571 0.071309 0.717580
v 1.687240 0.078940 0.697975
v 1.652171 0.083695 0.683449
v 1.622006 0.083066 0.670894
v 1.594221 0.075159 0.659385
v 1.565190 -0.022927 0.647360
v 1.594221 -0.053600 0.659385
v 1.622006 -0.064378 0.670894
v 1.652171 -0.065233 0.683449
v 1.687240 -0.058751 0.697975
v 1.825551 -0.037569 0.755265
v 1.864424 0.061724 0.496738
v 1.814113 0.071309 0.483257
v 1.764628 0.078940 0.469997
v 1.727963 0.083695 0.460173
v 1.696420 0.083066 0.451677
v 1.667371 0.075159 0.443893
v 1.637018 -0.022927 0.435760
v 1.667371 -0.053600 0.443893
v 1.696420 -0.064378 0.451677
v 1.727963 -0.065233 0.460173
v 1.764628 -0.058751 0.469997
v 1.909233 -0.037569 0.508744
v 1.914029 0.061724 0.247356
v 1.862389 0.071309 0.240558
v 1.811596 0.078940 0.233871
v 1.773962 0.083695 0.228916
v 1.741583 0.083066 0.224624
v 1.711767 0.075159 0.220699
v 1.680612 -0.022927 0.216597
v 1.711767 -0.053600 0.220699
v 1.741583 -0.064378 0.224624
v 1.773962 -0.065233 0.228916
v 1.811596 -0.058751 0.233871
v 1.960023 -0.037569 0.253411
vn -0.0000 -0.9994 -0.0353
vn -0.0882 -0.9936 -0.0712
vn 0.0336 -0.9994 -0.0109
vn 0.0208 -0.9994 0.0286
vn -0.0208 -0.9994 0.0286
vn -0.2279 -0.9610 -0.1565
vn 0.0784 -0.9610 -0.2651
vn 0.0045 -0.9999 0.0143
vn 0.0924 -0.9610 0.2606
vn -0.2193 -0.9610 0.1684
vn -0.3660 -0.7827 -0.5034
vn 0.3657 -0.7827 -0.5036
vn 0.0078 -0.9895 0.1441
vn -0.0000 -1.0000 0.0042
vn -0.0078 -0.9895 0.1441
vn -0.0295 0.9936 -0.1095
vn 0.0950 0.9936 -0.0619
vn 0.0882 0.9936 0.0712
vn -0.0405 0.9936 0.1059
vn -0.1132 0.9936 -0.0058
vn -0.0336 0.9994 0.0109
vn -0.0729 0.9971 0.0237
vn -0.0881 0.9936 0.0713
vn -0.0000 0.9994 0.0353
vn -0.0000 0.9971 0.0767
vn 0.0406 0.9936 0.1059
vn 0.0336 0.9994 0.0109
vn 0.0729 0.9971 0.0237
vn 0.1132 0.9936 -0.0059
vn 0.0208 0.9994 -0.0286
vn 0.0451 0.9971 -0.0621
vn 0.0294 0.9936 -0.1095
vn -0.0208 0.9994 -0.0286
vn -0.0451 0.9971 -0.0620
vn -0.0950 0.9936 -0.0618
vn -0.0045 0.9999 -0.0143
vn -0.0087 0.9869 0.1608
vn -0.2278 0.9610 0.1566
vn -0.0784 0.9610 0.2651
vn -0.0000 1.0000 0.0049
vn 0.0786 0.9610 0.2650
vn 0.2279 0.9610 0.1565
vn 0.0087 0.9869 0.1608
vn 0.0045 0.9999 -0.0143
vn 0.2193 0.9610 -0.1684
vn 0.2740 0.8846 -0.3774
vn 0.0922 0.9610 -0.2606
vn -0.0924 0.9610 -0.2606
vn -0.2742 0.8846 -0.3772
vn -0.2194 0.9610 -0.1682
vn -0.3657 0.7827 0.5036
vn -0.2740 -0.8846 0.3774
vn -0.0922 -0.9610 0.2606
vn 0.3660 0.7827 0.5034
vn 0.2742 -0.8846 0.3772
vn 0.2194 -0.9610 0.1682
vn 0.0078 0.9895 -0.1441
vn 0.0087 -0.9869 -0.1608
vn 0.2278 -0.9610 -0.1566
vn -0.0000 1.0000 -0.0042
vn -0.0000 -1.0000 -0.0049
vn -0.0786 -0.9610 -0.2650
vn -0.0078 0.9895 -0.1441
vn -0.0087 -0.9869 -0.1608
vn -0.0045 -0.9999 0.0143
vn -0.0950 -0.9936 0.0619
vn -0.0451 -0.9971 0.0621
vn -0.0294 -0.9936 0.1095
vn 0.0295 -0.9936 0.1095
vn 0.0451 -0.9971 0.0620
vn 0.0950 -0.9936 0.0618
vn 0.1132 -0.9936 0.0058
vn 0.0729 -0.9971 -0.0237
vn 0.0881 -0.9936 -0.0713
vn -0.1132 -0.9936 0.0059
vn -0.0729 -0.9971 -0.0237
vn -0.0336 -0.9994 -0.0109
vn 0.0405 -0.9936 -0.1059
vn -0.0000 -0.9971 -0.0767
vn -0.0406 -0.9936 -0.1059
vn 0.1810 0.9834 -0.0119
vn 0.1473 0.9890 -0.0097
vn 0.1243 0.9922 -0.0081
vn -0.0192 0.9998 0.0013
vn -0.2542 0.9670 0.0167
vn -0.9505 0.3045 0.0623
vn -0.6978 -0.7149 0.0457
vn -0.3373 -0.9411 0.0221
vn -0.0261 -0.9997 0.0017
vn 0.1103 -0.9939 0.0024
vn 0.1621 -0.9868 0.0023
vn 0.9044 0.4225 -0.0593
vn 0.1779 0.9834 -0.0354
vn 0.1448 0.9890 -0.0288
vn 0.1222 0.9922 -0.0243
vn -0.0189 0.9998 0.0038
vn -0.2499 0.9670 0.0497
vn -0.9342 0.3045 0.1858
vn -0.6858 -0.7149 0.1364
vn -0.3315 -0.9411 0.0659
vn -0.0257 -0.9997 0.0051
vn 0.1059 -0.9939 -0.0308
vn 0.1560 -0.9868 -0.0442
vn 0.8889 0.4225 -0.1768
vn 0.1717 0.9834 -0.0583
vn 0.1398 0.9890 -0.0475
vn 0.1179 0.9922 -0.0400
vn -0.0183 0.9998 0.0062
vn -0.4934 0.8603 0.1286
vn -0.8969 0.3348 0.2890
vn -0.6622 -0.7149 0.2248
vn -0.3201 -0.9411 0.1087
vn -0.0248 -0.9997 0.0084
vn 0.1597 -0.9857 -0.0542
vn 0.1329 -0.9901 -0.0451
vn 0.8582 0.4225 -0.2913
vn 0.1626 0.9834 -0.0802
vn 0.1324 0.9890 -0.0653
vn 0.1117 0.9922 -0.0551
vn -0.0173 0.9998 0.0085
vn -0.4398 0.8603 0.2580
vn -0.8386 0.3348 0.4298
vn -0.6272 -0.7149 0.3093
vn -0.3032 -0.9411 0.1495
vn -0.0235 -0.9997 0.0116
vn 0.1513 -0.9857 -0.0746
vn 0.1259 -0.9901 -0.0621
vn 0.8129 0.4225 -0.4009
vn 0.1508 0.9834 -0.1008
vn 0.1228 0.9890 -0.0820
vn 0.1036 0.9922 -0.0692
vn -0.0160 0.9998 0.0107
vn -0.2118 0.9670 0.1415
vn -0.7920 0.3045 0.5292
vn -0.5814 -0.7149 0.3885
vn -0.2811 -0.9411 0.1878
vn -0.0218 -0.9997 0.0146
vn 0.1402 -0.9857 -0.0937
vn 0.1167 -0.9901 -0.0780
vn 0.7536 0.4225 -0.5035
vn 0.1363 0.9834 -0.1196
vn 0.1110 0.9890 -0.0973
vn 0.0936 0.9922 -0.0821
vn -0.0145 0.9998 0.0127
vn -0.1915 0.9670 0.1680
vn -0.7161 0.3045 0.6280
vn -0.5257 -0.7149 0.4611
vn -0.2541 -0.9411 0.2229
vn -0.0197 -0.9997 0.0173
vn 0.1268 -0.9857 -0.1112
vn 0.1055 -0.9901 -0.0926
vn 0.6814 0.4225 -0.5976
vn 0.1196 0.9834 -0.1363
vn 0.0973 0.9890 -0.1110
vn 0.0821 0.9922 -0.0936
vn -0.0127 0.9998 0.0145
vn -0.1680 0.9670 0.1915
vn -0.6280 0.3045 0.7161
vn -0.4611 -0.7149 0.5257
vn -0.2229 -0.9411 0.2541
vn -0.0173 -0.9997 0.0197
vn 0.1112 -0.9857 -0.1268
vn 0.0926 -0.9901 -0.1055
vn 0.5976 0.4225 -0.6814
vn 0.1008 0.9834 -0.1508
vn 0.0820 0.9890 -0.1228
vn 0.0692 0.9922 -0.1036
vn -0.0107 0.9998 0.0160
vn -0.1415 0.9670 0.2118
vn -0.5292 0.3045 0.7920
vn -0.3885 -0.7149 0.5814
vn -0.1878 -0.9411 0.2811
vn -0.0145 -0.9997 0.0218
vn 0.0937 -0.9857 -0.1402
vn 0.0780 -0.9901 -0.1167
vn 0.5035 0.4225 -0.7536
vn 0.0802 0.9834 -0.1626
vn 0.0653 0.9890 -0.1324
vn 0.0551 0.9922 -0.1117
vn -0.0085 0.9998 0.0173
vn -0.1127 0.9670 0.2285
vn -0.4213 0.3045 0.8543
vn -0.3093 -0.7149 0.6272
vn -0.1495 -0.9411 0.3032
vn -0.0116 -0.9997 0.0235
vn 0.0746 -0.9857 -0.1513
vn 0.0621 -0.9901 -0.1259
vn 0.4009 0.4225 -0.8129
vn 0.0583 0.9834 -0.1717
vn 0.0475 0.9890 -0.1398
vn 0.0400 0.9922 -0.1179
vn -0.0062 0.9998 0.0182
vn -0.0819 0.9670 0.2412
vn -0.3062 0.3045 0.9020
vn -0.2248 -0.7149 0.6622
vn -0.1087 -0.9411 0.3201
vn -0.0084 -0.9997 0.0248
vn 0.0542 -0.9857 -0.1597
vn 0.0451 -0.9901 -0.1329
vn 0.2913 0.4225 -0.8582
vn 0.0354 0.9834 -0.1779
vn 0.0288 0.9890 -0.1448
vn 0.0243 0.9922 -0.1222
vn -0.0038 0.9998 0.0189
vn -0.0497 0.9670 0.2499
vn -0.1858 0.3045 0.9342
vn -0.1364 -0.7149 0.6858
vn -0.0659 -0.9411 0.3315
vn -0.0051 -0.9997 0.0256
vn 0.0329 -0.9857 -0.1654
vn 0.0274 -0.9901 -0.1377
vn 0.1768 0.4225 -0.8889
vn 0.0119 0.9834 -0.1810
vn 0.0097 0.9890 -0.1473
vn 0.0081 0.9922 -0.1243
vn -0.0013 0.9998 0.0192
vn -0.0167 0.9670 0.2542
vn -0.0623 0.3045 0.9505
vn -0.0457 -0.7149 0.6978
vn -0.0221 -0.9411 0.3373
vn -0.0017 -0.9997 0.0261
vn 0.0110 -0.9857 -0.1683
vn 0.0092 -0.9901 -0.1401
vn 0.0593 0.4225 -0.9044
vn -0.0119 0.9834 -0.1810
vn -0.0097 0.9890 -0.1473
vn -0.0081 0.9922 -0.1243
vn 0.0013 0.9998 0.0192
vn 0.0167 0.9670 0.2542
vn 0.0623 0.3045 0.9505
vn 0.0457 -0.7149 0.6978
vn 0.0221 -0.9411 0.3373
vn 0.0017 -0.9997 0.0261
vn -0.0110 -0.9857 -0.1683
vn -0.0092 -0.9901 -0.1401
vn -0.0593 0.4225 -0.9044
vn -0.0354 0.9834 -0.1779
vn -0.0288 0.9890 -0.1448
vn -0.0243 0.9922 -0.1222
vn 0.0037 0.9998 0.0189
vn 0.0497 0.9670 0.2499
vn 0.1858 0.3045 0.9342
vn 0.1364 -0.7149 0.6858
vn 0.0659 -0.9411 0.3315
vn 0.0051 -0.9997 0.0256
vn -0.0329 -0.9857 -0.1654
vn -0.0274 -0.9901 -0.1377
vn -0.1768 0.4225 -0.8889
vn -0.0583 0.9834 -0.1717
vn -0.0475 0.9890 -0.1398
vn -0.0400 0.9922 -0.1179
vn 0.0062 0.9998 0.0182
vn 0.1308 0.8525 0.5061
vn 0.2928 0.3281 0.8981
vn 0.2248 -0.7149 0.6622
vn 0.1087 -0.9411 0.3201
vn 0.0084 -0.9997 0.0247
vn -0.0542 -0.9857 -0.1597
vn -0.0451 -0.9901 -0.1329
vn -0.2913 0.4225 -0.8582
vn -0.0802 0.9834 -0.1626
vn -0.0653 0.9890 -0.1324
vn -0.0551 0.9922 -0.1117
vn 0.0085 0.9998 0.0172
vn 0.2653 0.8525 0.4504
vn 0.4280 0.3281 0.8421
vn 0.3093 -0.7149 0.6272
vn 0.1495 -0.9411 0.3032
vn 0.0115 -0.9997 0.0234
vn -0.0746 -0.9857 -0.1513
vn -0.0621 -0.9901 -0.1259
vn -0.4009 0.4225 -0.8129
vn -0.1008 0.9834 -0.1508
vn -0.0820 0.9890 -0.1228
vn -0.0692 0.9922 -0.1036
vn 0.0107 0.9998 0.0160
vn 0.1415 0.9670 0.2118
vn 0.5292 0.3045 0.7920
vn 0.3885 -0.7149 0.5814
vn 0.1878 -0.9411 0.2811
vn 0.0145 -0.9997 0.0217
vn -0.0937 -0.9857 -0.1402
vn -0.0780 -0.9901 -0.1167
vn -0.5035 0.4225 -0.7536
vn -0.1196 0.9834 -0.1363
vn -0.0973 0.9890 -0.1110
vn -0.0821 0.9922 -0.0936
vn 0.0127 0.9998 0.0144
vn 0.1680 0.9670 0.1915
vn 0.6280 0.3045 0.7161
vn 0.4611 -0.7149 0.5257
vn 0.2229 -0.9411 0.2541
vn 0.0172 -0.9997 0.0196
vn -0.1112 -0.9857 -0.1268
vn -0.0926 -0.9901 -0.1055
vn -0.5976 0.4225 -0.6814
vn -0.1363 0.9834 -0.1196
vn -0.1110 0.9890 -0.0973
vn -0.0936 0.9922 -0.0821
vn 0.0144 0.9998 0.0126
vn 0.1915 0.9670 0.1680
vn 0.7161 0.3045 0.6280
vn 0.5257 -0.7149 0.4611
vn 0.2541 -0.9411 0.2229
vn 0.0196 -0.9997 0.0172
vn -0.1268 -0.9857 -0.1112
vn -0.1055 -0.9901 -0.0926
vn -0.6814 0.4225 -0.5976
vn -0.1508 0.9834 -0.1008
vn -0.1228 0.9890 -0.0820
vn -0.1036 0.9922 -0.0692
vn 0.0159 0.9998 0.0107
vn 0.2118 0.9670 0.1415
vn 0.7920 0.3045 0.5292
vn 0.5814 -0.7149 0.3885
vn 0.2811 -0.9411 0.1878
vn 0.0217 -0.9997 0.0145
vn -0.1402 -0.9857 -0.0937
vn -0.1167 -0.9901 -0.0780
vn -0.7536 0.4225 -0.5035
vn -0.1626 0.9834 -0.0802
vn -0.1324 0.9890 -0.0653
vn -0.1117 0.9922 -0.0551
vn 0.0172 0.9998 0.0085
vn 0.2285 0.9670 0.1127
vn 0.8543 0.3045 0.4213
vn 0.6272 -0.7149 0.3093
vn 0.3032 -0.9411 0.1495
vn 0.0234 -0.9997 0.0115
vn -0.1513 -0.9857 -0.0746
vn -0.1259 -0.9901 -0.0621
vn -0.8129 0.4225 -0.4009
vn -0.1717 0.9834 -0.0583
vn -0.1398 0.9890 -0.0475
vn -0.1179 0.9922 -0.0400
vn 0.0181 0.9998 0.0062
vn 0.2412 0.9670 0.0819
vn 0.9020 0.3045 0.3062
vn 0.6622 -0.7149 0.2248
vn 0.3201 -0.9411 0.1087
vn 0.0247 -0.9997 0.0084
vn -0.1597 -0.9857 -0.0542
vn -0.1329 -0.9901 -0.0451
vn -0.8582 0.4225 -0.2913
vn -0.1779 0.9834 -0.0354
vn -0.1448 0.9890 -0.0288
vn -0.1222 0.9922 -0.0243
vn 0.0188 0.9998 0.0037
vn 0.2499 0.9670 0.0497
vn 0.9342 0.3045 0.1858
vn 0.6858 -0.7149 0.1364
vn 0.3315 -0.9411 0.0659
vn 0.0255 -0.9997 0.0051
vn -0.1654 -0.9857 -0.0329
vn -0.1377 -0.9901 -0.0274
vn -0.8889 0.4225 -0.1768
vn -0.1810 0.9834 -0.0119
vn -0.1473 0.9890 -0.0097
vn -0.1243 0.9922 -0.0081
vn 0.0191 0.9998 0.0013
vn 0.2542 0.9670 0.0167
vn 0.9505 0.3045 0.0623
vn 0.6978 -0.7149 0.0457
vn 0.3373 -0.9411 0.0221
vn 0.0260 -0.9997 0.0017
vn -0.1683 -0.9857 -0.0110
vn -0.1401 -0.9901 -0.0092
vn -0.9044 0.4225 -0.0593
vn -0.1810 0.9834 0.0119
vn -0.1473 0.9890 0.0097
vn -0.1243 0.9922 0.0081
vn 0.0191 0.9998 -0.0013
vn 0.2542 0.9670 -0.0167
vn 0.9505 0.3045 -0.0623
vn 0.6978 -0.7149 -0.0457
vn 0.3373 -0.9411 -0.0221
vn 0.0260 -0.9997 -0.0017
vn -0.1683 -0.9857 0.0110
vn -0.1401 -0.9901 0.0092
vn -0.9044 0.4225 0.0593
vn -0.1779 0.9834 0.0354
vn -0.1448 0.9890 0.0288
vn -0.1222 0.9922 0.0243
vn 0.0188 0.9998 -0.0037
vn 0.2499 0.9670 -0.0497
vn 0.9342 0.3045 -0.1858
vn 0.6858 -0.7149 -0.1364
vn 0.3315 -0.9411 -0.0659
vn 0.0255 -0.9997 -0.0051
vn -0.1654 -0.9857 0.0329
vn -0.1377 -0.9901 0.0274
vn -0.8889 0.4225 0.1768
vn -0.1717 0.9834 0.0583
vn -0.1398 0.9890 0.0475
vn -0.1179 0.9922 0.0400
vn 0.0181 0.9998 -0.0062
vn 0.2412 0.9670 -0.0819
vn 0.9020 0.3045 -0.3062
vn 0.6622 -0.7149 -0.2248
vn 0.3201 -0.9411 -0.1087
vn 0.0246 -0.9997 -0.0084
vn -0.1597 -0.9857 0.0542
vn -0.1329 -0.9901 0.0451
vn -0.8582 0.4225 0.2913
vn -0.1626 0.9834 0.0802
vn -0.1324 0.9890 0.0653
vn -0.1117 0.9922 0.0551
vn 0.0172 0.9998 -0.0085
vn 0.2285 0.9670 -0.1127
vn 0.8543 0.3045 -0.4213
vn 0.6272 -0.7149 -0.3093
vn 0.3032 -0.9411 -0.1495
vn 0.0233 -0.9997 -0.0115
vn -0.1513 -0.9857 0.0746
vn -0.1259 -0.9901 0.0621
vn -0.8129 0.4225 0.4009
vn -0.1508 0.9834 0.1008
vn -0.1228 0.9890 0.0820
vn -0.1036 0.9922 0.0692
vn 0.0159 0.9998 -0.0106
vn 0.2118 0.9670 -0.1415
vn 0.7920 0.3045 -0.5292
vn 0.5814 -0.7149 -0.3885
vn 0.2811 -0.9411 -0.1878
vn 0.0216 -0.9997 -0.0145
vn -0.1402 -0.9857 0.0937
vn -0.1167 -0.9901 0.0780
vn -0.7536 0.4225 0.5035
vn -0.1363 0.9834 0.1196
vn -0.1110 0.9890 0.0973
vn -0.0936 0.9922 0.0821
vn 0.0144 0.9998 -0.0126
vn 0.1915 0.9670 -0.1680
vn 0.7161 0.3045 -0.6280
vn 0.5257 -0.7149 -0.4611
vn 0.2541 -0.9411 -0.2229
vn 0.0196 -0.9997 -0.0172
vn -0.1268 -0.9857 0.1112
vn -0.1055 -0.9901 0.0926
vn -0.6814 0.4225 0.5976
vn -0.1196 0.9834 0.1363
vn -0.0973 0.9890 0.1110
vn -0.0821 0.9922 0.0936
vn 0.0126 0.9998 -0.0144
vn 0.1680 0.9670 -0.1915
vn 0.6280 0.3045 -0.7161
vn 0.4611 -0.7149 -0.5257
vn 0.2229 -0.9411 -0.2541
vn 0.0172 -0.9997 -0.0196
vn -0.1112 -0.9857 0.1268
vn -0.0926 -0.9901 0.1055
vn -0.5976 0.4225 0.6814
vn -0.1008 0.9834 0.1508
vn -0.0820 0.9890 0.1228
vn -0.0692 0.9922 0.1036
vn 0.0107 0.9998 -0.0159
vn 0.1415 0.9670 -0.2118
vn 0.5292 0.3045 -0.7920
vn 0.3885 -0.7149 -0.5814
vn 0.1878 -0.9411 -0.2811
vn 0.0145 -0.9997 -0.0217
vn -0.0937 -0.9857 0.1402
vn -0.0780 -0.9901 0.1167
vn -0.5035 0.4225 0.7536
vn -0.0802 0.9834 0.1626
vn -0.0653 0.9890 0.1324
vn -0.0551 0.9922 0.1117
vn 0.0085 0.9998 -0.0172
vn 0.1127 0.9670 -0.2285
vn 0.4213 0.3045 -0.8543
vn 0.3093 -0.7149 -0.6272
vn 0.1495 -0.9411 -0.3032
vn 0.0115 -0.9997 -0.0234
vn -0.0746 -0.9857 0.1513
vn -0.0621 -0.9901 0.1259
vn -0.4009 0.4225 0.8129
vn -0.0583 0.9834 0.1717
vn -0.0475 0.9890 0.1398
vn -0.0400 0.9922 0.1179
vn 0.0062 0.9998 -0.0182
vn 0.0819 0.9670 -0.2412
vn 0.3062 0.3045 -0.9020
vn 0.2248 -0.7149 -0.6622
vn 0.1087 -0.9411 -0.3201
vn 0.0084 -0.9997 -0.0247
vn -0.0542 -0.9857 0.1597
vn -0.0451 -0.9901 0.1329
vn -0.2913 0.4225 0.8582
vn -0.0354 0.9834 0.1779
vn -0.0288 0.9890 0.1448
vn -0.0243 0.9922 0.1222
vn 0.0037 0.9998 -0.0188
vn 0.0497 0.9670 -0.2499
vn 0.1858 0.3045 -0.9342
vn 0.1364 -0.7149 -0.6858
vn 0.0659 -0.9411 -0.3315
vn 0.0051 -0.9997 -0.0256
vn -0.0329 -0.9857 0.1654
vn -0.0274 -0.9901 0.1377
vn -0.1768 0.4225 0.8889
vn -0.0119 0.9834 0.1810
vn -0.0097 0.9890 0.1473
vn -0.0081 0.9922 0.1243
vn 0.0013 0.9998 -0.0192
vn 0.0167 0.9670 -0.2542
vn 0.0623 0.3045 -0.9505
vn 0.0457 -0.7149 -0.6978
vn 0.0221 -0.9411 -0.3373
vn 0.0017 -0.9997 -0.0260
vn -0.0110 -0.9857 0.1683
vn -0.0092 -0.9901 0.1401
vn -0.0593 0.4225 0.9044
vn 0.0119 0.9834 0.1810
vn 0.0097 0.9890 0.1473
vn 0.0081 0.9922 0.1243
vn -0.0013 0.9998 -0.0192
vn -0.0167 0.9670 -0.2542
vn -0.0623 0.3045 -0.9505
vn -0.0457 -0.7149 -0.6978
vn -0.0221 -0.9411 -0.3373
vn -0.0017 -0.9997 -0.0261
vn 0.0110 -0.9857 0.1683
vn 0.0092 -0.9901 0.1401
vn 0.0593 0.4225 0.9044
vn 0.0354 0.9834 0.1779
vn 0.0288 0.9890 0.1448
vn 0.0243 0.9922 0.1222
vn -0.0038 0.9998 -0.0189
vn -0.0497 0.9670 -0.2499
vn -0.1858 0.3045 -0.9342
vn -0.1364 -0.7149 -0.6858
vn -0.0659 -0.9411 -0.3315
vn -0.0051 -0.9997 -0.0256
vn 0.0329 -0.9857 0.1654
vn 0.0274 -0.9901 0.1377
vn 0.1768 0.4225 0.8889
vn 0.0583 0.9834 0.1717
vn 0.0475 0.9890 0.1398
vn 0.0400 0.9922 0.1179
vn -0.0062 0.9998 -0.0182
vn -0.0819 0.9670 -0.2412
vn -0.3062 0.3045 -0.9020
vn -0.2248 -0.7149 -0.6622
vn -0.1087 -0.9411 -0.3201
vn -0.0084 -0.9997 -0.0247
vn 0.0542 -0.9857 0.1597
vn 0.0451 -0.9901 0.1329
vn 0.2913 0.4225 0.8582
vn 0.0802 0.9834 0.1626
vn 0.0653 0.9890 0.1324
vn 0.0551 0.9922 0.1117
vn -0.0085 0.9998 -0.0173
vn -0.1127 0.9670 -0.2285
vn -0.4213 0.3045 -0.8543
vn -0.3093 -0.7149 -0.6272
vn -0.1495 -0.9411 -0.3032
vn -0.0116 -0.9997 -0.0234
vn 0.0746 -0.9857 0.1513
vn 0.0621 -0.9901 0.1259
vn 0.4009 0.4225 0.8129
vn 0.1008 0.9834 0.1508
vn 0.0820 0.9890 0.1228
vn 0.0692 0.9922 0.1036
vn -0.0107 0.9998 -0.0160
vn -0.1415 0.9670 -0.2118
vn -0.5292 0.3045 -0.7920
vn -0.3885 -0.7149 -0.5814
vn -0.1878 -0.9411 -0.2811
vn -0.0145 -0.9997 -0.0217
vn 0.0937 -0.9857 0.1402
vn 0.0780 -0.9901 0.1167
vn 0.5035 0.4225 0.7536
vn 0.1196 0.9834 0.1363
vn 0.0973 0.9890 0.1110
vn 0.0821 0.9922 0.0936
vn -0.0127 0.9998 -0.0145
vn -0.1460 0.9766 -0.1581
vn -0.6301 0.3009 -0.7159
vn -0.4611 -0.7149 -0.5257
vn -0.2229 -0.9411 -0.2541
vn -0.0173 -0.9997 -0.0197
vn 0.1112 -0.9857 0.1268
vn 0.0926 -0.9901 0.1055
vn 0.5976 0.4225 0.6814
vn 0.1363 0.9834 0.1196
vn 0.1110 0.9890 0.0973
vn 0.0936 0.9922 0.0821
vn -0.0145 0.9998 -0.0127
vn -0.1581 0.9766 -0.1460
vn -0.7159 0.3009 -0.6301
vn -0.5257 -0.7149 -0.4611
vn -0.2541 -0.9411 -0.2229
vn -0.0197 -0.9997 -0.0173
vn 0.1268 -0.9857 0.1112
vn 0.1055 -0.9901 0.0926
vn 0.6814 0.4225 0.5976
vn 0.1508 0.9834 0.1008
vn 0.1228 0.9890 0.0820
vn 0.1036 0.9922 0.0692
vn -0.0160 0.9998 -0.0107
vn -0.2118 0.9670 -0.1415
vn -0.7920 0.3045 -0.5292
vn -0.5814 -0.7149 -0.3885
vn -0.2811 -0.9411 -0.1878
vn -0.0218 -0.9997 -0.0145
vn 0.1402 -0.9857 0.0937
vn 0.1167 -0.9901 0.0780
vn 0.7536 0.4225 0.5035
vn 0.1626 0.9834 0.0802
vn 0.1324 0.9890 0.0653
vn 0.1117 0.9922 0.0551
vn -0.0173 0.9998 -0.0085
vn -0.2285 0.9670 -0.1127
vn -0.8543 0.3045 -0.4213
vn -0.6272 -0.7149 -0.3093
vn -0.3032 -0.9411 -0.1495
vn -0.0235 -0.9997 -0.0116
vn 0.1513 -0.9857 0.0746
vn 0.1259 -0.9901 0.0621
vn 0.8129 0.4225 0.4009
vn 0.1717 0.9834 0.0583
vn 0.1398 0.9890 0.0475
vn 0.1179 0.9922 0.0400
vn -0.0183 0.9998 -0.0062
vn -0.2412 0.9670 -0.0819
vn -0.9020 0.3045 -0.3062
vn -0.6622 -0.7149 -0.2248
vn -0.3201 -0.9411 -0.1087
vn -0.0248 -0.9997 -0.0084
vn 0.1597 -0.9857 0.0542
vn 0.1329 -0.9901 0.0451
vn 0.8582 0.4225 0.2913
vn 0.1779 0.9834 0.0354
vn 0.1448 0.9890 0.0288
vn 0.1222 0.9922 0.0243
vn -0.0189 0.9998 -0.0038
vn -0.2499 0.9670 -0.0497
vn -0.9342 0.3045 -0.1858
vn -0.6858 -0.7149 -0.1364
vn -0.3315 -0.9411 -0.0659
vn -0.0257 -0.9997 -0.0051
vn 0.1654 -0.9857 0.0329
vn 0.1377 -0.9901 0.0274
vn 0.8889 0.4225 0.1768
vn 0.1810 0.9834 0.0119
vn 0.1473 0.9890 0.0097
vn 0.1243 0.9922 0.0081
vn -0.0192 0.9998 -0.0013
vn -0.2542 0.9670 -0.0167
vn -0.9505 0.3045 -0.0623
vn -0.6978 -0.7149 -0.0457
vn -0.3373 -0.9411 -0.0221
vn -0.0261 -0.9997 -0.0017
vn 0.1683 -0.9857 0.0110
vn 0.1401 -0.9901 0.0092
vn 0.9044 0.4225 0.0593
vt 0.820270 0.088722
vt 0.781921 0.110863
vt 0.781921 0.066581
vt 0.743572 0.133003
vt 0.781921 0.155144
vt 0.743572 0.177285
vt 0.820270 0.442974
vt 0.781921 0.465115
vt 0.781921 0.420833
vt 0.820270 0.354411
vt 0.781921 0.376552
vt 0.781921 0.332270
vt 0.820270 0.265848
vt 0.781921 0.287989
vt 0.781921 0.243707
vt 0.705222 0.155144
vt 0.743572 0.044440
vt 0.743572 0.088722
vt 0.705222 0.066581
vt 0.743572 0.398692
vt 0.743572 0.442974
vt 0.705222 0.420833
vt 0.743572 0.310129
vt 0.743572 0.354411
vt 0.705222 0.332270
vt 0.743572 0.221566
vt 0.743572 0.265848
vt 0.705222 0.243707
vt 0.705222 0.110863
vt 0.705222 0.022299
vt 0.705222 0.376552
vt 0.705222 0.310129
vt 0.705222 0.287989
vt 0.705222 0.199426
vt 0.666873 0.088722
vt 0.666873 0.133003
vt 0.628524 0.110863
vt 0.666873 0.000158
vt 0.666873 0.044440
vt 0.628524 0.022299
vt 0.666873 0.354411
vt 0.666873 0.398692
vt 0.628524 0.376552
vt 0.666873 0.265848
vt 0.666873 0.310129
vt 0.628524 0.287989
vt 0.666873 0.177285
vt 0.666873 0.221566
vt 0.628524 0.199426
vt 0.628524 0.243707
vt 0.590174 0.221566
vt 0.628524 0.332270
vt 0.590174 0.310129
vt 0.628524 0.420833
vt 0.590174 0.398693
vt 0.666873 0.442974
vt 0.628524 0.066581
vt 0.590174 0.044440
vt 0.628524 0.155144
vt 0.590174 0.133003
vt 0.705223 0.465115
vt 0.743572 0.487256
vt 0.705222 0.088722
vt 0.781921 0.199426
vt 0.820270 0.177285
vt 0.534322 0.714354
vt 0.529148 0.714354
vt 0.529148 0.693658
vt 0.534322 0.693658
vt 0.529148 0.672961
vt 0.534322 0.672961
vt 0.529148 0.652264
vt 0.534322 0.652264
vt 0.529148 0.631568
vt 0.534322 0.631568
vt 0.529148 0.610871
vt 0.534322 0.610871
vt 0.529148 0.590174
vt 0.534322 0.590174
vt 0.534322 0.838534
vt 0.529148 0.838534
vt 0.529148 0.817838
vt 0.534322 0.817838
vt 0.529148 0.797141
vt 0.534322 0.797141
vt 0.529148 0.776444
vt 0.534322 0.776444
vt 0.529148 0.755748
vt 0.534322 0.755748
vt 0.529148 0.735051
vt 0.534322 0.735051
vt 0.523974 0.714354
vt 0.523974 0.693658
vt 0.523974 0.672961
vt 0.523974 0.652264
vt 0.523974 0.631568
vt 0.523974 0.610871
vt 0.523974 0.590174
vt 0.523974 0.838534
vt 0.523974 0.817838
vt 0.523974 0.797141
vt 0.523974 0.776444
vt 0.523974 0.755748
vt 0.523974 0.735051
vt 0.518799 0.714354
vt 0.518799 0.693658
vt 0.518799 0.672961
vt 0.518799 0.652264
vt 0.518799 0.631568
vt 0.518799 0.610871
vt 0.518799 0.590174
vt 0.518799 0.838534
vt 0.518799 0.817838
vt 0.518799 0.797141
vt 0.518799 0.776444
vt 0.518799 0.755748
vt 0.518799 0.735051
vt 0.513625 0.714354
vt 0.513625 0.693658
vt 0.513625 0.672961
vt 0.513625 0.652264
vt 0.513625 0.631568
vt 0.513625 0.610871
vt 0.513625 0.590175
vt 0.513625 0.838534
vt 0.513625 0.817838
vt 0.513625 0.797141
vt 0.513625 0.776444
vt 0.513625 0.755748
vt 0.513625 0.735051
vt 0.508451 0.714354
vt 0.508451 0.693658
vt 0.508451 0.672961
vt 0.508451 0.652264
vt 0.508451 0.631568
vt 0.508451 0.610871
vt 0.508451 0.590175
vt 0.508451 0.838534
vt 0.508451 0.817838
vt 0.508451 0.797141
vt 0.508451 0.776444
vt 0.508451 0.755748
vt 0.508451 0.735051
vt 0.503277 0.714354
vt 0.503277 0.693658
vt 0.503277 0.672961
vt 0.503277 0.652264
vt 0.503277 0.631568
vt 0.503277 0.610871
vt 0.503277 0.590175
vt 0.503277 0.838534
vt 0.503277 0.817838
vt 0.503277 0.797141
vt 0.503277 0.776444
vt 0.503277 0.755748
vt 0.503277 0.735051
vt 0.498103 0.714354
vt 0.498103 0.693658
vt 0.498103 0.672961
vt 0.498103 0.652264
vt 0.498103 0.631568
vt 0.498103 0.610871
vt 0.498103 0.590175
vt 0.498103 0.838534
vt 0.498103 0.817838
vt 0.498103 0.797141
vt 0.498103 0.776444
vt 0.498103 0.755748
vt 0.498103 0.735051
vt 0.492929 0.714354
vt 0.492929 0.693658
vt 0.492929 0.672961
vt 0.492929 0.652264
vt 0.492929 0.631568
vt 0.492929 0.610871
vt 0.492929 0.590175
vt 0.492929 0.838534
vt 0.492929 0.817838
vt 0.492929 0.797141
vt 0.492929 0.776444
vt 0.492929 0.755748
vt 0.492929 0.735051
vt 0.487754 0.714354
vt 0.487754 0.693658
vt 0.487754 0.672961
vt 0.487754 0.652264
vt 0.487754 0.631568
vt 0.487754 0.610871
vt 0.487754 0.590175
vt 0.487754 0.838534
vt 0.487754 0.817838
vt 0.487754 0.797141
vt 0.487754 0.776444
vt 0.487754 0.755748
vt 0.487754 0.735051
vt 0.482580 0.714354
vt 0.482580 0.693658
vt 0.482580 0.672961
vt 0.482580 0.652264
vt 0.482580 0.631568
vt 0.482580 0.610871
vt 0.482580 0.590175
vt 0.482580 0.838534
vt 0.482580 0.817838
vt 0.482580 0.797141
vt 0.482580 0.776444
vt 0.482580 0.755748
vt 0.482580 0.735051
vt 0.477406 0.714354
vt 0.477406 0.693658
vt 0.477406 0.672961
vt 0.477406 0.652264
vt 0.477406 0.631568
vt 0.477406 0.610871
vt 0.477406 0.590175
vt 0.477406 0.838534
vt 0.477406 0.817838
vt 0.477406 0.797141
vt 0.477406 0.776444
vt 0.477406 0.755748
vt 0.477406 0.735051
vt 0.472232 0.714354
vt 0.472232 0.693658
vt 0.472232 0.672961
vt 0.472232 0.652264
vt 0.472232 0.631568
vt 0.472232 0.610871
vt 0.472232 0.590175
vt 0.472232 0.838534
vt 0.472232 0.817838
vt 0.472232 0.797141
vt 0.472232 0.776444
vt 0.472232 0.755748
vt 0.472232 0.735051
vt 0.467058 0.714354
vt 0.467058 0.693658
vt 0.467058 0.672961
vt 0.467058 0.652264
vt 0.467058 0.631568
vt 0.467058 0.610871
vt 0.467058 0.590175
vt 0.467058 0.838534
vt 0.467058 0.817838
vt 0.467058 0.797141
vt 0.467058 0.776444
vt 0.467058 0.755748
vt 0.467058 0.735051
vt 0.461884 0.714354
vt 0.461884 0.693658
vt 0.461884 0.672961
vt 0.461884 0.652264
vt 0.461884 0.631568
vt 0.461884 0.610871
vt 0.461884 0.590175
vt 0.461884 0.838534
vt 0.461884 0.817838
vt 0.461884 0.797141
vt 0.461884 0.776444
vt 0.461884 0.755748
vt 0.461884 0.735051
vt 0.456709 0.714354
vt 0.456709 0.693658
vt 0.456709 0.672961
vt 0.456709 0.652264
vt 0.456709 0.631568
vt 0.456709 0.610871
vt 0.456709 0.590175
vt 0.456709 0.838534
vt 0.456709 0.817838
vt 0.456709 0.797141
vt 0.456709 0.776444
vt 0.456709 0.755748
vt 0.456709 0.735051
vt 0.451535 0.714354
vt 0.451535 0.693658
vt 0.451535 0.672961
vt 0.451535 0.652264
vt 0.451535 0.631568
vt 0.451535 0.610871
vt 0.451535 0.590175
vt 0.451535 0.838534
vt 0.451535 0.817838
vt 0.451535 0.797141
vt 0.451535 0.776444
vt 0.451535 0.755748
vt 0.451535 0.735051
vt 0.446361 0.714354
vt 0.446361 0.693658
vt 0.446361 0.672961
vt 0.446361 0.652264
vt 0.446361 0.631568
vt 0.446361 0.610871
vt 0.446361 0.590175
vt 0.446361 0.838534
vt 0.446361 0.817838
vt 0.446361 0.797141
vt 0.446361 0.776444
vt 0.446361 0.755748
vt 0.446361 0.735051
vt 0.441187 0.714354
vt 0.441187 0.693658
vt 0.441187 0.672961
vt 0.441187 0.652264
vt 0.441187 0.631568
vt 0.441187 0.610871
vt 0.441187 0.590175
vt 0.441187 0.838534
vt 0.441187 0.817838
vt 0.441187 0.797141
vt 0.441187 0.776444
vt 0.441187 0.755748
vt 0.441187 0.735051
vt 0.436013 0.714354
vt 0.436013 0.693658
vt 0.436013 0.672961
vt 0.436013 0.652264
vt 0.436013 0.631568
vt 0.436013 0.610871
vt 0.436013 0.590175
vt 0.436013 0.838534
vt 0.436013 0.817838
vt 0.436013 0.797141
vt 0.436013 0.776444
vt 0.436013 0.755748
vt 0.436013 0.735051
vt 0.430839 0.714354
vt 0.430839 0.693658
vt 0.430839 0.672961
vt 0.430839 0.652264
vt 0.430839 0.631568
vt 0.430839 0.610871
vt 0.430839 0.590175
vt 0.430839 0.838534
vt 0.430839 0.817838
vt 0.430839 0.797141
vt 0.430839 0.776444
vt 0.430839 0.755748
vt 0.430839 0.735051
vt 0.425665 0.714354
vt 0.425665 0.693658
vt 0.425665 0.672961
vt 0.425665 0.652264
vt 0.425665 0.631568
vt 0.425665 0.610871
vt 0.425665 0.590175
vt 0.425665 0.838534
vt 0.425665 0.817838
vt 0.425665 0.797141
vt 0.425665 0.776444
vt 0.425665 0.755748
vt 0.425665 0.735051
vt 0.420490 0.714354
vt 0.420490 0.693658
vt 0.420490 0.672961
vt 0.420490 0.652264
vt 0.420490 0.631568
vt 0.420490 0.610871
vt 0.420490 0.590175
vt 0.420490 0.838534
vt 0.420490 0.817838
vt 0.420490 0.797141
vt 0.420490 0.776444
vt 0.420490 0.755748
vt 0.420490 0.735051
vt 0.415316 0.714354
vt 0.415316 0.693658
vt 0.415316 0.672961
vt 0.415316 0.652264
vt 0.415316 0.631568
vt 0.415316 0.610871
vt 0.415316 0.590175
vt 0.415316 0.838534
vt 0.415316 0.817838
vt 0.415316 0.797141
vt 0.415316 0.776444
vt 0.415316 0.755748
vt 0.415316 0.735051
vt 0.410142 0.714354
vt 0.410142 0.693658
vt 0.410142 0.672961
vt 0.410142 0.652264
vt 0.410142 0.631568
vt 0.410142 0.610871
vt 0.410142 0.590175
vt 0.410142 0.838534
vt 0.410142 0.817838
vt 0.410142 0.797141
vt 0.410142 0.776444
vt 0.410142 0.755748
vt 0.410142 0.735051
vt 0.658502 0.714354
vt 0.653328 0.714354
vt 0.653328 0.693658
vt 0.658502 0.693658
vt 0.653328 0.672961
vt 0.658502 0.672961
vt 0.653328 0.652264
vt 0.658502 0.652264
vt 0.653328 0.631568
vt 0.658502 0.631568
vt 0.653328 0.610871
vt 0.658502 0.610871
vt 0.653328 0.590174
vt 0.658502 0.590174
vt 0.658502 0.838534
vt 0.653328 0.838534
vt 0.653328 0.817838
vt 0.658502 0.817838
vt 0.653328 0.797141
vt 0.658502 0.797141
vt 0.653328 0.776444
vt 0.658502 0.776444
vt 0.653328 0.755748
vt 0.658502 0.755748
vt 0.653328 0.735051
vt 0.658502 0.735051
vt 0.648153 0.714354
vt 0.648153 0.693658
vt 0.648153 0.672961
vt 0.648153 0.652264
vt 0.648153 0.631568
vt 0.648153 0.610871
vt 0.648153 0.590174
vt 0.648153 0.838534
vt 0.648153 0.817838
vt 0.648153 0.797141
vt 0.648153 0.776444
vt 0.648153 0.755748
vt 0.648153 0.735051
vt 0.642979 0.714354
vt 0.642979 0.693658
vt 0.642979 0.672961
vt 0.642979 0.652264
vt 0.642979 0.631568
vt 0.642979 0.610871
vt 0.642979 0.590174
vt 0.642979 0.838534
vt 0.642979 0.817838
vt 0.642979 0.797141
vt 0.642979 0.776444
vt 0.642979 0.755748
vt 0.642979 0.735051
vt 0.637805 0.714354
vt 0.637805 0.693658
vt 0.637805 0.672961
vt 0.637805 0.652264
vt 0.637805 0.631568
vt 0.637805 0.610871
vt 0.637805 0.590174
vt 0.637805 0.838534
vt 0.637805 0.817838
vt 0.637805 0.797141
vt 0.637805 0.776444
vt 0.637805 0.755748
vt 0.637805 0.735051
vt 0.632631 0.714354
vt 0.632631 0.693658
vt 0.632631 0.672961
vt 0.632631 0.652264
vt 0.632631 0.631568
vt 0.632631 0.610871
vt 0.632631 0.590174
vt 0.632631 0.838534
vt 0.632631 0.817838
vt 0.632631 0.797141
vt 0.632631 0.776444
vt 0.632631 0.755748
vt 0.632631 0.735051
vt 0.627457 0.714354
vt 0.627457 0.693658
vt 0.627457 0.672961
vt 0.627457 0.652264
vt 0.627457 0.631568
vt 0.627457 0.610871
vt 0.627457 0.590174
vt 0.627457 0.838534
vt 0.627457 0.817838
vt 0.627457 0.797141
vt 0.627457 0.776444
vt 0.627457 0.755748
vt 0.627457 0.735051
vt 0.622283 0.714354
vt 0.622283 0.693658
vt 0.622283 0.672961
vt 0.622283 0.652264
vt 0.622283 0.631568
vt 0.622283 0.610871
vt 0.622283 0.590174
vt 0.622283 0.838534
vt 0.622283 0.817838
vt 0.622283 0.797141
vt 0.622283 0.776444
vt 0.622283 0.755748
vt 0.622283 0.735051
vt 0.617108 0.714354
vt 0.617108 0.693658
vt 0.617108 0.672961
vt 0.617108 0.652264
vt 0.617108 0.631568
vt 0.617108 0.610871
vt 0.617108 0.590174
vt 0.617108 0.838534
vt 0.617108 0.817838
vt 0.617108 0.797141
vt 0.617108 0.776444
vt 0.617108 0.755748
vt 0.617108 0.735051
vt 0.611934 0.714354
vt 0.611934 0.693658
vt 0.611934 0.672961
vt 0.611934 0.652264
vt 0.611934 0.631568
vt 0.611934 0.610871
vt 0.611934 0.590174
vt 0.611934 0.838534
vt 0.611934 0.817838
vt 0.611934 0.797141
vt 0.611934 0.776444
vt 0.611934 0.755748
vt 0.611934 0.735051
vt 0.606760 0.714354
vt 0.606760 0.693658
vt 0.606760 0.672961
vt 0.606760 0.652264
vt 0.606760 0.631568
vt 0.606760 0.610871
vt 0.606760 0.590174
vt 0.606760 0.838534
vt 0.606760 0.817838
vt 0.606760 0.797141
vt 0.606760 0.776444
vt 0.606760 0.755748
vt 0.606760 0.735051
vt 0.601586 0.714354
vt 0.601586 0.693658
vt 0.601586 0.672961
vt 0.601586 0.652264
vt 0.601586 0.631568
vt 0.601586 0.610871
vt 0.601586 0.590174
vt 0.601586 0.838534
vt 0.601586 0.817838
vt 0.601586 0.797141
vt 0.601586 0.776444
vt 0.601586 0.755748
vt 0.601586 0.735051
vt 0.596412 0.714354
vt 0.596412 0.693658
vt 0.596412 0.672961
vt 0.596412 0.652264
vt 0.596412 0.631568
vt 0.596412 0.610871
vt 0.596412 0.590174
vt 0.596412 0.838534
vt 0.596412 0.817838
vt 0.596412 0.797141
vt 0.596412 0.776444
vt 0.596412 0.755748
vt 0.596412 0.735051
vt 0.591238 0.714354
vt 0.591238 0.693658
vt 0.591238 0.672961
vt 0.591238 0.652264
vt 0.591238 0.631568
vt 0.591238 0.610871
vt 0.591238 0.590174
vt 0.591238 0.838534
vt 0.591238 0.817838
vt 0.591238 0.797141
vt 0.591238 0.776444
vt 0.591238 0.755748
vt 0.591238 0.735051
vt 0.586064 0.714354
vt 0.586064 0.693658
vt 0.586064 0.672961
vt 0.586063 0.652264
vt 0.586063 0.631568
vt 0.586064 0.610871
vt 0.586063 0.590174
vt 0.586064 0.838534
vt 0.586064 0.817838
vt 0.586064 0.797141
vt 0.586064 0.776444
vt 0.586064 0.755748
vt 0.586064 0.735051
vt 0.580889 0.714354
vt 0.580889 0.693658
vt 0.580889 0.672961
vt 0.580889 0.652264
vt 0.580889 0.631568
vt 0.580889 0.610871
vt 0.580889 0.590174
vt 0.580889 0.838534
vt 0.580889 0.817838
vt 0.580889 0.797141
vt 0.580889 0.776444
vt 0.580889 0.755748
vt 0.580889 0.735051
vt 0.575715 0.714354
vt 0.575715 0.693658
vt 0.575715 0.672961
vt 0.575715 0.652264
vt 0.575715 0.631568
vt 0.575715 0.610871
vt 0.575715 0.590174
vt 0.575715 0.838534
vt 0.575715 0.817838
vt 0.575715 0.797141
vt 0.575715 0.776444
vt 0.575715 0.755748
vt 0.575715 0.735051
vt 0.570541 0.714354
vt 0.570541 0.693658
vt 0.570541 0.672961
vt 0.570541 0.652264
vt 0.570541 0.631568
vt 0.570541 0.610871
vt 0.570541 0.590174
vt 0.570541 0.838534
vt 0.570541 0.817838
vt 0.570541 0.797141
vt 0.570541 0.776444
vt 0.570541 0.755748
vt 0.570541 0.735051
vt 0.565367 0.714354
vt 0.565367 0.693658
vt 0.565367 0.672961
vt 0.565367 0.652264
vt 0.565367 0.631568
vt 0.565367 0.610871
vt 0.565367 0.590174
vt 0.565367 0.838534
vt 0.565367 0.817838
vt 0.565367 0.797141
vt 0.565367 0.776444
vt 0.565367 0.755748
vt 0.565367 0.735051
vt 0.560193 0.714354
vt 0.560193 0.693658
vt 0.560193 0.672961
vt 0.560193 0.652264
vt 0.560193 0.631568
vt 0.560193 0.610871
vt 0.560193 0.590174
vt 0.560193 0.838534
vt 0.560193 0.817838
vt 0.560193 0.797141
vt 0.560193 0.776444
vt 0.560193 0.755748
vt 0.560193 0.735051
vt 0.555019 0.714354
vt 0.555019 0.693658
vt 0.555019 0.672961
vt 0.555019 0.652264
vt 0.555019 0.631568
vt 0.555019 0.610871
vt 0.555019 0.590174
vt 0.555019 0.838534
vt 0.555019 0.817838
vt 0.555019 0.797141
vt 0.555019 0.776444
vt 0.555019 0.755748
vt 0.555019 0.735051
vt 0.549844 0.714354
vt 0.549844 0.693658
vt 0.549844 0.672961
vt 0.549844 0.652264
vt 0.549844 0.631568
vt 0.549844 0.610871
vt 0.549844 0.590174
vt 0.549844 0.838534
vt 0.549844 0.817838
vt 0.549844 0.797141
vt 0.549844 0.776444
vt 0.549844 0.755748
vt 0.549844 0.735051
vt 0.544670 0.714354
vt 0.544670 0.693658
vt 0.544670 0.672961
vt 0.544670 0.652264
vt 0.544670 0.631568
vt 0.544670 0.610871
vt 0.544670 0.590174
vt 0.544670 0.838534
vt 0.544670 0.817838
vt 0.544670 0.797141
vt 0.544670 0.776444
vt 0.544670 0.755748
vt 0.544670 0.735051
vt 0.539496 0.714354
vt 0.539496 0.693658
vt 0.539496 0.672961
vt 0.539496 0.652264
vt 0.539496 0.631568
vt 0.539496 0.610871
vt 0.539496 0.590174
vt 0.539496 0.838534
vt 0.539496 0.817838
vt 0.539496 0.797141
vt 0.539496 0.776444
vt 0.539496 0.755748
vt 0.539496 0.735051
vt 0.295008 0.295008
vt 0.282723 0.295008
vt 0.282723 0.245867
vt 0.295008 0.245867
vt 0.282723 0.196725
vt 0.295008 0.196725
vt 0.282723 0.147583
vt 0.295008 0.147583
vt 0.282723 0.098442
vt 0.295008 0.098442
vt 0.282723 0.049300
vt 0.295008 0.049300
vt 0.282723 0.000158
vt 0.295008 0.000158
vt 0.295008 0.589858
vt 0.282723 0.589858
vt 0.282723 0.540716
vt 0.295008 0.540716
vt 0.282723 0.491575
vt 0.295008 0.491575
vt 0.282723 0.442433
vt 0.295008 0.442433
vt 0.282723 0.393291
vt 0.295008 0.393291
vt 0.282723 0.344150
vt 0.295008 0.344150
vt 0.270437 0.295008
vt 0.270437 0.245867
vt 0.270437 0.196725
vt 0.270437 0.147583
vt 0.270437 0.098442
vt 0.270437 0.049300
vt 0.270437 0.000158
vt 0.270437 0.589858
vt 0.270437 0.540716
vt 0.270437 0.491575
vt 0.270437 0.442433
vt 0.270437 0.393291
vt 0.270437 0.344150
vt 0.258152 0.295008
vt 0.258152 0.245867
vt 0.258152 0.196725
vt 0.258152 0.147583
vt 0.258152 0.098442
vt 0.258152 0.049300
vt 0.258152 0.000158
vt 0.258152 0.589858
vt 0.258152 0.540716
vt 0.258152 0.491575
vt 0.258152 0.442433
vt 0.258152 0.393291
vt 0.258152 0.344150
vt 0.245866 0.295008
vt 0.245866 0.245867
vt 0.245866 0.196725
vt 0.245866 0.147583
vt 0.245866 0.098442
vt 0.245866 0.049300
vt 0.245866 0.000158
vt 0.245867 0.589858
vt 0.245866 0.540716
vt 0.245866 0.491575
vt 0.245866 0.442433
vt 0.245866 0.393291
vt 0.245866 0.344150
vt 0.233581 0.295008
vt 0.233581 0.245867
vt 0.233581 0.196725
vt 0.233581 0.147583
vt 0.233581 0.098442
vt 0.233581 0.049300
vt 0.233581 0.000158
vt 0.233581 0.589858
vt 0.233581 0.540716
vt 0.233581 0.491575
vt 0.233581 0.442433
vt 0.233581 0.393291
vt 0.233581 0.344150
vt 0.221296 0.295008
vt 0.221296 0.245867
vt 0.221296 0.196725
vt 0.221296 0.147583
vt 0.221296 0.098442
vt 0.221296 0.049300
vt 0.221296 0.000158
vt 0.221296 0.589858
vt 0.221296 0.540716
vt 0.221296 0.491575
vt 0.221296 0.442433
vt 0.221296 0.393291
vt 0.221296 0.344150
vt 0.209010 0.295008
vt 0.209010 0.245867
vt 0.209010 0.196725
vt 0.209010 0.147583
vt 0.209010 0.098442
vt 0.209010 0.049300
vt 0.209010 0.000158
vt 0.209010 0.589858
vt 0.209010 0.540716
vt 0.209010 0.491575
vt 0.209010 0.442433
vt 0.209010 0.393291
vt 0.209010 0.344150
vt 0.196725 0.295008
vt 0.196725 0.245867
vt 0.196725 0.196725
vt 0.196725 0.147583
vt 0.196725 0.098442
vt 0.196725 0.049300
vt 0.196725 0.000158
vt 0.196725 0.589858
vt 0.196725 0.540716
vt 0.196725 0.491575
vt 0.196725 0.442433
vt 0.196725 0.393291
vt 0.196725 0.344150
vt 0.184439 0.295008
vt 0.184439 0.245867
vt 0.184439 0.196725
vt 0.184439 0.147583
vt 0.184439 0.098442
vt 0.184439 0.049300
vt 0.184439 0.000158
vt 0.184439 0.589858
vt 0.184439 0.540716
vt 0.184439 0.491575
vt 0.184439 0.442433
vt 0.184439 0.393291
vt 0.184439 0.344150
vt 0.172154 0.295008
vt 0.172154 0.245867
vt 0.172154 0.196725
vt 0.172154 0.147583
vt 0.172154 0.098442
vt 0.172154 0.049300
vt 0.172154 0.000158
vt 0.172154 0.589858
vt 0.172154 0.540716
vt 0.172154 0.491575
vt 0.172154 0.442433
vt 0.172154 0.393291
vt 0.172154 0.344150
vt 0.159869 0.295008
vt 0.159869 0.245867
vt 0.159869 0.196725
vt 0.159869 0.147583
vt 0.159869 0.098442
vt 0.159869 0.049300
vt 0.159869 0.000158
vt 0.159869 0.589858
vt 0.159869 0.540716
vt 0.159869 0.491575
vt 0.159869 0.442433
vt 0.159869 0.393291
vt 0.159869 0.344150
vt 0.147583 0.295008
vt 0.147583 0.245867
vt 0.147583 0.196725
vt 0.147583 0.147583
vt 0.147583 0.098442
vt 0.147583 0.049300
vt 0.147583 0.000158
vt 0.147583 0.589858
vt 0.147583 0.540716
vt 0.147583 0.491575
vt 0.147583 0.442433
vt 0.147583 0.393291
vt 0.147583 0.344150
vt 0.135298 0.295008
vt 0.135298 0.245867
vt 0.135298 0.196725
vt 0.135298 0.147583
vt 0.135298 0.098442
vt 0.135298 0.049300
vt 0.135298 0.000158
vt 0.135298 0.589858
vt 0.135298 0.540716
vt 0.135298 0.491575
vt 0.135298 0.442433
vt 0.135298 0.393291
vt 0.135298 0.344150
vt 0.123012 0.295008
vt 0.123012 0.245867
vt 0.123012 0.196725
vt 0.123012 0.147583
vt 0.123012 0.098442
vt 0.123012 0.049300
vt 0.123012 0.000158
vt 0.123012 0.589858
vt 0.123012 0.540716
vt 0.123012 0.491575
vt 0.123012 0.442433
vt 0.123012 0.393291
vt 0.123012 0.344150
vt 0.110727 0.295008
vt 0.110727 0.245867
vt 0.110727 0.196725
vt 0.110727 0.147583
vt 0.110727 0.098442
vt 0.110727 0.049300
vt 0.110727 0.000158
vt 0.110727 0.589858
vt 0.110727 0.540716
vt 0.110727 0.491575
vt 0.110727 0.442433
vt 0.110727 0.393291
vt 0.110727 0.344150
vt 0.098442 0.295008
vt 0.098442 0.245867
vt 0.098442 0.196725
vt 0.098442 0.147583
vt 0.098442 0.098442
vt 0.098442 0.049300
vt 0.098442 0.000158
vt 0.098442 0.589858
vt 0.098442 0.540716
vt 0.098442 0.491575
vt 0.098442 0.442433
vt 0.098442 0.393291
vt 0.098442 0.344150
vt 0.086156 0.295008
vt 0.086156 0.245867
vt 0.086156 0.196725
vt 0.086156 0.147583
vt 0.086156 0.098442
vt 0.086156 0.049300
vt 0.086156 0.000158
vt 0.086156 0.589858
vt 0.086156 0.540716
vt 0.086156 0.491575
vt 0.086156 0.442433
vt 0.086156 0.393291
vt 0.086156 0.344150
vt 0.073871 0.295008
vt 0.073871 0.245867
vt 0.073871 0.196725
vt 0.073871 0.147583
vt 0.073871 0.098442
vt 0.073871 0.049300
vt 0.073871 0.000158
vt 0.073871 0.589858
vt 0.073871 0.540716
vt 0.073871 0.491575
vt 0.073871 0.442433
vt 0.073871 0.393291
vt 0.073871 0.344150
vt 0.061585 0.295008
vt 0.061585 0.245867
vt 0.061585 0.196725
vt 0.061585 0.147583
vt 0.061585 0.098442
vt 0.061585 0.049300
vt 0.061585 0.000158
vt 0.061585 0.589858
vt 0.061585 0.540716
vt 0.061585 0.491575
vt 0.061585 0.442433
vt 0.061585 0.393291
vt 0.061585 0.344150
vt 0.049300 0.295008
vt 0.049300 0.245867
vt 0.049300 0.196725
vt 0.049300 0.147583
vt 0.049300 0.098442
vt 0.049300 0.049300
vt 0.049300 0.000158
vt 0.049300 0.589858
vt 0.049300 0.540716
vt 0.049300 0.491575
vt 0.049300 0.442433
vt 0.049300 0.393291
vt 0.049300 0.344150
vt 0.037015 0.295008
vt 0.037015 0.245867
vt 0.037014 0.196725
vt 0.037014 0.147583
vt 0.037014 0.098442
vt 0.037014 0.049300
vt 0.037014 0.000158
vt 0.037015 0.589858
vt 0.037015 0.540716
vt 0.037015 0.491575
vt 0.037015 0.442433
vt 0.037015 0.393291
vt 0.037015 0.344150
vt 0.024729 0.295008
vt 0.024729 0.245867
vt 0.024729 0.196725
vt 0.024729 0.147583
vt 0.024729 0.098442
vt 0.024729 0.049300
vt 0.024729 0.000158
vt 0.024729 0.589858
vt 0.024729 0.540716
vt 0.024729 0.491575
vt 0.024729 0.442433
vt 0.024729 0.393291
vt 0.024729 0.344150
vt 0.012444 0.295008
vt 0.012444 0.245867
vt 0.012444 0.196725
vt 0.012444 0.147583
vt 0.012444 0.098442
vt 0.012444 0.049300
vt 0.012444 0.000158
vt 0.012444 0.589858
vt 0.012444 0.540716
vt 0.012444 0.491575
vt 0.012444 0.442433
vt 0.012444 0.393291
vt 0.012444 0.344150
vt 0.000158 0.295008
vt 0.000158 0.245867
vt 0.000158 0.196725
vt 0.000158 0.147583
vt 0.000158 0.098442
vt 0.000158 0.049300
vt 0.000158 0.000158
vt 0.000158 0.589858
vt 0.000158 0.540716
vt 0.000158 0.491575
vt 0.000158 0.442433
vt 0.000158 0.393291
vt 0.000158 0.344150
vt 0.589858 0.295008
vt 0.577572 0.295008
vt 0.577572 0.245867
vt 0.589858 0.245867
vt 0.577572 0.196725
vt 0.589858 0.196725
vt 0.577572 0.147583
vt 0.589858 0.147583
vt 0.577572 0.098442
vt 0.589858 0.098442
vt 0.577572 0.049300
vt 0.589858 0.049300
vt 0.577572 0.000158
vt 0.589858 0.000158
vt 0.589858 0.589858
vt 0.577573 0.589858
vt 0.577573 0.540716
vt 0.589858 0.540716
vt 0.577572 0.491575
vt 0.589858 0.491575
vt 0.577573 0.442433
vt 0.589858 0.442433
vt 0.577573 0.393291
vt 0.589858 0.393291
vt 0.577572 0.344150
vt 0.589858 0.344150
vt 0.565287 0.295008
vt 0.565287 0.245867
vt 0.565287 0.196725
vt 0.565287 0.147583
vt 0.565287 0.098442
vt 0.565287 0.049300
vt 0.565287 0.000158
vt 0.565287 0.589858
vt 0.565287 0.540716
vt 0.565287 0.491575
vt 0.565287 0.442433
vt 0.565287 0.393291
vt 0.565287 0.344150
vt 0.553002 0.295008
vt 0.553002 0.245867
vt 0.553002 0.196725
vt 0.553002 0.147583
vt 0.553002 0.098442
vt 0.553002 0.049300
vt 0.553002 0.000158
vt 0.553002 0.589858
vt 0.553002 0.540716
vt 0.553002 0.491575
vt 0.553002 0.442433
vt 0.553002 0.393291
vt 0.553002 0.344150
vt 0.540716 0.295008
vt 0.540716 0.245867
vt 0.540716 0.196725
vt 0.540716 0.147583
vt 0.540716 0.098442
vt 0.540716 0.049300
vt 0.540716 0.000158
vt 0.540716 0.589858
vt 0.540716 0.540716
vt 0.540716 0.491575
vt 0.540716 0.442433
vt 0.540716 0.393291
vt 0.540716 0.344150
vt 0.528431 0.295008
vt 0.528431 0.245867
vt 0.528431 0.196725
vt 0.528431 0.147583
vt 0.528431 0.098442
vt 0.528431 0.049300
vt 0.528431 0.000158
vt 0.528431 0.589858
vt 0.528431 0.540716
vt 0.528431 0.491575
vt 0.528431 0.442433
vt 0.528431 0.393291
vt 0.528431 0.344150
vt 0.516146 0.295008
vt 0.516145 0.245867
vt 0.516146 0.196725
vt 0.516146 0.147583
vt 0.516146 0.098442
vt 0.516145 0.049300
vt 0.516146 0.000158
vt 0.516146 0.589858
vt 0.516145 0.540716
vt 0.516146 0.491575
vt 0.516145 0.442433
vt 0.516146 0.393291
vt 0.516146 0.344150
vt 0.503860 0.295008
vt 0.503860 0.245867
vt 0.503860 0.196725
vt 0.503860 0.147583
vt 0.503860 0.098442
vt 0.503860 0.049300
vt 0.503860 0.000158
vt 0.503860 0.589858
vt 0.503860 0.540716
vt 0.503860 0.491575
vt 0.503860 0.442433
vt 0.503860 0.393291
vt 0.503860 0.344150
vt 0.491575 0.295008
vt 0.491575 0.245867
vt 0.491575 0.196725
vt 0.491575 0.147583
vt 0.491575 0.098442
vt 0.491575 0.049300
vt 0.491575 0.000158
vt 0.491575 0.589858
vt 0.491575 0.540716
vt 0.491575 0.491575
vt 0.491575 0.442433
vt 0.491575 0.393291
vt 0.491575 0.344150
vt 0.479289 0.295008
vt 0.479289 0.245867
vt 0.479289 0.196725
vt 0.479289 0.147583
vt 0.479289 0.098442
vt 0.479289 0.049300
vt 0.479289 0.000158
vt 0.479289 0.589858
vt 0.479289 0.540716
vt 0.479289 0.491575
vt 0.479289 0.442433
vt 0.479289 0.393291
vt 0.479289 0.344150
vt 0.467004 0.295008
vt 0.467004 0.245867
vt 0.467004 0.196725
vt 0.467004 0.147583
vt 0.467004 0.098442
vt 0.467004 0.049300
vt 0.467004 0.000158
vt 0.467004 0.589858
vt 0.467004 0.540716
vt 0.467004 0.491575
vt 0.467004 0.442433
vt 0.467004 0.393291
vt 0.467004 0.344150
vt 0.454718 0.295008
vt 0.454719 0.245867
vt 0.454718 0.196725
vt 0.454718 0.147583
vt 0.454718 0.098442
vt 0.454718 0.049300
vt 0.454718 0.000158
vt 0.454718 0.589858
vt 0.454718 0.540716
vt 0.454718 0.491575
vt 0.454718 0.442433
vt 0.454718 0.393291
vt 0.454719 0.344150
vt 0.442433 0.295008
vt 0.442433 0.245867
vt 0.442433 0.196725
vt 0.442433 0.147583
vt 0.442433 0.098442
vt 0.442433 0.049300
vt 0.442433 0.000158
vt 0.442433 0.589858
vt 0.442433 0.540716
vt 0.442433 0.491575
vt 0.442433 0.442433
vt 0.442433 0.393291
vt 0.442433 0.344150
vt 0.430148 0.295008
vt 0.430148 0.245867
vt 0.430148 0.196725
vt 0.430148 0.147583
vt 0.430148 0.098442
vt 0.430148 0.049300
vt 0.430148 0.000158
vt 0.430148 0.589858
vt 0.430148 0.540716
vt 0.430148 0.491575
vt 0.430148 0.442433
vt 0.430148 0.393291
vt 0.430148 0.344150
vt 0.417862 0.295008
vt 0.417862 0.245867
vt 0.417862 0.196725
vt 0.417862 0.147583
vt 0.417862 0.098442
vt 0.417862 0.049300
vt 0.417862 0.000158
vt 0.417862 0.589858
vt 0.417862 0.540716
vt 0.417862 0.491575
vt 0.417862 0.442433
vt 0.417862 0.393291
vt 0.417862 0.344150
vt 0.405577 0.295008
vt 0.405577 0.245867
vt 0.405577 0.196725
vt 0.405577 0.147583
vt 0.405577 0.098442
vt 0.405577 0.049300
vt 0.405577 0.000158
vt 0.405577 0.589858
vt 0.405577 0.540716
vt 0.405577 0.491575
vt 0.405577 0.442433
vt 0.405577 0.393291
vt 0.405577 0.344150
vt 0.393291 0.295008
vt 0.393291 0.245867
vt 0.393291 0.196725
vt 0.393291 0.147583
vt 0.393291 0.098442
vt 0.393291 0.049300
vt 0.393291 0.000158
vt 0.393291 0.589858
vt 0.393291 0.540716
vt 0.393291 0.491575
vt 0.393291 0.442433
vt 0.393291 0.393291
vt 0.393291 0.344150
vt 0.381006 0.295008
vt 0.381006 0.245867
vt 0.381006 0.196725
vt 0.381006 0.147583
vt 0.381006 0.098442
vt 0.381006 0.049300
vt 0.381006 0.000158
vt 0.381006 0.589858
vt 0.381006 0.540716
vt 0.381006 0.491575
vt 0.381006 0.442433
vt 0.381006 0.393291
vt 0.381006 0.344150
vt 0.368721 0.295008
vt 0.368721 0.245867
vt 0.368721 0.196725
vt 0.368721 0.147583
vt 0.368721 0.098442
vt 0.368721 0.049300
vt 0.368721 0.000158
vt 0.368721 0.589858
vt 0.368721 0.540716
vt 0.368721 0.491575
vt 0.368721 0.442433
vt 0.368721 0.393291
vt 0.368721 0.344150
vt 0.356435 0.295008
vt 0.356435 0.245867
vt 0.356435 0.196725
vt 0.356435 0.147583
vt 0.356435 0.098442
vt 0.356435 0.049300
vt 0.356435 0.000158
vt 0.356435 0.589858
vt 0.356435 0.540716
vt 0.356435 0.491575
vt 0.356435 0.442433
vt 0.356435 0.393291
vt 0.356435 0.344150
vt 0.344150 0.295008
vt 0.344150 0.245867
vt 0.344150 0.196725
vt 0.344150 0.147583
vt 0.344150 0.098442
vt 0.344150 0.049300
vt 0.344150 0.000158
vt 0.344150 0.589858
vt 0.344150 0.540716
vt 0.344150 0.491575
vt 0.344150 0.442433
vt 0.344150 0.393291
vt 0.344150 0.344150
vt 0.331864 0.295008
vt 0.331864 0.245867
vt 0.331864 0.196725
vt 0.331864 0.147583
vt 0.331864 0.098442
vt 0.331864 0.049300
vt 0.331864 0.000158
vt 0.331864 0.589858
vt 0.331864 0.540716
vt 0.331864 0.491575
vt 0.331864 0.442433
vt 0.331864 0.393291
vt 0.331864 0.344150
vt 0.319579 0.295008
vt 0.319579 0.245867
vt 0.319579 0.196725
vt 0.319579 0.147583
vt 0.319579 0.098442
vt 0.319579 0.049300
vt 0.319579 0.000158
vt 0.319579 0.589858
vt 0.319579 0.540716
vt 0.319579 0.491575
vt 0.319579 0.442433
vt 0.319579 0.393291
vt 0.319579 0.344150
vt 0.307293 0.295008
vt 0.307294 0.245867
vt 0.307294 0.196725
vt 0.307294 0.147583
vt 0.307294 0.098442
vt 0.307294 0.049300
vt 0.307294 0.000158
vt 0.307294 0.589858
vt 0.307293 0.540716
vt 0.307294 0.491575
vt 0.307293 0.442433
vt 0.307294 0.393291
vt 0.307294 0.344150
vt 0.204992 0.795008
vt 0.196457 0.795008
vt 0.196457 0.760869
vt 0.204992 0.760869
vt 0.196457 0.726730
vt 0.204992 0.726730
vt 0.196457 0.692591
vt 0.204992 0.692591
vt 0.196457 0.658452
vt 0.204992 0.658452
vt 0.196457 0.624313
vt 0.204992 0.624313
vt 0.196457 0.590174
vt 0.204992 0.590174
vt 0.204992 0.999842
vt 0.196457 0.999842
vt 0.196457 0.965703
vt 0.204992 0.965703
vt 0.196457 0.931564
vt 0.204992 0.931564
vt 0.196457 0.897425
vt 0.204992 0.897425
vt 0.196457 0.863286
vt 0.204992 0.863286
vt 0.196457 0.829147
vt 0.204992 0.829147
vt 0.187922 0.795008
vt 0.187922 0.760869
vt 0.187922 0.726730
vt 0.187922 0.692591
vt 0.187922 0.658452
vt 0.187922 0.624313
vt 0.187922 0.590174
vt 0.187922 0.999842
vt 0.187922 0.965703
vt 0.187922 0.931564
vt 0.187922 0.897425
vt 0.187922 0.863286
vt 0.187922 0.829147
vt 0.179388 0.795008
vt 0.179388 0.760869
vt 0.179388 0.726730
vt 0.179388 0.692591
vt 0.179388 0.658452
vt 0.179388 0.624313
vt 0.179388 0.590174
vt 0.179388 0.999842
vt 0.179388 0.965703
vt 0.179388 0.931564
vt 0.179388 0.897425
vt 0.179388 0.863286
vt 0.179388 0.829147
vt 0.170853 0.795008
vt 0.170853 0.760869
vt 0.170853 0.726730
vt 0.170853 0.692591
vt 0.170853 0.658452
vt 0.170853 0.624313
vt 0.170853 0.590174
vt 0.170853 0.999842
vt 0.170853 0.965703
vt 0.170853 0.931564
vt 0.170853 0.897425
vt 0.170853 0.863286
vt 0.170853 0.829147
vt 0.162318 0.795008
vt 0.162318 0.760869
vt 0.162318 0.726730
vt 0.162318 0.692591
vt 0.162318 0.658452
vt 0.162318 0.624313
vt 0.162318 0.590174
vt 0.162318 0.999842
vt 0.162318 0.965703
vt 0.162318 0.931564
vt 0.162318 0.897425
vt 0.162318 0.863286
vt 0.162318 0.829147
vt 0.153783 0.795008
vt 0.153783 0.760869
vt 0.153783 0.726730
vt 0.153783 0.692591
vt 0.153783 0.658452
vt 0.153783 0.624313
vt 0.153783 0.590174
vt 0.153783 0.999842
vt 0.153783 0.965703
vt 0.153783 0.931564
vt 0.153783 0.897425
vt 0.153783 0.863286
vt 0.153783 0.829147
vt 0.145249 0.795008
vt 0.145249 0.760869
vt 0.145249 0.726730
vt 0.145249 0.692591
vt 0.145249 0.658452
vt 0.145249 0.624313
vt 0.145249 0.590174
vt 0.145249 0.999842
vt 0.145249 0.965703
vt 0.145249 0.931564
vt 0.145249 0.897425
vt 0.145249 0.863286
vt 0.145249 0.829147
vt 0.136714 0.795008
vt 0.136714 0.760869
vt 0.136714 0.726730
vt 0.136714 0.692591
vt 0.136714 0.658452
vt 0.136714 0.624313
vt 0.136714 0.590174
vt 0.136714 0.999842
vt 0.136714 0.965703
vt 0.136714 0.931564
vt 0.136714 0.897425
vt 0.136714 0.863286
vt 0.136714 0.829147
vt 0.128179 0.795008
vt 0.128179 0.760869
vt 0.128179 0.726730
vt 0.128179 0.692591
vt 0.128179 0.658452
vt 0.128179 0.624313
vt 0.128179 0.590174
vt 0.128179 0.999842
vt 0.128179 0.965703
vt 0.128179 0.931564
vt 0.128179 0.897425
vt 0.128179 0.863286
vt 0.128179 0.829147
vt 0.119645 0.795008
vt 0.119645 0.760869
vt 0.119645 0.726730
vt 0.119645 0.692591
vt 0.119644 0.658452
vt 0.119645 0.624313
vt 0.119644 0.590174
vt 0.119645 0.999842
vt 0.119645 0.965703
vt 0.119645 0.931564
vt 0.119645 0.897425
vt 0.119645 0.863286
vt 0.119645 0.829147
vt 0.111110 0.795008
vt 0.111110 0.760869
vt 0.111110 0.726730
vt 0.111110 0.692591
vt 0.111110 0.658452
vt 0.111110 0.624313
vt 0.111110 0.590174
vt 0.111110 0.999842
vt 0.111110 0.965703
vt 0.111110 0.931564
vt 0.111110 0.897425
vt 0.111110 0.863286
vt 0.111110 0.829147
vt 0.102575 0.795008
vt 0.102575 0.760869
vt 0.102575 0.726730
vt 0.102575 0.692591
vt 0.102575 0.658452
vt 0.102575 0.624313
vt 0.102575 0.590174
vt 0.102575 0.999842
vt 0.102575 0.965703
vt 0.102575 0.931564
vt 0.102575 0.897425
vt 0.102575 0.863286
vt 0.102575 0.829147
vt 0.094040 0.795008
vt 0.094040 0.760869
vt 0.094040 0.726730
vt 0.094040 0.692591
vt 0.094040 0.658452
vt 0.094040 0.624313
vt 0.094040 0.590174
vt 0.094040 0.999842
vt 0.094040 0.965703
vt 0.094040 0.931564
vt 0.094040 0.897425
vt 0.094040 0.863286
vt 0.094040 0.829147
vt 0.085506 0.795008
vt 0.085506 0.760869
vt 0.085506 0.726730
vt 0.085506 0.692591
vt 0.085506 0.658452
vt 0.085506 0.624313
vt 0.085506 0.590174
vt 0.085506 0.999842
vt 0.085506 0.965703
vt 0.085506 0.931564
vt 0.085506 0.897425
vt 0.085506 0.863286
vt 0.085506 0.829147
vt 0.076971 0.795008
vt 0.076971 0.760869
vt 0.076971 0.726730
vt 0.076971 0.692591
vt 0.076971 0.658452
vt 0.076971 0.624313
vt 0.076971 0.590174
vt 0.076971 0.999842
vt 0.076971 0.965703
vt 0.076971 0.931564
vt 0.076971 0.897425
vt 0.076971 0.863286
vt 0.076971 0.829147
vt 0.068436 0.795008
vt 0.068436 0.760869
vt 0.068436 0.726730
vt 0.068436 0.692591
vt 0.068436 0.658452
vt 0.068436 0.624313
vt 0.068436 0.590174
vt 0.068436 0.999842
vt 0.068436 0.965703
vt 0.068436 0.931564
vt 0.068436 0.897425
vt 0.068436 0.863286
vt 0.068436 0.829147
vt 0.059901 0.795008
vt 0.059901 0.760869
vt 0.059901 0.726730
vt 0.059901 0.692591
vt 0.059901 0.658452
vt 0.059901 0.624313
vt 0.059901 0.590174
vt 0.059901 0.999842
vt 0.059901 0.965703
vt 0.059901 0.931564
vt 0.059901 0.897425
vt 0.059901 0.863286
vt 0.059901 0.829147
vt 0.051367 0.795008
vt 0.051367 0.760869
vt 0.051367 0.726730
vt 0.051367 0.692591
vt 0.051367 0.658452
vt 0.051367 0.624313
vt 0.051367 0.590174
vt 0.051367 0.999842
vt 0.051367 0.965703
vt 0.051367 0.931564
vt 0.051367 0.897425
vt 0.051367 0.863286
vt 0.051367 0.829147
vt 0.042832 0.795008
vt 0.042832 0.760869
vt 0.042832 0.726730
vt 0.042832 0.692591
vt 0.042832 0.658452
vt 0.042832 0.624313
vt 0.042832 0.590174
vt 0.042832 0.999842
vt 0.042832 0.965703
vt 0.042832 0.931564
vt 0.042832 0.897425
vt 0.042832 0.863286
vt 0.042832 0.829147
vt 0.034297 0.795008
vt 0.034297 0.760869
vt 0.034297 0.726730
vt 0.034297 0.692591
vt 0.034297 0.658452
vt 0.034297 0.624313
vt 0.034297 0.590174
vt 0.034297 0.999842
vt 0.034297 0.965703
vt 0.034297 0.931564
vt 0.034297 0.897425
vt 0.034297 0.863286
vt 0.034297 0.829147
vt 0.025762 0.795008
vt 0.025762 0.760869
vt 0.025762 0.726730
vt 0.025762 0.692591
vt 0.025762 0.658452
vt 0.025762 0.624313
vt 0.025762 0.590174
vt 0.025762 0.999842
vt 0.025762 0.965703
vt 0.025762 0.931564
vt 0.025762 0.897425
vt 0.025762 0.863286
vt 0.025762 0.829147
vt 0.017228 0.795008
vt 0.017228 0.760869
vt 0.017228 0.726730
vt 0.017228 0.692591
vt 0.017228 0.658452
vt 0.017228 0.624313
vt 0.017228 0.590174
vt 0.017228 0.999842
vt 0.017228 0.965703
vt 0.017228 0.931564
vt 0.017228 0.897425
vt 0.017228 0.863286
vt 0.017228 0.829147
vt 0.008693 0.795008
vt 0.008693 0.760869
vt 0.008693 0.726730
vt 0.008693 0.692591
vt 0.008693 0.658452
vt 0.008693 0.624313
vt 0.008693 0.590174
vt 0.008693 0.999842
vt 0.008693 0.965703
vt 0.008693 0.931564
vt 0.008693 0.897425
vt 0.008693 0.863286
vt 0.008693 0.829147
vt 0.000158 0.795008
vt 0.000158 0.760869
vt 0.000158 0.726730
vt 0.000158 0.692591
vt 0.000158 0.658452
vt 0.000158 0.624313
vt 0.000158 0.590174
vt 0.000158 0.999842
vt 0.000158 0.965703
vt 0.000158 0.931564
vt 0.000158 0.897425
vt 0.000158 0.863286
vt 0.000158 0.829147
vt 0.409826 0.795008
vt 0.401291 0.795008
vt 0.401291 0.760869
vt 0.409825 0.760869
vt 0.401291 0.726730
vt 0.409825 0.726730
vt 0.401291 0.692591
vt 0.409825 0.692591
vt 0.401291 0.658452
vt 0.409825 0.658452
vt 0.401291 0.624313
vt 0.409825 0.624313
vt 0.401291 0.590174
vt 0.409825 0.590174
vt 0.409826 0.999842
vt 0.401291 0.999842
vt 0.401291 0.965703
vt 0.409826 0.965703
vt 0.401291 0.931564
vt 0.409826 0.931564
vt 0.401291 0.897425
vt 0.409826 0.897425
vt 0.401291 0.863286
vt 0.409826 0.863286
vt 0.401291 0.829147
vt 0.409826 0.829147
vt 0.392756 0.795008
vt 0.392756 0.760869
vt 0.392756 0.726730
vt 0.392756 0.692591
vt 0.392756 0.658452
vt 0.392756 0.624313
vt 0.392756 0.590174
vt 0.392756 0.999842
vt 0.392756 0.965703
vt 0.392756 0.931564
vt 0.392756 0.897425
vt 0.392756 0.863286
vt 0.392756 0.829147
vt 0.384221 0.795008
vt 0.384221 0.760869
vt 0.384221 0.726730
vt 0.384221 0.692591
vt 0.384221 0.658452
vt 0.384221 0.624313
vt 0.384221 0.590174
vt 0.384221 0.999842
vt 0.384221 0.965703
vt 0.384221 0.931564
vt 0.384221 0.897425
vt 0.384221 0.863286
vt 0.384221 0.829147
vt 0.375687 0.795008
vt 0.375687 0.760869
vt 0.375687 0.726730
vt 0.375687 0.692591
vt 0.375687 0.658452
vt 0.375687 0.624313
vt 0.375687 0.590174
vt 0.375687 0.999842
vt 0.375687 0.965703
vt 0.375687 0.931564
vt 0.375687 0.897425
vt 0.375687 0.863286
vt 0.375687 0.829147
vt 0.367152 0.795008
vt 0.367152 0.760869
vt 0.367152 0.726730
vt 0.367152 0.692591
vt 0.367152 0.658452
vt 0.367152 0.624313
vt 0.367152 0.590174
vt 0.367152 0.999842
vt 0.367152 0.965703
vt 0.367152 0.931564
vt 0.367152 0.897425
vt 0.367152 0.863286
vt 0.367152 0.829147
vt 0.358617 0.795008
vt 0.358617 0.760869
vt 0.358617 0.726730
vt 0.358617 0.692591
vt 0.358617 0.658452
vt 0.358617 0.624313
vt 0.358617 0.590174
vt 0.358617 0.999842
vt 0.358617 0.965703
vt 0.358617 0.931564
vt 0.358617 0.897425
vt 0.358617 0.863286
vt 0.358617 0.829147
vt 0.350082 0.795008
vt 0.350082 0.760869
vt 0.350082 0.726730
vt 0.350082 0.692591
vt 0.350082 0.658452
vt 0.350082 0.624313
vt 0.350082 0.590174
vt 0.350082 0.999842
vt 0.350082 0.965703
vt 0.350082 0.931564
vt 0.350082 0.897425
vt 0.350082 0.863286
vt 0.350082 0.829147
vt 0.341548 0.795008
vt 0.341548 0.760869
vt 0.341548 0.726730
vt 0.341548 0.692591
vt 0.341548 0.658452
vt 0.341548 0.624313
vt 0.341548 0.590174
vt 0.341548 0.999842
vt 0.341548 0.965703
vt 0.341548 0.931564
vt 0.341548 0.897425
vt 0.341548 0.863286
vt 0.341548 0.829147
vt 0.333013 0.795008
vt 0.333013 0.760869
vt 0.333013 0.726730
vt 0.333013 0.692591
vt 0.333013 0.658452
vt 0.333013 0.624313
vt 0.333013 0.590174
vt 0.333013 0.999842
vt 0.333013 0.965703
vt 0.333013 0.931564
vt 0.333013 0.897425
vt 0.333013 0.863286
vt 0.333013 0.829147
vt 0.324478 0.795008
vt 0.324478 0.760869
vt 0.324478 0.726730
vt 0.324478 0.692591
vt 0.324478 0.658452
vt 0.324478 0.624313
vt 0.324478 0.590174
vt 0.324478 0.999842
vt 0.324478 0.965703
vt 0.324478 0.931564
vt 0.324478 0.897425
vt 0.324478 0.863286
vt 0.324478 0.829147
vt 0.315943 0.795008
vt 0.315943 0.760869
vt 0.315943 0.726730
vt 0.315943 0.692591
vt 0.315943 0.658452
vt 0.315943 0.624313
vt 0.315943 0.590174
vt 0.315943 0.999842
vt 0.315943 0.965703
vt 0.315943 0.931564
vt 0.315943 0.897425
vt 0.315943 0.863286
vt 0.315943 0.829147
vt 0.307409 0.795008
vt 0.307409 0.760869
vt 0.307409 0.726730
vt 0.307409 0.692591
vt 0.307409 0.658452
vt 0.307409 0.624313
vt 0.307409 0.590174
vt 0.307409 0.999842
vt 0.307409 0.965703
vt 0.307409 0.931564
vt 0.307409 0.897425
vt 0.307409 0.863286
vt 0.307409 0.829147
vt 0.298874 0.795008
vt 0.298874 0.760869
vt 0.298874 0.726730
vt 0.298874 0.692591
vt 0.298874 0.658452
vt 0.298874 0.624313
vt 0.298874 0.590174
vt 0.298874 0.999842
vt 0.298874 0.965703
vt 0.298874 0.931564
vt 0.298874 0.897425
vt 0.298874 0.863286
vt 0.298874 0.829147
vt 0.290339 0.795008
vt 0.290339 0.760869
vt 0.290339 0.726730
vt 0.290339 0.692591
vt 0.290339 0.658452
vt 0.290339 0.624313
vt 0.290339 0.590174
vt 0.290339 0.999842
vt 0.290339 0.965703
vt 0.290339 0.931564
vt 0.290339 0.897425
vt 0.290339 0.863286
vt 0.290339 0.829147
vt 0.281804 0.795008
vt 0.281804 0.760869
vt 0.281804 0.726730
vt 0.281804 0.692591
vt 0.281804 0.658452
vt 0.281804 0.624313
vt 0.281805 0.590174
vt 0.281805 0.999842
vt 0.281805 0.965703
vt 0.281804 0.931564
vt 0.281804 0.897425
vt 0.281804 0.863286
vt 0.281804 0.829147
vt 0.273270 0.795008
vt 0.273270 0.760869
vt 0.273270 0.726730
vt 0.273270 0.692591
vt 0.273270 0.658452
vt 0.273270 0.624313
vt 0.273270 0.590174
vt 0.273270 0.999842
vt 0.273270 0.965703
vt 0.273270 0.931564
vt 0.273270 0.897425
vt 0.273270 0.863286
vt 0.273270 0.829147
vt 0.264735 0.795008
vt 0.264735 0.760869
vt 0.264735 0.726730
vt 0.264735 0.692591
vt 0.264735 0.658452
vt 0.264735 0.624313
vt 0.264735 0.590174
vt 0.264735 0.999842
vt 0.264735 0.965703
vt 0.264735 0.931564
vt 0.264735 0.897425
vt 0.264735 0.863286
vt 0.264735 0.829147
vt 0.256200 0.795008
vt 0.256200 0.760869
vt 0.256200 0.726730
vt 0.256200 0.692591
vt 0.256200 0.658452
vt 0.256200 0.624313
vt 0.256200 0.590174
vt 0.256200 0.999842
vt 0.256200 0.965703
vt 0.256200 0.931564
vt 0.256200 0.897425
vt 0.256200 0.863286
vt 0.256200 0.829147
vt 0.247665 0.795008
vt 0.247666 0.760869
vt 0.247665 0.726730
vt 0.247665 0.692591
vt 0.247665 0.658452
vt 0.247665 0.624313
vt 0.247665 0.590174
vt 0.247666 0.999842
vt 0.247666 0.965703
vt 0.247666 0.931564
vt 0.247666 0.897425
vt 0.247666 0.863286
vt 0.247666 0.829147
vt 0.239131 0.795008
vt 0.239131 0.760869
vt 0.239131 0.726730
vt 0.239131 0.692591
vt 0.239131 0.658452
vt 0.239131 0.624313
vt 0.239131 0.590174
vt 0.239131 0.999842
vt 0.239131 0.965703
vt 0.239131 0.931564
vt 0.239131 0.897425
vt 0.239131 0.863286
vt 0.239131 0.829147
vt 0.230596 0.795008
vt 0.230596 0.760869
vt 0.230596 0.726730
vt 0.230596 0.692591
vt 0.230596 0.658452
vt 0.230596 0.624313
vt 0.230596 0.590174
vt 0.230596 0.999842
vt 0.230596 0.965703
vt 0.230596 0.931564
vt 0.230596 0.897425
vt 0.230596 0.863286
vt 0.230596 0.829147
vt 0.222061 0.795008
vt 0.222061 0.760869
vt 0.222061 0.726730
vt 0.222061 0.692591
vt 0.222061 0.658452
vt 0.222061 0.624313
vt 0.222061 0.590174
vt 0.222061 0.999842
vt 0.222061 0.965703
vt 0.222061 0.931564
vt 0.222061 0.897425
vt 0.222061 0.863286
vt 0.222061 0.829147
vt 0.213527 0.795008
vt 0.213527 0.760869
vt 0.213527 0.726730
vt 0.213527 0.692591
vt 0.213527 0.658452
vt 0.213527 0.624313
vt 0.213527 0.590174
vt 0.213527 0.999842
vt 0.213527 0.965703
vt 0.213527 0.931564
vt 0.213527 0.897425
vt 0.213527 0.863286
vt 0.213527 0.829147
s 0
usemtl マテリアル.003
f 1/1/1 14/2/1 13/3/1
f 2/4/2 14/5/2 16/6/2
f 1/7/3 13/8/3 18/9/3
f 1/10/4 18/11/4 20/12/4
f 1/13/5 20/14/5 17/15/5
f 2/4/6 16/6/6 23/16/6
f 3/17/7 15/18/7 25/19/7
f 4/20/8 19/21/8 27/22/8
f 5/23/9 21/24/9 29/25/9
f 6/26/10 22/27/10 31/28/10
f 2/4/11 23/16/11 26/29/11
f 3/17/12 25/19/12 28/30/12
f 4/20/13 27/22/13 30/31/13
f 5/23/14 29/25/14 44/32/14 32/33/14
f 6/26/15 31/28/15 24/34/15
f 7/35/16 33/36/16 38/37/16
f 8/38/17 34/39/17 40/40/17
f 9/41/18 35/42/18 41/43/18
f 10/44/19 36/45/19 42/46/19
f 11/47/20 37/48/20 39/49/20
f 39/49/21 42/50/21 12/51/21
f 39/49/22 37/48/22 42/50/22
f 37/48/23 10/44/23 42/50/23
f 42/46/24 41/52/24 12/53/24
f 42/46/25 36/45/25 41/52/25
f 36/45/26 9/41/26 41/52/26
f 41/43/27 40/54/27 12/55/27
f 41/43/28 35/42/28 40/54/28
f 35/42/29 8/56/29 40/54/29
f 40/40/30 38/57/30 12/58/30
f 40/40/31 34/39/31 38/57/31
f 34/39/32 7/35/32 38/57/32
f 38/37/33 39/59/33 12/60/33
f 38/37/34 33/36/34 39/59/34
f 33/36/35 11/47/35 39/59/35
f 24/34/36 37/48/36 11/47/36
f 24/34/37 31/28/37 37/48/37
f 31/28/38 10/44/38 37/48/38
f 32/33/39 36/45/39 10/44/39
f 32/33/40 44/32/40 29/25/40 36/45/40
f 29/25/41 9/41/41 36/45/41
f 30/31/42 35/42/42 9/41/42
f 30/31/43 27/22/43 35/42/43
f 27/22/44 8/56/44 35/42/44
f 28/30/45 34/39/45 8/38/45
f 28/30/46 25/19/46 34/39/46
f 25/19/47 7/35/47 34/39/47
f 26/29/48 33/36/48 7/35/48
f 26/29/49 23/16/49 33/36/49
f 23/16/50 11/47/50 33/36/50
f 31/28/51 32/33/51 10/44/51
f 31/28/52 22/27/52 32/33/52
f 22/27/53 5/23/53 32/33/53
f 29/25/54 30/31/54 9/41/54
f 29/25/55 21/24/55 30/31/55
f 21/24/56 4/20/56 30/31/56
f 27/22/57 28/61/57 8/56/57
f 27/22/58 19/21/58 28/61/58
f 19/21/59 3/62/59 28/61/59
f 25/19/60 43/63/60 26/29/60 7/35/60
f 25/19/61 15/18/61 26/29/61 43/63/61
f 15/18/62 2/4/62 26/29/62
f 23/16/63 24/34/63 11/47/63
f 23/16/64 16/6/64 24/34/64
f 16/6/65 6/26/65 24/34/65
f 17/15/66 22/27/66 6/26/66
f 17/15/67 20/14/67 22/27/67
f 20/14/68 5/23/68 22/27/68
f 20/12/69 21/24/69 5/23/69
f 20/12/70 18/11/70 21/24/70
f 18/11/71 4/20/71 21/24/71
f 18/9/72 19/21/72 4/20/72
f 18/9/73 13/8/73 19/21/73
f 13/8/74 3/62/74 19/21/74
f 16/6/75 17/64/75 6/26/75
f 16/6/76 14/5/76 17/64/76
f 14/5/77 1/65/77 17/64/77
f 13/3/78 15/18/78 3/17/78
f 13/3/79 14/2/79 15/18/79
f 14/2/80 2/4/80 15/18/80
f 45/66/81 57/67/81 58/68/81 46/69/81
f 46/69/82 58/68/82 59/70/82 47/71/82
f 47/71/83 59/70/83 60/72/83 48/73/83
f 48/73/84 60/72/84 61/74/84 49/75/84
f 49/75/85 61/74/85 62/76/85 50/77/85
f 50/77/86 62/76/86 63/78/86 51/79/86
f 51/80/87 63/81/87 64/82/87 52/83/87
f 52/83/88 64/82/88 65/84/88 53/85/88
f 53/85/89 65/84/89 66/86/89 54/87/89
f 54/87/90 66/86/90 67/88/90 55/89/90
f 55/89/91 67/88/91 68/90/91 56/91/91
f 56/91/92 68/90/92 57/67/92 45/66/92
f 57/67/93 69/92/93 70/93/93 58/68/93
f 58/68/94 70/93/94 71/94/94 59/70/94
f 59/70/95 71/94/95 72/95/95 60/72/95
f 60/72/96 72/95/96 73/96/96 61/74/96
f 61/74/97 73/96/97 74/97/97 62/76/97
f 62/76/98 74/97/98 75/98/98 63/78/98
f 63/81/99 75/99/99 76/100/99 64/82/99
f 64/82/100 76/100/100 77/101/100 65/84/100
f 65/84/101 77/101/101 78/102/101 66/86/101
f 66/86/102 78/102/102 79/103/102 67/88/102
f 67/88/103 79/103/103 80/104/103 68/90/103
f 68/90/104 80/104/104 69/92/104 57/67/104
f 69/92/105 81/105/105 82/106/105 70/93/105
f 70/93/106 82/106/106 83/107/106 71/94/106
f 71/94/107 83/107/107 84/108/107 72/95/107
f 72/95/108 84/108/108 85/109/108 73/96/108
f 73/96/109 85/109/109 86/110/109 74/97/109
f 74/97/110 86/110/110 87/111/110 75/98/110
f 75/99/111 87/112/111 88/113/111 76/100/111
f 76/100/112 88/113/112 89/114/112 77/101/112
f 77/101/113 89/114/113 90/115/113 78/102/113
f 78/102/114 90/115/114 91/116/114 79/103/114
f 79/103/115 91/116/115 92/117/115 80/104/115
f 80/104/116 92/117/116 81/105/116 69/92/116
f 81/105/117 93/118/117 94/119/117 82/106/117
f 82/106/118 94/119/118 95/120/118 83/107/118
f 83/107/119 95/120/119 96/121/119 84/108/119
f 84/108/120 96/121/120 97/122/120 85/109/120
f 85/109/121 97/122/121 98/123/121 86/110/121
f 86/110/122 98/123/122 99/124/122 87/111/122
f 87/112/123 99/125/123 100/126/123 88/113/123
f 88/113/124 100/126/124 101/127/124 89/114/124
f 89/114/125 101/127/125 102/128/125 90/115/125
f 90/115/126 102/128/126 103/129/126 91/116/126
f 91/116/127 103/129/127 104/130/127 92/117/127
f 92/117/128 104/130/128 93/118/128 81/105/128
f 93/118/129 105/131/129 106/132/129 94/119/129
f 94/119/130 106/132/130 107/133/130 95/120/130
f 95/120/131 107/133/131 108/134/131 96/121/131
f 96/121/132 108/134/132 109/135/132 97/122/132
f 97/122/133 109/135/133 110/136/133 98/123/133
f 98/123/134 110/136/134 111/137/134 99/124/134
f 99/125/135 111/138/135 112/139/135 100/126/135
f 100/126/136 112/139/136 113/140/136 101/127/136
f 101/127/137 113/140/137 114/141/137 102/128/137
f 102/128/138 114/141/138 115/142/138 103/129/138
f 103/129/139 115/142/139 116/143/139 104/130/139
f 104/130/140 116/143/140 105/131/140 93/118/140
f 105/131/141 117/144/141 118/145/141 106/132/141
f 106/132/142 118/145/142 119/146/142 107/133/142
f 107/133/143 119/146/143 120/147/143 108/134/143
f 108/134/144 120/147/144 121/148/144 109/135/144
f 109/135/145 121/148/145 122/149/145 110/136/145
f 110/136/146 122/149/146 123/150/146 111/137/146
f 111/138/147 123/151/147 124/152/147 112/139/147
f 112/139/148 124/152/148 125/153/148 113/140/148
f 113/140/149 125/153/149 126/154/149 114/141/149
f 114/141/150 126/154/150 127/155/150 115/142/150
f 115/142/151 127/155/151 128/156/151 116/143/151
f 116/143/152 128/156/152 117/144/152 105/131/152
f 117/144/153 129/157/153 130/158/153 118/145/153
f 118/145/154 130/158/154 131/159/154 119/146/154
f 119/146/155 131/159/155 132/160/155 120/147/155
f 120/147/156 132/160/156 133/161/156 121/148/156
f 121/148/157 133/161/157 134/162/157 122/149/157
f 122/149/158 134/162/158 135/163/158 123/150/158
f 123/151/159 135/164/159 136/165/159 124/152/159
f 124/152/160 136/165/160 137/166/160 125/153/160
f 125/153/161 137/166/161 138/167/161 126/154/161
f 126/154/162 138/167/162 139/168/162 127/155/162
f 127/155/163 139/168/163 140/169/163 128/156/163
f 128/156/164 140/169/164 129/157/164 117/144/164
f 129/157/165 141/170/165 142/171/165 130/158/165
f 130/158/166 142/171/166 143/172/166 131/159/166
f 131/159/167 143/172/167 144/173/167 132/160/167
f 132/160/168 144/173/168 145/174/168 133/161/168
f 133/161/169 145/174/169 146/175/169 134/162/169
f 134/162/170 146/175/170 147/176/170 135/163/170
f 135/164/171 147/177/171 148/178/171 136/165/171
f 136/165/172 148/178/172 149/179/172 137/166/172
f 137/166/173 149/179/173 150/180/173 138/167/173
f 138/167/174 150/180/174 151/181/174 139/168/174
f 139/168/175 151/181/175 152/182/175 140/169/175
f 140/169/176 152/182/176 141/170/176 129/157/176
f 141/170/177 153/183/177 154/184/177 142/171/177
f 142/171/178 154/184/178 155/185/178 143/172/178
f 143/172/179 155/185/179 156/186/179 144/173/179
f 144/173/180 156/186/180 157/187/180 145/174/180
f 145/174/181 157/187/181 158/188/181 146/175/181
f 146/175/182 158/188/182 159/189/182 147/176/182
f 147/177/183 159/190/183 160/191/183 148/178/183
f 148/178/184 160/191/184 161/192/184 149/179/184
f 149/179/185 161/192/185 162/193/185 150/180/185
f 150/180/186 162/193/186 163/194/186 151/181/186
f 151/181/187 163/194/187 164/195/187 152/182/187
f 152/182/188 164/195/188 153/183/188 141/170/188
f 153/183/189 165/196/189 166/197/189 154/184/189
f 154/184/190 166/197/190 167/198/190 155/185/190
f 155/185/191 167/198/191 168/199/191 156/186/191
f 156/186/192 168/199/192 169/200/192 157/187/192
f 157/187/193 169/200/193 170/201/193 158/188/193
f 158/188/194 170/201/194 171/202/194 159/189/194
f 159/190/195 171/203/195 172/204/195 160/191/195
f 160/191/196 172/204/196 173/205/196 161/192/196
f 161/192/197 173/205/197 174/206/197 162/193/197
f 162/193/198 174/206/198 175/207/198 163/194/198
f 163/194/199 175/207/199 176/208/199 164/195/199
f 164/195/200 176/208/200 165/196/200 153/183/200
f 165/196/201 177/209/201 178/210/201 166/197/201
f 166/197/202 178/210/202 179/211/202 167/198/202
f 167/198/203 179/211/203 180/212/203 168/199/203
f 168/199/204 180/212/204 181/213/204 169/200/204
f 169/200/205 181/213/205 182/214/205 170/201/205
f 170/201/206 182/214/206 183/215/206 171/202/206
f 171/203/207 183/216/207 184/217/207 172/204/207
f 172/204/208 184/217/208 185/218/208 173/205/208
f 173/205/209 185/218/209 186/219/209 174/206/209
f 174/206/210 186/219/210 187/220/210 175/207/210
f 175/207/211 187/220/211 188/221/211 176/208/211
f 176/208/212 188/221/212 177/209/212 165/196/212
f 177/209/213 189/222/213 190/223/213 178/210/213
f 178/210/214 190/223/214 191/224/214 179/211/214
f 179/211/215 191/224/215 192/225/215 180/212/215
f 180/212/216 192/225/216 193/226/216 181/213/216
f 181/213/217 193/226/217 194/227/217 182/214/217
f 182/214/218 194/227/218 195/228/218 183/215/218
f 183/216/219 195/229/219 196/230/219 184/217/219
f 184/217/220 196/230/220 197/231/220 185/218/220
f 185/218/221 197/231/221 198/232/221 186/219/221
f 186/219/222 198/232/222 199/233/222 187/220/222
f 187/220/223 199/233/223 200/234/223 188/221/223
f 188/221/224 200/234/224 189/222/224 177/209/224
f 189/222/225 201/235/225 202/236/225 190/223/225
f 190/223/226 202/236/226 203/237/226 191/224/226
f 191/224/227 203/237/227 204/238/227 192/225/227
f 192/225/228 204/238/228 205/239/228 193/226/228
f 193/226/229 205/239/229 206/240/229 194/227/229
f 194/227/230 206/240/230 207/241/230 195/228/230
f 195/229/231 207/242/231 208/243/231 196/230/231
f 196/230/232 208/243/232 209/244/232 197/231/232
f 197/231/233 209/244/233 210/245/233 198/232/233
f 198/232/234 210/245/234 211/246/234 199/233/234
f 199/233/235 211/246/235 212/247/235 200/234/235
f 200/234/236 212/247/236 201/235/236 189/222/236
f 201/235/237 213/248/237 214/249/237 202/236/237
f 202/236/238 214/249/238 215/250/238 203/237/238
f 203/237/239 215/250/239 216/251/239 204/238/239
f 204/238/240 216/251/240 217/252/240 205/239/240
f 205/239/241 217/252/241 218/253/241 206/240/241
f 206/240/242 218/253/242 219/254/242 207/241/242
f 207/242/243 219/255/243 220/256/243 208/243/243
f 208/243/244 220/256/244 221/257/244 209/244/244
f 209/244/245 221/257/245 222/258/245 210/245/245
f 210/245/246 222/258/246 223/259/246 211/246/246
f 211/246/247 223/259/247 224/260/247 212/247/247
f 212/247/248 224/260/248 213/248/248 201/235/248
f 213/248/249 225/261/249 226/262/249 214/249/249
f 214/249/250 226/262/250 227/263/250 215/250/250
f 215/250/251 227/263/251 228/264/251 216/251/251
f 216/251/252 228/264/252 229/265/252 217/252/252
f 217/252/253 229/265/253 230/266/253 218/253/253
f 218/253/254 230/266/254 231/267/254 219/254/254
f 219/255/255 231/268/255 232/269/255 220/256/255
f 220/256/256 232/269/256 233/270/256 221/257/256
f 221/257/257 233/270/257 234/271/257 222/258/257
f 222/258/258 234/271/258 235/272/258 223/259/258
f 223/259/259 235/272/259 236/273/259 224/260/259
f 224/260/260 236/273/260 225/261/260 213/248/260
f 225/261/261 237/274/261 238/275/261 226/262/261
f 226/262/262 238/275/262 239/276/262 227/263/262
f 227/263/263 239/276/263 240/277/263 228/264/263
f 228/264/264 240/277/264 241/278/264 229/265/264
f 229/265/265 241/278/265 242/279/265 230/266/265
f 230/266/266 242/279/266 243/280/266 231/267/266
f 231/268/267 243/281/267 244/282/267 232/269/267
f 232/269/268 244/282/268 245/283/268 233/270/268
f 233/270/269 245/283/269 246/284/269 234/271/269
f 234/271/270 246/284/270 247/285/270 235/272/270
f 235/272/271 247/285/271 248/286/271 236/273/271
f 236/273/272 248/286/272 237/274/272 225/261/272
f 237/274/273 249/287/273 250/288/273 238/275/273
f 238/275/274 250/288/274 251/289/274 239/276/274
f 239/276/275 251/289/275 252/290/275 240/277/275
f 240/277/276 252/290/276 253/291/276 241/278/276
f 241/278/277 253/291/277 254/292/277 242/279/277
f 242/279/278 254/292/278 255/293/278 243/280/278
f 243/281/279 255/294/279 256/295/279 244/282/279
f 244/282/280 256/295/280 257/296/280 245/283/280
f 245/283/281 257/296/281 258/297/281 246/284/281
f 246/284/282 258/297/282 259/298/282 247/285/282
f 247/285/283 259/298/283 260/299/283 248/286/283
f 248/286/284 260/299/284 249/287/284 237/274/284
f 249/287/285 261/300/285 262/301/285 250/288/285
f 250/288/286 262/301/286 263/302/286 251/289/286
f 251/289/287 263/302/287 264/303/287 252/290/287
f 252/290/288 264/303/288 265/304/288 253/291/288
f 253/291/289 265/304/289 266/305/289 254/292/289
f 254/292/290 266/305/290 267/306/290 255/293/290
f 255/294/291 267/307/291 268/308/291 256/295/291
f 256/295/292 268/308/292 269/309/292 257/296/292
f 257/296/293 269/309/293 270/310/293 258/297/293
f 258/297/294 270/310/294 271/311/294 259/298/294
f 259/298/295 271/311/295 272/312/295 260/299/295
f 260/299/296 272/312/296 261/300/296 249/287/296
f 261/300/297 273/313/297 274/314/297 262/301/297
f 262/301/298 274/314/298 275/315/298 263/302/298
f 263/302/299 275/315/299 276/316/299 264/303/299
f 264/303/300 276/316/300 277/317/300 265/304/300
f 265/304/301 277/317/301 278/318/301 266/305/301
f 266/305/302 278/318/302 279/319/302 267/306/302
f 267/307/303 279/320/303 280/321/303 268/308/303
f 268/308/304 280/321/304 281/322/304 269/309/304
f 269/309/305 281/322/305 282/323/305 270/310/305
f 270/310/306 282/323/306 283/324/306 271/311/306
f 271/311/307 283/324/307 284/325/307 272/312/307
f 272/312/308 284/325/308 273/313/308 261/300/308
f 273/313/309 285/326/309 286/327/309 274/314/309
f 274/314/310 286/327/310 287/328/310 275/315/310
f 275/315/311 287/328/311 288/329/311 276/316/311
f 276/316/312 288/329/312 289/330/312 277/317/312
f 277/317/313 289/330/313 290/331/313 278/318/313
f 278/318/314 290/331/314 291/332/314 279/319/314
f 279/320/315 291/333/315 292/334/315 280/321/315
f 280/321/316 292/334/316 293/335/316 281/322/316
f 281/322/317 293/335/317 294/336/317 282/323/317
f 282/323/318 294/336/318 295/337/318 283/324/318
f 283/324/319 295/337/319 296/338/319 284/325/319
f 284/325/320 296/338/320 285/326/320 273/313/320
f 285/326/321 297/339/321 298/340/321 286/327/321
f 286/327/322 298/340/322 299/341/322 287/328/322
f 287/328/323 299/341/323 300/342/323 288/329/323
f 288/329/324 300/342/324 301/343/324 289/330/324
f 289/330/325 301/343/325 302/344/325 290/331/325
f 290/331/326 302/344/326 303/345/326 291/332/326
f 291/333/327 303/346/327 304/347/327 292/334/327
f 292/334/328 304/347/328 305/348/328 293/335/328
f 293/335/329 305/348/329 306/349/329 294/336/329
f 294/336/330 306/349/330 307/350/330 295/337/330
f 295/337/331 307/350/331 308/351/331 296/338/331
f 296/338/332 308/351/332 297/339/332 285/326/332
f 297/339/333 309/352/333 310/353/333 298/340/333
f 298/340/334 310/353/334 311/354/334 299/341/334
f 299/341/335 311/354/335 312/355/335 300/342/335
f 300/342/336 312/355/336 313/356/336 301/343/336
f 301/343/337 313/356/337 314/357/337 302/344/337
f 302/344/338 314/357/338 315/358/338 303/345/338
f 303/346/339 315/359/339 316/360/339 304/347/339
f 304/347/340 316/360/340 317/361/340 305/348/340
f 305/348/341 317/361/341 318/362/341 306/349/341
f 306/349/342 318/362/342 319/363/342 307/350/342
f 307/350/343 319/363/343 320/364/343 308/351/343
f 308/351/344 320/364/344 309/352/344 297/339/344
f 309/352/345 321/365/345 322/366/345 310/353/345
f 310/353/346 322/366/346 323/367/346 311/354/346
f 311/354/347 323/367/347 324/368/347 312/355/347
f 312/355/348 324/368/348 325/369/348 313/356/348
f 313/356/349 325/369/349 326/370/349 314/357/349
f 314/357/350 326/370/350 327/371/350 315/358/350
f 315/359/351 327/372/351 328/373/351 316/360/351
f 316/360/352 328/373/352 329/374/352 317/361/352
f 317/361/353 329/374/353 330/375/353 318/362/353
f 318/362/354 330/375/354 331/376/354 319/363/354
f 319/363/355 331/376/355 332/377/355 320/364/355
f 320/364/356 332/377/356 321/365/356 309/352/356
f 321/365/357 333/378/357 334/379/357 322/366/357
f 322/366/358 334/379/358 335/380/358 323/367/358
f 323/367/359 335/380/359 336/381/359 324/368/359
f 324/368/360 336/381/360 337/382/360 325/369/360
f 325/369/361 337/382/361 338/383/361 326/370/361
f 326/370/362 338/383/362 339/384/362 327/371/362
f 327/372/363 339/385/363 340/386/363 328/373/363
f 328/373/364 340/386/364 341/387/364 329/374/364
f 329/374/365 341/387/365 342/388/365 330/375/365
f 330/375/366 342/388/366 343/389/366 331/376/366
f 331/376/367 343/389/367 344/390/367 332/377/367
f 332/377/368 344/390/368 333/378/368 321/365/368
f 333/391/369 345/392/369 346/393/369 334/394/369
f 334/394/370 346/393/370 347/395/370 335/396/370
f 335/396/371 347/395/371 348/397/371 336/398/371
f 336/398/372 348/397/372 349/399/372 337/400/372
f 337/400/373 349/399/373 350/401/373 338/402/373
f 338/402/374 350/401/374 351/403/374 339/404/374
f 339/405/375 351/406/375 352/407/375 340/408/375
f 340/408/376 352/407/376 353/409/376 341/410/376
f 341/410/377 353/409/377 354/411/377 342/412/377
f 342/412/378 354/411/378 355/413/378 343/414/378
f 343/414/379 355/413/379 356/415/379 344/416/379
f 344/416/380 356/415/380 345/392/380 333/391/380
f 345/392/381 357/417/381 358/418/381 346/393/381
f 346/393/382 358/418/382 359/419/382 347/395/382
f 347/395/383 359/419/383 360/420/383 348/397/383
f 348/397/384 360/420/384 361/421/384 349/399/384
f 349/399/385 361/421/385 362/422/385 350/401/385
f 350/401/386 362/422/386 363/423/386 351/403/386
f 351/406/387 363/424/387 364/425/387 352/407/387
f 352/407/388 364/425/388 365/426/388 353/409/388
f 353/409/389 365/426/389 366/427/389 354/411/389
f 354/411/390 366/427/390 367/428/390 355/413/390
f 355/413/391 367/428/391 368/429/391 356/415/391
f 356/415/392 368/429/392 357/417/392 345/392/392
f 357/417/393 369/430/393 370/431/393 358/418/393
f 358/418/394 370/431/394 371/432/394 359/419/394
f 359/419/395 371/432/395 372/433/395 360/420/395
f 360/420/396 372/433/396 373/434/396 361/421/396
f 361/421/397 373/434/397 374/435/397 362/422/397
f 362/422/398 374/435/398 375/436/398 363/423/398
f 363/424/399 375/437/399 376/438/399 364/425/399
f 364/425/400 376/438/400 377/439/400 365/426/400
f 365/426/401 377/439/401 378/440/401 366/427/401
f 366/427/402 378/440/402 379/441/402 367/428/402
f 367/428/403 379/441/403 380/442/403 368/429/403
f 368/429/404 380/442/404 369/430/404 357/417/404
f 369/430/405 381/443/405 382/444/405 370/431/405
f 370/431/406 382/444/406 383/445/406 371/432/406
f 371/432/407 383/445/407 384/446/407 372/433/407
f 372/433/408 384/446/408 385/447/408 373/434/408
f 373/434/409 385/447/409 386/448/409 374/435/409
f 374/435/410 386/448/410 387/449/410 375/436/410
f 375/437/411 387/450/411 388/451/411 376/438/411
f 376/438/412 388/451/412 389/452/412 377/439/412
f 377/439/413 389/452/413 390/453/413 378/440/413
f 378/440/414 390/453/414 391/454/414 379/441/414
f 379/441/415 391/454/415 392/455/415 380/442/415
f 380/442/416 392/455/416 381/443/416 369/430/416
f 381/443/417 393/456/417 394/457/417 382/444/417
f 382/444/418 394/457/418 395/458/418 383/445/418
f 383/445/419 395/458/419 396/459/419 384/446/419
f 384/446/420 396/459/420 397/460/420 385/447/420
f 385/447/421 397/460/421 398/461/421 386/448/421
f 386/448/422 398/461/422 399/462/422 387/449/422
f 387/450/423 399/463/423 400/464/423 388/451/423
f 388/451/424 400/464/424 401/465/424 389/452/424
f 389/452/425 401/465/425 402/466/425 390/453/425
f 390/453/426 402/466/426 403/467/426 391/454/426
f 391/454/427 403/467/427 404/468/427 392/455/427
f 392/455/428 404/468/428 393/456/428 381/443/428
f 393/456/429 405/469/429 406/470/429 394/457/429
f 394/457/430 406/470/430 407/471/430 395/458/430
f 395/458/431 407/471/431 408/472/431 396/459/431
f 396/459/432 408/472/432 409/473/432 397/460/432
f 397/460/433 409/473/433 410/474/433 398/461/433
f 398/461/434 410/474/434 411/475/434 399/462/434
f 399/463/435 411/476/435 412/477/435 400/464/435
f 400/464/436 412/477/436 413/478/436 401/465/436
f 401/465/437 413/478/437 414/479/437 402/466/437
f 402/466/438 414/479/438 415/480/438 403/467/438
f 403/467/439 415/480/439 416/481/439 404/468/439
f 404/468/440 416/481/440 405/469/440 393/456/440
f 405/469/441 417/482/441 418/483/441 406/470/441
f 406/470/442 418/483/442 419/484/442 407/471/442
f 407/471/443 419/484/443 420/485/443 408/472/443
f 408/472/444 420/485/444 421/486/444 409/473/444
f 409/473/445 421/486/445 422/487/445 410/474/445
f 410/474/446 422/487/446 423/488/446 411/475/446
f 411/476/447 423/489/447 424/490/447 412/477/447
f 412/477/448 424/490/448 425/491/448 413/478/448
f 413/478/449 425/491/449 426/492/449 414/479/449
f 414/479/450 426/492/450 427/493/450 415/480/450
f 415/480/451 427/493/451 428/494/451 416/481/451
f 416/481/452 428/494/452 417/482/452 405/469/452
f 417/482/453 429/495/453 430/496/453 418/483/453
f 418/483/454 430/496/454 431/497/454 419/484/454
f 419/484/455 431/497/455 432/498/455 420/485/455
f 420/485/456 432/498/456 433/499/456 421/486/456
f 421/486/457 433/499/457 434/500/457 422/487/457
f 422/487/458 434/500/458 435/501/458 423/488/458
f 423/489/459 435/502/459 436/503/459 424/490/459
f 424/490/460 436/503/460 437/504/460 425/491/460
f 425/491/461 437/504/461 438/505/461 426/492/461
f 426/492/462 438/505/462 439/506/462 427/493/462
f 427/493/463 439/506/463 440/507/463 428/494/463
f 428/494/464 440/507/464 429/495/464 417/482/464
f 429/495/465 441/508/465 442/509/465 430/496/465
f 430/496/466 442/509/466 443/510/466 431/497/466
f 431/497/467 443/510/467 444/511/467 432/498/467
f 432/498/468 444/511/468 445/512/468 433/499/468
f 433/499/469 445/512/469 446/513/469 434/500/469
f 434/500/470 446/513/470 447/514/470 435/501/470
f 435/502/471 447/515/471 448/516/471 436/503/471
f 436/503/472 448/516/472 449/517/472 437/504/472
f 437/504/473 449/517/473 450/518/473 438/505/473
f 438/505/474 450/518/474 451/519/474 439/506/474
f 439/506/475 451/519/475 452/520/475 440/507/475
f 440/507/476 452/520/476 441/508/476 429/495/476
f 441/508/477 453/521/477 454/522/477 442/509/477
f 442/509/478 454/522/478 455/523/478 443/510/478
f 443/510/479 455/523/479 456/524/479 444/511/479
f 444/511/480 456/524/480 457/525/480 445/512/480
f 445/512/481 457/525/481 458/526/481 446/513/481
f 446/513/482 458/526/482 459/527/482 447/514/482
f 447/515/483 459/528/483 460/529/483 448/516/483
f 448/516/484 460/529/484 461/530/484 449/517/484
f 449/517/485 461/530/485 462/531/485 450/518/485
f 450/518/486 462/531/486 463/532/486 451/519/486
f 451/519/487 463/532/487 464/533/487 452/520/487
f 452/520/488 464/533/488 453/521/488 441/508/488
f 453/521/489 465/534/489 466/535/489 454/522/489
f 454/522/490 466/535/490 467/536/490 455/523/490
f 455/523/491 467/536/491 468/537/491 456/524/491
f 456/524/492 468/537/492 469/538/492 457/525/492
f 457/525/493 469/538/493 470/539/493 458/526/493
f 458/526/494 470/539/494 471/540/494 459/527/494
f 459/528/495 471/541/495 472/542/495 460/529/495
f 460/529/496 472/542/496 473/543/496 461/530/496
f 461/530/497 473/543/497 474/544/497 462/531/497
f 462/531/498 474/544/498 475/545/498 463/532/498
f 463/532/499 475/545/499 476/546/499 464/533/499
f 464/533/500 476/546/500 465/534/500 453/521/500
f 465/534/501 477/547/501 478/548/501 466/535/501
f 466/535/502 478/548/502 479/549/502 467/536/502
f 467/536/503 479/549/503 480/550/503 468/537/503
f 468/537/504 480/550/504 481/551/504 469/538/504
f 469/538/505 481/551/505 482/552/505 470/539/505
f 470/539/506 482/552/506 483/553/506 471/540/506
f 471/541/507 483/554/507 484/555/507 472/542/507
f 472/542/508 484/555/508 485/556/508 473/543/508
f 473/543/509 485/556/509 486/557/509 474/544/509
f 474/544/510 486/557/510 487/558/510 475/545/510
f 475/545/511 487/558/511 488/559/511 476/546/511
f 476/546/512 488/559/512 477/547/512 465/534/512
f 477/547/513 489/560/513 490/561/513 478/548/513
f 478/548/514 490/561/514 491/562/514 479/549/514
f 479/549/515 491/562/515 492/563/515 480/550/515
f 480/550/516 492/563/516 493/564/516 481/551/516
f 481/551/517 493/564/517 494/565/517 482/552/517
f 482/552/518 494/565/518 495/566/518 483/553/518
f 483/554/519 495/567/519 496/568/519 484/555/519
f 484/555/520 496/568/520 497/569/520 485/556/520
f 485/556/521 497/569/521 498/570/521 486/557/521
f 486/557/522 498/570/522 499/571/522 487/558/522
f 487/558/523 499/571/523 500/572/523 488/559/523
f 488/559/524 500/572/524 489/560/524 477/547/524
f 489/560/525 501/573/525 502/574/525 490/561/525
f 490/561/526 502/574/526 503/575/526 491/562/526
f 491/562/527 503/575/527 504/576/527 492/563/527
f 492/563/528 504/576/528 505/577/528 493/564/528
f 493/564/529 505/577/529 506/578/529 494/565/529
f 494/565/530 506/578/530 507/579/530 495/566/530
f 495/567/531 507/580/531 508/581/531 496/568/531
f 496/568/532 508/581/532 509/582/532 497/569/532
f 497/569/533 509/582/533 510/583/533 498/570/533
f 498/570/534 510/583/534 511/584/534 499/571/534
f 499/571/535 511/584/535 512/585/535 500/572/535
f 500/572/536 512/585/536 501/573/536 489/560/536
f 501/573/537 513/586/537 514/587/537 502/574/537
f 502/574/538 514/587/538 515/588/538 503/575/538
f 503/575/539 515/588/539 516/589/539 504/576/539
f 504/576/540 516/589/540 517/590/540 505/577/540
f 505/577/541 517/590/541 518/591/541 506/578/541
f 506/578/542 518/591/542 519/592/542 507/579/542
f 507/580/543 519/593/543 520/594/543 508/581/543
f 508/581/544 520/594/544 521/595/544 509/582/544
f 509/582/545 521/595/545 522/596/545 510/583/545
f 510/583/546 522/596/546 523/597/546 511/584/546
f 511/584/547 523/597/547 524/598/547 512/585/547
f 512/585/548 524/598/548 513/586/548 501/573/548
f 513/586/549 525/599/549 526/600/549 514/587/549
f 514/587/550 526/600/550 527/601/550 515/588/550
f 515/588/551 527/601/551 528/602/551 516/589/551
f 516/589/552 528/602/552 529/603/552 517/590/552
f 517/590/553 529/603/553 530/604/553 518/591/553
f 518/591/554 530/604/554 531/605/554 519/592/554
f 519/593/555 531/606/555 532/607/555 520/594/555
f 520/594/556 532/607/556 533/608/556 521/595/556
f 521/595/557 533/608/557 534/609/557 522/596/557
f 522/596/558 534/609/558 535/610/558 523/597/558
f 523/597/559 535/610/559 536/611/559 524/598/559
f 524/598/560 536/611/560 525/599/560 513/586/560
f 525/599/561 537/612/561 538/613/561 526/600/561
f 526/600/562 538/613/562 539/614/562 527/601/562
f 527/601/563 539/614/563 540/615/563 528/602/563
f 528/602/564 540/615/564 541/616/564 529/603/564
f 529/603/565 541/616/565 542/617/565 530/604/565
f 530/604/566 542/617/566 543/618/566 531/605/566
f 531/606/567 543/619/567 544/620/567 532/607/567
f 532/607/568 544/620/568 545/621/568 533/608/568
f 533/608/569 545/621/569 546/622/569 534/609/569
f 534/609/570 546/622/570 547/623/570 535/610/570
f 535/610/571 547/623/571 548/624/571 536/611/571
f 536/611/572 548/624/572 537/612/572 525/599/572
f 537/612/573 549/625/573 550/626/573 538/613/573
f 538/613/574 550/626/574 551/627/574 539/614/574
f 539/614/575 551/627/575 552/628/575 540/615/575
f 540/615/576 552/628/576 553/629/576 541/616/576
f 541/616/577 553/629/577 554/630/577 542/617/577
f 542/617/578 554/630/578 555/631/578 543/618/578
f 543/619/579 555/632/579 556/633/579 544/620/579
f 544/620/580 556/633/580 557/634/580 545/621/580
f 545/621/581 557/634/581 558/635/581 546/622/581
f 546/622/582 558/635/582 559/636/582 547/623/582
f 547/623/583 559/636/583 560/637/583 548/624/583
f 548/624/584 560/637/584 549/625/584 537/612/584
f 549/625/585 561/638/585 562/639/585 550/626/585
f 550/626/586 562/639/586 563/640/586 551/627/586
f 551/627/587 563/640/587 564/641/587 552/628/587
f 552/628/588 564/641/588 565/642/588 553/629/588
f 553/629/589 565/642/589 566/643/589 554/630/589
f 554/630/590 566/643/590 567/644/590 555/631/590
f 555/632/591 567/645/591 568/646/591 556/633/591
f 556/633/592 568/646/592 569/647/592 557/634/592
f 557/634/593 569/647/593 570/648/593 558/635/593
f 558/635/594 570/648/594 571/649/594 559/636/594
f 559/636/595 571/649/595 572/650/595 560/637/595
f 560/637/596 572/650/596 561/638/596 549/625/596
f 561/638/597 573/651/597 574/652/597 562/639/597
f 562/639/598 574/652/598 575/653/598 563/640/598
f 563/640/599 575/653/599 576/654/599 564/641/599
f 564/641/600 576/654/600 577/655/600 565/642/600
f 565/642/601 577/655/601 578/656/601 566/643/601
f 566/643/602 578/656/602 579/657/602 567/644/602
f 567/645/603 579/658/603 580/659/603 568/646/603
f 568/646/604 580/659/604 581/660/604 569/647/604
f 569/647/605 581/660/605 582/661/605 570/648/605
f 570/648/606 582/661/606 583/662/606 571/649/606
f 571/649/607 583/662/607 584/663/607 572/650/607
f 572/650/608 584/663/608 573/651/608 561/638/608
f 573/651/609 585/664/609 586/665/609 574/652/609
f 574/652/610 586/665/610 587/666/610 575/653/610
f 575/653/611 587/666/611 588/667/611 576/654/611
f 576/654/612 588/667/612 589/668/612 577/655/612
f 577/655/613 589/668/613 590/669/613 578/656/613
f 578/656/614 590/669/614 591/670/614 579/657/614
f 579/658/615 591/671/615 592/672/615 580/659/615
f 580/659/616 592/672/616 593/673/616 581/660/616
f 581/660/617 593/673/617 594/674/617 582/661/617
f 582/661/618 594/674/618 595/675/618 583/662/618
f 583/662/619 595/675/619 596/676/619 584/663/619
f 584/663/620 596/676/620 585/664/620 573/651/620
f 585/664/621 597/677/621 598/678/621 586/665/621
f 586/665/622 598/678/622 599/679/622 587/666/622
f 587/666/623 599/679/623 600/680/623 588/667/623
f 588/667/624 600/680/624 601/681/624 589/668/624
f 589/668/625 601/681/625 602/682/625 590/669/625
f 590/669/626 602/682/626 603/683/626 591/670/626
f 591/671/627 603/684/627 604/685/627 592/672/627
f 592/672/628 604/685/628 605/686/628 593/673/628
f 593/673/629 605/686/629 606/687/629 594/674/629
f 594/674/630 606/687/630 607/688/630 595/675/630
f 595/675/631 607/688/631 608/689/631 596/676/631
f 596/676/632 608/689/632 597/677/632 585/664/632
f 597/677/633 609/690/633 610/691/633 598/678/633
f 598/678/634 610/691/634 611/692/634 599/679/634
f 599/679/635 611/692/635 612/693/635 600/680/635
f 600/680/636 612/693/636 613/694/636 601/681/636
f 601/681/637 613/694/637 614/695/637 602/682/637
f 602/682/638 614/695/638 615/696/638 603/683/638
f 603/684/639 615/697/639 616/698/639 604/685/639
f 604/685/640 616/698/640 617/699/640 605/686/640
f 605/686/641 617/699/641 618/700/641 606/687/641
f 606/687/642 618/700/642 619/701/642 607/688/642
f 607/688/643 619/701/643 620/702/643 608/689/643
f 608/689/644 620/702/644 609/690/644 597/677/644
f 609/690/645 45/66/645 46/69/645 610/691/645
f 610/691/646 46/69/646 47/71/646 611/692/646
f 611/692/647 47/71/647 48/73/647 612/693/647
f 612/693/648 48/73/648 49/75/648 613/694/648
f 613/694/649 49/75/649 50/77/649 614/695/649
f 614/695/650 50/77/650 51/79/650 615/696/650
f 615/697/651 51/80/651 52/83/651 616/698/651
f 616/698/652 52/83/652 53/85/652 617/699/652
f 617/699/653 53/85/653 54/87/653 618/700/653
f 618/700/654 54/87/654 55/89/654 619/701/654
f 619/701/655 55/89/655 56/91/655 620/702/655
f 620/702/656 56/91/656 45/66/656 609/690/656
f 621/703/81 633/704/81 634/705/81 622/706/81
f 622/706/82 634/705/82 635/707/82 623/708/82
f 623/708/83 635/707/83 636/709/83 624/710/83
f 624/710/84 636/709/84 637/711/84 625/712/84
f 625/712/85 637/711/85 638/713/85 626/714/85
f 626/714/86 638/713/86 639/715/86 627/716/86
f 627/717/87 639/718/87 640/719/87 628/720/87
f 628/720/88 640/719/88 641/721/88 629/722/88
f 629/722/89 641/721/89 642/723/89 630/724/89
f 630/724/90 642/723/90 643/725/90 631/726/90
f 631/726/91 643/725/91 644/727/91 632/728/91
f 632/728/92 644/727/92 633/704/92 621/703/92
f 633/704/93 645/729/93 646/730/93 634/705/93
f 634/705/94 646/730/94 647/731/94 635/707/94
f 635/707/95 647/731/95 648/732/95 636/709/95
f 636/709/96 648/732/96 649/733/96 637/711/96
f 637/711/97 649/733/97 650/734/97 638/713/97
f 638/713/98 650/734/98 651/735/98 639/715/98
f 639/718/99 651/736/99 652/737/99 640/719/99
f 640/719/100 652/737/100 653/738/100 641/721/100
f 641/721/101 653/738/101 654/739/101 642/723/101
f 642/723/102 654/739/102 655/740/102 643/725/102
f 643/725/103 655/740/103 656/741/103 644/727/103
f 644/727/104 656/741/104 645/729/104 633/704/104
f 645/729/105 657/742/105 658/743/105 646/730/105
f 646/730/106 658/743/106 659/744/106 647/731/106
f 647/731/107 659/744/107 660/745/107 648/732/107
f 648/732/108 660/745/108 661/746/108 649/733/108
f 649/733/109 661/746/109 662/747/109 650/734/109
f 650/734/110 662/747/110 663/748/110 651/735/110
f 651/736/111 663/749/111 664/750/111 652/737/111
f 652/737/112 664/750/112 665/751/112 653/738/112
f 653/738/113 665/751/113 666/752/113 654/739/113
f 654/739/114 666/752/114 667/753/114 655/740/114
f 655/740/115 667/753/115 668/754/115 656/741/115
f 656/741/116 668/754/116 657/742/116 645/729/116
f 657/742/117 669/755/117 670/756/117 658/743/117
f 658/743/118 670/756/118 671/757/118 659/744/118
f 659/744/119 671/757/119 672/758/119 660/745/119
f 660/745/120 672/758/120 673/759/120 661/746/120
f 661/746/121 673/759/121 674/760/121 662/747/121
f 662/747/122 674/760/122 675/761/122 663/748/122
f 663/749/123 675/762/123 676/763/123 664/750/123
f 664/750/124 676/763/124 677/764/124 665/751/124
f 665/751/125 677/764/125 678/765/125 666/752/125
f 666/752/126 678/765/126 679/766/126 667/753/126
f 667/753/127 679/766/127 680/767/127 668/754/127
f 668/754/128 680/767/128 669/755/128 657/742/128
f 669/755/129 681/768/129 682/769/129 670/756/129
f 670/756/130 682/769/130 683/770/130 671/757/130
f 671/757/131 683/770/131 684/771/131 672/758/131
f 672/758/132 684/771/132 685/772/132 673/759/132
f 673/759/133 685/772/133 686/773/133 674/760/133
f 674/760/134 686/773/134 687/774/134 675/761/134
f 675/762/135 687/775/135 688/776/135 676/763/135
f 676/763/136 688/776/136 689/777/136 677/764/136
f 677/764/137 689/777/137 690/778/137 678/765/137
f 678/765/138 690/778/138 691/779/138 679/766/138
f 679/766/139 691/779/139 692/780/139 680/767/139
f 680/767/140 692/780/140 681/768/140 669/755/140
f 681/768/141 693/781/141 694/782/141 682/769/141
f 682/769/142 694/782/142 695/783/142 683/770/142
f 683/770/143 695/783/143 696/784/143 684/771/143
f 684/771/144 696/784/144 697/785/144 685/772/144
f 685/772/145 697/785/145 698/786/145 686/773/145
f 686/773/146 698/786/146 699/787/146 687/774/146
f 687/775/147 699/788/147 700/789/147 688/776/147
f 688/776/148 700/789/148 701/790/148 689/777/148
f 689/777/149 701/790/149 702/791/149 690/778/149
f 690/778/150 702/791/150 703/792/150 691/779/150
f 691/779/151 703/792/151 704/793/151 692/780/151
f 692/780/152 704/793/152 693/781/152 681/768/152
f 693/781/153 705/794/153 706/795/153 694/782/153
f 694/782/154 706/795/154 707/796/154 695/783/154
f 695/783/155 707/796/155 708/797/155 696/784/155
f 696/784/156 708/797/156 709/798/156 697/785/156
f 697/785/157 709/798/157 710/799/157 698/786/157
f 698/786/158 710/799/158 711/800/158 699/787/158
f 699/788/159 711/801/159 712/802/159 700/789/159
f 700/789/160 712/802/160 713/803/160 701/790/160
f 701/790/161 713/803/161 714/804/161 702/791/161
f 702/791/162 714/804/162 715/805/162 703/792/162
f 703/792/163 715/805/163 716/806/163 704/793/163
f 704/793/164 716/806/164 705/794/164 693/781/164
f 705/794/165 717/807/165 718/808/165 706/795/165
f 706/795/166 718/808/166 719/809/166 707/796/166
f 707/796/167 719/809/167 720/810/167 708/797/167
f 708/797/168 720/810/168 721/811/168 709/798/168
f 709/798/169 721/811/169 722/812/169 710/799/169
f 710/799/170 722/812/170 723/813/170 711/800/170
f 711/801/171 723/814/171 724/815/171 712/802/171
f 712/802/172 724/815/172 725/816/172 713/803/172
f 713/803/173 725/816/173 726/817/173 714/804/173
f 714/804/174 726/817/174 727/818/174 715/805/174
f 715/805/175 727/818/175 728/819/175 716/806/175
f 716/806/176 728/819/176 717/807/176 705/794/176
f 717/807/177 729/820/177 730/821/177 718/808/177
f 718/808/178 730/821/178 731/822/178 719/809/178
f 719/809/179 731/822/179 732/823/179 720/810/179
f 720/810/180 732/823/180 733/824/180 721/811/180
f 721/811/181 733/824/181 734/825/181 722/812/181
f 722/812/182 734/825/182 735/826/182 723/813/182
f 723/814/183 735/827/183 736/828/183 724/815/183
f 724/815/184 736/828/184 737/829/184 725/816/184
f 725/816/185 737/829/185 738/830/185 726/817/185
f 726/817/186 738/830/186 739/831/186 727/818/186
f 727/818/187 739/831/187 740/832/187 728/819/187
f 728/819/188 740/832/188 729/820/188 717/807/188
f 729/820/189 741/833/189 742/834/189 730/821/189
f 730/821/190 742/834/190 743/835/190 731/822/190
f 731/822/191 743/835/191 744/836/191 732/823/191
f 732/823/192 744/836/192 745/837/192 733/824/192
f 733/824/193 745/837/193 746/838/193 734/825/193
f 734/825/194 746/838/194 747/839/194 735/826/194
f 735/827/195 747/840/195 748/841/195 736/828/195
f 736/828/196 748/841/196 749/842/196 737/829/196
f 737/829/197 749/842/197 750/843/197 738/830/197
f 738/830/198 750/843/198 751/844/198 739/831/198
f 739/831/199 751/844/199 752/845/199 740/832/199
f 740/832/200 752/845/200 741/833/200 729/820/200
f 741/833/201 753/846/201 754/847/201 742/834/201
f 742/834/202 754/847/202 755/848/202 743/835/202
f 743/835/203 755/848/203 756/849/203 744/836/203
f 744/836/204 756/849/204 757/850/204 745/837/204
f 745/837/205 757/850/205 758/851/205 746/838/205
f 746/838/206 758/851/206 759/852/206 747/839/206
f 747/840/207 759/853/207 760/854/207 748/841/207
f 748/841/208 760/854/208 761/855/208 749/842/208
f 749/842/209 761/855/209 762/856/209 750/843/209
f 750/843/210 762/856/210 763/857/210 751/844/210
f 751/844/211 763/857/211 764/858/211 752/845/211
f 752/845/212 764/858/212 753/846/212 741/833/212
f 753/846/213 765/859/213 766/860/213 754/847/213
f 754/847/214 766/860/214 767/861/214 755/848/214
f 755/848/215 767/861/215 768/862/215 756/849/215
f 756/849/216 768/862/216 769/863/216 757/850/216
f 757/850/217 769/863/217 770/864/217 758/851/217
f 758/851/218 770/864/218 771/865/218 759/852/218
f 759/853/219 771/866/219 772/867/219 760/854/219
f 760/854/220 772/867/220 773/868/220 761/855/220
f 761/855/221 773/868/221 774/869/221 762/856/221
f 762/856/222 774/869/222 775/870/222 763/857/222
f 763/857/223 775/870/223 776/871/223 764/858/223
f 764/858/224 776/871/224 765/859/224 753/846/224
f 765/859/225 777/872/225 778/873/225 766/860/225
f 766/860/226 778/873/226 779/874/226 767/861/226
f 767/861/227 779/874/227 780/875/227 768/862/227
f 768/862/228 780/875/228 781/876/228 769/863/228
f 769/863/229 781/876/229 782/877/229 770/864/229
f 770/864/230 782/877/230 783/878/230 771/865/230
f 771/866/231 783/879/231 784/880/231 772/867/231
f 772/867/232 784/880/232 785/881/232 773/868/232
f 773/868/233 785/881/233 786/882/233 774/869/233
f 774/869/234 786/882/234 787/883/234 775/870/234
f 775/870/235 787/883/235 788/884/235 776/871/235
f 776/871/236 788/884/236 777/872/236 765/859/236
f 777/872/237 789/885/237 790/886/237 778/873/237
f 778/873/238 790/886/238 791/887/238 779/874/238
f 779/874/239 791/887/239 792/888/239 780/875/239
f 780/875/240 792/888/240 793/889/240 781/876/240
f 781/876/241 793/889/241 794/890/241 782/877/241
f 782/877/242 794/890/242 795/891/242 783/878/242
f 783/879/243 795/892/243 796/893/243 784/880/243
f 784/880/244 796/893/244 797/894/244 785/881/244
f 785/881/245 797/894/245 798/895/245 786/882/245
f 786/882/246 798/895/246 799/896/246 787/883/246
f 787/883/247 799/896/247 800/897/247 788/884/247
f 788/884/248 800/897/248 789/885/248 777/872/248
f 789/885/249 801/898/249 802/899/249 790/886/249
f 790/886/250 802/899/250 803/900/250 791/887/250
f 791/887/251 803/900/251 804/901/251 792/888/251
f 792/888/252 804/901/252 805/902/252 793/889/252
f 793/889/253 805/902/253 806/903/253 794/890/253
f 794/890/254 806/903/254 807/904/254 795/891/254
f 795/892/255 807/905/255 808/906/255 796/893/255
f 796/893/256 808/906/256 809/907/256 797/894/256
f 797/894/257 809/907/257 810/908/257 798/895/257
f 798/895/258 810/908/258 811/909/258 799/896/258
f 799/896/259 811/909/259 812/910/259 800/897/259
f 800/897/260 812/910/260 801/898/260 789/885/260
f 801/898/261 813/911/261 814/912/261 802/899/261
f 802/899/262 814/912/262 815/913/262 803/900/262
f 803/900/263 815/913/263 816/914/263 804/901/263
f 804/901/264 816/914/264 817/915/264 805/902/264
f 805/902/265 817/915/265 818/916/265 806/903/265
f 806/903/266 818/916/266 819/917/266 807/904/266
f 807/905/267 819/918/267 820/919/267 808/906/267
f 808/906/268 820/919/268 821/920/268 809/907/268
f 809/907/269 821/920/269 822/921/269 810/908/269
f 810/908/270 822/921/270 823/922/270 811/909/270
f 811/909/271 823/922/271 824/923/271 812/910/271
f 812/910/272 824/923/272 813/911/272 801/898/272
f 813/911/273 825/924/273 826/925/273 814/912/273
f 814/912/274 826/925/274 827/926/274 815/913/274
f 815/913/275 827/926/275 828/927/275 816/914/275
f 816/914/276 828/927/276 829/928/276 817/915/276
f 817/915/277 829/928/277 830/929/277 818/916/277
f 818/916/278 830/929/278 831/930/278 819/917/278
f 819/918/279 831/931/279 832/932/279 820/919/279
f 820/919/280 832/932/280 833/933/280 821/920/280
f 821/920/281 833/933/281 834/934/281 822/921/281
f 822/921/282 834/934/282 835/935/282 823/922/282
f 823/922/283 835/935/283 836/936/283 824/923/283
f 824/923/284 836/936/284 825/924/284 813/911/284
f 825/924/285 837/937/285 838/938/285 826/925/285
f 826/925/286 838/938/286 839/939/286 827/926/286
f 827/926/287 839/939/287 840/940/287 828/927/287
f 828/927/288 840/940/288 841/941/288 829/928/288
f 829/928/289 841/941/289 842/942/289 830/929/289
f 830/929/290 842/942/290 843/943/290 831/930/290
f 831/931/291 843/944/291 844/945/291 832/932/291
f 832/932/292 844/945/292 845/946/292 833/933/292
f 833/933/293 845/946/293 846/947/293 834/934/293
f 834/934/294 846/947/294 847/948/294 835/935/294
f 835/935/295 847/948/295 848/949/295 836/936/295
f 836/936/296 848/949/296 837/937/296 825/924/296
f 837/937/297 849/950/297 850/951/297 838/938/297
f 838/938/298 850/951/298 851/952/298 839/939/298
f 839/939/299 851/952/299 852/953/299 840/940/299
f 840/940/300 852/953/300 853/954/300 841/941/300
f 841/941/301 853/954/301 854/955/301 842/942/301
f 842/942/302 854/955/302 855/956/302 843/943/302
f 843/944/303 855/957/303 856/958/303 844/945/303
f 844/945/304 856/958/304 857/959/304 845/946/304
f 845/946/305 857/959/305 858/960/305 846/947/305
f 846/947/306 858/960/306 859/961/306 847/948/306
f 847/948/307 859/961/307 860/962/307 848/949/307
f 848/949/308 860/962/308 849/950/308 837/937/308
f 849/950/309 861/963/309 862/964/309 850/951/309
f 850/951/310 862/964/310 863/965/310 851/952/310
f 851/952/311 863/965/311 864/966/311 852/953/311
f 852/953/312 864/966/312 865/967/312 853/954/312
f 853/954/313 865/967/313 866/968/313 854/955/313
f 854/955/314 866/968/314 867/969/314 855/956/314
f 855/957/315 867/970/315 868/971/315 856/958/315
f 856/958/316 868/971/316 869/972/316 857/959/316
f 857/959/317 869/972/317 870/973/317 858/960/317
f 858/960/318 870/973/318 871/974/318 859/961/318
f 859/961/319 871/974/319 872/975/319 860/962/319
f 860/962/320 872/975/320 861/963/320 849/950/320
f 861/963/321 873/976/321 874/977/321 862/964/321
f 862/964/322 874/977/322 875/978/322 863/965/322
f 863/965/323 875/978/323 876/979/323 864/966/323
f 864/966/324 876/979/324 877/980/324 865/967/324
f 865/967/325 877/980/325 878/981/325 866/968/325
f 866/968/326 878/981/326 879/982/326 867/969/326
f 867/970/327 879/983/327 880/984/327 868/971/327
f 868/971/328 880/984/328 881/985/328 869/972/328
f 869/972/329 881/985/329 882/986/329 870/973/329
f 870/973/330 882/986/330 883/987/330 871/974/330
f 871/974/331 883/987/331 884/988/331 872/975/331
f 872/975/332 884/988/332 873/976/332 861/963/332
f 873/976/333 885/989/333 886/990/333 874/977/333
f 874/977/334 886/990/334 887/991/334 875/978/334
f 875/978/335 887/991/335 888/992/335 876/979/335
f 876/979/336 888/992/336 889/993/336 877/980/336
f 877/980/337 889/993/337 890/994/337 878/981/337
f 878/981/338 890/994/338 891/995/338 879/982/338
f 879/983/339 891/996/339 892/997/339 880/984/339
f 880/984/340 892/997/340 893/998/340 881/985/340
f 881/985/341 893/998/341 894/999/341 882/986/341
f 882/986/342 894/999/342 895/1000/342 883/987/342
f 883/987/343 895/1000/343 896/1001/343 884/988/343
f 884/988/344 896/1001/344 885/989/344 873/976/344
f 885/989/345 897/1002/345 898/1003/345 886/990/345
f 886/990/346 898/1003/346 899/1004/346 887/991/346
f 887/991/347 899/1004/347 900/1005/347 888/992/347
f 888/992/348 900/1005/348 901/1006/348 889/993/348
f 889/993/349 901/1006/349 902/1007/349 890/994/349
f 890/994/350 902/1007/350 903/1008/350 891/995/350
f 891/996/351 903/1009/351 904/1010/351 892/997/351
f 892/997/352 904/1010/352 905/1011/352 893/998/352
f 893/998/353 905/1011/353 906/1012/353 894/999/353
f 894/999/354 906/1012/354 907/1013/354 895/1000/354
f 895/1000/355 907/1013/355 908/1014/355 896/1001/355
f 896/1001/356 908/1014/356 897/1002/356 885/989/356
f 897/1002/357 909/1015/357 910/1016/357 898/1003/357
f 898/1003/358 910/1016/358 911/1017/358 899/1004/358
f 899/1004/359 911/1017/359 912/1018/359 900/1005/359
f 900/1005/360 912/1018/360 913/1019/360 901/1006/360
f 901/1006/361 913/1019/361 914/1020/361 902/1007/361
f 902/1007/362 914/1020/362 915/1021/362 903/1008/362
f 903/1009/363 915/1022/363 916/1023/363 904/1010/363
f 904/1010/364 916/1023/364 917/1024/364 905/1011/364
f 905/1011/365 917/1024/365 918/1025/365 906/1012/365
f 906/1012/366 918/1025/366 919/1026/366 907/1013/366
f 907/1013/367 919/1026/367 920/1027/367 908/1014/367
f 908/1014/368 920/1027/368 909/1015/368 897/1002/368
f 909/1028/369 921/1029/369 922/1030/369 910/1031/369
f 910/1031/370 922/1030/370 923/1032/370 911/1033/370
f 911/1033/371 923/1032/371 924/1034/371 912/1035/371
f 912/1035/372 924/1034/372 925/1036/372 913/1037/372
f 913/1037/373 925/1036/373 926/1038/373 914/1039/373
f 914/1039/374 926/1038/374 927/1040/374 915/1041/374
f 915/1042/375 927/1043/375 928/1044/375 916/1045/375
f 916/1045/376 928/1044/376 929/1046/376 917/1047/376
f 917/1047/377 929/1046/377 930/1048/377 918/1049/377
f 918/1049/378 930/1048/378 931/1050/378 919/1051/378
f 919/1051/379 931/1050/379 932/1052/379 920/1053/379
f 920/1053/380 932/1052/380 921/1029/380 909/1028/380
f 921/1029/381 933/1054/381 934/1055/381 922/1030/381
f 922/1030/382 934/1055/382 935/1056/382 923/1032/382
f 923/1032/383 935/1056/383 936/1057/383 924/1034/383
f 924/1034/384 936/1057/384 937/1058/384 925/1036/384
f 925/1036/385 937/1058/385 938/1059/385 926/1038/385
f 926/1038/386 938/1059/386 939/1060/386 927/1040/386
f 927/1043/387 939/1061/387 940/1062/387 928/1044/387
f 928/1044/388 940/1062/388 941/1063/388 929/1046/388
f 929/1046/389 941/1063/389 942/1064/389 930/1048/389
f 930/1048/390 942/1064/390 943/1065/390 931/1050/390
f 931/1050/391 943/1065/391 944/1066/391 932/1052/391
f 932/1052/392 944/1066/392 933/1054/392 921/1029/392
f 933/1054/393 945/1067/393 946/1068/393 934/1055/393
f 934/1055/394 946/1068/394 947/1069/394 935/1056/394
f 935/1056/395 947/1069/395 948/1070/395 936/1057/395
f 936/1057/396 948/1070/396 949/1071/396 937/1058/396
f 937/1058/397 949/1071/397 950/1072/397 938/1059/397
f 938/1059/398 950/1072/398 951/1073/398 939/1060/398
f 939/1061/399 951/1074/399 952/1075/399 940/1062/399
f 940/1062/400 952/1075/400 953/1076/400 941/1063/400
f 941/1063/401 953/1076/401 954/1077/401 942/1064/401
f 942/1064/402 954/1077/402 955/1078/402 943/1065/402
f 943/1065/403 955/1078/403 956/1079/403 944/1066/403
f 944/1066/404 956/1079/404 945/1067/404 933/1054/404
f 945/1067/405 957/1080/405 958/1081/405 946/1068/405
f 946/1068/406 958/1081/406 959/1082/406 947/1069/406
f 947/1069/407 959/1082/407 960/1083/407 948/1070/407
f 948/1070/408 960/1083/408 961/1084/408 949/1071/408
f 949/1071/409 961/1084/409 962/1085/409 950/1072/409
f 950/1072/410 962/1085/410 963/1086/410 951/1073/410
f 951/1074/411 963/1087/411 964/1088/411 952/1075/411
f 952/1075/412 964/1088/412 965/1089/412 953/1076/412
f 953/1076/413 965/1089/413 966/1090/413 954/1077/413
f 954/1077/414 966/1090/414 967/1091/414 955/1078/414
f 955/1078/415 967/1091/415 968/1092/415 956/1079/415
f 956/1079/416 968/1092/416 957/1080/416 945/1067/416
f 957/1080/417 969/1093/417 970/1094/417 958/1081/417
f 958/1081/418 970/1094/418 971/1095/418 959/1082/418
f 959/1082/419 971/1095/419 972/1096/419 960/1083/419
f 960/1083/420 972/1096/420 973/1097/420 961/1084/420
f 961/1084/421 973/1097/421 974/1098/421 962/1085/421
f 962/1085/422 974/1098/422 975/1099/422 963/1086/422
f 963/1087/423 975/1100/423 976/1101/423 964/1088/423
f 964/1088/424 976/1101/424 977/1102/424 965/1089/424
f 965/1089/425 977/1102/425 978/1103/425 966/1090/425
f 966/1090/426 978/1103/426 979/1104/426 967/1091/426
f 967/1091/427 979/1104/427 980/1105/427 968/1092/427
f 968/1092/428 980/1105/428 969/1093/428 957/1080/428
f 969/1093/429 981/1106/429 982/1107/429 970/1094/429
f 970/1094/430 982/1107/430 983/1108/430 971/1095/430
f 971/1095/431 983/1108/431 984/1109/431 972/1096/431
f 972/1096/432 984/1109/432 985/1110/432 973/1097/432
f 973/1097/433 985/1110/433 986/1111/433 974/1098/433
f 974/1098/434 986/1111/434 987/1112/434 975/1099/434
f 975/1100/435 987/1113/435 988/1114/435 976/1101/435
f 976/1101/436 988/1114/436 989/1115/436 977/1102/436
f 977/1102/437 989/1115/437 990/1116/437 978/1103/437
f 978/1103/438 990/1116/438 991/1117/438 979/1104/438
f 979/1104/439 991/1117/439 992/1118/439 980/1105/439
f 980/1105/440 992/1118/440 981/1106/440 969/1093/440
f 981/1106/441 993/1119/441 994/1120/441 982/1107/441
f 982/1107/442 994/1120/442 995/1121/442 983/1108/442
f 983/1108/443 995/1121/443 996/1122/443 984/1109/443
f 984/1109/444 996/1122/444 997/1123/444 985/1110/444
f 985/1110/445 997/1123/445 998/1124/445 986/1111/445
f 986/1111/446 998/1124/446 999/1125/446 987/1112/446
f 987/1113/447 999/1126/447 1000/1127/447 988/1114/447
f 988/1114/448 1000/1127/448 1001/1128/448 989/1115/448
f 989/1115/449 1001/1128/449 1002/1129/449 990/1116/449
f 990/1116/450 1002/1129/450 1003/1130/450 991/1117/450
f 991/1117/451 1003/1130/451 1004/1131/451 992/1118/451
f 992/1118/452 1004/1131/452 993/1119/452 981/1106/452
f 993/1119/453 1005/1132/453 1006/1133/453 994/1120/453
f 994/1120/454 1006/1133/454 1007/1134/454 995/1121/454
f 995/1121/455 1007/1134/455 1008/1135/455 996/1122/455
f 996/1122/456 1008/1135/456 1009/1136/456 997/1123/456
f 997/1123/457 1009/1136/457 1010/1137/457 998/1124/457
f 998/1124/458 1010/1137/458 1011/1138/458 999/1125/458
f 999/1126/459 1011/1139/459 1012/1140/459 1000/1127/459
f 1000/1127/460 1012/1140/460 1013/1141/460 1001/1128/460
f 1001/1128/461 1013/1141/461 1014/1142/461 1002/1129/461
f 1002/1129/462 1014/1142/462 1015/1143/462 1003/1130/462
f 1003/1130/463 1015/1143/463 1016/1144/463 1004/1131/463
f 1004/1131/464 1016/1144/464 1005/1132/464 993/1119/464
f 1005/1132/465 1017/1145/465 1018/1146/465 1006/1133/465
f 1006/1133/466 1018/1146/466 1019/1147/466 1007/1134/466
f 1007/1134/467 1019/1147/467 1020/1148/467 1008/1135/467
f 1008/1135/468 1020/1148/468 1021/1149/468 1009/1136/468
f 1009/1136/469 1021/1149/469 1022/1150/469 1010/1137/469
f 1010/1137/470 1022/1150/470 1023/1151/470 1011/1138/470
f 1011/1139/471 1023/1152/471 1024/1153/471 1012/1140/471
f 1012/1140/472 1024/1153/472 1025/1154/472 1013/1141/472
f 1013/1141/473 1025/1154/473 1026/1155/473 1014/1142/473
f 1014/1142/474 1026/1155/474 1027/1156/474 1015/1143/474
f 1015/1143/475 1027/1156/475 1028/1157/475 1016/1144/475
f 1016/1144/476 1028/1157/476 1017/1145/476 1005/1132/476
f 1017/1145/477 1029/1158/477 1030/1159/477 1018/1146/477
f 1018/1146/478 1030/1159/478 1031/1160/478 1019/1147/478
f 1019/1147/479 1031/1160/479 1032/1161/479 1020/1148/479
f 1020/1148/480 1032/1161/480 1033/1162/480 1021/1149/480
f 1021/1149/481 1033/1162/481 1034/1163/481 1022/1150/481
f 1022/1150/482 1034/1163/482 1035/1164/482 1023/1151/482
f 1023/1152/483 1035/1165/483 1036/1166/483 1024/1153/483
f 1024/1153/484 1036/1166/484 1037/1167/484 1025/1154/484
f 1025/1154/485 1037/1167/485 1038/1168/485 1026/1155/485
f 1026/1155/486 1038/1168/486 1039/1169/486 1027/1156/486
f 1027/1156/487 1039/1169/487 1040/1170/487 1028/1157/487
f 1028/1157/488 1040/1170/488 1029/1158/488 1017/1145/488
f 1029/1158/489 1041/1171/489 1042/1172/489 1030/1159/489
f 1030/1159/490 1042/1172/490 1043/1173/490 1031/1160/490
f 1031/1160/491 1043/1173/491 1044/1174/491 1032/1161/491
f 1032/1161/492 1044/1174/492 1045/1175/492 1033/1162/492
f 1033/1162/493 1045/1175/493 1046/1176/493 1034/1163/493
f 1034/1163/494 1046/1176/494 1047/1177/494 1035/1164/494
f 1035/1165/495 1047/1178/495 1048/1179/495 1036/1166/495
f 1036/1166/496 1048/1179/496 1049/1180/496 1037/1167/496
f 1037/1167/497 1049/1180/497 1050/1181/497 1038/1168/497
f 1038/1168/498 1050/1181/498 1051/1182/498 1039/1169/498
f 1039/1169/499 1051/1182/499 1052/1183/499 1040/1170/499
f 1040/1170/500 1052/1183/500 1041/1171/500 1029/1158/500
f 1041/1171/501 1053/1184/501 1054/1185/501 1042/1172/501
f 1042/1172/502 1054/1185/502 1055/1186/502 1043/1173/502
f 1043/1173/503 1055/1186/503 1056/1187/503 1044/1174/503
f 1044/1174/504 1056/1187/504 1057/1188/504 1045/1175/504
f 1045/1175/505 1057/1188/505 1058/1189/505 1046/1176/505
f 1046/1176/506 1058/1189/506 1059/1190/506 1047/1177/506
f 1047/1178/507 1059/1191/507 1060/1192/507 1048/1179/507
f 1048/1179/508 1060/1192/508 1061/1193/508 1049/1180/508
f 1049/1180/509 1061/1193/509 1062/1194/509 1050/1181/509
f 1050/1181/510 1062/1194/510 1063/1195/510 1051/1182/510
f 1051/1182/511 1063/1195/511 1064/1196/511 1052/1183/511
f 1052/1183/512 1064/1196/512 1053/1184/512 1041/1171/512
f 1053/1184/513 1065/1197/513 1066/1198/513 1054/1185/513
f 1054/1185/514 1066/1198/514 1067/1199/514 1055/1186/514
f 1055/1186/515 1067/1199/515 1068/1200/515 1056/1187/515
f 1056/1187/516 1068/1200/516 1069/1201/516 1057/1188/516
f 1057/1188/517 1069/1201/517 1070/1202/517 1058/1189/517
f 1058/1189/518 1070/1202/518 1071/1203/518 1059/1190/518
f 1059/1191/519 1071/1204/519 1072/1205/519 1060/1192/519
f 1060/1192/520 1072/1205/520 1073/1206/520 1061/1193/520
f 1061/1193/521 1073/1206/521 1074/1207/521 1062/1194/521
f 1062/1194/522 1074/1207/522 1075/1208/522 1063/1195/522
f 1063/1195/523 1075/1208/523 1076/1209/523 1064/1196/523
f 1064/1196/524 1076/1209/524 1065/1197/524 1053/1184/524
f 1065/1197/525 1077/1210/525 1078/1211/525 1066/1198/525
f 1066/1198/526 1078/1211/526 1079/1212/526 1067/1199/526
f 1067/1199/527 1079/1212/527 1080/1213/527 1068/1200/527
f 1068/1200/528 1080/1213/528 1081/1214/528 1069/1201/528
f 1069/1201/529 1081/1214/529 1082/1215/529 1070/1202/529
f 1070/1202/530 1082/1215/530 1083/1216/530 1071/1203/530
f 1071/1204/531 1083/1217/531 1084/1218/531 1072/1205/531
f 1072/1205/532 1084/1218/532 1085/1219/532 1073/1206/532
f 1073/1206/533 1085/1219/533 1086/1220/533 1074/1207/533
f 1074/1207/534 1086/1220/534 1087/1221/534 1075/1208/534
f 1075/1208/535 1087/1221/535 1088/1222/535 1076/1209/535
f 1076/1209/536 1088/1222/536 1077/1210/536 1065/1197/536
f 1077/1210/537 1089/1223/537 1090/1224/537 1078/1211/537
f 1078/1211/538 1090/1224/538 1091/1225/538 1079/1212/538
f 1079/1212/539 1091/1225/539 1092/1226/539 1080/1213/539
f 1080/1213/540 1092/1226/540 1093/1227/540 1081/1214/540
f 1081/1214/541 1093/1227/541 1094/1228/541 1082/1215/541
f 1082/1215/542 1094/1228/542 1095/1229/542 1083/1216/542
f 1083/1217/543 1095/1230/543 1096/1231/543 1084/1218/543
f 1084/1218/544 1096/1231/544 1097/1232/544 1085/1219/544
f 1085/1219/545 1097/1232/545 1098/1233/545 1086/1220/545
f 1086/1220/546 1098/1233/546 1099/1234/546 1087/1221/546
f 1087/1221/547 1099/1234/547 1100/1235/547 1088/1222/547
f 1088/1222/548 1100/1235/548 1089/1223/548 1077/1210/548
f 1089/1223/549 1101/1236/549 1102/1237/549 1090/1224/549
f 1090/1224/550 1102/1237/550 1103/1238/550 1091/1225/550
f 1091/1225/551 1103/1238/551 1104/1239/551 1092/1226/551
f 1092/1226/552 1104/1239/552 1105/1240/552 1093/1227/552
f 1093/1227/553 1105/1240/553 1106/1241/553 1094/1228/553
f 1094/1228/554 1106/1241/554 1107/1242/554 1095/1229/554
f 1095/1230/555 1107/1243/555 1108/1244/555 1096/1231/555
f 1096/1231/556 1108/1244/556 1109/1245/556 1097/1232/556
f 1097/1232/557 1109/1245/557 1110/1246/557 1098/1233/557
f 1098/1233/558 1110/1246/558 1111/1247/558 1099/1234/558
f 1099/1234/559 1111/1247/559 1112/1248/559 1100/1235/559
f 1100/1235/560 1112/1248/560 1101/1236/560 1089/1223/560
f 1101/1236/561 1113/1249/561 1114/1250/561 1102/1237/561
f 1102/1237/562 1114/1250/562 1115/1251/562 1103/1238/562
f 1103/1238/563 1115/1251/563 1116/1252/563 1104/1239/563
f 1104/1239/564 1116/1252/564 1117/1253/564 1105/1240/564
f 1105/1240/565 1117/1253/565 1118/1254/565 1106/1241/565
f 1106/1241/566 1118/1254/566 1119/1255/566 1107/1242/566
f 1107/1243/567 1119/1256/567 1120/1257/567 1108/1244/567
f 1108/1244/568 1120/1257/568 1121/1258/568 1109/1245/568
f 1109/1245/569 1121/1258/569 1122/1259/569 1110/1246/569
f 1110/1246/570 1122/1259/570 1123/1260/570 1111/1247/570
f 1111/1247/571 1123/1260/571 1124/1261/571 1112/1248/571
f 1112/1248/572 1124/1261/572 1113/1249/572 1101/1236/572
f 1113/1249/573 1125/1262/573 1126/1263/573 1114/1250/573
f 1114/1250/574 1126/1263/574 1127/1264/574 1115/1251/574
f 1115/1251/575 1127/1264/575 1128/1265/575 1116/1252/575
f 1116/1252/576 1128/1265/576 1129/1266/576 1117/1253/576
f 1117/1253/577 1129/1266/577 1130/1267/577 1118/1254/577
f 1118/1254/578 1130/1267/578 1131/1268/578 1119/1255/578
f 1119/1256/579 1131/1269/579 1132/1270/579 1120/1257/579
f 1120/1257/580 1132/1270/580 1133/1271/580 1121/1258/580
f 1121/1258/581 1133/1271/581 1134/1272/581 1122/1259/581
f 1122/1259/582 1134/1272/582 1135/1273/582 1123/1260/582
f 1123/1260/583 1135/1273/583 1136/1274/583 1124/1261/583
f 1124/1261/584 1136/1274/584 1125/1262/584 1113/1249/584
f 1125/1262/585 1137/1275/585 1138/1276/585 1126/1263/585
f 1126/1263/586 1138/1276/586 1139/1277/586 1127/1264/586
f 1127/1264/587 1139/1277/587 1140/1278/587 1128/1265/587
f 1128/1265/588 1140/1278/588 1141/1279/588 1129/1266/588
f 1129/1266/589 1141/1279/589 1142/1280/589 1130/1267/589
f 1130/1267/590 1142/1280/590 1143/1281/590 1131/1268/590
f 1131/1269/591 1143/1282/591 1144/1283/591 1132/1270/591
f 1132/1270/592 1144/1283/592 1145/1284/592 1133/1271/592
f 1133/1271/593 1145/1284/593 1146/1285/593 1134/1272/593
f 1134/1272/594 1146/1285/594 1147/1286/594 1135/1273/594
f 1135/1273/595 1147/1286/595 1148/1287/595 1136/1274/595
f 1136/1274/596 1148/1287/596 1137/1275/596 1125/1262/596
f 1137/1275/597 1149/1288/597 1150/1289/597 1138/1276/597
f 1138/1276/598 1150/1289/598 1151/1290/598 1139/1277/598
f 1139/1277/599 1151/1290/599 1152/1291/599 1140/1278/599
f 1140/1278/600 1152/1291/600 1153/1292/600 1141/1279/600
f 1141/1279/601 1153/1292/601 1154/1293/601 1142/1280/601
f 1142/1280/602 1154/1293/602 1155/1294/602 1143/1281/602
f 1143/1282/603 1155/1295/603 1156/1296/603 1144/1283/603
f 1144/1283/604 1156/1296/604 1157/1297/604 1145/1284/604
f 1145/1284/605 1157/1297/605 1158/1298/605 1146/1285/605
f 1146/1285/606 1158/1298/606 1159/1299/606 1147/1286/606
f 1147/1286/607 1159/1299/607 1160/1300/607 1148/1287/607
f 1148/1287/608 1160/1300/608 1149/1288/608 1137/1275/608
f 1149/1288/609 1161/1301/609 1162/1302/609 1150/1289/609
f 1150/1289/610 1162/1302/610 1163/1303/610 1151/1290/610
f 1151/1290/611 1163/1303/611 1164/1304/611 1152/1291/611
f 1152/1291/612 1164/1304/612 1165/1305/612 1153/1292/612
f 1153/1292/613 1165/1305/613 1166/1306/613 1154/1293/613
f 1154/1293/614 1166/1306/614 1167/1307/614 1155/1294/614
f 1155/1295/615 1167/1308/615 1168/1309/615 1156/1296/615
f 1156/1296/616 1168/1309/616 1169/1310/616 1157/1297/616
f 1157/1297/617 1169/1310/617 1170/1311/617 1158/1298/617
f 1158/1298/618 1170/1311/618 1171/1312/618 1159/1299/618
f 1159/1299/619 1171/1312/619 1172/1313/619 1160/1300/619
f 1160/1300/620 1172/1313/620 1161/1301/620 1149/1288/620
f 1161/1301/621 1173/1314/621 1174/1315/621 1162/1302/621
f 1162/1302/622 1174/1315/622 1175/1316/622 1163/1303/622
f 1163/1303/623 1175/1316/623 1176/1317/623 1164/1304/623
f 1164/1304/624 1176/1317/624 1177/1318/624 1165/1305/624
f 1165/1305/625 1177/1318/625 1178/1319/625 1166/1306/625
f 1166/1306/626 1178/1319/626 1179/1320/626 1167/1307/626
f 1167/1308/627 1179/1321/627 1180/1322/627 1168/1309/627
f 1168/1309/628 1180/1322/628 1181/1323/628 1169/1310/628
f 1169/1310/629 1181/1323/629 1182/1324/629 1170/1311/629
f 1170/1311/630 1182/1324/630 1183/1325/630 1171/1312/630
f 1171/1312/631 1183/1325/631 1184/1326/631 1172/1313/631
f 1172/1313/632 1184/1326/632 1173/1314/632 1161/1301/632
f 1173/1314/633 1185/1327/633 1186/1328/633 1174/1315/633
f 1174/1315/634 1186/1328/634 1187/1329/634 1175/1316/634
f 1175/1316/635 1187/1329/635 1188/1330/635 1176/1317/635
f 1176/1317/636 1188/1330/636 1189/1331/636 1177/1318/636
f 1177/1318/637 1189/1331/637 1190/1332/637 1178/1319/637
f 1178/1319/638 1190/1332/638 1191/1333/638 1179/1320/638
f 1179/1321/639 1191/1334/639 1192/1335/639 1180/1322/639
f 1180/1322/640 1192/1335/640 1193/1336/640 1181/1323/640
f 1181/1323/641 1193/1336/641 1194/1337/641 1182/1324/641
f 1182/1324/642 1194/1337/642 1195/1338/642 1183/1325/642
f 1183/1325/643 1195/1338/643 1196/1339/643 1184/1326/643
f 1184/1326/644 1196/1339/644 1185/1327/644 1173/1314/644
f 1185/1327/645 621/703/645 622/706/645 1186/1328/645
f 1186/1328/646 622/706/646 623/708/646 1187/1329/646
f 1187/1329/647 623/708/647 624/710/647 1188/1330/647
f 1188/1330/648 624/710/648 625/712/648 1189/1331/648
f 1189/1331/649 625/712/649 626/714/649 1190/1332/649
f 1190/1332/650 626/714/650 627/716/650 1191/1333/650
f 1191/1334/651 627/717/651 628/720/651 1192/1335/651
f 1192/1335/652 628/720/652 629/722/652 1193/1336/652
f 1193/1336/653 629/722/653 630/724/653 1194/1337/653
f 1194/1337/654 630/724/654 631/726/654 1195/1338/654
f 1195/1338/655 631/726/655 632/728/655 1196/1339/655
f 1196/1339/656 632/728/656 621/703/656 1185/1327/656
f 1197/1340/81 1209/1341/81 1210/1342/81 1198/1343/81
f 1198/1343/82 1210/1342/82 1211/1344/82 1199/1345/82
f 1199/1345/83 1211/1344/83 1212/1346/83 1200/1347/83
f 1200/1347/84 1212/1346/84 1213/1348/84 1201/1349/84
f 1201/1349/85 1213/1348/85 1214/1350/85 1202/1351/85
f 1202/1351/86 1214/1350/86 1215/1352/86 1203/1353/86
f 1203/1354/87 1215/1355/87 1216/1356/87 1204/1357/87
f 1204/1357/88 1216/1356/88 1217/1358/88 1205/1359/88
f 1205/1359/89 1217/1358/89 1218/1360/89 1206/1361/89
f 1206/1361/90 1218/1360/90 1219/1362/90 1207/1363/90
f 1207/1363/91 1219/1362/91 1220/1364/91 1208/1365/91
f 1208/1365/92 1220/1364/92 1209/1341/92 1197/1340/92
f 1209/1341/93 1221/1366/93 1222/1367/93 1210/1342/93
f 1210/1342/94 1222/1367/94 1223/1368/94 1211/1344/94
f 1211/1344/95 1223/1368/95 1224/1369/95 1212/1346/95
f 1212/1346/96 1224/1369/96 1225/1370/96 1213/1348/96
f 1213/1348/97 1225/1370/97 1226/1371/97 1214/1350/97
f 1214/1350/98 1226/1371/98 1227/1372/98 1215/1352/98
f 1215/1355/99 1227/1373/99 1228/1374/99 1216/1356/99
f 1216/1356/100 1228/1374/100 1229/1375/100 1217/1358/100
f 1217/1358/101 1229/1375/101 1230/1376/101 1218/1360/101
f 1218/1360/102 1230/1376/102 1231/1377/102 1219/1362/102
f 1219/1362/103 1231/1377/103 1232/1378/103 1220/1364/103
f 1220/1364/104 1232/1378/104 1221/1366/104 1209/1341/104
f 1221/1366/105 1233/1379/105 1234/1380/105 1222/1367/105
f 1222/1367/106 1234/1380/106 1235/1381/106 1223/1368/106
f 1223/1368/107 1235/1381/107 1236/1382/107 1224/1369/107
f 1224/1369/108 1236/1382/108 1237/1383/108 1225/1370/108
f 1225/1370/109 1237/1383/109 1238/1384/109 1226/1371/109
f 1226/1371/110 1238/1384/110 1239/1385/110 1227/1372/110
f 1227/1373/111 1239/1386/111 1240/1387/111 1228/1374/111
f 1228/1374/112 1240/1387/112 1241/1388/112 1229/1375/112
f 1229/1375/113 1241/1388/113 1242/1389/113 1230/1376/113
f 1230/1376/114 1242/1389/114 1243/1390/114 1231/1377/114
f 1231/1377/115 1243/1390/115 1244/1391/115 1232/1378/115
f 1232/1378/116 1244/1391/116 1233/1379/116 1221/1366/116
f 1233/1379/117 1245/1392/117 1246/1393/117 1234/1380/117
f 1234/1380/118 1246/1393/118 1247/1394/118 1235/1381/118
f 1235/1381/119 1247/1394/119 1248/1395/119 1236/1382/119
f 1236/1382/120 1248/1395/120 1249/1396/120 1237/1383/120
f 1237/1383/121 1249/1396/121 1250/1397/121 1238/1384/121
f 1238/1384/122 1250/1397/122 1251/1398/122 1239/1385/122
f 1239/1386/123 1251/1399/123 1252/1400/123 1240/1387/123
f 1240/1387/124 1252/1400/124 1253/1401/124 1241/1388/124
f 1241/1388/125 1253/1401/125 1254/1402/125 1242/1389/125
f 1242/1389/126 1254/1402/126 1255/1403/126 1243/1390/126
f 1243/1390/127 1255/1403/127 1256/1404/127 1244/1391/127
f 1244/1391/128 1256/1404/128 1245/1392/128 1233/1379/128
f 1245/1392/129 1257/1405/129 1258/1406/129 1246/1393/129
f 1246/1393/130 1258/1406/130 1259/1407/130 1247/1394/130
f 1247/1394/131 1259/1407/131 1260/1408/131 1248/1395/131
f 1248/1395/132 1260/1408/132 1261/1409/132 1249/1396/132
f 1249/1396/133 1261/1409/133 1262/1410/133 1250/1397/133
f 1250/1397/134 1262/1410/134 1263/1411/134 1251/1398/134
f 1251/1399/135 1263/1412/135 1264/1413/135 1252/1400/135
f 1252/1400/136 1264/1413/136 1265/1414/136 1253/1401/136
f 1253/1401/137 1265/1414/137 1266/1415/137 1254/1402/137
f 1254/1402/138 1266/1415/138 1267/1416/138 1255/1403/138
f 1255/1403/139 1267/1416/139 1268/1417/139 1256/1404/139
f 1256/1404/140 1268/1417/140 1257/1405/140 1245/1392/140
f 1257/1405/141 1269/1418/141 1270/1419/141 1258/1406/141
f 1258/1406/142 1270/1419/142 1271/1420/142 1259/1407/142
f 1259/1407/143 1271/1420/143 1272/1421/143 1260/1408/143
f 1260/1408/144 1272/1421/144 1273/1422/144 1261/1409/144
f 1261/1409/145 1273/1422/145 1274/1423/145 1262/1410/145
f 1262/1410/146 1274/1423/146 1275/1424/146 1263/1411/146
f 1263/1412/147 1275/1425/147 1276/1426/147 1264/1413/147
f 1264/1413/148 1276/1426/148 1277/1427/148 1265/1414/148
f 1265/1414/149 1277/1427/149 1278/1428/149 1266/1415/149
f 1266/1415/150 1278/1428/150 1279/1429/150 1267/1416/150
f 1267/1416/151 1279/1429/151 1280/1430/151 1268/1417/151
f 1268/1417/152 1280/1430/152 1269/1418/152 1257/1405/152
f 1269/1418/153 1281/1431/153 1282/1432/153 1270/1419/153
f 1270/1419/154 1282/1432/154 1283/1433/154 1271/1420/154
f 1271/1420/155 1283/1433/155 1284/1434/155 1272/1421/155
f 1272/1421/156 1284/1434/156 1285/1435/156 1273/1422/156
f 1273/1422/157 1285/1435/157 1286/1436/157 1274/1423/157
f 1274/1423/158 1286/1436/158 1287/1437/158 1275/1424/158
f 1275/1425/159 1287/1438/159 1288/1439/159 1276/1426/159
f 1276/1426/160 1288/1439/160 1289/1440/160 1277/1427/160
f 1277/1427/161 1289/1440/161 1290/1441/161 1278/1428/161
f 1278/1428/162 1290/1441/162 1291/1442/162 1279/1429/162
f 1279/1429/163 1291/1442/163 1292/1443/163 1280/1430/163
f 1280/1430/164 1292/1443/164 1281/1431/164 1269/1418/164
f 1281/1431/165 1293/1444/165 1294/1445/165 1282/1432/165
f 1282/1432/166 1294/1445/166 1295/1446/166 1283/1433/166
f 1283/1433/167 1295/1446/167 1296/1447/167 1284/1434/167
f 1284/1434/168 1296/1447/168 1297/1448/168 1285/1435/168
f 1285/1435/169 1297/1448/169 1298/1449/169 1286/1436/169
f 1286/1436/170 1298/1449/170 1299/1450/170 1287/1437/170
f 1287/1438/171 1299/1451/171 1300/1452/171 1288/1439/171
f 1288/1439/172 1300/1452/172 1301/1453/172 1289/1440/172
f 1289/1440/173 1301/1453/173 1302/1454/173 1290/1441/173
f 1290/1441/174 1302/1454/174 1303/1455/174 1291/1442/174
f 1291/1442/175 1303/1455/175 1304/1456/175 1292/1443/175
f 1292/1443/176 1304/1456/176 1293/1444/176 1281/1431/176
f 1293/1444/177 1305/1457/177 1306/1458/177 1294/1445/177
f 1294/1445/178 1306/1458/178 1307/1459/178 1295/1446/178
f 1295/1446/179 1307/1459/179 1308/1460/179 1296/1447/179
f 1296/1447/180 1308/1460/180 1309/1461/180 1297/1448/180
f 1297/1448/181 1309/1461/181 1310/1462/181 1298/1449/181
f 1298/1449/182 1310/1462/182 1311/1463/182 1299/1450/182
f 1299/1451/183 1311/1464/183 1312/1465/183 1300/1452/183
f 1300/1452/184 1312/1465/184 1313/1466/184 1301/1453/184
f 1301/1453/185 1313/1466/185 1314/1467/185 1302/1454/185
f 1302/1454/186 1314/1467/186 1315/1468/186 1303/1455/186
f 1303/1455/187 1315/1468/187 1316/1469/187 1304/1456/187
f 1304/1456/188 1316/1469/188 1305/1457/188 1293/1444/188
f 1305/1457/189 1317/1470/189 1318/1471/189 1306/1458/189
f 1306/1458/190 1318/1471/190 1319/1472/190 1307/1459/190
f 1307/1459/191 1319/1472/191 1320/1473/191 1308/1460/191
f 1308/1460/192 1320/1473/192 1321/1474/192 1309/1461/192
f 1309/1461/193 1321/1474/193 1322/1475/193 1310/1462/193
f 1310/1462/194 1322/1475/194 1323/1476/194 1311/1463/194
f 1311/1464/195 1323/1477/195 1324/1478/195 1312/1465/195
f 1312/1465/196 1324/1478/196 1325/1479/196 1313/1466/196
f 1313/1466/197 1325/1479/197 1326/1480/197 1314/1467/197
f 1314/1467/198 1326/1480/198 1327/1481/198 1315/1468/198
f 1315/1468/199 1327/1481/199 1328/1482/199 1316/1469/199
f 1316/1469/200 1328/1482/200 1317/1470/200 1305/1457/200
f 1317/1470/201 1329/1483/201 1330/1484/201 1318/1471/201
f 1318/1471/202 1330/1484/202 1331/1485/202 1319/1472/202
f 1319/1472/203 1331/1485/203 1332/1486/203 1320/1473/203
f 1320/1473/204 1332/1486/204 1333/1487/204 1321/1474/204
f 1321/1474/205 1333/1487/205 1334/1488/205 1322/1475/205
f 1322/1475/206 1334/1488/206 1335/1489/206 1323/1476/206
f 1323/1477/207 1335/1490/207 1336/1491/207 1324/1478/207
f 1324/1478/208 1336/1491/208 1337/1492/208 1325/1479/208
f 1325/1479/209 1337/1492/209 1338/1493/209 1326/1480/209
f 1326/1480/210 1338/1493/210 1339/1494/210 1327/1481/210
f 1327/1481/211 1339/1494/211 1340/1495/211 1328/1482/211
f 1328/1482/212 1340/1495/212 1329/1483/212 1317/1470/212
f 1329/1483/213 1341/1496/213 1342/1497/213 1330/1484/213
f 1330/1484/214 1342/1497/214 1343/1498/214 1331/1485/214
f 1331/1485/215 1343/1498/215 1344/1499/215 1332/1486/215
f 1332/1486/216 1344/1499/216 1345/1500/216 1333/1487/216
f 1333/1487/217 1345/1500/217 1346/1501/217 1334/1488/217
f 1334/1488/218 1346/1501/218 1347/1502/218 1335/1489/218
f 1335/1490/219 1347/1503/219 1348/1504/219 1336/1491/219
f 1336/1491/220 1348/1504/220 1349/1505/220 1337/1492/220
f 1337/1492/221 1349/1505/221 1350/1506/221 1338/1493/221
f 1338/1493/222 1350/1506/222 1351/1507/222 1339/1494/222
f 1339/1494/223 1351/1507/223 1352/1508/223 1340/1495/223
f 1340/1495/224 1352/1508/224 1341/1496/224 1329/1483/224
f 1341/1496/225 1353/1509/225 1354/1510/225 1342/1497/225
f 1342/1497/226 1354/1510/226 1355/1511/226 1343/1498/226
f 1343/1498/227 1355/1511/227 1356/1512/227 1344/1499/227
f 1344/1499/228 1356/1512/228 1357/1513/228 1345/1500/228
f 1345/1500/229 1357/1513/229 1358/1514/229 1346/1501/229
f 1346/1501/230 1358/1514/230 1359/1515/230 1347/1502/230
f 1347/1503/231 1359/1516/231 1360/1517/231 1348/1504/231
f 1348/1504/232 1360/1517/232 1361/1518/232 1349/1505/232
f 1349/1505/233 1361/1518/233 1362/1519/233 1350/1506/233
f 1350/1506/234 1362/1519/234 1363/1520/234 1351/1507/234
f 1351/1507/235 1363/1520/235 1364/1521/235 1352/1508/235
f 1352/1508/236 1364/1521/236 1353/1509/236 1341/1496/236
f 1353/1509/237 1365/1522/237 1366/1523/237 1354/1510/237
f 1354/1510/238 1366/1523/238 1367/1524/238 1355/1511/238
f 1355/1511/239 1367/1524/239 1368/1525/239 1356/1512/239
f 1356/1512/240 1368/1525/240 1369/1526/240 1357/1513/240
f 1357/1513/241 1369/1526/241 1370/1527/241 1358/1514/241
f 1358/1514/242 1370/1527/242 1371/1528/242 1359/1515/242
f 1359/1516/243 1371/1529/243 1372/1530/243 1360/1517/243
f 1360/1517/244 1372/1530/244 1373/1531/244 1361/1518/244
f 1361/1518/245 1373/1531/245 1374/1532/245 1362/1519/245
f 1362/1519/246 1374/1532/246 1375/1533/246 1363/1520/246
f 1363/1520/247 1375/1533/247 1376/1534/247 1364/1521/247
f 1364/1521/248 1376/1534/248 1365/1522/248 1353/1509/248
f 1365/1522/249 1377/1535/249 1378/1536/249 1366/1523/249
f 1366/1523/250 1378/1536/250 1379/1537/250 1367/1524/250
f 1367/1524/251 1379/1537/251 1380/1538/251 1368/1525/251
f 1368/1525/252 1380/1538/252 1381/1539/252 1369/1526/252
f 1369/1526/253 1381/1539/253 1382/1540/253 1370/1527/253
f 1370/1527/254 1382/1540/254 1383/1541/254 1371/1528/254
f 1371/1529/255 1383/1542/255 1384/1543/255 1372/1530/255
f 1372/1530/256 1384/1543/256 1385/1544/256 1373/1531/256
f 1373/1531/257 1385/1544/257 1386/1545/257 1374/1532/257
f 1374/1532/258 1386/1545/258 1387/1546/258 1375/1533/258
f 1375/1533/259 1387/1546/259 1388/1547/259 1376/1534/259
f 1376/1534/260 1388/1547/260 1377/1535/260 1365/1522/260
f 1377/1535/261 1389/1548/261 1390/1549/261 1378/1536/261
f 1378/1536/262 1390/1549/262 1391/1550/262 1379/1537/262
f 1379/1537/263 1391/1550/263 1392/1551/263 1380/1538/263
f 1380/1538/264 1392/1551/264 1393/1552/264 1381/1539/264
f 1381/1539/265 1393/1552/265 1394/1553/265 1382/1540/265
f 1382/1540/266 1394/1553/266 1395/1554/266 1383/1541/266
f 1383/1542/267 1395/1555/267 1396/1556/267 1384/1543/267
f 1384/1543/268 1396/1556/268 1397/1557/268 1385/1544/268
f 1385/1544/269 1397/1557/269 1398/1558/269 1386/1545/269
f 1386/1545/270 1398/1558/270 1399/1559/270 1387/1546/270
f 1387/1546/271 1399/1559/271 1400/1560/271 1388/1547/271
f 1388/1547/272 1400/1560/272 1389/1548/272 1377/1535/272
f 1389/1548/273 1401/1561/273 1402/1562/273 1390/1549/273
f 1390/1549/274 1402/1562/274 1403/1563/274 1391/1550/274
f 1391/1550/275 1403/1563/275 1404/1564/275 1392/1551/275
f 1392/1551/276 1404/1564/276 1405/1565/276 1393/1552/276
f 1393/1552/277 1405/1565/277 1406/1566/277 1394/1553/277
f 1394/1553/278 1406/1566/278 1407/1567/278 1395/1554/278
f 1395/1555/279 1407/1568/279 1408/1569/279 1396/1556/279
f 1396/1556/280 1408/1569/280 1409/1570/280 1397/1557/280
f 1397/1557/281 1409/1570/281 1410/1571/281 1398/1558/281
f 1398/1558/282 1410/1571/282 1411/1572/282 1399/1559/282
f 1399/1559/283 1411/1572/283 1412/1573/283 1400/1560/283
f 1400/1560/284 1412/1573/284 1401/1561/284 1389/1548/284
f 1401/1561/285 1413/1574/285 1414/1575/285 1402/1562/285
f 1402/1562/286 1414/1575/286 1415/1576/286 1403/1563/286
f 1403/1563/287 1415/1576/287 1416/1577/287 1404/1564/287
f 1404/1564/288 1416/1577/288 1417/1578/288 1405/1565/288
f 1405/1565/289 1417/1578/289 1418/1579/289 1406/1566/289
f 1406/1566/290 1418/1579/290 1419/1580/290 1407/1567/290
f 1407/1568/291 1419/1581/291 1420/1582/291 1408/1569/291
f 1408/1569/292 1420/1582/292 1421/1583/292 1409/1570/292
f 1409/1570/293 1421/1583/293 1422/1584/293 1410/1571/293
f 1410/1571/294 1422/1584/294 1423/1585/294 1411/1572/294
f 1411/1572/295 1423/1585/295 1424/1586/295 1412/1573/295
f 1412/1573/296 1424/1586/296 1413/1574/296 1401/1561/296
f 1413/1574/297 1425/1587/297 1426/1588/297 1414/1575/297
f 1414/1575/298 1426/1588/298 1427/1589/298 1415/1576/298
f 1415/1576/299 1427/1589/299 1428/1590/299 1416/1577/299
f 1416/1577/300 1428/1590/300 1429/1591/300 1417/1578/300
f 1417/1578/301 1429/1591/301 1430/1592/301 1418/1579/301
f 1418/1579/302 1430/1592/302 1431/1593/302 1419/1580/302
f 1419/1581/303 1431/1594/303 1432/1595/303 1420/1582/303
f 1420/1582/304 1432/1595/304 1433/1596/304 1421/1583/304
f 1421/1583/305 1433/1596/305 1434/1597/305 1422/1584/305
f 1422/1584/306 1434/1597/306 1435/1598/306 1423/1585/306
f 1423/1585/307 1435/1598/307 1436/1599/307 1424/1586/307
f 1424/1586/308 1436/1599/308 1425/1587/308 1413/1574/308
f 1425/1587/309 1437/1600/309 1438/1601/309 1426/1588/309
f 1426/1588/310 1438/1601/310 1439/1602/310 1427/1589/310
f 1427/1589/311 1439/1602/311 1440/1603/311 1428/1590/311
f 1428/1590/312 1440/1603/312 1441/1604/312 1429/1591/312
f 1429/1591/313 1441/1604/313 1442/1605/313 1430/1592/313
f 1430/1592/314 1442/1605/314 1443/1606/314 1431/1593/314
f 1431/1594/315 1443/1607/315 1444/1608/315 1432/1595/315
f 1432/1595/316 1444/1608/316 1445/1609/316 1433/1596/316
f 1433/1596/317 1445/1609/317 1446/1610/317 1434/1597/317
f 1434/1597/318 1446/1610/318 1447/1611/318 1435/1598/318
f 1435/1598/319 1447/1611/319 1448/1612/319 1436/1599/319
f 1436/1599/320 1448/1612/320 1437/1600/320 1425/1587/320
f 1437/1600/321 1449/1613/321 1450/1614/321 1438/1601/321
f 1438/1601/322 1450/1614/322 1451/1615/322 1439/1602/322
f 1439/1602/323 1451/1615/323 1452/1616/323 1440/1603/323
f 1440/1603/324 1452/1616/324 1453/1617/324 1441/1604/324
f 1441/1604/325 1453/1617/325 1454/1618/325 1442/1605/325
f 1442/1605/326 1454/1618/326 1455/1619/326 1443/1606/326
f 1443/1607/327 1455/1620/327 1456/1621/327 1444/1608/327
f 1444/1608/328 1456/1621/328 1457/1622/328 1445/1609/328
f 1445/1609/329 1457/1622/329 1458/1623/329 1446/1610/329
f 1446/1610/330 1458/1623/330 1459/1624/330 1447/1611/330
f 1447/1611/331 1459/1624/331 1460/1625/331 1448/1612/331
f 1448/1612/332 1460/1625/332 1449/1613/332 1437/1600/332
f 1449/1613/333 1461/1626/333 1462/1627/333 1450/1614/333
f 1450/1614/334 1462/1627/334 1463/1628/334 1451/1615/334
f 1451/1615/335 1463/1628/335 1464/1629/335 1452/1616/335
f 1452/1616/336 1464/1629/336 1465/1630/336 1453/1617/336
f 1453/1617/337 1465/1630/337 1466/1631/337 1454/1618/337
f 1454/1618/338 1466/1631/338 1467/1632/338 1455/1619/338
f 1455/1620/339 1467/1633/339 1468/1634/339 1456/1621/339
f 1456/1621/340 1468/1634/340 1469/1635/340 1457/1622/340
f 1457/1622/341 1469/1635/341 1470/1636/341 1458/1623/341
f 1458/1623/342 1470/1636/342 1471/1637/342 1459/1624/342
f 1459/1624/343 1471/1637/343 1472/1638/343 1460/1625/343
f 1460/1625/344 1472/1638/344 1461/1626/344 1449/1613/344
f 1461/1626/345 1473/1639/345 1474/1640/345 1462/1627/345
f 1462/1627/346 1474/1640/346 1475/1641/346 1463/1628/346
f 1463/1628/347 1475/1641/347 1476/1642/347 1464/1629/347
f 1464/1629/348 1476/1642/348 1477/1643/348 1465/1630/348
f 1465/1630/349 1477/1643/349 1478/1644/349 1466/1631/349
f 1466/1631/350 1478/1644/350 1479/1645/350 1467/1632/350
f 1467/1633/351 1479/1646/351 1480/1647/351 1468/1634/351
f 1468/1634/352 1480/1647/352 1481/1648/352 1469/1635/352
f 1469/1635/353 1481/1648/353 1482/1649/353 1470/1636/353
f 1470/1636/354 1482/1649/354 1483/1650/354 1471/1637/354
f 1471/1637/355 1483/1650/355 1484/1651/355 1472/1638/355
f 1472/1638/356 1484/1651/356 1473/1639/356 1461/1626/356
f 1473/1639/357 1485/1652/357 1486/1653/357 1474/1640/357
f 1474/1640/358 1486/1653/358 1487/1654/358 1475/1641/358
f 1475/1641/359 1487/1654/359 1488/1655/359 1476/1642/359
f 1476/1642/360 1488/1655/360 1489/1656/360 1477/1643/360
f 1477/1643/361 1489/1656/361 1490/1657/361 1478/1644/361
f 1478/1644/362 1490/1657/362 1491/1658/362 1479/1645/362
f 1479/1646/363 1491/1659/363 1492/1660/363 1480/1647/363
f 1480/1647/364 1492/1660/364 1493/1661/364 1481/1648/364
f 1481/1648/365 1493/1661/365 1494/1662/365 1482/1649/365
f 1482/1649/366 1494/1662/366 1495/1663/366 1483/1650/366
f 1483/1650/367 1495/1663/367 1496/1664/367 1484/1651/367
f 1484/1651/368 1496/1664/368 1485/1652/368 1473/1639/368
f 1485/1665/369 1497/1666/369 1498/1667/369 1486/1668/369
f 1486/1668/370 1498/1667/370 1499/1669/370 1487/1670/370
f 1487/1670/371 1499/1669/371 1500/1671/371 1488/1672/371
f 1488/1672/372 1500/1671/372 1501/1673/372 1489/1674/372
f 1489/1674/373 1501/1673/373 1502/1675/373 1490/1676/373
f 1490/1676/374 1502/1675/374 1503/1677/374 1491/1678/374
f 1491/1679/375 1503/1680/375 1504/1681/375 1492/1682/375
f 1492/1682/376 1504/1681/376 1505/1683/376 1493/1684/376
f 1493/1684/377 1505/1683/377 1506/1685/377 1494/1686/377
f 1494/1686/378 1506/1685/378 1507/1687/378 1495/1688/378
f 1495/1688/379 1507/1687/379 1508/1689/379 1496/1690/379
f 1496/1690/380 1508/1689/380 1497/1666/380 1485/1665/380
f 1497/1666/381 1509/1691/381 1510/1692/381 1498/1667/381
f 1498/1667/382 1510/1692/382 1511/1693/382 1499/1669/382
f 1499/1669/383 1511/1693/383 1512/1694/383 1500/1671/383
f 1500/1671/384 1512/1694/384 1513/1695/384 1501/1673/384
f 1501/1673/385 1513/1695/385 1514/1696/385 1502/1675/385
f 1502/1675/386 1514/1696/386 1515/1697/386 1503/1677/386
f 1503/1680/387 1515/1698/387 1516/1699/387 1504/1681/387
f 1504/1681/388 1516/1699/388 1517/1700/388 1505/1683/388
f 1505/1683/389 1517/1700/389 1518/1701/389 1506/1685/389
f 1506/1685/390 1518/1701/390 1519/1702/390 1507/1687/390
f 1507/1687/391 1519/1702/391 1520/1703/391 1508/1689/391
f 1508/1689/392 1520/1703/392 1509/1691/392 1497/1666/392
f 1509/1691/393 1521/1704/393 1522/1705/393 1510/1692/393
f 1510/1692/394 1522/1705/394 1523/1706/394 1511/1693/394
f 1511/1693/395 1523/1706/395 1524/1707/395 1512/1694/395
f 1512/1694/396 1524/1707/396 1525/1708/396 1513/1695/396
f 1513/1695/397 1525/1708/397 1526/1709/397 1514/1696/397
f 1514/1696/398 1526/1709/398 1527/1710/398 1515/1697/398
f 1515/1698/399 1527/1711/399 1528/1712/399 1516/1699/399
f 1516/1699/400 1528/1712/400 1529/1713/400 1517/1700/400
f 1517/1700/401 1529/1713/401 1530/1714/401 1518/1701/401
f 1518/1701/402 1530/1714/402 1531/1715/402 1519/1702/402
f 1519/1702/403 1531/1715/403 1532/1716/403 1520/1703/403
f 1520/1703/404 1532/1716/404 1521/1704/404 1509/1691/404
f 1521/1704/405 1533/1717/405 1534/1718/405 1522/1705/405
f 1522/1705/406 1534/1718/406 1535/1719/406 1523/1706/406
f 1523/1706/407 1535/1719/407 1536/1720/407 1524/1707/407
f 1524/1707/408 1536/1720/408 1537/1721/408 1525/1708/408
f 1525/1708/409 1537/1721/409 1538/1722/409 1526/1709/409
f 1526/1709/410 1538/1722/410 1539/1723/410 1527/1710/410
f 1527/1711/411 1539/1724/411 1540/1725/411 1528/1712/411
f 1528/1712/412 1540/1725/412 1541/1726/412 1529/1713/412
f 1529/1713/413 1541/1726/413 1542/1727/413 1530/1714/413
f 1530/1714/414 1542/1727/414 1543/1728/414 1531/1715/414
f 1531/1715/415 1543/1728/415 1544/1729/415 1532/1716/415
f 1532/1716/416 1544/1729/416 1533/1717/416 1521/1704/416
f 1533/1717/417 1545/1730/417 1546/1731/417 1534/1718/417
f 1534/1718/418 1546/1731/418 1547/1732/418 1535/1719/418
f 1535/1719/419 1547/1732/419 1548/1733/419 1536/1720/419
f 1536/1720/420 1548/1733/420 1549/1734/420 1537/1721/420
f 1537/1721/421 1549/1734/421 1550/1735/421 1538/1722/421
f 1538/1722/422 1550/1735/422 1551/1736/422 1539/1723/422
f 1539/1724/423 1551/1737/423 1552/1738/423 1540/1725/423
f 1540/1725/424 1552/1738/424 1553/1739/424 1541/1726/424
f 1541/1726/425 1553/1739/425 1554/1740/425 1542/1727/425
f 1542/1727/426 1554/1740/426 1555/1741/426 1543/1728/426
f 1543/1728/427 1555/1741/427 1556/1742/427 1544/1729/427
f 1544/1729/428 1556/1742/428 1545/1730/428 1533/1717/428
f 1545/1730/429 1557/1743/429 1558/1744/429 1546/1731/429
f 1546/1731/430 1558/1744/430 1559/1745/430 1547/1732/430
f 1547/1732/431 1559/1745/431 1560/1746/431 1548/1733/431
f 1548/1733/432 1560/1746/432 1561/1747/432 1549/1734/432
f 1549/1734/433 1561/1747/433 1562/1748/433 1550/1735/433
f 1550/1735/434 1562/1748/434 1563/1749/434 1551/1736/434
f 1551/1737/435 1563/1750/435 1564/1751/435 1552/1738/435
f 1552/1738/436 1564/1751/436 1565/1752/436 1553/1739/436
f 1553/1739/437 1565/1752/437 1566/1753/437 1554/1740/437
f 1554/1740/438 1566/1753/438 1567/1754/438 1555/1741/438
f 1555/1741/439 1567/1754/439 1568/1755/439 1556/1742/439
f 1556/1742/440 1568/1755/440 1557/1743/440 1545/1730/440
f 1557/1743/441 1569/1756/441 1570/1757/441 1558/1744/441
f 1558/1744/442 1570/1757/442 1571/1758/442 1559/1745/442
f 1559/1745/443 1571/1758/443 1572/1759/443 1560/1746/443
f 1560/1746/444 1572/1759/444 1573/1760/444 1561/1747/444
f 1561/1747/445 1573/1760/445 1574/1761/445 1562/1748/445
f 1562/1748/446 1574/1761/446 1575/1762/446 1563/1749/446
f 1563/1750/447 1575/1763/447 1576/1764/447 1564/1751/447
f 1564/1751/448 1576/1764/448 1577/1765/448 1565/1752/448
f 1565/1752/449 1577/1765/449 1578/1766/449 1566/1753/449
f 1566/1753/450 1578/1766/450 1579/1767/450 1567/1754/450
f 1567/1754/451 1579/1767/451 1580/1768/451 1568/1755/451
f 1568/1755/452 1580/1768/452 1569/1756/452 1557/1743/452
f 1569/1756/453 1581/1769/453 1582/1770/453 1570/1757/453
f 1570/1757/454 1582/1770/454 1583/1771/454 1571/1758/454
f 1571/1758/455 1583/1771/455 1584/1772/455 1572/1759/455
f 1572/1759/456 1584/1772/456 1585/1773/456 1573/1760/456
f 1573/1760/457 1585/1773/457 1586/1774/457 1574/1761/457
f 1574/1761/458 1586/1774/458 1587/1775/458 1575/1762/458
f 1575/1763/459 1587/1776/459 1588/1777/459 1576/1764/459
f 1576/1764/460 1588/1777/460 1589/1778/460 1577/1765/460
f 1577/1765/461 1589/1778/461 1590/1779/461 1578/1766/461
f 1578/1766/462 1590/1779/462 1591/1780/462 1579/1767/462
f 1579/1767/463 1591/1780/463 1592/1781/463 1580/1768/463
f 1580/1768/464 1592/1781/464 1581/1769/464 1569/1756/464
f 1581/1769/465 1593/1782/465 1594/1783/465 1582/1770/465
f 1582/1770/466 1594/1783/466 1595/1784/466 1583/1771/466
f 1583/1771/467 1595/1784/467 1596/1785/467 1584/1772/467
f 1584/1772/468 1596/1785/468 1597/1786/468 1585/1773/468
f 1585/1773/469 1597/1786/469 1598/1787/469 1586/1774/469
f 1586/1774/470 1598/1787/470 1599/1788/470 1587/1775/470
f 1587/1776/471 1599/1789/471 1600/1790/471 1588/1777/471
f 1588/1777/472 1600/1790/472 1601/1791/472 1589/1778/472
f 1589/1778/473 1601/1791/473 1602/1792/473 1590/1779/473
f 1590/1779/474 1602/1792/474 1603/1793/474 1591/1780/474
f 1591/1780/475 1603/1793/475 1604/1794/475 1592/1781/475
f 1592/1781/476 1604/1794/476 1593/1782/476 1581/1769/476
f 1593/1782/477 1605/1795/477 1606/1796/477 1594/1783/477
f 1594/1783/478 1606/1796/478 1607/1797/478 1595/1784/478
f 1595/1784/479 1607/1797/479 1608/1798/479 1596/1785/479
f 1596/1785/480 1608/1798/480 1609/1799/480 1597/1786/480
f 1597/1786/481 1609/1799/481 1610/1800/481 1598/1787/481
f 1598/1787/482 1610/1800/482 1611/1801/482 1599/1788/482
f 1599/1789/483 1611/1802/483 1612/1803/483 1600/1790/483
f 1600/1790/484 1612/1803/484 1613/1804/484 1601/1791/484
f 1601/1791/485 1613/1804/485 1614/1805/485 1602/1792/485
f 1602/1792/486 1614/1805/486 1615/1806/486 1603/1793/486
f 1603/1793/487 1615/1806/487 1616/1807/487 1604/1794/487
f 1604/1794/488 1616/1807/488 1605/1795/488 1593/1782/488
f 1605/1795/489 1617/1808/489 1618/1809/489 1606/1796/489
f 1606/1796/490 1618/1809/490 1619/1810/490 1607/1797/490
f 1607/1797/491 1619/1810/491 1620/1811/491 1608/1798/491
f 1608/1798/492 1620/1811/492 1621/1812/492 1609/1799/492
f 1609/1799/493 1621/1812/493 1622/1813/493 1610/1800/493
f 1610/1800/494 1622/1813/494 1623/1814/494 1611/1801/494
f 1611/1802/495 1623/1815/495 1624/1816/495 1612/1803/495
f 1612/1803/496 1624/1816/496 1625/1817/496 1613/1804/496
f 1613/1804/497 1625/1817/497 1626/1818/497 1614/1805/497
f 1614/1805/498 1626/1818/498 1627/1819/498 1615/1806/498
f 1615/1806/499 1627/1819/499 1628/1820/499 1616/1807/499
f 1616/1807/500 1628/1820/500 1617/1808/500 1605/1795/500
f 1617/1808/501 1629/1821/501 1630/1822/501 1618/1809/501
f 1618/1809/502 1630/1822/502 1631/1823/502 1619/1810/502
f 1619/1810/503 1631/1823/503 1632/1824/503 1620/1811/503
f 1620/1811/504 1632/1824/504 1633/1825/504 1621/1812/504
f 1621/1812/505 1633/1825/505 1634/1826/505 1622/1813/505
f 1622/1813/506 1634/1826/506 1635/1827/506 1623/1814/506
f 1623/1815/507 1635/1828/507 1636/1829/507 1624/1816/507
f 1624/1816/508 1636/1829/508 1637/1830/508 1625/1817/508
f 1625/1817/509 1637/1830/509 1638/1831/509 1626/1818/509
f 1626/1818/510 1638/1831/510 1639/1832/510 1627/1819/510
f 1627/1819/511 1639/1832/511 1640/1833/511 1628/1820/511
f 1628/1820/512 1640/1833/512 1629/1821/512 1617/1808/512
f 1629/1821/513 1641/1834/513 1642/1835/513 1630/1822/513
f 1630/1822/514 1642/1835/514 1643/1836/514 1631/1823/514
f 1631/1823/515 1643/1836/515 1644/1837/515 1632/1824/515
f 1632/1824/516 1644/1837/516 1645/1838/516 1633/1825/516
f 1633/1825/517 1645/1838/517 1646/1839/517 1634/1826/517
f 1634/1826/518 1646/1839/518 1647/1840/518 1635/1827/518
f 1635/1828/519 1647/1841/519 1648/1842/519 1636/1829/519
f 1636/1829/520 1648/1842/520 1649/1843/520 1637/1830/520
f 1637/1830/521 1649/1843/521 1650/1844/521 1638/1831/521
f 1638/1831/522 1650/1844/522 1651/1845/522 1639/1832/522
f 1639/1832/523 1651/1845/523 1652/1846/523 1640/1833/523
f 1640/1833/524 1652/1846/524 1641/1834/524 1629/1821/524
f 1641/1834/525 1653/1847/525 1654/1848/525 1642/1835/525
f 1642/1835/526 1654/1848/526 1655/1849/526 1643/1836/526
f 1643/1836/527 1655/1849/527 1656/1850/527 1644/1837/527
f 1644/1837/528 1656/1850/528 1657/1851/528 1645/1838/528
f 1645/1838/529 1657/1851/529 1658/1852/529 1646/1839/529
f 1646/1839/530 1658/1852/530 1659/1853/530 1647/1840/530
f 1647/1841/531 1659/1854/531 1660/1855/531 1648/1842/531
f 1648/1842/532 1660/1855/532 1661/1856/532 1649/1843/532
f 1649/1843/533 1661/1856/533 1662/1857/533 1650/1844/533
f 1650/1844/534 1662/1857/534 1663/1858/534 1651/1845/534
f 1651/1845/535 1663/1858/535 1664/1859/535 1652/1846/535
f 1652/1846/536 1664/1859/536 1653/1847/536 1641/1834/536
f 1653/1847/537 1665/1860/537 1666/1861/537 1654/1848/537
f 1654/1848/538 1666/1861/538 1667/1862/538 1655/1849/538
f 1655/1849/539 1667/1862/539 1668/1863/539 1656/1850/539
f 1656/1850/540 1668/1863/540 1669/1864/540 1657/1851/540
f 1657/1851/541 1669/1864/541 1670/1865/541 1658/1852/541
f 1658/1852/542 1670/1865/542 1671/1866/542 1659/1853/542
f 1659/1854/543 1671/1867/543 1672/1868/543 1660/1855/543
f 1660/1855/544 1672/1868/544 1673/1869/544 1661/1856/544
f 1661/1856/545 1673/1869/545 1674/1870/545 1662/1857/545
f 1662/1857/546 1674/1870/546 1675/1871/546 1663/1858/546
f 1663/1858/547 1675/1871/547 1676/1872/547 1664/1859/547
f 1664/1859/548 1676/1872/548 1665/1860/548 1653/1847/548
f 1665/1860/549 1677/1873/549 1678/1874/549 1666/1861/549
f 1666/1861/550 1678/1874/550 1679/1875/550 1667/1862/550
f 1667/1862/551 1679/1875/551 1680/1876/551 1668/1863/551
f 1668/1863/552 1680/1876/552 1681/1877/552 1669/1864/552
f 1669/1864/553 1681/1877/553 1682/1878/553 1670/1865/553
f 1670/1865/554 1682/1878/554 1683/1879/554 1671/1866/554
f 1671/1867/555 1683/1880/555 1684/1881/555 1672/1868/555
f 1672/1868/556 1684/1881/556 1685/1882/556 1673/1869/556
f 1673/1869/557 1685/1882/557 1686/1883/557 1674/1870/557
f 1674/1870/558 1686/1883/558 1687/1884/558 1675/1871/558
f 1675/1871/559 1687/1884/559 1688/1885/559 1676/1872/559
f 1676/1872/560 1688/1885/560 1677/1873/560 1665/1860/560
f 1677/1873/561 1689/1886/561 1690/1887/561 1678/1874/561
f 1678/1874/562 1690/1887/562 1691/1888/562 1679/1875/562
f 1679/1875/563 1691/1888/563 1692/1889/563 1680/1876/563
f 1680/1876/564 1692/1889/564 1693/1890/564 1681/1877/564
f 1681/1877/565 1693/1890/565 1694/1891/565 1682/1878/565
f 1682/1878/566 1694/1891/566 1695/1892/566 1683/1879/566
f 1683/1880/567 1695/1893/567 1696/1894/567 1684/1881/567
f 1684/1881/568 1696/1894/568 1697/1895/568 1685/1882/568
f 1685/1882/569 1697/1895/569 1698/1896/569 1686/1883/569
f 1686/1883/570 1698/1896/570 1699/1897/570 1687/1884/570
f 1687/1884/571 1699/1897/571 1700/1898/571 1688/1885/571
f 1688/1885/572 1700/1898/572 1689/1886/572 1677/1873/572
f 1689/1886/573 1701/1899/573 1702/1900/573 1690/1887/573
f 1690/1887/574 1702/1900/574 1703/1901/574 1691/1888/574
f 1691/1888/575 1703/1901/575 1704/1902/575 1692/1889/575
f 1692/1889/576 1704/1902/576 1705/1903/576 1693/1890/576
f 1693/1890/577 1705/1903/577 1706/1904/577 1694/1891/577
f 1694/1891/578 1706/1904/578 1707/1905/578 1695/1892/578
f 1695/1893/579 1707/1906/579 1708/1907/579 1696/1894/579
f 1696/1894/580 1708/1907/580 1709/1908/580 1697/1895/580
f 1697/1895/581 1709/1908/581 1710/1909/581 1698/1896/581
f 1698/1896/582 1710/1909/582 1711/1910/582 1699/1897/582
f 1699/1897/583 1711/1910/583 1712/1911/583 1700/1898/583
f 1700/1898/584 1712/1911/584 1701/1899/584 1689/1886/584
f 1701/1899/585 1713/1912/585 1714/1913/585 1702/1900/585
f 1702/1900/586 1714/1913/586 1715/1914/586 1703/1901/586
f 1703/1901/587 1715/1914/587 1716/1915/587 1704/1902/587
f 1704/1902/588 1716/1915/588 1717/1916/588 1705/1903/588
f 1705/1903/589 1717/1916/589 1718/1917/589 1706/1904/589
f 1706/1904/590 1718/1917/590 1719/1918/590 1707/1905/590
f 1707/1906/591 1719/1919/591 1720/1920/591 1708/1907/591
f 1708/1907/592 1720/1920/592 1721/1921/592 1709/1908/592
f 1709/1908/593 1721/1921/593 1722/1922/593 1710/1909/593
f 1710/1909/594 1722/1922/594 1723/1923/594 1711/1910/594
f 1711/1910/595 1723/1923/595 1724/1924/595 1712/1911/595
f 1712/1911/596 1724/1924/596 1713/1912/596 1701/1899/596
f 1713/1912/597 1725/1925/597 1726/1926/597 1714/1913/597
f 1714/1913/598 1726/1926/598 1727/1927/598 1715/1914/598
f 1715/1914/599 1727/1927/599 1728/1928/599 1716/1915/599
f 1716/1915/600 1728/1928/600 1729/1929/600 1717/1916/600
f 1717/1916/601 1729/1929/601 1730/1930/601 1718/1917/601
f 1718/1917/602 1730/1930/602 1731/1931/602 1719/1918/602
f 1719/1919/603 1731/1932/603 1732/1933/603 1720/1920/603
f 1720/1920/604 1732/1933/604 1733/1934/604 1721/1921/604
f 1721/1921/605 1733/1934/605 1734/1935/605 1722/1922/605
f 1722/1922/606 1734/1935/606 1735/1936/606 1723/1923/606
f 1723/1923/607 1735/1936/607 1736/1937/607 1724/1924/607
f 1724/1924/608 1736/1937/608 1725/1925/608 1713/1912/608
f 1725/1925/609 1737/1938/609 1738/1939/609 1726/1926/609
f 1726/1926/610 1738/1939/610 1739/1940/610 1727/1927/610
f 1727/1927/611 1739/1940/611 1740/1941/611 1728/1928/611
f 1728/1928/612 1740/1941/612 1741/1942/612 1729/1929/612
f 1729/1929/613 1741/1942/613 1742/1943/613 1730/1930/613
f 1730/1930/614 1742/1943/614 1743/1944/614 1731/1931/614
f 1731/1932/615 1743/1945/615 1744/1946/615 1732/1933/615
f 1732/1933/616 1744/1946/616 1745/1947/616 1733/1934/616
f 1733/1934/617 1745/1947/617 1746/1948/617 1734/1935/617
f 1734/1935/618 1746/1948/618 1747/1949/618 1735/1936/618
f 1735/1936/619 1747/1949/619 1748/1950/619 1736/1937/619
f 1736/1937/620 1748/1950/620 1737/1938/620 1725/1925/620
f 1737/1938/621 1749/1951/621 1750/1952/621 1738/1939/621
f 1738/1939/622 1750/1952/622 1751/1953/622 1739/1940/622
f 1739/1940/623 1751/1953/623 1752/1954/623 1740/1941/623
f 1740/1941/624 1752/1954/624 1753/1955/624 1741/1942/624
f 1741/1942/625 1753/1955/625 1754/1956/625 1742/1943/625
f 1742/1943/626 1754/1956/626 1755/1957/626 1743/1944/626
f 1743/1945/627 1755/1958/627 1756/1959/627 1744/1946/627
f 1744/1946/628 1756/1959/628 1757/1960/628 1745/1947/628
f 1745/1947/629 1757/1960/629 1758/1961/629 1746/1948/629
f 1746/1948/630 1758/1961/630 1759/1962/630 1747/1949/630
f 1747/1949/631 1759/1962/631 1760/1963/631 1748/1950/631
f 1748/1950/632 1760/1963/632 1749/1951/632 1737/1938/632
f 1749/1951/633 1761/1964/633 1762/1965/633 1750/1952/633
f 1750/1952/634 1762/1965/634 1763/1966/634 1751/1953/634
f 1751/1953/635 1763/1966/635 1764/1967/635 1752/1954/635
f 1752/1954/636 1764/1967/636 1765/1968/636 1753/1955/636
f 1753/1955/637 1765/1968/637 1766/1969/637 1754/1956/637
f 1754/1956/638 1766/1969/638 1767/1970/638 1755/1957/638
f 1755/1958/639 1767/1971/639 1768/1972/639 1756/1959/639
f 1756/1959/640 1768/1972/640 1769/1973/640 1757/1960/640
f 1757/1960/641 1769/1973/641 1770/1974/641 1758/1961/641
f 1758/1961/642 1770/1974/642 1771/1975/642 1759/1962/642
f 1759/1962/643 1771/1975/643 1772/1976/643 1760/1963/643
f 1760/1963/644 1772/1976/644 1761/1964/644 1749/1951/644
f 1761/1964/645 1197/1340/645 1198/1343/645 1762/1965/645
f 1762/1965/646 1198/1343/646 1199/1345/646 1763/1966/646
f 1763/1966/647 1199/1345/647 1200/1347/647 1764/1967/647
f 1764/1967/648 1200/1347/648 1201/1349/648 1765/1968/648
f 1765/1968/649 1201/1349/649 1202/1351/649 1766/1969/649
f 1766/1969/650 1202/1351/650 1203/1353/650 1767/1970/650
f 1767/1971/651 1203/1354/651 1204/1357/651 1768/1972/651
f 1768/1972/652 1204/1357/652 1205/1359/652 1769/1973/652
f 1769/1973/653 1205/1359/653 1206/1361/653 1770/1974/653
f 1770/1974/654 1206/1361/654 1207/1363/654 1771/1975/654
f 1771/1975/655 1207/1363/655 1208/1365/655 1772/1976/655
f 1772/1976/656 1208/1365/656 1197/1340/656 1761/1964/656
